#{"t_start": 1788107955.4797618, "env_id": "Pendulum-v1"}
r,l,t
-864.035396,200,0.024569
-1778.290418,200,0.062842
-1107.375193,200,0.099693
-971.866091,200,0.135667
-984.501479,200,0.172095
-1542.578128,200,0.208198
-1495.388989,200,0.255643
-1240.583174,200,0.303892
-1351.312764,200,0.339843
-966.564796,200,0.376416
-1413.889047,200,0.493456
-890.690165,200,0.530316
-962.909629,200,0.566897
-1703.648596,200,0.60518
-1250.104512,200,0.643516
-1322.765439,200,0.681285
-1389.862522,200,0.717796
-880.043654,200,0.754381
-903.716009,200,0.79162
-1604.759702,200,0.827628
-891.118414,200,0.940264
-874.563179,200,0.976824
-1007.586707,200,1.013925
-1289.101476,200,1.050393
-1540.620738,200,1.08649
-1294.440321,200,1.127426
-1605.345576,200,1.165906
-1087.324288,200,1.20353
-1017.919426,200,1.24067
-1439.82431,200,1.279394
-1071.658882,200,1.39573
-1773.792704,200,1.433988
-1469.16739,200,1.472673
-1235.205471,200,1.511013
-899.297123,200,1.547605
-1030.499491,200,1.584746
-1135.315526,200,1.622987
-766.199036,200,1.659451
-1071.612797,200,1.697494
-1644.009063,200,1.737098
-1283.29298,200,1.853409
-897.824051,200,1.891268
-860.155675,200,1.92915
-1162.095253,200,1.967225
-1349.839332,200,2.006727
-1583.426331,200,2.045442
-1839.419555,200,2.082131
-1766.757663,200,2.121503
-1327.067258,200,2.159637
-1641.48394,200,2.197795
-1061.921532,200,2.316546
-1048.38113,200,2.354375
-1074.869736,200,2.392501
-1009.649386,200,2.432031
-1696.302325,200,2.471185
-861.186057,200,2.50879
-1236.015893,200,2.5452
-1267.436218,200,2.582389
-1722.999553,200,2.619705
-1297.831047,200,2.657049
-975.786646,200,2.773051
-1698.720354,200,2.811077
-1174.721672,200,2.850361
-1430.110161,200,2.88798
-1484.049765,200,2.925977
-964.513593,200,2.96361
-1458.063429,200,3.002019
-1328.556599,200,3.039806
-1396.070779,200,3.077126
-1728.397173,200,3.113827
-968.185326,200,3.228894
-1494.007469,200,3.268734
-1084.834105,200,3.307316
-1635.727661,200,3.345814
-905.465214,200,3.383973
-1692.412248,200,3.423388
-1690.001426,200,3.461944
-1556.49877,200,3.500623
-1611.530728,200,3.538635
-1514.297521,200,3.57859
-1311.834501,200,3.693474
-1189.723302,200,3.732144
-1620.836851,200,3.771743
-1354.383065,200,3.811391
-1748.212094,200,3.851169
-1256.473626,200,3.891401
-1440.615466,200,3.929113
-1621.339159,200,3.967236
-1524.671904,200,4.007201
-1700.858336,200,4.045206
-1721.607783,200,4.161277
-1623.166427,200,4.200274
-1355.774002,200,4.23933
-1259.175643,200,4.278445
-753.469925,200,4.317985
-1415.794079,200,4.356255
-966.680973,200,4.395497
-1737.703351,200,4.434272
-1729.321277,200,4.471964
-1846.866191,200,4.510807
-1345.663388,200,4.627908
-1026.234124,200,4.667303
-1314.683773,200,4.70783
-1673.203396,200,4.747295
-1082.106706,200,4.786411
-1466.598538,200,4.825464
-1755.281809,200,4.864271
-1710.615043,200,4.902914
-1647.257218,200,4.944205
-1619.379263,200,4.985555
-1758.088999,200,5.101938
-1721.989883,200,5.141707
-1705.868832,200,5.181001
-964.148535,200,5.219947
-1309.016952,200,5.259524
-1229.740942,200,5.299629
-968.904851,200,5.337882
-1744.944323,200,5.377413
-1535.412427,200,5.415836
-1063.988825,200,5.455718
-1686.818822,200,5.573814
-1618.537403,200,5.613791
-1662.777707,200,5.652103
-1542.223972,200,5.691873
-1735.279628,200,5.73117
-1376.217298,200,5.771592
-1833.926605,200,5.810571
-1237.965521,200,5.849668
-1673.383581,200,5.888504
-1489.044816,200,5.927726
-1451.083137,200,6.043368
-1455.78192,200,6.081957
-1468.944793,200,6.121479
-1045.044211,200,6.160934
-1239.013495,200,6.200926
-1520.30465,200,6.240724
-1784.802613,200,6.280055
-1674.638431,200,6.319253
-1732.993138,200,6.358455
-1768.258954,200,6.397549
-1395.504856,200,6.539555
-1743.848417,200,6.580234
-1732.481483,200,6.621683
-1473.802517,200,6.660157
-1384.083973,200,6.701493
-1408.024289,200,6.743567
-1381.918411,200,6.783972
-1384.361588,200,6.823985
-1585.429925,200,6.86509
-1431.556514,200,6.906122
-1727.466947,200,7.024552
-1470.741936,200,7.065273
-1345.93316,200,7.106336
-1291.485552,200,7.148026
-1749.565766,200,7.188745
-1593.210837,200,7.229583
-1568.132159,200,7.271024
-1389.226832,200,7.311073
-1371.942293,200,7.349473
-1471.017222,200,7.39094
-1203.65199,200,7.508592
-1800.913977,200,7.548882
-1295.785076,200,7.588706
-1554.362749,200,7.629284
-1470.09746,200,7.669262
-1696.323745,200,7.708813
-1208.455624,200,7.74998
-1688.843298,200,7.789417
-1627.837836,200,7.829094
-1572.188427,200,7.870106
-1771.234736,200,7.986663
-1434.534942,200,8.028913
-1353.067667,200,8.069525
-1614.641766,200,8.110078
-1352.127555,200,8.151268
-1704.443135,200,8.19179
-1320.911604,200,8.232785
-1669.817491,200,8.272729
-1477.43012,200,8.31212
-1417.78243,200,8.353258
-1770.046385,200,8.471246
-1367.585667,200,8.511307
-1793.333973,200,8.552517
-1466.338325,200,8.595173
-1825.032092,200,8.635411
-1404.433607,200,8.676327
-1495.862075,200,8.716786
-1313.447696,200,8.756666
-1742.753299,200,8.79644
-1304.515457,200,8.8353
-1793.613286,200,8.952757
-1719.086953,200,8.994454
-1736.693071,200,9.034644
-1433.789108,200,9.075592
-1667.101452,200,9.115821
-1593.670752,200,9.155866
-1432.823467,200,9.196988
-1589.674075,200,9.238963
-1592.124178,200,9.278045
-1432.632431,200,9.320125
-1550.681395,200,9.440354
-1611.077737,200,9.481293
-1390.8363,200,9.523946
-1628.008046,200,9.564618
-1599.229725,200,9.605191
-1723.655937,200,9.6454
-1677.199456,200,9.68791
-1680.833849,200,9.729197
-1430.520289,200,9.771462
-1419.922268,200,9.813876
-1346.828208,200,9.932308
-1553.594627,200,9.975084
-1554.002212,200,10.016569
-1391.527543,200,10.057303
-1674.102753,200,10.09822
-1398.361476,200,10.140108
-1360.228155,200,10.180777
-1524.852469,200,10.221112
-1355.890958,200,10.261626
-1601.295317,200,10.30313
-1435.282178,200,10.420807
-1740.387907,200,10.463334
-1409.560064,200,10.506113
-1306.399949,200,10.548968
-1564.707292,200,10.591137
-1572.712658,200,10.631669
-1387.969714,200,10.673878
-1297.244109,200,10.716156
-1734.833533,200,10.757612
-1550.918504,200,10.799538
-1632.130077,200,10.916652
-1663.690022,200,10.958752
-1517.592614,200,11.000494
-1534.436537,200,11.041509
-1121.556664,200,11.082757
-1549.019423,200,11.124249
-1113.830731,200,11.165687
-1628.168033,200,11.207802
-1625.439415,200,11.249614
-1455.828114,200,11.292672
-1340.456832,200,11.40981
-1384.914443,200,11.451516
-1237.032255,200,11.494377
-1199.671439,200,11.536645
-1429.61507,200,11.578792
-1269.080387,200,11.621338
-1385.124134,200,11.662932
-1231.866551,200,11.706556
-1223.546296,200,11.750005
-1033.570085,200,11.792394
-1686.515328,200,11.912922
-1705.596255,200,11.955708
-1640.850395,200,11.998517
-1526.539013,200,12.042285
-1710.579858,200,12.085816
-896.423731,200,12.128857
-1593.129185,200,12.17151
-1449.881053,200,12.213171
-1192.974559,200,12.25557
-1098.310779,200,12.298515
-1403.189481,200,12.417961
-1515.327677,200,12.46163
-1160.853478,200,12.503595
-1372.747737,200,12.54597
-1440.261867,200,12.588882
-1685.216576,200,12.630543
-1519.633175,200,12.673058
-1568.675245,200,12.714979
-1163.406267,200,12.757206
-1479.116966,200,12.798323
-1515.633212,200,12.91632
-1171.230346,200,12.960203
-1368.514214,200,13.003084
-1513.700082,200,13.045439
-1173.677319,200,13.088242
-974.445602,200,13.130759
-1509.933346,200,13.173875
-1195.685485,200,13.216752
-1597.158819,200,13.25945
-1305.997795,200,13.302613
-1128.018339,200,13.422611
-1439.704984,200,13.466242
-1508.136498,200,13.509542
-1230.900474,200,13.55388
-1401.265939,200,13.597683
-1237.160886,200,13.641868
-1347.37082,200,13.682824
-1264.99319,200,13.725531
-1597.074597,200,13.767809
-711.604936,200,13.811317
-1419.693362,200,13.931203
-1673.276507,200,13.974804
-1336.680228,200,14.017484
-1205.576669,200,14.06179
-1593.143199,200,14.104139
-1547.472375,200,14.147095
-1544.850695,200,14.190939
-1371.490529,200,14.23468
-1302.561936,200,14.277675
-1531.32549,200,14.320535
-1559.710536,200,14.444269
-1340.907064,200,14.511136
-1295.15009,200,14.555014
-1405.38158,200,14.599202
-1493.735071,200,14.642723
-1048.16117,200,14.685625
-1418.484808,200,14.729379
-1220.82476,200,14.773678
-896.004627,200,14.818454
-1375.446128,200,14.86189
-1243.126371,200,14.980035
-1311.965211,200,15.023914
-1274.742866,200,15.067897
-1103.890914,200,15.11155
-1462.580987,200,15.154541
-1201.245656,200,15.196835
-1584.723077,200,15.240843
-1175.272216,200,15.284749
-657.080754,200,15.329904
-1264.492327,200,15.373679
-1426.910188,200,15.497972
-1351.127672,200,15.542167
-1378.139027,200,15.586274
-1350.5327,200,15.630699
-1083.807493,200,15.675799
-656.039107,200,15.719394
-1330.228537,200,15.763634
-1519.981713,200,15.807072
-1473.50758,200,15.852065
-1295.275747,200,15.896913
-1496.69349,200,16.015307
-1214.170451,200,16.060635
-1403.00408,200,16.104121
-1044.53487,200,16.149186
-1316.862561,200,16.192392
-1671.967905,200,16.235902
-1429.559768,200,16.280615
-1428.079681,200,16.323721
-1024.41802,200,16.367519
-1155.949126,200,16.412541
-975.610241,200,16.53391
-1075.375066,200,16.579033
-1310.17749,200,16.624995
-1140.750852,200,16.671004
-1562.164143,200,16.717993
-1248.6095,200,16.76401
-771.426653,200,16.809648
-1075.971961,200,16.854663
-1195.074969,200,16.899511
-1539.254733,200,16.943462
-1265.835645,200,17.066433
-1222.488764,200,17.112039
-647.803162,200,17.15726
-1332.387925,200,17.201705
-1014.470056,200,17.244859
-910.817095,200,17.290627
-908.654582,200,17.336023
-1374.339221,200,17.381096
-1221.459612,200,17.426338
-1012.94953,200,17.471999
-960.438754,200,17.59513
-960.908473,200,17.642089
-659.290679,200,17.687086
-1327.935086,200,17.731658
-726.121212,200,17.777367
-1151.347768,200,17.822664
-1095.085537,200,17.867413
-1249.549027,200,17.912925
-1236.754805,200,17.958069
-939.250169,200,18.002583
-877.931079,200,18.125233
-743.542089,200,18.170866
-1388.02752,200,18.215365
-1165.219928,200,18.261389
-1092.635885,200,18.30652
-913.679324,200,18.35169
-1046.940235,200,18.396478
-1147.517534,200,18.4422
-556.075573,200,18.486818
-642.621928,200,18.532303
-1063.022,200,18.656417
-1479.473504,200,18.702694
-1041.673818,200,18.748597
-1219.142214,200,18.794432
-1209.430071,200,18.839283
-1074.887749,200,18.884792
-985.394439,200,18.929649
-1064.730499,200,18.975732
-910.133777,200,19.021512
-1177.428787,200,19.06646
-272.214823,200,19.1884
-1232.606025,200,19.234792
-905.050037,200,19.279561
-1408.120292,200,19.324778
-833.289694,200,19.370426
-1403.183324,200,19.416813
-1238.287006,200,19.462415
-994.277499,200,19.507303
-1274.473718,200,19.553227
-535.829266,200,19.599229
-1283.557725,200,19.724528
-647.850378,200,19.770789
-1052.407685,200,19.815354
-387.945204,200,19.862018
-131.593819,200,19.907071
-923.38623,200,19.952891
-940.172016,200,19.999897
-515.412443,200,20.046056
-516.858504,200,20.092147
-3.669057,200,20.137871
-132.247653,200,20.265366
-654.764373,200,20.311531
-132.39358,200,20.358804
-917.344053,200,20.407074
-873.985595,200,20.454418
-948.442233,200,20.500952
-664.66533,200,20.548356
-1094.147222,200,20.595595
-1086.812578,200,20.642792
-918.32303,200,20.689573
-1.622331,200,20.814671
-260.50931,200,20.863037
-1173.636487,200,20.910141
-687.916456,200,20.955162
-1.498646,200,21.000424
-661.125193,200,21.046516
-673.289229,200,21.092436
-1087.203051,200,21.137694
-132.542186,200,21.183187
-392.270527,200,21.228628
-934.096588,200,21.351879
-2.319772,200,21.398082
-1091.046299,200,21.446228
-132.207618,200,21.49233
-6.801811,200,21.539409
-675.39735,200,21.583876
-784.555151,200,21.630584
-132.775404,200,21.676674
-1105.465061,200,21.725865
-261.827461,200,21.77309
-528.18163,200,21.896438
-262.012979,200,21.945088
-133.956804,200,21.993874
-133.207969,200,22.045203
-819.033787,200,22.092803
-2.686858,200,22.139662
-133.734598,200,22.184943
-134.460358,200,22.230685
-944.706387,200,22.27719
-132.839874,200,22.348041
-1428.060543,200,22.475758
-1013.356416,200,22.522983
-640.91774,200,22.569139
-4.290209,200,22.61477
-262.217922,200,22.660981
-890.435669,200,22.707597
-612.870051,200,22.753134
-134.146333,200,22.800261
-132.813178,200,22.846799
-907.937027,200,22.892956
-128.705214,200,23.015535
-5.116128,200,23.062672
-820.671376,200,23.10872
-258.160082,200,23.154275
-133.308687,200,23.201152
-132.716071,200,23.248204
-4.736229,200,23.29447
-134.926248,200,23.341736
-677.347847,200,23.387136
-393.330194,200,23.433338
-134.561859,200,23.557411
-548.759542,200,23.604148
-414.132215,200,23.651681
-133.480847,200,23.69822
-265.246414,200,23.745367
-401.446959,200,23.790153
-264.565166,200,23.836558
-2.086446,200,23.884241
-128.603747,200,23.929959
-853.970451,200,23.977189
-392.516398,200,24.105389
-541.74125,200,24.152586
-595.380507,200,24.200118
-423.897343,200,24.24646
-128.089489,200,24.293251
-131.385961,200,24.341255
-132.183927,200,24.388013
-527.266972,200,24.433582
-263.926561,200,24.481986
-134.824404,200,24.529118
-646.613243,200,24.651605
-694.821453,200,24.69977
-135.648825,200,24.747191
-263.040773,200,24.79433
-131.121188,200,24.842333
-135.065078,200,24.888199
-3.174086,200,24.934887
-129.562093,200,24.982748
-1510.965346,200,25.029428
-545.492813,200,25.077047
-663.231904,200,25.204447
-2.900148,200,25.253014
-130.138425,200,25.300921
-127.489225,200,25.348696
-685.198543,200,25.395561
-422.421054,200,25.442057
-2.951225,200,25.491291
-493.715,200,25.53714
-257.692982,200,25.584716
-571.487799,200,25.632663
-134.980863,200,25.756807
-466.284612,200,25.805264
-264.739736,200,25.85361
-397.197495,200,25.900566
-2.836942,200,25.948039
-2.971994,200,25.996034
-409.052968,200,26.044497
-132.924611,200,26.091192
-394.06126,200,26.137248
-272.658509,200,26.184681
-928.918639,200,26.308782
-430.793405,200,26.355467
-134.415724,200,26.401649
-132.120043,200,26.448528
-428.848205,200,26.495132
-2.473426,200,26.542248
-266.178108,200,26.589759
-3.623406,200,26.638293
-269.995799,200,26.684542
-586.539822,200,26.73466
-523.773497,200,26.85935
-414.704334,200,26.907043
-819.950368,200,26.954559
-272.572438,200,27.002516
-284.65368,200,27.050243
-430.991175,200,27.097934
-280.364364,200,27.146769
-414.944936,200,27.193811
-270.887577,200,27.241372
-274.627393,200,27.288789
-134.485142,200,27.413363
-263.729722,200,27.462059
-2.491389,200,27.509057
-132.268264,200,27.555901
-2.684489,200,27.60301
-134.634783,200,27.650734
-135.202899,200,27.697185
-385.043257,200,27.744481
-265.907509,200,27.791721
-130.496278,200,27.838796
-595.862477,200,27.970016
-526.212904,200,28.019434
-266.443821,200,28.066948
-827.733478,200,28.115048
-254.623796,200,28.162001
-268.265755,200,28.209623
-264.964313,200,28.255949
-257.338393,200,28.303062
-265.197181,200,28.3506
-132.53143,200,28.397632
-2.721487,200,28.530042
-133.979367,200,28.579063
-130.412973,200,28.633187
-135.950156,200,28.68519
-307.649051,200,28.759334
-789.007223,200,28.807779
-391.60407,200,28.856217
-331.731184,200,28.906336
-133.599035,200,28.956328
-251.955453,200,29.004355
-400.402283,200,29.131525
-857.600832,200,29.180471
-384.572767,200,29.228345
-1073.938251,200,29.276272
-393.613514,200,29.324143
-262.003943,200,29.371985
-3.221899,200,29.419307
-931.786517,200,29.467373
-938.045169,200,29.514677
-131.329716,200,29.563276
-129.033977,200,29.686812
-131.841061,200,29.734817
-944.903055,200,29.785827
-1089.777575,200,29.833799
-1060.351376,200,29.880876
-2.958047,200,29.926711
-1049.133641,200,29.974367
-970.699329,200,30.021625
-335.960033,200,30.069249
-132.773315,200,30.11596
-138.355518,200,30.240812
-129.150433,200,30.290568
-282.319721,200,30.338923
-686.166802,200,30.388057
-257.421123,200,30.436052
-1288.922865,200,30.484591
-133.95905,200,30.531721
-270.439014,200,30.580761
-286.093612,200,30.630133
-2.516828,200,30.679389
-131.328653,200,30.810812
-132.946879,200,30.857817
-2.497299,200,30.905331
-132.394212,200,30.952993
-658.1727,200,31.000891
-1250.346471,200,31.048788
-1341.148276,200,31.097069
-431.030238,200,31.145881
-1206.297305,200,31.194269
-379.072147,200,31.241458
-1409.879786,200,31.36634
-1320.821409,200,31.413886
-1322.311173,200,31.462477
-3.898925,200,31.510451
-1230.880806,200,31.557251
-3.484112,200,31.605894
-1227.376895,200,31.653232
-1332.470057,200,31.702326
-2.576052,200,31.7528
-1069.655609,200,31.79997
-1225.781539,200,31.928486
-1351.449875,200,31.976823
-1155.225467,200,32.024571
-356.644089,200,32.074216
-1273.326105,200,32.123748
-125.817898,200,32.171399
-139.785482,200,32.218812
-1065.059345,200,32.266776
-1356.36619,200,32.313765
-250.291793,200,32.360199
-1163.816682,200,32.485413
-2.475961,200,32.532987
-1370.107118,200,32.580413
-1301.811612,200,32.627798
-1041.214492,200,32.67495
-1286.956933,200,32.72173
-138.385881,200,32.770095
-1372.917847,200,32.817208
-300.759226,200,32.863671
-1348.480029,200,32.911623
-1368.761199,200,33.038201
-1235.652258,200,33.086241
-1064.026937,200,33.134159
-1289.861802,200,33.181662
-1342.086151,200,33.229127
-4.044922,200,33.276232
-135.576048,200,33.323162
-1229.126874,200,33.372211
-1381.253298,200,33.419395
-1053.196965,200,33.467725
-1160.620465,200,33.594334
-1359.494633,200,33.643674
-1349.45167,200,33.692577
-1177.568169,200,33.74091
-1100.239567,200,33.788816
-1092.014196,200,33.836472
-1172.653367,200,33.884835
-1259.464717,200,33.932966
-3.399208,200,33.980407
-1236.945476,200,34.028481
-1341.318229,200,34.152405
-1358.833241,200,34.200824
-1249.088596,200,34.246776
-1204.060815,200,34.294302
-1323.76335,200,34.341414
-1239.761284,200,34.389252
-1406.354346,200,34.436514
-1295.906573,200,34.485463
-1410.7,200,34.532526
-1317.9764,200,34.579861
-1261.171269,200,34.704025
-1275.978125,200,34.75259
-1227.437092,200,34.800149
-1440.023528,200,34.849075
-4.305372,200,34.89617
-3.871534,200,34.943343
-829.505035,200,34.990929
-1253.812494,200,35.038709
-1499.630747,200,35.087342
-1560.984177,200,35.136248
-2.861018,200,35.260536
-1207.31673,200,35.30882
-1400.260895,200,35.356382
-1078.927285,200,35.40402
-1361.5595,200,35.452078
-1427.255305,200,35.500659
-1333.968205,200,35.549384
-1233.004536,200,35.597058
-1225.84477,200,35.644859
-1193.279451,200,35.693707
-1403.6287,200,35.819913
-1473.225623,200,35.869356
-1210.3871,200,35.917306
-1066.308636,200,35.966077
-1516.432699,200,36.015861
-1083.243411,200,36.06363
-1244.667729,200,36.113063
-1498.017653,200,36.161822
-1391.71318,200,36.210894
-1185.57385,200,36.257294
-1118.004466,200,36.411555
-1213.014776,200,36.460129
-1236.850978,200,36.507811
-1569.727739,200,36.554469
-1447.044353,200,36.60198
-3.874037,200,36.651128
-1252.795712,200,36.701204
-1350.265234,200,36.751611
-1323.011706,200,36.799274
-1494.46671,200,36.846312
-1357.191316,200,36.973246
-1405.358901,200,37.021375
-1338.526127,200,37.069114
-1492.223812,200,37.116991
-1221.368676,200,37.164167
-1377.295972,200,37.212401
-1519.181909,200,37.259201
-1498.530229,200,37.307067
-1329.475551,200,37.354937
-1510.805447,200,37.401115
-1228.410271,200,37.526685
-1416.042722,200,37.574715
-5.58442,200,37.622434
-1355.472443,200,37.669433
-1405.714352,200,37.717707
-1545.080603,200,37.764389
-1392.669554,200,37.810705
-1372.260824,200,37.858508
-1559.138723,200,37.905003
-1528.476429,200,37.951492
-1500.147407,200,38.076739
-1361.090716,200,38.123854
-1455.19867,200,38.170629
-1569.43205,200,38.217782
-1383.166983,200,38.265558
-1368.583913,200,38.312548
-1520.748167,200,38.359793
-1599.756636,200,38.407827
-1549.260143,200,38.454958
-1380.498998,200,38.504036
-1569.619271,200,38.628725
-1337.085849,200,38.677357
-1392.913535,200,38.725979
-1563.850898,200,38.774043
-1523.107207,200,38.82139
-1558.798882,200,38.867992
-1389.658323,200,38.914445
-1414.422684,200,38.962031
-1589.892885,200,39.008729
-1557.935886,200,39.055144
-1460.820015,200,39.180794
-1477.100155,200,39.228488
-1537.392358,200,39.275757
-1560.667531,200,39.323405
-1403.185873,200,39.370489
-1400.458048,200,39.417923
-1441.519987,200,39.4669
-1595.922056,200,39.514265
-1599.612196,200,39.561271
-1466.461973,200,39.608293
-1518.581447,200,39.733678
-1520.800841,200,39.781285
-1541.617696,200,39.829348
-1476.679774,200,39.876086
-1617.468991,200,39.923639
-1592.94083,200,39.97046
-1547.161404,200,40.018165
-1545.843496,200,40.065081
-1532.739951,200,40.111731
-1522.618674,200,40.158597
-1508.438652,200,40.283711
-1509.328819,200,40.332378
-1427.2556,200,40.380298
-1445.680844,200,40.427226
-1556.473699,200,40.476038
-4.021408,200,40.522754
-1561.204147,200,40.570501
-1558.278254,200,40.61789
-1518.401886,200,40.664515
-1548.576415,200,40.712201
-1584.750604,200,40.836375
-1370.931542,200,40.883786
-1526.003465,200,40.932113
-1537.301829,200,40.978736
-1481.716332,200,41.025585
-1529.658415,200,41.073914
-1530.275214,200,41.120814
-1419.185809,200,41.168546
-1571.318302,200,41.215172
-1568.526146,200,41.263361
-1486.211881,200,41.389249
-1441.234868,200,41.437944
-1484.768758,200,41.486065
-1408.311057,200,41.533318
-1473.187828,200,41.580722
-1540.476679,200,41.627743
-1585.212901,200,41.675928
-1504.700458,200,41.725374
-1399.810887,200,41.775047
-1398.157313,200,41.822447
-1380.810769,200,41.94998
-1398.837737,200,41.99698
-1310.777629,200,42.044817
-1360.774788,200,42.091396
-1319.445694,200,42.138298
-1455.751301,200,42.184629
-3.779582,200,42.230916
-4.003351,200,42.277736
-1313.609584,200,42.325518
-1188.204425,200,42.37301
-1409.538008,200,42.496991
-4.273081,200,42.544832
-1469.034601,200,42.591927
-1419.840513,200,42.638969
-1533.669694,200,42.687396
-1415.681462,200,42.734124
-1528.864178,200,42.781301
-1520.930875,200,42.829008
-1435.245159,200,42.876014
-1536.424309,200,42.923148
-1554.52482,200,43.045455
-1457.959652,200,43.093168
-1395.811832,200,43.141159
-1532.935338,200,43.187146
-1388.314454,200,43.233664
-1593.342758,200,43.281845
-1523.291837,200,43.329269
-1560.058742,200,43.376291
-1430.805043,200,43.422992
-1541.131907,200,43.469891
-1564.728287,200,43.594371
-1304.567719,200,43.642193
-1496.747323,200,43.688411
-1383.8582,200,43.735701
-1501.271838,200,43.78442
-1401.831476,200,43.831986
-1595.660904,200,43.879495
-1373.782025,200,43.926159
-1442.355174,200,43.972507
-1511.83275,200,44.019288
-3.853809,200,44.143303
-1408.774599,200,44.190647
-1303.496366,200,44.237565
-1236.955418,200,44.285257
-1256.816043,200,44.333515
-1500.72023,200,44.381253
-1206.953859,200,44.427558
-4.306226,200,44.479724
-1108.959042,200,44.545292
-1444.312277,200,44.592223
-3.802514,200,44.718173
-1530.068962,200,44.766884
-1072.60112,200,44.815329
-1518.486697,200,44.862307
-1558.676021,200,44.909148
-1187.168117,200,44.956207
-1017.332242,200,45.004332
-3.960141,200,45.051461
-4.076465,200,45.097736
-1164.421658,200,45.167492
-1215.386376,200,45.292104
-1531.250159,200,45.340489
-1588.069292,200,45.388303
-1225.239366,200,45.43593
-1204.126122,200,45.483805
-1095.607234,200,45.531497
-1564.721166,200,45.578694
-1561.306469,200,45.625576
-1567.330113,200,45.67192
-1613.977438,200,45.719749
-1577.095651,200,45.844398
-1603.267992,200,45.892736
-1539.651168,200,45.939284
-6.646255,200,45.986119
-1575.842885,200,46.032708
-1550.652768,200,46.079391
-1530.931392,200,46.126437
-389.294461,200,46.173001
-129.903182,200,46.218481
-1539.987434,200,46.265766
-1455.699703,200,46.389464
-768.209544,200,46.43766
-778.813742,200,46.486858
-1515.931718,200,46.534045
-647.517609,200,46.579959
-1611.863523,200,46.626472
-1516.745747,200,46.673002
-122.247997,200,46.722426
-374.833865,200,46.770391
-252.33301,200,46.817518
-1394.16133,200,46.941094
-244.13132,200,46.98924
-1564.075143,200,47.036328
-1550.348507,200,47.083511
-302.601985,200,47.129257
-1523.124794,200,47.175609
-1438.049009,200,47.222684
-1495.552969,200,47.269237
-127.805655,200,47.31442
-254.338224,200,47.361879
-268.062297,200,47.489296
-1504.308051,200,47.536323
-1574.353194,200,47.582991
-259.572436,200,47.629522
-378.466676,200,47.676794
-1572.238704,200,47.722616
-1491.297182,200,47.769765
-260.600247,200,47.817362
-1540.89023,200,47.864409
-271.941841,200,47.911316
-3.917271,200,48.034233
-1518.868881,200,48.082372
-2.852201,200,48.130135
-1582.072526,200,48.176101
-1500.149996,200,48.221827
-1571.989937,200,48.268847
-1430.831562,200,48.314517
-239.313958,200,48.362162
-388.650673,200,48.408557
-1554.202619,200,48.45595
-1418.434589,200,48.580274
-256.205495,200,48.627946
-2.311232,200,48.674783
-121.773711,200,48.721276
-1493.672016,200,48.767765
-1427.708728,200,48.815684
-1472.048287,200,48.862117
-128.011457,200,48.908449
-1333.404521,200,48.95529
-124.459937,200,49.00255
-1558.488947,200,49.124821
-1551.031498,200,49.173926
-1380.155992,200,49.221843
-1567.363234,200,49.269142
-126.385531,200,49.316475
-234.114486,200,49.363488
-1501.384497,200,49.410054
-3.531153,200,49.457785
-1431.206721,200,49.505153
-370.413291,200,49.55181
-249.510481,200,49.675158
-4.269991,200,49.722456
-246.762136,200,49.769037
-2.631338,200,49.815984
-122.813153,200,49.862452
-1392.397685,200,49.909095
-1392.27167,200,49.955728
-1354.966936,200,50.00395
-130.489852,200,50.051176
-1406.805686,200,50.09777
-1397.911793,200,50.226666
-244.233785,200,50.27547
-135.017001,200,50.324793
-1361.531076,200,50.373357
-363.043757,200,50.42174
-260.332866,200,50.470148
-1328.185958,200,50.519177
-1368.177687,200,50.567381
-1393.730555,200,50.616006
-267.165525,200,50.664739
-332.277101,200,50.791364
-1561.064237,200,50.839248
-2.952026,200,50.886441
-1481.603002,200,50.933368
-114.943461,200,50.980716
-259.869395,200,51.028359
-120.074112,200,51.074836
-1546.67331,200,51.122056
-121.495505,200,51.168376
-125.526628,200,51.214982
-2.685603,200,51.339667
-121.850603,200,51.385561
-1400.996339,200,51.432463
-263.099538,200,51.480409
-122.808563,200,51.528748
-1388.781331,200,51.574856
-247.571547,200,51.622533
-128.489701,200,51.670128
-133.192594,200,51.720172
-119.384707,200,51.767314
-125.248707,200,51.891662
-236.961236,200,51.941399
-266.859983,200,51.991559
-1436.63037,200,52.042174
-245.831293,200,52.090417
-1329.955806,200,52.136972
-1372.086197,200,52.184653
-121.671073,200,52.231546
-125.932874,200,52.277827
-246.323749,200,52.325088
-2.707039,200,52.449492
-128.017759,200,52.498041
-126.926058,200,52.545069
-1285.44208,200,52.59206
-253.224436,200,52.638823
-1283.804604,200,52.685949
-124.202747,200,52.733631
-1386.753408,200,52.780083
-372.68082,200,52.82655
-240.271095,200,52.873499
-1419.255897,200,52.999868
-1340.476641,200,53.047813
-246.093185,200,53.095489
-1367.856295,200,53.142406
-1407.910507,200,53.188175
-1498.044496,200,53.235942
-1.702641,200,53.283958
-251.756727,200,53.331341
-1416.528424,200,53.379074
-258.320453,200,53.425746
-4.989137,200,53.549781
-266.681289,200,53.616788
-251.240221,200,53.667811
-120.436228,200,53.713788
-1379.624182,200,53.761046
-2.040345,200,53.808853
-235.327676,200,53.855565
-1372.667084,200,53.902237
-1385.204877,200,53.950638
-1264.290938,200,53.997342
-122.616284,200,54.119298
-244.826075,200,54.16588
-1356.530054,200,54.21322
-124.979125,200,54.261254
-1350.251061,200,54.307934
-247.629145,200,54.354955
-1323.077963,200,54.401489
-2.004448,200,54.449349
-1334.995989,200,54.497093
-125.101303,200,54.543653
-245.975668,200,54.666109
-246.195306,200,54.714492
-2.675285,200,54.760957
-246.478156,200,54.806943
-121.881466,200,54.853136
-120.891117,200,54.899487
-1256.937758,200,54.946474
-1211.943747,200,54.992934
-238.66661,200,55.039864
-251.367036,200,55.085583
-125.337118,200,55.210926
-337.161083,200,55.257831
-363.597045,200,55.30435
-1221.119384,200,55.351494
-1188.925505,200,55.398407
-3.505404,200,55.445946
-291.979921,200,55.493576
-234.754378,200,55.544104
-124.184439,200,55.591829
-126.19893,200,55.639114
-240.364165,200,55.766054
-1381.30692,200,55.813758
-1330.992251,200,55.861429
-3.224603,200,55.908448
-127.518622,200,55.956549
-1226.329818,200,56.003419
-238.659945,200,56.049686
-271.218179,200,56.098146
-1250.299527,200,56.145025
-249.250351,200,56.192731
-1412.703768,200,56.316545
-1518.223773,200,56.364079
-241.246553,200,56.411637
-119.979363,200,56.45912
-1349.697105,200,56.506271
-247.205174,200,56.55334
-1253.07447,200,56.601931
-2.075272,200,56.649577
-127.826174,200,56.698787
-126.191845,200,56.747599
-353.869201,200,56.871523
-3.458024,200,56.918183
-1296.025327,200,56.966386
-313.082047,200,57.013064
-3.024682,200,57.060117
-256.976307,200,57.107482
-237.85799,200,57.154452
-123.437924,200,57.201829
-1285.416708,200,57.248551
-1298.013321,200,57.29526
-126.042808,200,57.418699
-122.047281,200,57.467024
-1186.653231,200,57.514782
-1346.943568,200,57.560786
-123.544258,200,57.608578
-124.659074,200,57.655188
-1275.262812,200,57.702019
-121.823086,200,57.749191
-321.583351,200,57.796923
-126.497338,200,57.843863
-302.791017,200,57.987163
-2.510824,200,58.034581
-255.801871,200,58.08282
-120.273406,200,58.130524
-240.394402,200,58.17842
-127.539642,200,58.22571
-239.802257,200,58.272286
-249.524441,200,58.320169
-1285.057419,200,58.368565
-124.599488,200,58.415976
-1143.475793,200,58.544801
-387.217974,200,58.592477
-1170.697328,200,58.639952
-121.82038,200,58.686848
-295.165521,200,58.733724
-2.142017,200,58.780447
-256.622599,200,58.826936
-345.705018,200,58.87531
-381.991015,200,58.923073
-117.309807,200,58.969822
-2.869664,200,59.093016
-1200.884691,200,59.140606
-257.78709,200,59.188201
-237.928578,200,59.235198
-122.055557,200,59.282299
-1274.010852,200,59.32955
-1234.113568,200,59.376572
-1259.639537,200,59.422474
-121.209585,200,59.469711
-1312.50382,200,59.517541
-121.886933,200,59.642376
-1189.52084,200,59.69093
-240.848458,200,59.738523
-2.842525,200,59.785241
-1198.338065,200,59.831967
-234.019709,200,59.879408
-126.663084,200,59.925863
-1299.704743,200,59.972509
-246.157456,200,60.019269
-1364.872153,200,60.066388
-360.533209,200,60.190692
-125.283341,200,60.238126
-1212.169113,200,60.285591
-1347.742361,200,60.332974
-1098.665924,200,60.380716
-125.265207,200,60.427297
-336.233957,200,60.474274
-119.195471,200,60.522007
-1159.167802,200,60.570138
-125.221256,200,60.616487
-126.966489,200,60.740676
-127.390582,200,60.788385
-127.952533,200,60.836028
-1318.374824,200,60.882698
-121.951734,200,60.928568
-360.42198,200,60.975964
-129.202739,200,61.024299
-1107.901302,200,61.071021
-2.272483,200,61.117326
-2.357238,200,61.164396
-120.87763,200,61.290036
-234.591874,200,61.337477
-3.338823,200,61.384857
-125.316304,200,61.431799
-3.230701,200,61.478823
-249.348751,200,61.525788
-1134.710655,200,61.572705
-5.706908,200,61.619577
-2.968038,200,61.667939
-1139.145711,200,61.716517
-2.695876,200,61.839656
-122.303518,200,61.887548
-128.005285,200,61.933921
-250.889616,200,61.980479
-1151.296337,200,62.027373
-499.940683,200,62.07406
-1059.409002,200,62.120544
-247.586365,200,62.167403
-3.226812,200,62.214208
-240.637615,200,62.261496
-1130.476395,200,62.384403
-237.312601,200,62.452347
-240.695,200,62.50654
-354.82001,200,62.552895
-119.37236,200,62.599816
-128.387856,200,62.647117
-1027.447192,200,62.694704
-898.200113,200,62.741871
-248.008194,200,62.788509
-1181.314213,200,62.834748
-231.36199,200,62.960834
-237.675242,200,63.008673
-1163.48417,200,63.056048
-282.97681,200,63.103163
-1052.35969,200,63.149345
-127.410794,200,63.195761
-1052.063544,200,63.243142
-250.639384,200,63.291066
-237.689662,200,63.336787
-248.191252,200,63.384052
-339.348921,200,63.507778
-125.068653,200,63.55534
-235.424548,200,63.602329
-1048.753305,200,63.649553
-234.432023,200,63.69651
-1048.824132,200,63.744304
-116.829254,200,63.791257
-130.619121,200,63.839317
-262.65976,200,63.886359
-127.216064,200,63.934027
-1047.060359,200,64.059854
-126.129882,200,64.107672
-126.777868,200,64.156187
-2.814787,200,64.203461
-3.377859,200,64.25078
-1002.382154,200,64.297245
-361.423077,200,64.343813
-128.016877,200,64.391462
-908.523887,200,64.439238
-246.328983,200,64.487634
-905.899501,200,64.611801
-123.520263,200,64.658945
-335.843479,200,64.706847
-385.714239,200,64.754853
-922.068886,200,64.801474
-778.862501,200,64.849488
-880.796015,200,64.89705
-3.044683,200,64.943108
-1046.117701,200,64.988748
-123.55419,200,65.036456
-121.168304,200,65.161147
-239.638827,200,65.208971
-128.71172,200,65.25591
-123.597733,200,65.302882
-234.544547,200,65.349194
-251.78774,200,65.395966
-899.859807,200,65.441587
-318.98553,200,65.488758
-245.090425,200,65.536963
-235.662755,200,65.584189
-122.860894,200,65.707467
-121.865663,200,65.755816
-438.999435,200,65.802203
-955.097502,200,65.849438
-120.774009,200,65.897774
-287.805963,200,65.944496
-241.602223,200,65.991533
-247.2285,200,66.038392
-255.84561,200,66.08543
-906.390525,200,66.132774
-124.891602,200,66.257089
-234.681244,200,66.3057
-239.703847,200,66.35194
-232.376459,200,66.399686
-126.725153,200,66.446528
-122.175796,200,66.495319
-517.301942,200,66.541806
-299.813367,200,66.589671
-3.951746,200,66.637006
-3.957958,200,66.68694
-128.766963,200,66.814662
-368.619316,200,66.862783
-129.576389,200,66.909846
-247.363689,200,66.956258
-357.356512,200,67.004513
-233.786744,200,67.050457
-120.529178,200,67.097244
-120.233528,200,67.144349
-237.135594,200,67.191519
-246.527311,200,67.237526
-120.94726,200,67.360057
-235.923143,200,67.408289
-386.961944,200,67.456871
-361.399066,200,67.504453
-3.553458,200,67.551749
-125.771022,200,67.59835
-3.699192,200,67.645516
-118.670221,200,67.693401
-631.68085,200,67.739784
-128.268071,200,67.787242
-236.847627,200,67.909949
-348.196857,200,67.957547
-3.97885,200,68.00473
-126.808155,200,68.051716
-248.889116,200,68.098564
-126.817399,200,68.145948
-127.63124,200,68.193627
-4.642764,200,68.239963
-500.055324,200,68.287044
-259.49301,200,68.334566
-513.052242,200,68.457418
-128.783959,200,68.50617
-126.832202,200,68.552863
-3.782112,200,68.600144
-119.665536,200,68.647606
-131.083114,200,68.693987
-131.714821,200,68.74098
-122.79016,200,68.787153
-761.840412,200,68.833776
-238.726048,200,68.881769
-248.636708,200,69.00655
-126.762782,200,69.053973
-365.249691,200,69.100419
-5.771275,200,69.14688
-128.949433,200,69.193551
-126.926172,200,69.241131
-124.507285,200,69.288674
-3.227223,200,69.336885
-239.919267,200,69.385054
-234.425993,200,69.432029
-122.050221,200,69.560201
-374.996373,200,69.607924
-366.490738,200,69.655837
-126.561205,200,69.702985
-1042.269806,200,69.750337
-650.031412,200,69.797985
-119.935847,200,69.845939
-125.654884,200,69.891902
-1051.538759,200,69.939792
-4.464941,200,69.986217
-126.046104,200,70.10997
-122.523929,200,70.158174
-244.181091,200,70.205385
-127.738024,200,70.25232
-389.722843,200,70.300059
-119.082197,200,70.346923
-1041.626085,200,70.395179
-3.458527,200,70.441775
-244.953194,200,70.488481
-642.06744,200,70.536008
-362.441055,200,70.658391
-248.837969,200,70.70679
-359.182537,200,70.753505
-248.476384,200,70.800293
-4.471536,200,70.847789
-779.494562,200,70.894802
-132.372183,200,70.942941
-123.318411,200,70.990413
-248.494729,200,71.037804
-128.480421,200,71.083876
-123.786129,200,71.207478
-246.502071,200,71.255482
-130.989947,200,71.302963
-4.591922,200,71.349775
-125.110856,200,71.396733
-255.551906,200,71.443576
-522.089117,200,71.515894
-121.434022,200,71.5633
-129.427447,200,71.610539
-5.419143,200,71.657392
-258.083556,200,71.784507
-129.476464,200,71.830958
-122.751049,200,71.877866
-500.531842,200,71.926016
-4.44932,200,71.973584
-254.768061,200,72.02148
-121.334644,200,72.068336
-124.140066,200,72.116614
-127.778272,200,72.163693
-127.225519,200,72.210623
-235.295129,200,72.337247
-123.291234,200,72.385098
-4.050001,200,72.432138
-422.625753,200,72.479961
-126.028313,200,72.52682
-235.242428,200,72.574331
-128.262857,200,72.621185
-129.156933,200,72.668956
-258.029872,200,72.716217
-3.941179,200,72.762735
-128.940841,200,72.886353
-4.962284,200,72.933909
-363.95637,200,72.981251
-129.936886,200,73.027277
-264.820636,200,73.073876
-245.679661,200,73.12193
-131.521876,200,73.167517
-123.307769,200,73.213757
-5.936388,200,73.261341
-372.469303,200,73.307329
-128.322207,200,73.432435
-250.971364,200,73.480955
-128.779552,200,73.527328
-243.236901,200,73.57521
-132.875101,200,73.622361
-259.011523,200,73.668359
-4.324387,200,73.715632
-369.313236,200,73.7638
-254.652724,200,73.810787
-127.097769,200,73.856996
-124.603163,200,73.982524
-127.084005,200,74.029997
-376.215492,200,74.078429
-130.56186,200,74.125171
-127.157722,200,74.172701
-127.79275,200,74.220416
-3.866321,200,74.267997
-126.602011,200,74.315968
-260.088078,200,74.362567
-360.55063,200,74.408792
-124.975531,200,74.534646
-248.475118,200,74.581992
-127.774322,200,74.630134
-130.310304,200,74.678802
-243.132311,200,74.726375
-246.057563,200,74.773875
-241.585197,200,74.821128
-122.801343,200,74.868341
-254.920068,200,74.91464
-249.307062,200,74.961667
-6.653461,200,75.087812
-126.991249,200,75.13629
-342.883082,200,75.183912
-6.230847,200,75.231184
-258.220914,200,75.277343
-120.17,200,75.325301
-246.195714,200,75.37281
-4.554045,200,75.419629
-257.599085,200,75.467357
-250.491746,200,75.514969
-129.258012,200,75.640038
-122.418875,200,75.687007
-378.381215,200,75.735094
-246.879825,200,75.782348
-394.72551,200,75.829733
-125.639962,200,75.876503
-4.841867,200,75.923768
-127.986973,200,75.970742
-123.214207,200,76.018094
-246.98801,200,76.065019
-252.011348,200,76.189081
-125.321291,200,76.236539
-251.698917,200,76.284989
-129.023937,200,76.331904
-243.806291,200,76.379428
-130.095711,200,76.425379
-128.490216,200,76.4733
-250.751406,200,76.521502
-239.792978,200,76.568306
-480.045033,200,76.614715
-127.72591,200,76.74053
-447.533817,200,76.788656
-246.210828,200,76.837068
-130.535361,200,76.883801
-126.93864,200,76.930877
-126.943998,200,76.978749
-128.195541,200,77.02679
-128.234179,200,77.073415
-4.071427,200,77.119704
-127.29149,200,77.167667
-129.036512,200,77.291399
-368.110276,200,77.33847
-2.865993,200,77.386348
-251.138759,200,77.433473
-256.288742,200,77.48196
-254.955771,200,77.529267
-128.053665,200,77.576141
-250.601528,200,77.622857
-422.845829,200,77.669972
-240.554799,200,77.71726
-369.593625,200,77.844273
-251.282191,200,77.893204
-3.944387,200,77.940387
-249.698929,200,77.987081
-366.604005,200,78.035136
-371.716507,200,78.08288
-240.3097,200,78.130943
-127.983466,200,78.178226
-253.284478,200,78.225755
-127.819867,200,78.27278
-133.776759,200,78.396401
-6.318914,200,78.443792
-253.098946,200,78.491409
-134.421057,200,78.54057
-3.562484,200,78.587855
-366.917481,200,78.634877
-128.338424,200,78.682318
-240.441383,200,78.730091
-130.280984,200,78.777648
-368.902315,200,78.823236
-250.410599,200,78.948222
-3.611342,200,78.996641
-249.670181,200,79.044346
-122.369359,200,79.09114
-125.445457,200,79.137386
-252.770632,200,79.186133
-117.206795,200,79.234104
-129.124432,200,79.282257
-261.086026,200,79.327679
-125.197756,200,79.375562
-129.502194,200,79.499612
-7.159757,200,79.546964
-3.485203,200,79.594781
-263.01319,200,79.64199
-380.607899,200,79.690144
-127.09265,200,79.737838
-240.273933,200,79.785632
-130.034016,200,79.832784
-252.583055,200,79.879667
-126.785412,200,79.927525
-370.505005,200,80.050892
-126.545446,200,80.099446
-385.058915,200,80.146288
-363.386177,200,80.195508
-361.805848,200,80.244396
-124.826394,200,80.292852
-130.15272,200,80.341748
-578.619401,200,80.390083
-256.126167,200,80.437343
-247.982738,200,80.486294
-383.076759,200,80.644288
-247.233062,200,80.692803
-256.793156,200,80.740537
-254.994064,200,80.789031
-250.839252,200,80.838321
-127.701841,200,80.886084
-385.501793,200,80.933417
-3.866726,200,80.980737
-2.924138,200,81.027947
-377.590804,200,81.07585
-129.830402,200,81.199532
-4.05389,200,81.247668
-251.12085,200,81.295174
-242.195548,200,81.340821
-254.825534,200,81.387849
-3.625917,200,81.43381
-378.510655,200,81.482271
-502.652216,200,81.52971
-490.324912,200,81.576425
-372.880879,200,81.623432
-244.293684,200,81.750291
-255.365791,200,81.798301
-253.573353,200,81.844893
-2.512509,200,81.891291
-244.930396,200,81.940455
-386.641026,200,81.990022
-2.715781,200,82.041654
-502.042153,200,82.090946
-3.342086,200,82.139013
-242.278964,200,82.18555
-252.090456,200,82.310995
-3.132674,200,82.359806
-126.819036,200,82.406359
-503.605398,200,82.453186
-367.810329,200,82.501933
-393.194172,200,82.549282
-131.404453,200,82.597396
-2.768868,200,82.644672
-242.769605,200,82.691307
-359.140941,200,82.737124
-248.88682,200,82.862147
-380.358397,200,82.909433
-130.553949,200,82.956683
-129.151552,200,83.003557
-503.677634,200,83.051573
-378.045934,200,83.098713
-247.981889,200,83.145596
-5.86395,200,83.194092
-130.724005,200,83.240892
-253.118521,200,83.288166
-617.778299,200,83.414712
-129.719735,200,83.4628
-250.353431,200,83.510881
-502.10763,200,83.55874
-501.146943,200,83.607347
-254.698519,200,83.655596
-246.853471,200,83.703595
-243.286366,200,83.749888
-247.69368,200,83.796674
-247.615187,200,83.84294
-128.204091,200,83.968203
-264.200055,200,84.016175
-252.117088,200,84.063274
-253.708162,200,84.11091
-358.828611,200,84.157644
-254.563212,200,84.203887
-243.956433,200,84.250577
-361.631717,200,84.297106
-360.75721,200,84.344318
-127.095891,200,84.391792
-378.056094,200,84.515861
-503.028198,200,84.563875
-255.169695,200,84.611134
-246.679892,200,84.658634
-251.627655,200,84.706467
-127.743647,200,84.754154
-130.345888,200,84.80146
-244.375606,200,84.848336
-632.276659,200,84.895094
-248.273874,200,84.942009
-585.218824,200,85.066503
-452.308277,200,85.113748
-618.505388,200,85.161477
-379.820619,200,85.209297
-124.700243,200,85.257486
-377.612188,200,85.305451
-744.161581,200,85.352473
-502.243541,200,85.400261
-247.260547,200,85.446658
-382.418967,200,85.493198
-250.329391,200,85.617396
-493.485368,200,85.66577
-3.387077,200,85.712203
-514.268388,200,85.758483
-128.662296,200,85.805967
-130.537596,200,85.852421
-255.888052,200,85.899332
-257.896361,200,85.946246
-247.654592,200,85.992871
-380.411904,200,86.039613
-2.806408,200,86.166146
-128.27448,200,86.214257
-128.534819,200,86.260954
-374.963176,200,86.308725
-129.044123,200,86.356101
-244.503484,200,86.402382
-245.198933,200,86.449984
-129.468201,200,86.498082
-128.38835,200,86.545377
-246.281429,200,86.592283
-382.954774,200,86.717872
-127.118218,200,86.765866
-252.285277,200,86.812623
-2.797374,200,86.860391
-125.950582,200,86.908507
-5.307237,200,86.955831
-252.170897,200,87.002822
-249.179986,200,87.049997
-372.843894,200,87.097435
-251.343898,200,87.144743
-242.987663,200,87.269084
-495.904639,200,87.316689
-382.009883,200,87.363952
-636.228358,200,87.410911
-257.434215,200,87.457772
-636.018584,200,87.50632
-549.521073,200,87.553011
-627.68505,200,87.598998
-4.372881,200,87.646416
-244.215361,200,87.694171
-2.175483,200,87.817927
-128.153957,200,87.865163
-492.591825,200,87.91192
-493.212182,200,87.958194
-370.058092,200,88.004047
-500.608474,200,88.050581
-129.27646,200,88.097756
-519.171345,200,88.14531
-243.218662,200,88.192005
-633.723508,200,88.23836
-252.556579,200,88.363529
-367.747978,200,88.412335
-128.790209,200,88.459548
-740.375581,200,88.507506
-802.889598,200,88.553208
-255.275142,200,88.601434
-3.169454,200,88.649453
-254.437495,200,88.698714
-364.321818,200,88.748001
-4.155694,200,88.795744
-249.641754,200,88.922838
-364.321967,200,88.99666
-467.813951,200,89.046113
-250.839021,200,89.09405
-3.547829,200,89.141899
-240.380665,200,89.190681
-248.827561,200,89.237791
-3.050609,200,89.285383
-256.500513,200,89.333075
-255.775068,200,89.379794
-374.184424,200,89.50698
-373.735464,200,89.556971
-361.469363,200,89.605592
-251.148223,200,89.652473
-130.578505,200,89.700517
-244.24802,200,89.747388
-367.112986,200,89.794537
-127.65341,200,89.842133
-124.356762,200,89.890174
-248.926114,200,89.938808
-252.495501,200,90.063344
-486.733019,200,90.111649
-478.729134,200,90.157658
-370.84808,200,90.206159
-351.698078,200,90.253996
-259.651064,200,90.300994
-128.051806,200,90.34797
-369.234837,200,90.395616
-248.842691,200,90.44144
-369.372825,200,90.489993
-366.148427,200,90.614432
-244.706179,200,90.662419
-372.541366,200,90.70941
-129.494983,200,90.756108
-3.02708,200,90.802462
-487.164,200,90.849039
-364.335135,200,90.896987
-488.490293,200,90.948424
-558.281182,200,90.996367
-125.480253,200,91.044191
-125.902341,200,91.168732
-755.024623,200,91.21644
-396.061963,200,91.263412
-382.027963,200,91.310199
-370.616633,200,91.357664
-471.853176,200,91.40598
-370.170666,200,91.452101
-126.307705,200,91.500385
-2.834691,200,91.547765
-245.890681,200,91.595251
-129.22457,200,91.724155
-2.477345,200,91.772176
-484.412764,200,91.820255
-3.335453,200,91.867845
-248.280425,200,91.914613
-3.704572,200,91.961299
-382.790291,200,92.008717
-122.939627,200,92.054753
-357.103583,200,92.102768
-248.026856,200,92.149861
-236.434364,200,92.273531
-365.826973,200,92.321235
-475.765367,200,92.369194
-375.843132,200,92.415675
-241.785963,200,92.462667
-3.416156,200,92.511406
-487.503401,200,92.559175
-3.13935,200,92.606911
-122.312131,200,92.652962
-478.410452,200,92.700234
-372.57016,200,92.825126
-249.853096,200,92.872096
-2.30525,200,92.919217
-617.990438,200,92.967013
-248.834286,200,93.014237
-373.326882,200,93.06119
-128.460644,200,93.107717
-490.185109,200,93.154349
-358.287811,200,93.201556
-384.651689,200,93.247998
-248.44947,200,93.371919
-5.057573,200,93.420239
-448.313861,200,93.467086
-243.887396,200,93.51611
-242.724228,200,93.563565
-367.084591,200,93.610257
-252.579126,200,93.656026
-250.595475,200,93.702915
-254.752968,200,93.750419
-387.261544,200,93.797873
-406.297337,200,93.921917
-603.977429,200,93.970183
-246.337529,200,94.018235
-483.618617,200,94.065823
-378.590405,200,94.113299
-256.405256,200,94.160437
-128.583905,200,94.208376
-240.334958,200,94.255855
-495.115325,200,94.302003
-2.084836,200,94.348919
-3.125104,200,94.474825
-439.495579,200,94.523497
-373.712713,200,94.572526
-364.569242,200,94.618349
-121.915005,200,94.665918
-257.814657,200,94.714572
-252.221067,200,94.762239
-395.962445,200,94.808916
-246.823942,200,94.856012
-252.272071,200,94.902993
-128.899528,200,95.029301
-128.126273,200,95.076596
-248.34194,200,95.123057
-129.844489,200,95.169822
-378.435068,200,95.216133
-126.903343,200,95.263343
-248.118647,200,95.310488
-123.069504,200,95.357078
-372.112188,200,95.403636
-443.34877,200,95.449841
-357.658019,200,95.577005
-374.120647,200,95.626735
-372.347164,200,95.674898
-367.420921,200,95.722684
-236.208547,200,95.770217
-125.68819,200,95.816858
-251.880651,200,95.865186
-368.107659,200,95.913802
-253.268608,200,95.960657
-248.251724,200,96.009606
-126.136902,200,96.134206
-123.218056,200,96.183187
-250.494835,200,96.23237
-251.659414,200,96.280081
-378.326183,200,96.326608
-129.382381,200,96.372829
-387.534823,200,96.419764
-129.860194,200,96.46702
-2.240644,200,96.515584
-251.355819,200,96.564097
-250.301001,200,96.689979
-493.628033,200,96.740724
-1.945589,200,96.788927
-253.623479,200,96.836052
-125.239982,200,96.882786
-246.720422,200,96.930014
-377.695836,200,96.977491
-686.662494,200,97.026722
-241.71169,200,97.074493
-253.695697,200,97.121966
-376.29581,200,97.249551
-124.491972,200,97.29724
-252.855457,200,97.344489
-118.03605,200,97.392403
-243.24191,200,97.441002
-242.973986,200,97.489303
-125.075713,200,97.537017
-131.118622,200,97.585704
-250.172869,200,97.63204
-251.958326,200,97.67829
-254.652926,200,97.802006
-254.665317,200,97.869474
-250.118817,200,97.921405
-378.502822,200,97.968039
-393.721074,200,98.015218
-253.405604,200,98.062927
-123.279332,200,98.110652
-2.090526,200,98.157346
-126.942203,200,98.204277
-365.271705,200,98.252578
-255.994441,200,98.376978
-490.521021,200,98.424469
-124.519104,200,98.47153
-127.023896,200,98.519335
-122.115569,200,98.566014
-380.927846,200,98.613782
-249.417925,200,98.661126
-123.582804,200,98.708359
-247.428922,200,98.755012
-2.352013,200,98.801418
-391.323114,200,98.925901
-252.283154,200,98.973365
-127.200689,200,99.022323
-127.239583,200,99.07037
-367.732686,200,99.116129
-255.369397,200,99.162815
-126.546996,200,99.21
-367.942683,200,99.256463
-368.967024,200,99.303796
-129.036204,200,99.349846
-371.719225,200,99.474331
-377.039062,200,99.524398
-3.97858,200,99.571213
-250.713677,200,99.618531
-126.173336,200,99.664863
-122.840257,200,99.713552
-126.946175,200,99.761466
-252.756147,200,99.808107
-360.966445,200,99.855296
-128.016848,200,99.902026
-254.636445,200,100.027538
-240.209232,200,100.07545
-254.777952,200,100.121475
-371.603957,200,100.169147
-130.634152,200,100.215988
-251.720321,200,100.263842
-246.170839,200,100.310488
-372.619449,200,100.356336
-239.595702,200,100.402572
-122.880253,200,100.449992
-126.380185,200,100.574967
-2.697423,200,100.621199
-367.656902,200,100.669873
-259.480822,200,100.717431
-244.998753,200,100.765404
-253.109583,200,100.81253
-244.434381,200,100.858715
-240.31676,200,100.906575
-625.739263,200,100.953923
-367.237576,200,101.000874
-128.037741,200,101.123409
-355.282406,200,101.170521
-355.582879,200,101.219857
-251.677996,200,101.267947
-373.583669,200,101.314553
-2.367521,200,101.361703
-252.006311,200,101.408813
-379.417935,200,101.455485
-244.426259,200,101.503567
-249.850514,200,101.549708
-251.750647,200,101.674443
-128.016639,200,101.723988
-373.618593,200,101.770864
-249.790562,200,101.816686
-372.305308,200,101.864252
-369.299097,200,101.910463
-252.866214,200,101.958027
-254.351992,200,102.005498
-379.441376,200,102.052733
-248.038687,200,102.099853
-255.001964,200,102.233859
-368.481382,200,102.28434
-240.98736,200,102.332647
-377.753545,200,102.381749
-2.48669,200,102.431311
-357.447916,200,102.479952
-1.961272,200,102.528304
-249.9425,200,102.577703
-253.009045,200,102.625407
-2.671852,200,102.673833
-238.296112,200,102.804746
-243.280056,200,102.852742
-391.839694,200,102.901289
-127.184499,200,102.948282
-125.379508,200,102.995576
-1.99751,200,103.042766
-367.240284,200,103.089925
-252.814638,200,103.137244
-369.37618,200,103.183879
-3.129858,200,103.230608
-455.852999,200,103.353808
-4.167474,200,103.401917
-246.487805,200,103.448047
-247.479429,200,103.494908
-247.298204,200,103.542154
-364.72716,200,103.589187
-3.007835,200,103.636514
-334.47401,200,103.685436
-249.206563,200,103.731653
-250.470965,200,103.779814
-253.937936,200,103.904195
-247.38757,200,103.952375
-367.369217,200,103.999834
-118.602406,200,104.046904
-373.537781,200,104.094865
-126.734268,200,104.142075
-255.627452,200,104.188606
-259.627401,200,104.237255
-125.477862,200,104.285265
-3.375532,200,104.332619
-247.69711,200,104.457114
-246.615766,200,104.506267
-120.543749,200,104.553594
-365.507178,200,104.600085
-254.822021,200,104.647528
-364.570203,200,104.695906
-131.127979,200,104.743526
-249.591061,200,104.791705
-236.507243,200,104.839537
-248.385933,200,104.886614
-244.788373,200,105.009471
-368.298143,200,105.05713
-247.561437,200,105.103909
-363.489935,200,105.151198
-127.281071,200,105.198451
-364.239139,200,105.244947
-374.155944,200,105.291217
-309.907936,200,105.338956
-376.123769,200,105.386332
-127.348661,200,105.434054
-251.608168,200,105.561878
-3.956414,200,105.60939
-242.427556,200,105.65698
-359.802532,200,105.703471
-239.752026,200,105.750379
-251.89719,200,105.798184
-242.91745,200,105.84502
-241.813209,200,105.892304
-250.148229,200,105.939549
-250.929402,200,105.985799
-3.55242,200,106.109504
-248.906722,200,106.157
-128.648881,200,106.204044
-247.13283,200,106.25057
-356.093701,200,106.297729
-252.329338,200,106.345137
-2.348254,200,106.391679
-128.305526,200,106.438126
-249.825806,200,106.48505
-2.183683,200,106.531709
-239.761588,200,106.655157
-248.751632,200,106.736223
-123.245963,200,106.785465
-2.693566,200,106.832555
-240.269061,200,106.878884
-250.78623,200,106.925491
-2.038857,200,106.973048
-127.413372,200,107.020202
-241.888039,200,107.067382
-252.041311,200,107.113499
-127.291768,200,107.236898
-123.219509,200,107.285091
-1.967937,200,107.331829
-2.189027,200,107.378531
-378.886153,200,107.426159
-366.727263,200,107.473837
-250.436561,200,107.521962
-249.699496,200,107.569283
-250.038887,200,107.615787
-354.849765,200,107.663073
-118.67791,200,107.786475
-242.175724,200,107.83401
-495.898998,200,107.880222
-367.207263,200,107.926693
-378.507151,200,107.972479
-373.681313,200,108.019959
-351.678198,200,108.067822
-123.993183,200,108.114485
-234.381184,200,108.160967
-353.130772,200,108.209048
-126.39511,200,108.335068
-2.422406,200,108.381376
-245.834429,200,108.429559
-237.583747,200,108.47635
-125.353621,200,108.524688
-250.107168,200,108.571613
-250.240067,200,108.618733
-361.928348,200,108.665471
-126.250377,200,108.712086
-124.817122,200,108.759299
-124.121736,200,108.884231
-126.997875,200,108.931464
-242.464715,200,108.979203
-365.516674,200,109.026335
-2.789854,200,109.072771
-385.558451,200,109.12026
-371.567132,200,109.168026
-125.353037,200,109.214482
-377.989886,200,109.262232
-238.472273,200,109.309787
-352.089734,200,109.433655
-359.681808,200,109.481434
-125.287603,200,109.529464
-237.726227,200,109.577305
-2.00553,200,109.624719
-128.017518,200,109.671913
-371.849246,200,109.718606
-127.226662,200,109.764407
-2.680234,200,109.811358
-237.255749,200,109.856979
-129.383961,200,109.98128
-374.70032,200,110.032302
-127.888182,200,110.079681
-243.132202,200,110.126908
-5.000939,200,110.176442
-364.011783,200,110.224324
-130.054391,200,110.273206
-122.668233,200,110.322043
-427.536276,200,110.371769
-370.648265,200,110.421664
-120.317708,200,110.548037
-486.198805,200,110.597484
-125.98884,200,110.645851
-124.501484,200,110.69337
-366.211819,200,110.741041
-122.440453,200,110.789254
-243.780208,200,110.838571
-2.313349,200,110.886349
-361.326451,200,110.934186
-2.423994,200,110.981649
-237.471622,200,111.108004
-361.026653,200,111.156454
-359.655629,200,111.204442
-250.703287,200,111.251046
-1.971879,200,111.297944
-3.445714,200,111.345602
-2.438751,200,111.392323
-241.675092,200,111.440083
-363.938551,200,111.487952
-2.383561,200,111.535879
-124.100124,200,111.659749
-247.933459,200,111.710223
-128.079708,200,111.758974
-363.195757,200,111.8051
-253.128326,200,111.851645
-2.770822,200,111.901545
-124.235092,200,111.950236
-360.929401,200,112.002686
-369.204489,200,112.051104
-233.874377,200,112.098826
-125.119478,200,112.222423
-356.598454,200,112.270401
-247.692702,200,112.317377
-237.436149,200,112.363496
-361.724511,200,112.410042
-125.314132,200,112.456041
-362.102373,200,112.502777
-246.016023,200,112.550527
-126.517515,200,112.597662
-125.754218,200,112.645016
-354.675074,200,112.768653
-244.351681,200,112.815435
-361.995043,200,112.864301
-126.550041,200,112.91219
-368.5883,200,112.958635
-244.208306,200,113.005886
-505.531695,200,113.052931
-373.391808,200,113.100875
-251.3638,200,113.14823
-124.50958,200,113.194453
-127.754438,200,113.31835
-242.709548,200,113.365896
-237.718571,200,113.413615
-244.635765,200,113.459748
-244.588357,200,113.508016
-353.52319,200,113.556074
-124.204477,200,113.603164
-245.860883,200,113.651107
-235.297731,200,113.698308
-243.928464,200,113.74615
-2.666859,200,113.872329
-127.193098,200,113.92034
-3.878411,200,113.968682
-346.965782,200,114.016102
-256.233893,200,114.062352
-126.260579,200,114.11017
-471.09796,200,114.156978
-235.056362,200,114.203584
-367.741006,200,114.25032
-365.226752,200,114.297268
-243.924799,200,114.420379
-457.925915,200,114.467913
-361.804661,200,114.516221
-3.390524,200,114.56396
-248.023784,200,114.611115
-252.694199,200,114.65725
-245.88849,200,114.704614
-367.471002,200,114.751774
-439.814972,200,114.799383
-241.765621,200,114.846706
-249.561,200,114.972352
-484.35118,200,115.020264
-118.457633,200,115.066919
-315.16263,200,115.114968
-126.408388,200,115.161326
-240.53686,200,115.208036
-123.953433,200,115.255347
-370.102206,200,115.302266
-241.755916,200,115.349293
-245.532981,200,115.395243
-372.065502,200,115.519541
-235.027937,200,115.568485
-481.623065,200,115.614008
-234.063932,200,115.660786
-245.82899,200,115.70791
-128.767958,200,115.754427
-595.222934,200,115.801451
-127.297502,200,115.848601
-233.596183,200,115.895813
-353.151905,200,115.942793
-486.818563,200,116.091311
-241.751748,200,116.139587
-249.329282,200,116.1866
-128.367899,200,116.234115
-353.871461,200,116.280542
-493.799908,200,116.327432
-360.330084,200,116.375477
-127.725495,200,116.423351
-247.037025,200,116.470974
-126.351469,200,116.51837
-468.784871,200,116.646144
-362.509063,200,116.696628
-2.376428,200,116.745029
-485.626339,200,116.791502
-242.730347,200,116.83734
-365.455534,200,116.88479
-357.538561,200,116.932323
-125.589635,200,116.979699
-363.573738,200,117.026232
-365.226747,200,117.07331
-121.949971,200,117.19648
-360.684277,200,117.243708
-124.445138,200,117.290068
-3.216918,200,117.336388
-480.751333,200,117.383925
-357.637806,200,117.429913
-242.718184,200,117.47704
-454.433391,200,117.524002
-361.541785,200,117.57119
-538.820629,200,117.618507
-251.414856,200,117.742871
-362.808946,200,117.790531
-475.90661,200,117.83768
-2.566627,200,117.884983
-126.003295,200,117.931853
-127.77177,200,117.979207
-2.127513,200,118.02585
-618.131982,200,118.072746
-491.784804,200,118.119591
-370.627308,200,118.165581
-245.425949,200,118.290004
-364.508132,200,118.338328
-126.241067,200,118.386044
-367.980746,200,118.432306
-474.366119,200,118.479703
-2.693148,200,118.528312
-127.15055,200,118.575148
-358.288567,200,118.622307
-361.167133,200,118.669812
-127.807139,200,118.717149
-356.65134,200,118.839829
-358.48847,200,118.887429
-245.986694,200,118.934952
-238.277999,200,118.983538
-479.374092,200,119.03169
-127.785429,200,119.078603
-467.859191,200,119.125382
-366.874044,200,119.174018
-380.43534,200,119.221369
-350.242293,200,119.267733
-243.436507,200,119.393267
-482.721181,200,119.440617
-856.031359,200,119.488276
-861.553692,200,119.536274
-583.031507,200,119.584553
-249.403614,200,119.630831
-616.958934,200,119.677214
-127.320515,200,119.72465
-125.893869,200,119.77284
-410.106972,200,119.820492
-354.797762,200,119.944789
-370.148745,200,119.993041
-473.762617,200,120.040065
-241.556256,200,120.087699
-724.184076,200,120.135403
-482.954662,200,120.182292
-364.405997,200,120.229573
-611.867024,200,120.276239
-123.305237,200,120.323165
-490.57163,200,120.370881
-482.736188,200,120.494712
-126.668822,200,120.542325
-126.901843,200,120.590295
-123.881435,200,120.638288
-3.007094,200,120.685983
-362.28052,200,120.733154
-3.336265,200,120.780036
-126.674599,200,120.827561
-121.575088,200,120.874865
-3.292641,200,120.921183
-368.406014,200,121.046104
-125.693353,200,121.093255
-357.930171,200,121.140953
-360.897126,200,121.187038
-356.988563,200,121.233981
-465.212972,200,121.280533
-492.823989,200,121.327238
-601.885894,200,121.374545
-369.742105,200,121.422646
-247.212762,200,121.469201
-246.149336,200,121.593912
-2.636227,200,121.642163
-618.329612,200,121.690929
-361.886081,200,121.740625
-243.819294,200,121.788596
-124.9677,200,121.83629
-127.516487,200,121.882429
-848.448408,200,121.929532
-478.542494,200,121.976758
-244.967745,200,122.024317
-362.59008,200,122.149936
-1056.180001,200,122.198023
-967.663904,200,122.24521
-1054.500881,200,122.292866
-959.179122,200,122.339961
-706.532789,200,122.386689
-853.244262,200,122.434265
-364.336461,200,122.482544
-722.205097,200,122.530622
-853.575609,200,122.578088
-129.35476,200,122.702838
-367.763122,200,122.751406
-3.001584,200,122.800179
-125.782929,200,122.846676
-941.389711,200,122.89399
-2.692178,200,122.94168
-122.71988,200,122.988597
-921.977642,200,123.036267
-593.336646,200,123.083431
-248.192159,200,123.130663
-604.171025,200,123.254639
-481.905328,200,123.302331
-244.900501,200,123.348729
-126.875247,200,123.395923
-3.15006,200,123.442812
-246.343316,200,123.489484
-2.951103,200,123.537235
-125.206168,200,123.583511
-127.383887,200,123.630851
-361.728246,200,123.677828
-480.218139,200,123.801597
-467.307822,200,123.849942
-470.149579,200,123.896991
-369.643412,200,123.944826
-603.551533,200,123.990252
-127.169977,200,124.03842
-485.493992,200,124.085337
-484.065762,200,124.132663
-497.611363,200,124.18219
-243.138704,200,124.22938
-356.857022,200,124.352649
-591.830106,200,124.401169
-347.983136,200,124.450709
-466.60193,200,124.50112
-599.363547,200,124.550277
-355.364824,200,124.597053
-247.590823,200,124.644031
-485.059296,200,124.691417
-248.72566,200,124.738692
-355.504739,200,124.785803
-951.232028,200,124.936764
-350.500517,200,124.984751
-860.983619,200,125.033293
-1073.344609,200,125.079553
-964.805815,200,125.1272
-1051.755181,200,125.174789
-368.885733,200,125.221838
-480.755979,200,125.268317
-244.432943,200,125.313709
-492.737481,200,125.361153
-475.614118,200,125.485075
-365.940233,200,125.534008
-679.160017,200,125.581849
-952.865106,200,125.629399
-2.379869,200,125.677276
-742.088861,200,125.72375
-960.899221,200,125.771084
-974.427615,200,125.817968
-598.585129,200,125.864472
-365.170114,200,125.911337
-738.051489,200,126.035054
-493.568146,200,126.082157
-243.617521,200,126.129146
-483.839295,200,126.17626
-479.470127,200,126.22399
-3.370462,200,126.271845
-126.75014,200,126.318756
-723.169562,200,126.366128
-856.783789,200,126.412972
-3.059978,200,126.459964
-2.279051,200,126.586016
-602.807779,200,126.633337
-370.781987,200,126.682987
-353.931878,200,126.732795
-128.084336,200,126.779212
-955.396109,200,126.826943
-865.069568,200,126.874733
-995.836987,200,126.921815
-856.611963,200,126.968882
-356.586196,200,127.0167
-964.837441,200,127.143025
-351.563155,200,127.19173
-840.610284,200,127.239708
-361.812045,200,127.286883
-359.773021,200,127.332851
-3.114384,200,127.378966
-484.805175,200,127.425825
-590.679039,200,127.47283
-2.82232,200,127.519903
-486.651885,200,127.567858
-249.363245,200,127.694532
-125.597964,200,127.741475
-982.38536,200,127.789564
-1063.071786,200,127.836764
-854.551927,200,127.884703
-1007.348462,200,127.931411
-964.162068,200,127.979018
-1.90005,200,128.026462
-954.622712,200,128.072869
-964.662267,200,128.119293
-944.164629,200,128.2432
-920.120086,200,128.291082
-2.097976,200,128.337986
-969.701145,200,128.384461
-606.331148,200,128.432163
-472.014383,200,128.479322
-367.630587,200,128.52759
-1.741187,200,128.575172
-960.321601,200,128.621965
-610.734868,200,128.669951
-885.083621,200,128.793566
-2.125325,200,128.840864
-124.595172,200,128.888723
-890.208242,200,128.935734
-970.732371,200,128.982866
-982.288793,200,129.030282
-974.50885,200,129.078868
-479.670908,200,129.126782
-968.080631,200,129.173806
-960.367946,200,129.222373
-1082.601857,200,129.346199
-967.779785,200,129.394214
-927.658616,200,129.441597
-965.847551,200,129.489164
-967.920323,200,129.538205
-915.221522,200,129.585952
-964.457878,200,129.63351
-958.018676,200,129.681229
-2.815909,200,129.728085
-971.660718,200,129.774641
-816.940002,200,129.898877
-592.819741,200,129.945814
-965.134224,200,129.993237
-957.609998,200,130.041054
-959.976164,200,130.087775
-973.993899,200,130.134637
-1038.747334,200,130.181637
-355.503855,200,130.2292
-2.160213,200,130.276005
-858.959117,200,130.323054
-976.781667,200,130.449317
-1076.811141,200,130.497329
-961.254553,200,130.545776
-977.223863,200,130.5926
-973.941792,200,130.640152
-862.892368,200,130.686569
-371.547239,200,130.734698
-2.779043,200,130.782102
-973.781734,200,130.828542
-1018.491136,200,130.875895
-986.054549,200,130.999923
-977.328626,200,131.048148
-976.563464,200,131.095541
-958.495654,200,131.142858
-968.419015,200,131.19001
-837.35424,200,131.235279
-866.298959,200,131.280669
-732.848617,200,131.327186
-2.2662,200,131.374704
-877.135578,200,131.421005
-367.158539,200,131.546973
-718.705694,200,131.595393
-861.390949,200,131.642406
-369.986294,200,131.692246
-608.459677,200,131.740906
-967.721068,200,131.789282
-490.712393,200,131.836281
-358.892884,200,131.883256
-608.41162,200,131.931397
-858.313011,200,131.978879
-246.818792,200,132.101971
-1036.193977,200,132.148987
-614.803166,200,132.195312
-2.504255,200,132.242792
-983.639827,200,132.290747
-999.926091,200,132.3373
-473.532808,200,132.383907
-617.573827,200,132.430444
-902.382275,200,132.476909
-867.659941,200,132.524984
-984.894942,200,132.64904
-127.408152,200,132.696216
-971.437471,200,132.74316
-967.607717,200,132.790179
-962.363563,200,132.836106
-1007.351675,200,132.883502
-832.740206,200,132.930489
-126.303863,200,132.9776
-1051.344166,200,133.024723
-966.872454,200,133.071039
-487.084849,200,133.198984
-368.327151,200,133.246824
-368.548668,200,133.293524
-483.729872,200,133.340662
-1060.312931,200,133.3875
-1042.327196,200,133.434331
-844.965887,200,133.482854
-942.63137,200,133.531573
-127.815324,200,133.578953
-249.597729,200,133.626293
-480.911117,200,133.775395
-5.620047,200,133.821922
-238.948856,200,133.868498
-243.11274,200,133.91536
-237.863272,200,133.962884
-125.078104,200,134.01015
-858.358039,200,134.057792
-481.530538,200,134.105381
-612.780583,200,134.1527
-374.644026,200,134.199393
-488.483688,200,134.324977
-127.294125,200,134.372868
-480.053968,200,134.420645
-485.576603,200,134.468835
-775.386313,200,134.51572
-2.186129,200,134.562781
-264.015775,200,134.611179
-974.473857,200,134.657934
-477.487895,200,134.705137
-942.554978,200,134.752972
-498.435002,200,134.876696
-241.196849,200,134.923276
-1007.909543,200,134.969786
-126.199137,200,135.017197
-3.269781,200,135.064002
-2.749538,200,135.110835
-3.079358,200,135.156715
-4.409926,200,135.204469
-247.721391,200,135.251639
-973.783206,200,135.299499
-130.68174,200,135.423614
-251.833605,200,135.470168
-868.384907,200,135.518124
-847.233537,200,135.56688
-869.550564,200,135.614199
-858.899507,200,135.66144
-853.077451,200,135.708064
-249.61458,200,135.756079
-3.876665,200,135.802652
-745.150461,200,135.84943
-361.573931,200,135.975795
-2.397925,200,136.023743
-372.452872,200,136.071008
-126.084344,200,136.117846
-378.640085,200,136.165481
-371.064389,200,136.213154
-377.688842,200,136.259381
-241.153228,200,136.307391
-129.665651,200,136.35421
-742.154316,200,136.401014
-853.342007,200,136.524113
-2.279204,200,136.573142
-242.264671,200,136.620174
-128.068355,200,136.667794
-359.601142,200,136.718123
-259.72416,200,136.766848
-743.464437,200,136.814191
-126.624903,200,136.861553
-866.812534,200,136.907559
-372.271402,200,136.953648
-497.57949,200,137.077552
-130.00003,200,137.125141
-246.544598,200,137.173064
-621.257903,200,137.221225
-251.991702,200,137.268268
-763.079973,200,137.315265
-2.364155,200,137.36093
-329.190507,200,137.407929
-467.816443,200,137.456082
-887.412012,200,137.502854
-737.448442,200,137.629449
-375.850437,200,137.678307
-499.882859,200,137.725678
-2.174741,200,137.772419
-492.352618,200,137.819502
-376.19693,200,137.866314
-246.399278,200,137.913983
-615.278187,200,137.961693
-129.583274,200,138.008862
-120.666338,200,138.056585
-252.766304,200,138.18053
-2.902475,200,138.228579
-371.627735,200,138.276811
-250.330009,200,138.323884
-122.456118,200,138.369707
-250.120808,200,138.416297
-490.736483,200,138.461474
-2.40418,200,138.509883
-250.043582,200,138.558138
-257.444028,200,138.604862
-499.436828,200,138.731568
-388.161952,200,138.77983
-374.283661,200,138.827404
-248.08721,200,138.874881
-377.656697,200,138.922282
-1.814491,200,138.968872
-1.986211,200,139.016002
-244.732779,200,139.064379
-242.364347,200,139.111651
-125.636117,200,139.159419
-250.410271,200,139.287409
-253.092484,200,139.334995
-752.758856,200,139.382311
-240.307482,200,139.428824
-642.650138,200,139.475781
-364.536046,200,139.521621
-391.211133,200,139.569215
-2.655987,200,139.617266
-745.223301,200,139.664678
-250.159058,200,139.712256
-124.559685,200,139.835773
-632.362788,200,139.883943
-280.022772,200,139.931412
-252.339841,200,139.97751
-236.869028,200,140.024231
-125.676554,200,140.071597
-3.744959,200,140.119269
-123.717833,200,140.167148
-247.360714,200,140.215416
-128.374279,200,140.263873
-254.39776,200,140.39111
-506.112815,200,140.440191
-248.214808,200,140.48806
-128.315495,200,140.536802
-1.919598,200,140.586018
-249.148158,200,140.632534
-242.663535,200,140.679735
-402.92853,200,140.727812
-254.586785,200,140.775935
-249.478315,200,140.824678
-252.77432,200,140.948679
-125.436,200,140.9967
-368.702727,200,141.045435
-1.791426,200,141.092572
-491.128022,200,141.139585
-129.192484,200,141.186197
-255.03247,200,141.231735
-248.822365,200,141.279107
-250.492061,200,141.325805
-130.507455,200,141.372173
-253.081753,200,141.498782
-254.976631,200,141.548733
-251.898268,200,141.595875
-355.721679,200,141.642234
-258.775294,200,141.692493
-247.032603,200,141.74305
-244.768794,200,141.791066
-124.320292,200,141.838785
-362.443007,200,141.887124
-2.529815,200,141.936591
-2.13725,200,142.06945
-1.957963,200,142.117332
-410.913622,200,142.165203
-4.251931,200,142.212615
-367.999901,200,142.259646
-244.473929,200,142.306952
-266.065716,200,142.35508
-367.414082,200,142.403117
-254.439154,200,142.45023
-495.350379,200,142.497681
-250.121934,200,142.6481
-366.312349,200,142.69585
-378.395176,200,142.743728
-126.321158,200,142.791878
-258.556442,200,142.83987
-253.747443,200,142.887123
-2.888804,200,142.935844
-250.089579,200,142.983284
-254.274719,200,143.03131
-377.24484,200,143.078842
-1.804823,200,143.205716
-370.329293,200,143.253524
-132.110839,200,143.301175
-127.682687,200,143.34889
-236.776815,200,143.396362
-255.11548,200,143.444349
-251.955799,200,143.493387
-133.717338,200,143.542585
-236.430715,200,143.58917
-253.24788,200,143.63681
-128.696377,200,143.761424
-251.808724,200,143.808594
-123.547018,200,143.855793
-3.968155,200,143.902907
-253.305491,200,143.949255
-6.047278,200,143.997514
-418.24737,200,144.044593
-245.64483,200,144.092074
-127.591012,200,144.139432
-258.037692,200,144.186116
-127.600428,200,144.314303
-409.418936,200,144.36227
-126.568935,200,144.410276
-129.882803,200,144.457771
-128.784509,200,144.503562
-242.080914,200,144.550131
-125.764801,200,144.597794
-128.011368,200,144.644774
-246.934158,200,144.693169
-377.045248,200,144.740547
-122.493526,200,144.86409
-3.286461,200,144.912641
-128.691143,200,144.960974
-504.33166,200,145.008582
-120.150297,200,145.055911
-125.576416,200,145.103042
-130.285072,200,145.149934
-244.874446,200,145.197417
-127.809604,200,145.244275
-250.322977,200,145.290936
-126.121452,200,145.415288
-250.303407,200,145.463421
-474.794336,200,145.511502
-130.115429,200,145.559294
-359.469651,200,145.60829
-126.39482,200,145.654984
-252.573648,200,145.701904
-121.842985,200,145.748774
-238.795163,200,145.796118
-255.394464,200,145.843294
-252.421029,200,145.967727
-242.783835,200,146.015821
-2.11565,200,146.062863
-363.301849,200,146.110385
-130.911437,200,146.156972
-255.900858,200,146.204369
-251.008618,200,146.251001
-250.373305,200,146.297326
-382.391626,200,146.344463
-4.069483,200,146.391008
-259.350196,200,146.51529
-145.629335,200,146.563463
-128.330448,200,146.610023
-247.182641,200,146.656901
-127.020466,200,146.707183
-242.76608,200,146.755474
-127.416366,200,146.802866
-364.954323,200,146.850236
-353.200704,200,146.897046
-126.627139,200,146.94401
-257.426885,200,147.070806
-369.094028,200,147.118966
-251.089797,200,147.16746
-125.029976,200,147.2154
-246.525464,200,147.26288
-2.329263,200,147.309697
-234.474681,200,147.356883
-253.618077,200,147.404451
-1.926899,200,147.451791
-241.522066,200,147.499557
-121.897066,200,147.625207
-125.987097,200,147.673319
-127.993503,200,147.721291
-377.439493,200,147.768175
-254.988814,200,147.817105
-3.700449,200,147.863781
-124.123696,200,147.910467
-453.841351,200,147.957433
-129.459086,200,148.005228
-236.043191,200,148.053849
-121.891643,200,148.177567
-246.328886,200,148.225511
-125.186865,200,148.273589
-332.488203,200,148.321708
-363.737851,200,148.368453
-129.158094,200,148.415106
-127.795681,200,148.462461
-258.988181,200,148.509501
-246.373737,200,148.558593
-247.196962,200,148.605642
-117.798649,200,148.729703
-124.55306,200,148.77697
-5.239158,200,148.825156
-255.71193,200,148.872781
-372.744262,200,148.920406
-119.259558,200,148.967487
-128.40529,200,149.014609
-2.006256,200,149.063223
-368.353647,200,149.109312
-125.930109,200,149.155776
-242.927174,200,149.280319
-248.206397,200,149.328272
-126.014094,200,149.374613
-363.059958,200,149.42199
-129.007191,200,149.469432
-123.275547,200,149.51652
-2.51689,200,149.564605
-123.39094,200,149.612669
-125.735889,200,149.660549
-248.217165,200,149.707898
-347.228557,200,149.835287
-2.128496,200,149.88283
-241.707716,200,149.932398
-119.579899,200,149.979082
-241.707811,200,150.026702
-118.502978,200,150.073616
-248.619827,200,150.120397
-252.754833,200,150.168646
-363.742795,200,150.215599
-118.872494,200,150.262802
-264.292309,200,150.387486
-127.864726,200,150.435854
-357.800355,200,150.484002
-127.426545,200,150.53024
-117.036157,200,150.578861
-1.652298,200,150.626434
-120.005252,200,150.67382
-363.150984,200,150.721159
-256.874194,200,150.769311
-128.915985,200,150.815319
-123.860723,200,150.93936
-128.779886,200,151.006975
-253.48473,200,151.059068
-125.193765,200,151.106944
-240.776673,200,151.153661
-130.400522,200,151.200559
-242.873663,200,151.248467
-243.695583,200,151.295138
-2.687976,200,151.342766
-119.736358,200,151.390669
-239.943903,200,151.515207
-128.916033,200,151.563336
-253.286516,200,151.611068
-234.488851,200,151.65834
-124.905711,200,151.708963
-130.363233,200,151.757078
-127.447178,200,151.80425
-253.951255,200,151.851169
-2.056451,200,151.898738
-2.640489,200,151.945749
-124.452426,200,152.069239
-253.64908,200,152.117476
-244.175446,200,152.165819
-126.821032,200,152.21322
-126.845816,200,152.259885
-365.607578,200,152.306395
-1.877319,200,152.355112
-316.086332,200,152.402009
-252.032786,200,152.44918
-242.924694,200,152.496725
-3.205126,200,152.624997
-3.980857,200,152.6731
-326.063399,200,152.719987
-247.08224,200,152.765885
-319.114418,200,152.814058
-244.124882,200,152.861492
-128.907386,200,152.908981
-246.933321,200,152.958033
-3.791097,200,153.006308
-126.958541,200,153.052123
-129.084088,200,153.176299
-124.347788,200,153.223224
-405.843051,200,153.271602
-240.203807,200,153.318017
-1.701716,200,153.365234
-360.818127,200,153.413107
-238.119895,200,153.461821
-277.467085,200,153.509539
-369.277166,200,153.557265
-118.521227,200,153.603564
-125.735605,200,153.727332
-239.009748,200,153.773671
-125.835506,200,153.820522
-354.664219,200,153.866517
-377.361447,200,153.912941
-336.117405,200,153.960185
-247.900531,200,154.007138
-122.651898,200,154.053024
-123.97257,200,154.100483
-383.176416,200,154.147075
-128.186383,200,154.272261
-122.319629,200,154.319905
-371.764901,200,154.367536
-242.284822,200,154.414503
-2.106749,200,154.461882
-4.631625,200,154.50811
-130.046835,200,154.556868
-230.223165,200,154.604256
-127.356221,200,154.653158
-335.38529,200,154.699938
-122.189431,200,154.825061
-2.137301,200,154.872238
-250.091677,200,154.919859
-128.45356,200,154.966818
-129.575563,200,155.013974
-126.749683,200,155.061508
-129.301668,200,155.109195
-125.903599,200,155.156659
-233.997514,200,155.203707
-1.839575,200,155.249639
-2.169371,200,155.375946
-122.10981,200,155.423425
-375.874273,200,155.470107
-2.00174,200,155.517311
-118.372196,200,155.565236
-2.586195,200,155.612692
-2.488094,200,155.659801
-123.66697,200,155.706655
-125.1068,200,155.754619
-266.011577,200,155.800614
-254.363367,200,155.923752
-1.89834,200,155.970977
-125.903861,200,156.018101
-126.966021,200,156.065024
-125.79553,200,156.111361
-123.943901,200,156.157999
-129.453722,200,156.205229
-2.192621,200,156.252839
-128.032417,200,156.298893
-380.05397,200,156.344716
-1.914452,200,156.468
-127.061696,200,156.515421
-234.941398,200,156.561652
-235.508465,200,156.609288
-238.077381,200,156.656622
-123.870126,200,156.706741
-130.230728,200,156.75573
-4.014411,200,156.802854
-244.508322,200,156.849188
-119.555777,200,156.896378
-238.473938,200,157.018429
-125.514224,200,157.066673
-241.555599,200,157.113673
-126.614145,200,157.161552
-307.269258,200,157.208391
-349.186439,200,157.254206
-126.010883,200,157.301473
-241.225006,200,157.349272
-246.712135,200,157.396858
-361.664888,200,157.444188
-241.791716,200,157.57583
-246.262968,200,157.625005
-4.322631,200,157.671536
-247.075327,200,157.720786
-126.54128,200,157.773068
-125.927554,200,157.823362
-121.966484,200,157.873551
-125.279525,200,157.92287
-263.933849,200,157.971705
-127.422028,200,158.0198
-238.379692,200,158.151693
-239.74165,200,158.199837
-126.825285,200,158.247159
-124.758645,200,158.294951
-116.321528,200,158.341187
-241.677071,200,158.390598
-1.830482,200,158.439992
-118.183291,200,158.487455
-126.566911,200,158.536286
-354.905204,200,158.584975
-128.910775,200,158.715239
-2.073655,200,158.763982
-120.524072,200,158.813353
-249.579803,200,158.860519
-235.21823,200,158.907382
-123.924545,200,158.95641
-131.395948,200,159.003719
-118.238601,200,159.050773
-123.901245,200,159.097484
-125.616147,200,159.150307
-127.402916,200,159.275673
-125.514312,200,159.323163
-127.65323,200,159.370659
-244.307841,200,159.417293
-239.290428,200,159.464509
-124.888379,200,159.511051
-243.742142,200,159.558879
-355.670542,200,159.606373
-368.509615,200,159.654099
-2.135012,200,159.702424
-375.280875,200,159.825256
-254.237864,200,159.872006
-2.564234,200,159.918476
-124.64982,200,159.965405
-235.364422,200,160.012301
-239.157969,200,160.059958
-120.000158,200,160.106949
-123.717035,200,160.15384
-241.231346,200,160.200626
-128.298699,200,160.247486
-254.034599,200,160.396052
-246.420377,200,160.444257
-129.501563,200,160.491552
-120.954515,200,160.539618
-128.509959,200,160.587389
-4.037961,200,160.634312
-122.875492,200,160.681145
-241.581193,200,160.727449
-126.429793,200,160.774099
-124.095642,200,160.820596
-130.075205,200,160.952672
-1.999188,200,161.00259
-257.868784,200,161.051642
-3.636015,200,161.10235
-124.622523,200,161.152189
-124.353965,200,161.199977
-123.9089,200,161.24874
-333.100663,200,161.297039
-127.542471,200,161.344794
-233.857679,200,161.391177
-124.360111,200,161.516476
-1.870677,200,161.565174
-244.009119,200,161.61473
-130.477597,200,161.663336
-255.949428,200,161.71413
-117.712157,200,161.763119
-239.687183,200,161.81075
-122.589883,200,161.858757
-340.10045,200,161.907161
-125.924846,200,161.955646
-125.924705,200,162.081075
-126.670536,200,162.129722
-116.759377,200,162.175986
-245.531767,200,162.223113
-126.555076,200,162.270992
-236.198892,200,162.319044
-119.289137,200,162.367157
-125.547205,200,162.416612
-237.060469,200,162.464034
-350.564374,200,162.511537
-238.595589,200,162.637399
-123.303404,200,162.685192
-242.806941,200,162.733086
-124.964946,200,162.780679
-121.262853,200,162.828553
-125.686076,200,162.876001
-120.526932,200,162.924047
-241.083036,200,162.971666
-117.949028,200,163.01879
-245.233901,200,163.066282
-1.616951,200,163.190085
-253.462867,200,163.237804
-241.927628,200,163.285924
-123.381744,200,163.332668
-118.333362,200,163.379828
-125.246128,200,163.426977
-116.687538,200,163.473424
-127.752211,200,163.5206
-124.478527,200,163.568709
-128.28905,200,163.61668
-123.682628,200,163.74401
-234.351531,200,163.791306
-230.204028,200,163.838147
-124.212122,200,163.886161
-244.01824,200,163.933404
-242.52512,200,163.9805
-315.5129,200,164.027922
-128.21335,200,164.074727
-251.801363,200,164.122642
-323.393319,200,164.169671
-125.003761,200,164.293701
-126.648946,200,164.340589
-296.990887,200,164.388793
-474.791804,200,164.436858
-122.239825,200,164.484254
-2.875739,200,164.531209
-120.344475,200,164.579364
-237.862818,200,164.626389
-320.813685,200,164.673399
-347.058969,200,164.72076
-127.219377,200,164.846739
-123.873636,200,164.89464
-382.211675,200,164.942267
-117.164238,200,164.98873
-125.990865,200,165.035381
-242.139134,200,165.081619
-124.968039,200,165.129457
-125.514405,200,165.176637
-2.162295,200,165.223097
-235.964317,200,165.270654
-2.94517,200,165.394431
-127.103981,200,165.441455
-126.342631,200,165.488948
-232.594286,200,165.534278
-2.189581,200,165.583142
-246.403703,200,165.629706
-127.857443,200,165.676795
-252.111088,200,165.723665
-253.639503,200,165.770543
-118.773859,200,165.817178
-249.592685,200,165.940953
-123.864245,200,165.988263
-239.708208,200,166.03584
-238.301362,200,166.08381
-253.296569,200,166.131526
-118.702432,200,166.178767
-371.207276,200,166.225087
-3.060491,200,166.274499
-235.939502,200,166.324874
-127.127849,200,166.374922
-116.231781,200,166.506341
-123.337685,200,166.556954
-125.436379,200,166.607957
-243.011053,200,166.657417
-358.746577,200,166.709586
-121.970809,200,166.760953
-245.413845,200,166.813016
-123.492674,200,166.861767
-239.084874,200,166.910193
-125.151706,200,166.957941
-127.364867,200,167.083771
-124.395432,200,167.132163
-239.186167,200,167.179002
-375.447801,200,167.226548
-122.619311,200,167.273971
-120.046259,200,167.320772
-243.141476,200,167.367621
-125.437931,200,167.41702
-123.865352,200,167.463857
-355.203122,200,167.511886
-240.052731,200,167.637355
-2.352952,200,167.687004
-120.809027,200,167.735188
-127.759131,200,167.782662
-240.947004,200,167.829003
-124.330982,200,167.876721
-126.923275,200,167.923248
-126.843102,200,167.970022
-125.33086,200,168.017985
-1.910361,200,168.065219
-237.129724,200,168.18755
-128.262858,200,168.235077
-2.65897,200,168.282012
-120.491775,200,168.329021
-123.932476,200,168.377025
-121.563108,200,168.425019
-118.139486,200,168.472895
-257.687783,200,168.520516
-126.361481,200,168.56783
-124.39777,200,168.615373
-3.419163,200,168.740225
-242.154233,200,168.787541
-319.38532,200,168.834574
-120.467659,200,168.881995
-117.738386,200,168.929281
-124.561917,200,168.975697
-344.888325,200,169.021512
-125.875256,200,169.068905
-241.2454,200,169.115721
-122.283274,200,169.162063
-127.838876,200,169.312568
-125.145597,200,169.359743
-383.241629,200,169.408768
-126.711588,200,169.455027
-244.08006,200,169.502493
-120.544137,200,169.549901
-127.173541,200,169.598663
-126.478153,200,169.645196
-122.491618,200,169.693023
-241.970827,200,169.741107
-240.123714,200,169.866053
-122.755743,200,169.913275
-250.792208,200,169.959806
-120.362172,200,170.00757
-236.719943,200,170.05525
-256.185293,200,170.101764
-294.168267,200,170.149418
-126.564227,200,170.198127
-122.900402,200,170.247583
-355.304214,200,170.295128
-359.756656,200,170.424601
-125.206028,200,170.473894
-119.996778,200,170.521872
-122.062536,200,170.570741
-115.421861,200,170.620395
-123.225555,200,170.668143
-2.2525,200,170.716499
-237.179252,200,170.763923
-127.240037,200,170.812106
-116.965163,200,170.860292
-118.397986,200,170.984771
-124.750997,200,171.033208
-121.005058,200,171.081994
-238.352366,200,171.129128
-358.527806,200,171.175993
-241.737887,200,171.222259
-118.155493,200,171.268178
-268.269272,200,171.31532
-238.185066,200,171.36237
-118.208976,200,171.409168
-238.27072,200,171.534648
-249.40975,200,171.583389
-127.43096,200,171.63154
-346.326603,200,171.679583
-237.031709,200,171.729662
-126.685949,200,171.779591
-246.793414,200,171.827725
-130.057194,200,171.875974
-243.238818,200,171.925031
-122.554699,200,171.975482
-234.330353,200,172.105211
-241.323794,200,172.15306
-124.456728,200,172.199365
-4.457957,200,172.24692
-125.655759,200,172.295195
-233.504363,200,172.34193
-123.391635,200,172.390493
-240.626564,200,172.437516
-127.754948,200,172.484536
-344.131655,200,172.531499
-123.443919,200,172.658625
-239.375402,200,172.706105
-368.687928,200,172.753121
-124.559415,200,172.800015
-120.174556,200,172.846665
-129.689607,200,172.894223
-254.706251,200,172.941752
-238.134472,200,172.989789
-235.963557,200,173.036619
-119.510254,200,173.083292
-124.703513,200,173.207355
-122.445663,200,173.255581
-378.199463,200,173.303551
-126.442791,200,173.350875
-128.152867,200,173.398275
-124.506885,200,173.445982
-124.317993,200,173.494256
-269.066152,200,173.541797
-245.518975,200,173.589758
-378.523235,200,173.635873
-121.256788,200,173.759789
-1.874383,200,173.808116
-126.35475,200,173.856352
-238.266838,200,173.903705
-120.274763,200,173.951418
-358.17888,200,173.998972
-238.75378,200,174.045934
-117.308279,200,174.092824
-346.801485,200,174.139413
-241.754499,200,174.187533
-241.906167,200,174.310636
-242.65009,200,174.358532
-121.60543,200,174.406915
-122.15528,200,174.45576
-242.809978,200,174.502081
-124.225042,200,174.549214
-124.701455,200,174.596617
-123.364282,200,174.644387
-310.448888,200,174.691789
-127.705805,200,174.738627
-245.245888,200,174.866479
-122.794997,200,174.914208
-1.9854,200,174.962113
-123.681175,200,175.009881
-234.64267,200,175.05706
-124.149621,200,175.105017
-2.435083,200,175.151584
-341.52734,200,175.199766
-291.134043,200,175.248148
-292.089078,200,175.295248
-5.528469,200,175.419325
-127.205949,200,175.466914
-2.715161,200,175.514272
-368.628095,200,175.564122
-3.04254,200,175.612303
-336.527809,200,175.662351
-119.958734,200,175.710646
-125.751032,200,175.757611
-249.773164,200,175.806318
-233.89735,200,175.855034
-235.929793,200,175.979625
-235.315639,200,176.027598
-125.871916,200,176.075133
-245.602091,200,176.122878
-125.431333,200,176.169597
-125.580999,200,176.217392
-119.884464,200,176.265446
-123.385266,200,176.312345
-247.407512,200,176.359188
-125.170487,200,176.4066
-122.783219,200,176.531063
-122.470756,200,176.579178
-249.311605,200,176.628095
-234.197109,200,176.676092
-229.845269,200,176.726197
-2.274327,200,176.774268
-2.263451,200,176.821816
-127.630676,200,176.869632
-240.702686,200,176.917348
-293.124367,200,176.96458
-122.311542,200,177.087759
-347.932909,200,177.136551
-123.621174,200,177.184138
-121.604826,200,177.232726
-125.854147,200,177.28101
-118.18988,200,177.327161
-321.362595,200,177.374474
-125.05851,200,177.422476
-123.375899,200,177.470182
-239.633657,200,177.517098
-118.762116,200,177.644778
-4.449237,200,177.6933
-124.064581,200,177.741135
-350.343221,200,177.788807
-1.960474,200,177.83603
-127.858849,200,177.882688
-129.350953,200,177.930762
-5.207118,200,177.9789
-122.377713,200,178.02717
-123.496646,200,178.075222
-248.00994,200,178.22344
-243.533935,200,178.271637
-2.487022,200,178.318013
-122.102133,200,178.364965
-356.089681,200,178.41251
-246.859514,200,178.460222
-2.880245,200,178.507365
-120.714398,200,178.554789
-125.949281,200,178.603147
-126.319078,200,178.651028
-128.638091,200,178.775172
-122.596691,200,178.823313
-348.368645,200,178.870606
-127.700772,200,178.917613
-244.94424,200,178.963926
-124.580031,200,179.011034
-126.923918,200,179.05784
-2.607892,200,179.103866
-240.326157,200,179.151178
-2.096922,200,179.198379
-242.217331,200,179.322289
-128.641867,200,179.370207
-127.865467,200,179.418454
-128.286737,200,179.466294
-122.516675,200,179.513421
-117.830717,200,179.560203
-128.379329,200,179.606826
-122.344861,200,179.655003
-268.701764,200,179.702944
-354.642684,200,179.74949
-125.770782,200,179.873128
-126.375217,200,179.920707
-127.073919,200,179.967712
-124.235129,200,180.015259
-359.342859,200,180.062992
-121.882922,200,180.110607
-3.037123,200,180.156594
-241.646587,200,180.203573
-360.735423,200,180.249977
-126.64384,200,180.297552
-242.232683,200,180.424548
-127.085312,200,180.472521
-126.804539,200,180.519368
-120.914325,200,180.566488
-125.59722,200,180.614213
-122.113592,200,180.660293
-233.600725,200,180.707138
-352.047755,200,180.754485
-118.207729,200,180.80098
-125.167409,200,180.847429
-127.925862,200,180.970474
-368.674753,200,181.017992
-123.402088,200,181.065621
-248.856823,200,181.113883
-2.420132,200,181.160698
-238.235951,200,181.206945
-120.574021,200,181.252386
-123.75014,200,181.300494
-362.47803,200,181.347888
-239.522974,200,181.395019
-123.019565,200,181.518419
-125.559767,200,181.565604
-307.744083,200,181.614188
-122.674605,200,181.66226
-362.9656,200,181.711824
-355.834566,200,181.762092
-127.62825,200,181.809989
-125.829126,200,181.85718
-122.25605,200,181.905319
-241.461182,200,181.95266
-243.549136,200,182.077089
-119.201474,200,182.124977
-239.883741,200,182.172881
-121.22443,200,182.220699
-125.869238,200,182.267813
-123.674114,200,182.31407
-356.449154,200,182.361202
-122.509838,200,182.407217
-239.653543,200,182.454146
-122.715532,200,182.501645
-127.935857,200,182.625185
-246.463353,200,182.672489
-127.579245,200,182.71989
-127.194227,200,182.766852
-235.07346,200,182.813444
-347.943799,200,182.860351
-122.79099,200,182.907132
-241.369472,200,182.955296
-236.867471,200,183.002741
-117.64334,200,183.050119
-126.226379,200,183.177271
-232.273364,200,183.224963
-126.083548,200,183.272728
-2.391374,200,183.31947
-131.016726,200,183.366458
-2.931174,200,183.413773
-129.705065,200,183.460713
-123.605796,200,183.507487
-128.190701,200,183.554719
-119.617314,200,183.602309
-235.302653,200,183.725851
-237.656998,200,183.772604
-122.409854,200,183.820727
-243.500676,200,183.867535
-2.245543,200,183.915437
-127.320059,200,183.962162
-251.530327,200,184.010037
-126.954602,200,184.056667
-125.682006,200,184.103807
-120.74548,200,184.151318
-2.475114,200,184.275917
-127.268909,200,184.322488
-248.672614,200,184.369627
-250.779382,200,184.415997
-368.16195,200,184.464655
-236.376851,200,184.511269
-2.521793,200,184.55736
-121.554799,200,184.60529
-342.239861,200,184.652973
-125.392731,200,184.699484
-115.758451,200,184.826394
-126.602624,200,184.876234
-124.809812,200,184.92846
-127.374313,200,184.980117
-126.055267,200,185.030845
-357.60852,200,185.079209
-234.237077,200,185.126752
-127.76052,200,185.175025
-126.182932,200,185.224024
-123.214039,200,185.271461
-118.666702,200,185.407708
-121.138809,200,185.462287
-129.954966,200,185.51439
-340.730676,200,185.562161
-230.990625,200,185.611705
-236.487421,200,185.662411
-347.615825,200,185.711303
-121.539149,200,185.760749
-124.43598,200,185.808781
-358.273202,200,185.880861
-240.828769,200,186.013147
-255.503992,200,186.067555
-236.580551,200,186.119677
-362.935444,200,186.170402
-120.198984,200,186.222122
-127.684172,200,186.273965
-130.716497,200,186.322636
-244.431431,200,186.371202
-125.621499,200,186.418744
-249.129687,200,186.465603
-2.466751,200,186.594071
-122.555035,200,186.643901
-243.455387,200,186.693537
-116.215953,200,186.74486
-117.294807,200,186.7937
-238.135649,200,186.842242
-3.372988,200,186.891306
-2.403988,200,186.939107
-123.539091,200,186.988767
-250.071017,200,187.037777
-120.908217,200,187.173724
-3.020599,200,187.224524
-124.856467,200,187.274329
-127.760022,200,187.321773
-359.301042,200,187.370618
-118.162775,200,187.419691
-127.345231,200,187.467714
-243.795022,200,187.516497
-247.849417,200,187.564972
-126.13892,200,187.613243
-252.555035,200,187.742957
-121.628088,200,187.792902
-379.041962,200,187.842443
-126.231385,200,187.892684
-117.104681,200,187.945094
-123.541648,200,187.996527
-3.585267,200,188.048241
-121.675304,200,188.100322
-124.914739,200,188.1488
-124.018153,200,188.196224
-246.282386,200,188.327632
-123.677003,200,188.377227
-4.516304,200,188.424889
-127.479154,200,188.471843
-240.562772,200,188.519992
-126.526326,200,188.569985
-127.297503,200,188.626021
-121.03262,200,188.742582
-125.848761,200,188.799559
-124.281432,200,188.861123
-128.982918,200,189.005361
-122.163029,200,189.060616
-121.104029,200,189.113147
-127.868849,200,189.165042
-232.344449,200,189.216994
-127.364864,200,189.271931
-124.9586,200,189.326524
-121.324543,200,189.380891
-238.225467,200,189.43499
-3.347643,200,189.486722
-123.113394,200,189.619049
-245.233545,200,189.668621
-128.573601,200,189.716859
-241.213148,200,189.765271
-231.010768,200,189.813996
-243.292588,200,189.86235
-240.386582,200,189.911101
-121.501784,200,189.960419
-125.016355,200,190.008936
-368.479257,200,190.058058
-235.06361,200,190.184719
-254.268921,200,190.236008
-236.805234,200,190.284517
-251.574946,200,190.332345
-122.81383,200,190.379685
-118.978594,200,190.427199
-236.846022,200,190.474627
-356.834129,200,190.521952
-127.32676,200,190.568273
-123.423982,200,190.616101
-244.454856,200,190.742523
-119.852613,200,190.790916
-2.628712,200,190.837929
-120.392855,200,190.886112
-246.608764,200,190.933246
-239.826218,200,190.980882
-248.199551,200,191.028036
-120.829581,200,191.075094
-2.612191,200,191.122386
-255.802017,200,191.170255
-248.798273,200,191.300893
-125.557065,200,191.349758
-363.90886,200,191.397793
-119.596932,200,191.445068
-125.971933,200,191.492553
-123.131478,200,191.541312
-127.149459,200,191.591672
-119.389234,200,191.641953
-327.38972,200,191.691352
-244.364521,200,191.741317
-127.276425,200,191.871046
-239.403376,200,191.91858
-240.883129,200,191.968431
-128.15613,200,192.022672
-127.370874,200,192.072534
-233.171374,200,192.119984
-242.547417,200,192.167948
-123.502162,200,192.214485
-122.988094,200,192.262466
-123.301184,200,192.30884
-237.452118,200,192.438214
-128.636059,200,192.487051
-122.479837,200,192.534696
-352.849124,200,192.582283
-126.293619,200,192.630622
-125.644849,200,192.678251
-235.61357,200,192.725021
-241.570969,200,192.772341
-120.48221,200,192.820722
-122.327726,200,192.868157
-119.415347,200,192.994554
-244.651697,200,193.042528
-123.746605,200,193.091644
-2.202929,200,193.142234
-127.918018,200,193.19088
-123.72942,200,193.238602
-121.85934,200,193.286073
-238.16931,200,193.334988
-127.748175,200,193.384365
-119.676817,200,193.432431
-242.069048,200,193.564448
-4.506329,200,193.623245
-126.74817,200,193.672047
-128.650089,200,193.72269
-252.363423,200,193.771318
-124.803952,200,193.818629
-237.894976,200,193.866635
-480.350136,200,193.914441
-127.797487,200,193.962089
-127.378908,200,194.010817
-117.941006,200,194.138986
-348.661343,200,194.187368
-126.487493,200,194.236243
-115.834576,200,194.284362
-122.915984,200,194.332439
-244.979747,200,194.380449
-242.386059,200,194.429633
-126.080742,200,194.47997
-239.103441,200,194.531234
-127.761379,200,194.580456
-340.35993,200,194.733297
-125.333843,200,194.783561
-246.404065,200,194.830708
-118.791154,200,194.877865
-117.239108,200,194.9257
-128.788069,200,194.972577
-4.147569,200,195.020783
-273.685704,200,195.068204
-128.927346,200,195.116768
-240.62098,200,195.164618
-126.221574,200,195.289137
-308.649264,200,195.337641
-371.901607,200,195.385272
-245.527741,200,195.434635
-241.494755,200,195.483358
-127.371875,200,195.533122
-127.201517,200,195.581606
-237.769148,200,195.630149
-124.294884,200,195.680659
-126.142097,200,195.729994
-123.195007,200,195.855819
-128.830224,200,195.903536
-243.350404,200,195.950308
-238.201594,200,195.999302
-243.911818,200,196.049744
-119.669236,200,196.096951
-235.305107,200,196.145921
-124.852422,200,196.194505
-244.032056,200,196.241325
-125.471479,200,196.289095
-119.222357,200,196.412884
-123.742065,200,196.460858
-368.559713,200,196.508441
-354.080964,200,196.558779
-297.271179,200,196.609049
-247.379405,200,196.657745
-322.830722,200,196.708825
-122.042543,200,196.759469
-126.615204,200,196.808288
-3.339969,200,196.857033
-126.214224,200,196.983694
-122.038669,200,197.033526
-2.286691,200,197.083478
-2.455744,200,197.13272
-130.890397,200,197.182184
-127.876916,200,197.22862
-122.423757,200,197.276767
-386.229422,200,197.324438
-363.640391,200,197.37175
-127.646249,200,197.419126
-127.003948,200,197.547584
-124.655862,200,197.598964
-123.292707,200,197.649699
-126.399293,200,197.697406
-122.462925,200,197.745769
-3.008198,200,197.792212
-119.346139,200,197.83977
-118.471613,200,197.887809
-370.021816,200,197.935676
-359.809795,200,197.983862
-238.962881,200,198.109617
-241.442006,200,198.160492
-244.999314,200,198.212441
-242.92498,200,198.2616
-241.972725,200,198.328839
-2.335638,200,198.381333
-126.474076,200,198.43122
-129.771445,200,198.479376
-122.067213,200,198.526923
-244.816637,200,198.57467
-126.446354,200,198.700367
-119.154615,200,198.749538
-125.213784,200,198.796859
-121.234818,200,198.844271
-246.856715,200,198.891487
-3.344522,200,198.939883
-383.293808,200,198.990071
-3.539546,200,199.041199
-2.908868,200,199.091337
-238.710251,200,199.138802
-242.198308,200,199.262631
-129.453049,200,199.310875
-359.149405,200,199.357994
-2.504836,200,199.403636
-242.706878,200,199.451448
-128.389115,200,199.498908
-3.273752,200,199.546414
-129.233944,200,199.594715
-126.1947,200,199.643469
-365.600445,200,199.695742
-3.267973,200,199.827143
-361.764277,200,199.874882
-235.192727,200,199.924214
-246.103969,200,199.971735
-2.31424,200,200.020484
-122.794812,200,200.070127
-118.706523,200,200.117942
-131.466451,200,200.168375
-241.643283,200,200.217533
-120.580671,200,200.268049
-334.46836,200,200.399864
-124.453693,200,200.449747
-126.186447,200,200.50011
-347.350812,200,200.549308
-2.111498,200,200.598539
-126.733547,200,200.64759
-244.536969,200,200.696612
-235.550608,200,200.745993
-124.645989,200,200.794568
-239.768392,200,200.84348
-121.82734,200,200.969441
-122.698168,200,201.016413
-124.421389,200,201.064245
-242.676736,200,201.11225
-244.282712,200,201.162584
-1.85826,200,201.210613
-243.861133,200,201.258853
-254.31072,200,201.305407
-119.773248,200,201.353399
-115.835844,200,201.402244
-2.404733,200,201.527567
-123.138747,200,201.576047
-116.022088,200,201.624273
-3.423373,200,201.672305
-350.711306,200,201.723239
-335.509828,200,201.777048
-355.135906,200,201.831757
-2.609832,200,201.88107
-123.074061,200,201.933521
-127.943398,200,201.987071
-2.808697,200,202.118813
-328.265719,200,202.167355
-128.837088,200,202.216589
-2.451203,200,202.266544
-254.542265,200,202.316987
-127.974574,200,202.365615
-239.915249,200,202.412369
-236.835274,200,202.464868
-237.897609,200,202.51583
-127.861155,200,202.597332
-125.571503,200,202.729217
-379.645991,200,202.778657
-242.484774,200,202.827824
-128.800439,200,202.876178
-240.862004,200,202.922647
-122.030816,200,202.972941
-246.727828,200,203.02206
-233.656233,200,203.068385
-2.19335,200,203.116007
-120.359994,200,203.163716
-364.69803,200,203.295921
-123.31193,200,203.346027
-322.009759,200,203.394083
-239.48338,200,203.442799
-2.548754,200,203.494633
-246.30825,200,203.543412
-6.224022,200,203.592303
-239.333937,200,203.643042
-128.499638,200,203.693298
-126.023677,200,203.742825
-316.932664,200,203.871961
-238.388098,200,203.920895
-253.209057,200,203.973504
-2.467896,200,204.025357
-125.953025,200,204.076356
-2.351249,200,204.125412
-248.907895,200,204.173235
-3.779073,200,204.221794
-126.827424,200,204.269056
-123.198728,200,204.31631
-124.938493,200,204.442667
-237.394023,200,204.492277
-239.485722,200,204.541342
-251.217543,200,204.587656
-2.524678,200,204.636363
-127.210195,200,204.684037
-381.578478,200,204.730927
-246.531026,200,204.779231
-354.009822,200,204.825734
-126.919771,200,204.871966
-236.659737,200,204.997551
-126.083291,200,205.045675
-3.718142,200,205.093167
-128.796847,200,205.14074
-120.044563,200,205.187701
-129.066124,200,205.235219
-121.531291,200,205.283516
-243.046791,200,205.330781
-242.760278,200,205.379517
-3.890565,200,205.4264
-126.266882,200,205.552678
-120.78288,200,205.599455
-127.953508,200,205.649207
-125.419143,200,205.698332
-364.315404,200,205.748649
-246.342867,200,205.797207
-129.810336,200,205.845962
-2.665041,200,205.89321
-251.172867,200,205.940872
-240.050136,200,205.989431
-2.527876,200,206.115862
-129.170456,200,206.165888
-127.058888,200,206.214592
-238.006902,200,206.263934
-118.844738,200,206.312208
-359.186771,200,206.359699
-240.915418,200,206.406392
-376.857326,200,206.454706
-284.812693,200,206.50257
-121.69307,200,206.597477
-2.62996,200,206.732653
-126.778286,200,206.787765
-243.889685,200,206.838887
-121.70538,200,206.888251
-125.462814,200,206.936461
-342.743348,200,206.985538
-254.83171,200,207.034538
-246.794238,200,207.089836
-127.097993,200,207.148605
-124.599728,200,207.203033
-245.141678,200,207.335245
-238.815843,200,207.385801
-240.858542,200,207.433825
-236.295275,200,207.483944
-370.223263,200,207.565098
-125.817045,200,207.620241
-2.10451,200,207.673425
-244.86278,200,207.723137
-127.230966,200,207.772291
-118.489941,200,207.821337
-3.398473,200,207.949539
-2.750784,200,207.999005
-127.794327,200,208.047225
-239.213474,200,208.094042
-118.718109,200,208.144278
-362.05103,200,208.192574
-124.29561,200,208.240104
-249.440706,200,208.2902
-232.771851,200,208.338783
-128.841669,200,208.386271
-348.998423,200,208.510473
-126.906742,200,208.558327
-324.800112,200,208.60898
-236.912434,200,208.65712
-243.307197,200,208.706512
-125.061243,200,208.7542
-2.251635,200,208.803661
-242.299908,200,208.85218
-365.034491,200,208.901191
-2.348492,200,208.948162
-273.91462,200,209.076703
-235.015724,200,209.125825
-248.894843,200,209.180214
-376.439036,200,209.229803
-126.678374,200,209.280789
-127.454348,200,209.338116
-6.102513,200,209.393863
-121.454309,200,209.444793
-241.024458,200,209.4956
-247.635313,200,209.550225
-126.033723,200,209.708109
-122.51133,200,209.757131
-122.678576,200,209.81137
-125.901394,200,209.878378
-125.837922,200,209.939635
-124.389908,200,209.988954
-3.728481,200,210.040224
-124.94628,200,210.093469
-233.772883,200,210.142442
-124.964565,200,210.192099
-237.132509,200,210.326376
-128.600878,200,210.412315
-127.537465,200,210.463818
-120.525913,200,210.514829
-128.005679,200,210.565945
-253.901022,200,210.615503
-423.418015,200,210.663331
-120.32636,200,210.712818
-125.015325,200,210.760881
-128.611878,200,210.812661
-241.786065,200,210.945763
-238.174671,200,210.992615
-2.828957,200,211.041315
-127.707046,200,211.090529
-126.033678,200,211.139787
-241.241837,200,211.187839
-116.976193,200,211.235726
-126.386031,200,211.283229
-126.01415,200,211.336437
-233.79948,200,211.384146
-257.351189,200,211.509268
-123.135609,200,211.557033
-245.831161,200,211.605323
-118.479749,200,211.65591
-241.490667,200,211.705542
-122.413563,200,211.756259
-241.42833,200,211.804075
-125.084614,200,211.85276
-255.479034,200,211.900953
-243.87432,200,211.949488
-126.195307,200,212.078377
-123.879515,200,212.126393
-326.443875,200,212.173837
-123.225491,200,212.22165
-2.647395,200,212.268123
-311.454758,200,212.315804
-239.684607,200,212.36323
-116.755229,200,212.410432
-118.1839,200,212.457748
-367.626016,200,212.504853
-126.683432,200,212.631124
-127.396815,200,212.688154
-130.403046,200,212.74365
-231.823335,200,212.796703
-2.262855,200,212.843716
-256.535914,200,212.894843
-122.791438,200,212.950255
-125.482705,200,213.001471
-243.612049,200,213.051026
-127.512237,200,213.100646
-123.494196,200,213.228837
-124.849512,200,213.278974
-363.833345,200,213.326729
-129.348447,200,213.374455
-356.775282,200,213.426097
-336.959733,200,213.479551
-237.730697,200,213.529791
-244.44986,200,213.58059
-125.951301,200,213.633314
-2.069392,200,213.716745
-4.449567,200,213.84695
-127.573155,200,213.894729
-120.722398,200,213.944003
-122.81573,200,213.99225
-244.55577,200,214.040168
-128.428491,200,214.0882
-237.162572,200,214.138098
-357.831151,200,214.191497
-328.852798,200,214.245854
-125.682751,200,214.296756
-238.539072,200,214.433175
-127.139226,200,214.483679
-248.936702,200,214.534301
-127.788456,200,214.581493
-127.008195,200,214.629691
-230.17473,200,214.679275
-247.024956,200,214.72724
-127.60017,200,214.774759
-2.541692,200,214.823598
-124.368598,200,214.870328
-120.669539,200,215.006449
-127.309589,200,215.059901
-119.33097,200,215.111276
-123.685445,200,215.162878
-244.770178,200,215.218257
-127.294319,200,215.272186
-121.472021,200,215.326268
-245.608158,200,215.378029
-124.686612,200,215.430072
-126.455749,200,215.477671
-363.953975,200,215.604783
-123.848416,200,215.654125
-237.680898,200,215.706722
-359.706517,200,215.759174
-240.494859,200,215.810239
-248.114256,200,215.861801
-353.703735,200,215.914014
-125.801597,200,215.96686
-120.487395,200,216.018423
-365.169202,200,216.066353
-122.775346,200,216.220814
-359.318175,200,216.268957
-126.927961,200,216.316798
-122.018576,200,216.363838
-2.185318,200,216.414951
-5.600908,200,216.468597
-128.14572,200,216.517778
-128.471837,200,216.565285
-253.284368,200,216.617979
-128.563446,200,216.66972
-243.344069,200,216.809861
-121.696751,200,216.867867
-2.651094,200,216.916862
-115.614532,200,216.965815
-123.550459,200,217.01419
-123.918221,200,217.062661
-248.27336,200,217.110859
-242.391657,200,217.163081
-120.265463,200,217.21314
-240.914329,200,217.263124
-235.389558,200,217.391309
-126.898773,200,217.438347
-237.875661,200,217.48454
-345.567737,200,217.531936
-248.164857,200,217.579762
-119.747008,200,217.628578
-127.796877,200,217.677038
-243.043822,200,217.723516
-126.012754,200,217.770669
-130.347594,200,217.817122
-235.315219,200,217.944581
-115.070328,200,217.991617
-1.902051,200,218.038646
-123.126581,200,218.084811
-242.778587,200,218.131932
-126.611846,200,218.181414
-6.885467,200,218.229799
-366.672975,200,218.279996
-125.978149,200,218.33067
-1.956906,200,218.382869
-118.399474,200,218.512027
-3.337225,200,218.559425
-124.890381,200,218.607154
-354.417915,200,218.655537
-127.66437,200,218.705592
-124.738235,200,218.754319
-1.975825,200,218.801563
-126.125187,200,218.850756
-123.423366,200,218.901357
-374.02586,200,218.951629
-124.929473,200,219.081915
-312.467318,200,219.130874
-245.028437,200,219.180891
-255.468168,200,219.229935
-357.726066,200,219.279081
-236.332544,200,219.328381
-2.216552,200,219.378122
-343.970886,200,219.429734
-339.123041,200,219.480085
-2.225794,200,219.528512
-249.777636,200,219.655354
-120.266026,200,219.704686
-248.413097,200,219.753707
-124.976911,200,219.801693
-124.450485,200,219.848923
-244.916519,200,219.897976
-127.003413,200,219.94657
-246.162415,200,219.994362
-233.233122,200,220.042896
-120.846337,200,220.135401
-3.470392,200,220.267392
-120.921542,200,220.320771
-123.526073,200,220.372485
-2.238959,200,220.420746
-125.48651,200,220.469691
-1.708434,200,220.518781
-120.381268,200,220.566612
-234.738609,200,220.617688
-125.642732,200,220.669548
-122.536449,200,220.717864
-122.874501,200,220.84607
-122.930404,200,220.895898
-242.871357,200,220.948145
-120.290435,200,220.998484
-237.830876,200,221.048596
-125.769783,200,221.103939
-3.366835,200,221.156814
-120.029749,200,221.211553
-125.172821,200,221.262395
-124.064802,200,221.31085
-379.685937,200,221.440439
-121.868933,200,221.519442
-250.106757,200,221.570167
-127.059719,200,221.61982
-2.166173,200,221.668669
-128.045378,200,221.719525
-126.808343,200,221.770483
-127.589823,200,221.818957
-124.973265,200,221.868581
-130.55253,200,221.917762
-124.118015,200,222.0479
-124.512788,200,222.097745
-242.419213,200,222.145554
-126.96012,200,222.193892
-2.600755,200,222.242254
-126.124948,200,222.293672
-236.008446,200,222.346286
-126.640405,200,222.396402
-3.314868,200,222.447799
-237.556025,200,222.499285
-124.697992,200,222.632866
-2.845534,200,222.682045
-126.60228,200,222.730008
-124.656487,200,222.778433
-123.327844,200,222.826461
-246.429476,200,222.874078
-239.805066,200,222.924885
-116.220665,200,222.977397
-123.820951,200,223.029303
-126.663203,200,223.081709
-123.169896,200,223.208658
-237.02058,200,223.258642
-116.395808,200,223.311515
-2.478696,200,223.369305
-126.520638,200,223.430817
-125.682472,200,223.480286
-245.447017,200,223.528309
-2.747446,200,223.578288
-119.420958,200,223.627377
-3.546844,200,223.67733
-125.536321,200,223.811283
-125.526011,200,223.861747
-233.033275,200,223.912366
-243.483064,200,223.964197
-243.004137,200,224.014051
-242.114912,200,224.061138
-238.599059,200,224.110659
-2.384787,200,224.157697
-120.921342,200,224.207153
-244.666765,200,224.253679
-2.411537,200,224.380372
-128.167507,200,224.428849
-244.794413,200,224.477035
-120.521859,200,224.525392
-245.975493,200,224.574866
-239.356262,200,224.622255
-121.270765,200,224.670117
-125.413582,200,224.718176
-127.35084,200,224.765458
-362.948082,200,224.813113
-9.592442,200,224.937936
-116.522977,200,224.986052
-116.427574,200,225.033506
-126.934506,200,225.080961
-236.804014,200,225.128617
-124.001964,200,225.175961
-124.404799,200,225.223346
-238.287607,200,225.270891
-119.999819,200,225.317113
-122.689522,200,225.364405
-407.774992,200,225.487036
-118.90513,200,225.534927
-2.986831,200,225.583164
-304.196287,200,225.631415
-239.332237,200,225.678939
-245.644123,200,225.726251
-127.091171,200,225.774619
-2.291941,200,225.822115
-124.963891,200,225.870089
-338.02135,200,225.916509
-258.488564,200,226.041159
-238.391961,200,226.090326
-123.308604,200,226.137444
-240.186674,200,226.184685
-239.258723,200,226.231512
-119.137405,200,226.279396
-127.822023,200,226.327096
-127.031089,200,226.373342
-129.212481,200,226.421155
-116.390512,200,226.468175
-116.190146,200,226.630922
-122.467959,200,226.683711
-242.280258,200,226.73722
-119.059622,200,226.787744
-2.30092,200,226.83476
-361.336439,200,226.881918
-127.117545,200,226.930269
-123.516361,200,226.979965
-330.556447,200,227.029636
-242.7896,200,227.079152
-238.897242,200,227.205088
-238.271423,200,227.253176
-125.900145,200,227.300428
-117.679571,200,227.347434
-127.265544,200,227.394751
-1.926933,200,227.443176
-124.164215,200,227.490154
-3.782842,200,227.538298
-123.637381,200,227.586941
-124.886066,200,227.635143
-125.781995,200,227.761782
-127.195124,200,227.814584
-2.344977,200,227.865148
-117.6281,200,227.913874
-127.796986,200,227.961901
-134.985957,200,228.009
-362.576834,200,228.057621
-126.490799,200,228.107733
-119.746387,200,228.157424
-345.679899,200,228.205
-327.568306,200,228.330134
-247.831174,200,228.378503
-326.148355,200,228.426291
-122.40344,200,228.472766
-376.542434,200,228.520569
-125.259577,200,228.567495
-350.058398,200,228.617783
-246.40345,200,228.669893
-129.162168,200,228.71665
-122.410493,200,228.764726
-241.591485,200,228.891157
-121.204803,200,228.939613
-121.558704,200,228.988798
-247.615931,200,229.039754
-251.678084,200,229.089928
-2.8733,200,229.138815
-121.276818,200,229.18664
-248.102104,200,229.234328
-125.728955,200,229.282223
-127.012032,200,229.329161
-123.169221,200,229.45833
-1.884663,200,229.506463
-121.85692,200,229.556289
-3.602315,200,229.604899
-353.73246,200,229.652655
-125.275286,200,229.701207
-125.129028,200,229.749096
-246.591774,200,229.797333
-126.366474,200,229.844875
-241.262101,200,229.891456
-228.34719,200,230.016851
-239.644457,200,230.064667
-116.193586,200,230.111905
-355.866532,200,230.162851
-240.057585,200,230.211037
-353.260857,200,230.262271
-1.939885,200,230.315319
-126.125332,200,230.364229
-230.803816,200,230.41362
-351.995102,200,230.462171
-125.543729,200,230.589439
-119.35171,200,230.638776
-130.640502,200,230.687332
-121.215027,200,230.735564
-126.302133,200,230.7867
-350.962048,200,230.84018
-244.846815,200,230.889165
-242.647154,200,230.937228
-245.856683,200,230.983677
-246.830204,200,231.032779
-351.504813,200,231.182987
-2.055994,200,231.232793
-126.353774,200,231.282189
-239.524357,200,231.332668
-2.210586,200,231.38137
-122.862984,200,231.428911
-121.010937,200,231.477836
-240.619562,200,231.525695
-246.563568,200,231.574153
-121.841253,200,231.62572
-120.593639,200,231.759363
-248.599273,200,231.808112
-273.219876,200,231.857717
-127.997819,200,231.905311
-239.399642,200,231.955413
-3.151624,200,232.007347
-239.570192,200,232.060908
-234.948423,200,232.115303
-125.081634,200,232.164389
-123.451411,200,232.212897
-124.493383,200,232.34521
-237.306583,200,232.397811
-303.985666,200,232.451304
-242.403989,200,232.50235
-242.356144,200,232.549063
-115.255987,200,232.5971
-243.417757,200,232.649166
-137.938954,200,232.705643
-2.229136,200,232.760846
-323.988979,200,232.810698
-237.614265,200,232.937569
-231.941007,200,232.987053
-127.467004,200,233.040307
-250.410797,200,233.088482
-2.303871,200,233.136576
-244.674956,200,233.182444
-241.750953,200,233.231647
-238.2826,200,233.280655
-357.38913,200,233.330241
-117.271411,200,233.384032
-2.582704,200,233.520231
-130.87234,200,233.569053
-259.469652,200,233.64303
-119.349568,200,233.691977
-2.780044,200,233.740638
-115.90723,200,233.788737
-123.138947,200,233.836852
-117.366021,200,233.884644
-2.652489,200,233.932178
-121.30161,200,233.979338
-126.589236,200,234.106542
-240.365128,200,234.154388
-125.048735,200,234.20235
-118.683202,200,234.249397
-327.429828,200,234.296957
-240.547702,200,234.344689
-117.714985,200,234.39154
-238.614555,200,234.438486
-2.096352,200,234.486706
-237.262988,200,234.535983
-127.635955,200,234.66304
-124.901221,200,234.711674
-361.380747,200,234.76303
-122.404902,200,234.811698
-243.796448,200,234.860152
-167.107761,200,234.906472
-250.748722,200,234.953185
-126.139423,200,235.000029
-120.048305,200,235.047567
-238.635854,200,235.095162
-3.060452,200,235.224917
-128.359199,200,235.276633
-2.592467,200,235.326574
-244.376102,200,235.373968
-349.960341,200,235.421878
-123.54027,200,235.470534
-127.765988,200,235.517551
-128.679284,200,235.567341
-233.609256,200,235.614951
-118.262359,200,235.663943
-232.091173,200,235.789026
-365.601548,200,235.838177
-366.389673,200,235.883924
-245.252646,200,235.931444
-123.412121,200,235.978238
-121.923235,200,236.02573
-237.299776,200,236.072775
-117.822721,200,236.118974
-126.427926,200,236.165644
-240.403909,200,236.212906
-239.709865,200,236.34524
-125.466029,200,236.393819
-120.880485,200,236.444366
-4.59466,200,236.493718
-358.90144,200,236.544483
-240.541837,200,236.592535
-124.754209,200,236.640591
-1.936371,200,236.690586
-119.559839,200,236.740997
-238.73585,200,236.789123
-123.820398,200,236.913705
-119.564947,200,236.962951
-121.791045,200,237.009939
-120.070175,200,237.057472
-122.68663,200,237.10525
-124.135675,200,237.150889
-128.98712,200,237.197974
-249.540821,200,237.244805
-123.342723,200,237.292236
-2.89446,200,237.339652
-243.538426,200,237.470526
-239.028254,200,237.520111
-3.093962,200,237.569012
-119.843098,200,237.618812
-126.361292,200,237.668137
-120.384469,200,237.716403
-126.732268,200,237.766651
-124.800841,200,237.815996
-242.393971,200,237.864196
-120.917411,200,237.910882
-125.689367,200,238.037546
-316.021026,200,238.085017
-233.27297,200,238.131573
-125.990114,200,238.178816
-234.305142,200,238.226893
-235.963595,200,238.275929
-121.691365,200,238.325867
-2.312789,200,238.37443
-228.61568,200,238.423305
-4.814402,200,238.472563
-247.15343,200,238.601104
-118.731966,200,238.650264
-124.919786,200,238.698798
-126.815552,200,238.745831
-2.198696,200,238.793941
-241.684145,200,238.841796
-124.223797,200,238.890634
-122.836886,200,238.938547
-233.261862,200,238.986993
-125.206906,200,239.034785
-373.367055,200,239.161859
-235.933134,200,239.211711
-1.714005,200,239.259757
-125.738459,200,239.308133
-372.40708,200,239.355208
-243.910155,200,239.402844
-242.449664,200,239.450496
-127.001601,200,239.498335
-242.274138,200,239.545941
-125.605806,200,239.594641
-246.241724,200,239.720847
-126.747869,200,239.768655
-313.845239,200,239.816934
-124.64141,200,239.864086
-234.98276,200,239.91122
-242.121842,200,239.957249
-245.110133,200,240.00419
-117.79986,200,240.051776
-125.207725,200,240.099722
-125.214387,200,240.149935
-232.787153,200,240.279114
-238.641911,200,240.328785
-339.917112,200,240.378307
-124.961899,200,240.427335
-120.809173,200,240.477699
-124.14531,200,240.554333
-245.977005,200,240.603132
-3.105015,200,240.651278
-125.552837,200,240.699742
-241.152464,200,240.747882
-122.175563,200,240.87681
-121.185122,200,240.925226
-330.43202,200,240.973834
-122.676301,200,241.021846
-115.840484,200,241.069459
-120.352307,200,241.117122
-2.361142,200,241.164737
-2.818926,200,241.213002
-131.201165,200,241.261686
-120.588474,200,241.310414
-123.26403,200,241.443584
-125.859923,200,241.493134
-239.667245,200,241.541302
-123.951053,200,241.590679
-255.037914,200,241.638971
-354.895446,200,241.687024
-342.055514,200,241.737345
-376.602493,200,241.784746
-127.444054,200,241.831862
-325.735713,200,241.879178
-119.050551,200,242.00362
-131.783953,200,242.051468
-243.13961,200,242.099013
-125.627224,200,242.146054
-225.84066,200,242.193478
-363.839445,200,242.24272
-2.490921,200,242.291233
-123.113159,200,242.339922
-2.189836,200,242.388532
-123.584797,200,242.437471
-347.5105,200,242.567694
-245.024114,200,242.61912
-121.573361,200,242.668526
-345.554576,200,242.719776
-238.089638,200,242.767692
-364.786473,200,242.816262
-120.611209,200,242.864436
-125.917186,200,242.913739
-127.532611,200,242.963177
-356.745166,200,243.011465
-120.971117,200,243.140518
-2.707299,200,243.189695
-121.481011,200,243.240201
-119.980192,200,243.289846
-245.074407,200,243.339697
-124.126191,200,243.389263
-2.670239,200,243.438061
-380.631034,200,243.486737
-125.030389,200,243.536554
-122.69277,200,243.58624
-122.88843,200,243.721008
-121.157954,200,243.769928
-289.309388,200,243.818616
-241.217924,200,243.867415
-3.922332,200,243.915431
-117.532651,200,243.963218
-237.679763,200,244.012733
-366.872123,200,244.061847
-2.696751,200,244.109831
-129.697704,200,244.157909
-125.276406,200,244.284211
-232.879358,200,244.330883
-125.403619,200,244.37931
-5.812854,200,244.426138
-128.722366,200,244.479952
-118.450194,200,244.530515
-127.298494,200,244.579595
-237.479094,200,244.628467
-337.102158,200,244.678828
-237.904009,200,244.728222
-235.647333,200,244.857518
-122.718503,200,244.908587
-122.588966,200,244.957865
-120.776799,200,245.006095
-235.075761,200,245.054335
-244.375255,200,245.100723
-350.919016,200,245.147393
-127.398063,200,245.194515
-3.21205,200,245.241946
-126.033266,200,245.289153
-364.602764,200,245.412455
-117.654697,200,245.461162
-127.463639,200,245.50843
-122.468569,200,245.554822
-118.518267,200,245.60252
-123.898621,200,245.650287
-355.094343,200,245.696985
-234.78679,200,245.743835
-125.992163,200,245.791401
-126.353197,200,245.838473
-373.745537,200,245.963194
-233.948386,200,246.01072
-119.84966,200,246.057514
-230.169258,200,246.104594
-127.84043,200,246.151359
-121.145197,200,246.198788
-371.70699,200,246.244417
-248.597264,200,246.291267
-122.820257,200,246.33836
-123.977027,200,246.385955
-123.983204,200,246.511789
-118.46534,200,246.559122
-121.168342,200,246.605837
-118.383545,200,246.654533
-125.831918,200,246.703029
-3.192969,200,246.753023
-124.613624,200,246.801521
-118.211793,200,246.849474
-245.67294,200,246.89666
-118.427315,200,246.943474
-129.234664,200,247.070342
-124.813027,200,247.118214
-128.947231,200,247.165228
-127.603353,200,247.212324
-130.032023,200,247.259099
-245.875772,200,247.306394
-118.549789,200,247.354534
-243.902316,200,247.402162
-126.081615,200,247.449348
-241.356836,200,247.497128
-246.788289,200,247.621678
-240.883205,200,247.671912
-241.172432,200,247.721428
-246.856086,200,247.771032
-122.020461,200,247.818662
-126.971955,200,247.865622
-128.115915,200,247.912074
-236.632348,200,247.958573
-1.931377,200,248.005436
-232.283847,200,248.051977
-122.794911,200,248.178477
-246.788876,200,248.247797
-245.115342,200,248.297146
-345.134798,200,248.344244
-2.511091,200,248.390228
-125.013677,200,248.437902
-264.550692,200,248.486849
-123.277152,200,248.534447
-122.082965,200,248.581174
-237.157142,200,248.628652
-122.845437,200,248.755886
-123.926524,200,248.803376
-237.023976,200,248.851236
-309.060864,200,248.899512
-236.659643,200,248.945179
-331.810393,200,248.99431
-120.272608,200,249.041432
-125.815109,200,249.089329
-128.389841,200,249.136835
-245.53287,200,249.184603
-2.142313,200,249.310717
-352.801421,200,249.357335
-350.215828,200,249.403748
-5.598408,200,249.45088
-119.927992,200,249.499588
-123.659924,200,249.546691
-128.496143,200,249.593433
-124.514532,200,249.641197
-1.674624,200,249.697548
-234.013363,200,249.753502
-232.592686,200,249.885535
-118.025462,200,249.94279
-126.902288,200,249.993121
-359.006421,200,250.042737
-231.911443,200,250.09046
-365.514751,200,250.140964
-122.205641,200,250.218493
-124.583738,200,250.300864
-133.117416,200,250.352563
-2.856521,200,250.403715
-343.483018,200,250.532498
-125.451951,200,250.58076
-1.830979,200,250.62827
-128.305494,200,250.6778
-121.61623,200,250.72759
-234.813384,200,250.77737
-1.911848,200,250.825072
-2.599557,200,250.871972
-1.8369,200,250.9202
-119.747116,200,250.968058
-377.544321,200,251.094215
-118.38692,200,251.14127
-116.287923,200,251.191696
-2.442458,200,251.241723
-233.082173,200,251.291118
-2.016,200,251.340392
-119.407441,200,251.387708
-307.727977,200,251.436633
-124.649797,200,251.485757
-119.193266,200,251.533148
-123.003728,200,251.661369
-123.988649,200,251.710981
-232.877895,200,251.762094
-125.118817,200,251.809977
-124.695939,200,251.857944
-229.108009,200,251.907338
-244.854499,200,251.955716
-238.757738,200,252.003168
-123.803412,200,252.050094
-126.163891,200,252.096403
-121.889039,200,252.223837
-123.031891,200,252.271924
-121.132847,200,252.319097
-125.40497,200,252.366665
-123.433829,200,252.413797
-126.50201,200,252.460925
-228.120174,200,252.50912
-246.754289,200,252.556414
-5.539479,200,252.603366
-124.824404,200,252.651923
-126.744457,200,252.777298
-123.028975,200,252.825716
-391.404618,200,252.871953
-293.798834,200,252.918804
-240.201905,200,252.967244
-116.386945,200,253.015601
-2.090486,200,253.064029
-125.915604,200,253.111231
-239.989235,200,253.159276
-132.366115,200,253.206418
-237.959967,200,253.330638
-2.963775,200,253.378828
-121.402238,200,253.425513
-352.154996,200,253.472536
-121.915623,200,253.51926
-295.985692,200,253.56634
-122.393511,200,253.613347
-123.055901,200,253.660561
-248.618287,200,253.709407
-125.73736,200,253.756823
-126.879417,200,253.879808
-236.116538,200,253.926541
-236.370489,200,253.972974
-121.735731,200,254.019414
-376.565919,200,254.065829
-122.158188,200,254.112441
-125.400849,200,254.158408
-379.345117,200,254.206236
-128.322719,200,254.252464
-124.880137,200,254.298696
-240.090662,200,254.422954
-359.75786,200,254.471296
-374.050625,200,254.518069
-123.361989,200,254.564543
-121.921889,200,254.612519
-127.867868,200,254.659719
-125.222082,200,254.707904
-125.083761,200,254.755507
-115.483518,200,254.802877
-5.377064,200,254.849212
-238.703082,200,254.976168
-234.512559,200,255.023691
-126.305098,200,255.07169
-118.267355,200,255.11865
-127.841163,200,255.166269
-245.927329,200,255.213974
-126.244842,200,255.260949
-2.205266,200,255.309049
-239.680071,200,255.355569
-124.029041,200,255.405075
-2.110687,200,255.56369
-2.305765,200,255.62207
-125.725684,200,255.680438
-250.200931,200,255.735159
-124.119864,200,255.791694
-2.840825,200,255.846954
-124.758739,200,255.900937
-345.828115,200,255.949132
-127.206291,200,256.001082
-125.701828,200,256.051625
-334.909537,200,256.179248
-122.912591,200,256.24847
-124.239523,200,256.301438
-237.316842,200,256.349174
-241.930487,200,256.401314
-2.534357,200,256.455911
-127.052002,200,256.510135
-352.436312,200,256.563023
-237.295121,200,256.61883
-124.522786,200,256.675991
-127.16326,200,256.81985
-244.187591,200,256.872134
-239.482864,200,256.921259
-122.125077,200,256.971729
-364.425686,200,257.050714
-3.138283,200,257.101164
-126.024674,200,257.150849
-374.31296,200,257.199167
-126.254428,200,257.250511
-319.934218,200,257.309599
-244.992655,200,257.449082
-118.87485,200,257.499054
-249.039101,200,257.551803
-320.776766,200,257.609177
-357.117342,200,257.66528
-126.78618,200,257.718811
-120.218745,200,257.779515
-117.907677,200,257.832243
-122.727115,200,257.882496
-250.155147,200,257.966147
-126.550248,200,258.09924
-128.590095,200,258.148459
-241.764862,200,258.195797
-123.137061,200,258.245761
-123.610846,200,258.2952
-242.963692,200,258.343564
-240.355555,200,258.393003
-248.2848,200,258.44044
-356.297718,200,258.489063
-241.36819,200,258.538213
-2.333201,200,258.664301
-123.537207,200,258.713447
-238.378079,200,258.766525
-122.413365,200,258.821166
-230.807311,200,258.872576
-337.446354,200,258.920406
-440.665319,200,258.969375
-129.142756,200,259.018633
-242.64673,200,259.06723
-248.222316,200,259.118898
-253.275645,200,259.245649
-120.608966,200,259.293962
-374.964866,200,259.341789
-127.531425,200,259.389873
-241.542121,200,259.439347
-236.859989,200,259.487564
-120.180412,200,259.534044
-119.767223,200,259.581361
-131.397782,200,259.630442
-245.22502,200,259.679113
-127.57251,200,259.850705
-242.747715,200,259.911685
-353.637615,200,259.967612
-126.152769,200,260.021747
-124.878863,200,260.071958
-124.017384,200,260.120576
-2.044146,200,260.169253
-122.161483,200,260.218885
-2.875058,200,260.270304
-129.49441,200,260.321108
-235.592568,200,260.45099
-129.750114,200,260.499899
-123.156915,200,260.558098
-125.317412,200,260.612317
-126.644831,200,260.666454
-120.919122,200,260.716105
-1.921828,200,260.798223
-126.113416,200,260.851087
-2.463711,200,260.901686
-2.92125,200,260.949637
-125.382282,200,261.079508
-247.95314,200,261.128458
-370.435056,200,261.190758
-348.680517,200,261.245713
-124.222054,200,261.296101
-231.841819,200,261.344742
-2.952699,200,261.438576
-120.97706,200,261.497317
-242.540772,200,261.552611
-123.20626,200,261.606005
-3.754142,200,261.742094
-360.098004,200,261.794488
-126.467151,200,261.843766
-234.889399,200,261.899798
-128.263796,200,261.956282
-127.337614,200,262.012004
-239.804717,200,262.067051
-359.625121,200,262.120706
-121.965554,200,262.198922
-309.878497,200,262.24943
-246.319964,200,262.375159
-243.678751,200,262.425681
-116.446429,200,262.476729
-239.777068,200,262.524501
-124.888962,200,262.571007
-347.519173,200,262.61922
-2.606542,200,262.667293
-128.448758,200,262.718874
-118.545341,200,262.768521
-4.333262,200,262.815931
-127.869062,200,262.948831
-236.209231,200,263.000826
-125.861214,200,263.050778
-374.60464,200,263.097747
-235.945145,200,263.147361
-128.388961,200,263.195711
-120.91491,200,263.244697
-374.660549,200,263.291971
-365.465665,200,263.344524
-127.981362,200,263.394443
-1.913949,200,263.56261
-344.759062,200,263.61219
-234.142855,200,263.668905
-2.260519,200,263.720217
-126.688054,200,263.769939
-236.580454,200,263.821175
-123.467515,200,263.868298
-118.879918,200,263.917785
-125.203936,200,263.967691
-120.34722,200,264.016875
-3.562206,200,264.145365
-127.668226,200,264.196537
-3.222025,200,264.246253
-124.667197,200,264.295094
-117.590799,200,264.344799
-246.584185,200,264.395218
-125.367391,200,264.450463
-127.879885,200,264.503102
-226.752538,200,264.55951
-125.888439,200,264.611081
-365.53502,200,264.738986
-126.426021,200,264.788868
-119.426391,200,264.838146
-4.14693,200,264.885652
-121.064004,200,264.932623
-2.037697,200,264.980796
-3.3864,200,265.028707
-121.80835,200,265.080973
-121.231353,200,265.129564
-227.614346,200,265.177794
-122.797101,200,265.328176
-125.331004,200,265.378974
-123.364869,200,265.426902
-2.204409,200,265.473482
-120.344795,200,265.522064
-245.081719,200,265.570011
-231.177205,200,265.618991
-122.632412,200,265.665652
-121.887401,200,265.71338
-128.049483,200,265.760231
-239.152996,200,265.884837
-121.339182,200,265.932984
-122.525984,200,265.980082
-123.85472,200,266.027577
-120.581467,200,266.076182
-239.403973,200,266.124467
-124.349142,200,266.171082
-357.849025,200,266.219112
-235.755769,200,266.266911
-120.312587,200,266.314628
-124.490245,200,266.439938
-2.225921,200,266.488034
-122.373657,200,266.53621
-123.373977,200,266.584833
-117.978022,200,266.631136
-126.239574,200,266.679053
-126.326206,200,266.729234
-125.511649,200,266.778066
-125.543431,200,266.825933
-119.488545,200,266.873306
-115.967741,200,267.000573
-120.860906,200,267.050094
-6.081027,200,267.096626
-121.337036,200,267.143733
-127.517934,200,267.190885
-124.410472,200,267.237907
-361.070297,200,267.285132
-121.361243,200,267.333094
-126.143823,200,267.379803
-247.520581,200,267.426615
-127.021217,200,267.55161
-124.441778,200,267.598938
-124.533197,200,267.646368
-123.712979,200,267.693891
-241.775816,200,267.741134
-246.637065,200,267.787812
-302.216677,200,267.835479
-123.447265,200,267.882621
-117.212531,200,267.929669
-116.284033,200,267.976628
-120.211874,200,268.101433
-127.753266,200,268.149264
-121.101133,200,268.196961
-242.165628,200,268.24449
-128.236199,200,268.295487
-361.173334,200,268.346435
-249.000257,200,268.395707
-120.982036,200,268.44304
-125.737644,200,268.49136
-123.163483,200,268.538905
-123.964624,200,268.663726
-124.958079,200,268.713121
-117.580331,200,268.760209
-127.391811,200,268.807123
-241.36573,200,268.855214
-126.806539,200,268.902032
-116.749146,200,268.949704
-2.899503,200,268.996563
-128.113991,200,269.04398
-126.705237,200,269.091582
-117.987321,200,269.214855
-352.46647,200,269.261858
-126.398748,200,269.309072
-340.091628,200,269.357093
-243.345176,200,269.403392
-123.645695,200,269.451209
-121.085593,200,269.499014
-2.160079,200,269.547403
-247.767062,200,269.593725
-123.219624,200,269.642191
-241.401604,200,269.769929
-126.263674,200,269.818719
-126.125334,200,269.867057
-126.136296,200,269.914858
-235.826814,200,269.961776
-237.617741,200,270.008904
-130.38429,200,270.058202
-3.22338,200,270.104731
-4.469141,200,270.150803
-350.731353,200,270.197591
-237.463411,200,270.322988
-3.246499,200,270.370944
-3.155757,200,270.419332
-126.502564,200,270.466355
-361.774603,200,270.513249
-4.220195,200,270.56105
-253.960751,200,270.60888
-256.092213,200,270.656704
-366.799676,200,270.703663
-126.304109,200,270.751338
-357.623961,200,270.87628
-121.681157,200,270.92403
-122.354948,200,270.971647
-3.402883,200,271.018983
-323.373562,200,271.066258
-124.07961,200,271.113589
-246.219626,200,271.159633
-321.074965,200,271.206707
-232.823273,200,271.253255
-365.381647,200,271.299838
-121.607891,200,271.424865
-123.731238,200,271.473032
-240.411095,200,271.520451
-243.630716,200,271.568748
-322.048386,200,271.617935
-124.805269,200,271.666214
-2.330203,200,271.715771
-127.582386,200,271.765764
-2.467497,200,271.813068
-126.193375,200,271.859183
-124.967011,200,271.981848
-379.95716,200,272.031283
-247.196813,200,272.07916
-242.688411,200,272.125536
-122.973017,200,272.171667
-243.69474,200,272.219319
-128.044221,200,272.267515
-126.252103,200,272.315564
-239.230575,200,272.36319
-123.990636,200,272.40912
-266.107581,200,272.536405
-127.953803,200,272.584358
-243.890264,200,272.631924
-241.465142,200,272.679607
-325.447948,200,272.72787
-122.023829,200,272.773499
-126.029698,200,272.821497
-355.925738,200,272.868527
-309.535025,200,272.917835
-3.527794,200,272.96497
-128.818081,200,273.089337
-3.640725,200,273.13604
-122.542009,200,273.184662
-124.800132,200,273.231554
-119.864481,200,273.278369
-125.967089,200,273.325422
-355.937808,200,273.374102
-123.313637,200,273.422444
-2.124336,200,273.494785
-238.071026,200,273.543459
-3.083966,200,273.667504
-265.906394,200,273.715736
-245.409123,200,273.762865
-120.146921,200,273.808694
-122.252311,200,273.855439
-120.62178,200,273.901389
-119.535659,200,273.947678
-128.342724,200,273.994853
-128.441639,200,274.045071
-247.021351,200,274.122341
-126.483185,200,274.25078
-126.654888,200,274.301698
-124.089162,200,274.34924
-128.339995,200,274.401074
-2.861,200,274.448538
-123.670242,200,274.496042
-126.059238,200,274.546528
-126.793107,200,274.596214
-118.193739,200,274.64498
-118.493099,200,274.693421
-1.885479,200,274.817669
-2.333403,200,274.866353
-302.040562,200,274.915225
-239.270115,200,274.962873
-243.268087,200,275.012945
-359.069015,200,275.063649
-127.36479,200,275.11425
-338.348378,200,275.162135
-118.074875,200,275.209518
-121.898541,200,275.257031
-125.568641,200,275.386551
-235.566333,200,275.437536
-122.074825,200,275.488862
-298.944291,200,275.537403
-5.037492,200,275.585969
-125.804272,200,275.634163
-121.6539,200,275.682647
-118.6216,200,275.732007
-119.142877,200,275.779767
-244.166303,200,275.827751
-121.290226,200,275.951699
-127.833864,200,276.000379
-240.738178,200,276.048745
-233.392731,200,276.096779
-222.139942,200,276.144833
-236.059355,200,276.191701
-118.907845,200,276.239378
-120.040773,200,276.286718
-249.689693,200,276.333973
-232.92766,200,276.381786
-127.708628,200,276.506898
-122.718552,200,276.556278
-357.941862,200,276.603679
-239.082403,200,276.650603
-117.297021,200,276.698598
-248.931411,200,276.749302
-238.874426,200,276.797391
-126.25617,200,276.844804
-3.056653,200,276.892601
-242.080373,200,276.940439
-330.333172,200,277.066592
-122.987483,200,277.115037
-122.902119,200,277.162908
-126.090349,200,277.209793
-241.586969,200,277.257461
-2.074086,200,277.304855
-123.38679,200,277.352073
-2.629249,200,277.398672
-233.84087,200,277.446563
-357.440467,200,277.493566
-353.899355,200,277.619773
-121.146716,200,277.668351
-125.212902,200,277.718119
-239.07581,200,277.766396
-117.135667,200,277.814345
-119.047775,200,277.863799
-127.102035,200,277.913217
-128.767201,200,277.961716
-124.635254,200,278.009854
-285.684132,200,278.057943
