#{"t_start": 1789059978.007835, "env_id": "Pendulum-v1"}
r,l,t
-1616.311491,200,0.438797
-1862.124472,200,1.26886
-1540.275741,200,2.112289
-1705.990194,200,2.940685
-1753.939356,200,3.802122
-1696.58809,200,4.648568
-1426.376226,200,5.47821
-1592.670538,200,6.312436
-1473.971899,200,7.138672
-1313.777973,200,7.976976
-1179.901996,200,8.969646
-1116.512582,200,9.803729
-747.796303,200,10.630058
-1038.07759,200,11.460194
-1140.401432,200,12.286442
-967.541169,200,13.112566
-764.831382,200,13.957517
-638.712,200,14.785762
-514.234004,200,15.61033
-2.963245,200,16.437645
-122.760242,200,17.399154
-247.894803,200,18.234723
-124.308345,200,19.322165
-252.353926,200,20.167746
-242.91038,200,21.055826
-121.555377,200,21.936371
-245.043433,200,22.79726
-126.50575,200,23.6464
-124.902512,200,24.479071
-368.9026,200,25.300325
-0.758706,200,26.255837
-251.012071,200,27.083431
-124.070484,200,27.903667
-239.501545,200,28.796705
-235.867863,200,29.620146
-116.313224,200,30.444086
-117.608018,200,31.269135
-120.093716,200,32.091399
-245.571895,200,32.91409
-1.049316,200,33.736681
-239.373087,200,34.691708
-123.650872,200,35.525073
-123.798234,200,36.34734
-127.212089,200,37.180772
-231.018212,200,38.059016
-234.663105,200,38.973517
-1.049427,200,39.802327
-121.235436,200,40.626054
-0.604881,200,41.465297
-234.323483,200,42.288764
-227.341081,200,43.238453
-120.407737,200,44.073938
-117.49355,200,44.928037
-125.523671,200,46.014551
-115.625806,200,46.908385
-119.186635,200,47.781485
-230.654848,200,48.623353
-116.294133,200,49.467384
-355.280081,200,50.36282
-0.69922,200,51.217779
-123.244753,200,52.200862
-245.147995,200,53.276246
-117.519947,200,54.111891
-0.883568,200,55.038168
-1.018884,200,55.879584
-227.240555,200,56.710033
-119.789726,200,57.55779
-123.127963,200,58.405823
-261.199132,200,59.263068
-251.479571,200,60.098036
-122.018812,200,61.060377
-117.711886,200,61.894142
-113.576308,200,62.720284
-119.005019,200,63.558652
-125.883873,200,64.556994
-126.965276,200,65.448724
-118.071321,200,66.272183
-121.107109,200,67.152616
-229.837801,200,68.000386
-121.64934,200,68.831042
-116.566978,200,70.049705
-233.663254,200,70.941358
-121.063608,200,71.774829
-118.963191,200,72.61462
-116.24117,200,73.460722
-124.74082,200,74.290838
-233.372132,200,75.129813
-237.69222,200,75.968099
-328.621151,200,77.016721
-358.785127,200,77.867772
-268.746916,200,78.835181
-307.804471,200,79.68308
-121.439411,200,80.536955
-124.120632,200,81.386024
-305.418567,200,82.227365
-121.048044,200,83.067063
-125.746858,200,83.89214
-242.08243,200,84.736832
-126.013758,200,85.672782
-1.71348,200,86.498637
-115.548119,200,87.45397
-120.659736,200,88.287606
-233.237402,200,89.132803
-229.130124,200,90.011681
-117.695755,200,90.880459
-241.456464,200,91.726481
-122.259831,200,92.548418
-116.883321,200,93.366251
-243.575614,200,94.209108
-120.96656,200,95.029446
-118.229971,200,95.978386
-233.497294,200,96.809694
-230.021675,200,97.635706
-350.333263,200,98.457279
-122.461786,200,99.281852
-227.251436,200,100.102808
-116.708929,200,100.921221
-119.162612,200,101.74383
-119.035076,200,102.564144
-124.925363,200,103.382606
-120.02063,200,104.329208
-120.985187,200,105.152224
-123.158736,200,105.968844
-115.908371,200,106.784357
-362.236971,200,107.601294
-124.367863,200,108.617911
-1.475784,200,109.449866
-235.024578,200,110.289766
-1.86382,200,111.115858
-123.177113,200,111.944003
-231.248751,200,112.899137
-122.481727,200,113.725203
-117.897478,200,114.561732
-124.813845,200,115.415044
-242.683114,200,116.239811
-225.830309,200,117.070301
-118.067243,200,117.90897
-129.052602,200,118.735041
-123.52005,200,119.587797
-118.80784,200,120.425399
-118.181221,200,121.392118
-116.763452,200,122.30094
-122.00843,200,123.159705
-233.452954,200,124.025044
-119.525107,200,124.93451
-115.948806,200,125.810841
-129.898387,200,126.699768
-244.089809,200,127.584446
-122.603521,200,128.458752
-116.113675,200,129.330343
-2.552702,200,130.395015
-2.504583,200,131.311673
-365.250966,200,132.276382
-127.443153,200,133.206997
-4.09018,200,134.119504
-4.030815,200,135.112131
-268.156142,200,136.050163
-126.059021,200,136.97615
-3.131042,200,137.846272
-125.305462,200,138.72041
-120.908141,200,139.725883
-121.595953,200,140.698602
-124.482913,200,141.68905
-233.175059,200,142.714444
-118.733171,200,143.83726
-236.793562,200,144.88481
-243.167404,200,145.834026
-262.770743,200,146.809486
-237.255717,200,147.705939
-117.830703,200,148.695853
-129.587663,200,149.801707
-2.951405,200,150.759592
-228.824169,200,151.707497
-239.059716,200,152.696021
-246.376216,200,153.608174
-238.126573,200,154.48386
-7.311046,200,155.32766
-121.851958,200,156.155535
-124.500021,200,157.020888
-123.443305,200,157.843505
-124.080804,200,158.785414
-316.070512,200,159.610487
-2.018495,200,160.42362
-232.390794,200,161.246275
-3.297086,200,162.147809
-242.306526,200,162.973547
-117.907254,200,163.823832
-125.294111,200,164.642899
-114.243059,200,165.456661
-127.731844,200,166.269052
-250.303986,200,167.20515
-0.553084,200,168.02267
-0.828546,200,168.866534
-0.780069,200,169.694698
-252.194086,200,170.547257
-116.334661,200,171.366069
-317.466016,200,172.181627
-237.062699,200,172.988429
-118.003668,200,173.792099
-128.748737,200,174.596742
-118.518167,200,175.556472
-116.753476,200,176.390525
-126.898799,200,177.21892
-124.960426,200,178.046047
-125.077597,200,178.871274
-263.670698,200,179.69755
-3.508582,200,180.524498
-124.459351,200,181.349272
-231.875416,200,182.173642
-124.457636,200,183.000826
-122.365161,200,183.955367
-115.717334,200,184.796214
-231.049786,200,185.626657
-126.146095,200,186.455329
-125.733081,200,187.283011
-116.279623,200,188.110784
-228.393694,200,188.935975
-126.501452,200,189.763983
-124.73074,200,190.590482
-125.701586,200,191.417957
-117.153607,200,192.374385
-237.59593,200,193.207601
-119.144053,200,194.035468
-124.682549,200,194.858946
-128.846117,200,195.684641
-235.698166,200,196.508384
-125.780914,200,197.330349
-124.050418,200,198.151217
-239.141053,200,198.971337
-237.713054,200,199.791624
-358.094192,200,200.756328
-125.592564,200,201.591219
-115.655961,200,202.431706
-232.906608,200,203.258532
-123.142434,200,204.085847
-124.365142,200,204.912021
-0.591245,200,205.735859
-340.712714,200,206.564533
-115.695304,200,207.392115
-117.538002,200,208.225313
-1.161779,200,209.183401
-237.076469,200,210.016872
-127.686385,200,210.841547
-226.068942,200,211.670161
-124.807779,200,212.503527
-117.848682,200,213.332615
-115.073862,200,214.159891
-251.384136,200,214.986905
-233.362735,200,215.814568
-119.363713,200,216.641479
-127.386373,200,217.611923
-124.935412,200,218.451007
-221.910112,200,219.298314
-0.69102,200,220.131599
-227.585858,200,220.960169
-1.058199,200,221.793203
-328.545783,200,222.627019
-228.892031,200,223.45621
-248.742701,200,224.282615
-125.359009,200,225.108822
-116.998991,200,226.061378
-237.433869,200,226.893173
-231.488272,200,227.718747
-121.947068,200,228.541417
-125.135187,200,229.365812
-231.903228,200,230.206326
-226.022989,200,231.034216
-125.559213,200,231.858849
-127.810454,200,232.6836
-115.043308,200,233.509206
-248.652129,200,234.463337
-116.275191,200,235.294538
-2.725806,200,236.12227
-282.696972,200,236.947465
-1.674126,200,237.772281
-126.152293,200,238.597957
-123.411672,200,239.425109
-113.870546,200,240.25139
-237.426911,200,241.07589
-124.770356,200,241.903544
-127.186337,200,242.8552
-1.284038,200,243.684599
-118.730086,200,244.510209
-227.826423,200,245.33438
-227.799839,200,246.159947
-119.661676,200,246.984011
-234.399033,200,247.810047
-225.007348,200,248.638163
-120.484374,200,249.461499
-1.273739,200,250.287261
-340.839521,200,251.236798
-125.545843,200,252.06621
-127.995104,200,252.90607
-125.102633,200,253.750237
-294.918599,200,254.580682
-3.075122,200,255.806342
-123.731422,200,256.735671
-119.603105,200,257.6904
-126.267713,200,258.53698
-123.519015,200,259.379795
-231.186478,200,260.346272
-117.396772,200,261.193832
-128.926077,200,262.018887
-121.770886,200,262.945101
-115.364815,200,263.785272
-236.061312,200,264.63657
-123.273858,200,265.570645
-123.377385,200,266.537059
-3.648288,200,267.494377
-123.26474,200,268.451598
-116.983586,200,269.696344
-235.151355,200,270.759914
-1.930913,200,271.761238
-124.783536,200,272.758915
-123.563486,200,273.707697
-222.987982,200,274.683386
-121.986264,200,275.641627
-1.60572,200,276.5633
-123.806897,200,277.408938
-119.942972,200,278.24944
-125.108692,200,279.24434
-127.110471,200,280.100907
-123.884962,200,280.939862
-127.988406,200,281.777851
-125.253701,200,282.621843
-125.513715,200,283.464102
-0.948969,200,284.305697
-225.662079,200,285.163052
-119.610105,200,286.001007
-0.647641,200,286.837049
-123.661029,200,287.82354
-2.905411,200,288.673218
-243.716272,200,289.50787
-354.80004,200,290.343467
-254.470215,200,291.17819
-121.790205,200,292.008562
-123.1434,200,292.838607
-124.091067,200,293.674933
-116.987198,200,294.515926
-123.639268,200,295.352224
-0.962797,200,296.336629
-261.464674,200,297.188374
-129.329621,200,298.037734
-1.205472,200,298.873269
-249.436878,200,299.708348
-0.767246,200,300.534886
-121.083799,200,301.362923
-240.2526,200,302.187458
-118.103992,200,303.008619
-114.219834,200,303.82749
-124.931526,200,304.789551
-123.327344,200,305.63011
-0.353936,200,306.446881
-125.129023,200,307.272292
-238.538608,200,308.087963
-229.411723,200,308.910541
-225.985863,200,309.730363
-0.445024,200,310.54839
-126.125089,200,311.371655
-0.3505,200,312.187841
-251.451362,200,313.138306
-113.892167,200,313.961357
-127.746884,200,314.782021
-119.806133,200,315.608756
-1.150138,200,316.430979
-121.060254,200,317.278738
-250.446049,200,318.120471
-128.308203,200,319.108141
-247.053823,200,319.968622
-127.345773,200,320.793536
-229.913553,200,321.748796
-234.966648,200,322.574118
-227.694109,200,323.398799
-113.83042,200,324.214931
-0.499131,200,325.03456
-352.64608,200,325.853396
-235.549088,200,326.671091
-121.274829,200,327.493938
-122.956332,200,328.310108
-115.545445,200,329.13148
-113.355617,200,330.076682
-123.587613,200,330.900711
-127.114017,200,331.722273
-329.78141,200,332.537647
-0.467911,200,333.362975
-124.771596,200,334.177421
-119.041202,200,334.998826
-0.499029,200,335.8174
-114.893299,200,336.634722
-236.502315,200,337.457752
-375.263335,200,338.401668
-233.47945,200,339.230942
-0.450286,200,340.048172
-230.9611,200,340.867219
-117.208232,200,341.686844
-119.977216,200,342.50443
-226.533099,200,343.330608
-124.376046,200,344.147404
-116.457312,200,344.965979
-329.109779,200,345.7852
-126.958936,200,346.730566
-113.2547,200,347.560292
-239.591201,200,348.378996
-123.827845,200,349.203136
-124.043898,200,350.021806
-122.995923,200,350.840824
-122.068172,200,351.668939
-328.784017,200,352.494096
-247.253872,200,353.314645
-235.793756,200,354.135008
-122.636726,200,355.082426
-115.458843,200,355.921189
-119.017511,200,356.738976
-126.513717,200,357.562962
-116.666541,200,358.37973
-123.024896,200,359.200338
-0.407052,200,360.018542
-229.364434,200,360.844696
-118.199826,200,361.66273
-127.180363,200,362.486614
-122.533822,200,363.435207
-121.286957,200,364.265989
-128.069663,200,365.085937
-239.470984,200,365.912657
-249.883315,200,366.738008
-239.30813,200,367.561994
-233.247841,200,368.381651
-115.421386,200,369.19994
-125.050266,200,370.01843
-0.423502,200,370.843882
-118.915337,200,371.790473
-126.152302,200,372.614104
-363.522082,200,373.438013
-114.498685,200,374.256435
-224.678038,200,375.079611
-123.76442,200,375.89671
-0.986397,200,376.71552
-125.28555,200,377.536872
-128.28689,200,378.352372
-225.899894,200,379.173795
-229.681765,200,380.122909
-265.580473,200,380.957594
-233.086475,200,381.784993
-120.396687,200,382.61073
-127.702456,200,383.42919
-122.03577,200,384.244652
-0.195333,200,385.062001
-119.067868,200,385.883082
-120.23402,200,386.700602
-1.31091,200,387.538914
-237.322029,200,388.489715
-117.568446,200,389.311958
-112.855799,200,390.134359
-0.510296,200,390.951146
-232.164773,200,391.772289
-115.559971,200,392.589534
-224.673677,200,393.408642
-125.577567,200,394.232042
-247.573084,200,395.046869
-1.399904,200,395.870046
-0.280757,200,396.816866
-228.403923,200,397.64609
-227.233699,200,398.481973
-115.947782,200,399.30192
-1.291269,200,400.122185
-123.453295,200,400.938893
-249.191976,200,401.76747
-116.329403,200,402.592164
-228.432319,200,403.411568
-122.632075,200,404.234117
-223.707564,200,405.177577
-331.746529,200,406.008385
-122.204367,200,406.825771
-227.542119,200,407.646039
-0.810479,200,408.465182
-117.141463,200,409.281021
-114.246665,200,410.103953
-334.865455,200,410.918575
-122.157654,200,411.740587
-234.986054,200,412.558283
-114.809603,200,413.508503
-121.12058,200,414.334549
-123.571938,200,415.160145
-128.127238,200,415.981319
-117.844072,200,416.79695
-0.465629,200,417.616817
-230.985199,200,418.437352
-122.493171,200,419.253674
-112.960905,200,420.075997
-230.098866,200,420.892051
-232.398257,200,421.847768
-119.010978,200,422.67525
-232.49629,200,423.494165
-122.128726,200,424.315342
-116.120659,200,425.133247
-0.573017,200,425.955686
-239.857359,200,426.772068
-122.874557,200,427.591564
-128.432462,200,428.411882
-127.510755,200,429.225417
-122.868903,200,430.183341
-0.638982,200,431.004679
-2.655379,200,431.837071
-121.011091,200,432.664664
-122.045031,200,433.482185
-227.496385,200,434.297338
-361.359818,200,435.115883
-226.489123,200,435.933476
-122.680552,200,436.750592
-123.085438,200,437.569692
-229.096743,200,438.516538
-232.397856,200,439.339916
-243.030568,200,440.16452
-224.988849,200,440.981322
-126.297016,200,441.803851
-224.133278,200,442.637468
-231.32611,200,443.472293
-119.21209,200,444.320053
-236.842465,200,445.157743
-122.298509,200,445.993717
-126.492349,200,446.961042
-1.092839,200,447.79916
-119.658771,200,448.651843
-127.468397,200,449.490016
-0.689211,200,450.34253
-127.980768,200,451.185462
-119.638699,200,452.037769
-123.109407,200,452.880294
-123.769373,200,453.737517
-338.508893,200,454.571598
-3.26308,200,455.539713
-231.435377,200,456.387373
-120.36119,200,457.222347
-120.922754,200,458.067971
-343.776073,200,458.902659
-233.247809,200,459.741998
-243.371208,200,460.575905
-118.358325,200,461.412328
-122.640779,200,462.2483
-241.060914,200,463.081636
-128.149643,200,464.056208
-1.896766,200,464.898116
-118.931895,200,465.748977
-229.559055,200,466.582239
-118.343467,200,467.418273
-233.425833,200,468.264657
-0.813256,200,469.106757
-129.814932,200,469.939929
-0.664208,200,470.784098
-115.761049,200,471.618845
-118.096058,200,472.583274
-131.43159,200,473.43518
-117.064521,200,474.26405
-117.57252,200,475.084932
-0.828899,200,475.905598
-121.676241,200,476.723884
-234.864889,200,477.543584
-119.889443,200,478.363193
-122.104759,200,479.181556
-223.515753,200,480.000872
-119.256551,200,480.952776
-1.024693,200,481.782208
-237.816316,200,482.603977
-118.15833,200,483.423375
-1.90349,200,484.244317
-117.547339,200,485.062604
-117.153443,200,485.883159
-119.147793,200,486.704464
-230.101448,200,487.524407
-124.839758,200,488.344501
-124.28491,200,489.291737
-245.670514,200,490.117727
-0.545354,200,490.94038
-352.117332,200,491.762696
-121.08799,200,492.585079
-341.475439,200,493.404773
-246.636587,200,494.227163
-115.684263,200,495.045985
-114.028073,200,495.882298
-124.024908,200,496.711503
-251.319628,200,497.684512
-121.157634,200,498.543777
-115.246071,200,499.384482
-244.690381,200,500.213065
-0.791572,200,501.053197
-313.360403,200,501.905026
-306.20909,200,502.742555
-127.26339,200,503.589874
-127.340524,200,504.448678
-125.008737,200,505.286927
-129.333232,200,506.262156
-114.444757,200,507.111018
-1.299501,200,507.955432
-235.772878,200,508.782462
-244.9105,200,509.622088
-124.938892,200,510.474348
-126.10658,200,511.295216
-231.112479,200,512.148978
-224.06916,200,513.010946
-0.652709,200,513.842631
-116.044947,200,514.826669
-128.033567,200,515.66684
-343.575244,200,516.488316
-232.588259,200,517.306286
-125.255389,200,518.127128
-119.906048,200,518.944666
-241.590523,200,519.765604
-127.825,200,520.586745
-2.106234,200,521.404944
-0.7291,200,522.23792
-119.568562,200,523.186292
-115.458849,200,524.018057
-230.740928,200,524.840622
-240.172552,200,525.662262
-121.383041,200,526.484553
-2.497359,200,527.299557
-121.832887,200,528.123934
-280.707322,200,528.940603
-118.800373,200,529.759793
-236.633769,200,530.579696
-2.072174,200,531.52521
-122.594656,200,532.354841
-119.699622,200,533.174738
-240.944584,200,533.999976
-2.639408,200,534.820085
-0.582055,200,535.641279
-123.8131,200,536.46523
-118.993614,200,537.280766
-122.085694,200,538.106946
-225.764437,200,538.925794
-238.939834,200,539.874982
-119.309244,200,540.700803
-128.413465,200,541.519879
-120.517673,200,542.345494
-125.81667,200,543.161959
-122.925854,200,543.984777
-326.829723,200,544.801571
-114.269084,200,545.619557
-251.11889,200,546.447098
-114.782503,200,547.261087
-119.131728,200,548.203462
-238.950683,200,549.048371
-124.0363,200,549.90644
-224.218836,200,550.742023
-116.739167,200,551.744503
-122.771921,200,552.732485
-246.681568,200,553.709125
-233.732741,200,554.537561
-223.246803,200,555.358834
-120.883441,200,584.92755
-223.856323,200,585.886588
-130.04442,200,586.710316
-121.445847,200,587.528224
-122.588016,200,588.343142
-224.904481,200,589.157445
-0.619865,200,589.97571
-116.615469,200,590.794636
-2.261717,200,592.091338
-244.288633,200,594.742778
-278.156391,200,595.571463
-122.687087,200,596.529862
-245.155568,200,597.365869
-126.260092,200,598.192806
-229.721188,200,599.017925
-2.142794,200,599.845615
-124.306793,200,600.670731
-249.090872,200,601.495571
-234.21714,200,602.322558
-119.353772,200,603.148594
-231.203655,200,603.970874
-227.21396,200,604.917019
-125.638462,200,605.741316
-131.161509,200,606.559686
-1.164722,200,607.382152
-118.65018,200,608.201778
-347.999491,200,609.022433
-1.360354,200,609.841894
-116.632685,200,610.662447
-0.64569,200,611.485106
-123.559069,200,612.312202
-0.366921,200,613.267409
-228.265324,200,614.101282
-341.989726,200,614.92801
-227.78038,200,615.754006
-118.886265,200,616.580418
-115.64955,200,617.405426
-228.552971,200,618.22899
-0.575853,200,619.054601
-239.735498,200,619.881302
-227.920289,200,620.706328
-223.472385,200,621.665561
-133.297934,200,622.498909
-0.630834,200,623.32718
-123.267661,200,624.151226
-4.905198,200,624.981503
-229.627751,200,625.803271
-128.070641,200,626.630878
-126.520296,200,627.462318
-128.748051,200,628.28831
-124.469701,200,629.13773
-119.558164,200,630.100437
-120.96039,200,630.958501
-0.717416,200,789.674069
-128.729382,200,790.592466
-128.224531,200,791.84993
-123.001547,200,792.978341
-121.496882,200,794.08328
-227.576872,200,795.005346
-225.00886,200,795.850295
-120.550404,200,796.716031
-1.04864,200,797.706492
-229.285389,200,798.578142
-233.055597,200,799.421637
-0.526632,200,800.272039
-234.252704,200,801.11604
-126.013367,200,801.941814
-236.03913,200,802.783493
-129.01485,200,803.614013
-121.699155,200,804.443378
-0.635532,200,805.270988
-122.207354,200,806.234703
-114.728803,200,807.1639
-238.079477,200,808.064249
-131.382764,200,808.900048
-121.828685,200,809.731827
-128.535386,200,810.559949
-124.218774,200,811.38753
-116.356705,200,812.21518
-122.762779,200,813.042041
-236.771849,200,813.875367
-124.243172,200,814.826634
-119.139845,200,815.65999
-233.246498,200,816.479059
-0.890635,200,817.295318
-120.843425,200,818.111214
-121.830728,200,818.925467
-125.473033,200,819.741173
-130.847124,200,820.556353
-125.765508,200,821.371166
-234.583753,200,822.185745
-119.052938,200,823.131396
-117.902415,200,823.967014
-129.807742,200,824.785228
-0.677586,200,825.600758
-239.459061,200,826.415156
-119.85153,200,827.229935
-239.29233,200,828.044054
-227.814066,200,828.857044
-254.926006,200,829.670527
-121.373585,200,830.485872
-242.657969,200,831.446442
-355.886475,200,832.290383
-232.96344,200,833.114551
-244.413572,200,833.941838
-120.128414,200,834.770037
-232.229908,200,835.598987
-121.834023,200,836.427449
-126.930937,200,837.254751
-1.470537,200,838.082178
-117.649621,200,838.910052
-233.957877,200,839.871154
-227.100728,200,840.719093
-0.59485,200,841.551032
-224.371263,200,842.378801
-116.909892,200,843.205753
-122.374116,200,844.033646
-122.885697,200,844.86029
-237.83051,200,845.686321
-1.611863,200,846.512228
-114.033219,200,847.33797
-122.843101,200,848.298133
-128.048182,200,849.15074
-120.917879,200,849.982661
-116.398681,200,850.81054
-121.277397,200,851.638472
-122.323127,200,852.466643
-238.747535,200,853.297337
-226.797473,200,854.124644
-252.872719,200,854.951798
-1.585849,200,855.77878
-118.043932,200,856.744616
-116.929328,200,857.593911
-133.160104,200,858.425856
-118.299243,200,859.254335
-119.547707,200,860.082422
-114.783408,200,860.912301
-0.433833,200,861.739496
-238.299973,200,862.566222
-113.423921,200,863.392726
-126.975649,200,864.220017
-0.411669,200,865.179781
-0.577743,200,866.02817
-236.526674,200,866.859042
-242.855087,200,867.687705
-357.439092,200,868.516368
-123.665474,200,869.343749
-121.594316,200,870.170934
-119.878735,200,870.998843
-127.253032,200,871.824765
-241.891656,200,872.651792
-125.353774,200,873.610847
-125.591783,200,874.460209
-0.962671,200,875.292969
-123.015278,200,876.121291
-123.231329,200,876.948153
-226.256485,200,877.774185
-231.038201,200,878.602512
-238.975453,200,879.431002
-124.823463,200,880.257545
-124.162584,200,881.085144
-2.534074,200,882.047269
-2.502638,200,882.895687
-123.026878,200,883.726105
-224.586839,200,884.555483
-242.03516,200,885.383113
-128.440212,200,886.211376
-0.739366,200,887.036683
-121.537061,200,887.861708
-237.847742,200,888.688905
-124.70302,200,889.516277
-117.234288,200,890.476726
-120.371365,200,891.323263
-232.224428,200,892.15391
-126.219224,200,892.981629
-128.288577,200,893.803446
-227.017323,200,894.617743
-231.901834,200,895.430733
-0.340406,200,896.24339
-118.524722,200,897.057344
-224.472417,200,897.87027
-228.641874,200,898.81666
-0.420028,200,899.649469
-116.533906,200,900.46885
-123.118138,200,901.28405
-225.477157,200,902.100037
-223.470534,200,902.914959
-117.648258,200,903.731792
-118.14092,200,904.546708
-0.632697,200,905.361123
-229.61224,200,906.175857
-119.36436,200,907.121624
-127.865602,200,907.960274
-128.136364,200,908.791637
-241.949088,200,909.625928
-119.541365,200,910.454875
-121.62443,200,911.282976
-115.136839,200,912.110582
-0.60492,200,912.937901
-245.392244,200,913.766582
-239.814412,200,914.595276
-0.786981,200,915.553817
-115.331997,200,916.403556
-123.992214,200,917.234875
-116.080032,200,918.066269
-126.642396,200,918.894352
-117.690531,200,919.723102
-351.614522,200,920.550201
-129.336303,200,921.378681
-125.205407,200,922.206864
-117.22129,200,923.035547
-230.701621,200,923.994755
-124.802061,200,924.874743
-120.564593,200,925.705726
-0.402011,200,926.533661
-0.786056,200,927.36302
-230.715004,200,928.190317
-241.442218,200,929.019186
-123.488233,200,929.848432
-123.225926,200,930.675811
-227.833884,200,931.503759
-305.006194,200,932.46146
-117.42353,200,933.311722
-225.282896,200,934.144055
-124.486961,200,934.970088
-122.745896,200,935.797812
-231.056685,200,936.624964
-128.211494,200,937.453841
-121.779814,200,938.280859
-123.2016,200,939.108113
-118.595985,200,939.935138
-127.059417,200,940.895256
-241.924113,200,941.745946
-0.618251,200,942.580012
-235.252101,200,943.408691
-226.598504,200,944.235385
-228.913534,200,945.060255
-238.584459,200,945.88475
-10.294014,200,946.711899
-234.644015,200,947.538315
-223.13102,200,948.364952
-116.635129,200,949.323759
-120.443913,200,950.174095
-114.212717,200,951.004214
-124.391578,200,951.832638
-226.194268,200,952.660478
-0.649196,200,953.490189
-233.626439,200,954.318809
-118.660454,200,955.14532
-118.796926,200,955.971532
-125.240921,200,956.79824
-225.319155,200,957.757342
-119.221451,200,958.605681
-121.824423,200,959.434922
-119.279655,200,960.263271
-225.456535,200,961.091358
-118.893689,200,961.91818
-119.176861,200,962.74472
-122.145846,200,963.571384
-126.297369,200,964.399498
-309.211055,200,965.226966
-0.590541,200,966.186465
-117.778032,200,967.047302
-1.998284,200,967.884564
-120.976573,200,968.714202
-343.901722,200,969.577837
-122.335556,200,970.42517
-116.911102,200,971.252684
-1.037665,200,972.081446
-242.438967,200,972.910373
-1.095509,200,973.738612
-2.279466,200,974.700699
-119.797204,200,975.549902
-0.532244,200,976.380008
-237.648154,200,977.210419
-232.316389,200,978.045102
-224.453229,200,978.870904
-127.167962,200,979.698501
-0.471753,200,980.527707
-233.553896,200,981.354749
-126.075465,200,982.177883
-129.518707,200,983.137211
-117.186183,200,983.986145
-118.889737,200,984.818529
-224.952454,200,985.648004
-118.723055,200,986.475803
-119.771798,200,987.303236
-119.90694,200,988.131565
-2.405261,200,988.958297
-116.984287,200,989.78629
-127.329961,200,990.62344
-227.141409,200,991.58364
-0.802379,200,992.430375
-226.99522,200,993.262493
-232.842179,200,994.08958
-128.531907,200,994.917669
-125.730663,200,995.744248
-127.668593,200,996.569882
-224.37712,200,997.394888
-115.392647,200,998.2214
-117.041852,200,999.045896
-224.139639,200,1000.00613
-117.887367,200,1000.855299
-22.936951,200,1001.813141
-231.153594,200,1002.644837
-125.168964,200,1003.472359
-1.17572,200,1004.30113
-5.077027,200,1005.127923
-121.939674,200,1005.955276
-119.071532,200,1006.781488
-116.93333,200,1007.605554
-115.831929,200,1008.565585
-2.048287,200,1009.414308
-0.735226,200,1010.246167
-232.197482,200,1011.07459
-230.767075,200,1011.90221
-119.024397,200,1012.728018
-120.24781,200,1013.556906
-235.269418,200,1014.38919
-117.387373,200,1015.204969
-121.945701,200,1016.020381
-124.766532,200,1016.965736
-252.030049,200,1017.798457
-114.156634,200,1018.617994
-117.215881,200,1019.434728
-120.328129,200,1020.250881
-124.982395,200,1021.066717
-237.429424,200,1021.883159
-228.823007,200,1022.698767
-23.522962,200,1023.51545
-118.367191,200,1024.331841
-248.972787,200,1025.278662
-224.883965,200,1026.113188
-119.81766,200,1026.93141
-118.538782,200,1027.747385
-124.315842,200,1028.562519
-124.236377,200,1029.38
-1.067729,200,1030.195286
-117.145536,200,1031.009797
-130.809434,200,1031.824563
-134.299783,200,1032.638863
-142.390503,200,1033.58377
-141.82057,200,1034.416698
-246.031516,200,1035.235123
-256.381614,200,1036.061026
-135.414668,200,1036.878156
-25.170812,200,1037.695263
-303.696581,200,1038.512585
-135.224396,200,1039.328371
-25.477214,200,1040.144071
-324.338808,200,1040.960091
-143.562264,200,1041.918956
-139.532245,200,1042.758229
-5.6548,200,1043.578936
-265.341611,200,1044.395384
-117.807839,200,1045.214879
-121.016201,200,1046.04386
-131.277523,200,1046.861194
-226.764457,200,1047.677692
-122.14483,200,1048.495215
-128.054797,200,1049.31096
-124.902566,200,1050.274231
-120.789041,200,1051.122765
-1.96348,200,1051.953893
-2.764979,200,1052.782784
-116.417963,200,1053.61133
-233.742827,200,1054.436823
-118.357503,200,1055.263328
-126.809694,200,1056.089806
-122.920665,200,1056.91777
-227.521246,200,1057.746633
-303.236053,200,1058.704691
-247.43919,200,1059.553071
-114.361113,200,1060.385554
-226.923203,200,1061.213759
-121.524344,200,1062.042454
-124.564367,200,1062.86812
-121.089167,200,1063.694589
-252.665063,200,1064.521493
-114.581602,200,1065.348332
-0.433322,200,1066.175977
-124.383438,200,1067.133866
-127.280736,200,1068.014153
-126.804274,200,1068.847041
-126.188016,200,1069.677801
-1.264353,200,1070.509596
-117.486157,200,1071.337465
-0.946811,200,1072.16546
-228.08052,200,1072.991667
-239.392472,200,1073.820434
-118.96983,200,1074.646971
-120.423642,200,1075.608049
-125.120416,200,1076.453713
-124.060577,200,1077.284422
-117.602478,200,1078.113591
-2.168709,200,1078.93983
-1.28374,200,1079.76693
-128.189646,200,1080.594241
-240.982566,200,1081.420846
-123.417712,200,1082.247123
-121.543766,200,1083.072294
-121.489379,200,1084.030908
-120.294015,200,1084.877531
-120.607775,200,1085.707824
-230.070403,200,1086.533135
-2.157101,200,1087.359187
-123.20035,200,1088.183905
-115.529097,200,1089.012442
-124.841541,200,1089.842785
-116.668857,200,1090.668398
-118.713675,200,1091.507797
-229.288926,200,1092.478553
-119.589943,200,1093.340997
-125.380319,200,1094.172467
-123.619875,200,1095.000574
-125.567488,200,1095.828626
-228.18399,200,1096.657207
-224.936809,200,1097.482176
-230.940616,200,1098.31068
-1.435304,200,1099.137708
-118.974646,200,1099.966119
-225.522888,200,1100.926239
-118.733905,200,1101.785553
-242.643874,200,1102.620854
-115.455505,200,1103.452573
-223.260469,200,1104.296327
-119.451876,200,1105.129639
-122.086223,200,1105.994903
-229.308104,200,1106.845726
-225.112776,200,1107.689117
-251.643001,200,1108.515246
-125.012866,200,1109.475813
-118.311142,200,1110.318631
-116.533202,200,1111.140451
-117.628607,200,1111.966596
-248.94426,200,1112.802968
-125.833073,200,1113.622429
-125.615681,200,1114.441641
-115.634995,200,1115.366523
-119.286883,200,1116.229255
-117.399968,200,1117.051377
-3.107327,200,1118.003502
-116.642385,200,1118.83982
-124.101047,200,1119.661925
-118.959348,200,1120.480813
-119.892183,200,1121.297551
-119.880179,200,1122.114025
-123.703302,200,1122.929263
-227.48431,200,1123.744675
-125.628004,200,1124.560482
-226.414346,200,1125.383424
-1.949764,200,1126.334607
-118.679463,200,1127.16934
-124.473359,200,1127.98915
-224.837283,200,1128.820012
-225.730387,200,1129.668293
-122.403003,200,1130.497051
-125.945301,200,1131.324605
-128.973811,200,1132.153288
-116.008863,200,1132.982574
-231.035125,200,1133.808646
-227.691801,200,1134.77399
-117.26511,200,1135.638914
-123.698372,200,1136.473356
-226.030914,200,1137.33564
-119.308849,200,1138.202773
-251.70187,200,1139.072186
-118.084979,200,1139.943944
-125.028969,200,1140.829531
-229.929786,200,1141.693356
-225.654955,200,1142.581419
-0.445015,200,1143.580984
-240.023073,200,1144.50551
-0.277063,200,1145.373501
-124.157756,200,1146.243036
-118.834011,200,1147.137559
-121.429822,200,1148.003308
-243.642887,200,1148.894736
-237.517723,200,1149.760635
-246.816758,200,1150.642676
-119.371923,200,1151.511393
-121.653331,200,1152.520135
-122.641555,200,1153.424594
-114.84973,200,1154.287564
-231.661812,200,1155.186135
-230.584085,200,1156.049727
-226.227433,200,1156.912375
-128.972772,200,1157.810942
-222.82454,200,1158.675376
-231.614647,200,1159.544965
-122.524607,200,1160.433636
-125.263373,200,1161.439197
-122.170429,200,1162.352898
-230.416266,200,1163.222287
-119.008195,200,1164.094025
-119.03173,200,1164.988313
-228.284999,200,1165.851476
-0.687924,200,1166.722718
-117.756015,200,1167.612321
-0.317628,200,1168.480587
-125.470345,200,1169.381891
-136.20289,200,1170.41456
-135.823308,200,1171.325781
-20.382344,200,1172.208695
-20.545159,200,1173.100079
-143.938033,200,1173.997975
-238.614243,200,1174.871925
-142.608956,200,1175.770681
-136.668254,200,1176.647598
-20.307627,200,1177.539911
-243.0824,200,1178.40527
-19.320413,200,1179.425835
-19.11596,200,1180.324152
-131.624867,200,1181.214868
-239.89444,200,1182.095193
-256.807915,200,1182.978654
-255.41958,200,1183.879054
-18.539648,200,1184.772982
-135.343355,200,1185.638196
-137.588893,200,1186.521752
-239.754286,200,1187.390566
-133.221887,200,1188.420901
-247.848446,200,1189.348302
-141.793601,200,1190.220653
-130.828847,200,1191.103229
-134.981317,200,1192.002186
-117.663221,200,1192.868739
-119.950936,200,1193.73449
-126.039589,200,1194.619166
-121.83047,200,1195.519534
-114.180136,200,1196.406592
-125.074226,200,1197.431757
-235.508263,200,1198.340197
-223.589716,200,1199.219866
-1.315006,200,1200.105749
-129.231494,200,1201.000833
-121.127131,200,1201.86403
-230.127522,200,1202.738808
-1.166732,200,1203.622083
-121.090113,200,1204.499137
-232.39841,200,1205.367501
-222.264679,200,1206.366738
-117.188855,200,1207.265853
-124.969897,200,1208.159166
-117.463396,200,1209.028305
-119.646269,200,1209.910852
-124.133235,200,1210.810432
-1.147909,200,1211.699816
-1.130099,200,1212.583433
-121.833299,200,1213.454133
-116.712593,200,1214.328664
-122.238812,200,1215.352508
-0.580661,200,1216.249367
-124.909935,200,1217.127637
-224.063539,200,1217.99334
-230.172884,200,1218.883982
-308.410813,200,1219.749221
-127.634978,200,1220.643234
-120.95163,200,1221.518209
-0.803899,200,1222.393602
-120.924268,200,1223.252124
-117.181731,200,1224.263479
-116.801493,200,1225.159018
-227.097014,200,1226.041094
-116.746695,200,1226.922585
-119.469174,200,1227.79264
-123.126524,200,1228.654582
-119.045218,200,1229.528287
-115.030974,200,1230.389928
-117.464577,200,1231.277808
-118.495073,200,1232.133989
-118.681849,200,1233.155201
-230.259389,200,1234.046653
-119.592199,200,1234.917949
-226.553281,200,1235.77619
-117.169285,200,1236.647822
-125.453241,200,1237.525887
-123.362524,200,1238.395708
-241.453609,200,1239.246772
-258.411738,200,1240.118519
-122.6097,200,1240.976272
-113.135439,200,1241.970764
-126.910458,200,1242.892468
-123.80684,200,1243.746521
-226.501866,200,1244.610246
-309.299353,200,1245.510462
-229.63303,200,1246.341161
-252.999322,200,1247.232233
-115.44111,200,1248.105768
-127.189549,200,1248.980348
-115.972252,200,1249.886153
-0.412423,200,1250.864078
-232.076414,200,1251.807682
-120.875232,200,1252.709889
-118.092474,200,1253.604072
-229.093295,200,1254.51708
-247.683732,200,1255.380627
-125.225462,200,1256.327718
-250.39642,200,1257.23611
-3.057141,200,1258.165056
-117.663488,200,1259.091139
-241.428917,200,1260.165356
-227.336636,200,1261.11737
-231.09453,200,1262.075238
-125.370645,200,1263.007732
-248.10355,200,1263.964406
-124.532293,200,1264.940079
-0.300506,200,1265.906759
-117.171769,200,1266.865772
-254.275671,200,1267.837327
-0.32031,200,1268.668923
-125.641858,200,1269.598777
-126.076049,200,1270.416396
-255.007607,200,1271.21427
-254.017487,200,1272.009506
-125.931217,200,1272.805099
-119.277175,200,1273.621735
-121.543438,200,1274.452129
-320.642347,200,1275.284444
-120.185891,200,1276.110648
-123.015799,200,1276.937444
-0.415652,200,1277.89419
-117.870808,200,1278.742393
-230.417578,200,1279.57316
-225.884973,200,1280.400584
-120.629826,200,1281.229412
-120.239354,200,1282.056527
-117.764762,200,1282.882626
-116.784855,200,1283.708463
-120.959815,200,1284.550221
-122.756687,200,1285.384915
-0.280622,200,1286.344713
-1.177012,200,1287.192051
-226.642095,200,1288.02369
-225.663052,200,1288.850897
-1.285904,200,1289.677879
-118.480523,200,1290.504623
-235.143082,200,1291.32869
-124.343679,200,1292.154284
-119.31766,200,1292.979116
-238.801108,200,1293.80469
-125.404061,200,1294.763893
-1.435666,200,1295.609633
-120.957139,200,1296.439478
-127.479934,200,1297.267817
-234.243853,200,1298.095146
-227.137406,200,1298.922435
-124.201906,200,1299.748429
-120.520821,200,1300.575213
-0.283081,200,1301.402556
-124.638549,200,1302.229203
-117.947045,200,1303.185834
-125.357248,200,1304.033999
-115.897317,200,1304.864861
-234.401023,200,1305.690733
-121.828208,200,1306.516903
-118.155973,200,1307.343044
-120.104581,200,1308.168579
-127.158449,200,1308.993573
-244.414097,200,1309.820139
-121.778551,200,1310.642031
-240.340279,200,1311.600741
-118.698993,200,1312.45023
-240.004565,200,1313.283446
-118.929979,200,1314.110898
-120.774561,200,1314.940035
-121.23093,200,1315.768162
-119.75784,200,1316.595514
-1.566896,200,1317.424467
-297.249941,200,1318.252555
-123.498704,200,1319.081035
-0.258068,200,1320.038516
-123.495017,200,1320.886256
-116.726304,200,1321.716248
-235.186882,200,1322.544457
-250.280946,200,1323.371278
-230.368427,200,1324.199395
-125.103975,200,1325.02614
-227.977533,200,1325.852823
-224.923022,200,1326.680482
-120.615544,200,1327.508382
-0.880946,200,1328.476771
-120.343883,200,1329.327761
-234.654284,200,1330.158827
-1.628472,200,1330.987283
-226.978632,200,1331.814893
-225.517156,200,1332.642245
-122.51025,200,1333.469466
-121.766495,200,1334.29373
-119.690735,200,1335.111987
-120.74104,200,1335.92648
-118.692025,200,1336.873456
-119.501425,200,1337.707931
-224.999178,200,1338.528338
-119.298554,200,1339.345677
-126.54962,200,1340.162573
-1.222838,200,1340.979556
-0.639462,200,1341.795808
-125.153121,200,1342.612965
-118.498546,200,1343.429745
-121.34737,200,1344.246168
-0.273917,200,1345.192281
-2.829111,200,1346.058651
-237.697575,200,1346.878595
-114.737511,200,1347.695512
-223.752193,200,1348.51287
-119.373137,200,1349.329676
-117.848452,200,1350.14783
-117.314328,200,1350.962866
-124.501191,200,1351.778453
-118.120252,200,1352.593525
-124.587444,200,1353.540846
-119.843398,200,1354.377575
-0.390959,200,1355.197473
-346.508475,200,1356.014426
-120.924405,200,1356.830484
-123.375677,200,1357.646083
-123.872892,200,1358.460895
-115.537197,200,1359.276265
-231.075369,200,1360.092376
-116.475916,200,1360.907275
-117.024709,200,1361.856148
-125.726013,200,1362.691478
-234.542985,200,1363.523259
-1.337368,200,1364.352951
-117.807225,200,1365.179197
-122.643807,200,1366.00622
-0.322226,200,1366.831959
-127.99057,200,1367.657601
-124.824419,200,1368.4918
-116.358857,200,1369.318047
-119.220411,200,1370.276922
-245.116478,200,1371.125541
-235.077995,200,1371.955837
-116.909244,200,1372.783928
-242.036844,200,1373.612455
-122.246424,200,1374.438986
-0.676801,200,1375.266985
-343.180842,200,1376.095126
-119.27447,200,1376.922348
-121.311178,200,1377.749271
-120.206564,200,1378.70836
-121.206981,200,1379.559349
-115.713044,200,1380.391481
-125.826153,200,1381.221083
-3.397703,200,1382.049945
-121.868634,200,1382.876611
-236.308781,200,1383.704149
-123.946057,200,1384.532374
-117.08974,200,1385.360443
-219.93449,200,1386.188187
-121.109884,200,1387.148468
-0.851171,200,1388.000161
-226.335955,200,1388.830507
-119.903713,200,1389.664625
-114.906079,200,1390.493787
-114.253153,200,1391.323069
-223.882137,200,1392.160155
-226.424436,200,1392.994144
-125.575702,200,1393.833243
-222.773084,200,1394.663716
-228.217901,200,1395.62234
-114.536699,200,1396.470831
-230.51126,200,1397.302446
-120.047578,200,1398.13194
-132.656308,200,1398.959158
-120.582843,200,1399.785514
-232.866836,200,1400.612631
-115.083764,200,1401.439872
-115.041705,200,1402.266359
-225.956103,200,1403.09368
-0.242131,200,1404.051453
-228.5833,200,1404.900451
-249.142401,200,1405.732037
-121.185282,200,1406.561154
-222.836789,200,1407.38855
-0.201154,200,1408.225154
-125.134104,200,1409.051457
-119.41884,200,1409.878531
-283.443531,200,1410.705447
-117.120165,200,1411.532801
-117.422711,200,1412.491793
-225.240212,200,1413.33656
-234.274757,200,1414.166754
-121.836873,200,1414.996368
-125.002085,200,1415.823293
-230.067031,200,1416.650504
-0.154452,200,1417.478891
-219.512406,200,1418.306662
-129.419556,200,1419.133217
-246.658313,200,1419.961535
-123.832795,200,1420.918736
-1.073288,200,1421.767156
-121.686143,200,1422.598707
-236.879222,200,1423.428773
-118.680421,200,1424.258633
-121.084212,200,1425.087359
-118.330276,200,1425.914249
-0.351113,200,1426.741062
-121.96657,200,1427.566536
-225.118264,200,1428.394813
-122.055751,200,1429.354283
-233.544118,200,1430.203381
-122.528195,200,1431.039754
-119.630078,200,1431.867578
-226.8805,200,1432.720154
-234.969256,200,1433.554279
-12.918759,200,1434.386122
-117.429872,200,1435.238983
-117.977122,200,1436.072589
-252.603714,200,1436.900068
-224.10739,200,1437.863053
-228.925508,200,1438.710464
-114.237546,200,1439.544271
-0.332241,200,1440.372582
-124.510198,200,1441.201844
-118.390079,200,1442.032313
-116.200858,200,1442.862148
-241.265967,200,1443.691326
-122.165539,200,1444.520348
-114.444293,200,1445.348296
-233.723364,200,1446.307119
-221.307305,200,1447.156469
-122.980778,200,1448.03267
-114.718514,200,1448.860692
-256.4825,200,1449.69579
-242.444445,200,1450.523918
-124.361704,200,1451.353328
-126.26015,200,1452.180906
-117.393411,200,1453.010456
-236.962543,200,1453.84022
-10.568255,200,1454.800572
-233.56741,200,1455.63791
-10.394266,200,1456.458542
-132.312569,200,1457.276881
-124.231381,200,1458.094348
-4.231543,200,1458.910138
-7.656948,200,1459.728032
-236.226282,200,1460.54525
-124.495995,200,1461.362857
-233.544734,200,1462.180172
-229.11704,200,1463.127909
-125.382489,200,1463.968355
-119.710164,200,1464.791939
-8.415795,200,1465.610105
-237.522806,200,1466.426576
-133.576414,200,1467.243442
-6.728582,200,1468.061767
-125.996759,200,1468.878333
-251.343759,200,1469.695361
-5.544035,200,1470.510823
-357.009765,200,1471.468784
-3.737757,200,1472.306541
-119.460718,200,1473.127238
-126.399989,200,1473.943253
-235.738006,200,1474.760231
-126.516492,200,1475.575019
-2.310934,200,1476.390383
-128.194685,200,1477.205862
-232.131173,200,1478.021674
-130.168794,200,1478.836956
-124.988595,200,1479.783737
-244.169403,200,1480.616948
-224.545811,200,1481.435667
-121.648149,200,1482.252839
-231.235389,200,1483.072422
-125.46705,200,1483.8902
-121.861781,200,1484.707352
-4.504715,200,1485.524258
-122.124199,200,1486.340345
-126.787264,200,1487.156689
-116.133061,200,1488.106719
-4.783608,200,1488.941982
-225.742068,200,1489.812938
-122.175446,200,1490.631908
-118.237388,200,1491.450077
-255.444594,200,1492.267917
-122.561388,200,1493.084561
-116.277126,200,1493.920811
-115.787529,200,1494.753616
-4.513653,200,1495.571062
-116.324283,200,1496.520076
-2.424195,200,1497.35341
-246.386506,200,1498.172974
-228.090917,200,1498.988487
-240.226399,200,1499.804896
-124.275747,200,1500.620751
-126.496561,200,1501.436434
-3.951823,200,1502.267306
-125.681332,200,1503.095793
-121.5029,200,1503.922575
-129.03062,200,1504.882403
-225.59108,200,1505.73093
-118.895112,200,1506.562339
-127.281569,200,1507.391061
-2.965053,200,1508.22076
-3.054517,200,1509.052735
-121.065631,200,1509.880914
-125.641457,200,1510.707785
-116.073246,200,1511.535662
-129.940185,200,1512.362489
-117.402728,200,1513.321262
-120.315688,200,1514.170376
-252.092236,200,1515.002729
-228.513849,200,1515.830321
-244.566105,200,1516.658144
-115.068155,200,1517.485625
-238.282075,200,1518.31296
-118.872683,200,1519.140551
-232.994253,200,1519.968377
-115.010262,200,1520.796168
-5.577269,200,1521.755436
-120.22698,200,1522.604436
-233.788563,200,1523.435609
-123.580454,200,1524.26495
-244.314595,200,1525.096092
-350.72248,200,1525.9251
-241.816501,200,1526.755775
-120.402293,200,1527.584555
-126.144105,200,1528.419944
-225.217438,200,1529.249142
-2.292953,200,1530.210168
-230.814192,200,1531.072428
-119.518999,200,1531.906122
-225.804733,200,1532.736614
-0.482226,200,1533.564325
-119.133778,200,1534.393786
-124.249437,200,1535.222619
-245.995753,200,1536.050666
-125.056184,200,1536.876595
-224.455902,200,1537.705056
-314.761412,200,1538.665217
-123.420749,200,1539.511799
-249.560382,200,1540.342618
-231.771847,200,1541.170646
-120.843648,200,1541.999355
-120.744515,200,1542.828095
-116.640356,200,1543.6574
-123.423804,200,1544.484992
-249.410008,200,1545.315146
-0.680093,200,1546.143984
-117.864418,200,1547.10188
-116.235942,200,1547.949065
-5.557825,200,1548.779964
-117.729879,200,1549.612843
-0.600724,200,1550.441706
-114.908122,200,1551.268358
-118.558265,200,1552.096378
-124.436737,200,1552.923841
-115.948472,200,1553.752296
-239.840788,200,1554.579953
-259.06599,200,1555.540541
-118.577054,200,1556.389824
-225.477605,200,1557.222109
-1.722047,200,1558.051989
-237.911343,200,1558.881512
-125.453929,200,1559.710223
-233.847818,200,1560.538766
-288.762405,200,1561.365719
-3.784928,200,1562.191839
-231.58755,200,1563.008156
-117.091226,200,1563.95612
-121.179918,200,1564.791331
-228.355499,200,1565.612911
-244.528764,200,1566.431072
-117.259938,200,1567.250524
-125.722673,200,1568.07041
-254.01423,200,1568.886791
-125.474766,200,1569.706663
-3.41245,200,1570.524778
-225.275525,200,1571.343013
-125.635805,200,1572.293434
-231.600369,200,1573.127703
-238.481313,200,1573.947485
-234.64993,200,1574.765637
-252.894561,200,1575.581856
-116.319003,200,1576.398519
-1.259846,200,1577.215562
-248.75391,200,1578.032542
-122.676331,200,1578.849442
-127.295244,200,1579.666613
-0.844835,200,1580.61619
-235.736732,200,1581.451282
-117.53715,200,1582.272416
-115.876499,200,1583.089602
-227.586905,200,1583.906376
-234.589036,200,1584.732088
-123.795218,200,1585.560403
-0.611034,200,1586.389364
-120.588097,200,1587.217239
-229.018354,200,1588.055931
-228.77242,200,1589.018099
-226.06294,200,1589.866093
-114.921894,200,1590.697837
-120.18273,200,1591.526016
-248.45777,200,1592.355241
-124.887442,200,1593.183772
-0.64343,200,1594.012201
-124.436849,200,1594.839479
-120.63292,200,1595.669605
-232.863481,200,1596.498457
-233.301293,200,1597.459467
-120.258177,200,1598.337423
-253.072774,200,1599.167632
-1.79665,200,1599.995995
-116.586997,200,1600.826553
-128.91817,200,1601.654989
-0.749065,200,1602.483484
-236.024373,200,1603.31059
-228.209819,200,1604.138617
-117.204137,200,1604.966552
-280.486624,200,1605.928351
-253.640688,200,1606.777581
-120.345364,200,1607.607614
-224.533564,200,1608.448825
-131.299361,200,1609.278251
-126.261089,200,1610.106733
-121.692015,200,1610.93535
-0.766511,200,1611.769621
-222.50954,200,1612.599176
-122.947664,200,1613.42713
-116.601868,200,1614.387055
-253.909302,200,1615.238238
-124.682728,200,1616.071409
-12.208548,200,1616.900505
-120.002528,200,1617.731966
-248.923233,200,1618.561017
-232.656366,200,1619.388488
-118.098745,200,1620.217714
-126.849233,200,1621.044274
-121.650157,200,1621.871456
-242.01769,200,1622.829569
-356.906236,200,1623.679416
-1.479694,200,1624.508118
-224.836284,200,1625.332736
-125.272992,200,1626.160841
-124.899889,200,1626.989146
-120.845064,200,1627.815978
-116.841078,200,1628.645545
-118.47465,200,1629.473955
-127.06499,200,1630.303435
-121.402184,200,1631.262419
-122.238636,200,1632.108587
-251.695377,200,1632.938994
-121.671176,200,1633.769466
-114.998101,200,1634.597191
-238.158412,200,1635.425677
-0.858574,200,1636.254677
-118.770265,200,1637.081943
-353.370463,200,1637.907628
-226.561144,200,1638.73424
-0.871473,200,1639.69443
-1.409638,200,1640.541538
-1.045784,200,1641.375659
-1.514959,200,1642.206159
-236.601967,200,1643.037645
-229.661546,200,1643.867609
-236.540644,200,1644.696886
-117.918386,200,1645.522647
-1.151444,200,1646.361748
-122.864811,200,1647.193451
-239.495305,200,1648.156434
-120.918285,200,1649.00543
-231.518521,200,1649.83723
-123.823509,200,1650.666965
-235.104787,200,1651.494906
-120.617909,200,1652.3232
-284.930187,200,1653.149412
-234.459615,200,1653.976014
-125.288072,200,1654.805158
-127.00637,200,1655.633831
-122.541757,200,1656.593176
-127.021717,200,1657.441936
-281.496268,200,1658.273408
-126.653913,200,1659.102782
-120.200075,200,1659.929793
-117.894779,200,1660.760192
-118.356033,200,1661.590331
-251.136138,200,1662.4179
-231.969793,200,1663.243927
-283.003117,200,1664.070467
-240.168468,200,1665.027547
-124.697708,200,1665.873927
-0.738424,200,1666.705542
-117.971635,200,1667.531977
-118.615431,200,1668.366795
-249.503656,200,1669.1953
-1.978737,200,1670.023699
-242.761784,200,1670.852047
-124.868858,200,1671.68143
-229.751687,200,1672.509189
-119.672563,200,1673.469438
-125.935508,200,1674.316075
-1.055316,200,1675.149177
-120.253276,200,1675.979019
-126.024084,200,1676.811144
-1.86075,200,1677.645797
-123.095818,200,1678.475306
-127.208637,200,1679.300852
-233.800549,200,1680.123537
-123.517334,200,1680.969656
-118.400081,200,1681.935111
-243.083286,200,1682.780933
-116.852233,200,1683.617715
-123.032371,200,1684.447396
-228.054576,200,1685.267299
-238.739972,200,1686.0904
-129.163216,200,1686.907185
-125.23734,200,1687.723107
-115.440036,200,1688.543273
-231.486223,200,1689.363457
-126.65889,200,1690.341756
-114.726114,200,1691.1778
-243.07186,200,1692.00894
-124.944417,200,1692.831181
-121.702861,200,1693.649326
-243.900957,200,1694.470222
-3.23075,200,1695.313736
-118.129701,200,1696.132475
-119.664898,200,1696.95
-220.427846,200,1697.766783
-122.892412,200,1698.713717
-235.862584,200,1699.581056
-126.936633,200,1700.400901
-223.066096,200,1701.217144
-124.137325,200,1702.031717
-244.496991,200,1702.847017
-123.508163,200,1703.66137
-226.189478,200,1704.476331
-231.093624,200,1705.291263
-122.444247,200,1706.106304
-122.446474,200,1707.052252
-119.9563,200,1707.887051
-117.201877,200,1708.706673
-121.86911,200,1709.524932
-1.60152,200,1710.342176
-121.699168,200,1711.157909
-128.137525,200,1711.973776
-233.52191,200,1712.789644
-119.991258,200,1713.606108
-127.670168,200,1714.421578
-252.626084,200,1715.36753
-1.69672,200,1716.199819
-116.863135,200,1717.02594
-0.809061,200,1717.855575
-290.919632,200,1718.686304
-0.882477,200,1719.513462
-1.350399,200,1720.342313
-124.337513,200,1721.168333
-247.61424,200,1721.9956
-323.936401,200,1722.823168
-123.716865,200,1723.782939
-117.635752,200,1724.630795
-118.866807,200,1725.461388
-2.275078,200,1726.289542
-116.189042,200,1727.115693
-126.747119,200,1727.952417
-123.534519,200,1728.779138
-117.995599,200,1729.607889
-120.488076,200,1730.43812
-221.305576,200,1731.267875
-252.349292,200,1732.225287
-3.391011,200,1733.073579
-245.445597,200,1733.905401
-116.829188,200,1734.733188
-1.017283,200,1735.559785
-241.374656,200,1736.386256
-222.386303,200,1737.213425
-4.689074,200,1738.04269
-126.697283,200,1738.869663
-117.840199,200,1739.696524
-121.013146,200,1740.656006
-114.456136,200,1741.501797
-119.656378,200,1742.333831
-114.520867,200,1743.163183
-118.890507,200,1743.992
-117.234569,200,1744.820634
-120.909945,200,1745.650423
-228.860877,200,1746.477123
-232.165745,200,1747.304965
-1.110214,200,1748.143833
-119.402908,200,1749.106112
-122.603256,200,1749.958577
-120.81103,200,1750.79091
-235.087195,200,1751.633937
-122.90447,200,1752.498573
-123.934641,200,1753.331959
-121.267514,200,1754.161217
-117.977399,200,1754.992574
-121.53797,200,1755.824117
-121.4995,200,1756.652687
-237.593068,200,1757.609146
-124.194558,200,1758.459026
-116.595066,200,1759.291087
-121.968781,200,1760.121502
-120.280519,200,1760.95042
-118.69152,200,1761.781613
-235.970088,200,1762.61111
-121.598553,200,1763.438567
-127.23024,200,1764.264253
-122.07574,200,1765.092198
-231.988963,200,1766.04959
-219.989731,200,1766.896728
-1.056044,200,1767.728391
-121.112733,200,1768.564532
-221.553065,200,1769.395424
-126.179344,200,1770.225568
-226.996512,200,1771.053217
-250.968808,200,1771.882171
-230.784073,200,1772.710244
-118.528596,200,1773.537993
-222.843952,200,1774.499226
-118.391223,200,1775.348789
-124.306976,200,1776.181293
-238.849403,200,1777.01128
-238.176221,200,1777.833207
-116.018394,200,1778.651482
-1.154479,200,1779.466636
-244.376514,200,1780.281532
-0.65961,200,1781.097523
-118.535816,200,1781.914081
-114.64867,200,1782.861534
-236.203931,200,1783.69561
-122.513493,200,1784.515547
-119.393036,200,1785.332699
-125.345712,200,1786.149165
-125.82714,200,1786.964275
-222.841777,200,1787.780627
-4.021505,200,1788.597203
-222.946402,200,1789.414868
-123.48046,200,1790.230024
-122.750639,200,1791.176702
-227.081626,200,1792.009768
-122.47206,200,1792.82927
-114.349984,200,1793.646856
-223.245746,200,1794.464634
-120.561861,200,1795.281117
-126.198401,200,1796.097627
-120.263352,200,1796.913791
-113.943389,200,1797.730596
-117.174122,200,1798.546749
-127.208526,200,1799.492697
-226.002479,200,1800.325737
-233.802794,200,1801.146653
-119.235796,200,1801.96391
-120.597612,200,1802.780868
-221.513797,200,1803.597405
-125.183855,200,1804.413887
-128.697531,200,1805.229034
-120.523367,200,1806.055591
-0.712005,200,1806.873666
-222.084075,200,1807.840831
-229.320648,200,1808.689399
-121.187381,200,1809.525262
-2.016446,200,1810.354623
-117.942128,200,1811.184057
-122.397078,200,1812.013722
-117.414755,200,1812.843982
-240.330529,200,1813.672925
-225.27788,200,1814.503619
-123.473531,200,1815.331408
-120.607011,200,1816.290667
-3.086551,200,1817.139899
-116.614285,200,1817.969852
-0.632341,200,1818.796539
-2.924082,200,1819.622804
-233.139007,200,1820.45051
-118.268489,200,1821.278365
-1.054034,200,1822.105333
-283.703506,200,1822.933626
-3.369068,200,1823.760541
-0.554564,200,1824.720113
-224.468824,200,1825.570473
-116.806826,200,1826.404153
-127.293836,200,1827.233528
-240.550693,200,1828.07345
-1.072004,200,1828.902826
-238.705525,200,1829.732171
-118.523546,200,1830.562976
-235.936566,200,1831.390211
-119.245412,200,1832.218474
-0.968347,200,1833.178593
-123.00039,200,1834.028302
-118.664857,200,1834.861662
-113.70272,200,1835.690632
-2.255037,200,1836.520173
-119.555249,200,1837.348324
-120.314959,200,1838.177792
-131.294631,200,1839.005889
-225.398504,200,1839.833882
-128.956696,200,1840.662806
-121.739312,200,1841.622807
-120.215595,200,1842.473756
-235.612259,200,1843.305184
-123.493608,200,1844.135624
-236.56323,200,1844.9658
-123.298319,200,1845.795224
-2.201554,200,1846.624316
-120.83912,200,1847.453681
-244.596436,200,1848.289641
-229.942356,200,1849.120335
-127.019426,200,1850.079543
-235.773918,200,1850.962158
-129.577474,200,1851.792709
-121.589424,200,1852.622691
-2.049157,200,1853.452066
-114.018012,200,1854.281784
-121.941613,200,1855.111564
-118.237513,200,1855.940972
-350.098937,200,1856.769752
-116.407585,200,1857.598265
-116.092419,200,1858.559566
-224.357426,200,1859.408548
-121.482619,200,1860.241056
-239.213681,200,1861.069239
-344.144747,200,1861.898633
-129.146641,200,1862.727589
-120.816082,200,1863.557505
-224.666806,200,1864.387237
-122.600201,200,1865.215612
-121.734577,200,1866.044053
-117.886579,200,1867.022644
-244.914556,200,1867.888884
-119.153443,200,1868.720155
-228.001054,200,1869.590585
-120.123676,200,1870.438732
-116.569717,200,1871.270013
-120.552599,200,1872.097976
-119.204007,200,1872.927499
-297.918363,200,1873.756983
-251.877174,200,1874.585528
-0.610686,200,1875.544692
-118.863764,200,1876.393328
-1.533219,200,1877.225906
-114.339363,200,1878.059795
-223.773307,200,1878.900974
-2.624942,200,1879.732452
-119.332177,200,1880.5671
-116.536201,200,1881.397432
-121.719426,200,1882.226458
-117.212476,200,1883.057089
-241.872259,200,1884.018597
-245.267903,200,1884.868356
-0.794928,200,1885.70046
-122.003362,200,1886.530079
-123.562505,200,1887.358772
-123.915296,200,1888.196126
-229.34767,200,1889.024353
-242.766705,200,1889.852394
-122.77548,200,1890.680373
-115.189413,200,1891.508444
-123.894103,200,1892.478479
-233.678787,200,1893.331165
-226.711157,200,1894.162301
-122.979072,200,1894.992739
-121.413466,200,1895.821675
-119.334309,200,1896.649293
-243.752146,200,1897.473629
-125.738474,200,1898.292123
-0.704321,200,1899.108363
-233.929827,200,1899.92457
-118.709813,200,1900.871232
-117.793939,200,1901.703816
-126.586892,200,1902.523069
-244.850775,200,1903.339311
-117.015694,200,1904.156384
-1.321111,200,1904.971841
-230.172388,200,1905.787131
-0.689934,200,1906.601855
-1.144963,200,1907.416771
-311.039256,200,1908.234273
-115.697562,200,1909.177812
-226.842628,200,1910.009969
-3.019691,200,1910.829594
-238.323066,200,1911.645014
-120.648453,200,1912.460118
-1.049855,200,1913.275421
-133.306682,200,1914.090687
-241.240404,200,1914.909174
-117.14639,200,1915.738688
-119.59672,200,1916.56711
-230.600729,200,1917.524652
-250.28999,200,1918.373001
-113.915086,200,1919.204739
-228.379041,200,1920.033828
-121.200418,200,1920.862288
-115.830129,200,1921.689678
-117.409707,200,1922.517926
-122.629113,200,1923.345371
-122.490709,200,1924.172256
-116.341631,200,1925.000254
-239.450557,200,1925.9597
-121.258833,200,1926.808968
-120.797544,200,1927.637645
-120.97157,200,1928.469619
-227.94898,200,1929.297916
-222.670132,200,1930.12696
-234.079279,200,1930.955737
-246.892417,200,1931.783956
-121.217105,200,1932.612893
-230.768828,200,1933.442316
-124.396448,200,1934.399806
-239.654225,200,1935.249148
-234.971736,200,1936.080924
-1.478931,200,1936.912376
-1.914823,200,1937.74027
-124.861264,200,1938.568065
-1.278557,200,1939.395122
-231.237715,200,1940.222783
-249.672838,200,1941.050602
-234.446335,200,1941.877985
-119.158537,200,1942.834394
-119.680549,200,1943.677744
-240.628539,200,1944.509112
-234.344114,200,1945.338078
-333.189294,200,1946.167226
-300.035798,200,1946.994383
-118.47131,200,1947.824721
-123.417208,200,1948.653295
-122.930216,200,1949.480393
-125.213633,200,1950.30819
-129.970513,200,1951.265114
-125.144125,200,1952.107051
-241.106608,200,1952.935818
-120.324559,200,1953.764451
-232.465654,200,1954.594088
-229.656005,200,1955.421511
-120.9506,200,1956.248097
-1.368657,200,1957.075605
-225.00067,200,1957.904225
-122.822974,200,1958.732238
-1.139673,200,1959.688234
-116.439871,200,1960.534735
-228.125929,200,1961.363952
-127.722914,200,1962.192356
-120.266481,200,1963.020368
-236.182188,200,1963.847878
-120.701007,200,1964.674791
-0.603161,200,1965.502639
-127.291522,200,1966.328657
-0.776795,200,1967.15372
-125.693854,200,1968.116673
-123.999782,200,1968.965934
-3.375415,200,1969.799066
-118.905748,200,1970.628369
-121.976952,200,1971.457637
-124.128505,200,1972.285287
-115.704874,200,1973.113125
-127.34663,200,1973.941849
-240.647206,200,1974.769841
-123.094646,200,1975.588991
-0.515833,200,1976.539271
-114.623476,200,1977.372082
-125.205109,200,1978.191664
-0.856853,200,1979.008276
-113.96907,200,1979.825427
-119.0603,200,1980.64238
-264.971787,200,1981.459189
-222.862531,200,1982.276325
-244.727721,200,1983.092717
-120.630695,200,1983.907568
-120.763256,200,1984.853938
-117.685225,200,1985.687585
-120.569626,200,1986.515738
-355.988235,200,1987.349289
-222.475754,200,1988.169523
-119.463471,200,1988.988446
-116.643584,200,1989.810727
-0.74965,200,1990.642074
-237.298877,200,1991.483442
-118.270184,200,1992.352299
-125.544871,200,1993.316878
-228.328031,200,1994.164566
-120.590428,200,1994.994241
-117.011594,200,1995.892567
-124.211854,200,1996.722204
-129.066059,200,1997.549661
-119.342583,200,1998.378365
-221.083185,200,1999.206954
-225.954288,200,2000.036233
-118.956282,200,2000.865193
-122.655558,200,2001.825037
-0.668161,200,2002.673909
-117.815884,200,2003.507505
-127.210137,200,2004.335963
-119.578831,200,2005.16356
-231.504423,200,2005.996337
-1.476717,200,2006.849457
-115.093339,200,2007.695
-116.701674,200,2008.5383
-114.600942,200,2009.380111
-2.659865,200,2010.360074
-121.743325,200,2011.238625
-122.854263,200,2012.097351
-0.74288,200,2012.952122
-1.154835,200,2013.803572
-116.553831,200,2014.645324
-231.945893,200,2015.481203
-1.629554,200,2016.318901
-117.331133,200,2017.15189
-119.13845,200,2017.986114
-127.065964,200,2018.959372
-115.489703,200,2019.824203
-118.446727,200,2020.683032
-329.019517,200,2021.540669
-114.635287,200,2022.400176
-244.53902,200,2023.246957
-114.639594,200,2024.082815
-126.819324,200,2024.914414
-123.00594,200,2025.747518
-121.038754,200,2026.579094
-235.668836,200,2027.548251
-126.085967,200,2028.410491
-123.287778,200,2029.252264
-243.718125,200,2030.086722
-115.028732,200,2030.924594
-239.619062,200,2031.760409
-125.409713,200,2032.630641
-118.879736,200,2033.497536
-0.621928,200,2034.511959
-123.328835,200,2035.523778
-226.477441,200,2036.543404
-118.786781,200,2037.391853
-253.501721,200,2038.216691
-116.092295,200,2039.040827
-1.18633,200,2039.863463
-115.101986,200,2040.688131
-119.134852,200,2041.668505
-1.077156,200,2042.665021
-121.922738,200,2043.658475
-359.547153,200,2044.622853
-122.311281,200,2045.740225
-230.183975,200,2046.740781
-233.916728,200,2047.609203
-238.657704,200,2048.561716
-119.209657,200,2049.561919
-125.996533,200,2050.562977
-235.51144,200,2051.532885
-118.032513,200,2052.505534
-124.12414,200,2053.479123
-124.701589,200,2054.380115
-1.519769,200,2055.40074
-232.5365,200,2056.428455
-232.310032,200,2057.429732
-119.087926,200,2058.361958
-119.127512,200,2059.356806
-122.769281,200,2060.351066
-117.324947,200,2061.209102
-233.178009,200,2062.207382
-1.247868,200,2063.205199
-224.705186,200,2064.107437
-127.312587,200,2065.058389
-120.583647,200,2065.897407
-125.669313,200,2066.722655
-224.729871,200,2067.543817
-123.174168,200,2068.366169
-0.835057,200,2069.188264
-119.07023,200,2070.011183
-119.984187,200,2070.831241
-122.185107,200,2071.651696
-125.04345,200,2072.491549
-250.625347,200,2073.444682
-119.270857,200,2074.284177
-235.793205,200,2075.10749
-1.986466,200,2075.932302
-227.822763,200,2076.864607
-230.669115,200,2077.866369
-246.298246,200,2078.858645
-117.011042,200,2079.704049
-0.934571,200,2080.700094
-0.946059,200,2081.700073
-120.674783,200,2082.720901
-123.769151,200,2083.561003
-1.275445,200,2084.38206
-117.122128,200,2085.203858
-234.516978,200,2086.026899
-236.432238,200,2086.850638
-116.471159,200,2087.673245
-114.192476,200,2088.494757
-1.494865,200,2089.313751
-123.949508,200,2090.133785
-298.734296,200,2091.089749
-114.94852,200,2092.073546
-125.077972,200,2093.076693
-124.735114,200,2094.055366
-241.05427,200,2094.996016
-125.464511,200,2095.995455
-115.268636,200,2096.989049
-122.938034,200,2097.957478
-123.541021,200,2098.926453
-228.19627,200,2099.896639
-125.935293,200,2100.944738
-231.45975,200,2101.785067
-1.013072,200,2102.605624
-225.513441,200,2103.425481
-128.328439,200,2104.245299
-249.489442,200,2105.064541
-115.979909,200,2105.883834
-115.264928,200,2106.704798
-0.899623,200,2107.525155
-124.224926,200,2108.345562
-238.418777,200,2109.306548
-235.983449,200,2110.148912
-239.428073,200,2110.970946
-233.91716,200,2111.790712
-237.046859,200,2112.608862
-243.589924,200,2113.426582
-2.978045,200,2114.244583
-123.552852,200,2115.06282
-245.572667,200,2115.887673
-115.228813,200,2116.705719
-119.883183,200,2117.659663
-121.810334,200,2118.496807
-119.451973,200,2119.318842
-124.086314,200,2120.137644
-121.578672,200,2120.955662
-119.585997,200,2121.774586
-123.788159,200,2122.591989
-122.786008,200,2123.409039
-115.271849,200,2124.226833
-119.466032,200,2125.044781
-0.518713,200,2125.994209
-118.788388,200,2126.832904
-117.608901,200,2127.654975
-251.90092,200,2128.474588
-125.716374,200,2129.291834
-253.764048,200,2130.109513
-124.158843,200,2130.927523
-0.787644,200,2131.745342
-225.425738,200,2132.561797
-122.672833,200,2133.37857
-237.063544,200,2134.326138
-119.797602,200,2135.162948
-123.272061,200,2135.984828
-118.104289,200,2136.80794
-125.120734,200,2137.715463
-121.890951,200,2138.712026
-231.102824,200,2139.707351
-116.896548,200,2140.604155
-123.064105,200,2141.60109
-117.133847,200,2142.597824
-121.872931,200,2143.648608
-124.268063,200,2144.723755
-115.408934,200,2145.724793
-232.666756,200,2146.694779
-118.683242,200,2147.66582
-117.394385,200,2148.635636
-123.534408,200,2149.497229
-1.11193,200,2150.472195
-127.266263,200,2151.471755
-119.348684,200,2152.43663
-115.242493,200,2153.559628
-0.874707,200,2154.58751
-0.656337,200,2155.57514
-234.636143,200,2156.536871
-316.05597,200,2157.50615
-1.11024,200,2158.396462
-125.421968,200,2159.344188
-118.262962,200,2160.345241
-123.260692,200,2161.325262
-119.043998,200,2162.262242
-113.618871,200,2163.413518
-124.266127,200,2164.461938
-127.304169,200,2165.440329
-290.50544,200,2166.40787
-120.556871,200,2167.380386
-226.308436,200,2168.332096
-123.915997,200,2169.240456
-121.17696,200,2170.272195
-118.319769,200,2171.350808
-124.277106,200,2172.25589
-0.839018,200,2173.4312
-377.040286,200,2174.551344
-248.809938,200,2175.443405
-227.406848,200,2176.43727
-253.456352,200,2177.533634
-117.328673,200,2178.552346
-122.155308,200,2179.461015
-123.841291,200,2180.524983
-225.703305,200,2181.637053
-119.885407,200,2182.613048
-122.459836,200,2183.738554
-240.73211,200,2184.87026
-119.768605,200,2185.973826
-119.369282,200,2186.929042
-119.036268,200,2188.017303
-245.090505,200,2189.221814
-0.706834,200,2190.185894
-123.744124,200,2191.233415
-119.822798,200,2192.336643
-121.978264,200,2193.364183
-125.452143,200,2194.327206
-118.688206,200,2195.173631
-118.670475,200,2196.003474
-121.877318,200,2196.829216
-226.442714,200,2197.658808
-234.524955,200,2198.486441
-119.84695,200,2199.316428
-225.562946,200,2200.142211
-1.862931,200,2200.965384
-119.111846,200,2201.789759
-2.383267,200,2202.744788
-240.683081,200,2203.589956
-116.234416,200,2204.420332
-116.750551,200,2205.245883
-0.878742,200,2206.071105
-235.595924,200,2206.895593
-273.713275,200,2207.719602
-124.581411,200,2208.538627
-217.814499,200,2209.354783
-122.152685,200,2210.170771
-224.632419,200,2211.116958
-280.384831,200,2211.951522
-118.118597,200,2212.771163
-0.295357,200,2213.58813
-224.418126,200,2214.40368
-234.961738,200,2215.220006
-119.965905,200,2216.036685
-118.166339,200,2216.85231
-240.773607,200,2217.668172
-116.501079,200,2218.484682
-240.435585,200,2219.431985
-227.711095,200,2220.264895
-248.630995,200,2221.083676
-121.732482,200,2221.901729
-127.676708,200,2222.718351
-123.974049,200,2223.533483
-230.562462,200,2224.349711
-309.317753,200,2225.165182
-122.542573,200,2225.980612
-118.693279,200,2226.795694
-129.717501,200,2227.742068
-114.471125,200,2228.57734
-241.876835,200,2229.396444
-122.903416,200,2230.213336
-120.705991,200,2231.028392
-114.958015,200,2231.84293
-117.881278,200,2232.656839
-249.281786,200,2233.472756
-123.730507,200,2234.287105
-248.927394,200,2235.100916
-123.880523,200,2236.048341
-122.129447,200,2236.882183
-2.290836,200,2237.70233
-0.351368,200,2238.519837
-233.684197,200,2239.335971
-0.37508,200,2240.152959
-246.969772,200,2240.969535
-120.325522,200,2241.785665
-120.392953,200,2242.60244
-120.379064,200,2243.417733
-340.682863,200,2244.364477
-118.553612,200,2245.209056
-118.673084,200,2246.042227
-0.386626,200,2246.870039
-0.925596,200,2247.695384
-0.865033,200,2248.531306
-116.857427,200,2249.357794
-250.468688,200,2250.182849
-237.457946,200,2251.010418
-0.808818,200,2251.837272
-120.653779,200,2252.796584
-116.48506,200,2253.643784
-236.810609,200,2254.476822
-116.352913,200,2255.304431
-222.080469,200,2256.135586
-116.185586,200,2256.963557
-120.74783,200,2257.7903
-229.524595,200,2258.61815
-122.757562,200,2259.445316
-3.533765,200,2260.27121
-229.789649,200,2261.231115
-116.71934,200,2262.079005
-115.725731,200,2262.906997
-227.762679,200,2263.730523
-322.278353,200,2264.558156
-2.799225,200,2265.382235
-228.771901,200,2266.205443
-0.426183,200,2267.030189
-0.340295,200,2267.860116
-114.439677,200,2268.687042
-125.562023,200,2269.645321
-126.366988,200,2270.489604
-252.581135,200,2271.318599
-120.096165,200,2272.146917
-124.284571,200,2272.975358
-229.559555,200,2273.802846
-227.92989,200,2274.628933
-120.42594,200,2275.454069
-227.370555,200,2276.279251
-123.485181,200,2277.103375
-123.877818,200,2278.05907
-122.381183,200,2278.908899
-231.339961,200,2279.74016
-1.082338,200,2280.570585
-219.498635,200,2281.398503
-233.767744,200,2282.226575
-260.123626,200,2283.053097
-290.151534,200,2283.880956
-226.452695,200,2284.708973
-235.002914,200,2285.537109
-250.289771,200,2286.495497
-0.605022,200,2287.343732
-120.865732,200,2288.178393
-240.239098,200,2289.010211
-119.334601,200,2289.839399
-116.092285,200,2290.667839
-126.034075,200,2291.51541
-237.364244,200,2292.475723
-115.897363,200,2293.387414
-122.075813,200,2294.221314
-116.410773,200,2295.205645
-115.429982,200,2296.083545
-120.811724,200,2296.926345
-229.084898,200,2297.754597
-239.647462,200,2298.583543
-224.95352,200,2299.415185
-118.703458,200,2300.242428
-0.749553,200,2301.071182
-242.046406,200,2301.900129
-226.470057,200,2302.725723
-231.82486,200,2303.682498
-234.09745,200,2304.531313
-3.484083,200,2305.362336
-288.6055,200,2306.192252
-122.594371,200,2307.020202
-118.74074,200,2307.854738
-238.89871,200,2308.681634
-121.759096,200,2309.510694
-3.915113,200,2310.336382
-120.74667,200,2311.163677
-233.349029,200,2312.122928
-1.2015,200,2312.966596
-231.276655,200,2313.794863
-126.071097,200,2314.620195
-238.821279,200,2315.445669
-119.067285,200,2316.275334
-227.905085,200,2317.104345
-311.64033,200,2317.930099
-313.004713,200,2318.754724
-2.233288,200,2319.578131
-247.199405,200,2320.53223
-119.021293,200,2321.380657
-121.891135,200,2322.21174
-238.056056,200,2323.039788
-231.922265,200,2323.867226
-118.533284,200,2324.695246
-116.640312,200,2325.522877
-120.225625,200,2326.351748
-117.586155,200,2327.179341
-116.631648,200,2328.005351
-115.602629,200,2328.965134
-116.574389,200,2329.801886
-119.081655,200,2330.621616
-123.170511,200,2331.438722
-0.598638,200,2332.254745
-118.93247,200,2333.070147
-119.254783,200,2333.886109
-125.698795,200,2334.701453
-119.219889,200,2335.516715
-126.726314,200,2336.330415
-233.741754,200,2337.275608
-245.026467,200,2338.109092
-245.665037,200,2338.926286
-119.821924,200,2339.742054
-229.747219,200,2340.557098
-114.412066,200,2341.371845
-121.790297,200,2342.186917
-125.300547,200,2343.001487
-117.806802,200,2343.814708
-281.314767,200,2344.628409
-115.675536,200,2345.572897
-116.274591,200,2346.405607
-224.102257,200,2347.223525
-125.408698,200,2348.04092
-114.348943,200,2348.856103
-121.987283,200,2349.672735
-126.00718,200,2350.488025
-122.183796,200,2351.301838
-120.751698,200,2352.115807
-231.525622,200,2352.929679
-3.815744,200,2353.875062
-113.812279,200,2354.707196
-243.150778,200,2355.526353
-235.679238,200,2356.342864
-120.421877,200,2357.16026
-114.269632,200,2357.975967
-119.746098,200,2358.791999
-0.951784,200,2359.60735
-234.687145,200,2360.422278
-224.537573,200,2361.238392
-227.107268,200,2362.186331
-114.867655,200,2363.02105
-124.457314,200,2363.839905
-0.639295,200,2364.656759
-230.030903,200,2365.472575
-122.873556,200,2366.288082
-0.312267,200,2367.102481
-2.994975,200,2367.921362
-251.305405,200,2368.736994
-227.763537,200,2369.551974
-113.911265,200,2370.497383
-122.658476,200,2371.328691
-114.403898,200,2372.14673
-231.173419,200,2372.962581
-236.784814,200,2373.777139
-122.262539,200,2374.592164
-125.425695,200,2375.405917
-0.483868,200,2376.221885
-125.293648,200,2377.037439
-1.491612,200,2377.852425
-118.75696,200,2378.799181
-117.613806,200,2379.631829
-114.349815,200,2380.451135
-235.396808,200,2381.267217
-124.382041,200,2382.082683
-121.816588,200,2382.897402
-285.648285,200,2383.711951
-225.805818,200,2384.526325
-252.186303,200,2385.34127
-121.196853,200,2386.156422
-119.708768,200,2387.103749
-0.420702,200,2387.939733
-120.689525,200,2388.759452
-123.830555,200,2389.577108
-116.484826,200,2390.392961
-228.2564,200,2391.209927
-125.236171,200,2392.048507
-219.870078,200,2392.889267
-0.390527,200,2393.714304
-367.532645,200,2394.541153
-120.113706,200,2395.495303
-116.610612,200,2396.347024
-0.482067,200,2397.180859
-1.553465,200,2398.012822
-120.909112,200,2398.84262
-117.774803,200,2399.669387
-123.225931,200,2400.497463
-243.272533,200,2401.3251
-238.822873,200,2402.154701
-305.312808,200,2402.982309
-118.396289,200,2403.941098
-115.331282,200,2404.79035
-121.614328,200,2405.62292
-222.152216,200,2406.454405
-1.26651,200,2407.28199
-122.659361,200,2408.109762
-115.830643,200,2408.934203
-119.039659,200,2409.759982
-1.012654,200,2410.589299
-124.69701,200,2411.413354
-121.029627,200,2412.369217
-218.611551,200,2413.209903
-113.788336,200,2414.039371
-115.194446,200,2414.868838
-115.498879,200,2415.696254
-119.78457,200,2416.524213
-127.094984,200,2417.352189
-120.451662,200,2418.178745
-123.175885,200,2419.008098
-237.047081,200,2419.83622
-115.867673,200,2420.795933
-116.184675,200,2421.645354
-231.559254,200,2422.477987
-235.293262,200,2423.307881
-122.585421,200,2424.136853
-119.126682,200,2424.966685
-120.454553,200,2425.79575
-304.779475,200,2426.623416
-120.294597,200,2427.449387
-125.5916,200,2428.278096
-123.930282,200,2429.239777
-343.514661,200,2430.09052
-284.543244,200,2430.924488
-226.270434,200,2431.751484
-117.914358,200,2432.580859
-122.91297,200,2433.410215
-240.411116,200,2434.238822
-120.566076,200,2435.067221
-118.834899,200,2435.895395
-228.636592,200,2436.722965
-228.868702,200,2437.68314
-228.034482,200,2438.564912
-228.747067,200,2439.395428
-129.935288,200,2440.226524
-126.836953,200,2441.057113
-254.196392,200,2441.887381
-123.090614,200,2442.717268
-241.870355,200,2443.546386
-117.852082,200,2444.375876
-2.023323,200,2445.204723
-117.389432,200,2446.167081
-123.995074,200,2447.015225
-122.908922,200,2447.849277
-120.272445,200,2448.678398
-1.288784,200,2449.508276
-237.831211,200,2450.337628
-127.161988,200,2451.168654
-120.882363,200,2451.990592
-118.50854,200,2452.808625
-115.921876,200,2453.626388
-116.029003,200,2454.579194
-229.786796,200,2455.414895
-233.186507,200,2456.234816
-125.467709,200,2457.052415
-228.664014,200,2457.869196
-0.807253,200,2458.686515
-124.467363,200,2459.504227
-123.394613,200,2460.321007
-117.209324,200,2461.137781
-1.367023,200,2461.955087
-225.931094,200,2462.903038
-115.002062,200,2463.737255
-223.95332,200,2464.557359
-236.603054,200,2465.375564
-0.881469,200,2466.193642
-118.972444,200,2467.009964
-2.440723,200,2467.828729
-122.533074,200,2468.646278
-120.209572,200,2469.464562
-1.168018,200,2470.280273
-122.553981,200,2471.226013
-122.067649,200,2472.059554
-219.925916,200,2472.878601
-350.62392,200,2473.696617
-225.136015,200,2474.517138
-1.824923,200,2475.344826
-122.015316,200,2476.173475
-121.0624,200,2477.080747
-123.569441,200,2477.899786
-0.725446,200,2478.717766
-122.283214,200,2479.66787
-2.952591,200,2480.502355
-132.173091,200,2481.32329
-253.524579,200,2482.141836
-233.537692,200,2482.960646
-125.125762,200,2483.77834
-0.516178,200,2484.595956
-125.763444,200,2485.412131
-120.275763,200,2486.229377
-232.151782,200,2487.046669
-0.787049,200,2487.997167
-225.755263,200,2488.831472
-1.651537,200,2489.652244
-122.581294,200,2490.4713
-222.565183,200,2491.305447
-0.305262,200,2492.134031
-118.647865,200,2492.964139
-118.148887,200,2493.794577
-0.556192,200,2494.625554
-127.113156,200,2495.454604
-0.468167,200,2496.420261
-239.05646,200,2497.271516
-123.812118,200,2498.104954
-228.145747,200,2498.937304
-2.204318,200,2499.76755
-127.378515,200,2500.597548
-122.662185,200,2501.424888
-115.961687,200,2502.254415
-256.684105,200,2503.085211
-222.778872,200,2503.91356
-116.317781,200,2504.873096
-289.315954,200,2505.723568
-233.234417,200,2506.556026
-250.078227,200,2507.389083
-226.479596,200,2508.230476
-124.028086,200,2509.063787
-117.313423,200,2509.896496
-124.704607,200,2510.724796
-130.974588,200,2511.555651
-119.465608,200,2512.38485
-256.131119,200,2513.343427
-234.160023,200,2514.195383
-0.783133,200,2515.02852
-120.233057,200,2515.859393
-225.245016,200,2516.689891
-0.593467,200,2517.52066
-0.651643,200,2518.350494
-120.492381,200,2519.179845
-120.674946,200,2520.009996
-0.401347,200,2520.838339
-308.577136,200,2521.796376
-235.977129,200,2522.643405
-123.620346,200,2523.476971
-232.712481,200,2524.305786
-245.661408,200,2525.134311
-123.416386,200,2525.956739
-229.817232,200,2526.782334
-120.778068,200,2527.609952
-123.853965,200,2528.45223
-116.303637,200,2529.281597
-125.265282,200,2530.244278
-126.004699,200,2531.092825
-374.817454,200,2531.924375
-114.72972,200,2532.75455
-122.776829,200,2533.5846
-125.462354,200,2534.414222
-120.691968,200,2535.243505
-121.420354,200,2536.072421
-126.263854,200,2536.901239
-348.803294,200,2537.728814
-126.441565,200,2538.700861
-119.970318,200,2539.554732
-289.562161,200,2540.386999
-229.322527,200,2541.224427
-233.045952,200,2542.080963
-224.659049,200,2542.911849
-236.069003,200,2543.74156
-123.001659,200,2544.575719
-225.116906,200,2545.463033
-115.094291,200,2546.37729
-3.790383,200,2547.344087
-120.409267,200,2548.188475
-129.64913,200,2549.018882
-125.864342,200,2549.843347
-119.255817,200,2550.663306
-117.460383,200,2551.492205
-4.455884,200,2552.325279
-124.555086,200,2553.153794
-117.108221,200,2553.976737
-229.308498,200,2554.804567
-123.640975,200,2555.757544
-297.216258,200,2556.596401
-235.902478,200,2557.429992
-126.743844,200,2558.252532
-120.743369,200,2559.081634
-228.580342,200,2559.904093
-289.893027,200,2560.730797
-120.169456,200,2561.557481
-119.347561,200,2562.39598
-118.661347,200,2563.315235
-1.856053,200,2564.364549
-226.931072,200,2565.309446
-232.905062,200,2566.226436
-234.621404,200,2567.130007
-117.076624,200,2568.034914
-123.737859,200,2568.940809
-124.335757,200,2569.851294
-117.243165,200,2570.76358
-117.262045,200,2571.629503
-225.678155,200,2572.456796
-123.226489,200,2573.407314
-122.022814,200,2574.242596
-227.964097,200,2575.064783
-117.813699,200,2575.883847
-124.63297,200,2576.701881
-121.76251,200,2577.5205
-310.441296,200,2578.338019
-124.942856,200,2579.158879
-123.737872,200,2579.976976
-119.704938,200,2580.79454
-0.538509,200,2581.741629
-117.061236,200,2582.57788
-120.898259,200,2583.399324
-120.417954,200,2584.218002
-364.875829,200,2585.036027
-236.5889,200,2585.854467
-226.29376,200,2586.682525
-239.344448,200,2587.500474
-246.472336,200,2588.319966
-116.730331,200,2589.138705
-122.625648,200,2590.088198
-117.25683,200,2590.956134
-125.446329,200,2591.778611
-122.963479,200,2592.606653
-1.560818,200,2593.428676
-235.844801,200,2594.246527
-235.033307,200,2595.064272
-227.588924,200,2595.881525
-0.609385,200,2596.698133
-118.231302,200,2597.522443
-1.150265,200,2598.47254
-120.979108,200,2599.309435
-2.377672,200,2600.129535
-119.091566,200,2600.946497
-236.450734,200,2601.764297
-113.940595,200,2602.581238
-117.291577,200,2603.398288
-122.915124,200,2604.214557
-120.259914,200,2605.03027
-229.401577,200,2605.846704
-125.21996,200,2606.809013
-128.050706,200,2607.659774
-236.129751,200,2608.500412
-222.271372,200,2609.422683
-220.063027,200,2610.340999
-227.965132,200,2611.251913
-114.897206,200,2612.160065
-117.666744,200,2613.089167
-223.066353,200,2614.006741
-122.231658,200,2614.924672
-0.546568,200,2615.999481
-127.38931,200,2616.937819
-226.53947,200,2617.805135
-113.898126,200,2618.719168
-125.20466,200,2619.643159
-290.898785,200,2620.570254
-227.236339,200,2621.477304
-121.833216,200,2622.38967
-301.778673,200,2623.300993
-231.186813,200,2624.208933
-223.994908,200,2625.256925
-229.165923,200,2626.152123
-117.522993,200,2627.01524
-231.306905,200,2627.84108
-128.61261,200,2628.667057
-241.141991,200,2629.568851
-228.178018,200,2630.433539
-123.011917,200,2631.302223
-114.379712,200,2632.174471
-125.577602,200,2633.056313
-123.511661,200,2634.074887
-125.172607,200,2634.989391
-122.010469,200,2635.857488
-124.933247,200,2636.750656
-5.014672,200,2637.623386
-1.419106,200,2638.519876
-237.871921,200,2639.376636
-237.296088,200,2640.25159
-119.161546,200,2641.146124
-123.118169,200,2641.972247
-225.226784,200,2642.928808
-0.910892,200,2643.837924
-115.754969,200,2644.682106
-126.732847,200,2645.560825
-125.29079,200,2646.409977
-117.359046,200,2647.311954
-119.944276,200,2648.17579
-119.985819,200,2649.035974
-122.777735,200,2649.928566
-251.704999,200,2650.800928
-123.441618,200,2651.8165
-1.962837,200,2652.71663
-229.927488,200,2653.609384
-243.939028,200,2654.484457
-239.344874,200,2655.364677
-119.106346,200,2656.253895
-127.738846,200,2657.124989
-5.277944,200,2657.952648
-118.098895,200,2658.777753
-129.581444,200,2659.603187
-4.923142,200,2660.618435
-224.945719,200,2661.522013
-119.222107,200,2662.411166
-240.201824,200,2663.304915
-233.151094,200,2664.173659
-118.823264,200,2665.054698
-128.600802,200,2665.930907
-122.555248,200,2666.804347
-239.080129,200,2667.675782
-3.742619,200,2668.581814
-118.460322,200,2669.597865
-251.960609,200,2670.515536
-131.066906,200,2671.389017
-6.200157,200,2672.262201
-239.157105,200,2673.122812
-3.966461,200,2673.995963
-121.621844,200,2674.892598
-225.957533,200,2675.780547
-128.025632,200,2676.638638
-120.473933,200,2677.52611
-6.212151,200,2678.559811
-4.746797,200,2679.484854
-121.449523,200,2680.360885
-128.678455,200,2681.260562
-242.253128,200,2682.160283
-305.489271,200,2683.059145
-240.681596,200,2683.930702
-4.955244,200,2684.802573
-129.503784,200,2685.668655
-5.272732,200,2686.538547
-236.134668,200,2687.536405
-118.470064,200,2688.481276
-116.640995,200,2689.306162
-126.62075,200,2690.131171
-310.189153,200,2690.958403
-250.058775,200,2691.784052
-123.289789,200,2692.607393
-116.842475,200,2693.431882
-1.729243,200,2694.256467
-122.491252,200,2695.08013
-119.959445,200,2696.040427
-123.156292,200,2696.891097
-122.387096,200,2697.720689
-122.814072,200,2698.545591
-255.449483,200,2699.367916
-116.733731,200,2700.191436
-2.685776,200,2701.013573
-128.35063,200,2701.838479
-122.720802,200,2702.661781
-125.91464,200,2703.485036
-2.72514,200,2704.44288
-124.304037,200,2705.320862
-120.758223,200,2706.151145
-0.498761,200,2706.980838
-242.929585,200,2707.81241
-126.649841,200,2708.640736
-120.882952,200,2709.465255
-121.200799,200,2710.28934
-240.89641,200,2711.1136
-117.172963,200,2711.975295
-125.856542,200,2712.942238
-120.545524,200,2713.790577
-284.275086,200,2714.621661
-113.377815,200,2715.449365
-2.366943,200,2716.277026
-117.223916,200,2717.115296
-0.800946,200,2717.942652
-126.560751,200,2718.773503
-224.725633,200,2719.604711
-122.908108,200,2720.437962
-224.503996,200,2721.401765
-121.208795,200,2722.253313
-225.735476,200,2723.088502
-244.185493,200,2723.919526
-117.636255,200,2724.751103
-125.093112,200,2725.579936
-120.820108,200,2726.411754
-115.731039,200,2727.233664
-120.675788,200,2728.054017
-230.581224,200,2728.872309
-1.150103,200,2729.821627
-122.90977,200,2730.659895
-232.162222,200,2731.481079
-238.351033,200,2732.299369
-124.136084,200,2733.118441
-0.886046,200,2733.93706
-0.631164,200,2734.756483
-129.282836,200,2735.575288
-241.023997,200,2736.393516
-117.592974,200,2737.211569
-1.043076,200,2738.160439
-124.082788,200,2738.999454
-113.76093,200,2739.822625
-127.502174,200,2740.643633
-125.994729,200,2741.463185
-2.834475,200,2742.28183
-117.961945,200,2743.100459
-117.474306,200,2743.919147
-119.549309,200,2744.736954
-125.79066,200,2745.554158
-136.344244,200,2746.503715
-1.788352,200,2747.338668
-117.413393,200,2748.161403
-128.601254,200,2748.979525
-123.721788,200,2749.797168
-122.915058,200,2750.614197
-220.190556,200,2751.431451
-1.34729,200,2752.247915
-246.142796,200,2753.065442
-225.557639,200,2753.882559
-114.910815,200,2754.840719
-127.500307,200,2755.74992
-238.252558,200,2756.56944
-120.407393,200,2757.387368
-246.854989,200,2758.206295
-2.441139,200,2759.023654
-248.159372,200,2759.8407
-0.725296,200,2760.658282
-287.229941,200,2761.475669
-1.743409,200,2762.292263
-247.331287,200,2763.240764
-123.57299,200,2764.075123
-228.996603,200,2764.930742
-284.923623,200,2765.753725
-122.989632,200,2766.574317
-116.635462,200,2767.408868
-223.492417,200,2768.232383
-122.997094,200,2769.051568
-230.754267,200,2769.909102
-119.149082,200,2770.801413
-120.036458,200,2771.752484
-236.690082,200,2772.588082
-114.516549,200,2773.409316
-125.101898,200,2774.228601
-127.497447,200,2775.04739
-239.392128,200,2775.865956
-124.925378,200,2776.684467
-327.520541,200,2777.502889
-122.394896,200,2778.321338
-124.571917,200,2779.144849
-238.581374,200,2780.096852
-0.588724,200,2780.935379
-122.196668,200,2781.757308
-118.158903,200,2782.576157
-244.848142,200,2783.393953
-120.7394,200,2784.211322
-125.939248,200,2785.029121
-364.515538,200,2785.845476
-125.309367,200,2786.662105
-118.657013,200,2787.478293
-120.513172,200,2788.426948
-121.087668,200,2789.261606
-1.158957,200,2790.081449
-232.64615,200,2790.89956
-2.308384,200,2791.717738
-122.003299,200,2792.534925
-240.330335,200,2793.351286
-124.352139,200,2794.168964
-222.196529,200,2794.986601
-2.208052,200,2795.803757
-120.024532,200,2796.75227
-127.351685,200,2797.59977
-239.393578,200,2798.443765
-118.831116,200,2799.27312
-119.164178,200,2800.102347
-119.724152,200,2800.934271
-120.795647,200,2801.763369
-279.760926,200,2802.593174
-227.596717,200,2803.422725
-125.351349,200,2804.252014
-2.539131,200,2805.216861
-1.496528,200,2806.065768
-117.246128,200,2806.89838
-124.170536,200,2807.726918
-125.738075,200,2808.565305
-120.652367,200,2809.393431
-122.335631,200,2810.222902
-1.359372,200,2811.053007
-224.578547,200,2811.883043
-127.161042,200,2812.713762
-223.697169,200,2813.672787
-234.532103,200,2814.521426
-233.982028,200,2815.353542
-122.302028,200,2816.183409
-117.279617,200,2817.014478
-238.166815,200,2817.842189
-127.297804,200,2818.671606
-116.594463,200,2819.50301
-125.081463,200,2820.331206
-118.005215,200,2821.159642
-319.329361,200,2822.12043
-129.0861,200,2822.967559
-116.582898,200,2823.79897
-121.74713,200,2824.628503
-125.074285,200,2825.454141
-116.694044,200,2826.280484
-232.489074,200,2827.10395
-230.786637,200,2827.93325
-120.515371,200,2828.761632
-119.647071,200,2829.595405
-298.170865,200,2830.552988
-229.278519,200,2831.40218
-1.639517,200,2832.237855
-116.77977,200,2833.068239
-125.097081,200,2833.89738
-128.161195,200,2834.726971
-123.715005,200,2835.556795
-241.242261,200,2836.385501
-221.734927,200,2837.213032
-3.20947,200,2838.036733
-127.708593,200,2838.992422
-2.264625,200,2839.840542
-126.708087,200,2840.674631
-118.357805,200,2841.503604
-126.912841,200,2842.334517
-228.229077,200,2843.16371
-118.95252,200,2843.993072
-121.812454,200,2844.821793
-118.900915,200,2845.650011
-121.108832,200,2846.479001
-116.51805,200,2847.438958
-127.153351,200,2848.324278
-118.362486,200,2849.156215
-126.562746,200,2849.986659
-119.84082,200,2850.817203
-239.215705,200,2851.647192
-0.997627,200,2852.475446
-231.713258,200,2853.303366
-238.906107,200,2854.132659
-123.257309,200,2854.962807
-125.212161,200,2855.923825
-235.895509,200,2856.772585
-357.686046,200,2857.60316
-116.234762,200,2858.424709
-1.386595,200,2859.243422
-118.316541,200,2860.061242
-115.087174,200,2860.87867
-228.587744,200,2861.69501
-113.692905,200,2862.512199
-119.15614,200,2863.329859
-120.403717,200,2864.27784
-122.450543,200,2865.112756
-120.932941,200,2865.93414
-123.59248,200,2866.754459
-0.600001,200,2867.573885
-123.413642,200,2868.393018
-119.160693,200,2869.211035
-232.235575,200,2870.029151
-119.561561,200,2870.847769
-0.583596,200,2871.664834
-113.771761,200,2872.61699
-129.188952,200,2873.453335
-124.010658,200,2874.275837
-121.66615,200,2875.096251
-115.442331,200,2875.917096
-121.194167,200,2876.737027
-234.872985,200,2877.563184
-126.376349,200,2878.401786
-227.70095,200,2879.222313
-230.413599,200,2880.045608
-122.403059,200,2880.996987
-116.330707,200,2881.831757
-116.833776,200,2882.653549
-122.892875,200,2883.472902
-0.534631,200,2884.290389
-304.823096,200,2885.108521
-125.505351,200,2885.926698
-116.556573,200,2886.752593
-117.526334,200,2887.583406
-122.521154,200,2888.423049
-117.178797,200,2889.386354
-127.511065,200,2890.236448
-119.272906,200,2891.071954
-114.597334,200,2891.902839
-118.748372,200,2892.739522
-226.549462,200,2893.577964
-0.855188,200,2894.409938
-1.682542,200,2895.242449
-125.019958,200,2896.072091
-240.273925,200,2896.901371
-224.35683,200,2897.861724
-120.200299,200,2898.720994
-0.475017,200,2899.558746
-0.588144,200,2900.391432
-126.352253,200,2901.221731
-120.526058,200,2902.051921
-120.974452,200,2902.878333
-1.455084,200,2903.705961
-220.13278,200,2904.529766
-250.338237,200,2905.360343
-122.107161,200,2906.324091
-383.020287,200,2907.172032
-120.985668,200,2908.016365
-229.908568,200,2908.846201
-118.449367,200,2909.676863
-0.797084,200,2910.507223
-225.039446,200,2911.337648
-120.48297,200,2912.167737
-118.222121,200,2912.996098
-0.556065,200,2913.824828
-121.017843,200,2914.78861
-233.890885,200,2915.637871
-126.400689,200,2916.46918
-251.338348,200,2917.30352
-121.636765,200,2918.1387
-0.699194,200,2918.965854
-221.459799,200,2919.793186
-123.674128,200,2920.627369
-125.729634,200,2921.45467
-0.775295,200,2922.278773
-120.967242,200,2923.235301
-119.71712,200,2924.075982
-0.959199,200,2924.904348
-234.325364,200,2925.730703
-0.548295,200,2926.559872
-239.263291,200,2927.385919
-118.330495,200,2928.212373
-231.622784,200,2929.034446
-125.516366,200,2929.858793
-122.691729,200,2930.681926
-123.46191,200,2931.637944
-121.572841,200,2932.481388
-121.661034,200,2933.309823
-232.569638,200,2934.135283
-124.824628,200,2934.964028
-223.201932,200,2935.790856
-119.134127,200,2936.614591
-119.324539,200,2937.439377
-115.786877,200,2938.263485
-0.689272,200,2939.087812
-120.313443,200,2940.043471
-228.306326,200,2940.890966
-122.954942,200,2941.718535
-127.615474,200,2942.543333
-223.814455,200,2943.367961
-124.447748,200,2944.190473
-124.458,200,2945.013571
-1.138693,200,2945.838155
-121.647924,200,2946.662736
-125.869683,200,2947.485226
-225.414225,200,2948.440402
-119.878641,200,2949.287502
-117.739698,200,2950.122481
-232.936057,200,2950.952648
-114.811903,200,2951.782212
-249.116447,200,2952.609714
-225.613613,200,2953.439536
-117.607604,200,2954.270727
-127.694828,200,2955.1038
-0.549566,200,2955.931426
-121.365891,200,2956.892866
-117.525146,200,2957.741708
-114.492454,200,2958.575024
-240.827794,200,2959.406078
-129.595357,200,2960.235066
-119.657737,200,2961.06478
-236.904525,200,2961.893414
-0.270443,200,2962.723669
-113.79268,200,2963.552571
-0.534196,200,2964.381165
-118.648254,200,2965.386161
-118.07249,200,2966.241911
-124.961298,200,2967.075207
-113.685556,200,2967.924986
-121.903813,200,2968.757327
-126.121329,200,2969.58777
-122.452445,200,2970.417822
-349.352544,200,2971.247625
-123.449366,200,2972.076627
-222.449863,200,2972.904469
-239.72744,200,2973.864748
-232.425455,200,2974.715148
-237.220369,200,2975.546999
-121.330658,200,2976.378177
-127.222447,200,2977.2084
-126.338235,200,2978.038791
-116.524993,200,2978.862818
-126.585758,200,2979.681774
-121.688403,200,2980.498557
-122.037446,200,2981.315844
-236.274691,200,2982.264246
-119.331543,200,2983.097818
-250.337691,200,2983.917247
-328.202427,200,2984.748116
-241.24995,200,2985.604519
-120.870385,200,2986.424014
-249.481175,200,2987.242998
-119.728528,200,2988.063383
-224.854095,200,2988.880968
-297.331605,200,2989.697279
-125.146165,200,2990.646793
-118.45147,200,2991.480148
-232.632231,200,2992.300704
-2.303132,200,2993.12106
-121.351291,200,2993.941484
-117.958164,200,2994.760175
-117.710287,200,2995.578874
-119.062828,200,2996.397251
-125.717741,200,2997.214971
-118.969353,200,2998.032722
-119.251119,200,2998.982836
-114.08365,200,2999.8172
-123.083099,200,3000.63981
-113.375823,200,3001.458418
-121.103868,200,3002.277459
-118.034459,200,3003.095993
-0.656005,200,3003.913147
-128.178107,200,3004.730281
-0.758956,200,3005.548487
-113.961223,200,3006.366848
-119.128868,200,3007.316206
-1.535977,200,3008.156725
-232.324293,200,3008.994918
-1.277507,200,3009.828231
-116.333175,200,3010.658477
-251.096154,200,3011.489732
-116.75763,200,3012.321095
-124.448329,200,3013.153288
-114.100695,200,3013.983923
-227.027158,200,3014.814488
-119.880335,200,3015.776859
-232.201608,200,3016.626769
-1.309933,200,3017.461212
-124.85513,200,3018.289559
-231.129461,200,3019.118628
-121.781077,200,3019.946943
-124.804769,200,3020.775806
-115.450771,200,3021.604995
-228.584074,200,3022.433967
-129.377577,200,3023.263317
-224.403596,200,3024.22603
-253.980641,200,3025.075904
-118.728364,200,3025.910253
-124.028382,200,3026.741383
-225.170576,200,3027.572783
-116.380045,200,3028.414546
-0.757158,200,3029.24353
-122.021167,200,3030.073769
-120.761448,200,3030.90305
-234.3337,200,3031.731695
-3.602095,200,3032.718109
-122.39225,200,3033.569778
-116.36588,200,3034.400657
-125.683035,200,3035.229918
-233.120588,200,3036.060493
-241.424407,200,3036.888759
-119.769982,200,3037.717686
-120.856595,200,3038.547875
-116.789943,200,3039.374206
-122.930155,200,3040.202847
-227.986377,200,3041.163426
-243.896101,200,3042.012945
-122.860913,200,3042.846511
-242.607319,200,3043.67753
-126.71301,200,3044.507751
-116.143855,200,3045.337632
-220.582252,200,3046.165865
-127.168989,200,3046.993771
-226.401332,200,3047.823154
-114.766425,200,3048.648865
-292.310105,200,3049.610926
-242.243672,200,3050.461968
-126.263927,200,3051.295048
-119.34695,200,3052.126549
-125.343514,200,3052.95761
-115.438609,200,3053.786216
-117.34662,200,3054.615032
-128.060139,200,3055.445836
-235.201244,200,3056.273029
-0.966855,200,3057.103938
-227.791132,200,3058.0646
-237.235807,200,3058.913086
-119.589909,200,3059.745162
-117.671574,200,3060.577549
-116.271522,200,3061.407615
-116.738709,200,3062.236923
-114.360856,200,3063.06569
-116.721503,200,3063.893754
-115.013275,200,3064.720687
-115.181646,200,3065.548139
-117.718795,200,3066.508583
-118.715672,200,3067.356962
-118.339561,200,3068.198921
-124.110989,200,3069.022779
-1.384043,200,3069.844974
-114.642958,200,3070.664293
-241.743026,200,3071.483546
-125.195578,200,3072.303407
-115.354261,200,3073.123527
-229.721407,200,3073.942366
-239.43765,200,3074.893455
-116.143174,200,3075.731743
-221.260043,200,3076.554849
-124.506742,200,3077.377257
-126.574206,200,3078.197484
-121.145184,200,3079.017127
-225.833539,200,3079.836605
-118.833881,200,3080.65572
-305.095083,200,3081.475047
-118.024038,200,3082.29494
-0.454573,200,3083.246151
-125.299743,200,3084.083078
-239.819466,200,3084.905591
-116.66003,200,3085.725435
-242.715555,200,3086.5452
-122.74984,200,3087.364953
-124.679142,200,3088.188969
-124.96637,200,3089.009018
-230.482793,200,3089.828505
-227.270675,200,3090.647008
-1.329175,200,3091.598187
-128.616298,200,3092.437255
-121.585358,200,3093.262404
-241.650495,200,3094.095459
-115.140641,200,3094.916999
-1.178539,200,3095.736938
-114.95705,200,3096.556643
-242.842702,200,3097.376736
-320.479009,200,3098.201094
-231.254879,200,3099.021042
-124.652448,200,3099.974157
-118.391915,200,3100.810949
-124.692266,200,3101.63381
-224.119327,200,3102.458244
-120.95009,200,3103.277552
-116.747861,200,3104.096143
-229.043841,200,3104.916448
-1.031162,200,3105.735064
-121.150802,200,3106.554463
-121.226249,200,3107.374259
-116.341893,200,3108.327178
-120.669338,200,3109.164411
-120.40459,200,3109.989169
-232.274213,200,3110.809862
-0.393224,200,3111.62953
-223.044863,200,3112.449564
-119.578333,200,3113.267331
-122.528091,200,3114.085815
-224.166765,200,3114.904813
-2.374903,200,3115.724013
-120.942105,200,3116.704981
-353.611311,200,3117.542849
-119.80235,200,3118.366339
-226.003239,200,3119.186836
-222.879738,200,3120.006848
-117.298488,200,3120.826327
-115.850077,200,3121.644935
-229.447286,200,3122.464033
-118.262665,200,3123.282743
-120.756158,200,3124.10176
-0.651585,200,3125.051686
-119.378692,200,3125.888153
-125.941865,200,3126.710626
-0.491612,200,3127.530439
-116.578891,200,3128.351426
-119.718118,200,3129.173118
-119.72434,200,3129.992137
-120.413573,200,3130.812082
-225.444297,200,3131.645474
-115.198462,200,3132.479781
-0.544945,200,3133.4415
-253.244978,200,3134.287838
-243.372011,200,3135.11986
-235.791203,200,3135.94989
-123.956754,200,3136.77961
-118.278808,200,3137.607669
-231.710434,200,3138.4367
-128.737013,200,3139.266084
-125.88779,200,3140.098911
-119.288767,200,3140.927606
-118.793513,200,3141.889021
-123.989423,200,3142.736474
-119.429504,200,3143.573925
-120.351374,200,3144.406189
-122.028226,200,3145.236564
-0.444297,200,3146.067073
-282.760311,200,3146.899552
-119.64624,200,3147.728326
-114.326851,200,3148.557674
-125.929144,200,3149.386592
-126.225104,200,3150.348692
-226.550435,200,3151.197599
-121.361123,200,3152.031366
-126.3613,200,3152.861156
-223.25671,200,3153.691462
-223.668631,200,3154.522749
-126.309054,200,3155.351596
-252.219863,200,3156.182645
-123.139295,200,3157.011469
-237.139943,200,3157.841271
-0.558807,200,3158.800581
-1.670993,200,3159.649366
-2.121105,200,3160.48646
-0.665705,200,3161.318358
-132.584542,200,3162.149434
-228.295195,200,3162.980354
-116.081469,200,3163.807547
-120.740367,200,3164.633908
-122.49866,200,3165.458716
-1.859896,200,3166.289347
-232.401027,200,3167.253486
-113.985564,200,3168.101149
-119.113697,200,3168.933136
-120.664817,200,3169.763081
-227.678678,200,3170.593473
-122.123235,200,3171.419993
-121.77039,200,3172.250736
-235.682659,200,3173.080387
-119.342234,200,3173.910277
-129.720715,200,3174.737902
-120.126673,200,3175.705953
-115.008593,200,3176.560402
-123.29665,200,3177.391252
-124.322865,200,3178.223627
-245.24988,200,3179.054266
-123.511345,200,3179.882765
-117.172847,200,3180.712752
-127.886279,200,3181.539033
-117.133115,200,3182.364824
-114.007509,200,3183.193907
-118.055441,200,3184.155102
-124.939299,200,3185.003698
-118.389192,200,3185.83487
-237.608708,200,3186.663718
-228.180271,200,3187.492974
-235.623245,200,3188.320576
-125.419681,200,3189.160251
-233.601056,200,3189.987107
-124.376884,200,3190.816415
-242.548343,200,3191.659548
-123.626343,200,3192.627196
-117.199592,200,3193.469095
-1.523273,200,3194.289828
-122.588148,200,3195.1082
-225.342803,200,3195.926335
-1.629792,200,3196.743186
-232.124539,200,3197.561245
-1.21011,200,3198.377769
-294.57111,200,3199.194895
-2.41481,200,3200.102311
-120.526629,200,3201.052096
-127.831311,200,3201.886975
-244.485855,200,3202.706979
-239.674304,200,3203.525053
-223.233426,200,3204.343001
-116.343044,200,3205.161665
-123.092369,200,3205.979406
-225.497692,200,3206.796371
-226.161777,200,3207.613571
-125.51117,200,3208.437954
-234.98182,200,3209.407395
-242.631977,200,3210.288385
-127.602695,200,3211.113364
-0.41867,200,3211.939858
-128.558418,200,3212.759334
-123.480206,200,3213.578084
-232.707299,200,3214.396386
-121.173171,200,3215.2147
-235.573389,200,3216.031955
-0.377165,200,3216.848608
-125.861937,200,3217.798526
-0.625201,200,3218.633238
-228.248961,200,3219.455318
-234.961539,200,3220.274918
-225.756507,200,3221.09391
-116.030953,200,3221.911706
-119.472685,200,3222.730323
-125.823106,200,3223.548318
-124.164063,200,3224.368053
-243.160842,200,3225.186051
-114.581915,200,3226.134648
-268.496411,200,3226.969374
-0.98003,200,3227.79053
-233.193086,200,3228.621875
-1.745709,200,3229.43941
-119.046768,200,3230.256182
-117.171635,200,3231.073427
-120.423084,200,3231.889971
-129.183733,200,3232.706947
-114.451016,200,3233.523736
-115.122851,200,3234.47173
-123.564878,200,3235.312838
-119.114887,200,3236.155156
-230.55357,200,3236.988056
-226.879085,200,3237.817402
-0.673958,200,3238.645891
-0.624725,200,3239.475635
-121.752387,200,3240.303763
-236.11964,200,3241.134176
-125.424026,200,3241.962124
-117.492981,200,3242.921107
-120.367513,200,3243.769709
-0.849507,200,3244.601651
-117.518711,200,3245.432802
-121.545529,200,3246.260722
-123.837128,200,3247.089238
-224.17307,200,3247.918726
-121.889812,200,3248.745416
-118.308914,200,3249.580302
-117.083812,200,3250.408906
-115.516975,200,3251.368708
-1.772436,200,3252.218117
-228.114151,200,3253.050072
-126.095273,200,3253.879282
-128.912824,200,3254.709918
-116.29792,200,3255.537301
-118.856252,200,3256.366705
-115.051194,200,3257.193963
-114.735679,200,3258.021034
-247.004253,200,3258.85083
-231.517359,200,3259.811862
-123.625424,200,3260.659887
-126.486855,200,3261.496429
-125.139302,200,3262.326759
-250.383107,200,3263.156623
-0.368964,200,3263.984421
-121.511893,200,3264.81308
-124.111727,200,3265.6428
-122.121618,200,3266.471685
-236.155052,200,3267.299452
-0.428856,200,3268.259155
-117.219297,200,3269.107753
-116.374397,200,3269.94096
-119.190715,200,3270.771392
-127.228027,200,3271.602903
-120.241613,200,3272.431169
-237.226056,200,3273.259963
-116.350318,200,3274.086975
-123.569335,200,3274.911848
-128.283048,200,3275.741705
-226.491446,200,3276.701883
-120.686241,200,3277.551726
-121.193945,200,3278.384276
-238.351511,200,3279.212536
-114.537601,200,3280.04217
-121.762565,200,3280.86958
-240.484059,200,3281.695572
-119.814803,200,3282.524499
-0.369398,200,3283.35231
-117.629028,200,3284.180723
-229.040068,200,3285.141887
-121.80193,200,3285.992186
-293.432136,200,3286.82615
-224.367887,200,3287.653893
-116.43783,200,3288.48473
-0.474067,200,3289.314696
-0.371482,200,3290.143949
-0.500158,200,3290.972998
-122.033049,200,3291.800573
-118.670124,200,3292.625626
-0.494637,200,3293.587191
-219.370886,200,3294.437553
-224.060741,200,3295.270429
-116.621662,200,3296.092618
-1.3838,200,3296.910729
-124.50442,200,3297.729568
-0.514602,200,3298.546997
-119.666698,200,3299.365215
-126.025867,200,3300.18307
-122.338442,200,3301.001402
-114.920286,200,3301.947507
-246.109517,200,3302.782912
-121.096386,200,3303.60559
-117.011375,200,3304.423753
-232.651517,200,3305.242553
-120.379562,200,3306.060491
-117.991658,200,3306.877615
-128.036924,200,3307.694883
-305.379507,200,3308.51244
-128.531638,200,3309.330929
-117.217521,200,3310.280348
-1.618162,200,3311.115706
-226.202892,200,3311.944319
-117.686617,200,3312.767999
-225.462645,200,3313.589251
-0.613474,200,3314.409926
-233.195363,200,3315.229859
-238.255778,200,3316.050091
-1.257213,200,3316.870737
-252.454025,200,3317.689261
-118.32417,200,3318.640345
-126.138449,200,3319.47454
-229.873403,200,3320.296555
-123.070506,200,3321.114918
-123.876542,200,3321.932307
-226.703082,200,3322.750678
-224.354528,200,3323.567662
-124.677168,200,3324.384056
-114.620229,200,3325.200286
-248.958069,200,3326.016501
-243.790923,200,3326.965306
-121.428937,200,3327.811595
-224.247855,200,3328.645077
-126.134449,200,3329.476319
-127.618194,200,3330.307048
-122.958332,200,3331.133878
-122.680349,200,3331.960289
-1.127235,200,3332.789114
-120.435408,200,3333.617776
-276.203647,200,3334.446136
-1.890248,200,3335.405506
-236.920735,200,3336.254345
-116.085858,200,3337.086013
-119.560152,200,3337.915804
-120.002873,200,3338.746951
-119.396177,200,3339.574401
-243.615753,200,3340.401941
-130.527464,200,3341.232805
-0.885596,200,3342.060192
-1.205717,200,3342.889069
-223.730308,200,3343.846909
-228.582754,200,3344.690263
-114.999468,200,3345.51876
-123.093566,200,3346.349317
-371.472128,200,3347.176505
-236.893828,200,3348.001779
-228.989552,200,3348.827307
-366.594089,200,3349.65307
-237.871995,200,3350.491109
-120.927037,200,3351.353382
-228.410568,200,3352.35195
-119.24549,200,3353.231948
-120.672461,200,3354.095092
-117.526327,200,3354.958445
-227.956027,200,3355.807896
-237.534485,200,3356.688368
-127.051833,200,3357.512341
-265.152778,200,3358.332816
-116.62671,200,3359.15179
-118.174167,200,3359.971896
-0.694559,200,3360.925561
-272.018969,200,3361.774459
-123.093163,200,3362.611272
-125.533,200,3363.438665
-122.818944,200,3364.259666
-123.375065,200,3365.081756
-229.860585,200,3365.901837
-243.059066,200,3366.724422
-124.589316,200,3367.542988
-118.973907,200,3368.361138
-0.715671,200,3369.313357
-118.11531,200,3370.18368
-0.361765,200,3371.007794
-230.130721,200,3371.828043
-117.011691,200,3372.647828
-240.622989,200,3373.467692
-126.302069,200,3374.3243
-121.889116,200,3375.198389
-121.721637,200,3376.056529
-121.655104,200,3376.940382
-129.187533,200,3377.934147
-236.259548,200,3378.809192
-126.152101,200,3379.655424
-278.02877,200,3380.493877
-229.803817,200,3381.340079
-120.513269,200,3382.196731
-0.416566,200,3383.03937
-118.580977,200,3383.866103
-226.890255,200,3384.694223
-125.177358,200,3385.522675
-124.741041,200,3386.4972
-230.405349,200,3387.348729
-119.627371,200,3388.182594
-1.568016,200,3389.012796
-227.905566,200,3389.842309
-125.800211,200,3390.669916
-0.781828,200,3391.499297
-118.773201,200,3392.328896
-114.731557,200,3393.157635
-122.009992,200,3393.986876
-228.028082,200,3394.948998
-223.41877,200,3395.797487
-118.119563,200,3396.630233
-115.583762,200,3397.460523
-245.888506,200,3398.290954
-219.335387,200,3399.116541
-123.498569,200,3399.945322
-230.441351,200,3400.778749
-115.699718,200,3401.61
-121.931281,200,3402.511326
-224.460286,200,3403.652426
-227.881699,200,3404.680305
-227.095942,200,3405.553091
-220.0534,200,3406.55231
-0.968461,200,3407.551749
-118.496043,200,3408.490948
-114.642136,200,3409.406375
-122.283063,200,3410.406679
-228.422072,200,3411.40602
-223.49187,200,3412.280081
-127.364955,200,3413.414775
-119.214763,200,3414.445892
-126.65324,200,3415.390672
-287.77901,200,3416.213865
-124.388702,200,3417.034886
-0.537108,200,3417.855226
-121.63554,200,3418.677887
-228.624776,200,3419.498192
-121.334851,200,3420.319661
-125.698755,200,3421.139207
-121.805982,200,3422.09194
-126.070787,200,3422.930394
-114.26344,200,3423.755648
-234.999217,200,3424.617047
-262.562146,200,3425.615228
-266.639882,200,3426.615087
-230.175494,200,3427.593597
-120.443642,200,3428.557097
-263.618187,200,3429.523301
-296.655189,200,3430.494456
-236.036175,200,3431.500233
-118.301263,200,3432.528001
-2.996979,200,3433.527951
-222.532069,200,3434.510695
-223.883806,200,3435.47307
-124.700766,200,3436.450646
-323.573261,200,3437.381686
-114.233227,200,3438.267878
-122.369103,200,3439.268198
-121.894477,200,3440.263828
-120.6445,200,3441.292505
-114.173911,200,3442.3205
-1.71013,200,3443.322454
-124.689709,200,3444.231081
-225.018204,200,3445.228808
-312.123627,200,3446.227051
-120.386895,200,3447.203294
-120.373486,200,3448.165692
-113.828015,200,3449.106704
-0.62466,200,3449.9281
-119.959539,200,3450.881445
-248.618289,200,3451.722431
-118.387153,200,3452.68229
-120.21769,200,3453.68187
-115.32142,200,3454.641781
-122.750767,200,3455.593641
-124.923153,200,3456.591151
-237.724622,200,3457.553969
-120.169149,200,3458.512274
-257.069391,200,3459.510882
-242.228599,200,3460.604778
-246.934164,200,3461.447485
-1.484038,200,3462.269429
-122.997008,200,3463.091144
-114.369857,200,3463.912193
-225.024267,200,3464.73281
-228.197175,200,3465.555094
-1.545981,200,3466.379062
-120.31306,200,3467.204552
-125.485559,200,3468.111095
-116.438914,200,3469.249491
-1.694341,200,3470.263601
-125.656954,200,3471.085189
-239.858851,200,3471.906019
-225.066412,200,3472.729166
-115.541713,200,3473.623866
-118.748302,200,3474.620919
-125.256746,200,3475.620587
-263.109641,200,3476.512673
-116.313211,200,3477.332544
-233.090137,200,3478.283476
-1.237753,200,3479.126403
-249.280377,200,3479.951712
-122.437554,200,3480.772358
-231.394966,200,3481.595836
-222.989046,200,3482.421278
-124.440639,200,3483.242934
-118.470212,200,3484.065408
-125.042675,200,3484.88718
-247.370213,200,3485.709622
-116.833648,200,3486.662081
-121.636746,200,3487.503855
-240.450159,200,3488.421799
-121.972761,200,3489.402001
-244.739753,200,3490.230823
-364.472572,200,3491.05457
-0.776694,200,3491.883505
-124.052085,200,3492.750013
-224.508162,200,3493.594306
-126.187316,200,3494.596747
-230.259961,200,3495.752186
-125.410305,200,3496.660884
-115.359211,200,3497.488987
-238.536438,200,3498.333597
-253.59003,200,3499.174014
-114.492308,200,3500.005513
-119.925932,200,3500.841687
-121.941655,200,3501.669115
-248.17325,200,3502.494158
-122.484224,200,3503.319795
-116.387185,200,3504.398278
-119.508138,200,3505.408716
-230.802288,200,3506.405834
-125.141898,200,3507.375715
-240.27924,200,3508.355907
-219.702809,200,3509.305965
-118.901449,200,3510.224226
-229.840331,200,3511.226729
-123.18493,200,3512.221736
-239.997052,200,3513.052131
-1.087169,200,3514.010466
-121.053099,200,3514.84159
-117.687468,200,3515.664644
-130.914331,200,3516.48823
-127.459729,200,3517.335988
-114.603836,200,3518.337966
-123.309715,200,3519.34257
-120.72701,200,3520.28911
-0.945765,200,3521.112842
-121.442318,200,3521.939022
-114.570963,200,3522.894539
-116.208964,200,3523.723617
-122.419905,200,3524.546102
-123.324726,200,3525.37049
-243.354904,200,3526.19791
-268.076361,200,3527.022028
-120.637952,200,3527.850403
-120.843437,200,3528.779237
-117.368985,200,3529.78496
-118.735568,200,3530.779723
-223.489783,200,3531.816383
-116.197482,200,3532.826517
-121.238729,200,3533.826154
-123.284612,200,3534.797827
-124.649802,200,3535.767694
-120.900647,200,3536.744784
-1.897863,200,3537.634224
-117.296427,200,3538.573551
-127.227424,200,3539.572212
-118.978582,200,3540.566587
-245.141849,200,3541.64993
-120.040566,200,3542.620483
-126.140417,200,3543.61053
-0.550953,200,3544.599174
-4.988058,200,3545.682024
-127.189754,200,3546.69713
-115.706538,200,3547.583727
-231.621,200,3548.546592
-226.715938,200,3549.544113
-2.73069,200,3550.500638
-117.397586,200,3551.61913
-116.70721,200,3553.3074
-118.720658,200,3554.294915
-227.28474,200,3555.285225
-124.627001,200,3556.260183
-1.745522,200,3557.235729
-222.850704,200,3558.210851
-227.421316,200,3559.101761
-0.595817,200,3560.099039
-116.099436,200,3562.72107
-117.732902,200,3564.428442
-248.425975,200,3565.404737
-117.432785,200,3566.373071
-114.447636,200,3567.281951
-222.443691,200,3568.300435
-114.036501,200,3569.327156
-119.668615,200,3570.304472
-234.4541,200,3571.280597
-125.941739,200,3572.25889
-118.242345,200,3573.134602
-235.921072,200,3574.098522
-119.017381,200,3574.937821
-120.751533,200,3575.76948
-3.680506,200,3576.601919
-225.217302,200,3577.43197
-125.502276,200,3578.263485
-123.053279,200,3579.091833
-230.765581,200,3579.919744
-118.980871,200,3580.74661
-2.011391,200,3581.575342
-0.514666,200,3582.537116
-128.033464,200,3583.373324
-114.635499,200,3584.202197
-131.531001,200,3585.030571
-119.44305,200,3585.853476
-123.248822,200,3586.679347
-218.772418,200,3587.501355
-234.090681,200,3588.328717
-113.517601,200,3589.152346
-114.339244,200,3589.977494
-113.064417,200,3590.938175
-123.623945,200,3591.776268
-225.556029,200,3592.602779
-119.598086,200,3593.434597
-235.655398,200,3594.26943
-246.015698,200,3595.111888
-227.846562,200,3595.958302
-225.990867,200,3596.791645
-124.604343,200,3597.626083
-220.449058,200,3598.459126
-224.092776,200,3599.439865
-230.797735,200,3643.403739
-118.362945,200,3644.270736
-0.730402,200,3645.117619
-114.535271,200,3645.963508
-120.357286,200,3646.799466
-2.321074,200,3647.635215
-120.558014,200,3648.468321
-128.856767,200,3649.297171
-123.035261,200,3650.137134
-121.73456,200,3652.77271
-230.879063,200,3654.038967
-227.836393,200,3655.265879
-220.974924,200,3656.497001
-119.710054,200,3657.530568
-244.200672,200,3658.452873
-121.997617,200,3659.349877
-237.230738,200,3660.189085
-261.84797,200,3661.060365
-124.027867,200,3661.905688
-0.902041,200,3662.896365
-116.928536,200,3664.264619
-122.768812,200,3665.347777
-2.373773,200,3666.54765
-124.725539,200,3668.283463
-232.932812,200,3669.734816
-243.352132,200,3671.262107
-221.122581,200,3672.280771
-1.886573,200,3673.194093
-125.022253,200,3674.087386
-123.575927,200,3675.090002
-123.574934,200,3675.959716
-120.754445,200,3676.929424
-116.538509,200,3677.816514
-126.783877,200,3678.686308
-1.516725,200,3679.54747
-3.563833,200,3680.942308
-1.709072,200,3682.098938
-0.655678,200,3682.960187
-125.356514,200,3683.819803
-235.696841,200,3684.924602
-0.630408,200,3685.930353
-225.976064,200,3686.816437
-4.090835,200,3687.663901
-233.082622,200,3688.528228
-129.568158,200,3689.527491
-120.007552,200,3690.382682
-118.198776,200,3691.221624
-121.823702,200,3692.051086
-127.313541,200,3692.888933
-221.986507,200,3693.894147
-123.672188,200,3694.766441
-121.558565,200,3695.614218
-1.069744,200,3696.499964
-1.071294,200,3697.402611
-122.495829,200,3698.252276
-119.788439,200,3699.094734
-2.360019,200,3699.955481
-120.668174,200,3700.882908
-128.031173,200,3701.804772
-120.508534,200,3702.782941
-119.487511,200,3703.63313
-123.208655,200,3704.48174
-119.067403,200,3705.325221
-225.253477,200,3706.195893
-113.522734,200,3707.070334
-228.006059,200,3707.906749
-118.949584,200,3708.740618
-116.389566,200,3709.572018
-121.503837,200,3710.404093
-331.608163,200,3711.379014
-121.516656,200,3712.231753
-124.152285,200,3713.068919
-0.821789,200,3713.899494
-231.250773,200,3714.732255
-119.008308,200,3715.624816
-119.250296,200,3716.488019
-130.180545,200,3717.331669
-121.82692,200,3718.244717
-1.168845,200,3719.104029
-2.333708,200,3720.106188
-318.033465,200,3720.982078
-227.344548,200,3721.848204
-119.209961,200,3722.743719
-124.589551,200,3723.67338
-227.669383,200,3724.542301
-117.386019,200,3725.374792
-127.314449,200,3726.20248
-235.946265,200,3727.029968
-234.879922,200,3727.860413
-124.972062,200,3728.820303
-291.04083,200,3729.646911
-223.076922,200,3730.562353
-129.539527,200,3731.533444
-123.075439,200,3732.367428
-224.735937,200,3733.206013
-118.882804,200,3734.048959
-127.569359,200,3734.899206
-228.907423,200,3735.740606
-124.1985,200,3736.575703
-239.753144,200,3737.522691
-0.625064,200,3738.365096
-114.484211,200,3739.220496
-126.574654,200,3740.045922
-242.505573,200,3740.870622
-115.962731,200,3741.817072
-122.290158,200,3742.6898
-120.546358,200,3743.536804
-119.756466,200,3744.428915
-1.822927,200,3745.430187
-116.673201,200,3746.398061
-0.819967,200,3747.235947
-233.433692,200,3748.063469
-125.458882,200,3748.897871
-226.554992,200,3749.726325
-121.846528,200,3750.582054
-128.164756,200,3751.4158
-126.128624,200,3752.244931
-226.760681,200,3753.076345
-124.137436,200,3753.912334
-232.897051,200,3754.878899
-248.485131,200,3755.740696
-224.898242,200,3756.703874
-226.157126,200,3757.724881
-115.713896,200,3758.556886
-122.08295,200,3759.385397
-306.379958,200,3760.214258
-238.90123,200,3761.044525
-121.091354,200,3762.027894
-118.688874,200,3762.941749
-236.709068,200,3763.972353
-229.685057,200,3764.848828
-252.852563,200,3765.688591
-250.291323,200,3766.519073
-127.369879,200,3767.348579
-1.359518,200,3768.242731
-118.601669,200,3769.088074
-126.22372,200,3769.934075
-124.385613,200,3770.767718
-121.532774,200,3771.598428
-250.003002,200,3772.643442
-245.324155,200,3773.521443
-114.594124,200,3774.381498
-122.909936,200,3775.236913
-222.570466,200,3776.109103
-251.221606,200,3776.948394
-122.081049,200,3777.788474
-118.166028,200,3778.67062
-222.359035,200,3779.524635
-115.934329,200,3780.364627
-123.816297,200,3781.33899
-123.788617,200,3782.18559
-122.109096,200,3783.035202
-120.977809,200,3783.922361
-223.804582,200,3784.772737
-0.837541,200,3785.646109
-120.418882,200,3786.501084
-122.188359,200,3787.361482
-117.955976,200,3788.224304
-2.636346,200,3789.066566
-234.863391,200,3790.180593
-116.815952,200,3791.020082
-240.262586,200,3791.850351
-0.678491,200,3792.679964
-126.161397,200,3793.600757
-121.024717,200,3794.45054
-226.640564,200,3795.287624
-119.122012,200,3796.125704
-1.624449,200,3797.036234
-120.835649,200,3797.889465
-218.451245,200,3798.893367
-0.858364,200,3799.754404
-115.46235,200,3800.591772
-126.131751,200,3801.421104
-7.152602,200,3802.251305
-120.954023,200,3803.10041
-219.186952,200,3804.318683
-229.015821,200,3805.281255
-125.062752,200,3806.120749
-0.66223,200,3806.953574
-222.73889,200,3807.91522
-229.971859,200,3808.751453
-236.573736,200,3809.582225
-123.139238,200,3810.425754
-124.758754,200,3811.340302
-224.405331,200,3812.186282
-125.105186,200,3813.033748
-125.889189,200,3813.983895
-234.776522,200,3814.850909
-1.653294,200,3815.703517
-117.555475,200,3816.707178
-124.001332,200,3817.580416
-1.352464,200,3818.483733
-124.032233,200,3819.433644
-123.596166,200,3820.414338
-126.817854,200,3821.617229
-222.956058,200,3822.720833
-118.100771,200,3823.697683
-229.418287,200,3824.600835
-123.007373,200,3825.459206
-123.647614,200,3826.461676
-0.880332,200,3827.391483
-122.962488,200,3828.370312
-117.406038,200,3829.249361
-125.368447,200,3830.132037
-120.9237,200,3830.969398
-116.598489,200,3831.839951
-0.867796,200,3832.730304
-117.089701,200,3833.607996
-125.185759,200,3834.49494
-124.477398,200,3835.512354
-116.567949,200,3836.383038
-116.892995,200,3837.235654
-224.366026,200,3838.079836
-125.354079,200,3838.91756
-1.307984,200,3839.796905
-122.550123,200,3840.806633
-224.744655,200,3841.648464
-124.573364,200,3842.495665
-124.844743,200,3843.364329
-284.150682,200,3844.336874
-355.517523,200,3845.181708
-122.309415,200,3846.091744
-233.858535,200,3847.004693
-226.341643,200,3847.905384
-242.508359,200,3848.820535
-115.539262,200,3849.713909
-125.14196,200,3850.544713
-122.542263,200,3851.363769
-123.880033,200,3852.182445
-127.821709,200,3853.129973
-125.02752,200,3853.96426
-122.971801,200,3854.783331
-114.701811,200,3855.603265
-126.81641,200,3856.423136
-115.801497,200,3857.241633
-126.755309,200,3858.059217
-118.948527,200,3858.877038
-120.045273,200,3859.695976
-238.441734,200,3860.513904
-224.93742,200,3861.465005
-230.681941,200,3862.292372
-0.666087,200,3863.112406
-228.184444,200,3864.149519
-239.246219,200,3864.971764
-119.698533,200,3865.791265
-297.720502,200,3866.806727
-117.541518,200,3867.696482
-124.951112,200,3868.70963
-124.622028,200,3869.709663
-116.432258,200,3870.847256
-116.864761,200,3871.747414
-0.563055,200,3872.594663
-123.855526,200,3873.44529
-122.134129,200,3874.270833
-220.335006,200,3875.124641
-122.818883,200,3876.008266
-1.516341,200,3877.023127
-239.735666,200,3877.879099
-115.343509,200,3878.72753
-1.132008,200,3879.780654
-123.012541,200,3880.662078
-0.505872,200,3881.585091
-120.678346,200,3882.444528
-237.659075,200,3883.294546
-122.554146,200,3884.214878
-129.348088,200,3885.102398
-236.758445,200,3885.968776
-123.718413,200,3886.789653
-0.533721,200,3887.621599
-121.51276,200,3888.603497
-122.991872,200,3889.454883
-2.335531,200,3890.287765
-125.609502,200,3891.120938
-0.553349,200,3891.954424
-244.707235,200,3892.785038
-118.897746,200,3893.614355
-223.589489,200,3894.446652
-236.548528,200,3895.275988
-125.655316,200,3896.104223
-230.242991,200,3897.069088
-121.746174,200,3897.917831
-226.152744,200,3898.750487
-0.532821,200,3899.581082
-118.298376,200,3900.409852
-115.891456,200,3901.238165
-120.710608,200,3902.067026
-2.410867,200,3902.89679
-2.075951,200,3903.727118
-294.646549,200,3904.554357
-122.871387,200,3905.517127
-3.050042,200,3906.366862
-2.118664,200,3907.200552
-115.301737,200,3908.0311
-125.011923,200,3908.862211
-124.785622,200,3909.69166
-2.866744,200,3910.52199
-224.747222,200,3911.351088
-114.638661,200,3912.180594
-127.672043,200,3913.010671
-123.125839,200,3913.973375
-226.97895,200,3914.82288
-114.28338,200,3915.656367
-1.799605,200,3916.490388
-227.790509,200,3917.32165
-232.064709,200,3918.151965
-115.257035,200,3918.982335
-124.602425,200,3919.813889
-229.883533,200,3920.644142
-119.927532,200,3921.473953
-122.984376,200,3922.436295
-124.740397,200,3923.285918
-115.355285,200,3924.120292
-120.645837,200,3924.952326
-123.487511,200,3925.782172
-125.363732,200,3926.61607
-233.881177,200,3927.446599
-124.904524,200,3928.275094
-229.488906,200,3929.10461
-118.1685,200,3929.937254
-118.147064,200,3930.907165
-127.246711,200,3931.75585
-122.124329,200,3932.586736
-113.199973,200,3933.416538
-229.614477,200,3934.246926
-245.04355,200,3935.077711
-232.762379,200,3935.907686
-1.720444,200,3936.737429
-126.473691,200,3937.598329
-121.027094,200,3938.510292
-114.493326,200,3939.602624
-124.284878,200,3940.491121
-286.806938,200,3941.830944
-123.94159,200,3942.818225
-117.62659,200,3944.041755
-306.649336,200,3944.922571
-223.861452,200,3945.760574
-116.546752,200,3946.601573
-245.642176,200,3947.654514
-123.777583,200,3948.532341
-117.643242,200,3949.481969
-220.250668,200,3950.304111
-115.958933,200,3951.121212
-0.83792,200,3951.936896
-128.253624,200,3952.753553
-124.813564,200,3953.56836
-234.8055,200,3954.38368
-124.186318,200,3955.197852
-121.522085,200,3956.013347
-357.958478,200,3956.828972
-115.409772,200,3957.775068
-120.912009,200,3958.597174
-372.850493,200,3959.418319
-115.930333,200,3960.260443
-125.171435,200,3961.086
-118.123958,200,3961.909255
-236.646771,200,3962.735604
-122.279209,200,3963.559443
-118.177318,200,3964.384119
-118.826415,200,3965.208535
-335.185641,200,3966.171326
-128.525357,200,3967.008122
-231.878628,200,3967.839463
-238.155597,200,3968.669626
-232.568143,200,3969.499671
-122.75777,200,3970.332527
-247.459224,200,3971.193776
-123.718297,200,3972.038886
-221.638421,200,3972.967814
-118.188981,200,3973.824098
-119.609224,200,3974.786467
-225.190709,200,3975.622743
-1.116793,200,3976.452998
-241.918948,200,3977.282093
-122.212279,200,3978.112376
-128.785321,200,3978.941243
-248.126077,200,3979.77071
-239.220198,200,3980.599804
-114.705965,200,3981.429379
-121.781036,200,3982.259115
-128.478826,200,3983.216426
-118.452214,200,3984.05165
-115.673788,200,3984.882614
-234.420898,200,3985.71258
-118.054751,200,3986.542932
-124.082387,200,3987.372856
-120.318497,200,3988.203753
-233.182195,200,3989.032343
-2.192965,200,3989.862319
-124.118777,200,3990.691496
-123.529553,200,3991.650544
-2.392999,200,3992.485793
-119.676394,200,3993.315586
-222.852954,200,3994.146108
-233.276379,200,3994.9748
-119.453389,200,3995.804717
-1.956755,200,3996.632386
-223.360201,200,3997.461418
-1.69875,200,3998.290065
-121.991096,200,3999.118899
-235.672299,200,4000.078343
-249.62051,200,4000.913648
-115.12179,200,4001.74251
-117.909138,200,4002.572279
-115.811213,200,4003.403282
-125.017029,200,4004.232186
-122.793065,200,4005.060338
-1.034104,200,4005.889166
-234.932956,200,4006.7178
-125.366495,200,4007.546857
-118.286864,200,4008.507817
-234.162265,200,4009.343215
-232.499617,200,4010.174164
-130.227784,200,4011.002525
-119.248884,200,4011.831291
-1.402148,200,4012.659747
-119.289944,200,4013.487292
-122.20008,200,4014.315683
-120.282501,200,4015.144253
-124.630925,200,4015.972799
-124.409157,200,4016.92931
-120.809242,200,4017.76311
-119.738475,200,4018.593815
-123.57228,200,4019.422217
-222.938028,200,4020.2521
-126.611172,200,4021.080525
-0.615938,200,4021.906841
-120.691309,200,4022.734706
-228.808047,200,4023.561221
-0.649117,200,4024.390204
-123.532067,200,4025.348491
-3.718151,200,4026.183017
-113.931878,200,4027.012422
-239.321659,200,4027.841874
-2.064339,200,4028.669564
-253.55249,200,4029.496912
-1.285226,200,4030.327256
-2.617898,200,4031.264256
-120.317677,200,4032.173156
-309.039932,200,4033.024083
-128.926497,200,4033.987647
-117.721528,200,4034.827194
-115.733095,200,4035.657419
-125.031893,200,4036.489437
-231.010368,200,4037.317947
-120.51182,200,4038.144878
-1.06434,200,4038.969921
-118.96958,200,4039.793663
-236.047933,200,4040.618262
-2.01806,200,4041.443134
-125.660984,200,4042.40295
-123.498933,200,4043.238836
-121.334422,200,4044.069854
-219.898808,200,4044.901481
-117.966489,200,4045.731148
-126.013693,200,4046.56648
-0.600415,200,4047.397412
-119.367148,200,4048.225633
-121.850549,200,4049.0555
-226.063786,200,4049.884228
-222.97612,200,4050.842034
-120.414642,200,4051.677492
-1.259464,200,4052.507778
-246.444945,200,4053.33563
-114.839688,200,4054.191077
-123.692702,200,4055.183458
-116.587039,200,4056.059925
-228.065044,200,4056.973713
-122.371504,200,4057.807883
-224.684454,200,4058.642753
-2.291255,200,4059.60435
-224.866958,200,4060.438033
-338.787683,200,4061.287168
-233.615483,200,4062.119985
-116.346901,200,4062.951193
-116.803408,200,4063.778441
-122.722932,200,4064.606264
-242.200917,200,4065.43555
-0.500002,200,4066.263644
-1.191098,200,4067.093319
-120.508278,200,4068.054299
-123.05047,200,4068.891736
-118.967626,200,4069.711329
-2.067487,200,4070.528664
-118.421735,200,4071.34638
-124.316098,200,4072.162657
-120.349808,200,4072.978791
-129.565624,200,4073.795238
-0.551527,200,4074.612614
-123.868199,200,4075.429287
-231.48765,200,4076.376728
-119.429495,200,4077.21105
-121.107595,200,4078.03047
-223.161644,200,4078.847638
-122.619736,200,4079.66383
-115.473444,200,4080.480057
-0.507248,200,4081.296637
-121.824596,200,4082.112137
-115.562184,200,4082.928458
-126.288616,200,4083.743646
-232.105211,200,4084.692106
-123.989394,200,4085.52558
-120.560688,200,4086.345266
-118.552641,200,4087.163907
-116.655168,200,4087.98181
-1.299892,200,4088.798511
-114.065909,200,4089.615188
-234.925109,200,4090.432358
-237.101044,200,4091.249148
-117.997199,200,4092.065411
-3.123327,200,4093.012476
-121.244217,200,4093.859609
-125.853722,200,4094.679462
-223.540211,200,4095.496288
-125.74237,200,4096.313533
-228.888649,200,4097.130169
-120.650578,200,4097.947216
-124.34067,200,4098.7647
-119.966775,200,4099.581994
-225.483602,200,4100.399315
-2.100075,200,4101.359432
-115.998343,200,4102.198367
-119.217767,200,4103.019511
-229.952819,200,4103.838101
-126.027896,200,4104.655104
-123.676839,200,4105.472392
-117.423745,200,4106.290869
-224.029496,200,4107.106583
-1.258991,200,4107.924102
-358.776344,200,4108.740529
-122.411778,200,4109.688521
-230.494099,200,4110.52372
-239.554582,200,4111.345374
-252.769639,200,4112.162959
-115.508666,200,4112.982132
-240.098116,200,4113.812082
-115.297494,200,4114.630795
-129.864077,200,4115.454273
-125.862679,200,4116.272622
-114.121063,200,4117.088871
-128.718333,200,4118.036759
-126.425147,200,4118.870343
-1.024929,200,4119.689473
-232.343765,200,4120.506138
-243.949136,200,4121.328557
-118.268279,200,4122.160482
-236.369516,200,4122.990352
-2.942398,200,4123.819188
-248.121434,200,4124.657431
-236.623268,200,4125.48413
-230.365835,200,4126.445367
-128.473453,200,4127.293011
-124.604274,200,4128.124296
-126.335036,200,4128.950836
-229.879666,200,4129.779897
-3.045195,200,4130.610275
-123.94547,200,4131.439401
-230.464989,200,4132.268662
-116.8161,200,4133.097266
-243.354989,200,4133.925667
-1.624225,200,4134.886488
-224.484202,200,4135.735497
-117.127396,200,4136.565414
-0.688986,200,4137.401134
-114.250151,200,4138.236187
-114.860245,200,4139.064551
-119.324077,200,4139.892601
-118.476918,200,4140.720627
-233.671663,200,4141.548933
-124.926022,200,4142.377148
-120.455224,200,4143.337148
-122.632483,200,4144.186442
-120.687651,200,4145.021093
-321.492633,200,4145.857444
-223.878231,200,4146.687509
-228.588179,200,4147.530456
-223.437874,200,4148.361032
-0.494798,200,4149.189236
-272.744933,200,4150.017248
-232.394336,200,4150.845861
-120.660755,200,4151.805725
-300.956805,200,4152.688064
-118.20392,200,4153.518111
-121.325092,200,4154.347885
-321.264554,200,4155.176608
-231.584474,200,4156.002553
-126.267998,200,4156.830478
-1.073625,200,4157.657086
-117.400332,200,4158.48446
-124.302053,200,4159.311857
-118.658113,200,4160.271662
-122.278768,200,4161.118443
-122.460267,200,4161.950084
-246.829868,200,4162.779631
-122.173504,200,4163.606488
-351.33952,200,4164.435089
-0.506248,200,4165.262369
-125.882886,200,4166.090771
-119.985304,200,4166.919451
-117.086479,200,4167.748634
-120.077438,200,4168.707911
-118.914766,200,4169.557222
-120.845614,200,4170.389219
-114.393148,200,4171.216903
-113.773789,200,4172.045045
-225.144084,200,4172.873272
-296.168889,200,4173.700539
-229.8919,200,4174.528055
-120.176898,200,4175.35527
-0.788097,200,4176.183768
-120.395057,200,4177.144087
-231.033814,200,4177.993545
-225.583702,200,4178.825367
-223.279173,200,4179.653313
-122.397509,200,4180.481642
-125.233704,200,4181.309126
-121.626413,200,4182.128582
-230.44089,200,4182.945952
-123.334361,200,4183.76286
-223.277454,200,4184.579042
-117.456159,200,4185.528302
-117.579476,200,4186.361447
-124.517273,200,4187.181535
-125.570121,200,4188.000048
-116.638354,200,4188.817609
-123.717901,200,4189.634423
-127.16718,200,4190.451964
-120.99537,200,4191.269164
-0.5073,200,4192.085671
-238.573277,200,4192.902196
-223.200679,200,4193.850355
-0.382781,200,4194.683688
-114.484626,200,4195.504144
-219.870292,200,4196.322237
-1.703652,200,4197.138824
-118.672712,200,4197.956535
-241.264715,200,4198.773532
-124.251738,200,4199.591138
-126.113681,200,4200.407632
-223.581756,200,4201.224333
-127.643103,200,4202.172538
-117.776904,200,4203.005719
-243.100941,200,4203.825678
-127.615938,200,4204.643605
-124.694777,200,4205.460363
-241.958171,200,4206.276509
-219.437098,200,4207.092739
-233.65046,200,4207.908827
-124.43167,200,4208.724261
-242.696504,200,4209.540143
-242.459532,200,4210.48548
-121.578754,200,4211.31932
-223.859758,200,4212.138424
-123.309434,200,4212.959189
-223.847011,200,4213.775433
-124.062688,200,4214.593261
-118.682421,200,4215.409842
-116.986664,200,4216.226473
-116.367967,200,4217.043959
-116.553243,200,4217.870874
-0.547052,200,4218.832778
-253.348142,200,4219.680487
-119.18018,200,4220.512633
-0.540203,200,4221.342151
-120.961316,200,4222.170281
-126.184274,200,4223.000444
-228.106118,200,4223.829704
-224.393028,200,4224.659647
-223.415461,200,4225.487738
-223.731886,200,4226.31646
-0.462994,200,4227.279512
-121.004885,200,4228.130791
-241.873226,200,4228.964765
-126.245574,200,4229.794569
-126.535218,200,4230.624829
-122.649421,200,4231.45304
-225.43778,200,4232.280284
-230.435288,200,4233.109477
-116.454019,200,4233.93853
-120.380592,200,4234.769697
-303.656229,200,4235.730714
-252.13792,200,4236.578936
-123.463382,200,4237.414305
-224.123818,200,4238.24272
-237.61817,200,4239.07186
-126.388877,200,4239.903215
-231.695688,200,4240.731925
-120.642818,200,4241.561483
-0.84269,200,4242.390235
-240.113146,200,4243.307817
-219.333275,200,4244.271088
-228.875365,200,4245.119645
-121.185841,200,4245.953539
-117.604716,200,4246.783898
-242.659693,200,4247.613842
-125.624148,200,4248.442986
-0.94336,200,4249.27332
-232.945672,200,4250.100342
-125.337245,200,4250.92918
-228.535256,200,4251.7568
-118.683052,200,4252.721823
-118.534716,200,4253.699544
-120.270895,200,4254.532116
-228.893936,200,4255.362231
-242.265111,200,4256.192227
-120.719583,200,4257.02046
-239.040635,200,4257.851283
-123.167412,200,4258.680517
-116.425458,200,4259.509333
-244.73013,200,4260.337377
-122.371431,200,4261.299746
-237.469628,200,4262.147064
-238.227625,200,4262.98137
-0.598687,200,4263.810853
-231.265869,200,4264.642336
-115.353171,200,4265.473254
-1.696723,200,4266.301399
-122.93162,200,4267.130291
-226.366649,200,4267.961166
-114.86717,200,4268.79019
-238.123433,200,4269.751565
-227.485755,200,4270.602597
-127.545138,200,4271.436907
-1.21625,200,4272.266616
-250.952762,200,4273.098293
-240.529487,200,4273.927166
-120.224543,200,4274.753858
-246.690631,200,4275.584696
-118.997801,200,4276.413841
-243.503371,200,4277.242011
-1.381766,200,4278.201485
-1.144464,200,4279.050834
-116.29898,200,4279.890861
-126.441831,200,4280.739468
-120.812542,200,4281.572129
-119.06466,200,4282.406367
-126.288723,200,4283.237376
-114.790094,200,4284.068554
-1.273299,200,4284.899936
-122.992246,200,4285.730873
-124.407744,200,4286.698795
-115.148456,200,4287.549655
-240.884328,200,4288.383606
-126.865719,200,4289.216247
-121.043329,200,4290.048484
-124.271883,200,4290.878785
-125.502445,200,4291.791716
-292.023969,200,4292.657119
-123.917523,200,4293.517964
-235.236924,200,4294.377717
-124.192604,200,4295.749534
-0.508942,200,4296.61912
-235.647612,200,4297.45738
-123.10882,200,4298.288443
-125.425884,200,4299.1195
-0.620926,200,4299.94839
-223.590188,200,4300.77729
-217.629099,200,4301.621556
-116.90793,200,4302.450473
-232.366398,200,4303.269796
-4.023437,200,4304.22439
-123.975794,200,4305.065429
-225.090154,200,4305.886142
-120.340481,200,4306.703697
-256.213861,200,4307.521458
-120.098165,200,4308.338972
-0.893756,200,4309.154979
-231.948743,200,4309.972069
-122.009317,200,4310.792883
-123.506025,200,4311.610897
-123.987219,200,4312.572178
-221.576976,200,4313.41838
-116.53755,200,4314.243643
-118.153782,200,4315.062765
-120.741192,200,4315.880983
-124.392188,200,4316.699272
-129.224849,200,4317.518057
-119.565155,200,4318.335971
-121.361164,200,4319.154118
-127.261435,200,4319.971668
-123.233391,200,4320.920632
-119.368261,200,4321.75581
-121.951534,200,4322.576286
-116.676221,200,4323.39262
-229.159688,200,4324.208735
-120.031837,200,4325.024055
-315.228767,200,4325.838811
-224.054529,200,4326.654772
-242.48095,200,4327.470699
-119.134223,200,4328.28723
-119.295302,200,4329.234622
-222.630698,200,4330.069485
-123.71039,200,4330.889275
-234.808959,200,4331.706202
-123.151539,200,4332.523756
-124.748567,200,4333.341284
-126.290933,200,4334.157719
-116.403949,200,4334.974489
-123.55518,200,4335.791294
-114.310979,200,4336.607925
-116.622984,200,4337.568335
-118.905348,200,4338.41706
-4.38676,200,4339.249298
-123.376396,200,4340.078461
-121.860603,200,4340.906448
-127.172889,200,4341.733461
-125.596104,200,4342.563459
-121.813133,200,4343.391093
-116.631394,200,4344.219687
-1.752764,200,4345.048062
-115.325693,200,4346.009058
-118.763789,200,4346.861606
-117.369914,200,4347.693922
-224.92801,200,4348.522758
-233.68494,200,4349.350021
-125.794608,200,4350.178603
-235.539932,200,4351.006865
-116.631896,200,4351.832633
-118.573154,200,4352.66161
-240.327436,200,4353.488332
-127.270064,200,4354.446705
-119.617734,200,4355.295451
-116.233527,200,4356.129109
-0.654961,200,4356.958628
-225.540542,200,4357.787007
-290.404861,200,4358.616402
-237.032506,200,4359.444293
-0.854509,200,4360.271827
-118.239771,200,4361.100341
-236.560673,200,4361.92803
-223.568515,200,4362.890409
-122.031324,200,4363.740009
-1.18042,200,4364.575058
-126.91333,200,4365.405234
-230.847631,200,4366.234619
-0.60905,200,4367.063695
-0.499089,200,4367.892796
-117.388131,200,4368.722245
-0.380205,200,4369.550764
-310.627974,200,4370.378559
-117.017118,200,4371.339249
-117.737792,200,4372.189116
-231.437911,200,4373.022076
-121.886957,200,4373.851949
-114.50547,200,4374.681144
-2.471135,200,4375.5103
-119.884917,200,4376.338875
-265.573741,200,4377.16788
-5.428168,200,4377.996322
-323.127534,200,4378.8242
-120.931414,200,4379.787963
-123.494648,200,4380.638148
-241.268507,200,4381.469962
-125.552886,200,4382.299408
-228.212211,200,4383.129697
-126.791643,200,4383.95821
-123.761685,200,4384.786769
-1.140519,200,4385.615358
-1.999074,200,4386.443357
-115.743495,200,4387.273428
-1.071961,200,4388.23724
-120.831062,200,4389.085591
-116.290033,200,4389.916856
-118.544208,200,4390.748613
-254.456495,200,4391.578308
-114.298228,200,4392.406841
-125.893531,200,4393.236844
-122.842968,200,4394.066032
-219.607495,200,4394.895252
-119.512602,200,4395.724348
-120.722675,200,4396.685317
-223.793108,200,4397.530081
-119.163935,200,4398.353264
-120.16539,200,4399.171521
-3.457453,200,4399.989837
-126.710057,200,4400.806831
-121.062836,200,4401.624184
-251.941731,200,4402.441741
-236.343505,200,4403.258603
-118.156465,200,4404.075895
-117.850241,200,4405.023139
-223.74978,200,4405.857152
-118.074026,200,4406.679415
-230.039845,200,4407.497989
-230.22785,200,4408.316161
-220.870311,200,4409.132684
-116.542168,200,4409.950047
-121.353896,200,4410.767099
-114.333736,200,4411.584544
-2.465127,200,4412.401998
-1.315959,200,4413.349086
-125.345597,200,4414.183196
-0.345228,200,4415.004373
-124.707288,200,4415.823119
-1.097074,200,4416.646397
-124.601696,200,4417.475491
-0.943134,200,4418.303912
-221.847902,200,4419.132173
-117.432495,200,4419.9598
-120.738432,200,4420.788758
-121.708559,200,4421.748537
-1.450435,200,4422.597206
-244.572134,200,4423.428785
-123.226575,200,4424.262
-117.425855,200,4425.091593
-118.330411,200,4425.919066
-119.723961,200,4426.74724
-237.827499,200,4427.575483
-0.473998,200,4428.404692
-120.511556,200,4429.232539
-123.41277,200,4430.19187
-316.025954,200,4431.040604
-231.011016,200,4431.874315
-232.3705,200,4432.704629
-118.392092,200,4433.534071
-125.99774,200,4434.362813
-119.557577,200,4435.192076
-119.437423,200,4436.021523
-250.504269,200,4436.850364
-121.129149,200,4437.722446
-114.013185,200,4438.687287
-121.697167,200,4439.535044
-118.705724,200,4440.366662
-126.44878,200,4441.204141
-116.622634,200,4442.031676
-0.479934,200,4442.860135
-253.662442,200,4443.687571
-231.747251,200,4444.514987
-0.415916,200,4445.343297
-222.704648,200,4446.170608
-128.759453,200,4447.129698
-0.505457,200,4447.988525
-227.915654,200,4448.821088
-120.267882,200,4449.651516
-119.790908,200,4450.482139
-127.926454,200,4451.311309
-126.434139,200,4452.139782
-122.850475,200,4452.967848
-121.214399,200,4453.796356
-120.258382,200,4454.624656
-218.654577,200,4455.587229
-113.891248,200,4456.435889
-1.625683,200,4457.267623
-121.954916,200,4458.098618
-226.482708,200,4458.928635
-124.677684,200,4459.75698
-223.752745,200,4460.585278
-245.638525,200,4461.413654
-240.204923,200,4462.242502
-218.68375,200,4463.070277
-117.803974,200,4464.032479
-120.358581,200,4464.88158
-119.026672,200,4465.714253
-120.661526,200,4466.543172
-121.582678,200,4467.3719
-117.077542,200,4468.202753
-120.721165,200,4469.032068
-126.703614,200,4469.859797
-221.522512,200,4470.688333
-123.789096,200,4471.515032
-118.226405,200,4472.476526
-118.92421,200,4473.322627
-1.021824,200,4474.154193
-118.890797,200,4474.984798
-120.032302,200,4475.813525
-2.520876,200,4476.642181
-117.26912,200,4477.470151
-122.064139,200,4478.298159
-1.244555,200,4479.126285
-0.427832,200,4479.953828
-243.194968,200,4480.91445
-127.160925,200,4481.764503
-118.532717,200,4482.597885
-237.693487,200,4483.427787
-126.676971,200,4484.256883
-124.682369,200,4485.084136
-124.31796,200,4485.912809
-4.558724,200,4486.741636
-121.155809,200,4487.570778
-225.010508,200,4488.399511
-231.352982,200,4489.361923
-116.483735,200,4490.210231
-115.903945,200,4491.040366
-123.138175,200,4491.870981
-126.49664,200,4492.700392
-116.496526,200,4493.528634
-230.889366,200,4494.355995
-223.746734,200,4495.185561
-241.083481,200,4496.013945
-116.06396,200,4496.841109
-239.529842,200,4497.804034
-124.47912,200,4498.653868
-120.695157,200,4499.486538
-0.635299,200,4500.325503
-117.154813,200,4501.156298
-116.132828,200,4501.984063
-126.267646,200,4502.813647
-113.661346,200,4503.644126
-115.126899,200,4504.473377
-117.256382,200,4505.302004
-0.900515,200,4506.2649
-228.421247,200,4507.115385
-115.541871,200,4507.997828
-218.101878,200,4508.837739
-225.26132,200,4509.667314
-276.362674,200,4510.498534
-129.367385,200,4511.327617
-238.013018,200,4512.155762
-220.93249,200,4512.983079
-117.684582,200,4513.809841
-0.407508,200,4514.771525
-233.338896,200,4515.620196
-119.20078,200,4516.453294
-121.05945,200,4517.284757
-116.662932,200,4518.108946
-123.133278,200,4518.928042
-118.642133,200,4519.745072
-116.128238,200,4520.562143
-229.758281,200,4521.378847
-116.435826,200,4522.195539
