#{"t_start": 1787665159.542237, "env_id": "Pendulum-v1"}
r,l,t
-1249.354337,200,0.346714
-1488.705253,200,1.012358
-1602.321114,200,1.677719
-1492.352058,200,2.433878
-1430.377507,200,3.192771
-1498.436176,200,3.920964
-1525.790041,200,4.586816
-1474.335769,200,5.248082
-1498.026434,200,5.908051
-1447.033028,200,6.574997
-1500.505825,200,7.36246
-1347.342688,200,8.024274
-1215.127509,200,8.700091
-1246.45576,200,9.360541
-1101.967631,200,10.019114
-1073.891031,200,10.678738
-1091.161969,200,11.344774
-1.991636,200,12.007124
-392.126669,200,12.848745
-1491.702089,200,13.53146
-661.406781,200,14.315654
-406.368922,200,14.974065
-270.760361,200,15.738434
-406.004352,200,16.459605
-491.102276,200,17.119343
-271.944152,200,17.782826
-292.926925,200,18.658887
-259.512877,200,19.324466
-2.533407,200,19.985311
-122.961305,200,20.781468
-128.382849,200,21.603508
-408.733018,200,22.278999
-128.662602,200,23.118551
-133.246462,200,23.786905
-128.468765,200,24.458763
-130.928824,200,25.26388
-3.987577,200,25.92044
-3.330114,200,26.657959
-128.283639,200,27.426699
-362.784007,200,28.087051
-128.699338,200,29.046883
-3.802381,200,29.717806
-135.930125,200,30.505779
-122.828958,200,31.199821
-247.669798,200,31.856667
-234.231549,200,32.515235
-334.651613,200,33.17657
-221.219595,200,33.847339
-250.006058,200,34.512565
-238.869965,200,35.171823
-1.052116,200,35.953617
-113.790443,200,36.61767
-121.45935,200,37.277779
-1.066784,200,38.101886
-246.91766,200,38.836761
-128.631399,200,39.511753
-123.999307,200,40.357894
-116.620444,200,41.014496
-273.51374,200,41.693101
-126.061604,200,42.489949
-125.185376,200,43.2649
-233.738703,200,43.938165
-118.09092,200,44.638205
-245.222974,200,45.456322
-237.411647,200,46.110643
-125.715178,200,46.763911
-115.831091,200,47.459621
-120.138264,200,48.251537
-115.619089,200,48.922077
-319.225063,200,49.781381
-2.145367,200,50.549083
-252.610008,200,51.212489
-3.834901,200,51.867429
-307.871177,200,52.521417
-3.021299,200,53.195004
-361.632714,200,54.006497
-239.629365,200,54.666042
-120.404882,200,55.319676
-283.33783,200,55.972473
-254.15064,200,56.624655
-127.969631,200,57.390263
-0.694021,200,58.054153
-117.819011,200,58.708405
-121.141693,200,59.378642
-235.943887,200,60.035106
-131.154667,200,60.694031
-123.374146,200,61.56954
-228.748583,200,62.232887
-121.135157,200,62.887877
-226.318219,200,63.62044
-248.294022,200,64.50888
-244.861352,200,65.172362
-120.643841,200,65.828641
-131.738146,200,66.508543
-129.000567,200,67.300789
-116.66188,200,67.97825
-0.3532,200,68.651042
-358.960895,200,69.509034
-334.080567,200,70.166054
-237.042461,200,70.820136
-123.206217,200,71.595608
-123.782748,200,72.340904
-127.823648,200,72.996507
-301.580614,200,73.650685
-0.384131,200,74.328319
-116.170893,200,75.136507
-243.843381,200,75.793412
-235.424976,200,76.506063
-240.517167,200,77.313115
-223.785124,200,77.968129
-241.825711,200,78.73523
-227.431924,200,79.412421
-235.522036,200,80.069634
-0.593081,200,80.723695
-124.779441,200,81.377534
-121.341618,200,82.036289
-0.36859,200,82.849383
-238.669339,200,83.506368
-118.780164,200,84.196369
-0.359129,200,84.858553
-120.601473,200,85.624047
-116.850348,200,86.288978
-115.812483,200,86.942425
-124.370259,200,87.595669
-245.236809,200,88.253345
-127.217135,200,89.104248
-345.868549,200,89.775261
-0.298971,200,90.429856
-239.54863,200,91.085188
-118.627881,200,91.740504
-117.623442,200,92.507774
-118.208405,200,93.172671
-125.25782,200,93.827207
-0.681036,200,94.494996
-125.964598,200,95.226596
-115.782702,200,96.021032
-244.875507,200,96.678058
-113.00924,200,97.338596
-120.54261,200,97.994414
-221.541454,200,98.649829
-0.190641,200,99.428495
-235.161748,200,100.094017
-228.35384,200,100.752568
-121.622975,200,101.608001
-1.698642,200,102.266949
-125.178769,200,102.979128
-0.25934,200,103.777667
-130.33313,200,104.444919
-245.842858,200,105.103531
-119.610052,200,105.758208
-226.748664,200,106.536542
-246.73969,200,107.410497
-127.38763,200,108.068583
-1.270883,200,108.728725
-341.179173,200,109.563412
-116.372195,200,110.223941
-116.914216,200,110.884211
-3.200662,200,111.718966
-118.204902,200,112.397114
-119.845252,200,113.052273
-3.162942,200,113.821608
-246.776555,200,114.499276
-121.076456,200,115.15926
-118.973476,200,115.814478
-126.315136,200,116.513368
-259.433106,200,117.293125
-0.437283,200,117.949894
-124.744023,200,118.606683
-116.376491,200,119.261959
-117.14409,200,119.93163
-387.853039,200,120.700242
-117.424488,200,121.365492
-129.465762,200,122.020717
-117.184172,200,122.675148
-133.958126,200,123.342362
-248.410303,200,124.126071
-125.159045,200,124.865374
-241.231477,200,125.523498
-116.954891,200,126.179633
-122.106506,200,126.834016
-117.658873,200,127.607439
-0.936712,200,128.272081
-226.006422,200,128.927815
-2.620857,200,129.619874
-314.893523,200,130.279909
-2.359972,200,130.935299
-117.795836,200,131.596435
-123.010197,200,132.449864
-232.193988,200,133.115924
-0.243154,200,133.942487
-228.528342,200,134.736047
-280.749503,200,135.406049
-244.406614,200,136.06197
-127.937127,200,136.717255
-115.443913,200,137.382697
-115.507006,200,138.252107
-118.697593,200,138.909088
-119.649222,200,139.567573
-118.747238,200,140.238786
-128.598459,200,140.894024
-121.758682,200,141.672953
-226.275047,200,142.33759
-125.22649,200,142.993066
-120.338253,200,143.64781
-118.218587,200,144.300886
-233.284411,200,144.971433
-361.788644,200,145.647904
-225.042179,200,146.478422
-113.960594,200,147.138822
-126.143794,200,147.925228
-0.471988,200,148.716549
-118.217022,200,149.383316
-127.447598,200,150.052993
-121.90188,200,150.715534
-239.226551,200,151.499405
-129.684902,200,152.223432
-122.095932,200,152.87844
-117.042062,200,153.533445
-1.901083,200,154.187254
-117.601052,200,154.878393
-120.075272,200,155.653973
-234.60563,200,156.318315
-1.354253,200,156.974882
-0.086592,200,157.63074
-117.332567,200,158.285399
-117.210588,200,158.939452
-120.338544,200,159.59781
-126.672071,200,160.432934
-239.507364,200,161.093739
-124.537345,200,161.749043
-241.308138,200,162.516899
-117.958022,200,163.182548
-115.539802,200,163.838107
-114.947879,200,164.492529
-1.130795,200,165.164942
-113.990367,200,166.014776
-1.441873,200,166.670778
-239.817537,200,167.325962
-117.799932,200,167.982119
-123.084713,200,168.636532
-128.380677,200,169.403206
-0.962126,200,170.080412
-122.654637,200,170.740765
-1.916932,200,171.396543
-124.247954,200,172.056755
-127.990498,200,172.898889
-2.129065,200,173.557012
-126.196095,200,174.212379
-125.364374,200,174.868511
-2.504206,200,175.541112
-243.158767,200,176.315008
-243.981135,200,176.97991
-349.400433,200,177.639303
-128.410156,200,178.294972
-224.747401,200,178.951061
-128.111552,200,179.605676
-117.617606,200,180.281346
-122.091545,200,181.068179
-1.558971,200,181.788025
-0.292145,200,182.468565
-124.716118,200,183.365357
-239.362162,200,184.031311
-1.840154,200,184.90841
-125.885412,200,185.583209
-118.292797,200,186.347007
-319.658605,200,187.052025
-120.278022,200,187.706985
-120.251962,200,188.363743
-134.285497,200,189.018455
-123.143897,200,189.673049
-238.001861,200,190.455458
-3.428807,200,191.121969
-119.170371,200,191.777083
-122.884092,200,192.431664
-126.50393,200,193.09801
-2.517492,200,193.946415
-122.310091,200,194.60385
-125.852919,200,195.271827
-234.315233,200,195.931475
-121.235633,200,196.586066
-124.658641,200,197.353118
-117.451457,200,198.017075
-228.602675,200,198.671924
-4.486983,200,199.32606
-122.319503,200,199.986415
-127.730344,200,200.857689
-119.525444,200,201.515398
-119.684572,200,202.172166
-235.217768,200,202.828252
-130.693257,200,203.483291
-122.305337,200,204.249794
-234.945585,200,204.915173
-116.934117,200,205.584532
-5.917694,200,206.24486
-228.496373,200,206.901784
-234.493858,200,207.706399
-228.99885,200,208.40892
-117.449049,200,209.065553
-119.227059,200,209.722506
-232.882363,200,210.389136
-313.593912,200,211.190761
-121.62559,200,211.853177
-119.72336,200,212.513075
-232.160161,200,213.169015
-337.069374,200,213.854296
-128.099846,200,214.644404
-228.64261,200,215.310596
-126.294895,200,215.98103
-119.368771,200,216.834948
-246.182642,200,217.492991
-121.832709,200,218.2604
-242.822408,200,218.925806
-119.303867,200,219.580393
-120.742745,200,220.23508
-225.892667,200,220.936631
-123.15707,200,221.726703
-225.139386,200,222.383169
-120.265618,200,223.039068
-3.873278,200,223.694474
-121.233515,200,224.34888
-225.201932,200,225.117582
-117.855438,200,225.797044
-227.782648,200,226.454424
-119.052063,200,227.109645
-121.860176,200,227.76932
-0.872583,200,228.62007
-120.673516,200,229.277591
-119.461843,200,229.934163
-225.859817,200,230.601926
-119.571977,200,231.261375
-301.399957,200,232.0294
-117.595346,200,232.694053
-232.135264,200,233.349632
-127.339127,200,234.005236
-122.070539,200,234.665204
-243.259612,200,235.53134
-268.653742,200,236.195695
-217.304452,200,236.850689
-128.045382,200,237.506388
-126.95627,200,238.16077
-122.788626,200,238.927707
-118.436209,200,239.595097
-115.930657,200,240.2513
-116.446924,200,240.946983
-236.454264,200,241.628422
-116.725161,200,242.420385
-0.810423,200,243.077579
-124.535417,200,243.734566
-116.841821,200,244.391001
-331.412236,200,245.046914
-123.074025,200,245.835908
-118.541248,200,246.505776
-0.299819,200,247.162945
-238.414269,200,247.819328
-127.553378,200,248.52048
-225.7688,200,249.365944
-117.950668,200,250.023713
-233.938511,200,250.692948
-220.723454,200,251.507566
-119.412473,200,252.167175
-234.011374,200,252.937183
-118.417421,200,253.604839
-122.16896,200,254.260863
-247.674396,200,254.916126
-0.498403,200,255.65835
-117.474251,200,256.447857
-117.775008,200,257.104982
-249.602567,200,257.762373
-328.485746,200,258.418569
-122.316712,200,259.073925
-121.202705,200,259.848914
-123.717905,200,260.515455
-288.19191,200,261.186821
-122.511694,200,261.846236
-253.704025,200,262.50243
-124.030307,200,263.157802
-116.257975,200,263.817692
-235.458385,200,264.6345
-1.083411,200,265.298127
-117.802138,200,265.971447
-121.981847,200,266.745037
-225.642065,200,267.410745
-120.611326,200,268.067027
-237.545078,200,268.722555
-118.543613,200,269.390614
-119.877391,200,270.258831
-127.742467,200,270.925471
-129.525507,200,271.589424
-131.6067,200,272.246242
-224.266835,200,272.901725
-123.96034,200,273.669879
-240.29663,200,274.33501
-117.893667,200,274.990343
-237.981642,200,275.653008
-129.327639,200,276.324222
-331.214091,200,277.093813
-236.23496,200,277.83368
-119.718247,200,278.490518
-115.805808,200,279.146366
-1.490039,200,279.801566
-225.280992,200,280.5762
-120.518115,200,281.254067
-119.195423,200,281.916244
-124.82846,200,282.572509
-126.530083,200,283.228989
-117.855013,200,283.883884
-327.118234,200,284.538623
-125.161338,200,285.199139
-6.032487,200,286.01359
-1.598602,200,286.677893
-127.926612,200,287.52303
-118.897106,200,288.318264
-124.864929,200,288.976008
-225.749589,200,289.637821
-234.96743,200,290.452226
-114.130173,200,291.119348
-115.69772,200,291.781383
-121.960417,200,292.437568
-313.282014,200,293.092814
-120.808882,200,293.747519
-0.64823,200,294.516012
-119.281589,200,295.182277
-273.756979,200,295.837457
-223.173528,200,296.50781
-0.444127,200,297.179444
-310.4276,200,298.044103
-118.464696,200,298.701406
-231.063634,200,299.358018
-124.445785,200,300.014769
-125.82153,200,300.670399
-117.085627,200,301.454816
-0.465211,200,302.122922
-219.174189,200,302.778837
-132.148773,200,303.434528
-2.176845,200,304.093294
-116.243318,200,304.922366
-115.894002,200,305.606897
-121.69092,200,306.272677
-219.152705,200,306.936258
-0.876452,200,307.591434
-117.308488,200,308.360616
-119.069315,200,309.025926
-126.777196,200,309.681983
-1.024888,200,310.33827
-126.218321,200,311.014192
-0.771512,200,311.840167
-130.60238,200,312.501879
-1.490681,200,313.158352
-117.530176,200,313.814366
-126.091793,200,314.469849
-234.921396,200,315.24548
-238.300156,200,315.91033
-118.978722,200,316.579485
-3.434989,200,317.241332
-125.817079,200,317.975519
-238.027908,200,318.754951
-237.129161,200,319.417149
-131.937515,200,320.200059
-123.148372,200,320.899297
-6.095872,200,321.567355
-123.36307,200,322.339529
-1.085902,200,323.006166
-221.160935,200,323.662
-115.330615,200,324.317206
-128.45948,200,325.043881
-119.564276,200,325.835916
-2.115716,200,326.529947
-123.075211,200,327.200261
-117.122009,200,327.856817
-119.484578,200,328.512814
-119.052804,200,329.282187
-221.091512,200,329.947053
-242.879889,200,330.605457
-127.862103,200,331.265085
-127.228594,200,331.97739
-119.257043,200,332.762735
-120.464291,200,333.419625
-0.779982,200,334.077329
-124.372008,200,334.833006
-242.009857,200,335.595171
-116.894747,200,336.365283
-116.460611,200,337.044655
-232.615616,200,337.706871
-125.698597,200,338.363711
-122.177543,200,339.06442
-126.555284,200,339.846366
-127.445606,200,340.505207
-119.480434,200,341.163602
-122.521054,200,341.831266
-120.532216,200,342.492105
-228.074816,200,343.279872
-252.392761,200,343.964835
-119.527069,200,344.641515
-117.360372,200,345.319106
-120.13921,200,346.066279
-125.402422,200,346.8736
-2.050756,200,347.550351
-126.7541,200,348.225358
-226.960885,200,348.897084
-117.84105,200,349.575567
-296.241895,200,350.40095
-2.390863,200,351.073969
-127.439668,200,351.742273
-121.926426,200,352.405526
-235.907939,200,353.126213
-224.517885,200,353.928572
-1.802741,200,354.585667
-245.158475,200,355.365793
-117.636337,200,356.079971
-238.854657,200,356.745177
-117.901431,200,357.519664
-241.038532,200,358.184948
-127.865631,200,358.842777
-227.487471,200,359.500511
-2.368958,200,360.155735
-4.117126,200,360.811786
-226.94692,200,361.489677
-126.231266,200,362.352021
-123.228917,200,363.01003
-118.378729,200,363.666227
-232.336964,200,364.434302
-225.855988,200,365.100386
-119.999458,200,365.75654
-122.187108,200,366.413041
-221.489904,200,367.082183
-1.481121,200,367.742314
-119.284829,200,368.480824
-1.793359,200,369.242387
-119.014732,200,369.897938
-229.590304,200,370.554922
-232.769344,200,371.324597
-227.185722,200,372.036238
-222.088691,200,372.718457
-117.721492,200,373.375111
-228.787268,200,374.030976
-229.632619,200,374.690301
-123.580828,200,375.536743
-225.411241,200,376.195089
-119.206256,200,376.851514
-120.084949,200,377.549708
-130.008252,200,378.318568
-128.567562,200,378.983552
-3.652249,200,379.639947
-126.025865,200,380.295413
-4.750511,200,380.950104
-121.986934,200,381.605621
-119.994498,200,382.373722
-324.658224,200,383.125909
-120.83112,200,383.782459
-122.230987,200,384.439107
-226.18631,200,385.216234
-221.95896,200,385.880041
-120.408896,200,386.546212
-243.653122,200,387.220762
-244.305435,200,387.960291
-121.69738,200,388.622883
-220.403377,200,389.285231
-115.112879,200,389.945912
-118.251999,200,390.607675
-125.475769,200,391.270253
-1.335277,200,392.045591
-127.382462,200,392.763679
-118.984321,200,393.426826
-117.185781,200,394.185211
-233.168979,200,394.93715
-126.81884,200,395.593817
-312.111223,200,396.288376
-236.384537,200,397.074057
-129.742852,200,397.748489
-218.568694,200,398.409728
-227.060518,200,399.178518
-115.800597,200,399.841501
-231.984597,200,400.49796
-125.309578,200,401.157103
-299.941815,200,402.008265
-125.437858,200,402.676899
-0.816581,200,403.375123
-130.445423,200,404.036
-118.424345,200,404.69229
-128.389628,200,405.348344
-122.50223,200,406.117536
-119.257378,200,406.77605
-221.823892,200,407.434645
-120.449521,200,408.223138
-124.276393,200,408.9591
-1.461419,200,409.614571
-220.930237,200,410.271841
-118.269159,200,410.93073
-235.400491,200,411.586614
-118.594626,200,412.243277
-119.733334,200,413.02943
-117.675478,200,413.694975
-129.857217,200,414.350655
-229.081952,200,415.062569
-123.629643,200,415.861008
-234.614296,200,416.519211
-117.65239,200,417.177411
-121.838554,200,417.848381
-227.888484,200,418.513706
-1.146922,200,419.17118
-119.137341,200,419.947191
-119.401755,200,420.610548
-0.949291,200,421.2722
-117.76715,200,422.094904
-226.178828,200,422.762509
-126.694923,200,423.441291
-120.913107,200,424.113611
-312.038384,200,424.775502
-121.352253,200,425.435514
-266.460538,200,426.095049
-223.523676,200,426.874612
-124.526863,200,427.547828
-118.761563,200,428.22476
-1.800438,200,429.065608
-121.457133,200,429.742323
-1.115771,200,430.399603
-123.309871,200,431.071449
-317.993604,200,431.919889
-1.447619,200,432.580725
-116.938849,200,433.278166
-126.875805,200,434.049053
-121.232772,200,434.711367
-127.646326,200,435.367727
-266.710362,200,436.071851
-217.02787,200,436.854185
-115.61143,200,437.511667
-119.162025,200,438.180596
-122.370469,200,438.840759
-235.746961,200,439.500654
-113.93185,200,440.156555
-118.739118,200,440.932508
-0.743695,200,441.596634
-118.117827,200,442.254355
-1.836158,200,442.917822
-123.779899,200,443.785536
-121.289356,200,444.452908
-120.070185,200,445.118873
-124.144883,200,445.784028
-224.517031,200,446.444587
-116.489351,200,447.104627
-120.076155,200,447.881756
-119.733607,200,448.565563
-122.132968,200,449.228614
-233.536868,200,449.968202
-121.41698,200,450.75489
-2.427045,200,451.413046
-119.998162,200,452.074777
-220.074482,200,452.867893
-125.258985,200,453.559376
-242.020452,200,454.218495
-117.105131,200,454.995614
-124.661976,200,455.659549
-237.065024,200,456.32135
-1.376609,200,457.065249
-316.756679,200,457.839264
-125.117931,200,458.518335
-121.446758,200,459.181706
-1.765108,200,459.844745
-0.527155,200,460.509893
-114.481086,200,461.174187
-230.830795,200,461.949098
-218.306394,200,462.619107
-222.298481,200,463.316883
-114.070907,200,463.979111
-276.39323,200,464.648784
-114.658219,200,465.450735
-123.717318,200,466.109828
-127.919927,200,466.773598
-234.941519,200,467.638076
-126.107348,200,468.310811
-114.807331,200,469.086084
-128.146543,200,469.749293
-229.780316,200,470.466559
-119.472527,200,471.253545
-1.400853,200,471.912151
-0.969862,200,472.570012
-116.570112,200,473.243214
-0.259175,200,473.922867
-0.608921,200,474.587957
-118.536163,200,475.245815
-0.272356,200,476.015795
-116.155488,200,476.678683
-229.410977,200,477.340153
-222.163772,200,478.189723
-286.312419,200,478.86438
-114.83349,200,479.52182
-275.232117,200,480.179401
-123.967762,200,480.839655
-228.632145,200,481.497469
-299.267172,200,482.153806
-224.333277,200,482.923536
-116.446407,200,483.599257
-113.732734,200,484.260893
-130.709861,200,485.015108
-125.170519,200,485.783065
-223.692457,200,486.441319
-226.621888,200,487.098649
-113.619489,200,487.756723
-231.809468,200,488.420385
-217.241866,200,489.091818
-225.628197,200,489.873877
-126.753043,200,490.536856
-302.694314,200,491.195552
-120.573921,200,491.858662
-254.870976,200,492.743989
-0.422984,200,493.408755
-215.839633,200,494.090394
-123.078887,200,494.752378
-219.387594,200,495.416048
-122.720459,200,496.078289
-3.390072,200,496.852231
-306.538353,200,497.521889
-123.830282,200,498.184173
-118.843097,200,498.908374
-234.814074,200,499.716069
-120.857128,200,500.373449
-120.140643,200,501.035322
-248.603896,200,501.857935
-282.931027,200,502.520521
-118.130834,200,503.178092
-249.200457,200,503.961811
-120.728374,200,504.632226
-2.167584,200,505.288014
-321.277256,200,505.968487
-3.036091,200,506.806973
-120.394836,200,507.464931
-119.779646,200,508.12243
-324.899546,200,508.791746
-120.608871,200,509.456207
-230.469876,200,510.112901
-302.470667,200,510.881817
-295.928903,200,511.544597
-124.532177,200,512.201206
-122.098802,200,512.889031
-124.702321,200,513.683217
-118.992844,200,514.348337
-115.657226,200,515.005421
-120.679456,200,515.665788
-122.067986,200,516.32318
-239.53506,200,516.979352
-0.487706,200,517.748611
-126.40845,200,518.411454
-123.497062,200,519.108483
-130.360311,200,519.893439
-1.933439,200,520.625423
-115.680503,200,521.282467
-119.814138,200,521.939524
-119.572359,200,522.596634
-118.295533,200,523.256979
-116.750745,200,523.925795
-245.973565,200,524.704156
-330.504491,200,525.366681
-310.865724,200,526.02495
-118.979882,200,526.717417
-120.413042,200,527.553959
-220.953397,200,528.215088
-3.798065,200,528.887021
-118.674337,200,529.555969
-117.956752,200,530.223179
-0.422368,200,530.890133
-3.855272,200,531.683436
-217.787503,200,532.345131
-224.815331,200,533.001581
-333.374396,200,533.657739
-120.104557,200,534.419528
-121.64074,200,535.180738
-126.03958,200,535.842656
-118.191808,200,536.663596
-120.788165,200,537.323634
-120.412938,200,537.981053
-117.727029,200,538.750788
-291.966197,200,539.42799
-124.639332,200,540.184835
-0.745902,200,540.954277
-220.088875,200,541.612089
-0.047862,200,542.269537
-121.679398,200,542.925976
-235.782993,200,543.585872
-295.54511,200,544.25617
-117.521893,200,544.915269
-116.278075,200,545.683673
-233.196104,200,546.346123
-118.836822,200,547.00132
-0.540969,200,547.683369
-226.556784,200,548.534788
-223.779525,200,549.204336
-125.625654,200,549.866285
-128.269743,200,550.526259
-117.746956,200,551.18288
-125.688219,200,551.840119
-237.683363,200,552.609263
-2.473621,200,553.271786
-118.541181,200,553.946051
-123.538983,200,554.762432
-240.730408,200,555.420051
-219.802164,200,556.077746
-125.196736,200,556.734745
-222.619967,200,557.393984
-124.125595,200,558.050985
-118.9971,200,558.707216
-124.510104,200,559.498531
-0.40263,200,560.163184
-116.989479,200,560.82358
-127.142183,200,561.554526
-113.962177,200,562.345379
-115.463919,200,563.004993
-0.256136,200,563.669698
-0.31714,200,564.343055
-233.329031,200,565.008467
-118.183644,200,565.670031
-215.24796,200,566.447215
-0.298998,200,567.114714
-124.431033,200,567.776037
-127.264804,200,568.449786
-127.646395,200,569.312153
-0.416379,200,569.974223
-240.886358,200,570.631449
-243.520542,200,571.300817
-116.25927,200,572.108034
-115.697579,200,572.766731
-126.607031,200,573.537446
-119.07032,200,574.209867
-217.779576,200,574.960404
-220.033276,200,575.734653
-0.914278,200,576.393095
-121.573218,200,577.050398
-116.246856,200,577.707295
-118.06069,200,578.367374
-123.000977,200,579.025049
-227.367105,200,579.72284
-233.273851,200,580.492308
-255.503165,200,581.15625
-1.983869,200,581.82881
-117.152017,200,582.631566
-220.164677,200,583.289599
-124.016016,200,583.947162
-123.049621,200,584.618602
-116.77801,200,585.281098
-316.09914,200,585.93875
-314.805489,200,586.596042
-0.994302,200,587.364723
-0.650356,200,588.027938
-263.288751,200,588.684005
-227.841804,200,589.366775
-120.762565,200,590.213748
-233.911389,200,590.872378
-125.502402,200,591.52958
-1.62822,200,592.191464
-116.927649,200,592.848416
-227.84293,200,593.505041
-1.202525,200,594.28163
-117.305218,200,594.959277
-127.236252,200,595.622386
-322.13801,200,596.456964
-119.738315,200,597.169862
-125.335996,200,597.834104
-120.380147,200,598.497374
-1.047254,200,599.162263
-0.70612,200,599.84088
-115.636077,200,600.501182
-116.741128,200,601.271625
-245.629431,200,601.935718
-126.838223,200,602.593916
-240.863895,200,603.321146
-115.568375,200,604.140148
-119.048374,200,604.839389
-127.463314,200,605.733604
-125.99685,200,606.391614
-119.156011,200,607.049219
-122.825783,200,607.707116
-118.57749,200,608.477315
-120.641874,200,609.144174
-215.936441,200,609.813384
-2.23042,200,610.47502
-119.000262,200,611.132747
-128.886514,200,611.789796
-129.263779,200,612.506374
-123.160941,200,613.267736
-127.870745,200,613.925393
-116.563126,200,614.588756
-127.178013,200,615.367839
-228.611793,200,616.033468
-124.817211,200,616.691742
-128.233907,200,617.34835
-124.231365,200,618.005933
-125.986278,200,618.684786
-230.789316,200,619.542662
-115.571253,200,620.215572
-300.292094,200,620.874358
-122.812621,200,621.532826
-231.483797,200,622.30118
-220.762427,200,622.97215
-126.021116,200,623.82262
-116.329112,200,624.482596
-238.123943,200,625.154817
-118.607335,200,625.820402
-118.833976,200,626.641403
-115.396858,200,627.300059
-118.397885,200,627.957388
-117.92124,200,628.614868
-232.629436,200,629.39139
-244.402114,200,630.070018
-127.178765,200,630.735957
-228.068385,200,631.394649
-301.113566,200,632.053324
-124.871899,200,632.713458
-259.234967,200,633.374758
-128.314228,200,634.037213
-125.498304,200,634.698506
-232.89835,200,635.375642
-2.000474,200,636.147944
-286.766388,200,636.816582
-0.851044,200,637.478373
-125.541969,200,638.137932
-220.910209,200,638.815606
-121.95768,200,639.696883
-230.896842,200,640.369222
-225.617065,200,641.042163
-124.646489,200,641.845414
-123.786942,200,642.50561
-219.32027,200,643.275853
-228.917217,200,643.940303
-0.316493,200,644.69949
-114.77111,200,645.471561
-270.173105,200,646.130227
-126.089701,200,646.788556
-120.70435,200,647.445565
-125.750925,200,648.112012
-227.564187,200,648.774662
-118.109139,200,649.432597
-119.035429,200,650.214533
-117.862067,200,650.880531
-115.61678,200,651.541539
-124.808125,200,652.357641
-124.201237,200,653.017791
-215.278388,200,653.674193
-118.522921,200,654.331736
-2.566294,200,655.001532
-126.606421,200,655.665871
-314.091228,200,656.337852
-232.638456,200,657.113443
-3.109967,200,657.777488
-220.070309,200,658.43787
-0.804711,200,659.249552
-117.586716,200,659.954148
-118.998567,200,660.626294
-119.962931,200,661.28334
-116.861839,200,661.939478
-117.63034,200,662.599413
-117.055695,200,663.255714
-115.869722,200,664.032898
-115.187835,200,664.695374
-124.031093,200,665.374703
-115.687188,200,666.043971
-233.904782,200,666.924903
-228.355433,200,667.588256
-120.254279,200,668.252023
-126.395709,200,668.913369
-117.661017,200,669.576018
-232.626178,200,670.24979
-278.505392,200,671.027551
-118.488731,200,671.698162
-1.007905,200,672.361027
-114.044223,200,673.117778
-113.118652,200,673.879925
-226.837622,200,674.537851
-117.158069,200,675.209234
-124.195853,200,675.988878
-118.114335,200,676.735898
-124.538458,200,677.394308
-0.694977,200,678.166108
-117.757488,200,678.829327
-126.549045,200,679.486466
-240.912218,200,680.147215
-118.963462,200,680.973392
-117.28222,200,681.63256
-226.519189,200,682.290408
-2.931139,200,682.947872
-117.786307,200,683.608925
-114.527862,200,684.265709
-123.481894,200,685.036201
-220.369775,200,685.713813
-230.723357,200,686.371832
-312.147385,200,687.034059
-119.162276,200,687.884071
-222.090036,200,688.543616
-123.859607,200,689.200205
-119.273578,200,689.858127
-119.893115,200,690.531275
-115.854416,200,691.193835
-1.104788,200,691.963423
-6.878251,200,692.650091
-2.725923,200,693.310086
-118.406884,200,694.027693
-227.774237,200,694.788699
-260.11769,200,695.481545
-118.60903,200,696.145136
-122.130558,200,696.806336
-241.592421,200,697.463843
-223.850922,200,698.120242
-280.550787,200,698.894257
-231.365041,200,699.556195
-231.205523,200,700.216082
-225.496369,200,701.088943
-124.03901,200,701.752797
-121.138365,200,702.412618
-4.069994,200,703.076179
-124.205526,200,703.751262
-220.502581,200,704.411545
-235.527688,200,705.071302
-4.24982,200,705.860518
-237.851109,200,706.531641
-229.483922,200,707.19246
-117.871222,200,707.87087
-119.416497,200,708.709569
-1.622722,200,709.366748
-220.326772,200,710.028095
-225.454973,200,710.840621
-119.053577,200,711.540655
-121.540668,200,712.198436
-116.478534,200,712.968235
-119.615096,200,713.631725
-124.696952,200,714.303781
-116.938452,200,715.175263
-121.231035,200,715.846254
-236.291067,200,716.507014
-220.465506,200,717.163218
-0.697184,200,717.818482
-241.407502,200,718.477459
-124.093578,200,719.132971
-118.331765,200,719.902281
-119.425276,200,720.563686
-1.583514,200,721.235825
-122.747749,200,721.9106
-116.632987,200,722.708237
-117.158375,200,723.368086
-127.67624,200,724.024361
-224.622264,200,724.68526
-221.958795,200,725.351082
-119.163664,200,726.022464
-123.964604,200,726.792534
-286.608421,200,727.454403
-311.673356,200,728.110909
-126.921166,200,728.83361
-225.33999,200,729.620772
-1.874132,200,730.27667
-255.509196,200,730.944839
-218.731345,200,731.609353
-123.138853,200,732.265492
-119.33607,200,732.921694
-239.028338,200,733.694995
-228.189567,200,734.356332
-318.035213,200,735.020463
-1.53085,200,735.879777
-117.867833,200,736.550413
-236.589688,200,737.215269
-225.684666,200,737.877994
-239.676742,200,738.538675
-127.194962,200,739.202493
-118.191802,200,739.86396
-117.579265,200,740.637267
-123.401478,200,741.314906
-224.742078,200,741.973847
-115.793655,200,742.634453
-221.324876,200,743.404036
-230.676765,200,744.164743
-126.32438,200,744.826477
-1.32614,200,745.650273
-128.291473,200,746.326789
-124.95007,200,746.986405
-317.373083,200,747.755118
-1.575904,200,748.41643
-235.684147,200,749.076646
-269.671769,200,749.852792
-1.358884,200,750.586157
-124.353866,200,751.256674
-223.585948,200,751.915354
-122.212614,200,752.57078
-225.400765,200,753.230271
-288.639992,200,753.885737
-121.424695,200,754.653639
-119.416946,200,755.316297
-226.143626,200,755.974561
-118.343651,200,756.646509
-120.473356,200,757.43146
-123.903406,200,758.116946
-234.189351,200,758.773333
-119.852257,200,759.434142
-256.390787,200,760.090542
-126.73576,200,760.74708
-260.360621,200,761.528327
-1.694048,200,762.193747
-127.963973,200,762.862956
-118.099578,200,763.702718
-118.418977,200,764.358955
-127.078735,200,765.015017
-222.833444,200,765.672065
-233.525465,200,766.343378
-119.550726,200,767.004292
-123.329783,200,767.659832
-118.738348,200,768.43518
-298.518872,200,769.098116
-125.141777,200,769.759543
-117.91391,200,770.589085
-274.168233,200,771.313141
-0.681153,200,771.980646
-128.353414,200,772.642476
-304.297847,200,773.308053
-121.459595,200,773.968339
-114.495785,200,774.625101
-2.762792,200,775.394106
-5.602041,200,776.056419
-129.453134,200,776.730305
-223.191627,200,777.564992
-119.470987,200,778.244214
-128.298705,200,778.904336
-127.322253,200,779.764445
-128.865292,200,780.421989
-118.343841,200,781.078744
-366.239689,200,781.751018
-117.42502,200,782.521466
-115.947142,200,783.191738
-225.674967,200,783.850044
-0.60041,200,784.506806
-126.670144,200,785.163423
-218.235139,200,785.824885
-126.20458,200,786.683556
-128.301748,200,787.344636
-233.203737,200,788.002135
-126.190691,200,788.659759
-327.655843,200,789.428937
-118.977366,200,790.095698
-125.814824,200,790.754348
-123.583747,200,791.421669
-115.886513,200,792.086034
-118.067221,200,792.745611
-293.19543,200,793.594373
-116.938497,200,794.25552
-229.49599,200,794.952417
-124.91341,200,795.648339
-126.714161,200,796.427915
-126.953465,200,797.101671
-128.135446,200,797.758789
-119.694959,200,798.415242
-118.849324,200,799.071671
-231.188877,200,799.731886
-127.661817,200,800.547763
-296.674651,200,801.243292
-1.177331,200,801.941183
-1.498158,200,802.600574
-117.594969,200,803.376406
-237.540557,200,804.039898
-2.007123,200,804.704546
-122.124818,200,805.364618
-1.839321,200,806.025654
-233.538591,200,806.701429
-118.847533,200,807.369594
-4.546555,200,808.031081
-1.681644,200,808.6933
-298.442067,200,809.357038
-0.896131,200,810.129543
-116.871322,200,810.798643
-127.978966,200,811.574004
-119.512239,200,812.345994
-220.371304,200,813.004593
-223.00957,200,813.663036
-241.682519,200,814.348592
-131.105346,200,815.142236
-0.623134,200,815.804745
-229.042454,200,816.463423
-125.72006,200,817.250204
-227.995885,200,817.914974
-228.91792,200,818.572385
-312.846191,200,819.232577
-117.071591,200,820.087651
-123.285574,200,820.746521
-231.451077,200,821.403772
-119.675477,200,822.076047
-224.550121,200,822.739865
-125.966568,200,823.397271
-222.374711,200,824.165624
-221.413481,200,824.827875
-318.205326,200,825.484468
-236.31576,200,826.185105
-129.585781,200,827.025403
-119.783531,200,827.755758
-119.266886,200,828.414999
-123.629965,200,829.078578
-227.779153,200,829.738494
-226.1144,200,830.395319
-302.342024,200,831.165399
-119.80899,200,831.838583
-218.904306,200,832.502289
-122.953604,200,833.256407
-223.304359,200,834.014434
-125.832534,200,834.671756
-114.532625,200,835.329532
-126.31281,200,835.989577
-230.546968,200,836.646503
-125.824017,200,837.319163
-125.225505,200,838.104544
-124.056249,200,838.772337
-119.391526,200,839.43392
-0.7277,200,840.238449
-0.585876,200,840.959898
-215.557395,200,841.624637
-233.403092,200,842.303854
-125.916987,200,842.974885
-126.940989,200,843.641412
-225.601815,200,844.301382
-120.630188,200,845.070982
-121.715777,200,845.734815
-291.346989,200,846.389714
-125.742533,200,847.058508
-124.661688,200,847.833773
-125.766385,200,848.605576
-114.593522,200,849.290964
-1.993476,200,850.093419
-123.097833,200,850.757319
-119.30073,200,851.417422
-118.237831,200,852.19952
-243.700452,200,852.871655
-3.755883,200,853.687485
-118.920759,200,854.406373
-227.27273,200,855.064286
-118.796665,200,855.746502
-122.465872,200,856.426578
-299.612463,200,857.09823
-222.217885,200,857.761039
-217.59007,200,858.419105
-117.027932,200,859.190387
-115.866903,200,859.855768
-262.329405,200,860.514135
-116.974406,200,861.177363
-114.880688,200,861.996588
-243.92216,200,862.667298
-222.439319,200,863.324734
-227.543392,200,863.986584
-123.395886,200,864.64424
-122.594186,200,865.301606
-118.535513,200,866.071853
-220.367671,200,866.735258
-224.633812,200,867.408549
-218.524796,200,868.177619
-123.202976,200,868.931283
-116.984092,200,869.590053
-127.09014,200,870.248957
-280.027991,200,870.910355
-0.659914,200,871.569193
-0.337347,200,872.239265
-118.544055,200,873.025091
-232.440989,200,873.693124
-126.387992,200,874.354595
-233.7738,200,875.038353
-217.103448,200,875.876468
-217.803227,200,876.542922
-116.010221,200,877.222516
-114.582977,200,877.891942
-222.94021,200,878.551195
-228.963702,200,879.212296
-117.294339,200,879.986087
-218.740844,200,880.650636
-128.221711,200,881.308212
-219.261017,200,881.965548
-3.350146,200,882.640059
-125.038716,200,883.491985
-2.63217,200,884.151397
-115.619106,200,884.844842
-233.203067,200,885.659406
-127.566892,200,886.322117
-223.689454,200,887.092812
-229.297224,200,887.771136
-3.081535,200,888.429446
-124.881893,200,889.102185
-246.259448,200,889.939578
-125.170125,200,890.597456
-122.723023,200,891.253075
-4.257016,200,891.909379
-245.111826,200,892.583133
-2.505549,200,893.243715
-121.929236,200,894.014788
-121.23414,200,894.677404
-125.254943,200,895.334784
-3.163228,200,895.998124
-117.612092,200,896.820739
-7.589469,200,897.491607
-130.502008,200,898.154121
-120.584928,200,898.812228
-236.528067,200,899.472907
-227.34056,200,900.130362
-128.367513,200,900.902667
-126.7401,200,901.57077
-227.130137,200,902.227156
-6.62328,200,902.919384
-5.94623,200,903.76231
-127.867867,200,904.420624
-124.59443,200,905.078269
-3.438384,200,905.739639
-226.963995,200,906.397293
-220.621935,200,907.054496
-119.073895,200,907.856454
-315.883414,200,908.526623
-221.933071,200,909.186709
-126.579812,200,909.937631
-125.731109,200,910.672951
-128.824579,200,911.339602
-118.104021,200,912.004535
-125.826928,200,912.704946
-130.303621,200,913.374679
-3.65636,200,914.039115
-120.68568,200,914.811647
-118.869587,200,915.483014
-225.68548,200,916.14967
-120.440604,200,916.973952
-127.44629,200,917.675054
-116.46101,200,918.337996
-228.726624,200,918.996297
-2.898852,200,919.742567
-225.349807,200,920.524249
-117.498939,200,921.184346
-305.478461,200,921.956827
-118.917812,200,922.629709
-226.005501,200,923.316707
-125.404337,200,924.108587
-3.00762,200,924.766234
-129.98049,200,925.424925
-5.232178,200,926.083383
-118.062088,200,926.740971
-120.34363,200,927.401108
-127.26915,200,928.074904
-118.258886,200,928.847815
-231.273123,200,929.512159
-2.56414,200,930.169869
-1.060863,200,930.82991
-118.820182,200,931.662704
-125.788602,200,932.340546
-121.749501,200,933.013866
-116.722295,200,933.677812
-126.819097,200,934.352318
-2.227639,200,935.01968
-121.440574,200,935.786888
-127.415096,200,936.447076
-122.032791,200,937.108046
-117.711438,200,937.968945
-2.972854,200,938.630587
-233.281162,200,939.288772
-117.74218,200,939.947123
-124.037394,200,940.608643
-128.057284,200,941.267275
-126.081818,200,941.925349
-219.400931,200,942.708388
-118.874717,200,943.420828
-2.526712,200,944.117668
-283.642067,200,944.900507
-120.477909,200,945.561258
-219.594183,200,946.22117
-121.902034,200,946.882484
-126.644409,200,947.544588
-3.887977,200,948.220612
-2.438818,200,948.886243
-125.775636,200,949.661487
-2.17515,200,950.330626
-223.435193,200,950.992868
-121.669354,200,951.657749
-237.241294,200,952.509714
-117.323321,200,953.182248
-132.481616,200,953.840976
-120.79444,200,954.530683
-3.84202,200,955.359522
-290.61553,200,956.021631
-120.516304,200,956.792686
-224.421295,200,957.456675
-120.942946,200,958.125884
-224.534121,200,958.809496
-131.285711,200,959.634146
-127.350281,200,960.294232
-2.317475,200,960.984871
-228.79727,200,961.712284
-128.327806,200,962.41189
-120.620787,200,963.078854
-124.069694,200,963.889238
-128.793276,200,964.596823
-235.912573,200,965.33781
-131.392129,200,966.111944
-121.82051,200,966.772271
-120.114733,200,967.430554
-2.217969,200,968.088484
-120.58982,200,968.767969
-229.23315,200,969.427519
-311.90867,200,970.102661
-124.823045,200,970.917258
-116.0686,200,971.884301
-119.768499,200,973.032614
-127.770727,200,973.7663
-116.868359,200,974.452328
-117.818516,200,975.12831
-233.595171,200,975.797145
-118.982473,200,976.477986
-123.274342,200,977.141765
-118.794988,200,977.79985
-3.631995,200,978.575214
-126.428596,200,979.24835
-293.526775,200,980.096964
-4.495781,200,980.75975
-130.174714,200,981.428556
-115.805087,200,982.0944
-116.29216,200,982.758302
-2.88995,200,983.420974
-227.079764,200,984.079048
-120.510154,200,984.740479
-128.586876,200,985.652933
-120.33288,200,986.321425
-224.562413,200,987.040376
-117.333369,200,987.828634
-231.207251,200,988.492179
-120.447153,200,989.276236
-2.797636,200,989.946243
-127.19736,200,990.605173
-118.483521,200,991.263147
-229.28101,200,991.921549
-120.039744,200,992.692425
-123.315844,200,993.360865
-118.109453,200,994.018855
-124.769196,200,994.675884
-223.933337,200,995.33225
-2.896093,200,995.994462
-125.226509,200,996.818634
-260.336942,200,997.490321
-116.276533,200,998.151137
-285.370254,200,998.808966
-124.577759,200,999.577529
-285.846069,200,1000.246546
-115.344187,200,1000.904989
-124.996038,200,1001.562816
-124.739809,200,1002.219256
-124.908815,200,1002.878377
-118.667736,200,1003.662268
-125.996737,200,1004.417112
-0.931288,200,1005.075839
-122.988461,200,1005.733944
-126.959216,200,1006.524812
-305.266214,200,1007.193745
-0.313068,200,1007.875413
-118.187845,200,1008.535783
-224.574761,200,1009.194047
-118.962966,200,1009.852151
-125.927162,200,1010.525795
-117.018937,200,1011.314249
-242.210229,200,1011.973982
-115.412816,200,1012.63549
-222.565163,200,1013.430541
-117.312678,200,1014.096882
-0.881562,200,1014.764704
-223.035202,200,1015.433732
-115.273368,200,1016.098352
-225.762592,200,1016.763612
-114.814622,200,1017.430745
-126.554415,200,1018.093687
-126.573065,200,1018.756341
-124.708372,200,1019.420298
-126.153487,200,1020.189126
-2.975664,200,1020.853672
-223.430607,200,1021.515103
-119.78256,200,1022.354788
-0.619192,200,1023.013667
-234.054388,200,1023.674406
-125.93228,200,1024.45808
-223.172905,200,1025.131718
-121.385595,200,1025.803388
-226.514848,200,1026.462781
-117.489688,200,1027.231095
-0.985602,200,1027.895202
-117.461012,200,1028.552462
-119.922672,200,1029.211207
-125.516256,200,1029.974503
-117.709432,200,1030.718194
-113.645833,200,1031.483762
-125.706037,200,1032.145679
-122.100119,200,1032.859709
-124.234367,200,1033.58978
-122.456642,200,1034.454231
-2.578,200,1035.2733
-0.599173,200,1035.973802
-227.57365,200,1036.798214
-239.217089,200,1037.464141
-125.859788,200,1038.127219
-219.293853,200,1038.78838
-126.066766,200,1039.459257
-121.193501,200,1040.120827
-128.652123,200,1040.783963
-120.190299,200,1041.552871
-126.787493,200,1042.219211
-253.586604,200,1042.884019
-222.429378,200,1043.735991
-224.296411,200,1044.396412
-123.512598,200,1045.054907
-126.864107,200,1045.714184
-259.727604,200,1046.379201
-122.345051,200,1047.039435
-117.514273,200,1047.699199
-128.360763,200,1048.477391
-119.207967,200,1049.146805
-231.299885,200,1049.83099
-124.808325,200,1050.657337
-121.305803,200,1051.324733
-129.280713,200,1051.989873
-125.575873,200,1052.656135
-3.582635,200,1053.325035
-3.605304,200,1053.988772
-120.225114,200,1054.648784
-4.253973,200,1055.418853
-3.668769,200,1056.084055
-121.220827,200,1056.74621
-116.582736,200,1057.509448
-129.640415,200,1058.206539
-2.91956,200,1058.872339
-121.783312,200,1059.712947
-295.356843,200,1060.374155
-227.204584,200,1061.033821
-241.482805,200,1061.692886
-115.249088,200,1062.463655
-120.281345,200,1063.133364
-119.674706,200,1063.795214
-0.494202,200,1064.45394
-115.330202,200,1065.1122
-225.788305,200,1065.773282
-1.083179,200,1066.548034
-228.022944,200,1067.267811
-1.66007,200,1067.928589
-234.949159,200,1068.587773
-118.149649,200,1069.358623
-0.995313,200,1070.03034
-125.907975,200,1070.691333
-223.788517,200,1071.351186
-115.062164,200,1072.011683
-224.960537,200,1072.676459
-128.910616,200,1073.512655
-0.694758,200,1074.175285
-115.318113,200,1074.840455
-217.240227,200,1075.500691
-116.973698,200,1076.271148
-246.435662,200,1076.972148
-125.747371,200,1077.634516
-125.543353,200,1078.297098
-116.11639,200,1078.959497
-122.11089,200,1079.624546
-116.798924,200,1080.454628
-2.60639,200,1081.129583
-131.519955,200,1081.790445
-117.770457,200,1082.450494
-225.698957,200,1083.227265
-1.787605,200,1083.895763
-118.59918,200,1084.563841
-330.820341,200,1085.229399
-318.217603,200,1085.894211
-119.190955,200,1086.561342
-115.794149,200,1087.326726
-114.262152,200,1088.020066
-117.762149,200,1088.686639
-116.599269,200,1089.373576
-125.664593,200,1090.145682
-229.502704,200,1090.827766
-120.454653,200,1091.571347
-126.003119,200,1092.421489
-217.784342,200,1093.095188
-2.318104,200,1093.886609
-117.011443,200,1094.59384
-239.401683,200,1095.268725
-220.266476,200,1095.946171
-125.094025,200,1096.645722
-117.91645,200,1097.437842
-119.706698,200,1098.106758
-125.042122,200,1098.768636
-122.167228,200,1099.505752
-116.49411,200,1100.283703
-122.150071,200,1100.949515
-124.848409,200,1101.611582
-115.855666,200,1102.335424
-235.291359,200,1102.994263
-117.36168,200,1103.654324
-263.160168,200,1104.433424
-237.825355,200,1105.101748
-218.077291,200,1105.763616
-118.295915,200,1106.530334
-118.274067,200,1107.273581
-123.563646,200,1107.948547
-219.782674,200,1108.64042
-115.817362,200,1109.339908
-116.311447,200,1110.01808
-122.111252,200,1110.701789
-119.012152,200,1111.522735
-115.271951,200,1112.280438
-0.539495,200,1112.964661
-256.462358,200,1113.773807
-125.747485,200,1114.517412
-128.113319,200,1115.18578
-125.861508,200,1115.85042
-1.093606,200,1116.548348
-115.663864,200,1117.228072
-120.71406,200,1117.887909
-0.237736,200,1118.741424
-125.321607,200,1119.425398
-126.437379,200,1120.146787
-233.810537,200,1120.939658
-120.657292,200,1121.61189
-117.342954,200,1122.331975
-116.06128,200,1122.999529
-1.15681,200,1123.671185
-125.772817,200,1124.340402
-116.37059,200,1125.00656
-257.412954,200,1125.789586
-124.561739,200,1126.471454
-121.489749,200,1127.180393
-0.332986,200,1127.85409
-123.912325,200,1128.695015
-2.837703,200,1129.38577
-223.366024,200,1130.060343
-119.064413,200,1130.965725
-119.585703,200,1131.636855
-117.627388,200,1132.315449
-115.930149,200,1133.154282
-221.547182,200,1133.828597
-120.944694,200,1134.493794
-293.908381,200,1135.306531
-1.364996,200,1136.0275
-127.842367,200,1136.705853
-236.160996,200,1137.371988
-277.585935,200,1138.038572
-1.813543,200,1138.7018
-115.072085,200,1139.364783
-0.216376,200,1140.137047
-126.085185,200,1140.806708
-116.423407,200,1141.473618
-218.772146,200,1142.264676
-224.797372,200,1142.992008
-235.901023,200,1143.655234
-126.012639,200,1144.317702
-298.342269,200,1144.981936
-113.570435,200,1145.644363
-123.926269,200,1146.338927
-118.7222,200,1147.122135
-230.680127,200,1147.793562
-125.539544,200,1148.506887
-116.508425,200,1149.280514
-230.881124,200,1149.98723
-128.646344,200,1150.652639
-3.0063,200,1151.321195
-127.754836,200,1151.984108
-225.6211,200,1152.649444
-5.386715,200,1153.312317
-122.513225,200,1154.091848
-221.705672,200,1154.76159
-284.467002,200,1155.432952
-118.375454,200,1156.17577
-0.501311,200,1156.991163
-114.400148,200,1157.659516
-118.277325,200,1158.326944
-0.50896,200,1158.993275
-128.032901,200,1159.658304
-3.562803,200,1160.325863
-223.470562,200,1161.103499
-224.638659,200,1161.77656
-219.743522,200,1162.442287
-120.273266,200,1163.10942
-127.0883,200,1163.897951
-116.014416,200,1164.622421
-221.481795,200,1165.288598
-125.683759,200,1165.958044
-123.754728,200,1166.747418
-119.754091,200,1167.420676
-125.64857,200,1168.195745
-303.443281,200,1168.867605
-224.831681,200,1169.533616
-233.272041,200,1170.310695
-224.137644,200,1171.05296
-130.996221,200,1171.715036
-120.774169,200,1172.451279
-231.82404,200,1173.167312
-117.256604,200,1173.827814
-236.871223,200,1174.4885
-232.143931,200,1175.259802
-227.23335,200,1175.927912
-117.745839,200,1176.636843
-128.180797,200,1177.396278
-1.219779,200,1178.056926
-219.16202,200,1178.716618
-218.5713,200,1179.377454
-214.892463,200,1180.040131
-262.31136,200,1180.700328
-124.087948,200,1181.359729
-125.6924,200,1182.128622
-118.901585,200,1182.794634
-231.922694,200,1183.457073
-263.156289,200,1184.294898
-115.700357,200,1184.960034
-325.313172,200,1185.620759
-118.557901,200,1186.280573
-124.88867,200,1186.939997
-1.233202,200,1187.60273
-115.005391,200,1188.263904
-127.022928,200,1189.048014
-1.174748,200,1189.714764
-218.290377,200,1190.381062
-1.171855,200,1191.047678
-115.907433,200,1191.896045
-1.159945,200,1192.560928
-281.360018,200,1193.225777
-121.372619,200,1193.892565
-301.991092,200,1194.558348
-118.11927,200,1195.221207
-219.910708,200,1195.995841
-113.913152,200,1196.667885
-224.455732,200,1197.331087
-116.747234,200,1197.99801
-115.316256,200,1198.787192
-2.250045,200,1199.449175
-227.755728,200,1200.109865
-1.272659,200,1200.773259
-120.272005,200,1201.644665
-299.379318,200,1202.30778
-117.253309,200,1203.077813
-120.508683,200,1203.744543
-0.506548,200,1204.404477
-223.162419,200,1205.066237
-118.692685,200,1205.865053
-117.062129,200,1206.526772
-126.76767,200,1207.186663
-227.211644,200,1207.84659
-217.739814,200,1208.509606
-287.066603,200,1209.168635
-116.48487,200,1209.938105
-3.246016,200,1210.604719
-272.280021,200,1211.263435
-122.973071,200,1211.934715
-114.353304,200,1212.802463
-219.086268,200,1213.464633
-127.700211,200,1214.125417
-125.072648,200,1214.788414
-123.025013,200,1215.447743
-229.652898,200,1216.107388
-237.349479,200,1216.877788
-295.382709,200,1217.542638
-117.421241,200,1218.239616
-223.556586,200,1219.011172
-116.114489,200,1219.671361
-119.2328,200,1220.330078
-124.872839,200,1220.989851
-115.752101,200,1221.652572
-117.153284,200,1222.312489
-0.589715,200,1222.9714
-1.441745,200,1223.747835
-260.839585,200,1224.415402
-229.546355,200,1225.082124
-219.819138,200,1225.933317
-119.287872,200,1226.598089
-224.995258,200,1227.262259
-222.846701,200,1227.936644
-237.496908,200,1228.606841
-116.784968,200,1229.345404
-121.598856,200,1230.041552
-126.847325,200,1230.836704
-128.072864,200,1231.574376
-118.847075,200,1232.246411
-128.353732,200,1233.049453
-117.959081,200,1233.75412
-126.82964,200,1234.442202
-222.543006,200,1235.232273
-121.139861,200,1235.896203
-117.070615,200,1236.558944
-256.86915,200,1237.220834
-295.256124,200,1237.994299
-233.657203,200,1238.663161
-116.395254,200,1239.396713
-223.347535,200,1240.167483
-215.284939,200,1240.831503
-121.575585,200,1241.495989
-122.785445,200,1242.161399
-221.35657,200,1242.82431
-125.726371,200,1243.492535
-117.546567,200,1244.15478
-124.092233,200,1244.927004
-118.450902,200,1245.59511
-121.963661,200,1246.256336
-124.645522,200,1246.925295
-118.948979,200,1247.733092
-127.651006,200,1248.395034
-232.313072,200,1249.056469
-1.813952,200,1249.722122
-0.984828,200,1250.383918
-117.972698,200,1251.045289
-125.171511,200,1251.816779
-216.592926,200,1252.485187
-1.224962,200,1253.149833
-2.695002,200,1253.978917
-117.971637,200,1254.655127
-116.436328,200,1255.318298
-118.541719,200,1255.981304
-236.494375,200,1256.646754
-219.332314,200,1257.308851
-122.215915,200,1257.970911
-115.454564,200,1258.751344
-123.664384,200,1259.420406
-119.166596,200,1260.099062
-116.275847,200,1260.941266
-115.696632,200,1261.609826
-118.358093,200,1262.277
-119.507127,200,1262.943031
-129.40512,200,1263.611125
-119.243688,200,1264.27949
-119.567382,200,1264.945569
-123.574625,200,1265.723739
-120.837088,200,1266.396688
-125.055502,200,1267.063534
-237.298083,200,1267.837275
-240.689053,200,1268.527902
-119.444782,200,1269.19066
-121.954591,200,1269.85921
-1.818594,200,1270.737483
-118.773922,200,1271.404932
-113.857919,200,1272.067989
-119.4301,200,1272.841094
-231.277902,200,1273.509944
-123.787571,200,1274.175925
-126.073046,200,1274.960871
-119.46141,200,1275.648821
-313.906724,200,1276.312145
-117.933504,200,1276.975273
-120.149766,200,1277.640755
-118.054524,200,1278.303536
-2.979733,200,1278.965449
-227.329807,200,1279.738478
-123.072805,200,1280.407256
-125.713312,200,1281.069504
-126.049492,200,1281.832143
-115.23329,200,1282.580277
-120.184723,200,1283.243415
-125.836032,200,1283.907437
-221.006553,200,1284.574296
-115.782011,200,1285.235912
-1.941046,200,1285.898506
-115.353406,200,1286.670765
-225.309811,200,1287.34105
-2.432002,200,1288.00275
-125.91138,200,1288.699779
-125.252746,200,1289.503475
-118.711851,200,1290.167188
-125.244878,200,1290.831236
-120.263159,200,1291.493498
-218.184411,200,1292.159307
-126.736132,200,1292.821574
-127.673767,200,1293.600045
-223.363553,200,1294.270991
-119.059512,200,1294.93421
-116.667718,200,1295.634308
-129.979016,200,1296.415644
-117.72671,200,1297.083742
-116.256322,200,1297.751062
-227.885867,200,1298.417982
-113.60683,200,1299.084497
-121.882055,200,1299.751014
-125.990863,200,1300.526383
-1.350188,200,1301.198448
-241.97125,200,1301.865996
-228.039556,200,1302.550494
-117.456973,200,1303.38878
-224.730408,200,1304.051405
-116.440981,200,1304.713352
-115.816217,200,1305.414485
-285.507721,200,1306.254492
-235.307064,200,1306.919158
-125.933078,200,1307.720823
-303.678184,200,1308.389931
-305.990914,200,1309.051102
-126.972157,200,1309.715812
-118.326332,200,1310.526845
-0.742822,200,1311.190312
-118.366642,200,1311.853188
-237.776853,200,1312.517913
-116.58405,200,1313.179966
-118.320706,200,1313.841633
-118.656013,200,1314.612704
-122.348131,200,1315.2805
-224.222327,200,1315.941972
-118.890728,200,1316.606777
-224.157198,200,1317.436538
-226.948089,200,1318.124615
-123.59665,200,1318.78758
-125.511417,200,1319.452193
-239.904796,200,1320.114101
-120.183274,200,1320.775226
-126.090928,200,1321.550705
-324.68014,200,1322.219493
-219.986705,200,1322.883925
-116.476157,200,1323.636196
-0.542899,200,1324.382308
-219.664736,200,1325.053665
-0.275141,200,1325.934013
-121.382342,200,1326.598355
-118.203488,200,1327.293169
-1.023429,200,1327.955824
-113.084653,200,1328.735264
-116.476922,200,1329.406517
-234.426246,200,1330.191113
-124.75144,200,1330.935437
-122.662823,200,1331.600988
-0.20844,200,1332.300611
-225.344767,200,1332.989345
-118.279575,200,1333.65631
-229.272437,200,1334.321837
-1.09805,200,1334.988766
-292.54865,200,1335.767408
-2.642164,200,1336.511474
-116.170806,200,1337.282763
-121.779866,200,1337.945146
-119.320371,200,1338.607128
-224.538372,200,1339.272629
-0.157438,200,1340.083397
-281.397868,200,1340.750864
-116.949195,200,1341.414655
-121.418833,200,1342.07757
-117.822569,200,1342.84976
-116.145053,200,1343.518266
-234.822634,200,1344.200417
-115.662738,200,1345.032916
-117.23897,200,1345.697124
-120.821644,200,1346.359934
-118.89807,200,1347.022787
-228.151595,200,1347.689577
-125.67121,200,1348.350474
-1.759992,200,1349.011689
-116.611331,200,1349.784089
-117.101402,200,1350.450971
-116.937526,200,1351.110762
-233.400981,200,1351.794855
-126.386016,200,1352.583397
-221.400155,200,1353.246018
-1.93821,200,1353.910968
-228.212973,200,1354.57328
-215.940322,200,1355.233584
-122.775924,200,1355.894189
-116.786331,200,1356.664886
-116.69391,200,1357.335311
-119.032181,200,1357.999742
-216.289828,200,1358.848138
-122.674394,200,1359.511522
-220.716504,200,1360.172715
-117.828357,200,1360.835242
-249.629274,200,1361.500339
-233.061989,200,1362.160974
-126.775734,200,1362.822186
-120.127366,200,1363.600558
-2.254847,200,1364.303118
-222.17891,200,1364.971628
-226.302552,200,1365.823811
-222.222051,200,1366.49513
-126.557351,200,1367.162319
-113.551181,200,1367.829232
-116.292956,200,1368.49832
-126.234284,200,1369.166185
-118.450886,200,1369.83251
-1.870965,200,1370.611123
-118.215296,200,1371.299466
-127.920061,200,1371.966887
-118.444195,200,1372.63271
-304.531965,200,1373.486471
-119.466927,200,1374.158495
-0.366022,200,1374.8351
-127.243398,200,1375.691798
-118.071892,200,1376.359327
-0.331647,200,1377.023668
-116.727878,200,1377.798397
-121.942321,200,1378.467137
-122.567764,200,1379.133433
-1.305257,200,1379.935996
-114.896314,200,1380.601329
-125.12182,200,1381.264364
-0.41558,200,1381.929426
-127.539437,200,1382.593393
-113.634638,200,1383.255146
-126.547285,200,1383.917373
-126.397639,200,1384.689752
-116.74412,200,1385.357607
-0.506213,200,1386.086963
-0.304857,200,1386.875031
-234.100169,200,1387.539042
-225.697575,200,1388.201483
-125.175379,200,1388.864467
-120.616394,200,1389.531187
-125.224611,200,1390.193969
-225.014898,200,1390.856926
-116.598685,200,1391.629761
-113.821765,200,1392.298439
-228.612991,200,1392.960814
-223.425033,200,1393.71399
-241.539172,200,1394.479425
-117.549782,200,1395.142975
-225.031513,200,1395.80753
-123.278274,200,1396.473872
-113.586832,200,1397.137241
-225.798588,200,1397.801176
-126.479807,200,1398.579785
-0.745912,200,1399.24987
-116.993863,200,1399.918093
-113.594709,200,1400.655606
-126.334978,200,1401.460118
-233.087284,200,1402.129116
-119.823254,200,1402.79629
-218.274774,200,1403.462539
-122.111299,200,1404.127926
-125.993839,200,1404.795887
-124.00364,200,1405.572018
-124.454831,200,1406.243077
-114.423892,200,1406.910453
-229.235307,200,1407.59729
-1.265963,200,1408.38645
-230.294985,200,1409.049936
-117.700027,200,1409.714654
-124.299472,200,1410.45472
-119.565345,200,1411.235696
-114.807673,200,1411.899862
-220.678061,200,1412.67339
-225.253612,200,1413.341969
-121.832882,200,1414.006902
-115.384863,200,1414.865453
-0.332069,200,1415.530906
-128.73789,200,1416.192009
-233.984417,200,1416.857709
-126.939851,200,1417.524123
-1.562515,200,1418.185749
-116.403125,200,1418.848159
-5.232067,200,1419.620148
-237.096188,200,1420.288301
-125.626616,200,1420.963136
-225.279726,200,1421.796269
-6.382949,200,1422.4599
-223.785482,200,1423.123241
-126.197915,200,1423.787443
-122.305448,200,1424.45239
-253.43929,200,1425.1151
-120.070685,200,1425.778748
-117.432468,200,1426.552275
-114.862514,200,1427.221192
-126.554961,200,1427.887042
-122.533854,200,1428.743957
-118.725398,200,1429.408253
-122.419184,200,1430.071163
-225.316907,200,1430.734253
-0.417287,200,1431.480651
-117.827377,200,1432.144321
-1.106785,200,1432.807674
-115.714722,200,1433.587343
-221.381007,200,1434.25866
-113.619279,200,1434.922496
-119.144616,200,1435.600582
-0.583336,200,1436.39806
-1.406722,200,1437.065665
-1.639642,200,1437.734688
-226.669494,200,1438.401918
-225.62474,200,1439.067232
-0.44153,200,1439.735133
-121.982527,200,1440.513205
-122.103463,200,1441.185578
-2.419169,200,1441.853102
-114.310583,200,1442.648567
-127.718422,200,1443.371521
-0.809585,200,1444.035367
-120.218369,200,1444.70147
-236.106873,200,1445.468961
-229.786819,200,1446.215189
-113.705922,200,1446.878857
-125.869741,200,1447.65248
-217.063558,200,1448.321053
-124.917722,200,1449.064776
-221.03843,200,1449.824194
-219.910456,200,1450.487201
-123.307411,200,1451.149005
-220.059669,200,1451.812197
-119.430354,200,1452.475881
-125.89064,200,1453.138495
-120.195583,200,1453.801412
-312.525516,200,1454.575496
-117.61481,200,1455.24419
-231.141975,200,1455.907591
-127.01834,200,1456.587438
-228.581178,200,1457.418644
-118.474908,200,1458.082906
-237.641816,200,1458.745955
-234.548554,200,1459.409992
-125.856129,200,1460.071584
-125.780398,200,1460.734576
-128.697551,200,1461.50838
-115.040678,200,1462.176185
-226.434253,200,1462.83901
-116.161258,200,1463.510207
-117.462777,200,1464.31292
-218.935857,200,1464.975728
-118.779207,200,1465.638705
-118.657999,200,1466.303571
-117.434095,200,1466.965771
-115.119038,200,1467.628051
-1.613975,200,1468.407835
-127.638284,200,1469.078175
-2.701308,200,1469.746238
-221.794656,200,1470.597747
-127.271356,200,1471.268623
-125.474522,200,1471.935849
-305.335161,200,1472.60354
-115.57766,200,1473.273555
-118.541394,200,1473.939848
-225.152841,200,1474.606291
-223.334468,200,1475.387309
-300.346699,200,1476.053112
-227.472486,200,1476.716938
-1.645565,200,1477.499298
-119.107241,200,1478.222102
-128.49216,200,1478.886954
-118.639444,200,1479.6334
-231.535196,200,1480.39247
-295.556566,200,1481.05605
-118.995344,200,1481.720723
-119.405138,200,1482.494757
-238.959755,200,1483.164042
-115.509704,200,1483.83162
-269.682276,200,1484.664558
-127.978284,200,1485.328112
-225.53385,200,1485.989746
-118.75403,200,1486.653004
-227.647707,200,1487.317822
-117.240788,200,1487.979728
-116.750216,200,1488.641626
-120.415915,200,1489.413931
-218.746384,200,1490.082955
-316.576964,200,1490.744868
-113.169828,200,1491.508566
-118.87521,200,1492.248513
-128.965132,200,1492.912335
-304.495709,200,1493.575806
-125.524193,200,1494.241092
-113.178667,200,1494.904136
-218.603059,200,1495.566948
-115.819774,200,1496.425823
-118.220422,200,1497.132292
-126.721277,200,1497.866508
-0.955668,200,1498.699964
-216.052622,200,1499.393367
-130.036278,200,1500.081081
-245.871141,200,1500.774866
-125.59655,200,1501.505548
-119.21129,200,1502.186453
-126.426838,200,1502.867178
-305.046102,200,1503.65975
-225.641974,200,1504.34449
-0.672449,200,1505.120914
-115.618988,200,1505.89919
-117.715041,200,1506.586214
-121.591539,200,1507.264676
-222.705149,200,1507.93409
-122.465876,200,1508.626474
-116.634363,200,1509.303708
-119.788215,200,1509.974458
-120.84464,200,1510.811695
-117.641066,200,1511.501602
-121.18246,200,1512.23729
-1.448956,200,1513.074326
-234.539172,200,1513.82259
-118.444905,200,1514.654577
-117.742173,200,1515.424486
-295.858541,200,1516.189522
-229.099327,200,1516.875952
-275.796659,200,1517.557736
-127.821449,200,1518.354526
-125.523117,200,1519.23927
-218.363604,200,1520.011013
-0.722386,200,1520.69831
-124.892265,200,1521.377964
-127.301512,200,1522.065823
-0.947605,200,1522.808915
-125.211665,200,1523.684456
-225.226262,200,1524.480645
-117.495121,200,1525.155522
-119.099471,200,1526.021651
-230.392052,200,1526.691163
-127.818133,200,1527.377876
-228.781422,200,1528.206986
-220.503407,200,1528.949705
-0.916804,200,1529.626726
-127.259117,200,1530.298858
-220.789176,200,1530.962042
-115.192019,200,1531.625056
-127.918045,200,1532.292481
-115.675045,200,1533.076273
-229.365281,200,1533.784534
-119.073623,200,1534.586632
-114.441745,200,1535.267293
-223.983296,200,1535.935036
-125.837882,200,1536.600224
-232.845101,200,1537.267051
-118.74733,200,1537.933243
-248.774233,200,1538.598682
-217.177312,200,1539.258944
-127.890668,200,1540.037191
-119.652974,200,1540.711275
-116.299566,200,1541.546013
-125.758287,200,1542.44634
-227.312002,200,1543.176379
-127.726645,200,1543.85054
-120.296442,200,1544.519945
-123.835062,200,1545.196156
-120.508863,200,1545.866887
-244.914363,200,1546.5355
-219.095456,200,1547.35991
-123.437745,200,1548.083816
-314.801555,200,1548.756336
-117.935052,200,1549.572549
-221.007486,200,1550.295633
-222.815427,200,1551.279616
-227.165258,200,1551.963104
-217.585566,200,1552.634172
-121.101299,200,1553.320378
-231.667805,200,1553.984876
-228.730729,200,1554.789625
-123.949956,200,1555.465617
-125.662084,200,1556.19328
-120.363108,200,1556.961241
-1.10014,200,1557.62598
-228.981161,200,1558.287924
-1.229409,200,1558.959107
-127.514186,200,1559.646069
-117.580113,200,1560.311571
-1.135192,200,1560.976721
-118.961699,200,1561.754502
-125.754746,200,1562.423598
-226.461343,200,1563.08849
-222.062558,200,1563.923501
-117.049401,200,1564.585825
-310.203578,200,1565.248047
-231.754341,200,1565.911151
-281.527779,200,1566.575914
-120.208593,200,1567.244092
-125.891117,200,1567.906094
-126.115074,200,1568.681203
-3.996142,200,1569.349598
-124.440295,200,1570.015368
-119.19248,200,1570.688201
-118.71568,200,1571.523078
-122.166426,200,1572.185066
-127.758982,200,1572.850364
-121.967575,200,1573.517721
-219.630942,200,1574.183463
-123.178781,200,1574.847261
-228.103403,200,1575.62991
-230.52831,200,1576.298553
-123.954651,200,1576.971158
-232.979167,200,1577.757199
-220.472873,200,1578.446385
-232.556257,200,1579.117828
-124.283664,200,1579.786923
-117.950395,200,1580.453357
-224.639892,200,1581.119903
-124.312144,200,1581.80897
-1.324652,200,1582.587073
-229.264873,200,1583.255668
-1.079076,200,1583.926378
-123.307947,200,1584.592262
-305.949207,200,1585.26057
-0.970756,200,1586.105401
-120.259071,200,1586.771985
-116.690255,200,1587.449706
-220.433379,200,1588.331203
-120.760475,200,1589.004597
-118.458221,200,1589.786736
-114.247378,200,1590.458668
-119.293603,200,1591.153419
-126.014046,200,1591.957067
-1.018523,200,1592.622796
-120.426072,200,1593.286189
-0.846058,200,1593.94967
-124.990961,200,1594.615634
-127.961935,200,1595.311583
-233.176306,200,1596.02667
-226.512349,200,1596.805375
-222.418117,200,1597.475999
-225.206788,200,1598.176331
-121.390595,200,1599.011102
-117.829264,200,1599.677235
-128.853135,200,1600.340757
-126.357342,200,1601.006685
-234.802244,200,1601.674856
-237.719054,200,1602.337639
-119.033235,200,1603.003956
-220.25339,200,1603.782825
-216.490647,200,1604.457764
-218.505208,200,1605.142173
-217.863539,200,1605.948202
-117.438662,200,1606.610311
-225.947095,200,1607.275024
-123.796051,200,1607.936851
-228.911141,200,1608.597243
-1.722118,200,1609.260181
-116.078894,200,1609.920245
-235.696092,200,1610.702053
-115.164884,200,1611.370557
-124.877989,200,1612.0341
-235.666989,200,1612.701924
-116.075087,200,1613.547599
-300.894535,200,1614.214976
-1.81004,200,1614.883147
-116.172219,200,1615.551345
-118.886932,200,1616.218517
-123.599208,200,1616.888386
-237.861119,200,1617.669058
-119.433562,200,1618.340945
-287.081507,200,1619.007453
-118.79018,200,1619.67377
-0.824412,200,1620.47207
-119.282722,200,1621.189072
-114.905186,200,1621.852674
-223.866636,200,1622.618861
-222.311382,200,1623.332843
-122.207251,200,1624.000115
-129.354891,200,1624.775903
-126.588586,200,1625.450242
-117.791969,200,1626.115761
-117.882023,200,1626.783928
-116.826347,200,1627.670264
-1.125608,200,1628.345047
-126.211126,200,1629.011049
-228.717079,200,1629.68906
-0.659938,200,1630.351935
-1.267742,200,1631.031425
-0.261876,200,1631.851841
-230.248919,200,1632.532386
-125.172264,200,1633.195916
-219.792301,200,1633.875215
-1.366884,200,1634.712564
-219.888149,200,1635.378648
-3.489156,200,1636.040674
-254.576083,200,1636.703399
-125.156593,200,1637.3662
-118.431347,200,1638.033491
-268.853453,200,1638.805475
-221.923654,200,1639.474247
-227.398581,200,1640.135965
-118.638043,200,1640.800538
-115.417489,200,1641.667924
-0.916985,200,1642.335602
-121.950333,200,1642.997376
-222.716658,200,1643.660319
-0.599295,200,1644.320967
-123.333032,200,1644.980876
-1.519123,200,1645.760616
-126.031463,200,1646.428281
-238.314239,200,1647.153131
-231.100202,200,1647.860776
-118.36601,200,1648.66216
-224.184675,200,1649.328774
-117.945076,200,1649.996358
-1.375577,200,1650.66273
-127.249785,200,1651.330036
-114.558232,200,1651.994048
-122.591368,200,1652.78546
-292.614424,200,1653.460533
-0.471114,200,1654.123764
-232.902447,200,1654.933233
-118.772974,200,1655.633674
-226.116301,200,1656.298981
-121.571107,200,1657.144942
-0.20653,200,1657.811415
-308.701041,200,1658.472475
-120.932347,200,1659.134118
-224.219356,200,1659.904859
-0.215166,200,1660.57213
-123.539889,200,1661.234208
-218.028052,200,1662.006596
-121.057859,200,1662.703858
-238.016,200,1663.373126
-288.54268,200,1664.037703
-114.630762,200,1664.697726
-119.969414,200,1665.361187
-127.091555,200,1666.030478
-239.974796,200,1666.801109
-116.354742,200,1667.469017
-116.96418,200,1668.129886
-116.863179,200,1668.790045
-224.712845,200,1669.589688
-2.335136,200,1670.302045
-231.006549,200,1670.962804
-125.278986,200,1671.628472
-1.038682,200,1672.291917
-120.433794,200,1672.953654
-126.465695,200,1673.723555
-224.238769,200,1674.389972
-115.855666,200,1675.055692
-220.495023,200,1675.823462
-224.302424,200,1676.566346
-248.05895,200,1677.249874
-248.884549,200,1677.938669
-222.808784,200,1678.604821
-0.702848,200,1679.267052
-128.26023,200,1679.92768
-280.414876,200,1680.70614
-238.085665,200,1681.373867
-118.051121,200,1682.048037
-116.92949,200,1682.887438
-117.327462,200,1683.552456
-3.052487,200,1684.219197
-118.982503,200,1684.883531
-1.03155,200,1685.5493
-123.348968,200,1686.215267
-254.185597,200,1686.914961
-116.409655,200,1687.759567
-224.315769,200,1688.450011
-116.708527,200,1689.116797
-116.981865,200,1689.830017
-122.17778,200,1690.598994
-217.2763,200,1691.266289
-119.766607,200,1691.933998
-122.109981,200,1692.73774
-0.879176,200,1693.446928
-120.470431,200,1694.109099
-118.554216,200,1694.881182
-116.113453,200,1695.548151
-117.780421,200,1696.207689
-121.970054,200,1696.90805
-226.92939,200,1697.671922
-115.392283,200,1698.333833
-119.428619,200,1698.994518
-228.148218,200,1699.653684
-115.898357,200,1700.317398
-126.634997,200,1700.9772
-126.711658,200,1701.74728
-118.579532,200,1702.413248
-3.234036,200,1703.072664
-0.986072,200,1703.735017
-278.326016,200,1704.552657
-264.193704,200,1705.247005
-216.319146,200,1705.934415
-127.286428,200,1706.613303
-121.805264,200,1707.279223
-118.874774,200,1707.944803
-229.720233,200,1708.719335
-126.114142,200,1709.389118
-125.592833,200,1710.08762
-115.814523,200,1710.941184
-114.228518,200,1711.777022
-215.711336,200,1712.441076
-238.436203,200,1713.103784
-126.815539,200,1713.770357
-117.285707,200,1714.431779
-226.234679,200,1715.095012
-119.412515,200,1715.880061
-118.579714,200,1716.574059
-125.980789,200,1717.256535
-117.96799,200,1717.933529
-219.305211,200,1718.732692
-215.753665,200,1719.399433
-306.907829,200,1720.065037
-288.859761,200,1720.732273
-127.098717,200,1721.397191
-126.013216,200,1722.061171
-248.522487,200,1722.839179
-4.021567,200,1723.515913
-114.348509,200,1724.177735
-225.00474,200,1724.841865
-115.421286,200,1725.679704
-119.919941,200,1726.356262
-118.13442,200,1727.030268
-219.175005,200,1727.834523
-114.983246,200,1728.499629
-238.747335,200,1729.160701
-116.267942,200,1729.932636
-125.419493,200,1730.598913
-239.405287,200,1731.259371
-114.744742,200,1731.945554
-262.251158,200,1732.805344
-1.231111,200,1733.613238
-231.376469,200,1734.3222
-230.862112,200,1735.095566
-316.836577,200,1735.771191
-235.464626,200,1736.441077
-125.947816,200,1737.219571
-230.351908,200,1737.886744
-223.089474,200,1738.548715
-122.175297,200,1739.326416
-2.222519,200,1740.048139
-1.009577,200,1740.711387
-1.032315,200,1741.374318
-2.607681,200,1742.035505
-124.47367,200,1742.695311
-116.131296,200,1743.355242
-2.996945,200,1744.128501
-127.468222,200,1744.801837
-225.536378,200,1745.501118
-116.723756,200,1746.356035
-232.779957,200,1747.017159
-245.602079,200,1747.677854
-121.62471,200,1748.337465
-120.608627,200,1749.000573
-2.207049,200,1749.659918
-234.324502,200,1750.334989
-219.695232,200,1751.115364
-0.312862,200,1751.782495
-126.886473,200,1752.448908
-120.588804,200,1753.334537
-126.507592,200,1754.0006
-228.000066,200,1754.665293
-126.46258,200,1755.347909
-114.283865,200,1756.016779
-127.035455,200,1756.679341
-244.35739,200,1757.337692
-228.921469,200,1758.110297
-0.414593,200,1758.775548
-114.843886,200,1759.433588
-125.960862,200,1760.155361
-220.345934,200,1760.93176
-119.199432,200,1761.596415
-117.116544,200,1762.38243
-118.104809,200,1763.12055
-119.043468,200,1763.784334
-123.003167,200,1764.444228
-126.828029,200,1765.230154
-126.670955,200,1765.898607
-121.974489,200,1766.56123
-118.25682,200,1767.374489
-123.519027,200,1768.036172
-1.557503,200,1768.69566
-0.953394,200,1769.355867
-284.181768,200,1770.028455
-279.369818,200,1770.694778
-220.584642,200,1771.354753
-220.802111,200,1772.127225
-121.10483,200,1772.79275
-118.100959,200,1773.451748
-0.518412,200,1774.187901
-113.931066,200,1774.976321
-230.996124,200,1775.677641
-228.888911,200,1776.337779
-218.985418,200,1777.000439
-118.503757,200,1777.661023
-114.891526,200,1778.320248
-126.990546,200,1779.093932
-1.371393,200,1779.759434
-126.51597,200,1780.432627
-223.734538,200,1781.192145
-115.225108,200,1781.954646
-121.346575,200,1782.614394
-116.058586,200,1783.274138
-0.630937,200,1783.936794
-122.962623,200,1784.595721
-129.027616,200,1785.267
-127.105092,200,1786.05063
-237.115415,200,1786.716039
-225.029379,200,1787.37736
-220.319262,200,1788.086171
-124.943758,200,1788.861966
-0.725439,200,1789.527148
-0.714587,200,1790.206143
-244.309572,200,1790.877676
-219.986375,200,1791.539722
-123.93328,200,1792.204863
-125.835721,200,1792.979608
-127.605624,200,1793.64637
-225.230508,200,1794.379171
-227.820011,200,1795.039913
-119.336366,200,1795.717765
-218.232454,200,1796.551504
-236.585516,200,1797.245609
-1.812338,200,1797.911029
-118.953879,200,1798.75497
-122.957601,200,1799.418692
-127.255686,200,1800.189086
-124.128056,200,1800.871329
-241.890911,200,1801.580111
-123.075297,200,1802.367214
-221.467835,200,1803.026654
-123.129156,200,1803.686303
-5.850948,200,1804.345096
-119.626712,200,1805.007218
-228.491933,200,1805.709786
-128.306319,200,1806.372614
-124.030155,200,1807.143389
-125.809903,200,1807.80917
-118.158917,200,1808.471773
-126.293951,200,1809.333241
-0.163759,200,1809.995643
-124.109205,200,1810.670357
-114.144324,200,1811.33257
-232.380246,200,1811.991623
-126.072201,200,1812.655514
-121.028497,200,1813.314971
-125.611647,200,1814.088065
-116.470624,200,1814.753914
-220.002724,200,1815.421242
-0.332952,200,1816.094334
-221.946473,200,1816.894589
-123.789184,200,1817.611415
-223.9428,200,1818.270487
-117.444962,200,1818.930797
-120.21473,200,1819.593395
-1194.114906,200,1820.252556
-117.231681,200,1821.048969
-231.997989,200,1821.715617
-118.826738,200,1822.375937
-305.957494,200,1823.071576
-227.940912,200,1823.863661
-118.699704,200,1824.530788
-221.872812,200,1825.196443
-116.366322,200,1825.874885
-222.042716,200,1826.541253
-1.209532,200,1827.205792
-0.855223,200,1827.984225
-1.249962,200,1828.655737
-246.977768,200,1829.318702
-2.704578,200,1830.055636
-225.708589,200,1830.849873
-220.401948,200,1831.526021
-236.600382,200,1832.217577
-314.172865,200,1833.059336
-126.919447,200,1833.758899
-315.924852,200,1834.435573
-227.549981,200,1835.252854
-233.80364,200,1835.979966
-117.07429,200,1836.846364
-116.33111,200,1837.511758
-123.232109,200,1838.177106
-125.335905,200,1838.837059
-2.080158,200,1839.495641
-123.640645,200,1840.157758
-124.755241,200,1840.830253
-222.031359,200,1841.495095
-0.54387,200,1842.268225
-220.570566,200,1842.935993
-126.135222,200,1843.599675
-118.847968,200,1844.404337
-113.585817,200,1845.111563
-128.212581,200,1845.782297
-118.244505,200,1846.450348
-120.634273,200,1847.115897
-216.208435,200,1847.77641
-224.103677,200,1848.435925
-119.301223,200,1849.207488
-225.01709,200,1849.873626
-118.72972,200,1850.538188
-3.090843,200,1851.334821
-122.406003,200,1852.062632
-8.496807,200,1852.72334
-274.890586,200,1853.392705
-124.285067,200,1854.065991
-124.191509,200,1854.729502
-125.125617,200,1855.389657
-127.556641,200,1856.265872
-239.167343,200,1856.940605
-124.916642,200,1857.705362
-129.899077,200,1858.432103
-132.361618,200,1859.097109
-222.126841,200,1859.76451
-124.63138,200,1860.430007
-127.821355,200,1861.114063
-231.336158,200,1861.786901
-227.797243,200,1862.447277
-121.362889,200,1863.221369
-2.233073,200,1863.887501
-126.218671,200,1864.553005
-319.85465,200,1865.221652
-120.122911,200,1866.084885
-124.650488,200,1866.753786
-127.643255,200,1867.573581
-117.362223,200,1868.285453
-124.072598,200,1868.945992
-117.179275,200,1869.605834
-126.046859,200,1870.381933
-121.155995,200,1871.059754
-282.492746,200,1871.725095
-131.486532,200,1872.480931
-215.730331,200,1873.21402
-124.287787,200,1873.875611
-230.444971,200,1874.537259
-115.255484,200,1875.197651
-245.19385,200,1875.861585
-126.398461,200,1876.537291
-117.236555,200,1877.312613
-225.933592,200,1877.980399
-1.329569,200,1878.640244
-229.71434,200,1879.305983
-120.699072,200,1880.160102
-127.364501,200,1880.831505
-118.76281,200,1881.506245
-123.033038,200,1882.172437
-227.061162,200,1882.832529
-2.904954,200,1883.492272
-124.84368,200,1884.26536
-121.801065,200,1884.932138
-125.88595,200,1885.594592
-224.022785,200,1886.465997
-123.714452,200,1887.16528
-115.469887,200,1887.826286
-126.864886,200,1888.486491
-218.118725,200,1889.146289
-290.157008,200,1889.809906
-127.165494,200,1890.469318
-124.526552,200,1891.267978
-217.156255,200,1891.944248
-116.87061,200,1892.608036
-119.727024,200,1893.293161
-116.442468,200,1894.142
-0.947456,200,1894.810441
-218.103718,200,1895.47822
-226.127766,200,1896.145151
-0.949471,200,1896.824783
-219.298475,200,1897.490178
-120.58759,200,1898.270731
-384.291342,200,1898.945689
-128.792863,200,1899.612697
-273.798993,200,1900.277955
-247.459135,200,1901.098586
-3.974985,200,1901.808679
-116.130415,200,1902.472162
-283.52262,200,1903.254827
-125.093675,200,1903.967444
-223.006486,200,1904.628873
-114.953424,200,1905.404463
-118.625685,200,1906.102914
-116.510293,200,1906.779099
-277.768361,200,1907.457418
-299.531531,200,1908.309931
-128.122737,200,1908.97124
-130.811119,200,1909.632244
-128.81649,200,1910.292911
-224.578294,200,1910.957267
-120.785193,200,1911.631375
-113.832354,200,1912.406784
-121.681425,200,1913.073371
-3.294464,200,1913.734264
-120.259742,200,1914.432156
-230.54608,200,1915.214486
-117.912814,200,1916.059328
-128.201824,200,1916.748599
-3.823328,200,1917.416508
-226.435233,200,1918.084369
-120.346564,200,1918.777824
-220.894635,200,1919.552935
-117.469463,200,1920.223631
-124.927686,200,1920.886888
-232.57518,200,1921.745933
-118.462082,200,1922.427175
-118.203656,200,1923.086817
-1.087582,200,1923.747963
-120.781378,200,1924.407063
-124.980433,200,1925.069849
-233.807547,200,1925.730328
-294.073539,200,1926.56021
-0.102616,200,1927.248976
-112.9907,200,1927.912761
-115.84663,200,1928.676835
-220.76154,200,1929.474194
-117.798944,200,1930.141844
-221.252713,200,1930.808076
-225.719582,200,1931.473597
-221.78406,200,1932.182683
-114.846581,200,1932.847867
-228.809881,200,1933.626118
-127.439399,200,1934.298605
-306.821848,200,1934.969136
-128.63257,200,1935.753291
-114.586092,200,1936.475635
-0.175875,200,1937.152189
-119.996672,200,1937.817219
-310.322895,200,1938.638239
-230.194131,200,1939.302456
-118.572415,200,1939.963462
-123.009692,200,1940.737235
-122.917156,200,1941.402991
-231.101047,200,1942.079372
-122.31547,200,1942.824567
-235.044867,200,1943.604635
-119.163588,200,1944.265316
-117.374211,200,1944.925805
-120.808193,200,1945.592227
-3.156872,200,1946.252377
-116.97963,200,1946.925178
-223.288834,200,1947.699938
-129.237385,200,1948.366637
-234.260684,200,1949.028062
-219.02867,200,1949.792547
-122.058287,200,1950.507626
-120.525007,200,1951.168211
-2.513079,200,1951.841992
-118.452698,200,1952.506888
-0.404749,200,1953.170626
-0.818079,200,1953.831583
-119.956381,200,1954.602453
-228.427915,200,1955.26884
-115.087147,200,1955.928744
-122.433693,200,1956.58891
-126.084379,200,1957.404166
-310.285506,200,1958.119138
-0.469493,200,1958.779448
-246.599473,200,1959.440046
-229.894169,200,1960.10318
-223.270466,200,1960.763306
-1.230366,200,1961.575376
-1.446421,200,1962.263529
-273.777887,200,1962.928705
-222.874868,200,1963.600786
-271.478221,200,1964.375168
-214.795522,200,1965.143774
-125.453424,200,1965.810693
-124.343156,200,1966.482917
-2.905456,200,1967.163361
-127.496632,200,1967.827615
-2.910358,200,1968.601393
-119.389559,200,1969.269938
-298.822793,200,1969.935961
-219.663726,200,1970.74125
-0.051062,200,1971.410135
-222.432568,200,1972.084608
-222.145421,200,1972.836284
-232.390682,200,1973.656963
-225.878331,200,1974.320386
-115.982147,200,1974.983045
-125.29704,200,1975.758889
-229.525156,200,1976.430235
-125.792379,200,1977.105101
-311.175064,200,1977.773986
-246.404331,200,1978.437171
-286.46513,200,1979.100363
-118.052515,200,1979.766989
-118.117627,200,1980.571188
-118.413141,200,1981.289095
-261.569117,200,1981.952992
-120.886695,200,1982.740228
-120.377908,200,1983.413953
-314.676997,200,1984.077531
-223.551245,200,1984.741477
-0.201308,200,1985.402848
-2.374646,200,1986.064209
-128.081721,200,1986.754721
-224.854614,200,1987.591057
-126.971959,200,1988.254328
-275.080673,200,1988.916136
-120.040869,200,1989.689439
-0.204202,200,1990.360023
-225.549488,200,1991.020842
-126.769361,200,1991.682002
-127.866455,200,1992.357854
-125.26103,200,1993.022666
-122.18988,200,1993.764976
-118.876658,200,1994.55341
-219.194162,200,1995.214832
-0.131538,200,1995.876342
-1.187719,200,1996.660429
-118.628104,200,1997.34391
-299.504154,200,1998.014915
-1.264621,200,1998.676948
-114.62428,200,1999.340466
-0.212835,200,2000.004685
-0.915534,200,2000.671124
-118.279705,200,2001.336277
-120.29994,200,2002.000535
-231.297066,200,2002.681362
-243.425466,200,2003.461066
-0.404163,200,2004.132812
-125.003686,200,2004.800263
-125.156043,200,2005.469377
-124.725636,200,2006.331243
-120.915589,200,2006.992354
-130.92527,200,2007.667571
-0.647753,200,2008.368324
-129.177082,200,2009.146762
-330.266052,200,2009.807998
-0.2345,200,2010.580279
-125.467951,200,2011.246795
-215.792404,200,2011.973354
-219.733823,200,2012.782256
-218.761703,200,2013.445057
-117.671142,200,2014.105679
-126.724996,200,2014.764597
-2.452299,200,2015.423459
-226.425839,200,2016.086096
-114.623552,200,2016.745949
-216.472331,200,2017.557153
-125.081748,200,2018.228249
-243.541589,200,2018.8881
-118.802249,200,2019.552058
-251.591341,200,2020.365083
-291.412814,200,2021.027964
-125.870966,200,2021.688443
-229.826523,200,2022.360912
-118.500785,200,2023.031006
-311.05394,200,2023.690921
-119.633774,200,2024.464469
-115.43243,200,2025.130755
-2.952861,200,2025.791197
-233.367195,200,2026.453994
-124.187615,200,2027.305889
-125.802599,200,2027.98922
-116.979389,200,2028.649519
-124.62583,200,2029.313416
-228.164359,200,2029.974056
-124.054165,200,2030.633767
-117.354023,200,2031.417005
-115.658313,200,2032.091819
-124.824453,200,2032.786193
-118.32842,200,2033.636037
-114.906939,200,2034.304422
-119.12103,200,2035.042504
-0.367302,200,2035.708232
-115.820111,200,2036.374389
-122.328346,200,2037.039522
-305.597874,200,2037.714841
-127.221229,200,2038.49596
-0.160949,200,2039.1625
-118.498431,200,2039.825068
-223.673661,200,2040.626769
-217.891486,200,2041.340333
-124.390057,200,2042.003284
-131.714667,200,2042.84176
-115.485376,200,2043.50507
-124.321204,200,2044.168294
-120.438183,200,2044.828535
-125.138365,200,2045.627401
-117.524785,200,2046.293513
-130.761425,200,2046.953579
-231.851818,200,2047.625781
-221.84651,200,2048.440295
-124.355654,200,2049.155966
-118.76694,200,2049.816514
-304.27785,200,2050.480543
-240.506051,200,2051.140645
-0.222899,200,2051.799209
-310.654211,200,2052.571809
-227.246469,200,2053.249235
-1.122752,200,2053.914285
-118.769781,200,2054.611995
-216.84476,200,2055.4026
-219.735179,200,2056.063529
-116.779492,200,2056.7231
-118.40567,200,2057.382004
-232.335913,200,2058.046014
-118.899485,200,2058.721227
-124.221849,200,2059.49465
-231.943293,200,2060.159554
-119.21908,200,2060.819357
-118.67865,200,2061.481594
-2.797182,200,2062.335507
-2.11078,200,2062.997781
-117.684558,200,2063.672352
-117.28568,200,2064.337406
-122.863978,200,2064.998049
-122.292082,200,2065.657903
-120.103683,200,2066.440529
-0.53478,200,2067.111106
-232.568205,200,2067.774001
-1.883168,200,2068.479237
-119.010852,200,2069.30695
-122.423201,200,2069.972429
-122.340488,200,2070.640008
-279.911663,200,2071.305057
-126.640593,200,2071.975872
-219.304925,200,2072.640854
-118.406885,200,2073.426767
-0.324752,200,2074.102761
-230.013092,200,2074.767837
-119.833473,200,2075.518103
-227.775225,200,2076.291573
-114.783715,200,2076.952941
-218.743804,200,2077.613615
-119.091021,200,2078.29968
-294.05448,200,2079.156234
-126.292459,200,2079.820141
-126.520501,200,2080.593552
-127.840323,200,2081.260016
-115.445124,200,2081.919848
-227.662243,200,2082.585714
-127.439901,200,2083.414564
-215.922698,200,2084.082474
-117.944527,200,2084.741426
-123.533686,200,2085.405519
-224.298923,200,2086.065877
-226.114555,200,2086.724887
-114.16363,200,2087.496199
-125.776694,200,2088.162144
-117.380397,200,2088.834721
-128.562916,200,2089.594113
-123.459622,200,2090.365089
-128.605974,200,2091.024938
-116.961851,200,2091.688506
-114.353121,200,2092.352389
-114.064224,200,2093.012061
-225.313486,200,2093.684702
-1.074351,200,2094.459205
-226.84713,200,2095.125502
-219.054728,200,2095.788845
-118.276656,200,2096.58939
-116.734277,200,2097.2705
-125.823049,200,2097.930125
-114.968554,200,2098.626848
-119.091417,200,2099.291305
-118.634889,200,2099.953356
-119.225437,200,2100.612065
-122.809938,200,2101.395074
-219.432055,200,2102.067737
-219.162014,200,2102.729133
-125.663788,200,2103.399393
-233.859961,200,2104.266033
-221.827206,200,2104.975187
-275.191244,200,2105.641953
-128.639884,200,2106.309978
-237.131249,200,2106.975924
-272.530294,200,2107.639166
-122.24184,200,2108.419569
-119.398337,200,2109.103183
-249.380746,200,2109.763657
-300.203384,200,2110.4231
-119.829584,200,2111.087914
-1.185643,200,2111.951933
-116.981641,200,2112.617894
-114.767875,200,2113.318924
-288.9317,200,2114.11746
-224.260007,200,2114.781476
-120.742784,200,2115.553379
-122.365557,200,2116.224794
-230.560157,200,2117.082056
-115.63353,200,2117.743185
-125.729201,200,2118.403846
-117.646862,200,2119.080428
-126.178275,200,2119.745541
-122.816882,200,2120.406654
-0.6666,200,2121.067205
-216.32857,200,2121.726614
-2.030024,200,2122.498536
-126.762049,200,2123.165474
-120.677174,200,2123.873389
-219.265561,200,2124.660218
-1.457945,200,2125.321051
-122.956615,200,2125.981303
-128.047332,200,2126.641091
-119.988313,200,2127.304914
-233.462364,200,2127.96565
-116.692324,200,2128.625195
-117.470061,200,2129.435326
-123.660694,200,2130.102291
-220.890696,200,2130.76244
-217.01078,200,2131.446791
-120.877131,200,2132.281759
-117.754967,200,2132.942438
-311.43763,200,2133.603071
-4.241856,200,2134.280506
-219.839669,200,2134.943027
-127.592942,200,2135.602441
-115.998258,200,2136.410439
-123.847677,200,2137.081566
-127.862279,200,2137.746002
-228.55062,200,2138.50534
-226.899773,200,2139.2955
-121.581087,200,2139.964907
-234.675901,200,2140.630119
-119.885433,200,2141.295198
-116.121762,200,2141.960597
-126.620547,200,2142.631747
-127.671016,200,2143.43396
-120.212677,200,2144.117641
-220.250083,200,2144.785026
-243.111316,200,2145.466027
-117.828046,200,2146.263878
-116.727726,200,2146.924932
-117.427816,200,2147.681191
-119.612146,200,2148.458064
-123.462236,200,2149.131765
-306.547575,200,2149.796712
-118.967043,200,2150.568924
-5.047777,200,2151.234653
-120.539464,200,2151.933955
-128.96226,200,2152.719137
-219.541718,200,2153.379495
-120.358487,200,2154.048598
-120.907158,200,2154.714671
-124.688903,200,2155.373562
-119.11592,200,2156.036508
-0.098383,200,2156.695833
-117.030941,200,2157.468091
-129.928824,200,2158.135682
-1.100742,200,2158.795072
-117.051283,200,2159.499051
-119.522135,200,2160.357654
-118.71243,200,2161.019218
-116.230744,200,2161.69937
-234.595714,200,2162.363744
-126.981308,200,2163.024384
-121.031782,200,2163.684688
-2.708796,200,2164.472086
-224.55644,200,2165.141028
-292.647827,200,2165.800119
-118.071986,200,2166.468066
-116.668852,200,2167.321873
-120.383327,200,2167.983016
-306.968561,200,2168.643349
-126.504525,200,2169.315707
-233.609241,200,2169.982623
-120.259799,200,2170.642513
-127.854823,200,2171.425812
-127.040974,200,2172.09684
-321.206219,200,2172.759869
-127.122954,200,2173.43083
-122.013991,200,2174.25928
-117.129059,200,2174.928734
-128.941625,200,2175.595154
-126.500893,200,2176.262218
-118.357781,200,2176.929967
-224.224293,200,2177.595397
-119.920752,200,2178.372855
-119.099343,200,2179.045023
-121.476547,200,2179.763261
-116.758801,200,2180.429046
-225.688051,200,2181.199015
-124.836436,200,2181.959796
-260.031976,200,2182.620599
-123.710547,200,2183.321669
-119.077943,200,2184.1159
-312.665057,200,2184.793255
-239.117611,200,2185.566082
-120.656372,200,2186.233195
-118.47123,200,2186.937236
-122.582306,200,2187.780839
-115.699842,200,2188.443171
-120.889821,200,2189.104715
-2.170181,200,2189.783979
-222.868169,200,2190.447872
-128.391954,200,2191.109166
-114.631094,200,2191.769934
-116.237179,200,2192.54302
-125.207589,200,2193.210833
-119.423186,200,2193.969122
-115.893058,200,2194.712064
-217.6373,200,2195.374639
-226.288561,200,2196.035077
-117.300143,200,2196.693964
-241.604515,200,2197.356918
-224.00698,200,2198.017007
-117.476696,200,2198.677042
-117.401688,200,2199.4592
-120.985786,200,2200.131683
-127.839311,200,2200.795498
-225.18015,200,2201.613276
-223.781063,200,2202.31533
-2.625049,200,2202.975593
-123.608724,200,2203.636123
-1.53154,200,2204.299402
-235.901201,200,2204.97521
-120.043038,200,2205.636133
-223.026431,200,2206.459621
-220.745586,200,2207.131115
-120.06815,200,2207.802315
-3.906287,200,2208.667959
-119.467033,200,2209.331816
-220.818132,200,2210.012469
-118.828507,200,2210.676173
-224.677851,200,2211.340278
-125.736179,200,2212.006473
-303.00128,200,2212.670846
-123.050925,200,2213.449515
-232.336906,200,2214.120966
-228.514329,200,2214.797013
-125.220704,200,2215.536861
-117.187126,200,2216.325691
-130.855992,200,2216.987274
-236.126652,200,2217.651752
-221.715771,200,2218.477948
-223.601345,200,2219.208707
-118.109386,200,2219.884225
-125.792838,200,2220.659116
-121.889676,200,2221.329103
-269.797638,200,2222.144298
-127.6589,200,2222.806412
-130.106064,200,2223.466545
-125.091091,200,2224.126935
-124.741606,200,2224.7976
-237.787722,200,2225.464629
-116.058484,200,2226.124457
-293.016729,200,2226.78304
-118.863256,200,2227.555248
-0.1258,200,2228.220769
-128.668575,200,2228.88466
-224.668541,200,2229.745424
-117.986111,200,2230.445309
-217.129955,200,2231.110326
-224.803104,200,2231.770817
-115.578745,200,2232.434695
-298.947751,200,2233.095186
-222.926516,200,2233.753669
-116.72868,200,2234.527436
-232.978435,200,2235.23348
-120.349626,200,2235.895769
-120.367612,200,2236.560112
-228.406096,200,2237.384639
-119.951549,200,2238.047548
-125.836208,200,2238.710051
-118.686726,200,2239.372439
-271.87545,200,2240.047975
-128.755613,200,2240.710509
-229.856894,200,2241.494275
-119.793035,200,2242.167223
-1.391785,200,2242.839265
-121.283971,200,2243.698958
-216.514237,200,2244.36456
-123.02499,200,2245.044402
-4.780066,200,2245.71555
-228.925602,200,2246.380421
-267.973572,200,2247.045292
-254.156042,200,2247.711416
-6.414859,200,2248.488932
-128.384636,200,2249.153934
-3.781765,200,2249.815163
-241.40853,200,2250.487968
-5.765297,200,2251.23477
-320.653668,200,2251.999198
-120.090965,200,2252.664973
-128.822385,200,2253.454378
-129.410433,200,2254.146945
-222.548068,200,2254.808087
-223.675218,200,2255.593393
-220.452604,200,2256.259254
-125.976171,200,2256.918231
-231.651753,200,2257.653413
-121.144032,200,2258.446515
-126.450937,200,2259.105722
-116.358937,200,2259.76795
-118.307953,200,2260.468873
-124.669027,200,2261.130479
-124.501007,200,2261.79126
-118.572854,200,2262.563301
-118.180471,200,2263.228189
-120.551807,200,2263.92009
-230.28424,200,2264.707564
-215.225597,200,2265.383174
-0.413108,200,2266.045429
-0.251556,200,2266.704547
-126.027749,200,2267.367901
-224.718288,200,2268.028754
-253.810479,200,2268.688001
-116.99854,200,2269.460671
-313.257603,200,2270.135248
-119.462869,200,2270.801374
-118.754935,200,2271.465146
-122.170194,200,2272.318
-116.318701,200,2272.978113
-280.907278,200,2273.650688
-123.050607,200,2274.318797
-119.414026,200,2274.980801
-114.697881,200,2275.660222
-116.503619,200,2276.447548
-2.590864,200,2277.118289
-119.309871,200,2277.778827
-310.526029,200,2278.451683
-0.331975,200,2279.299323
-127.382334,200,2279.981457
-128.273412,200,2280.664553
-2.466403,200,2281.331615
-118.135359,200,2281.997534
-121.208948,200,2282.663172
-233.60303,200,2283.4422
-224.938759,200,2284.113901
-0.591178,200,2284.772125
-117.712635,200,2285.447039
-317.611281,200,2286.276635
-232.724279,200,2286.969158
-1.357682,200,2287.630334
-116.717235,200,2288.393683
-125.604003,200,2289.180474
-128.132857,200,2289.843917
-2.993443,200,2290.632615
-123.179339,200,2291.301061
-233.007544,200,2291.963701
-128.813644,200,2292.807398
-236.696736,200,2293.511047
-128.851582,200,2294.169985
-642.288073,200,2294.829664
-10.646019,200,2295.504374
-122.894478,200,2296.169496
-10.532123,200,2296.829535
-122.878957,200,2297.60278
-12.146775,200,2298.268766
-131.650644,200,2298.931562
-11.485509,200,2299.752625
-126.011367,200,2300.423315
-124.012494,200,2301.089084
-10.037686,200,2301.749504
-126.151854,200,2302.412444
-244.540497,200,2303.07348
-238.469556,200,2303.735342
-130.46745,200,2304.510712
-129.947989,200,2305.175849
-131.125132,200,2305.85179
-125.457882,200,2306.534125
-237.835092,200,2307.380259
-118.697558,200,2308.041676
-5.77322,200,2308.702283
-229.764077,200,2309.365517
-242.080044,200,2310.029983
-131.089732,200,2310.704112
-232.258263,200,2311.493651
-126.226621,200,2312.166294
-130.111836,200,2312.829194
-122.252266,200,2313.498948
-130.48129,200,2314.306077
-122.760715,200,2315.035426
-221.668597,200,2315.742367
-223.129218,200,2316.411661
-121.927576,200,2317.076743
-128.725502,200,2317.744126
-132.92629,200,2318.523683
-124.363494,200,2319.195464
-128.546324,200,2319.862054
-129.552818,200,2320.523846
-4.619077,200,2321.244738
-251.219356,200,2322.02202
-118.497814,200,2322.684546
-119.09188,200,2323.350766
-317.239776,200,2324.202415
-123.504414,200,2324.897912
-122.027575,200,2325.680351
-119.548295,200,2326.355766
-278.456828,200,2327.086509
-118.103831,200,2327.871294
-223.500844,200,2328.532064
-221.648305,200,2329.19196
-127.613362,200,2329.85268
-126.129457,200,2330.51637
-121.622319,200,2331.191361
-115.760264,200,2331.853062
-120.029006,200,2332.625864
-116.193946,200,2333.291658
-118.342645,200,2333.958632
-119.17626,200,2334.625345
-125.755777,200,2335.478535
-122.643104,200,2336.155086
-231.693341,200,2336.818318
-118.985222,200,2337.484119
-119.335747,200,2338.14518
-122.810593,200,2338.805297
-130.07879,200,2339.577816
-120.27617,200,2340.243857
-127.448698,200,2340.91477
-129.537029,200,2341.711214
-220.411033,200,2342.524945
-313.965808,200,2343.186101
-120.5692,200,2343.847527
-116.275422,200,2344.51135
-223.596056,200,2345.170838
-116.015476,200,2345.835897
-128.480041,200,2346.652113
-215.441339,200,2347.324042
-126.751813,200,2347.988025
-0.416334,200,2348.751195
-131.927839,200,2349.525455
-0.299216,200,2350.190128
-4.453594,200,2350.860563
-121.09225,200,2351.542412
-128.164884,200,2352.205903
-116.531092,200,2352.871731
-219.753032,200,2353.650963
-222.128398,200,2354.322696
-118.544828,200,2354.985294
-124.830207,200,2355.70782
-1.315597,200,2356.497193
-125.901819,200,2357.158692
-120.300016,200,2357.821909
-125.964565,200,2358.619622
-124.739541,200,2359.367068
-117.160184,200,2360.02782
-1.435598,200,2360.802514
-127.335402,200,2361.48246
-118.234414,200,2362.143788
-118.976129,200,2362.844896
-127.786195,200,2363.627549
-221.734455,200,2364.288325
-0.752638,200,2364.948515
-118.945471,200,2365.608422
-301.71396,200,2366.284862
-120.07317,200,2366.950316
-113.785639,200,2367.723717
-126.548061,200,2368.389839
-124.065745,200,2369.049923
-126.684838,200,2369.712418
-118.699741,200,2370.544053
-229.06371,200,2371.278497
-216.992659,200,2371.943689
-127.950364,200,2372.607756
-120.794016,200,2373.267092
-118.507762,200,2373.926726
-116.352201,200,2374.699564
-119.600311,200,2375.368017
-4.14272,200,2376.027043
-300.930346,200,2376.738551
-217.057638,200,2377.575741
-115.495293,200,2378.2359
-219.433497,200,2378.895748
-118.610332,200,2379.559559
-124.629554,200,2380.219091
-307.552773,200,2380.879258
-223.336205,200,2381.678611
-231.546209,200,2382.349142
-117.196883,200,2383.014239
-295.474247,200,2383.82999
-116.216892,200,2384.531664
-128.810926,200,2385.198689
-3.373662,200,2385.865199
-118.269344,200,2386.546066
-118.671722,200,2387.215669
-123.441712,200,2387.881865
-1.082003,200,2388.662615
-117.76789,200,2389.335655
-124.152037,200,2389.998564
-115.2609,200,2390.691832
-114.32318,200,2391.615193
-220.458412,200,2392.279038
-1.655031,200,2392.943584
-0.955046,200,2393.803379
-124.002881,200,2394.468903
-229.164637,200,2395.12974
-117.706145,200,2395.901068
-1.137825,200,2396.578369
-118.936691,200,2397.351779
-117.890414,200,2398.077356
-230.687789,200,2398.736952
-115.058046,200,2399.396925
-126.46229,200,2400.055373
-232.646817,200,2400.718585
-229.930357,200,2401.38516
-124.910152,200,2402.081156
-118.508406,200,2402.85403
-117.394194,200,2403.519866
-256.870467,200,2404.18408
-120.134599,200,2405.05201
-114.408743,200,2405.713699
-120.22909,200,2406.373568
-2.201172,200,2407.050265
-118.465274,200,2407.713762
-120.312302,200,2408.373246
-119.864882,200,2409.03228
-228.068891,200,2409.80284
-120.856136,200,2410.468654
-2.261981,200,2411.131185
-119.408295,200,2411.989548
-222.629758,200,2412.669146
-125.732504,200,2413.328733
-127.714304,200,2413.989373
-117.47148,200,2414.648701
-124.558063,200,2415.31201
-123.790558,200,2415.971641
-1.835179,200,2416.76655
-118.249433,200,2417.437159
-117.809713,200,2418.098833
-128.496832,200,2418.787075
-219.66282,200,2419.602353
-126.099981,200,2420.268607
-124.221886,200,2420.936056
-115.91249,200,2421.610664
-115.814944,200,2422.282268
-0.896073,200,2422.948634
-118.765394,200,2423.725399
-116.754519,200,2424.396705
-2.054802,200,2425.059809
-224.141138,200,2425.730563
-218.161779,200,2426.59329
-224.185658,200,2427.269016
-114.930438,200,2427.929629
-116.687621,200,2428.608952
-117.795785,200,2429.4494
-234.096322,200,2430.111291
-217.825789,200,2430.909081
-228.308707,200,2431.574854
-113.667967,200,2432.260066
-235.647736,200,2433.075028
-117.086785,200,2433.734627
-116.257227,200,2434.394198
-217.530523,200,2435.05354
-315.965777,200,2435.714977
-126.17992,200,2436.373412
-120.887492,200,2437.046208
-225.840104,200,2437.819226
-115.989574,200,2438.486141
-0.443819,200,2439.145195
-116.877724,200,2439.880674
-118.979715,200,2440.674706
-228.228678,200,2441.3353
-123.148852,200,2442.007899
-116.885502,200,2442.675892
-0.303272,200,2443.336903
-235.166028,200,2443.995741
-125.148463,200,2444.765063
-122.203514,200,2445.431263
-227.036168,200,2446.095801
-117.985229,200,2446.993145
-125.955001,200,2447.663475
-123.226463,200,2448.322535
-127.60005,200,2448.986522
-117.307815,200,2449.646264
-292.734225,200,2450.305598
-118.61346,200,2450.964097
-1059.587313,200,2451.746501
-219.66961,200,2452.430005
-114.857847,200,2453.100245
-127.932489,200,2453.919811
-128.210795,200,2454.585839
-223.894405,200,2455.251657
-227.095815,200,2455.917893
-120.39642,200,2456.584954
-120.506057,200,2457.262978
-122.504433,200,2457.931502
-117.850547,200,2458.710087
-3.080604,200,2459.380102
-119.250933,200,2460.046737
-231.19789,200,2460.725814
-127.3295,200,2461.595333
-125.525,200,2462.269848
-224.165843,200,2462.933986
-116.37094,200,2463.625582
-116.682633,200,2464.424872
-116.654533,200,2465.08742
-114.994601,200,2465.861172
-219.709258,200,2466.526434
-118.126311,200,2467.203061
-0.737382,200,2468.048885
-127.399727,200,2468.724828
-117.689591,200,2469.384324
-117.306908,200,2470.04381
-217.898129,200,2470.706664
-126.899372,200,2471.36694
-115.541652,200,2472.02723
-120.237751,200,2472.81098
-3.204183,200,2473.477768
-125.9559,200,2474.143016
-129.065626,200,2474.961555
-262.287678,200,2475.622418
-122.799475,200,2476.280605
-222.029733,200,2476.941527
-311.905521,200,2477.620211
-126.934893,200,2478.281805
-1.354138,200,2478.940259
-116.00769,200,2479.70888
-300.454011,200,2480.372504
-126.826498,200,2481.03493
-113.991004,200,2481.888635
-121.096136,200,2482.564127
-226.722866,200,2483.226456
-223.531033,200,2483.886103
-125.376826,200,2484.548627
-222.062336,200,2485.207471
-118.813381,200,2485.866119
-290.02595,200,2486.65109
-121.493668,200,2487.354622
-227.670099,200,2488.028459
-114.898902,200,2488.850614
-114.28673,200,2489.566275
-119.104995,200,2490.231953
-2.44702,200,2490.898498
-241.823298,200,2491.564066
-127.922719,200,2492.230118
-230.494297,200,2492.911911
-123.959149,200,2493.690759
-267.091641,200,2494.361371
-232.402974,200,2495.020859
-225.273619,200,2495.691988
-115.290326,200,2496.547868
-126.321514,200,2497.207675
-125.011777,200,2497.893717
-219.512112,200,2498.716388
-120.181842,200,2499.378379
-120.379764,200,2500.038051
-116.646489,200,2500.813175
-131.533996,200,2501.478602
-223.245503,200,2502.140426
-221.389348,200,2502.909324
-237.984264,200,2503.673272
-114.779029,200,2504.333828
-217.028985,200,2504.99525
-123.292741,200,2505.659067
-222.824069,200,2506.327776
-124.814933,200,2506.98577
-114.710532,200,2507.804131
-118.404514,200,2508.475227
-242.211732,200,2509.164932
-310.650163,200,2509.888064
-257.867955,200,2510.672608
-228.684334,200,2511.339285
-287.859007,200,2512.000675
-122.881716,200,2512.715599
-125.364225,200,2513.384504
-2.072959,200,2514.061674
-123.758218,200,2514.973144
-120.99362,200,2515.751877
-1.40335,200,2516.589128
-1.817638,200,2517.388489
-1.194545,200,2518.05996
-118.729571,200,2518.721528
-119.660411,200,2519.381217
-292.688654,200,2520.043953
-239.722971,200,2520.705153
-118.830593,200,2521.364616
-125.801909,200,2522.148683
-118.525501,200,2522.832656
-117.099975,200,2523.502523
-124.255224,200,2524.285825
-116.435345,200,2525.019109
-1.129674,200,2525.686897
-114.440556,200,2526.351461
-114.493432,200,2527.017979
-310.561009,200,2527.694239
-322.424057,200,2528.361351
-218.292857,200,2529.134247
-232.056905,200,2529.799011
-118.180924,200,2530.458712
-119.051626,200,2531.217199
-224.339776,200,2531.97914
-0.279292,200,2532.652355
-124.27764,200,2533.592385
-118.570644,200,2534.2543
-116.950921,200,2534.914988
-113.989254,200,2535.575517
-124.44663,200,2536.346736
-114.224489,200,2537.012646
-118.331703,200,2537.676284
-116.485686,200,2538.571061
-223.566314,200,2539.233386
-0.562233,200,2539.893623
-237.460446,200,2540.554423
-2.452806,200,2541.217295
-1.607957,200,2541.877547
-218.381487,200,2542.537181
-220.719307,200,2543.323908
-129.839732,200,2543.99209
-230.074965,200,2544.651608
-1.684816,200,2545.351583
-225.858064,200,2546.185481
-128.160997,200,2546.845709
-2.415107,200,2547.505826
-4.830025,200,2548.182157
-127.048341,200,2548.843815
-226.736162,200,2549.503309
-2.674908,200,2550.276836
-217.201778,200,2550.942231
-216.509341,200,2551.601305
-232.805967,200,2552.315161
-0.742683,200,2553.095404
-118.992566,200,2553.759133
-114.562394,200,2554.418053
-131.685801,200,2555.080166
-117.41345,200,2555.739509
-116.660804,200,2556.397445
-289.82102,200,2557.183834
-116.9482,200,2557.85568
-118.338677,200,2558.56299
-296.876344,200,2559.323217
-0.216511,200,2560.126167
-124.76312,200,2560.794309
-222.883665,200,2561.465974
-220.722674,200,2562.137124
-124.594863,200,2562.799372
-218.291131,200,2563.475485
-117.323739,200,2564.249747
-116.97982,200,2564.919777
-124.455765,200,2565.713565
-233.37838,200,2566.401595
-119.791743,200,2567.070772
-0.068326,200,2567.926075
-225.984169,200,2568.603852
-122.520537,200,2569.268293
-115.529615,200,2569.930231
-113.57543,200,2570.592097
-0.436202,200,2571.364371
-121.692725,200,2572.031253
-113.794736,200,2572.692141
-1.420329,200,2573.489033
-231.320878,200,2574.229823
-288.119749,200,2574.890671
-297.61851,200,2575.551919
-0.785338,200,2576.215516
-120.311132,200,2576.87573
-119.129587,200,2577.535176
-0.563297,200,2578.320827
-275.955944,200,2578.992914
-125.565942,200,2579.656909
-1.628675,200,2580.475169
-239.099018,200,2581.138267
-118.526948,200,2581.797986
-219.435202,200,2582.45845
-215.171921,200,2583.123107
-223.429616,200,2583.798408
-118.196779,200,2584.458781
-118.432483,200,2585.231128
-233.78811,200,2585.896959
-231.503038,200,2586.55728
-125.724637,200,2587.309509
-222.490277,200,2588.111122
-116.508218,200,2588.788158
-121.130344,200,2589.449833
-225.160534,200,2590.113313
-0.3456,200,2590.773833
-121.384401,200,2591.43426
-314.722977,200,2592.219586
-120.799377,200,2592.892554
-283.912349,200,2593.57122
-112.965854,200,2594.344633
-0.206411,200,2595.113896
-222.559071,200,2595.779999
-4.417468,200,2596.449184
-222.078332,200,2597.115932
-127.850676,200,2597.784002
-126.04035,200,2598.458461
-271.72871,200,2599.234104
-222.009827,200,2599.898015
-227.516865,200,2600.554671
-2.105356,200,2601.214267
-124.818459,200,2601.886646
-0.056852,200,2602.704579
-224.944257,200,2603.376557
-2.944578,200,2604.113547
-119.698701,200,2604.907753
-122.383773,200,2605.569388
-119.30245,200,2606.343629
-219.290529,200,2607.013735
-216.593345,200,2607.687299
-226.878541,200,2608.503828
-0.152851,200,2609.17135
-126.810554,200,2609.831564
-287.598993,200,2610.49194
-227.417001,200,2611.153698
-301.017609,200,2611.816617
-124.454686,200,2612.480591
-221.059397,200,2613.277841
-119.254227,200,2613.958771
-3.070963,200,2614.62782
-128.744189,200,2615.298678
-116.555247,200,2616.182711
-128.534007,200,2616.845862
-117.72435,200,2617.507371
-118.490406,200,2618.171658
-225.074679,200,2618.848682
-3.049224,200,2619.511947
-120.089253,200,2620.286245
-116.400399,200,2620.952764
-125.34901,200,2621.613056
-124.495618,200,2622.352252
-228.37211,200,2623.135819
-222.178087,200,2623.811179
-122.18289,200,2624.478135
-1.378395,200,2625.140016
-120.745974,200,2625.801187
-113.091676,200,2626.461062
-0.798451,200,2627.244411
-119.390157,200,2627.915115
-127.354089,200,2628.609524
-224.081914,200,2629.427901
-115.878583,200,2630.091627
-312.204331,200,2630.754239
-223.678866,200,2631.419503
-317.043212,200,2632.085702
-241.46529,200,2632.750277
-118.064451,200,2633.415269
-1.488759,200,2634.208431
-128.069432,200,2634.881306
-224.26055,200,2635.546207
-119.618167,200,2636.207879
-121.778334,200,2636.915627
-293.62334,200,2637.731839
-227.198362,200,2638.393786
-231.302208,200,2639.164092
-127.499905,200,2639.937092
-122.934353,200,2640.59782
-116.399335,200,2641.371316
-222.664316,200,2642.038133
-220.741626,200,2642.769864
-113.941017,200,2643.550666
-239.079442,200,2644.226951
-120.19551,200,2644.888926
-1.344453,200,2645.548616
-223.427249,200,2646.21073
-118.954805,200,2646.870452
-114.231642,200,2647.529738
-1.748091,200,2648.302948
-0.907184,200,2648.980858
-126.635751,200,2649.647087
-218.975477,200,2650.449183
-113.698852,200,2651.166669
-232.621422,200,2651.827491
-119.382707,200,2652.488414
-231.550208,200,2653.148601
-225.337042,200,2653.818888
-2.440853,200,2654.48935
-305.391242,200,2655.261011
-120.413277,200,2655.926566
-270.580282,200,2656.585934
-217.974588,200,2657.245017
-244.474444,200,2658.043212
-123.286545,200,2658.768404
-0.153743,200,2659.444498
-221.262828,200,2660.109302
-275.863408,200,2660.769356
-0.914657,200,2661.429284
-235.669869,200,2662.213137
-222.565266,200,2662.885383
-127.948105,200,2663.617091
-243.415027,200,2664.46076
-124.836524,200,2665.129819
-125.819755,200,2665.795994
-6.634765,200,2666.462825
-120.050518,200,2667.130057
-118.175561,200,2667.794673
-118.326593,200,2668.459368
-125.250284,200,2669.250087
-117.361724,200,2669.924405
-118.723795,200,2670.589101
-125.903246,200,2671.324476
-124.847457,200,2672.130391
-124.560994,200,2672.791912
-3.022746,200,2673.45806
-122.880251,200,2674.317749
-228.919158,200,2674.985187
-119.019005,200,2675.654993
-220.231094,200,2676.4373
-119.134377,200,2677.104162
-127.627502,200,2677.765393
-117.572115,200,2678.523452
-130.030725,200,2679.304619
-232.750123,200,2679.974253
-249.938314,200,2680.639877
-117.200525,200,2681.304655
-121.968942,200,2681.969008
-120.132088,200,2682.633954
-218.243185,200,2683.413301
-218.196302,200,2684.08939
-1.859221,200,2684.763144
-127.759076,200,2685.450693
-123.300837,200,2686.274811
-226.075941,200,2686.935057
-115.284901,200,2687.611522
-122.855676,200,2688.42284
-122.952643,200,2689.087658
-221.798993,200,2689.765484
-227.849022,200,2690.538182
-116.735273,200,2691.219607
-223.30184,200,2691.915341
-115.759543,200,2692.783796
-233.154657,200,2693.451085
-117.336995,200,2694.112995
-222.372417,200,2694.789216
-123.443654,200,2695.452472
-127.903379,200,2696.112517
-229.24999,200,2696.77132
-125.22777,200,2697.557963
-118.459666,200,2698.228919
-282.295139,200,2698.895515
-121.743614,200,2699.654199
-1.242502,200,2700.400569
-272.538139,200,2701.065986
-219.293359,200,2701.732042
-114.895665,200,2702.398539
-116.872211,200,2703.064939
-235.673638,200,2703.731136
-120.423622,200,2704.521928
-121.338466,200,2705.197956
-129.369063,200,2705.864437
-220.889467,200,2706.531272
-0.352079,200,2707.382484
-259.387628,200,2708.044894
-118.154613,200,2708.707164
-120.660809,200,2709.436191
-115.564476,200,2710.267476
-127.071946,200,2710.92926
-120.205997,200,2711.703648
-117.671075,200,2712.370742
-333.670319,200,2713.034441
-128.859177,200,2713.839923
-318.734493,200,2714.520356
-292.441472,200,2715.19009
-222.301809,200,2715.852539
-222.493465,200,2716.514082
-123.48208,200,2717.176567
-0.309662,200,2717.835248
-3.077011,200,2718.613375
-125.598699,200,2719.46457
-119.37774,200,2720.188946
-119.123194,200,2720.850815
-121.103897,200,2721.511674
-119.075074,200,2722.172093
-218.896421,200,2722.856659
-319.617767,200,2723.653867
-294.463637,200,2724.315208
-124.797735,200,2724.990325
-223.38712,200,2725.766201
-120.645465,200,2726.436895
-118.98604,200,2727.098615
-118.582546,200,2727.763162
-124.785775,200,2728.422092
-223.301048,200,2729.082265
-120.637603,200,2729.882379
-5.288722,200,2730.647912
-0.449811,200,2731.308439
-120.377972,200,2731.969257
-115.82504,200,2732.753206
-121.803713,200,2733.424663
-115.325369,200,2734.093966
-119.498775,200,2734.767323
-226.443707,200,2735.438285
-126.942075,200,2736.100038
-119.336729,200,2736.766125
-118.914842,200,2737.437474
-120.878625,200,2738.101167
-127.36096,200,2738.768298
-227.291163,200,2739.541493
-121.699048,200,2740.218854
-220.009038,200,2740.883041
-313.681524,200,2741.614878
-228.912914,200,2742.40466
-234.909133,200,2743.065305
-303.726452,200,2743.813358
-124.427056,200,2744.552844
-118.960424,200,2745.227406
-238.013051,200,2745.892494
-119.488666,200,2746.664781
-308.881529,200,2747.331444
-120.008384,200,2747.990754
-122.170174,200,2748.652908
-1.767907,200,2749.455933
-3.846161,200,2750.233088
-120.563855,200,2750.898843
-119.301594,200,2751.562365
-236.608059,200,2752.223729
-126.225174,200,2752.883852
-227.980303,200,2753.657966
-117.605346,200,2754.323843
-2.731918,200,2754.982966
-115.28023,200,2755.659677
-118.156791,200,2756.474148
-119.624844,200,2757.139106
-231.578025,200,2757.798533
-227.608656,200,2758.462628
-116.560694,200,2759.123824
-223.009981,200,2759.784591
-220.392037,200,2760.574331
-125.849276,200,2761.242504
-114.310792,200,2761.903022
-298.912995,200,2762.587828
-243.355493,200,2763.418998
-117.653027,200,2764.079698
-121.310236,200,2764.73926
-225.622251,200,2765.413704
-125.504338,200,2766.077702
-4.258946,200,2766.738782
-240.159582,200,2767.525337
-114.848262,200,2768.196606
-0.913639,200,2768.860018
-120.137006,200,2769.618012
-250.927052,200,2770.387986
-126.692164,200,2771.060542
-5.438882,200,2771.727651
-316.730361,200,2772.393733
-125.222191,200,2773.058629
-1.324562,200,2773.725674
-117.002648,200,2774.504336
-2.010458,200,2775.176498
-124.540175,200,2775.855349
-308.420544,200,2776.522228
-122.453851,200,2777.333195
-118.630733,200,2778.057842
-0.786248,200,2778.722383
-120.420274,200,2779.531521
-119.232315,200,2780.230608
-271.731902,200,2780.905867
-121.305057,200,2781.681656
-269.031457,200,2782.348649
-242.059974,200,2783.013683
-227.059324,200,2783.857393
-316.854137,200,2784.530472
-219.579888,200,2785.190726
-0.85807,200,2785.865248
-224.443218,200,2786.534199
-308.797753,200,2787.193895
-1.17358,200,2787.854439
-227.215038,200,2788.627953
-118.330818,200,2789.293284
-124.481443,200,2789.95346
-119.015283,200,2790.733588
-123.190856,200,2791.4548
-228.661854,200,2792.114704
-125.583455,200,2792.775326
-128.509519,200,2793.434498
-230.132957,200,2794.098722
-119.555878,200,2794.758276
-2.385159,200,2795.540657
-117.519117,200,2796.21347
-121.680004,200,2796.873436
-0.988642,200,2797.532537
-120.804797,200,2798.32599
-0.596817,200,2799.057748
-116.396446,200,2799.717228
-229.736092,200,2800.380977
-117.863383,200,2801.055888
-119.424628,200,2801.717421
-121.542573,200,2802.502777
-120.008371,200,2803.174218
-235.805139,200,2803.837788
-118.846317,200,2804.585073
-222.341094,200,2805.397145
-121.813546,200,2806.081323
-1.759887,200,2806.755638
-116.740369,200,2807.421236
-121.68237,200,2808.088772
-119.97787,200,2808.753809
-297.329847,200,2809.532496
-118.812096,200,2810.208556
-225.208335,200,2810.887491
-119.102753,200,2811.552719
-0.176056,200,2812.217266
-127.072721,200,2813.004345
-119.97154,200,2813.694733
-126.945298,200,2814.356107
-119.266672,200,2815.126042
-129.183034,200,2815.894685
-120.929438,200,2816.672298
-118.631808,200,2817.339236
-117.764158,200,2817.999308
-122.228817,200,2818.704069
-1.262564,200,2819.482973
-125.448599,200,2820.144722
-218.41854,200,2820.81629
-124.832885,200,2821.483875
-1.106559,200,2822.148395
-220.615287,200,2822.808984
-119.278025,200,2823.581781
-0.856416,200,2824.249102
-124.353238,200,2824.908933
-121.960965,200,2825.573645
-118.97975,200,2826.460767
-252.540761,200,2827.128174
-222.305644,200,2827.788533
-114.22283,200,2828.449696
-119.884068,200,2829.114053
-125.626096,200,2829.774451
-122.452602,200,2830.549241
-225.53709,200,2831.229354
-115.234369,200,2831.902296
-1.707985,200,2832.573981
-126.663116,200,2833.387021
-125.889693,200,2834.049184
-120.902997,200,2834.709314
-2.33952,200,2835.373659
-117.253182,200,2836.047448
-2.540097,200,2836.712751
-119.627422,200,2837.495742
-119.586167,200,2838.167546
-223.396048,200,2838.829406
-227.899216,200,2839.49634
-220.832411,200,2840.360173
-223.050785,200,2841.040122
-220.627931,200,2841.713753
-1.118187,200,2842.381303
-120.136392,200,2843.052914
-227.700795,200,2843.739689
-0.530096,200,2844.517104
-2.175212,200,2845.190459
-223.218705,200,2845.855919
-116.416674,200,2846.53445
-232.467586,200,2847.382505
-227.261375,200,2848.047481
-117.124406,200,2848.712672
-123.03822,200,2849.537203
-126.509662,200,2850.202756
-315.279504,200,2850.864625
-5.105692,200,2851.689451
-114.592648,200,2852.357068
-114.868779,200,2853.121951
-119.021094,200,2853.883052
-229.308053,200,2854.542693
-125.207053,200,2855.202218
-120.119054,200,2855.860716
-220.774568,200,2856.565194
-117.395622,200,2857.227033
-123.510336,200,2857.887354
-274.128706,200,2858.658301
-115.326028,200,2859.323454
-1.094715,200,2859.982589
-266.407529,200,2860.664144
-115.534221,200,2861.484438
-120.246312,200,2862.146471
-126.13894,200,2862.806921
-0.268786,200,2863.470932
-118.961976,200,2864.129945
-288.302814,200,2864.789699
-238.699985,200,2865.561451
-221.687833,200,2866.237144
-118.696016,200,2866.90678
-117.441668,200,2867.719348
-222.317366,200,2868.426426
-117.287445,200,2869.086703
-125.532741,200,2869.74719
-126.07937,200,2870.410564
-3.894882,200,2871.070872
-115.067721,200,2871.746084
-114.278171,200,2872.530879
-120.208124,200,2873.201997
-227.371059,200,2873.867051
-117.617153,200,2874.632389
-2.191379,200,2875.400207
-236.555666,200,2876.066656
-128.26177,200,2876.749739
-124.223008,200,2877.418305
-290.243644,200,2878.083848
-116.315239,200,2878.749467
-114.201826,200,2879.525893
-232.198097,200,2880.192671
-124.998866,200,2880.851746
-117.085892,200,2881.523968
-128.045981,200,2882.200232
-0.971003,200,2883.002209
-125.876076,200,2883.664271
-4.146375,200,2884.329252
-121.356332,200,2885.221541
-122.512267,200,2885.884735
-126.843002,200,2886.672251
-125.325806,200,2887.339985
-0.591559,200,2887.99931
-115.884463,200,2888.670854
-2.024568,200,2889.476786
-2.121791,200,2890.138127
-312.548574,200,2890.797194
-126.968067,200,2891.470413
-118.875673,200,2892.137707
-226.432998,200,2892.797897
-291.488114,200,2893.568897
-237.750848,200,2894.234816
-285.804232,200,2894.897593
-121.18374,200,2895.752871
-240.239398,200,2896.415934
-125.256216,200,2897.089088
-229.320865,200,2897.748462
-229.643055,200,2898.40723
-130.362138,200,2899.069282
-120.757577,200,2899.728071
-232.430438,200,2900.499151
-119.346921,200,2901.164092
-119.350931,200,2901.8382
-232.201645,200,2902.503183
-229.547993,200,2903.333454
-2.346358,200,2904.039766
-118.541963,200,2904.699574
-123.144089,200,2905.359303
-126.29077,200,2906.022785
-129.201503,200,2906.695065
-120.109863,200,2907.482263
-2.735381,200,2908.153152
-119.054199,200,2908.815996
-3.661121,200,2909.504315
-241.931814,200,2910.303421
-120.211803,200,2910.971559
-125.62313,200,2911.649096
-232.413954,200,2912.346491
-126.371179,200,2913.013841
-114.300835,200,2913.677287
-220.580704,200,2914.449127
-227.328301,200,2915.115672
-114.877174,200,2915.774195
-240.734587,200,2916.436269
-224.204738,200,2917.270445
-225.25538,200,2917.979143
-0.556665,200,2918.660011
-127.208465,200,2919.503313
-220.9411,200,2920.167336
-220.635685,200,2920.82816
-125.930619,200,2921.601537
-117.708163,200,2922.282505
-130.137278,200,2922.946979
-117.642382,200,2923.767159
-127.254233,200,2924.428844
-307.072091,200,2925.089466
-227.241645,200,2925.750426
-122.991888,200,2926.413759
-229.19561,200,2927.08768
-121.605519,200,2927.748649
-229.288256,200,2928.521513
-1.490508,200,2929.186733
-125.246192,200,2929.84941
-226.080848,200,2930.668232
-1.523459,200,2931.364905
-119.352334,200,2932.038647
-118.211831,200,2932.70393
-119.127667,200,2933.386476
-118.16091,200,2934.047102
-118.655429,200,2934.706771
-119.36328,200,2935.478228
-223.998862,200,2936.143907
-242.564634,200,2936.814025
-126.857107,200,2937.610472
-217.914335,200,2938.34425
-1.871969,200,2939.004379
-221.864376,200,2939.66588
-222.949063,200,2940.329394
-124.393572,200,2940.994648
-121.596534,200,2941.657173
-122.741033,200,2942.441137
-223.691388,200,2943.152929
-255.996619,200,2943.819381
-224.778431,200,2944.492268
-223.055722,200,2945.348108
-113.158692,200,2946.015014
-124.165436,200,2946.68067
-3.132057,200,2947.347586
-1.323253,200,2948.022998
-289.753543,200,2948.696285
-114.762926,200,2949.47446
-215.880258,200,2950.148286
-125.169671,200,2950.815238
-238.995193,200,2951.513546
-0.267338,200,2952.300396
-222.270339,200,2952.963841
-114.305394,200,2953.64091
-228.060608,200,2954.482342
-314.313453,200,2955.17427
-115.971145,200,2955.83525
-0.929732,200,2956.608383
-2.672026,200,2957.275151
-240.637558,200,2957.93903
-116.757792,200,2958.770918
-0.567593,200,2959.433751
-114.959129,200,2960.09348
-122.441756,200,2960.753816
-115.217103,200,2961.413425
-0.434348,200,2962.076796
-117.476425,200,2962.737147
-124.293863,200,2963.5224
-223.651623,200,2964.19084
-125.261184,200,2964.850531
-116.253585,200,2965.510075
-286.879717,200,2966.271166
-226.257441,200,2967.026378
-115.559959,200,2967.686182
-246.088548,200,2968.362157
-2.115962,200,2969.027193
-220.259919,200,2969.687772
-129.737083,200,2970.4611
-123.61038,200,2971.127432
-217.026553,200,2971.78673
-119.099236,200,2972.458382
-230.0758,200,2973.340029
-120.785547,200,2974.006606
-233.103357,200,2974.667641
-124.00275,200,2975.330315
-118.506586,200,2975.990174
-221.299495,200,2976.649821
-1.440609,200,2977.433007
-128.68784,200,2978.104552
-0.772285,200,2978.782614
-122.54464,200,2979.459797
-302.288504,200,2980.304387
-118.851999,200,2980.970542
-1.34525,200,2981.638737
-129.135893,200,2982.305552
-214.566678,200,2982.969896
-115.922708,200,2983.65126
-216.802249,200,2984.429952
-282.495832,200,2985.099383
-242.457216,200,2985.786118
-118.92891,200,2986.486443
-118.911997,200,2987.297144
-120.938446,200,2987.964401
-220.561709,200,2988.65729
-114.179077,200,2989.513027
-125.768454,200,2990.177926
-222.117041,200,2990.83972
-115.574705,200,2991.612828
-123.272313,200,2992.280025
-117.23118,200,2992.945094
-3.358287,200,2993.776946
-282.331185,200,2994.44306
-228.655027,200,2995.103024
-123.235841,200,2995.764023
-0.314963,200,2996.427022
-116.427309,200,2997.087529
-226.539587,200,2997.747276
-119.365315,200,2998.557332
-117.336692,200,2999.230451
-120.077939,200,2999.893996
-116.015413,200,3000.746392
-118.734417,200,3001.408459
-118.888614,200,3002.067428
-131.669337,200,3002.727701
-118.623823,200,3003.39096
-119.759682,200,3004.068235
-1.069218,200,3004.728921
-229.889942,200,3005.5017
-218.143342,200,3006.166887
-1.022261,200,3006.833051
-117.027682,200,3007.650805
-125.970495,200,3008.31168
-117.314158,200,3008.986414
-125.260763,200,3009.647963
-120.399597,200,3010.310886
-121.718384,200,3010.969979
-117.12723,200,3011.637754
-126.50761,200,3012.426356
-275.127462,200,3013.09887
-116.016694,200,3013.778011
-127.644248,200,3014.536059
-115.061086,200,3015.341809
-231.486703,200,3016.009401
-118.326618,200,3016.676787
-0.860531,200,3017.344356
-217.926066,200,3018.010562
-3.432044,200,3018.685495
-226.334372,200,3019.470246
-116.550658,200,3020.13776
-124.58285,200,3020.798046
-127.388785,200,3021.461991
-0.506521,200,3022.300021
-123.06907,200,3022.979872
-124.734745,200,3023.653126
-122.254149,200,3024.478304
-219.76339,200,3025.170781
-120.898452,200,3025.831933
-263.701154,200,3026.605645
-215.588643,200,3027.275199
-0.743683,200,3027.935609
-124.79333,200,3028.683924
-280.593908,200,3029.484508
-231.366751,200,3030.145022
-227.019735,200,3030.807198
-128.237196,200,3031.470844
-123.534628,200,3032.131659
-122.73903,200,3032.792093
-119.440023,200,3033.565737
-126.93976,200,3034.246063
-270.953418,200,3034.907568
-124.669913,200,3035.571831
-241.885697,200,3036.381404
-228.729245,200,3037.045115
-229.483138,200,3037.705746
-116.299635,200,3038.370317
-123.948905,200,3039.042635
-126.54244,200,3039.707204
-218.849725,200,3040.481207
-117.852813,200,3041.148016
-298.006788,200,3041.808379
-120.606358,200,3042.473559
-118.41962,200,3043.334429
-126.942348,200,3044.008163
-116.717736,200,3044.676382
-2.252124,200,3045.338201
-127.572188,200,3045.998764
-226.119006,200,3046.658331
-119.656225,200,3047.442545
-117.25657,200,3048.115385
-284.732472,200,3048.788317
-120.319532,200,3049.609403
-115.63169,200,3050.322878
-120.016582,200,3050.991483
-1.766764,200,3051.66047
-2.170937,200,3052.323026
-130.327286,200,3052.983306
-119.550506,200,3053.643816
-123.979338,200,3054.433333
-121.49048,200,3055.214877
-220.568459,200,3055.963672
-126.867778,200,3056.624241
-114.061938,200,3057.312291
-306.235861,200,3058.108987
-224.14082,200,3058.771226
-258.86227,200,3059.45036
-2.982109,200,3060.114384
-281.340507,200,3060.775293
-117.339515,200,3061.547961
-1.125825,200,3062.217415
-225.266931,200,3063.071381
-127.169329,200,3063.755029
-216.142728,200,3064.429625
-319.255569,200,3065.093074
-0.756998,200,3065.777492
-123.157043,200,3066.440007
-0.622134,200,3067.101856
-124.096235,200,3067.762536
-311.928088,200,3068.540273
-240.912028,200,3069.219696
-117.878299,200,3069.884932
-228.099696,200,3070.566395
-217.881035,200,3071.375374
-228.246147,200,3072.036989
-117.573283,200,3072.698398
-127.909858,200,3073.364024
-131.271563,200,3074.025138
-290.985865,200,3074.703529
-121.773696,200,3075.478639
-2.072623,200,3076.148209
-118.453564,200,3076.812303
-117.964038,200,3077.614066
-122.485438,200,3078.333996
-123.480531,200,3078.995317
-1.453171,200,3079.673115
-257.204501,200,3080.362319
-127.666199,200,3081.113456
-119.483572,200,3081.774724
-120.739615,200,3082.586824
-120.415836,200,3083.260351
-270.051226,200,3083.933919
-229.931268,200,3084.778844
-2.952048,200,3085.448452
-115.986974,200,3086.115164
-119.381611,200,3086.780985
-236.713873,200,3087.447625
-2.17674,200,3088.113595
-131.589168,200,3088.780556
-126.075967,200,3089.573799
-216.256562,200,3090.249922
-127.773601,200,3090.912996
-5.133492,200,3091.684432
-2.817496,200,3092.430704
-117.017337,200,3093.095293
-129.681104,200,3093.89482
-225.412271,200,3094.595896
-293.335292,200,3095.26083
-235.782832,200,3095.922948
-226.843883,200,3096.69387
-124.500178,200,3097.360389
-124.17847,200,3098.02097
-117.135285,200,3098.680902
-218.025412,200,3099.349902
-232.4633,200,3100.022683
-228.606499,200,3100.821425
-127.701031,200,3101.540116
-2.049876,200,3102.200272
-128.829454,200,3102.860465
-237.417396,200,3103.632298
-116.726045,200,3104.302575
-6.503711,200,3104.978662
-120.112092,200,3105.639763
-117.028693,200,3106.33309
-125.501548,200,3106.993726
-220.126149,200,3107.680308
-219.464788,200,3108.520756
-125.48186,200,3109.182082
-126.548588,200,3109.857333
-273.480383,200,3110.629654
-220.258096,200,3111.298872
-117.33911,200,3111.957997
-216.713026,200,3112.617347
-129.842728,200,3113.27594
-119.505942,200,3113.934463
-296.479247,200,3114.670486
-246.106538,200,3115.502613
-119.500942,200,3116.162449
-124.353515,200,3116.822063
-120.889103,200,3117.605558
-117.567484,200,3118.277421
-118.6451,200,3118.944762
-117.218436,200,3119.619371
-126.373222,200,3120.29024
-2.043955,200,3120.954454
-120.180358,200,3121.621561
-115.73496,200,3122.290293
-227.148488,200,3122.95387
-115.755044,200,3123.616636
-130.539144,200,3124.389873
-120.820218,200,3125.066706
-128.77982,200,3125.731438
-126.202731,200,3126.390827
-131.28208,200,3127.083697
-224.07442,200,3127.929124
-116.765376,200,3128.593772
-116.541229,200,3129.444206
-126.907838,200,3130.118484
-227.987759,200,3130.78348
-117.359271,200,3131.554031
-228.147181,200,3132.222034
-237.677422,200,3133.05578
-130.639179,200,3133.782353
-122.161972,200,3134.442744
-127.574799,200,3135.115362
-3.541989,200,3135.779781
-225.937622,200,3136.438676
-1.607711,200,3137.101391
-215.90761,200,3137.762436
-119.254171,200,3138.534922
-228.087699,200,3139.200421
-117.754842,200,3139.859423
-311.712469,200,3140.536208
-2.610107,200,3141.361792
-121.52318,200,3142.023646
-237.130976,200,3142.684265
-120.258674,200,3143.344805
-118.046314,200,3144.008347
-219.492055,200,3144.667883
-124.288054,200,3145.45389
-120.059404,200,3146.121952
-222.424121,200,3146.780844
-270.497882,200,3147.439966
-219.642231,200,3148.201493
-288.281816,200,3148.96488
-116.319032,200,3149.624631
-128.296544,200,3150.300159
-130.263693,200,3150.964388
-234.440028,200,3151.624585
-1.859397,200,3152.409941
-231.274604,200,3153.080682
-299.33098,200,3153.742191
-1.467732,200,3154.407755
-116.878635,200,3155.273055
-123.279213,200,3155.941299
-127.693443,200,3156.604452
-123.061956,200,3157.270884
-0.603077,200,3157.936945
-218.055982,200,3158.600928
-220.007514,200,3159.381308
-114.227808,200,3160.056223
-120.849448,200,3160.772463
-218.954529,200,3161.441246
-217.819218,200,3162.136808
-241.564065,200,3162.989184
-120.600258,200,3163.651894
-124.538468,200,3164.316218
-123.047042,200,3165.132928
-2.577479,200,3165.818665
-307.712452,200,3166.593243
-125.824244,200,3167.262506
-1.52617,200,3168.032105
-2.597113,200,3168.789279
-119.488494,200,3169.44981
-217.354371,200,3170.110252
-0.557934,200,3170.785904
-1.742391,200,3171.447987
-0.708167,200,3172.11235
-115.448373,200,3172.77274
-241.089565,200,3173.553259
-115.145679,200,3174.226279
-114.619236,200,3174.887631
-1.990409,200,3175.564481
-221.595092,200,3176.385716
-0.374664,200,3177.057233
-117.802132,200,3177.717887
-270.286044,200,3178.37816
-125.862557,200,3179.042983
-117.359808,200,3179.702696
-117.249059,200,3180.488129
-120.139123,200,3181.160375
-221.490625,200,3181.819569
-122.74482,200,3182.489199
-124.902854,200,3183.342857
-219.441716,200,3184.00812
-225.062486,200,3184.672522
-113.516272,200,3185.333897
-119.635074,200,3186.011472
-127.005032,200,3186.672942
-120.713573,200,3187.457914
-119.805779,200,3188.13062
-116.561659,200,3188.805465
-124.394541,200,3189.681652
-124.000798,200,3190.350789
-127.095704,200,3191.034835
-223.024704,200,3191.702286
-227.222578,200,3192.36895
-4.792091,200,3193.033266
-121.241432,200,3193.697374
-126.296705,200,3194.476755
-118.716231,200,3195.148702
-301.197452,200,3195.826844
-261.13206,200,3196.647209
-223.867808,200,3197.431287
-115.904893,200,3198.094825
-1.509639,200,3198.908662
-125.456214,200,3199.596144
-223.826905,200,3200.257042
-2.3514,200,3200.933911
-234.66547,200,3201.709962
-1.232317,200,3202.377506
-120.37575,200,3203.038452
-308.718719,200,3203.772885
-120.288942,200,3204.558012
-244.685327,200,3205.21939
-118.164012,200,3205.894761
-118.305794,200,3206.560143
-122.041714,200,3207.221085
-123.654968,200,3207.8818
-125.77225,200,3208.657115
-216.757442,200,3209.322782
-219.75178,200,3209.982266
-120.87055,200,3210.657195
-245.063574,200,3211.527683
-118.002278,200,3212.187823
-120.63611,200,3212.847897
-284.263249,200,3213.51194
-127.526884,200,3214.17134
-118.538917,200,3214.830924
-225.937224,200,3215.602538
-227.850235,200,3216.28302
-259.548017,200,3216.947626
-118.173251,200,3217.750715
-118.006502,200,3218.48842
-1.867847,200,3219.147675
-118.709996,200,3219.808686
-124.512481,200,3220.471031
-115.011998,200,3221.145518
-5.304441,200,3221.808167
-222.716945,200,3222.593906
-215.965634,200,3223.265402
-121.798635,200,3223.936089
-116.123858,200,3224.768767
-127.912596,200,3225.438277
-122.473446,200,3226.120856
-119.794015,200,3226.79142
-1.234374,200,3227.462652
-227.093738,200,3228.124378
-123.713583,200,3228.785525
-0.344074,200,3229.558701
-0.168158,200,3230.22636
-119.471704,200,3230.901085
-230.214247,200,3231.772998
-122.44213,200,3232.435073
-0.71262,200,3233.099598
-121.542096,200,3233.939017
-225.49079,200,3234.64234
-125.854009,200,3235.302999
-124.563217,200,3235.974316
-290.515671,200,3236.753798
-122.223348,200,3237.425263
-118.32772,200,3238.085963
-220.481625,200,3238.746866
-119.960624,200,3239.406293
-1.080235,200,3240.06678
-4.934193,200,3240.84286
-302.845871,200,3241.5822
-229.977184,200,3242.243398
-120.14628,200,3242.905297
-123.184639,200,3243.680941
-125.310659,200,3244.353958
-218.835097,200,3245.015873
-118.280038,200,3245.677542
-307.450982,200,3246.377283
-1.391821,200,3247.040457
-124.462809,200,3247.77241
-236.705503,200,3248.566363
-126.13821,200,3249.228203
-279.343232,200,3249.889531
-122.30097,200,3250.665336
-115.588782,200,3251.352017
-132.616517,200,3252.016587
-287.226649,200,3252.732563
-229.394107,200,3253.396567
-124.672012,200,3254.06252
-114.224025,200,3254.889416
-115.599174,200,3255.5816
-122.472172,200,3256.255204
-242.181804,200,3256.921616
-127.515712,200,3257.707517
-119.89115,200,3258.378188
-116.469567,200,3259.041748
-123.611308,200,3259.703601
-123.910303,200,3260.363943
-236.447108,200,3261.032053
-225.243085,200,3261.854952
-231.576853,200,3262.588198
-315.544627,200,3263.251959
-229.203449,200,3263.916269
-1.885124,200,3264.694715
-120.291939,200,3265.367422
-244.361667,200,3266.032838
-118.198191,200,3266.713818
-224.431397,200,3267.381621
-294.944223,200,3268.048384
-295.736853,200,3268.828329
-128.771327,200,3269.577549
-114.28444,200,3270.237049
-240.878015,200,3270.901709
-118.903935,200,3271.921841
-118.83336,200,3272.588921
-315.578825,200,3273.250215
-125.700829,200,3273.909595
-245.487981,200,3274.567845
-232.656345,200,3275.238842
-117.57824,200,3276.056913
-117.98825,200,3276.732688
-7.112799,200,3277.394096
-234.31914,200,3278.053563
-128.026126,200,3278.827887
-121.767912,200,3279.497705
-309.090727,200,3280.158367
-127.316176,200,3280.819113
-121.809719,200,3281.491884
-118.910031,200,3282.156849
-0.926585,200,3282.889605
-117.152374,200,3283.678239
-1.374612,200,3284.340226
-127.692175,200,3285.001196
-219.163923,200,3285.773994
-128.323349,200,3286.457399
-120.724621,200,3287.122982
-124.281601,200,3287.783648
-127.457815,200,3288.44292
-118.431588,200,3289.103344
-0.853481,200,3289.85655
-122.494222,200,3290.624933
-1.434017,200,3291.285803
-1.838987,200,3291.961769
-123.052491,200,3292.746728
-126.807999,200,3293.417745
-295.427194,200,3294.082349
-225.677822,200,3294.749263
-122.564525,200,3295.408558
-228.516736,200,3296.071377
-0.453704,200,3296.794491
-117.009454,200,3297.642496
-220.162088,200,3298.324642
-120.447358,200,3298.99966
-1.238779,200,3299.776293
-318.271044,200,3300.449118
-123.938106,200,3301.116694
-217.338825,200,3301.795999
-4.987835,200,3302.466161
-126.474507,200,3303.130562
-225.375719,200,3303.891597
-316.464662,200,3304.615339
-117.992486,200,3305.275497
-265.854499,200,3305.943046
-230.573458,200,3306.934997
-225.849324,200,3307.606862
-114.070752,200,3308.268133
-114.368514,200,3308.928721
-118.318292,200,3309.589025
-232.138549,200,3310.253538
-0.899962,200,3311.07291
-122.035125,200,3311.750163
-116.305869,200,3312.413817
-1.300699,200,3313.073811
-126.606743,200,3313.846684
-221.347735,200,3314.518047
-123.664255,200,3315.179164
-257.389528,200,3315.840616
-215.562474,200,3316.499902
-129.126176,200,3317.174432
-117.131838,200,3317.905861
-301.035115,200,3318.699156
-227.529781,200,3319.362062
-120.365568,200,3320.025081
-0.39152,200,3320.798437
-301.331774,200,3321.470741
-219.8305,200,3322.146089
-0.847893,200,3322.808514
-123.954456,200,3323.469744
-220.041051,200,3324.130557
-118.488127,200,3324.807887
-116.928619,200,3325.617145
-123.915117,200,3326.278971
-116.198115,200,3326.97892
-2.144198,200,3327.766965
-127.095552,200,3328.439495
-1.208152,200,3329.102405
-122.969976,200,3329.763618
-115.616297,200,3330.424759
-222.03088,200,3331.090332
-120.308673,200,3331.945382
-1.60048,200,3332.636815
-218.661904,200,3333.302381
-124.652097,200,3333.970633
-232.043917,200,3334.747788
-125.656289,200,3335.419696
-117.973159,200,3336.085168
-1.141324,200,3336.751507
-116.770264,200,3337.431045
-0.330097,200,3338.097016
-1.817917,200,3338.789648
-120.339063,200,3339.624397
-116.448547,200,3340.28576
-220.793244,200,3340.951159
-119.338562,200,3341.877289
-124.510361,200,3342.558295
-122.704991,200,3343.21976
-1.369596,200,3343.880283
-116.18467,200,3344.539518
-230.42234,200,3345.198607
-223.657717,200,3345.952652
-118.660499,200,3346.74332
-119.716812,200,3347.419378
-127.604248,200,3348.081281
-221.090431,200,3348.854387
-118.042821,200,3349.525381
-120.814399,200,3350.186773
-121.081228,200,3350.848105
-119.546263,200,3351.50876
-120.596427,200,3352.180101
-120.122217,200,3352.874808
-284.127485,200,3353.691454
-112.994447,200,3354.355739
-113.511786,200,3355.021978
-124.566799,200,3355.822993
-0.504988,200,3356.494861
-117.76694,200,3357.165611
-118.357286,200,3357.833512
-115.812484,200,3358.49308
-125.401313,200,3359.153127
-124.064961,200,3359.830343
-120.160512,200,3360.67814
-119.009522,200,3361.339827
-117.294584,200,3362.001143
-113.804626,200,3362.795532
-116.788894,200,3363.467513
-6.003381,200,3364.13171
-120.497519,200,3364.795265
-130.845333,200,3365.457827
-121.611121,200,3366.119231
-229.253098,200,3366.887376
-123.513505,200,3367.668285
-129.182063,200,3368.336352
-256.689202,200,3369.003932
-126.564092,200,3369.785546
-126.382986,200,3370.457798
-119.835522,200,3371.123384
-119.775087,200,3371.789595
-224.258318,200,3372.467437
-227.31591,200,3373.132986
-294.385229,200,3373.805047
-123.979016,200,3374.650613
-114.829495,200,3375.313216
-117.578128,200,3376.075013
-117.956267,200,3377.087036
-129.157937,200,3377.776882
-119.107629,200,3378.440361
-119.235163,200,3379.099886
-127.15501,200,3379.760016
-227.363505,200,3380.419343
-127.538793,200,3381.161114
-117.752563,200,3381.943783
-126.388542,200,3382.64402
-119.123037,200,3383.306671
-119.869611,200,3384.082624
-125.788629,200,3384.75346
-114.92712,200,3385.414242
-127.3206,200,3386.074335
-227.022771,200,3386.735132
-122.773527,200,3387.40478
-115.453674,200,3388.170532
-0.605531,200,3388.882905
-128.735257,200,3389.543111
-126.006907,200,3390.204921
-115.428253,200,3390.981336
-308.96612,200,3391.652673
-126.39752,200,3392.314434
-291.799554,200,3392.992348
-121.121605,200,3393.653582
-119.363367,200,3394.314214
-117.035365,200,3394.979467
-0.454159,200,3395.834815
-238.245677,200,3396.497845
-117.447287,200,3397.15782
-116.091055,200,3397.959743
-118.92267,200,3398.633105
-124.683153,200,3399.29686
-123.045175,200,3399.958346
-216.670061,200,3400.618906
-219.488816,200,3401.280303
-129.116472,200,3402.052488
-1.288776,200,3402.826713
-1.281512,200,3403.493906
-228.404981,200,3404.160114
-223.444765,200,3404.93573
-1.341249,200,3405.607347
-0.983212,200,3406.310028
-124.611637,200,3406.97784
-234.777976,200,3407.653095
-0.97463,200,3408.325748
-122.323089,200,3408.989886
-235.088587,200,3409.744978
-259.849065,200,3410.518096
-124.472066,200,3411.178799
-308.831546,200,3411.954231
-117.905211,200,3412.681948
-120.210602,200,3413.463434
-0.690074,200,3414.124628
-280.412603,200,3414.78663
-118.254508,200,3415.451545
-123.468462,200,3416.244942
-272.051191,200,3416.966377
-224.233874,200,3417.628612
-229.900369,200,3418.303897
-117.627837,200,3419.076944
-122.582104,200,3419.748362
-220.878586,200,3420.408815
-125.597642,200,3421.068847
-292.941822,200,3421.729457
-119.361755,200,3422.392264
-0.370642,200,3423.218288
-127.504522,200,3423.8936
-0.228914,200,3424.554111
-126.718183,200,3425.214497
-118.619856,200,3425.98748
-296.636242,200,3426.658423
-225.869389,200,3427.318797
-230.933604,200,3427.991838
-121.15985,200,3428.656891
-226.119454,200,3429.316625
-126.403416,200,3429.975984
-119.03235,200,3430.742946
-114.51997,200,3431.496464
-123.100482,200,3432.156576
-237.364316,200,3432.979403
-126.264587,200,3433.65153
-120.753841,200,3434.346223
-117.93276,200,3435.010442
-279.603131,200,3435.67508
-116.22792,200,3436.340434
-123.201398,200,3437.00576
-236.275295,200,3437.670352
-266.590158,200,3438.349889
-2.876231,200,3439.019161
-129.143411,200,3439.799704
-2.357131,200,3440.469718
-120.573564,200,3441.134337
-121.784975,200,3441.889542
-117.536361,200,3442.666928
-125.940978,200,3443.343005
-313.953711,200,3444.009785
-119.091413,200,3444.822321
-2.191948,200,3445.488252
-115.280812,200,3446.14963
-2.352673,200,3446.924597
-234.726416,200,3447.590008
-227.276349,200,3448.263218
-118.420521,200,3448.987596
-121.707385,200,3449.786766
-118.492509,200,3450.445684
-117.456285,200,3451.105903
-127.083273,200,3451.766486
-126.896269,200,3452.429461
-122.731636,200,3453.099262
-123.288788,200,3453.877066
-126.274186,200,3454.543147
-120.92318,200,3455.202428
-126.433033,200,3455.866685
-1.23893,200,3456.665558
-118.092031,200,3457.372595
-126.624244,200,3458.034219
-127.133494,200,3458.712448
-114.94891,200,3459.372427
-115.965254,200,3460.031923
-0.704826,200,3460.803919
-0.655814,200,3461.47368
-250.598535,200,3462.134661
-222.821221,200,3462.793747
-225.994878,200,3463.468166
-303.761133,200,3464.133846
-126.84257,200,3465.039373
-295.19696,200,3465.713403
-113.907329,200,3466.376049
-118.219343,200,3467.040043
-121.372609,200,3467.828316
-215.31671,200,3468.51469
-118.043123,200,3469.185631
-250.915598,200,3469.848426
-3.432585,200,3470.509849
-125.743268,200,3471.172779
-118.562668,200,3471.879151
-116.549956,200,3472.685712
-118.029646,200,3473.365536
-245.93807,200,3474.036361
-118.416958,200,3474.818968
-129.859919,200,3475.491858
-222.085107,200,3476.160951
-221.428001,200,3476.825666
-220.017901,200,3477.490667
-224.380659,200,3478.156578
-116.130729,200,3478.947494
-116.040859,200,3479.730313
-241.696715,200,3480.390607
-217.799727,200,3481.054854
-127.378409,200,3481.88105
-118.371135,200,3482.663445
-233.18561,200,3483.33412
-220.715416,200,3484.003964
-115.078605,200,3484.664255
-127.42256,200,3485.33033
-119.906534,200,3486.183757
-128.976751,200,3486.846852
-4.523425,200,3487.50708
-227.672158,200,3488.167755
-298.193171,200,3488.956729
-120.315468,200,3489.62718
-121.271246,200,3490.287329
-119.749736,200,3490.947428
-120.230987,200,3491.607633
-0.711288,200,3492.268048
-118.702062,200,3493.007207
-1.239981,200,3493.827416
-221.173404,200,3494.490699
-316.239512,200,3495.152387
-319.030254,200,3495.926696
-117.576596,200,3496.597343
-124.26171,200,3497.259878
-116.861978,200,3497.919602
-114.457473,200,3498.590987
-116.091423,200,3499.256033
-3.301601,200,3499.951704
-128.539563,200,3500.768309
-118.407253,200,3501.429326
-242.058395,200,3502.091302
