#{"t_start": 1789051142.489614, "env_id": "Pendulum-v1"}
r,l,t
-966.079941,200,0.534818
-1417.485261,200,1.418882
-1174.703138,200,2.31377
-1601.428698,200,3.203039
-1578.974072,200,4.078556
-1241.449505,200,5.17662
-1279.494503,200,6.045272
-1215.612,200,6.965747
-1482.563123,200,8.003317
-1122.553556,200,8.962006
-1085.692494,200,9.958044
-1077.161284,200,10.981577
-865.291693,200,11.85765
-255.19155,200,12.711115
-613.719999,200,13.773786
-524.020777,200,14.681028
-125.649931,200,15.732175
-127.31563,200,16.568117
-0.978263,200,17.437886
-249.255459,200,18.527359
-242.613652,200,19.501667
-248.564966,200,20.348993
-123.887286,200,21.183317
-0.807074,200,22.011796
-232.780124,200,22.841389
-121.811852,200,23.842241
-234.03987,200,24.74956
-130.778391,200,25.761039
-126.307231,200,26.594924
-126.536593,200,27.42355
-116.713757,200,28.380249
-131.549287,200,29.216728
-317.22618,200,30.305501
-236.255206,200,31.13998
-1.051985,200,32.133833
-1.201396,200,32.967958
-117.829338,200,33.800539
-125.962702,200,34.718433
-317.964467,200,35.700583
-122.000066,200,36.547516
-233.63472,200,37.51779
-231.676782,200,38.368114
-358.521574,200,39.205881
-342.632958,200,40.082433
-229.876537,200,41.068467
-375.694302,200,41.915472
-121.662226,200,42.753019
-126.07273,200,43.603075
-1.373733,200,44.437719
-242.400666,200,45.266014
-129.010632,200,46.230812
-127.203516,200,47.069959
-226.950884,200,47.908232
-230.225619,200,48.743427
-126.312195,200,49.599799
-228.065414,200,50.666641
-1.776135,200,51.648092
-229.342612,200,52.567911
-121.766641,200,53.405598
-239.000533,200,54.241592
-230.330827,200,55.334826
-124.342462,200,56.213871
-1.924331,200,57.05097
-117.421039,200,57.902846
-117.941673,200,58.836517
-237.817442,200,59.803237
-312.044517,200,60.775754
-235.269578,200,61.633706
-120.288151,200,62.480189
-1.541853,200,63.311875
-225.782629,200,64.279611
-233.056501,200,65.134456
-115.390829,200,65.976052
-1.483931,200,66.821762
-249.534118,200,67.729464
-261.044266,200,68.720995
-123.518994,200,69.710532
-121.480676,200,70.604592
-1.163205,200,71.44552
-123.094146,200,72.278084
-237.557175,200,73.249083
-245.170219,200,74.09893
-125.426905,200,74.949897
-118.651548,200,75.804956
-323.357867,200,76.817129
-117.717078,200,77.662111
-121.230339,200,78.499505
-292.027093,200,79.334544
-0.863993,200,80.17597
-0.947562,200,81.013733
-117.061594,200,81.991628
-226.519237,200,82.828684
-257.512048,200,83.668807
-305.396425,200,84.578933
-115.418898,200,85.550491
-240.135348,200,86.384125
-119.549128,200,87.226903
-239.215794,200,88.136806
-246.992113,200,88.971423
-119.302174,200,89.807414
-237.446886,200,90.771325
-1.345504,200,91.6092
-117.097116,200,92.440539
-122.116425,200,93.300266
-125.84603,200,94.339993
-256.324493,200,95.183186
-121.501911,200,96.025633
-116.44652,200,97.012218
-226.034652,200,97.881402
-114.512133,200,98.728215
-2.693215,200,99.703978
-222.78446,200,100.548962
-330.307499,200,101.38094
-126.367388,200,102.212603
-114.700392,200,103.056458
-116.470885,200,104.093255
-226.190276,200,105.021217
-243.763838,200,106.029338
-0.775293,200,106.864804
-1.053712,200,107.698978
-121.885911,200,108.674111
-125.654391,200,109.516906
-121.209044,200,110.403681
-128.648474,200,111.243765
-117.266412,200,112.265704
-115.813045,200,113.0967
-118.397924,200,113.923436
-119.198448,200,114.755656
-120.108685,200,115.593914
-231.461387,200,116.42254
-121.70167,200,117.385377
-120.265692,200,118.219452
-120.837329,200,119.049005
-119.359287,200,119.880095
-124.593498,200,120.925315
-235.919086,200,121.755626
-115.990177,200,122.582209
-126.024655,200,123.408618
-239.616675,200,124.234791
-119.319051,200,125.061872
-122.048119,200,126.01671
-124.608851,200,126.850528
-230.425887,200,127.676741
-2.464637,200,128.502664
-124.537059,200,129.551706
-230.863455,200,130.383102
-121.568665,200,131.211968
-2.312197,200,132.039957
-115.176987,200,132.866569
-120.166313,200,133.693521
-131.790804,200,134.649335
-119.291684,200,135.482918
-236.059215,200,136.31102
-1.855407,200,137.13796
-12.434957,200,138.192264
-2.601513,200,139.023245
-15.196983,200,139.852132
-13.676334,200,140.679765
-131.830606,200,141.508013
-127.350481,200,142.335748
-133.257183,200,143.294499
-139.898841,200,144.127734
-251.692284,200,144.954334
-257.073987,200,145.837763
-139.773631,200,146.831274
-142.042389,200,147.660435
-135.779488,200,148.488358
-251.349976,200,149.316771
-251.014511,200,150.143865
-253.598488,200,150.970039
-146.409833,200,151.927106
-253.504977,200,152.761656
-140.061161,200,153.589281
-143.447842,200,154.416594
-138.101007,200,155.408323
-143.019176,200,156.239152
-137.783332,200,157.067463
-136.484048,200,157.907831
-138.430301,200,158.735587
-17.849693,200,159.564328
-245.815097,200,160.52209
-120.279176,200,161.356725
-125.973104,200,162.182718
-119.06553,200,163.064783
-242.804737,200,164.09776
-126.984965,200,164.927584
-116.930984,200,165.758623
-115.862316,200,166.588327
-122.144591,200,167.417999
-129.276627,200,168.247078
-119.787149,200,169.206385
-355.666728,200,170.262312
-325.265059,200,171.095631
-117.283293,200,172.042664
-4.698837,200,172.958319
-127.776702,200,173.784615
-237.159492,200,174.782284
-238.280121,200,175.612947
-1.944674,200,176.440894
-347.078074,200,177.271817
-119.228883,200,178.23371
-124.967738,200,179.070278
-128.392037,200,179.900127
-2.98606,200,180.733485
-233.939836,200,181.774768
-121.553177,200,182.605109
-245.003654,200,183.436106
-234.731438,200,184.264351
-127.835031,200,185.092057
-123.582519,200,185.919289
-118.465901,200,186.876377
-257.791085,200,187.710139
-125.639467,200,188.538637
-123.324965,200,189.447931
-125.560374,200,190.419446
-253.446057,200,191.248584
-127.499923,200,192.074244
-123.336405,200,192.902241
-117.189769,200,193.730116
-121.352509,200,194.556941
-245.332981,200,195.514637
-228.516698,200,196.348251
-127.876347,200,197.176337
-3.723984,200,198.011136
-124.712418,200,199.001419
-335.343268,200,199.832181
-5.294473,200,200.661024
-121.595728,200,201.490055
-120.135607,200,202.318008
-119.199898,200,203.146105
-126.379893,200,204.104991
-126.436216,200,204.940555
-5.450392,200,205.768616
-125.805734,200,206.596734
-124.693854,200,207.64612
-226.883858,200,208.479917
-227.802339,200,209.308758
-125.894372,200,210.137162
-128.162323,200,210.966843
-2.911929,200,211.794696
-235.330053,200,212.752171
-236.58401,200,213.587553
-238.777319,200,214.414627
-2.791006,200,215.300144
-332.601076,200,216.268064
-245.88383,200,217.095445
-247.52203,200,217.944576
-119.359315,200,218.774383
-238.352641,200,219.603065
-123.526043,200,220.430841
-122.746258,200,221.394196
-232.450558,200,222.230114
-125.440963,200,223.066724
-232.184538,200,223.973239
-227.4439,200,224.952084
-226.831843,200,225.810596
-242.61182,200,226.840117
-118.851741,200,227.670432
-130.184431,200,228.500425
-127.233217,200,229.330174
-119.044132,200,230.290203
-245.808499,200,231.12629
-2.731869,200,231.957554
-118.960941,200,232.787938
-2.723263,200,233.780511
-122.54995,200,234.615783
-114.919532,200,235.447974
-128.129,200,236.278572
-121.417192,200,237.105371
-116.179735,200,237.945546
-117.192573,200,238.903716
-240.961971,200,239.773604
-121.717198,200,240.602701
-124.548249,200,241.449409
-229.105698,200,242.487763
-228.074087,200,243.316896
-329.124445,200,244.148605
-122.905916,200,244.977609
-0.551146,200,245.806096
-116.132246,200,246.633684
-117.463756,200,247.593396
-242.731624,200,248.429731
-0.65405,200,249.259015
-237.009393,200,250.088677
-126.175065,200,251.140045
-124.217943,200,251.971513
-232.732139,200,252.799932
-121.175339,200,253.629954
-230.830617,200,254.457742
-121.583337,200,255.285955
-120.565597,200,256.244542
-115.054005,200,257.079952
-226.127123,200,257.920711
-231.921299,200,258.749979
-114.959246,200,259.737553
-232.40404,200,260.56885
-119.997127,200,261.396845
-116.472882,200,262.224548
-123.624898,200,263.053779
-120.52004,200,263.883425
-116.467001,200,264.843523
-232.398042,200,265.678708
-128.39175,200,266.506446
-116.177578,200,267.357871
-227.469072,200,268.385531
-236.043052,200,269.215892
-119.541785,200,270.045741
-249.651218,200,270.876026
-121.787936,200,271.704076
-123.439202,200,272.533463
-116.873984,200,273.491466
-244.036288,200,274.327488
-115.240729,200,275.156612
-237.500815,200,276.002717
-239.31957,200,277.013318
-125.074491,200,277.853045
-124.598924,200,278.682002
-123.918036,200,279.509281
-0.742934,200,280.336069
-1.318311,200,281.163942
-124.983904,200,282.120046
-127.146108,200,282.955184
-125.113577,200,283.790828
-121.244288,200,284.63309
-1.7775,200,285.678236
-125.90731,200,286.50593
-228.189388,200,287.337133
-225.731926,200,288.167152
-0.8566,200,288.996038
-125.309341,200,289.826034
-125.660989,200,290.786716
-226.501572,200,291.62113
-244.513959,200,292.449672
-1.656281,200,293.29087
-2.034827,200,294.273884
-115.493253,200,295.105361
-252.622861,200,295.935635
-119.970216,200,296.767848
-316.679681,200,297.602768
-128.277259,200,298.43202
-225.531552,200,299.393917
-124.44109,200,300.23241
-227.872918,200,301.061364
-125.04384,200,301.90542
-126.97758,200,302.942325
-317.562078,200,303.773858
-120.358841,200,304.606169
-225.047158,200,305.43661
-126.140722,200,306.266658
-119.740221,200,307.096087
-125.994266,200,308.058466
-226.700681,200,308.898326
-242.269183,200,309.728661
-125.382821,200,310.559533
-117.265451,200,311.60916
-117.691595,200,312.439772
-117.317405,200,313.270097
-119.336335,200,314.101375
-125.138884,200,314.968638
-232.905165,200,315.835525
-226.655077,200,316.794791
-120.244958,200,317.64094
-119.752359,200,318.470223
-122.741674,200,319.300027
-230.634254,200,320.295763
-128.966698,200,321.127525
-120.992357,200,321.957753
-119.031135,200,322.789194
-228.363092,200,323.620154
-126.150819,200,324.451006
-118.106237,200,325.409353
-125.352186,200,326.246934
-121.384691,200,327.076027
-128.10298,200,327.90569
-120.239914,200,328.98253
-120.239019,200,329.815781
-120.002031,200,330.643257
-119.713278,200,331.473004
-124.959454,200,332.302991
-120.017701,200,333.131883
-241.506535,200,334.126573
-124.802071,200,334.963203
-1.11944,200,335.79254
-125.708104,200,336.621815
-0.408951,200,337.678757
-115.157002,200,338.51514
-125.305771,200,339.349473
-121.085267,200,340.181506
-126.579976,200,341.011283
-120.572625,200,341.872224
-235.146735,200,342.928588
-119.657866,200,343.775454
-0.684039,200,344.622724
-121.223229,200,345.482218
-117.141876,200,346.507838
-119.56074,200,347.33928
-116.416774,200,348.171164
-228.484767,200,349.002095
-233.666894,200,349.831522
-123.982131,200,350.660988
-125.5464,200,351.619412
-0.916773,200,352.454812
-231.200681,200,353.283387
-228.834937,200,354.113444
-118.918174,200,355.182188
-115.365778,200,356.048553
-126.659573,200,356.892914
-1.144372,200,357.81671
-126.218902,200,358.682642
-0.531847,200,359.517756
-0.666449,200,360.483038
-116.734281,200,361.321603
-231.212862,200,362.154008
-232.873481,200,362.986279
-222.801777,200,364.105767
-117.606713,200,364.95017
-119.289984,200,365.783208
-239.404216,200,366.619484
-117.540979,200,367.450859
-235.411125,200,368.281243
-240.442769,200,369.241728
-120.531757,200,370.079279
-123.035915,200,370.910077
-0.83734,200,371.782938
-118.945368,200,372.753631
-2.336557,200,373.587125
-1.510863,200,374.419693
-230.354847,200,375.250958
-244.357091,200,376.081347
-226.16328,200,376.911622
-124.029585,200,377.877644
-232.443252,200,378.715174
-123.816269,200,379.547305
-236.718946,200,380.377913
-115.305757,200,381.42906
-0.626513,200,382.262462
-124.077931,200,383.094223
-125.473692,200,383.927626
-119.423156,200,384.759108
-0.579987,200,385.5889
-313.079877,200,386.557025
-1.725753,200,387.396902
-250.041141,200,388.227638
-231.092178,200,389.057918
-116.179934,200,389.957806
-119.497771,200,390.946039
-117.462335,200,391.876827
-226.586713,200,392.835361
-116.17836,200,393.668026
-123.816051,200,394.500922
-120.927415,200,395.462379
-2.99796,200,396.299663
-127.839813,200,397.129295
-117.676442,200,397.976182
-0.477461,200,399.000073
-114.952977,200,399.832152
-326.3407,200,400.66277
-228.674795,200,401.492622
-118.849833,200,402.323721
-322.731126,200,403.153103
-226.27629,200,404.113294
-124.012537,200,404.950448
-242.733273,200,405.779452
-0.811382,200,406.610003
-1.169281,200,407.698755
-117.682989,200,408.532314
-123.418511,200,409.363398
-126.7854,200,410.194331
-117.08117,200,411.030548
-115.862607,200,411.862128
-128.740638,200,412.82605
-125.836911,200,413.665392
-241.315432,200,414.495822
-119.941084,200,415.333227
-119.635593,200,416.33373
-120.662165,200,417.165472
-3.923964,200,418.006915
-1.318677,200,418.839482
-115.723762,200,419.670709
-230.809105,200,420.500978
-243.452532,200,421.465222
-3.965245,200,422.301718
-226.989817,200,423.134394
-125.073837,200,423.966395
-121.592603,200,425.019271
-234.856139,200,425.852104
-114.24511,200,426.683147
-227.447931,200,427.514579
-122.524562,200,428.345557
-122.779985,200,429.176131
-121.0805,200,430.138073
-122.274239,200,430.974683
-238.305675,200,431.806496
-280.753623,200,432.636368
-238.67859,200,433.718325
-119.461606,200,434.553735
-229.115604,200,435.384908
-116.144823,200,436.215372
-119.280228,200,437.046232
-122.825865,200,437.887616
-117.736538,200,438.855745
-121.574643,200,439.694028
-117.447477,200,440.530246
-231.107254,200,441.379608
-223.825828,200,442.358522
-125.608746,200,443.191527
-121.661093,200,444.191072
-120.38934,200,445.081531
-1.206763,200,445.915308
-120.587963,200,446.747425
-121.948957,200,447.707449
-121.627159,200,448.544526
-128.902242,200,449.376718
-231.189788,200,450.206543
-308.423731,200,451.191381
-3.695225,200,452.074577
-121.668838,200,452.902733
-115.959718,200,453.734096
-126.329519,200,454.564387
-221.474457,200,455.393327
-124.131778,200,456.354513
-121.286616,200,457.192702
-116.334705,200,458.035553
-229.881693,200,458.866941
-237.919119,200,459.91717
-117.010371,200,460.751266
-359.834543,200,461.584115
-122.168782,200,462.415867
-233.851562,200,463.249248
-227.432105,200,464.08464
-245.400614,200,465.047944
-250.381093,200,465.885872
-1.847251,200,466.717812
-225.873129,200,467.548996
-120.178721,200,468.54758
-0.539181,200,469.380743
-224.580296,200,470.213613
-317.696636,200,471.047161
-0.602291,200,471.879171
-228.807247,200,472.711176
-122.06892,200,473.672162
-287.768513,200,474.508006
-295.983715,200,475.3411
-126.339601,200,476.176651
-121.532617,200,477.265446
-121.702473,200,478.104553
-235.986798,200,478.937289
-125.832412,200,479.770173
-243.072379,200,480.600432
-124.628942,200,481.429956
-222.254085,200,482.391326
-117.526738,200,483.228882
-126.167003,200,484.060636
-121.759101,200,484.892606
-122.045555,200,485.944788
-120.540227,200,486.780481
-124.605109,200,487.611835
-122.586094,200,488.443964
-229.638156,200,489.27512
-225.899699,200,490.105961
-119.928745,200,491.074163
-125.405067,200,491.918067
-123.964906,200,492.769328
-1.175359,200,493.603659
-122.308251,200,494.438267
-117.316834,200,495.495646
-314.316865,200,496.402759
-119.857789,200,497.400419
-115.185641,200,498.23262
-240.317196,200,499.065309
-117.515834,200,500.029231
-119.98341,200,500.867079
-122.129611,200,501.700011
-125.142769,200,502.535174
-284.415546,200,503.554584
-1.81694,200,504.397807
-119.312006,200,505.231893
-122.015529,200,506.064875
-115.197945,200,506.897237
-0.650428,200,507.727788
-2.053104,200,508.690288
-246.876863,200,509.528209
-231.84445,200,510.359484
-0.762829,200,511.268417
-114.121223,200,512.240091
-222.432655,200,513.073525
-124.052961,200,513.903947
-226.39111,200,514.733324
-231.191917,200,515.562559
-224.392202,200,516.392347
-122.250837,200,517.363536
-2.21703,200,518.200772
-117.342108,200,519.032359
-122.971985,200,519.861954
-125.692089,200,520.836413
-114.819901,200,521.730841
-124.24339,200,522.561903
-122.546305,200,523.39471
-120.20084,200,524.230528
-1.4071,200,525.060474
-118.13083,200,526.019864
-238.492493,200,526.855795
-119.488696,200,527.686205
-341.143317,200,528.515677
-230.693,200,529.49166
-121.049345,200,530.413917
-226.615992,200,531.250339
-252.979101,200,532.084498
-125.008479,200,532.917556
-121.628605,200,533.752865
-229.636761,200,534.725324
-119.248066,200,535.563401
-331.968395,200,536.395821
-117.363907,200,537.229588
-123.487201,200,538.26252
-125.412721,200,539.127375
-0.939016,200,540.020854
-236.024876,200,540.853671
-119.104049,200,541.682907
-2.226187,200,542.513008
-117.670963,200,543.474241
-125.62667,200,544.313562
-123.050346,200,545.14575
-238.522051,200,545.979134
-1.578276,200,547.028014
-116.898844,200,547.861324
-122.17483,200,548.692468
-124.027316,200,549.523344
-235.964819,200,550.355143
-3.016967,200,551.186707
-226.218106,200,552.147229
-296.204856,200,552.9864
-237.453701,200,553.819992
-119.829947,200,554.653573
-119.27631,200,555.707507
-122.084583,200,556.541438
-238.833444,200,557.387184
-119.061195,200,558.218644
-236.210403,200,559.050041
-0.877758,200,559.882126
-361.838868,200,560.844846
-2.130101,200,561.682915
-0.55245,200,562.513408
-117.817634,200,563.344836
-124.195078,200,564.432085
-116.896869,200,565.267467
-121.874773,200,566.100408
-120.286435,200,566.932222
-116.699247,200,567.761756
-243.540329,200,568.591871
-262.500614,200,569.55162
-118.090559,200,570.390962
-116.822805,200,571.224147
-119.317359,200,572.055943
-223.096843,200,573.108949
-122.250492,200,573.945382
-126.315003,200,574.780516
-123.705518,200,575.61479
-117.90748,200,576.446597
-228.146802,200,577.285316
-0.572277,200,578.249449
-133.358089,200,579.087843
-119.247974,200,579.920644
-233.136694,200,580.759672
-126.487319,200,581.746404
-255.237809,200,582.579331
-224.645005,200,583.413467
-125.442218,200,584.251344
-124.589749,200,585.082619
-121.261712,200,585.913882
-223.878944,200,586.875147
-123.94577,200,587.713895
-123.226481,200,588.54615
-230.290519,200,589.376466
-311.150633,200,590.393078
-235.722882,200,591.26058
-118.943054,200,592.094785
-0.637995,200,592.926839
-113.930682,200,593.759208
-118.013896,200,594.58863
-0.985925,200,595.553067
-116.835509,200,596.392987
-125.892747,200,597.22601
-229.380063,200,598.066283
-231.929792,200,599.096915
-0.748073,200,599.930238
-127.206205,200,600.762321
-234.34373,200,601.59374
-122.767622,200,602.426809
-1.05686,200,603.258248
-234.400151,200,604.219878
-0.467367,200,605.057338
-130.508265,200,605.88982
-121.588368,200,606.721579
-123.052868,200,607.776667
-113.365318,200,608.610922
-114.571922,200,609.441489
-2.505342,200,610.272607
-128.40376,200,611.102394
-121.136094,200,611.933396
-128.801829,200,612.892776
-119.634212,200,613.732357
-0.574986,200,614.563382
-122.2413,200,615.412441
-0.439798,200,616.39981
-224.986673,200,617.236957
-122.143593,200,618.075393
-124.561211,200,618.908427
-115.610464,200,619.741811
-229.159399,200,620.572108
-117.454943,200,621.531164
-117.717433,200,622.370217
-120.912523,200,623.202946
-239.380783,200,624.034081
-113.675354,200,625.088216
-227.88238,200,625.924184
-1.268826,200,626.755825
-244.349205,200,627.586868
-240.970886,200,628.419125
-118.850526,200,629.250903
-257.440968,200,630.211168
-0.553329,200,631.093429
-227.592303,200,632.03453
-117.599256,200,633.009811
-276.759594,200,634.016748
-225.343184,200,634.896074
-1.26158,200,635.758771
-119.8111,200,636.620981
-125.620928,200,637.47052
-120.719748,200,638.315977
-242.185291,200,639.273633
-235.540993,200,640.10804
-120.605209,200,640.930007
-117.857843,200,641.757799
-244.791859,200,642.779832
-116.398907,200,643.620375
-1.890313,200,644.453678
-223.037145,200,645.285179
-119.95605,200,646.134945
-114.140685,200,647.217775
-0.510667,200,648.192685
-126.677724,200,649.033372
-228.174384,200,649.863708
-119.615854,200,650.693677
-118.219102,200,651.702781
-125.555058,200,652.547933
-118.153658,200,653.387252
-125.057863,200,654.219166
-118.810962,200,655.049705
-124.237275,200,655.87952
-118.950229,200,656.853816
-120.464564,200,657.716551
-121.633182,200,658.550903
-223.443012,200,659.383946
-238.798616,200,660.223998
-236.112865,200,661.290645
-1.494249,200,662.142752
-122.871339,200,663.208671
-224.615568,200,664.043024
-120.619042,200,664.887105
-242.440991,200,665.858442
-233.252283,200,666.697893
-117.352471,200,667.537746
-125.881421,200,668.420065
-233.739477,200,669.423296
-232.856813,200,670.254381
-119.127714,200,671.085534
-119.695759,200,671.915448
-119.334625,200,672.75689
-117.484363,200,673.59363
-123.515643,200,674.553659
-342.014098,200,675.392298
-327.560314,200,676.227397
-0.538131,200,677.063408
-0.58186,200,678.170175
-123.217506,200,679.024557
-121.352532,200,679.861271
-124.359331,200,680.695567
-120.354252,200,681.526574
-121.765154,200,682.410675
-117.841228,200,683.426349
-123.686341,200,684.281928
-127.640822,200,685.159939
-1.081726,200,686.005276
-238.970153,200,687.216186
-125.297165,200,688.137865
-231.88936,200,688.990077
-123.877127,200,689.898834
-114.059082,200,690.839058
-335.177976,200,691.677795
-115.851415,200,692.693765
-123.227525,200,693.551542
-0.460394,200,694.408391
-366.223273,200,695.348071
-128.300187,200,696.350284
-227.598117,200,697.266143
-240.706456,200,698.166201
-128.228511,200,699.012011
-122.96046,200,699.873903
-115.603261,200,700.718053
-124.072328,200,701.697137
-126.239108,200,702.547143
-123.326443,200,703.398463
-233.804912,200,704.245031
-127.377966,200,705.291412
-116.191645,200,706.152306
-233.801213,200,706.986303
-0.609959,200,707.81968
-124.705296,200,708.651317
-119.960125,200,709.483419
-311.749957,200,710.444479
-243.787561,200,711.280967
-126.262732,200,712.118731
-232.652654,200,712.974753
-2.199094,200,714.007384
-0.681473,200,714.842006
-125.085375,200,715.674413
-226.661333,200,716.510249
-119.547024,200,717.35759
-124.075745,200,718.188602
-120.119585,200,719.148586
-118.084522,200,719.994335
-1.714224,200,720.824978
-120.571106,200,721.655247
-128.194273,200,722.68694
-116.137973,200,723.522086
-237.412807,200,724.37341
-130.39357,200,725.20807
-228.161461,200,726.053534
-223.66913,200,726.900786
-126.615389,200,727.87049
-117.440058,200,728.712717
-120.448919,200,729.598835
-224.295232,200,730.531539
-1.766364,200,731.611524
-0.973537,200,732.456857
-225.43317,200,733.324759
-223.912798,200,734.167712
-4.704608,200,735.056591
-119.410838,200,735.950571
-227.419857,200,736.939838
-124.960268,200,737.781932
-1.937804,200,738.61313
-224.449577,200,739.44546
-121.851721,200,740.454131
-227.294436,200,741.295335
-115.252676,200,742.127869
-116.538251,200,742.961296
-228.036722,200,743.793568
-241.932232,200,744.625763
-123.791377,200,745.58624
-117.211126,200,746.426698
-115.978679,200,747.256114
-121.942165,200,748.101547
-0.443105,200,749.137654
-232.063497,200,749.97097
-125.76356,200,750.803699
-242.901781,200,751.645739
-120.77155,200,752.482779
-119.306689,200,753.32909
-124.612829,200,754.297601
-123.847118,200,755.141931
-117.339854,200,755.98595
-120.921342,200,756.837794
-125.593603,200,757.90699
-232.346886,200,758.789823
-1.965919,200,759.690181
-125.892141,200,760.53002
-245.040778,200,761.38664
-0.662409,200,762.243144
-219.982335,200,763.222453
-124.714106,200,764.066455
-125.119179,200,764.915237
-115.613569,200,765.758378
-116.882571,200,766.857545
-113.073342,200,767.707301
-118.91101,200,768.55281
-224.180839,200,769.389734
-117.647893,200,770.231095
-226.388921,200,771.068268
-115.551446,200,772.030653
-0.74667,200,772.875993
-116.703066,200,773.707972
-124.817306,200,774.57713
-117.417035,200,775.607068
-232.23629,200,776.44473
-1.076624,200,777.290112
-292.287992,200,778.140265
-235.100616,200,778.973086
-116.510116,200,779.82225
-348.283177,200,780.799298
-223.919277,200,781.650195
-122.52375,200,782.508728
-224.256157,200,783.445329
-232.299033,200,784.404864
-121.506263,200,785.24863
-119.903723,200,786.086375
-128.053586,200,786.917277
-128.573619,200,787.771981
-123.949996,200,788.630123
-121.685823,200,789.602471
-118.927137,200,790.463289
-230.759364,200,791.310983
-233.481548,200,792.171571
-0.873661,200,793.21444
-117.210913,200,794.058449
-121.128282,200,794.91585
-226.154308,200,795.779148
-121.06488,200,796.622944
-226.458015,200,797.486268
-275.300265,200,798.472241
-116.95082,200,799.313701
-124.670958,200,800.162151
-113.3786,200,801.041976
-233.392672,200,802.07823
-0.478119,200,802.929227
-331.472773,200,803.773107
-120.933319,200,804.616357
-118.920006,200,805.517416
-228.400483,200,806.371983
-125.924613,200,807.35563
-121.913083,200,808.236917
-330.185052,200,809.080919
-228.1917,200,809.936432
-239.372376,200,810.938752
-117.004243,200,811.777555
-117.144953,200,812.614944
-238.404249,200,813.460123
-247.401821,200,814.30933
-123.265748,200,815.168178
-233.922645,200,816.14768
-0.491942,200,817.002627
-122.674642,200,817.877465
-224.792272,200,818.730144
-1.875392,200,819.773592
-123.194542,200,820.641751
-230.396349,200,821.474801
-122.170093,200,822.311954
-1.850542,200,823.148078
-246.855685,200,823.998761
-123.67209,200,824.989399
-120.143201,200,825.831125
-115.463789,200,826.66585
-125.388235,200,827.629579
-237.504107,200,828.57059
-124.511829,200,829.402458
-242.704337,200,830.234708
-239.715963,200,831.066614
-300.12541,200,831.896443
-233.629325,200,832.725849
-230.658241,200,833.697036
-0.954355,200,834.532965
-122.167163,200,835.362919
-222.507079,200,836.218466
-1.509358,200,837.250914
-125.531032,200,838.097587
-117.20885,200,838.951242
-221.926076,200,839.803207
-122.171826,200,840.651399
-240.237102,200,841.496779
-222.879348,200,842.482661
-116.93499,200,843.347548
-1.115843,200,844.203645
-117.174691,200,845.04679
-117.445059,200,846.125002
-122.636385,200,846.980043
-124.520263,200,847.831872
-121.668267,200,848.664315
-125.332644,200,849.520289
-232.988752,200,850.365404
-115.995984,200,851.343789
-242.224493,200,852.260589
-122.4335,200,853.109304
-0.322532,200,853.970223
-120.218422,200,855.062936
-1.579126,200,855.903774
-116.157046,200,856.761757
-125.458052,200,857.625602
-118.238771,200,858.467257
-223.660994,200,859.304255
-227.479497,200,860.299272
-254.715641,200,861.137406
-227.391899,200,861.967695
-0.70182,200,862.813306
-226.253587,200,863.844341
-304.57262,200,864.730455
-118.092848,200,865.578408
-340.386334,200,866.439123
-221.972004,200,867.274334
-119.649698,200,868.114637
-124.849136,200,869.088035
-116.716963,200,869.956497
-226.182821,200,870.796935
-129.434939,200,871.635066
-0.559662,200,872.636123
-117.643902,200,873.473126
-119.508686,200,874.306039
-0.466148,200,875.213829
-126.571584,200,876.059087
-1.482055,200,876.904327
-235.740862,200,877.942303
-120.082059,200,878.81143
-288.925574,200,879.714147
-222.988714,200,880.571809
-118.561098,200,881.525609
-1.204663,200,882.532209
-0.423632,200,883.583624
-1.897035,200,884.552776
-121.352652,200,885.400559
-114.801648,200,886.262637
-129.098234,200,887.276157
-0.71999,200,888.14667
-124.791301,200,889.006444
-363.053752,200,889.873092
-226.981862,200,890.922275
-1.156298,200,891.788297
-117.446402,200,892.650751
-123.978593,200,893.498295
-117.009964,200,894.349191
-126.69149,200,895.217343
-119.131393,200,896.188181
-118.691065,200,897.032412
-121.182354,200,897.90032
-122.573953,200,898.858782
-120.927454,200,899.814641
-123.763409,200,900.648044
-121.006911,200,901.480134
-118.974522,200,902.310706
-125.746714,200,903.142212
-118.409733,200,903.972676
-250.626922,200,904.932457
-119.637913,200,905.770702
-3.756945,200,906.618193
-124.566563,200,907.475519
-341.385317,200,908.475421
-121.939492,200,909.325057
-1.442845,200,910.159057
-123.466966,200,910.99248
-119.09911,200,911.82364
-114.723684,200,912.654675
-229.003708,200,913.614696
-1.832414,200,914.451778
-236.212682,200,915.284301
-118.932604,200,916.116278
-124.669638,200,917.176042
-121.784218,200,918.021999
-224.859719,200,918.854461
-0.501787,200,919.688259
-2.510062,200,920.518605
-119.904692,200,921.443137
-123.20536,200,922.405051
-121.71995,200,923.242327
-126.162087,200,924.072893
-113.720206,200,924.913887
-119.985065,200,925.977934
-118.778824,200,926.812762
-120.967309,200,927.642748
-126.839561,200,928.473505
-0.601307,200,929.303875
-0.518643,200,930.133685
-122.525935,200,931.093883
-220.409843,200,931.929791
-121.023047,200,932.761428
-117.81396,200,933.596015
-120.040852,200,934.64504
-125.801185,200,935.512627
-0.425326,200,936.344705
-120.813623,200,937.175752
-119.283721,200,938.016464
-225.100515,200,938.846308
-122.480251,200,939.805228
-117.904461,200,940.641959
-118.360177,200,941.473152
-117.460401,200,942.302217
-122.253197,200,943.299229
-119.661301,200,944.141799
-234.769377,200,944.97381
-1.035151,200,945.807166
-269.039782,200,946.638559
-121.205809,200,947.470116
-227.971474,200,948.430282
-0.974681,200,949.267436
-122.272116,200,950.100253
-232.529818,200,950.929726
-244.897861,200,951.878523
-227.943613,200,952.815005
-297.496153,200,953.648022
-115.329533,200,954.481669
-118.306674,200,955.313888
-119.27748,200,956.145677
-115.8595,200,957.102694
-239.631229,200,957.943653
-235.80723,200,958.773629
-118.296027,200,959.604377
-121.056393,200,960.633225
-126.718466,200,961.467178
-116.31094,200,962.298232
-121.180031,200,963.129293
-115.372679,200,963.960358
-116.173585,200,964.790875
-121.525154,200,965.750539
-240.617066,200,966.587296
-229.553214,200,967.417927
-121.375197,200,968.247455
-126.118891,200,969.227325
-227.938882,200,970.136496
-115.857423,200,970.971683
-229.4672,200,971.804959
-114.914466,200,972.636264
-259.507597,200,973.468329
-122.967036,200,974.427689
-0.484346,200,975.265115
-227.880956,200,976.096382
-225.810416,200,976.925627
-122.23213,200,977.88683
-5.050292,200,978.814968
-0.484573,200,979.647739
-122.383016,200,980.480372
-284.810103,200,981.312179
-119.090963,200,982.142777
-238.989323,200,983.10218
-117.13872,200,983.938706
-220.633403,200,984.823646
-0.337577,200,985.684849
-253.164301,200,986.647905
-0.443399,200,987.479136
-124.385758,200,988.311951
-127.299541,200,989.144313
-2.893183,200,989.975802
-125.745041,200,990.807742
-115.003181,200,991.768367
-120.428889,200,992.605369
-121.757256,200,993.435596
-253.209982,200,994.27627
-117.152858,200,995.318688
-120.505243,200,996.151452
-225.565485,200,996.985202
-113.05451,200,997.829105
-234.512728,200,998.65937
-116.544401,200,999.489036
-123.771071,200,1000.449619
-122.859764,200,1001.286018
-116.746088,200,1002.116839
-117.170622,200,1002.946604
-230.721931,200,1003.975985
-246.310764,200,1004.810893
-237.655646,200,1005.642416
-121.336844,200,1006.475244
-0.53865,200,1007.307631
-116.918356,200,1008.139893
-126.655889,200,1009.100609
-1.444044,200,1009.938764
-2.067419,200,1010.77186
-124.747304,200,1011.603828
-122.342597,200,1012.655158
-235.271683,200,1013.530407
-240.056209,200,1014.363361
-122.217813,200,1015.196833
-225.439563,200,1016.02839
-231.178808,200,1016.858024
-116.990968,200,1017.823907
-0.655617,200,1018.666543
-232.955678,200,1019.497472
-244.47102,200,1020.328554
-126.584351,200,1021.326133
-228.345427,200,1022.214644
-124.973436,200,1023.046097
-124.25928,200,1023.877458
-1.639906,200,1024.708775
-2.927451,200,1025.538678
-225.002313,200,1026.499305
-232.42879,200,1027.336183
-124.190798,200,1028.167618
-122.72629,200,1029.005489
-120.922519,200,1029.993753
-228.019252,200,1030.82749
-123.744816,200,1031.659376
-118.545999,200,1032.490374
-119.705596,200,1033.322223
-122.090904,200,1034.152559
-118.430844,200,1035.111598
-119.84585,200,1035.948657
-121.641518,200,1036.77981
-347.631251,200,1037.614039
-115.637911,200,1038.672493
-236.844066,200,1039.505113
-124.53984,200,1040.337848
-228.968319,200,1041.169831
-220.55845,200,1042.000821
-0.879788,200,1042.830677
-239.86053,200,1043.788976
-279.928367,200,1044.626425
-119.530027,200,1045.457053
-1.838116,200,1046.29468
-1.721293,200,1047.290684
-235.468017,200,1048.12324
-123.859725,200,1048.954609
-234.235043,200,1049.786178
-125.540371,200,1050.617402
-120.888673,200,1051.447791
-297.020877,200,1052.410547
-119.659256,200,1053.245703
-119.659463,200,1054.075553
-119.506309,200,1054.979139
-122.499311,200,1055.957276
-122.740263,200,1056.789802
-249.676667,200,1057.632996
-0.557686,200,1058.467647
-0.928645,200,1059.315193
-217.710527,200,1060.150199
-0.64264,200,1061.112073
-124.440716,200,1061.947952
-120.862683,200,1062.784694
-230.147741,200,1063.626181
-216.768153,200,1064.670044
-303.124509,200,1065.51618
-125.727616,200,1066.346279
-227.542031,200,1067.176817
-231.67325,200,1068.008472
-124.635734,200,1068.840099
-230.455297,200,1069.803808
-118.638732,200,1070.649787
-117.577298,200,1071.482977
-117.916448,200,1072.324292
-121.900557,200,1073.367375
-118.407628,200,1074.216915
-119.234465,200,1075.048428
-122.089858,200,1075.892679
-235.433598,200,1076.726057
-115.300481,200,1077.571906
-120.288957,200,1078.534453
-122.678766,200,1079.37335
-115.062961,200,1080.205881
-231.978437,200,1081.037299
-230.373453,200,1082.029944
-114.315318,200,1082.863383
-126.920182,200,1083.696201
-225.697164,200,1084.528721
-235.583358,200,1085.360211
-228.625926,200,1086.191816
-122.451388,200,1087.152098
-225.172889,200,1087.990831
-365.603137,200,1088.822208
-125.063145,200,1089.653112
-117.521932,200,1090.511633
-125.617708,200,1091.551954
-118.400458,200,1092.386181
-227.550364,200,1093.220158
-121.02552,200,1094.052179
-247.297354,200,1094.883204
-1.224492,200,1095.853186
-123.480257,200,1096.707926
-123.549838,200,1097.552099
-234.815921,200,1098.385408
-123.218074,200,1099.215595
-0.721835,200,1100.105172
-124.537223,200,1101.075537
-117.296733,200,1101.917113
-114.378889,200,1102.961218
-117.216,200,1103.799306
-123.759275,200,1104.779178
-223.169214,200,1105.618324
-122.006718,200,1106.450214
-123.721019,200,1107.281235
-230.069384,200,1108.375689
-1.294949,200,1109.210787
-222.32157,200,1110.042687
-120.570331,200,1110.875834
-122.667389,200,1111.706093
-123.446797,200,1112.536435
-113.677291,200,1113.496823
-0.53353,200,1114.333989
-231.358391,200,1115.165342
-119.546313,200,1115.998918
-121.655563,200,1116.990029
-120.768479,200,1117.834249
-125.320522,200,1118.665842
-114.41942,200,1119.496388
-122.733567,200,1120.327912
-233.403206,200,1121.157229
-236.657708,200,1122.116172
-126.526683,200,1122.954449
-246.995831,200,1123.790908
-123.60799,200,1124.622788
-239.022405,200,1125.698772
-1.130601,200,1126.545011
-120.14378,200,1127.386106
-119.190683,200,1128.221415
-129.078371,200,1129.05475
-1.5046,200,1129.887431
-225.414589,200,1130.850416
-122.923161,200,1131.695224
-1.033107,200,1132.538055
-117.076049,200,1133.376528
-223.530422,200,1134.42856
-116.988645,200,1135.264458
-0.968507,200,1136.097454
-120.101378,200,1136.928155
-122.56519,200,1137.767675
-115.893142,200,1138.597339
-121.115122,200,1139.569802
-124.28704,200,1140.415377
-122.402739,200,1141.268488
-257.076085,200,1142.142288
-230.642947,200,1143.20021
-124.332435,200,1144.040444
-122.693078,200,1144.877878
-227.234191,200,1145.714378
-228.766391,200,1146.548152
-114.796227,200,1147.393543
-113.978153,200,1148.384925
-237.527338,200,1149.237484
-128.091032,200,1150.078987
-0.847669,200,1150.982996
-117.456031,200,1151.98578
-126.801231,200,1152.825774
-224.225476,200,1153.66168
-124.37131,200,1154.495765
-120.958918,200,1155.349888
-124.163616,200,1156.197802
-2.686948,200,1157.195023
-1.308678,200,1158.041656
-235.46565,200,1158.876342
-121.568526,200,1159.729748
-121.974644,200,1160.808696
-122.500804,200,1161.647535
-1.604903,200,1162.485634
-123.67747,200,1163.318782
-222.891759,200,1164.151765
-335.860639,200,1164.983122
-116.531702,200,1165.949793
-118.616856,200,1166.79493
-223.169055,200,1167.718676
-116.297863,200,1168.585382
-122.660342,200,1169.635307
-119.493166,200,1170.50002
-231.442029,200,1171.362891
-117.575051,200,1172.222524
-221.766895,200,1173.08734
-244.955566,200,1173.97784
-124.63964,200,1175.01604
-242.113443,200,1175.885569
-1.48084,200,1176.752662
-118.405248,200,1177.692041
-117.75594,200,1178.662339
-223.415816,200,1179.513469
-126.526412,200,1180.373408
-251.709246,200,1181.211428
-240.477297,200,1182.044499
-121.977478,200,1182.876421
-118.097838,200,1183.84106
-121.51823,200,1184.679395
-126.094212,200,1185.511026
-224.53727,200,1186.340203
-121.373731,200,1187.386116
-241.129442,200,1188.238784
-121.532286,200,1189.073348
-231.942015,200,1189.903945
-125.394406,200,1190.734182
-234.011957,200,1191.565125
-115.373326,200,1192.525741
-1.124214,200,1193.363852
-239.564019,200,1194.196492
-242.939534,200,1195.028661
-228.087159,200,1196.102105
-306.116406,200,1196.937639
-239.798026,200,1197.78014
-122.557487,200,1198.613604
-120.089264,200,1199.445349
-225.34387,200,1200.275974
-2.025669,200,1201.262364
-367.222007,200,1202.106377
-123.004494,200,1202.946588
-239.08792,200,1203.823978
-118.894779,200,1204.837004
-122.213932,200,1205.682805
-127.556045,200,1206.536129
-124.057516,200,1207.368191
-120.106319,200,1208.200317
-221.743737,200,1209.05525
-113.843913,200,1210.03914
-120.979948,200,1210.894984
-116.145663,200,1211.745641
-226.464468,200,1212.624896
-116.895211,200,1213.648304
-231.765031,200,1214.485832
-228.15289,200,1215.333393
-124.521642,200,1216.177312
-228.529359,200,1217.011291
-118.286851,200,1217.866329
-120.016623,200,1218.853813
-122.068018,200,1219.739079
-0.369607,200,1220.591882
-119.285213,200,1221.435051
-121.314913,200,1222.466498
-121.286206,200,1223.307906
-115.678679,200,1224.164321
-118.716037,200,1225.003144
-114.502239,200,1225.847437
-237.327441,200,1226.701778
-246.992396,200,1227.693976
-0.918937,200,1228.534465
-122.272761,200,1229.378148
-122.982031,200,1230.214847
-115.84541,200,1231.317355
-224.408715,200,1232.167049
-117.706243,200,1233.006219
-121.500662,200,1233.844263
-223.077293,200,1234.679325
-114.442636,200,1235.530001
-335.878489,200,1236.502928
-233.512639,200,1237.354052
-228.080821,200,1238.197534
-120.287061,200,1239.044116
-241.028991,200,1240.05521
-127.750259,200,1240.89783
-226.971235,200,1241.75557
-120.8525,200,1242.61044
-238.74541,200,1243.478868
-225.70473,200,1244.332893
-238.305808,200,1245.305079
-224.431259,200,1246.154078
-121.680833,200,1246.984583
-236.7546,200,1247.891059
-119.906582,200,1248.892015
-247.625714,200,1249.744108
-125.401453,200,1250.586171
-126.780572,200,1251.428655
-125.75304,200,1252.268571
-236.64144,200,1253.113337
-122.357572,200,1254.087578
-219.786675,200,1254.93158
-123.368241,200,1255.77003
-116.232415,200,1256.632896
-116.010485,200,1257.675115
-231.384591,200,1258.517185
-116.971322,200,1259.358469
-1.826172,200,1260.204417
-119.29613,200,1261.04598
-118.38949,200,1261.889221
-124.236044,200,1262.862602
-119.233028,200,1263.861138
-227.411745,200,1264.702198
-119.558413,200,1265.580132
-239.970689,200,1266.61551
-124.011877,200,1267.453456
-118.163801,200,1268.338835
-119.03604,200,1269.385481
-0.834763,200,1270.225107
-117.995171,200,1271.084739
-0.804519,200,1272.088733
-1.703438,200,1272.94805
-117.633014,200,1273.804155
-0.82822,200,1274.675797
-124.849352,200,1275.791381
-223.342083,200,1276.689778
-117.96337,200,1277.587553
-120.400804,200,1278.436392
-0.9348,200,1279.279322
-127.574518,200,1280.121234
-120.298227,200,1281.097046
-224.410551,200,1281.942944
-3.981104,200,1282.782081
-124.951951,200,1283.620265
-122.056675,200,1284.662431
-0.647572,200,1285.522254
-232.679865,200,1286.361509
-125.312729,200,1287.226018
-247.789531,200,1288.060338
-121.067414,200,1288.897215
-117.664087,200,1289.858302
-126.238598,200,1290.70033
-0.679522,200,1291.533551
-126.124987,200,1292.367539
-121.267086,200,1293.384727
-229.79985,200,1294.262108
-1.932771,200,1295.100257
-118.3776,200,1295.940285
-1.018035,200,1296.779598
-220.834157,200,1297.62196
-306.078629,200,1298.634117
-229.834617,200,1299.474586
-253.438595,200,1300.307324
-115.057995,200,1301.139505
-122.808934,200,1302.166603
-120.501838,200,1303.002577
-225.634678,200,1303.840552
-218.115453,200,1304.673951
-120.922531,200,1305.50498
-228.884807,200,1306.335527
-122.981126,200,1307.2959
-123.673653,200,1308.134755
-117.088841,200,1308.966971
-123.909068,200,1309.798303
-226.718912,200,1310.863076
-117.102356,200,1311.704088
-124.594684,200,1312.538503
-124.795703,200,1313.371865
-254.987944,200,1314.213097
-118.952007,200,1315.051818
-122.909755,200,1316.024639
-120.181758,200,1316.864901
-239.1145,200,1317.710394
-124.390627,200,1318.555075
-125.137561,200,1319.399407
-250.248134,200,1320.232304
-116.319133,200,1321.162806
-121.438116,200,1322.125018
-1.330821,200,1323.033807
-117.74414,200,1323.991356
-0.788756,200,1324.96434
-262.161049,200,1325.814646
-232.754173,200,1326.666422
-120.496241,200,1327.507099
-119.614123,200,1328.606076
-227.509267,200,1329.475484
-1.020241,200,1330.321168
-1.042771,200,1331.161514
-125.845629,200,1332.007082
-118.061949,200,1332.844738
-221.651585,200,1333.835927
-222.89752,200,1334.699372
-239.857836,200,1335.557692
-119.568066,200,1336.449187
-117.879967,200,1337.477207
-241.963158,200,1338.312144
-119.303514,200,1339.160455
-121.971928,200,1340.00009
-124.473844,200,1340.833779
-227.83319,200,1341.667465
-223.633621,200,1342.632863
-121.744145,200,1343.497153
-230.222608,200,1344.37937
-0.660971,200,1345.299122
-123.276228,200,1346.284829
-244.61034,200,1347.123932
-116.943791,200,1347.975892
-292.287085,200,1348.830408
-0.962,200,1349.675465
-118.882245,200,1350.518302
-125.211155,200,1351.500871
-129.011113,200,1352.369881
-119.489347,200,1353.21814
-0.856951,200,1354.184182
-226.436164,200,1355.115174
-237.186618,200,1355.970303
-121.471108,200,1356.813891
-118.392793,200,1357.675567
-126.774271,200,1358.534856
-130.087881,200,1359.390888
-231.612319,200,1360.372952
-119.082181,200,1361.225571
-270.954148,200,1362.063206
-115.206116,200,1362.999848
-116.099372,200,1363.980008
-123.707945,200,1364.828297
-233.01527,200,1365.669948
-225.545781,200,1366.503726
-120.468814,200,1367.340264
-222.159494,200,1368.190078
-117.326799,200,1369.155948
-219.22329,200,1369.993195
-223.999067,200,1370.825694
-233.900853,200,1371.659618
-230.969538,200,1372.714523
-124.571646,200,1373.554655
-115.37179,200,1374.398665
-226.652921,200,1375.24341
-115.053493,200,1376.089226
-122.281133,200,1376.933078
-244.072272,200,1377.916236
-234.880897,200,1378.773688
-229.487423,200,1379.618815
-125.169464,200,1380.457303
-120.422013,200,1381.441439
-123.472191,200,1382.315324
-1.812673,200,1383.157755
-225.834579,200,1383.998815
-218.016156,200,1384.846643
-124.337499,200,1385.684134
-5.749037,200,1386.646462
-115.135441,200,1387.495174
-117.638531,200,1388.329634
-220.709287,200,1389.167303
-224.996271,200,1390.219925
-127.454399,200,1391.063283
-121.13574,200,1391.899809
-221.895617,200,1392.752838
-228.073812,200,1393.611921
-300.578642,200,1394.454341
-115.007525,200,1395.445735
-1.742107,200,1396.306711
-125.817282,200,1397.157999
-231.975025,200,1398.032702
-122.684023,200,1399.050917
-121.861695,200,1399.90088
-125.84373,200,1400.738283
-118.57907,200,1401.570225
-238.019309,200,1402.415678
-122.260285,200,1403.256701
-1.599157,200,1404.221623
-125.752089,200,1405.088509
-123.76824,200,1405.938957
-244.848013,200,1406.792523
-232.927237,200,1407.864954
-1.322813,200,1408.702868
-249.434482,200,1409.620776
-229.836506,200,1410.475288
-115.302671,200,1411.340767
-119.458874,200,1412.193311
-226.981608,200,1413.172956
-2.440707,200,1414.05855
-0.61676,200,1414.91065
-122.827326,200,1415.817409
-116.918396,200,1416.875601
-242.534607,200,1417.762094
-220.57237,200,1418.608715
-119.853611,200,1419.466611
-114.339808,200,1420.323285
-119.137819,200,1421.191477
-224.44683,200,1422.167093
-124.711111,200,1423.01418
-115.076411,200,1423.859341
-125.098171,200,1424.70593
-115.981711,200,1425.752889
-0.416462,200,1426.649545
-120.982182,200,1427.504079
-116.463895,200,1428.337496
-224.260864,200,1429.169442
-126.390016,200,1430.002159
-120.613484,200,1430.966491
-6.324023,200,1431.805465
-124.650775,200,1432.637753
-115.016162,200,1433.470083
-1.321324,200,1434.544083
-125.433289,200,1435.379685
-1.392629,200,1436.214421
-130.849521,200,1437.046629
-121.696182,200,1437.890622
-229.60858,200,1438.719397
-121.334486,200,1439.684541
-219.338699,200,1440.523738
-0.719546,200,1441.356038
-2.667821,200,1442.206791
-248.650191,200,1443.238749
-123.68965,200,1444.076017
-114.681944,200,1444.911074
-118.739641,200,1445.745482
-0.350254,200,1446.582314
-222.935537,200,1447.416186
-224.491676,200,1448.389727
-120.065108,200,1449.233295
-120.111747,200,1450.06952
-123.362515,200,1450.903911
-127.763713,200,1451.955022
-125.591129,200,1452.793249
-238.073253,200,1453.629548
-345.905579,200,1454.466373
-114.699303,200,1455.303165
-125.205551,200,1456.138541
-234.200698,200,1457.101587
-222.329651,200,1457.94997
-231.089442,200,1458.785254
-120.564245,200,1459.625623
-116.78056,200,1460.689055
-129.006016,200,1461.52425
-225.604435,200,1462.357999
-235.580179,200,1463.191153
-3.693931,200,1464.023807
-242.079973,200,1464.855785
-130.273067,200,1465.817692
-124.539875,200,1466.66345
-119.002414,200,1467.494471
-238.955445,200,1468.336936
-124.648082,200,1469.372727
-236.597688,200,1470.260164
-235.992243,200,1471.149268
-225.454546,200,1472.018276
-219.324841,200,1472.883964
-223.936604,200,1473.724408
-224.438596,200,1474.704498
-114.957124,200,1475.546319
-0.860665,200,1476.392084
-237.86738,200,1477.227652
-118.881812,200,1478.276501
-219.755899,200,1479.109831
-123.721979,200,1479.942749
-113.037548,200,1480.775825
-0.923072,200,1481.606861
-122.549229,200,1482.43757
-233.387527,200,1483.398407
-1.080197,200,1484.240737
-129.179709,200,1485.074389
-114.447826,200,1485.913612
-224.870251,200,1486.97795
-234.213232,200,1487.812663
-119.004817,200,1488.647013
-233.798313,200,1489.479342
-114.168003,200,1490.310233
-125.043725,200,1491.141412
-0.759789,200,1492.103295
-226.366592,200,1492.941848
-237.795908,200,1493.786659
-226.743616,200,1494.635642
-0.718808,200,1495.669538
-120.556434,200,1496.50296
-122.473605,200,1497.347978
-274.801341,200,1498.180286
-3.607545,200,1499.011735
-116.699546,200,1499.843587
-120.172173,200,1500.809242
-238.454816,200,1501.667774
-123.020761,200,1502.502929
-223.860838,200,1503.337375
-239.388389,200,1504.390325
-114.268766,200,1505.244328
-228.511754,200,1506.090295
-125.465704,200,1506.933189
-1.816088,200,1507.767969
-120.056593,200,1508.609852
-227.918705,200,1509.571193
-236.723808,200,1510.408288
-126.60196,200,1511.247525
-226.752353,200,1512.079662
-126.211408,200,1513.144824
-228.615577,200,1513.979419
-118.598423,200,1514.819578
-120.232513,200,1515.706397
-125.746527,200,1516.602985
-124.257888,200,1517.455632
-119.228901,200,1518.43769
-126.443112,200,1519.298527
-2.758958,200,1520.136651
-126.477537,200,1521.032891
-127.532925,200,1522.006085
-120.156451,200,1522.848734
-117.013012,200,1523.696038
-125.435676,200,1524.540253
-127.687179,200,1525.384045
-122.075816,200,1526.223526
-238.012073,200,1527.198153
-120.08104,200,1528.037365
-228.184562,200,1528.869987
-126.684305,200,1529.7183
-129.8151,200,1530.829594
-122.624199,200,1531.670818
-119.191606,200,1532.513653
-230.189456,200,1533.348459
-115.060803,200,1534.210568
-119.484349,200,1535.046314
-1.710475,200,1536.017612
-233.535828,200,1536.89866
-115.585035,200,1537.776215
-117.643398,200,1538.666073
-122.666635,200,1539.713059
-0.887231,200,1540.574661
-120.585443,200,1541.65693
-124.457094,200,1542.51213
-116.326698,200,1543.3569
-2.237743,200,1544.204863
-3.336749,200,1545.167291
-230.802208,200,1546.004346
-122.823615,200,1546.83426
-120.824194,200,1547.664502
-124.155651,200,1548.656198
-119.798356,200,1549.492612
-115.209061,200,1550.340994
-126.624841,200,1551.190135
-293.261789,200,1552.043967
-119.41973,200,1552.87978
-117.927694,200,1553.839161
-123.89399,200,1554.676444
-116.572175,200,1555.507155
-120.429837,200,1556.338243
-115.383894,200,1557.422523
-236.0096,200,1558.280434
-125.016086,200,1559.140599
-120.559201,200,1559.996454
-118.623641,200,1560.827181
-125.216079,200,1561.665693
-123.40186,200,1562.648854
-231.142132,200,1563.492173
-222.835362,200,1564.362671
-1.285719,200,1565.349259
-118.645401,200,1566.239419
-119.828507,200,1567.092742
-278.624462,200,1567.933685
-127.893036,200,1568.770208
-125.038612,200,1569.607433
-125.130288,200,1570.441365
-4.531145,200,1571.418556
-116.367683,200,1572.281911
-232.902901,200,1573.135257
-127.152037,200,1573.976524
-121.207454,200,1575.032436
-224.52104,200,1575.883631
-124.496463,200,1576.730772
-124.216045,200,1577.578673
-128.051024,200,1578.410775
-124.608066,200,1579.256978
-227.145895,200,1580.242348
-235.008954,200,1581.088907
-241.431129,200,1581.93714
-120.704679,200,1582.787636
-1.651507,200,1583.852605
-218.929788,200,1584.709606
-120.086916,200,1585.572899
-124.512204,200,1586.405482
-113.6916,200,1587.234725
-1.554124,200,1588.083349
-125.56252,200,1589.050025
-123.52763,200,1589.89923
-127.010894,200,1590.729112
-125.10424,200,1591.575731
-225.911978,200,1592.548764
-120.28739,200,1593.514913
-123.87453,200,1594.356611
-313.198343,200,1595.212439
-1.005404,200,1596.066626
-124.955603,200,1596.898942
-117.094308,200,1597.861493
-2.155243,200,1598.71944
-1.446935,200,1599.564286
-231.085625,200,1600.401731
-368.292339,200,1601.40147
-115.153214,200,1602.26002
-125.408674,200,1603.114706
-126.878681,200,1603.977998
-120.483069,200,1604.820103
-223.32999,200,1605.658262
-128.246056,200,1606.64574
-127.964479,200,1607.492559
-231.761559,200,1608.413057
-223.030888,200,1609.28512
-125.221804,200,1610.341047
-248.744673,200,1611.204091
-1.231421,200,1612.078043
-118.191575,200,1612.971345
-118.447411,200,1613.81666
-226.128426,200,1614.670438
-224.412155,200,1615.75843
-122.36834,200,1616.679246
-115.600105,200,1617.585585
-126.23564,200,1618.576959
-128.182838,200,1619.585911
-122.61665,200,1620.458398
-121.908358,200,1621.34819
-359.472876,200,1622.229847
-128.807858,200,1623.112266
-2.155329,200,1624.027497
-120.485291,200,1625.002827
-1.590247,200,1625.851791
-329.484327,200,1626.683731
-258.109097,200,1627.554857
-3.868275,200,1628.506415
-119.95457,200,1629.346077
-1.03729,200,1630.183073
-125.900126,200,1631.019693
-118.483239,200,1631.854384
-125.219466,200,1632.688033
-120.204335,200,1633.652843
-124.256943,200,1634.491722
-120.939871,200,1635.32402
-125.930996,200,1636.157851
-116.430529,200,1637.215909
-119.818728,200,1638.061677
-123.0849,200,1638.916466
-1.622532,200,1639.752054
-240.972174,200,1640.585409
-1.590631,200,1641.417235
-124.808651,200,1642.3789
-117.817856,200,1643.216433
-120.314692,200,1644.048306
-125.712322,200,1644.880966
-119.335674,200,1645.87584
-225.672589,200,1646.711374
-232.784715,200,1647.541757
-221.546291,200,1648.373491
-219.767578,200,1649.204424
-124.500794,200,1650.035855
-124.86712,200,1650.994717
-128.945953,200,1651.834368
-120.522358,200,1652.667542
-117.061367,200,1653.500351
-125.128496,200,1654.547457
-117.743447,200,1655.38327
-128.451849,200,1656.227915
-236.688903,200,1657.061033
-2.073616,200,1657.90202
-124.821295,200,1658.735466
-119.280082,200,1659.696562
-1.06695,200,1660.532099
-120.145526,200,1661.362969
-233.538951,200,1662.192167
-227.333895,200,1663.246533
-123.140718,200,1664.085736
-117.958852,200,1664.919082
-121.541142,200,1665.751957
-2.385755,200,1666.582153
-118.64658,200,1667.412421
-120.290672,200,1668.374654
-122.981177,200,1669.213137
-350.766523,200,1670.046265
-233.742072,200,1670.878478
-118.279348,200,1671.873669
-227.836641,200,1672.709127
-117.090066,200,1673.541491
-117.745146,200,1674.375232
-327.764353,200,1675.207277
-121.876412,200,1676.039038
-119.224576,200,1677.002057
-228.216969,200,1677.843268
-120.238514,200,1678.676343
-122.386717,200,1679.573114
-116.793784,200,1680.566441
-118.38529,200,1681.400437
-1.162139,200,1682.234269
-352.773079,200,1683.06705
-119.718364,200,1683.898378
-238.62721,200,1684.728828
-5.305385,200,1685.701858
-124.715976,200,1686.543324
-117.58573,200,1687.378006
-221.518514,200,1688.213253
-125.842774,200,1689.240909
-121.065827,200,1690.075008
-226.647073,200,1690.906701
-124.562546,200,1691.744418
-0.510077,200,1692.578934
-1.952301,200,1693.412933
-229.20383,200,1694.377973
-227.461428,200,1695.217318
-116.62862,200,1696.064358
-117.958868,200,1696.990988
-123.04708,200,1697.969847
-1.218426,200,1698.806833
-113.296569,200,1699.672662
-121.835443,200,1700.526456
-116.226122,200,1701.368168
-221.042499,200,1702.207487
-125.511326,200,1703.210628
-127.078465,200,1704.053526
-123.799633,200,1704.916819
-118.948724,200,1705.780488
-232.702792,200,1706.87337
-2.711511,200,1707.714831
-293.666344,200,1708.557632
-330.897825,200,1709.415295
-123.282828,200,1710.253564
-125.608463,200,1711.083864
-1.210055,200,1712.044617
-118.425405,200,1712.881855
-118.825403,200,1713.71341
-222.852586,200,1714.548351
-117.944794,200,1715.610215
-286.984117,200,1716.454274
-2.659775,200,1717.307189
-245.835519,200,1718.147212
-0.948634,200,1718.98066
-119.410227,200,1719.813446
-127.318154,200,1720.776462
-120.769442,200,1721.618544
-233.406277,200,1722.453599
-120.86485,200,1723.308285
-119.932804,200,1724.366431
-233.483775,200,1725.210507
-127.150995,200,1726.043862
-0.902129,200,1726.87548
-119.760491,200,1727.706014
-228.977273,200,1728.54566
-260.39026,200,1729.503947
-121.883854,200,1730.341397
-128.380738,200,1731.178854
-122.910037,200,1732.023191
-115.355585,200,1733.056045
-119.405543,200,1733.908444
-116.153283,200,1734.748848
-124.086518,200,1735.579683
-123.612115,200,1736.41158
-0.658144,200,1737.252055
-125.216008,200,1738.225865
-125.564513,200,1739.086703
-123.558988,200,1739.950064
-226.818647,200,1740.817075
-125.531254,200,1741.85329
-226.139681,200,1742.687618
-228.626235,200,1743.562961
-123.235604,200,1744.417239
-122.405551,200,1745.249917
-1.791459,200,1746.096876
-1.810819,200,1747.080722
-2.790431,200,1747.98483
-120.926557,200,1748.85535
-228.807401,200,1749.833878
-241.15063,200,1750.793593
-124.889811,200,1751.626501
-0.902646,200,1752.460694
-223.337879,200,1753.354672
-239.206244,200,1754.195001
-232.988038,200,1755.035655
-120.046679,200,1756.033184
-240.518815,200,1756.914892
-229.653057,200,1757.792408
-124.428416,200,1758.779184
-125.241246,200,1759.750735
-124.723592,200,1760.612556
-125.556596,200,1761.634498
-116.977346,200,1762.494962
-2.582774,200,1763.337869
-115.38248,200,1764.182455
-120.858456,200,1765.149216
-128.516409,200,1766.000635
-125.517904,200,1766.842414
-229.629351,200,1767.707674
-232.283384,200,1768.797453
-232.481129,200,1769.67228
-1.541825,200,1770.509964
-227.037795,200,1771.341741
-116.475924,200,1772.177328
-126.425759,200,1773.012073
-0.932017,200,1773.976549
-122.341465,200,1774.815054
-116.988886,200,1775.660477
-126.933879,200,1776.519562
-235.844729,200,1777.556062
-125.41263,200,1778.399998
-289.990755,200,1779.233514
-0.694731,200,1780.066144
-125.782504,200,1780.896609
-233.757197,200,1781.726925
-125.71359,200,1782.692222
-0.901547,200,1783.53112
-237.334213,200,1784.366041
-120.457676,200,1785.197543
-2.164773,200,1786.18977
-2.706276,200,1787.022639
-1.306162,200,1787.853808
-124.325862,200,1788.68637
-221.719172,200,1789.516187
-234.179227,200,1790.347204
-121.653822,200,1791.308377
-117.378694,200,1792.145848
-233.271678,200,1792.984848
-0.86504,200,1793.817265
-119.522931,200,1794.899594
-121.130179,200,1795.738965
-116.549181,200,1796.576557
-113.690277,200,1797.418156
-119.482929,200,1798.250579
-129.330265,200,1799.083475
-231.570752,200,1800.045747
-125.107053,200,1800.882604
-234.511391,200,1801.71449
-227.453429,200,1802.545076
-226.754999,200,1803.630838
-129.003134,200,1804.466756
-1.73309,200,1805.29963
-123.892934,200,1806.147815
-117.591287,200,1806.980807
-1.976728,200,1807.813746
-1.972838,200,1808.781612
-115.69581,200,1809.622117
-125.600872,200,1810.453148
-126.873307,200,1811.284003
-223.404151,200,1812.283375
-317.921975,200,1813.171642
-119.351993,200,1814.004821
-120.531404,200,1814.837982
-237.990331,200,1815.669724
-123.992299,200,1816.501364
-117.180174,200,1817.471728
-118.359852,200,1818.309557
-124.419152,200,1819.142878
-229.423064,200,1819.974557
-114.399398,200,1821.035289
-122.742181,200,1821.869873
-118.587072,200,1822.702668
-114.411131,200,1823.534318
-124.306783,200,1824.364938
-0.725401,200,1825.195376
-234.31819,200,1826.155544
-125.081896,200,1826.996942
-114.795341,200,1827.835603
-218.903311,200,1828.667196
-1.590391,200,1829.722158
-118.285901,200,1830.556188
-3.289497,200,1831.384581
-120.427889,200,1832.216482
-127.736642,200,1833.047916
-239.662798,200,1833.879405
-293.239871,200,1834.843838
-117.026435,200,1835.709936
-119.53798,200,1836.54595
-236.350796,200,1837.386422
-120.017637,200,1838.38278
-237.710311,200,1839.217312
-119.578008,200,1840.051666
-227.675481,200,1840.884868
-113.283847,200,1841.713384
-123.935465,200,1842.535652
-121.267817,200,1843.48862
-117.525883,200,1844.319837
-124.288752,200,1845.142197
-127.991459,200,1845.97493
-224.489887,200,1846.98945
-126.986156,200,1847.860312
-234.583706,200,1848.695752
-114.374504,200,1849.531775
-119.614785,200,1850.379081
-238.809227,200,1851.213563
-222.769369,200,1852.17584
-119.839891,200,1853.013908
-123.343775,200,1853.845183
-232.557065,200,1854.677085
-117.870308,200,1855.734677
-119.449813,200,1856.5796
-119.447306,200,1857.430476
-2.021015,200,1858.289016
-118.586983,200,1859.124977
-126.409813,200,1859.957773
-115.013288,200,1860.92698
-2.205383,200,1861.766332
-223.510309,200,1862.601138
-118.984794,200,1863.433369
-119.287075,200,1864.263653
-231.051884,200,1865.093902
-116.360364,200,1866.017966
-119.468789,200,1866.988402
-127.022924,200,1867.973892
-117.400463,200,1868.820939
-125.611336,200,1869.781224
-224.842426,200,1870.619146
-122.79287,200,1871.450335
-117.773908,200,1872.286106
-118.891134,200,1873.334709
-259.712424,200,1874.168745
-230.157516,200,1875.001245
-125.282538,200,1875.833822
-122.627485,200,1876.664787
-253.2293,200,1877.507341
-370.580078,200,1878.465853
-231.266792,200,1879.303461
-221.032683,200,1880.134674
-2.706109,200,1880.965167
-114.375966,200,1882.046275
-120.989435,200,1882.891748
-231.742254,200,1883.879605
-126.318431,200,1884.76161
-249.011597,200,1885.613554
-114.629798,200,1886.489183
-122.896398,200,1887.676747
-0.855063,200,1888.548457
-226.190504,200,1889.393648
-0.708567,200,1890.304985
-124.009094,200,1891.333861
-127.604311,200,1892.341502
-127.622418,200,1893.426665
-125.181519,200,1894.286784
-218.254585,200,1895.126224
-228.27546,200,1895.95919
-125.797188,200,1896.92884
-127.314934,200,1897.770506
-117.47624,200,1898.606874
-126.210345,200,1899.441622
-223.794685,200,1900.49029
-340.907689,200,1901.322343
-116.767719,200,1902.152634
-311.493069,200,1902.982279
-265.575217,200,1903.81902
-131.372486,200,1904.649929
-114.799108,200,1905.610982
-1.136817,200,1906.447354
-118.237747,200,1907.277565
-227.737594,200,1908.178507
-228.027668,200,1909.156078
-117.867053,200,1909.987335
-124.852125,200,1910.817274
-124.895505,200,1911.646353
-296.566645,200,1912.475673
-1.600329,200,1913.304765
-117.77301,200,1914.263948
-235.516677,200,1915.099441
-117.380652,200,1915.92765
-119.411434,200,1916.819017
-231.705867,200,1917.796727
-117.034834,200,1918.628174
-293.127758,200,1919.458863
-237.188915,200,1920.29421
-220.855382,200,1921.202962
-223.775748,200,1922.032318
-223.209436,200,1922.993668
-125.104124,200,1923.830781
-231.691154,200,1924.660693
-221.35343,200,1925.490517
-126.590122,200,1926.538012
-248.612617,200,1927.369859
-115.729489,200,1928.200619
-127.17231,200,1929.031627
-118.445599,200,1929.860008
-120.062601,200,1930.688157
-118.965327,200,1931.647411
-114.611356,200,1932.483253
-114.521015,200,1933.312723
-125.398956,200,1934.142376
-125.54171,200,1935.13402
-127.304263,200,1935.966031
-226.548692,200,1936.795414
-226.896148,200,1937.635789
-123.433862,200,1938.508304
-115.728103,200,1939.372285
-221.280786,200,1940.339525
-116.155666,200,1941.17669
-125.966569,200,1942.006982
-120.437649,200,1942.846681
-119.640482,200,1943.887876
-243.685388,200,1944.723766
-235.780968,200,1945.555051
-122.856656,200,1946.385478
-235.025202,200,1947.214183
-0.729151,200,1948.045555
-230.139125,200,1949.009057
-336.183554,200,1949.845739
-117.354991,200,1950.67633
-222.073862,200,1951.506138
-119.03301,200,1952.590033
-236.910047,200,1953.420663
-120.163696,200,1954.250274
-222.370792,200,1955.078036
-123.359776,200,1955.904782
-0.69977,200,1956.732062
-244.734296,200,1957.698016
-218.45936,200,1958.532307
-226.374722,200,1959.36119
-241.968282,200,1960.203937
-2.008661,200,1961.244044
-119.185753,200,1962.074945
-125.497896,200,1962.904518
-121.119384,200,1963.738703
-231.354391,200,1964.563728
-237.866833,200,1965.385661
-117.071732,200,1966.346335
-123.164502,200,1967.182216
-224.209363,200,1968.01089
-1.08234,200,1968.872509
-128.537456,200,1969.83785
-123.316508,200,1970.668596
-125.914101,200,1971.497253
-125.809438,200,1972.327756
-238.208943,200,1973.156785
-124.538668,200,1973.985857
-123.234656,200,1974.955047
-1.911032,200,1975.796832
-223.73285,200,1976.628777
-120.218237,200,1977.468058
-221.946123,200,1978.299746
-120.330766,200,1979.353469
-125.855716,200,1980.186316
-117.834683,200,1981.181357
-119.339329,200,1982.013069
-118.187071,200,1982.842421
-230.791267,200,1983.80461
-227.366677,200,1984.640935
-325.804166,200,1985.470036
-122.627777,200,1986.300504
-231.193865,200,1987.355238
-116.348863,200,1988.188937
-236.669983,200,1989.019593
-117.069102,200,1989.850824
-225.240898,200,1990.680409
-367.515089,200,1991.509985
-130.607638,200,1992.471644
-121.849892,200,1993.308652
-122.946309,200,1994.151833
-126.002776,200,1995.011877
-125.850712,200,1996.022967
-124.803337,200,1996.8891
-226.295132,200,1997.79453
-113.383451,200,1998.657255
-115.907891,200,1999.51284
-118.086528,200,2000.456094
-125.298793,200,2001.448335
-115.716998,200,2002.302909
-115.803763,200,2003.135835
-224.583401,200,2003.992369
-293.763267,200,2005.016438
-268.956234,200,2005.849075
-270.196819,200,2006.680767
-127.462439,200,2007.509367
-245.506598,200,2008.353644
-121.129839,200,2009.188327
-1.302439,200,2010.151068
-125.290854,200,2010.987875
-1.187383,200,2011.818804
-127.380114,200,2012.688792
-228.971365,200,2013.650811
-266.236724,200,2014.631417
-120.186306,200,2015.469396
-220.316403,200,2016.304273
-128.680273,200,2017.134857
-117.705052,200,2017.989297
-120.816242,200,2018.950351
-6.136264,200,2019.78711
-119.23406,200,2020.619212
-127.187444,200,2021.464867
-232.469187,200,2022.509521
-115.048751,200,2023.34124
-0.744929,200,2024.17776
-127.478055,200,2025.010336
-0.989687,200,2025.850814
-0.536503,200,2026.68643
-126.055368,200,2027.646705
-116.879527,200,2028.517824
-0.58831,200,2029.437762
-119.548271,200,2030.326574
-1.854537,200,2031.299475
-115.788446,200,2032.132553
-115.334342,200,2032.965339
-117.727864,200,2033.798314
-123.898301,200,2034.628336
-125.733876,200,2035.459628
-123.950026,200,2036.426447
-126.959186,200,2037.273186
-222.864088,200,2038.117436
-238.131308,200,2039.023824
-0.819307,200,2040.246291
-226.090233,200,2041.108351
-249.233856,200,2041.965786
-0.706759,200,2042.803132
-224.053006,200,2043.804974
-238.503997,200,2044.683215
-122.050479,200,2045.682308
-229.250172,200,2046.554306
-231.411608,200,2047.495331
-226.537754,200,2048.626805
-238.807895,200,2049.597252
-127.248615,200,2050.441579
-2.020452,200,2051.275592
-115.655141,200,2052.108609
-120.802947,200,2052.940449
-1.158787,200,2053.773222
-1.905111,200,2054.735768
-122.859297,200,2055.57492
-122.414936,200,2056.490352
-250.165693,200,2057.450621
-114.464575,200,2058.476215
-115.791719,200,2059.343428
-115.689904,200,2060.179233
-122.054176,200,2061.011254
-222.75895,200,2061.841985
-118.848975,200,2062.700087
-0.481933,200,2063.690009
-115.875747,200,2064.563902
-235.153863,200,2065.409926
-1.60741,200,2066.245091
-290.353366,200,2067.291299
-227.85966,200,2068.128732
-114.96955,200,2068.96316
-121.95471,200,2069.797622
-117.688459,200,2070.630462
-118.189915,200,2071.464039
-125.87413,200,2072.428405
-239.714357,200,2073.268563
-225.787524,200,2074.103161
-230.322657,200,2074.942815
-2.08419,200,2075.985263
-221.86215,200,2076.819951
-122.008525,200,2077.667369
-122.920656,200,2078.502096
-121.317166,200,2079.33711
-124.342304,200,2080.172299
-235.004002,200,2081.134773
-126.604739,200,2081.972678
-237.85389,200,2082.805936
-234.872691,200,2083.644752
-115.45584,200,2084.695596
-115.00017,200,2085.530763
-117.84426,200,2086.36534
-114.739647,200,2087.198485
-124.367018,200,2088.03114
-245.326772,200,2088.862445
-1.190089,200,2089.824045
-118.433252,200,2090.662772
-128.571865,200,2091.49537
-246.842933,200,2092.353438
-233.588223,200,2093.487454
-221.342675,200,2094.383677
-128.161781,200,2095.246183
-113.385188,200,2096.082405
-300.952399,200,2096.914186
-2.290121,200,2097.757772
-234.798659,200,2098.740491
-126.761754,200,2099.581165
-238.15036,200,2100.429103
-119.479243,200,2101.367129
-116.970661,200,2102.382624
-119.530425,200,2103.233435
-240.200407,200,2104.145289
-117.679164,200,2105.007733
-296.754627,200,2105.865126
-118.951356,200,2106.709883
-119.939417,200,2107.684552
-312.514227,200,2108.542818
-116.231129,200,2109.384255
-117.626965,200,2110.254546
-123.959198,200,2111.223074
-115.474514,200,2112.064506
-1.218504,200,2112.923032
-124.209711,200,2113.774137
-125.18542,200,2114.617478
-117.854035,200,2115.463638
-0.776188,200,2116.441664
-1.921498,200,2117.317556
-244.157347,200,2118.20484
-230.893124,200,2119.050565
-117.597358,200,2120.265254
-123.071309,200,2121.251733
-119.259373,200,2122.164348
-120.030751,200,2123.036141
-124.958361,200,2123.867505
-114.978336,200,2124.700264
-115.982245,200,2125.762721
-123.681149,200,2126.666276
-1.814299,200,2127.54339
-121.065415,200,2128.56689
-0.505878,200,2129.526829
-119.731318,200,2130.437239
-120.825414,200,2131.29957
-0.792515,200,2132.214579
-113.469997,200,2133.065668
-127.380098,200,2133.908804
-125.405168,200,2134.888957
-0.620491,200,2135.798192
-123.715248,200,2136.654113
-127.093048,200,2137.611903
-119.226017,200,2138.652181
-117.348686,200,2139.51135
-116.871428,200,2140.368498
-219.716704,200,2141.223194
-120.786123,200,2142.111241
-116.695643,200,2143.00565
-126.262248,200,2144.018683
-124.666448,200,2144.869311
-125.300168,200,2145.733864
-233.791664,200,2146.617802
-224.123264,200,2147.728062
-123.557268,200,2148.580805
-305.136862,200,2149.497676
-120.297038,200,2150.404623
-121.315047,200,2151.296183
-0.565637,200,2152.204934
-0.845159,200,2153.181538
-121.30118,200,2154.045277
-0.650371,200,2154.897953
-124.769809,200,2155.748215
-218.898281,200,2156.862081
-231.761009,200,2157.723455
-118.89165,200,2158.667986
-228.32691,200,2159.542594
-344.066743,200,2160.478276
-227.599204,200,2161.380202
-118.650405,200,2162.382696
-229.65417,200,2163.238623
-224.959187,200,2164.082949
-1.920179,200,2164.932002
-238.50158,200,2165.951459
-124.842791,200,2166.795357
-121.145631,200,2167.648634
-120.007282,200,2168.505005
-0.730511,200,2169.358319
-1.358029,200,2170.203811
-124.093622,200,2171.169136
-122.397261,200,2172.045097
-119.698532,200,2172.971731
-126.854154,200,2173.973605
-308.724074,200,2174.864913
-126.481385,200,2175.848636
-1.933017,200,2176.73003
-129.387949,200,2177.621553
-124.19724,200,2178.458113
-4.500702,200,2179.33546
-122.849956,200,2180.308277
-114.935485,200,2181.145715
-223.3802,200,2181.978879
-289.596859,200,2182.935323
-126.507984,200,2184.040233
-123.789316,200,2184.909876
-304.699665,200,2185.777974
-120.274896,200,2186.694247
-123.518325,200,2187.532636
-0.966144,200,2188.442487
-121.171,200,2189.423992
-124.662992,200,2190.331204
-123.400907,200,2191.246777
-120.699613,200,2192.15886
-223.84253,200,2193.245956
-128.669178,200,2194.190093
-124.396373,200,2195.028646
-235.117708,200,2195.862882
-116.227714,200,2196.694657
-113.983165,200,2197.537459
-245.414423,200,2198.507015
-229.940068,200,2199.35487
-124.101693,200,2200.203272
-272.221064,200,2201.059037
-120.696737,200,2201.916382
-230.556866,200,2202.983324
-124.991107,200,2203.983247
-242.052044,200,2205.008407
-125.267036,200,2205.90978
-223.687409,200,2206.774674
-226.904776,200,2207.738663
-126.715919,200,2208.702131
-222.319922,200,2209.628486
-225.421024,200,2210.639484
-123.414291,200,2211.698912
-220.218747,200,2212.604607
-117.380803,200,2213.452445
-124.894554,200,2214.29761
-124.877231,200,2215.181763
-244.925253,200,2216.051636
-116.960888,200,2217.130573
-238.83966,200,2218.073879
-119.02474,200,2218.958655
-230.042495,200,2219.984014
-124.193672,200,2220.968965
-223.320819,200,2221.81776
-221.061892,200,2222.669772
-121.21476,200,2223.511053
-124.03167,200,2224.359349
-229.764282,200,2225.19181
-118.851307,200,2226.17121
-126.004843,200,2227.016757
-117.58865,200,2227.857142
-126.553371,200,2228.762105
-125.783694,200,2229.753813
-228.512613,200,2230.608116
-243.422358,200,2231.461139
-117.075151,200,2232.316687
-222.324272,200,2233.168058
-239.131775,200,2234.007325
-342.344493,200,2234.991114
-114.229859,200,2235.846065
-120.887143,200,2236.701638
-123.483034,200,2237.645415
-243.302966,200,2238.624247
-123.93173,200,2239.475372
-115.319889,200,2240.315027
-123.177977,200,2241.259652
-238.130009,200,2242.126034
-242.388024,200,2242.965212
-235.35356,200,2243.946281
-0.621234,200,2244.786144
-233.719208,200,2245.618689
-125.250242,200,2246.451193
-121.509261,200,2247.52992
-235.964861,200,2248.434937
-2.409048,200,2249.321922
-116.469231,200,2250.207577
-131.551308,200,2251.098687
-118.892383,200,2251.957819
-124.588764,200,2252.969414
-244.648067,200,2253.828247
-301.293673,200,2254.701532
-0.775501,200,2255.616906
-118.636946,200,2256.497838
-237.071196,200,2257.392932
-119.143067,200,2258.479013
-224.673318,200,2259.366378
-244.040487,200,2260.270696
-253.3818,200,2261.133071
-122.252759,200,2262.164196
-116.706402,200,2263.055211
-114.125536,200,2263.921346
-249.530119,200,2264.813007
-121.945667,200,2265.825354
-116.108199,200,2266.693471
-237.864816,200,2267.623129
-120.775898,200,2268.467417
-115.001746,200,2269.303031
-117.326866,200,2270.143067
-236.841081,200,2271.113304
-126.204049,200,2271.968928
-122.615806,200,2272.911524
-224.688483,200,2273.896102
-223.682578,200,2274.872865
-119.111961,200,2275.715637
-128.331228,200,2276.584422
-231.043425,200,2277.479334
-122.370914,200,2278.418794
-227.393558,200,2279.294008
-0.536688,200,2280.382974
-244.18456,200,2281.228276
-217.110458,200,2282.076044
-231.359537,200,2282.910102
-118.351558,200,2283.878785
-222.882196,200,2284.801736
-118.482814,200,2285.65167
-120.20382,200,2286.485743
-227.39706,200,2287.327619
-118.236197,200,2288.158133
-130.625328,200,2289.12503
-228.527682,200,2289.970309
-237.193575,200,2290.805947
-120.830116,200,2291.637229
-331.801376,200,2292.739994
-119.352353,200,2293.580851
-122.241344,200,2294.417395
-0.615039,200,2295.249254
-234.567604,200,2296.084736
-127.510735,200,2296.918569
-221.528513,200,2297.886199
-229.506623,200,2298.720292
-242.85843,200,2299.546101
-236.079289,200,2300.399193
-119.064125,200,2301.41059
-119.931949,200,2302.238639
-123.593614,200,2303.067392
-120.70149,200,2303.902011
-113.120275,200,2304.864907
-236.742669,200,2305.709822
-118.735731,200,2306.677498
-126.947259,200,2307.515181
-230.687701,200,2308.349273
-123.950646,200,2309.230542
-262.076694,200,2310.287412
-124.249907,200,2311.121041
-119.29092,200,2311.965647
-227.419394,200,2312.800336
-228.036271,200,2313.633987
-226.549889,200,2314.468323
-237.341915,200,2315.43084
-119.575538,200,2316.27102
-221.319007,200,2317.109583
-1.402738,200,2317.951715
-119.471416,200,2319.015021
-234.236422,200,2319.862041
-232.840503,200,2320.696209
-126.180227,200,2321.529054
-222.475079,200,2322.361714
-252.357763,200,2323.191999
-116.726681,200,2324.156015
-119.423073,200,2324.993995
-120.129381,200,2325.829447
-223.967441,200,2326.693844
-116.827084,200,2327.724926
-117.646503,200,2328.56155
-124.589771,200,2329.394709
-115.545548,200,2330.2334
-118.53508,200,2331.155004
-116.794948,200,2332.101226
-121.213736,200,2333.094659
-1.188808,200,2333.939801
-234.841667,200,2334.779572
-116.14092,200,2335.676035
-115.424024,200,2336.736208
-120.07683,200,2337.583508
-121.581348,200,2338.416396
-119.284729,200,2339.282406
-1.913244,200,2340.24938
-227.381638,200,2341.104909
-126.520536,200,2342.090722
-124.262248,200,2342.941
-217.915908,200,2343.777955
-223.586638,200,2344.624018
-123.373189,200,2345.684921
-220.11984,200,2346.612604
-0.615477,200,2347.450143
-278.118305,200,2348.286813
-0.741256,200,2349.121269
-126.930153,200,2349.956971
-363.831078,200,2350.918893
-123.203054,200,2351.764129
-116.831567,200,2352.59992
-0.562986,200,2353.436477
-221.527923,200,2354.428977
-124.280266,200,2355.270451
-125.333193,200,2356.107075
-222.18236,200,2356.943532
-120.562918,200,2357.785198
-119.503637,200,2358.615911
-117.019016,200,2359.577341
-120.788131,200,2360.416408
-116.272606,200,2361.263858
-121.139119,200,2362.273595
-127.415666,200,2363.348007
-127.708188,200,2364.204504
-0.629594,200,2365.064433
-124.793204,200,2365.918561
-118.674728,200,2366.774191
-226.253909,200,2367.624356
-2.242606,200,2368.611767
-121.028026,200,2369.458475
-124.308429,200,2370.295469
-117.192459,200,2371.148806
-119.246675,200,2372.29194
-0.769487,200,2373.247558
-1.254573,200,2374.157106
-120.716866,200,2375.084839
-118.126935,200,2375.951234
-119.33576,200,2376.86902
-124.240677,200,2377.897906
-126.25079,200,2378.835396
-0.618114,200,2379.703631
-228.456943,200,2380.674568
-126.012347,200,2381.740743
-225.979333,200,2382.601971
-221.559917,200,2383.461161
-218.452012,200,2384.333491
-124.707373,200,2385.19427
-119.493762,200,2386.057953
-123.81239,200,2387.073165
-116.760436,200,2388.023052
-115.678067,200,2388.986697
-126.239046,200,2390.000118
-233.809492,200,2390.998149
-119.405407,200,2391.851274
-0.672324,200,2392.730991
-221.94519,200,2393.640086
-126.686692,200,2394.495567
-119.283163,200,2395.36042
-126.816943,200,2396.357569
-2.245205,200,2397.220265
-120.571067,200,2398.160625
-117.295121,200,2399.161027
-121.638116,200,2400.15847
-123.508356,200,2401.045039
-301.843566,200,2401.988456
-122.253363,200,2402.869973
-223.153312,200,2403.852624
-124.531648,200,2404.760385
-1.52358,200,2405.844227
-118.656181,200,2406.749133
-117.686661,200,2407.681177
-116.016893,200,2408.623983
-124.979795,200,2409.677687
-224.771589,200,2410.529814
-127.062166,200,2411.390696
-323.902143,200,2412.247645
-117.867565,200,2413.083986
-125.003033,200,2413.919846
-122.089911,200,2414.884048
-123.161483,200,2415.724707
-0.878455,200,2416.558137
-127.558413,200,2417.444443
-241.722264,200,2418.601304
-223.576969,200,2419.448651
-118.934814,200,2420.288293
-121.12037,200,2421.123159
-224.575115,200,2421.95797
-1.770578,200,2422.790261
-120.819043,200,2423.760268
-288.737469,200,2424.606613
-233.516968,200,2425.439693
-227.230784,200,2426.270843
-241.631307,200,2427.099161
-125.880808,200,2427.931312
-126.89916,200,2428.953502
-241.582636,200,2429.796623
-119.586379,200,2430.67061
-125.615623,200,2431.640085
-232.113854,200,2432.601896
-113.977865,200,2433.439822
-123.705818,200,2434.373899
-239.123293,200,2435.337517
-123.366516,200,2436.346198
-1.235178,200,2437.184357
-0.809831,200,2438.019482
-222.09,200,2438.8518
-230.348577,200,2439.799758
-114.838877,200,2440.727853
-0.653162,200,2441.688104
-119.549,200,2442.526236
-234.890839,200,2443.356621
-232.6595,200,2444.198273
-284.604049,200,2445.210159
-0.909528,200,2446.043037
-115.6946,200,2446.873665
-119.516897,200,2447.704193
-127.632915,200,2448.535744
-123.884918,200,2449.366808
-117.175002,200,2450.327051
-124.407132,200,2451.170202
-123.246413,200,2452.001237
-221.177004,200,2452.837734
-227.690027,200,2453.884963
-225.801914,200,2454.719798
-222.764238,200,2455.567624
-3.686671,200,2456.410028
-222.269521,200,2457.24251
-231.262287,200,2458.085214
-121.805948,200,2459.04868
-233.950147,200,2459.890988
-117.766247,200,2460.722949
-220.521488,200,2461.560578
-241.755742,200,2462.61776
-119.305158,200,2463.461601
-218.066639,200,2464.296626
-226.005024,200,2465.129986
-1.454575,200,2465.960332
-241.361907,200,2466.804828
-125.511824,200,2467.866385
-117.313215,200,2468.722286
-122.112092,200,2469.557519
-118.765876,200,2470.404277
-126.352083,200,2471.476471
-120.263047,200,2472.396642
-235.970489,200,2473.240804
-119.594573,200,2474.078433
-120.504136,200,2474.912532
-115.693817,200,2475.752087
-124.413554,200,2476.718268
-126.956651,200,2477.568736
-0.813932,200,2478.40523
-115.38006,200,2479.244117
-117.682879,200,2480.331395
-123.260432,200,2481.166485
-125.920931,200,2481.998746
-119.807587,200,2482.830015
-242.90417,200,2483.660127
-228.096351,200,2484.488692
-127.386192,200,2485.518769
-117.884913,200,2486.424291
-2.202095,200,2487.351233
-122.247568,200,2488.293031
-218.669241,200,2489.284054
-127.514841,200,2490.125722
-0.931484,200,2490.96224
-118.002632,200,2491.804741
-130.162983,200,2492.640027
-220.149217,200,2493.565789
-113.771421,200,2494.557424
-116.790622,200,2495.420803
-118.406209,200,2496.341168
-285.352687,200,2497.181966
-240.840083,200,2498.207342
-123.040785,200,2499.039583
-124.908409,200,2499.950743
-232.760128,200,2500.868321
-121.637313,200,2501.718155
-221.089691,200,2502.564164
-225.339075,200,2503.539125
-121.158165,200,2504.384971
-115.573679,200,2505.266094
-264.595091,200,2506.127321
-120.09145,200,2507.360455
-117.421623,200,2508.235736
-114.426902,200,2509.108408
-124.36263,200,2509.986553
-219.5969,200,2510.931369
-122.987211,200,2511.792306
-119.566933,200,2512.762237
-3.367881,200,2513.604993
-224.757671,200,2514.439707
-224.49921,200,2515.284052
-121.982028,200,2516.268386
-116.937346,200,2517.10943
-0.852093,200,2517.997399
-123.301702,200,2518.840767
-130.916134,200,2519.692325
-116.976054,200,2520.552245
-222.310247,200,2521.599627
-304.943367,200,2522.438451
-121.392966,200,2523.293172
-229.211721,200,2524.224437
-123.107802,200,2525.26089
-124.340729,200,2526.111419
-125.411639,200,2526.947969
-240.07266,200,2527.784429
-121.825298,200,2528.622633
-231.551566,200,2529.544279
-229.205852,200,2530.555931
-123.719306,200,2531.423254
-122.341608,200,2532.281437
-119.884219,200,2533.216695
-231.558321,200,2534.281664
-118.001518,200,2535.119635
-236.821788,200,2536.017775
-121.161922,200,2536.90381
-119.988524,200,2537.825555
-225.921684,200,2538.70783
-123.391795,200,2539.721557
-119.949213,200,2540.575536
-1.951913,200,2541.410216
-232.207463,200,2542.432766
-244.292905,200,2543.437037
-238.561549,200,2544.301562
-120.107672,200,2545.175136
-119.755377,200,2546.032995
-126.589415,200,2546.949396
-119.428225,200,2547.798117
-237.216061,200,2548.753331
-119.86211,200,2549.629636
-2.861629,200,2550.456049
-229.703452,200,2551.310815
-125.688165,200,2552.400453
-125.095426,200,2553.249438
-217.918949,200,2554.111283
-118.023501,200,2554.95724
-227.206971,200,2555.782198
-125.194808,200,2556.66483
-228.427761,200,2557.660596
-228.6222,200,2558.510872
-221.195416,200,2559.358412
-124.934147,200,2560.207533
-231.725241,200,2561.220467
-221.639007,200,2562.084866
-125.373765,200,2563.032574
-115.604793,200,2563.900294
-234.465446,200,2564.740215
-308.775221,200,2565.573324
-246.371296,200,2566.575422
-127.967449,200,2567.491343
-123.102095,200,2568.352131
-120.913149,200,2569.287919
-0.670805,200,2570.401908
-122.559294,200,2571.278349
-119.020894,200,2572.150931
-234.6986,200,2573.012288
-305.043849,200,2573.982193
-120.87347,200,2575.140789
-118.53175,200,2576.298426
-118.534801,200,2577.21308
-120.633254,200,2578.084626
-227.295881,200,2578.986138
-223.117168,200,2580.139666
-227.716184,200,2581.094088
-231.462923,200,2581.977858
-121.836714,200,2582.885636
-119.81398,200,2583.794249
-122.662523,200,2584.702876
-119.932937,200,2585.726496
-121.533196,200,2586.619154
-123.291891,200,2587.530384
-116.340985,200,2588.478982
-225.4049,200,2589.497405
-119.452288,200,2590.358702
-128.875505,200,2591.236076
-1.248404,200,2592.177588
-118.705967,200,2593.068641
-119.580615,200,2593.924432
-233.868427,200,2594.890954
-120.371806,200,2595.730027
-0.936989,200,2596.565568
-117.33147,200,2597.403431
-127.657432,200,2598.445154
-120.00729,200,2599.307911
-120.740835,200,2600.170714
-118.190325,200,2601.00639
-116.921086,200,2601.839834
-328.123254,200,2602.687175
-228.770367,200,2603.653088
-296.139885,200,2604.491541
-2.273125,200,2605.367006
-1.63853,200,2606.227792
-226.50232,200,2607.318268
-129.667209,200,2608.219528
-119.350861,200,2609.068071
-120.853051,200,2609.901597
-221.298861,200,2610.735885
-294.710373,200,2611.568805
-0.758848,200,2612.55056
-1.295864,200,2613.403048
-121.352876,200,2614.266264
-229.146568,200,2615.104702
-114.912636,200,2616.093033
-122.889111,200,2616.935215
-119.59038,200,2617.801812
-0.574321,200,2618.669192
-121.715942,200,2619.508373
-221.706963,200,2620.341909
-222.266753,200,2621.342843
-124.021063,200,2622.288707
-118.298736,200,2623.153345
-119.545472,200,2624.187908
-117.019646,200,2625.146908
-116.59299,200,2626.073097
-2.785564,200,2626.915416
-1.01568,200,2627.737801
-125.014753,200,2628.564722
-224.967309,200,2629.392358
-120.883369,200,2630.349511
-221.841193,200,2631.182974
-118.513526,200,2632.009782
-127.001821,200,2632.837713
-125.420873,200,2633.946156
-118.040959,200,2634.804229
-125.196696,200,2635.654086
-124.004002,200,2636.491954
-315.771073,200,2637.410799
-118.704335,200,2638.270028
-232.340503,200,2639.361439
-238.442272,200,2640.219994
-0.938329,200,2641.07727
-221.521644,200,2641.947555
-124.148899,200,2643.16445
-258.248823,200,2644.079463
-127.882662,200,2644.940122
-120.086329,200,2645.792512
-300.869832,200,2646.626577
-233.931823,200,2647.461283
-1.372344,200,2648.433136
-225.74548,200,2649.328236
-245.273191,200,2650.163274
-124.537225,200,2650.998966
-240.312516,200,2652.017661
-119.725032,200,2652.866274
-267.464452,200,2653.702082
-224.267117,200,2654.537564
-0.867544,200,2655.369191
-116.766298,200,2656.201793
-232.688185,200,2657.163085
-118.242577,200,2658.181838
-123.168179,200,2659.017002
-114.638302,200,2659.895887
-227.517602,200,2660.917092
-116.66016,200,2661.749263
-119.740251,200,2662.581804
-224.58035,200,2663.41396
-121.232767,200,2664.246122
-0.848893,200,2665.155832
-119.8326,200,2666.292794
-121.297402,200,2667.191192
-120.781598,200,2668.054588
-224.866239,200,2668.930383
-120.850318,200,2669.92127
-118.452475,200,2670.780629
-115.339345,200,2671.632821
-118.373267,200,2672.474486
-127.003199,200,2673.319912
-120.72552,200,2674.176536
-124.666287,200,2675.151705
-116.83084,200,2676.003634
-222.055441,200,2676.841678
-229.585288,200,2677.687639
-230.869596,200,2678.759191
-115.596732,200,2679.596958
-125.005545,200,2680.439664
-127.595308,200,2681.279222
-235.380824,200,2682.111325
-127.879616,200,2682.943954
-113.292086,200,2683.910434
-125.90415,200,2684.755343
-332.531913,200,2685.592353
-217.633246,200,2686.44984
-117.323093,200,2687.510041
-225.649359,200,2688.364498
-1.906155,200,2689.219749
-122.501899,200,2690.053852
-122.581545,200,2690.885203
-0.668411,200,2691.71954
-121.086419,200,2692.705065
-222.792905,200,2693.549983
-118.828691,200,2694.402599
-228.63502,200,2695.246915
-117.68594,200,2696.286905
-125.433275,200,2697.143886
-230.05955,200,2698.004734
-0.595415,200,2698.886601
-119.126775,200,2699.740547
-125.816281,200,2700.582669
-361.763793,200,2701.551299
-236.099081,200,2702.390657
-124.236057,200,2703.225589
-123.788743,200,2704.06917
-121.040272,200,2705.098683
-232.887841,200,2705.981107
-226.679526,200,2706.830585
-124.83015,200,2707.676431
-230.830366,200,2708.523744
-128.668505,200,2709.355046
-289.086028,200,2710.316051
-124.11868,200,2711.1653
-116.829392,200,2712.015604
-122.059557,200,2712.899408
-122.138395,200,2713.858203
-225.9837,200,2714.720016
-219.959497,200,2715.551482
-123.861165,200,2716.382831
-225.950007,200,2717.218053
-114.697381,200,2718.062089
-121.618743,200,2719.041683
-127.397322,200,2719.878106
-123.007363,200,2720.723523
-309.400177,200,2721.57497
-0.708378,200,2722.608785
-124.678359,200,2723.445782
-123.549421,200,2724.301662
-1.952346,200,2725.155178
-1.111528,200,2726.105937
-114.117289,200,2726.937659
-116.815762,200,2727.905014
-115.040006,200,2728.74629
-119.087837,200,2729.576503
-116.623162,200,2730.407642
-118.358052,200,2731.457842
-236.565589,200,2732.29242
-231.988974,200,2733.127201
-233.667999,200,2733.960501
-122.263206,200,2734.793523
-119.372523,200,2735.62512
-237.243517,200,2736.587511
-122.385166,200,2737.431729
-0.857168,200,2738.263957
-296.825946,200,2739.100896
-120.418954,200,2740.269459
-121.089305,200,2741.125547
-0.628732,200,2741.954825
-124.61079,200,2742.783257
-223.347725,200,2743.620975
-125.544032,200,2744.455408
-1.225061,200,2745.420518
-120.59362,200,2746.259471
-122.045874,200,2747.091133
-228.482383,200,2747.944785
-126.110404,200,2748.97638
-120.815099,200,2749.814749
-120.953242,200,2750.670634
-0.93953,200,2751.504371
-1.451926,200,2752.355426
-1.384522,200,2753.196714
-0.590482,200,2754.18301
-224.382774,200,2755.06882
-121.140248,200,2755.911662
-236.516922,200,2756.867072
-120.024628,200,2757.765777
-117.229891,200,2758.599269
-125.714478,200,2759.451786
-117.452929,200,2760.291469
-123.869713,200,2761.136751
-1.366536,200,2761.977814
-122.113757,200,2762.948768
-129.445565,200,2763.787113
-226.0778,200,2764.640784
-2.166309,200,2765.474081
-118.340645,200,2766.526313
-225.761735,200,2767.378221
-0.814592,200,2768.21683
-122.953167,200,2769.05735
-219.950762,200,2769.897761
-224.012439,200,2770.728352
-127.258269,200,2771.689264
-115.691048,200,2772.527084
-117.098622,200,2773.35964
-116.843219,200,2774.190873
-122.22376,200,2775.181599
-240.606165,200,2776.015601
-226.111143,200,2776.84772
-0.581107,200,2777.719346
-123.453893,200,2778.565769
-116.35555,200,2779.415372
-128.27503,200,2780.395295
-223.398909,200,2781.248342
-235.684827,200,2782.089431
-127.364503,200,2782.924471
-119.676577,200,2783.981028
-230.533438,200,2784.836008
-122.199581,200,2785.682468
-230.449313,200,2786.540747
-126.798358,200,2787.376585
-115.880208,200,2788.218483
-122.183897,200,2789.191577
-2.42391,200,2790.039194
-123.045147,200,2790.880525
-125.184143,200,2791.725882
-122.427502,200,2792.778464
-2.146757,200,2793.613324
-114.831934,200,2794.444351
-117.773617,200,2795.283198
-130.939657,200,2796.140155
-114.895782,200,2796.984289
-246.70347,200,2797.958903
-117.283854,200,2798.815579
-117.385605,200,2799.652731
-122.496009,200,2800.503934
-125.08283,200,2801.488919
-1.068343,200,2802.342842
-119.407272,200,2803.200685
-0.732682,200,2804.048074
-125.412355,200,2804.889369
-119.22363,200,2805.732999
-217.406347,200,2806.778836
-117.789605,200,2807.648134
-119.21496,200,2808.509477
-1.634952,200,2809.460147
-223.326418,200,2810.454989
-114.795259,200,2811.334905
-127.215526,200,2812.226118
-121.00058,200,2813.148026
-118.373993,200,2814.032808
-126.216826,200,2814.899536
-116.69247,200,2815.900373
-0.636225,200,2816.756979
-117.095826,200,2817.604821
-1.764603,200,2818.503526
-231.09939,200,2819.556105
-122.288392,200,2820.419501
-2.912636,200,2821.261801
-241.445843,200,2822.128389
-118.173473,200,2822.997049
-286.359879,200,2823.840159
-3.655793,200,2824.820253
-2.63843,200,2825.697969
-1.24256,200,2826.550687
-338.603454,200,2827.577869
-217.386504,200,2828.795359
-114.744003,200,2829.732946
-123.397491,200,2830.652926
-124.528403,200,2831.525291
-114.391556,200,2832.387042
-122.84081,200,2833.244451
-117.731155,200,2834.247596
-124.434193,200,2835.143892
-116.673445,200,2836.007784
-128.044331,200,2836.952016
-226.904122,200,2837.951342
-225.807076,200,2838.813924
-119.489728,200,2839.690731
-119.033924,200,2840.622616
-120.713174,200,2841.464112
-122.947262,200,2842.298433
-115.78328,200,2843.261142
-0.641928,200,2844.105008
-126.65493,200,2844.940218
-1.866795,200,2845.780111
-118.923721,200,2846.812503
-359.292898,200,2847.644816
-242.163637,200,2848.476603
-126.124114,200,2849.308307
-122.722307,200,2850.140517
-0.710694,200,2850.971926
-115.273777,200,2851.932723
-239.016701,200,2852.771803
-127.316289,200,2853.604811
-222.117442,200,2854.436982
-220.900989,200,2855.566051
-117.546059,200,2856.401038
-246.105153,200,2857.245463
-119.094737,200,2858.082105
-120.727343,200,2858.931467
-119.544278,200,2859.773651
-118.366503,200,2860.748979
-126.011687,200,2861.587911
-125.999646,200,2862.420986
-235.039394,200,2863.315047
-306.835147,200,2864.306102
-120.241026,200,2865.140052
-114.231839,200,2865.972689
-292.358366,200,2866.799435
-117.175348,200,2867.621572
-120.941301,200,2868.443083
-220.771155,200,2869.402562
-117.621747,200,2870.242695
-0.771681,200,2871.078251
-253.31,200,2872.067144
-122.000845,200,2873.050682
-122.819709,200,2873.906515
-221.041641,200,2874.982236
-217.29507,200,2875.816919
-114.781616,200,2876.649901
-124.022634,200,2877.493677
-224.560235,200,2878.460582
-218.228837,200,2879.322822
-229.823875,200,2880.166861
-276.692179,200,2881.016464
-121.288894,200,2881.998042
-118.012285,200,2882.831617
-117.620819,200,2883.662213
-279.062897,200,2884.493346
-224.311322,200,2885.324449
-125.229088,200,2886.154444
-2.249774,200,2887.116302
-225.597118,200,2887.955088
-120.731559,200,2888.786018
-231.401707,200,2889.647583
-115.338261,200,2890.673831
-237.299534,200,2891.506687
-126.644912,200,2892.339293
-124.511557,200,2893.171835
-244.370039,200,2894.00365
-128.20937,200,2894.834254
-119.181871,200,2895.793757
-115.187796,200,2896.63324
-239.022019,200,2897.476294
-229.641255,200,2898.355317
-218.979087,200,2899.410359
-222.949461,200,2900.29067
-125.463497,200,2901.128482
-124.189105,200,2901.960944
-119.041202,200,2902.792837
-131.679387,200,2903.623372
-121.507618,200,2904.585296
-128.306781,200,2905.421957
-117.990964,200,2906.253308
-113.666609,200,2907.104644
-0.713719,200,2908.137016
-123.134236,200,2908.971365
-0.60482,200,2909.799423
-278.081235,200,2910.635847
-119.907739,200,2911.467464
-231.310054,200,2912.29832
-114.04189,200,2913.258227
-0.865708,200,2914.095653
-224.339405,200,2914.926745
-121.048763,200,2915.760916
-121.776133,200,2916.818554
-1.006141,200,2917.663445
-0.685932,200,2918.49578
-122.420635,200,2919.326982
-118.216904,200,2920.158319
-241.796988,200,2920.989565
-123.988151,200,2921.94924
-239.295673,200,2922.787827
-125.709613,200,2923.622356
-226.936196,200,2924.458316
-115.471967,200,2925.516712
-119.832161,200,2926.350869
-237.275144,200,2927.183879
-228.045093,200,2928.017526
-122.459084,200,2928.850863
-229.084465,200,2929.682359
-124.143158,200,2930.642055
-124.640821,200,2931.480515
-123.725718,200,2932.312413
-226.392165,200,2933.154694
-227.928937,200,2934.147678
-129.180776,200,2934.980045
-1.113063,200,2935.812554
-114.687565,200,2936.645845
-120.854998,200,2937.484863
-2.289511,200,2938.31408
-216.492738,200,2939.274836
-123.539112,200,2940.111709
-215.878586,200,2940.943923
-113.271107,200,2941.775238
-127.875859,200,2942.890161
-316.004109,200,2943.724639
-349.031047,200,2944.55676
-223.347992,200,2945.388865
-116.984359,200,2946.220004
-122.820907,200,2947.054441
-115.267671,200,2948.019242
-126.125304,200,2948.857496
-250.530975,200,2949.691617
-234.562254,200,2950.523888
-227.806776,200,2951.583173
-119.175884,200,2952.416724
-123.15171,200,2953.247537
-1.771704,200,2954.080835
-114.899252,200,2954.912182
-223.554206,200,2955.743637
-224.119195,200,2956.70472
-234.600031,200,2957.552128
-120.133217,200,2958.384155
-1.722665,200,2959.267655
-126.636109,200,2960.268517
-126.521307,200,2961.103524
-121.296403,200,2961.935859
-0.562051,200,2962.770199
-117.557934,200,2963.602586
-226.629033,200,2964.433547
-216.320998,200,2965.396418
-123.985316,200,2966.233353
-118.798919,200,2967.064116
-0.63141,200,2967.901641
-124.076459,200,2968.956322
-236.89183,200,2969.790567
-225.699773,200,2970.622623
-117.159619,200,2971.453682
-235.271315,200,2972.286974
-241.892384,200,2973.120144
-245.750088,200,2974.080979
-116.101823,200,2974.919986
-0.692606,200,2975.752725
-227.183139,200,2976.592098
-118.765039,200,2977.585389
-244.72303,200,2978.420653
-0.870712,200,2979.255634
-125.510919,200,2980.098818
-221.945951,200,2980.932516
-235.633377,200,2981.76355
-114.7672,200,2982.724847
-124.255317,200,2983.566522
-1.74435,200,2984.400301
-288.379976,200,2985.232876
-234.622223,200,2986.313818
-2.522144,200,2987.158524
-132.117019,200,2987.990248
-117.025438,200,2988.824328
-115.848345,200,2989.655826
-119.383662,200,2990.487598
-115.068346,200,2991.448029
-115.163532,200,2992.287006
-118.69176,200,2993.120978
-124.365081,200,2993.955407
-125.473548,200,2995.011025
-1.617453,200,2995.845572
-1.640339,200,2996.678584
-1.900752,200,2997.51789
-119.392441,200,2998.349159
-231.280969,200,2999.180231
-115.533995,200,3000.140865
-119.286421,200,3000.978572
-127.034254,200,3001.809755
-229.304626,200,3002.641776
-121.143166,200,3003.638817
-121.345111,200,3004.475358
-121.980793,200,3005.308145
-122.189298,200,3006.139957
-127.977648,200,3006.973694
-122.017479,200,3007.806108
-124.052943,200,3008.765843
-119.422981,200,3009.604737
-126.511622,200,3010.434975
-241.353871,200,3011.288013
-117.517639,200,3012.327868
-130.17464,200,3013.162904
-118.077539,200,3013.995408
-229.115125,200,3014.828053
-115.497239,200,3015.658634
-117.21119,200,3016.491059
-118.233251,200,3017.465105
-123.057568,200,3018.302699
-119.402087,200,3019.13483
-1.28792,200,3020.083724
-237.241979,200,3021.139832
-1.104034,200,3021.974868
-123.960817,200,3022.807918
-240.840501,200,3023.642935
-116.856929,200,3024.4761
-0.899221,200,3025.308714
-119.31262,200,3026.272585
-229.216686,200,3027.108937
-242.576288,200,3027.942612
-113.364285,200,3028.782128
-255.188473,200,3029.811428
-123.086717,200,3030.646106
-117.242465,200,3031.478509
-125.075011,200,3032.310948
-114.891671,200,3033.144032
-123.373673,200,3033.975833
-119.96208,200,3034.938935
-127.229615,200,3035.777425
-240.205186,200,3036.610531
-0.900922,200,3037.450443
-234.134426,200,3038.495597
-126.21362,200,3039.330787
-2.054143,200,3040.163427
-237.581956,200,3040.997206
-240.237798,200,3041.827701
-225.433841,200,3042.657672
-234.204343,200,3043.626651
-1.159308,200,3044.466452
-122.480872,200,3045.297535
-122.06325,200,3046.12896
-123.572917,200,3047.120652
-124.187547,200,3048.018316
-221.568241,200,3048.85257
-117.921924,200,3049.687417
-119.978696,200,3050.518699
-226.296582,200,3051.349371
-123.741485,200,3052.310686
-218.992517,200,3053.149391
-115.258257,200,3053.981243
-223.145351,200,3054.820491
-297.285274,200,3055.865125
-123.545649,200,3056.698811
-120.880853,200,3057.533838
-125.729474,200,3058.365962
-125.007527,200,3059.199651
-124.929224,200,3060.032039
-245.809799,200,3060.994513
-118.891241,200,3061.832783
-232.966712,200,3062.692565
-123.655745,200,3063.577649
-121.970558,200,3064.706128
-115.646356,200,3065.617143
-2.035739,200,3066.529834
-2.040436,200,3067.39332
-237.69757,200,3068.282574
-229.333118,200,3069.129291
-126.635687,200,3070.094656
-123.375788,200,3070.931463
-126.163271,200,3071.808153
-121.459256,200,3072.66856
-125.582681,200,3073.680725
-227.233864,200,3074.515792
-218.598986,200,3075.356509
-4.523368,200,3076.189827
-125.766417,200,3077.020914
-126.99914,200,3077.868504
-124.990271,200,3078.830967
-217.666524,200,3079.670093
-228.209909,200,3080.502415
-129.319127,200,3081.417005
-302.893929,200,3082.387867
-116.933245,200,3083.230667
-125.27957,200,3084.065608
-277.501582,200,3084.900155
-122.769171,200,3085.73208
-231.492153,200,3086.564978
-229.787724,200,3087.531964
-124.604076,200,3088.380609
-1.323651,200,3089.225032
-125.825734,200,3090.061765
-227.58175,200,3091.06945
-233.357332,200,3091.907352
-116.852802,200,3092.988265
-116.645454,200,3093.82617
-3.532549,200,3094.670634
-126.26526,200,3095.506981
-119.546822,200,3096.473854
-122.064817,200,3097.330967
-121.061524,200,3098.163922
-126.113485,200,3098.996031
-278.528358,200,3100.041923
-113.987426,200,3100.877963
-123.641692,200,3101.710666
-117.844939,200,3102.541986
-126.915424,200,3103.372992
-224.786633,200,3104.219013
-231.267811,200,3105.185304
-123.623788,200,3106.029871
-119.668223,200,3106.86249
-122.537689,200,3107.708431
-115.35857,200,3108.74132
-117.094905,200,3109.57947
-119.10923,200,3110.41587
-120.849887,200,3111.247821
-225.406673,200,3112.07838
-358.426236,200,3112.909293
-243.207032,200,3113.872272
-120.74989,200,3114.711163
-240.452816,200,3115.541928
-116.891603,200,3116.373281
-225.186464,200,3117.457575
-224.857205,200,3118.330783
-222.521149,200,3119.163775
-0.828611,200,3120.001857
-239.777485,200,3120.839419
-238.686326,200,3121.676151
-122.511925,200,3122.639063
-118.470375,200,3123.480022
-125.802866,200,3124.319508
-249.523314,200,3125.153013
-237.728417,200,3126.144964
-0.997636,200,3126.978135
-0.938691,200,3127.809236
-125.426073,200,3128.641851
-237.930752,200,3129.472979
-221.204477,200,3130.301737
-0.811376,200,3131.265951
-123.214517,200,3132.104512
-229.968303,200,3132.93641
-1.852021,200,3133.767244
-123.229672,200,3134.82206
-122.12455,200,3135.663696
-127.201073,200,3136.509724
-0.652442,200,3137.362797
-224.647138,200,3138.198803
-369.606769,200,3139.031178
-124.331676,200,3139.992009
-241.582581,200,3140.830578
-116.973931,200,3141.662539
-116.916429,200,3142.495389
-119.911484,200,3143.516624
-117.667419,200,3144.387151
-127.754671,200,3145.227292
-216.921167,200,3146.060582
-119.010749,200,3146.895467
-122.875699,200,3147.739123
-120.126449,200,3148.716438
-2.744198,200,3149.555965
-126.616111,200,3150.388363
-121.836727,200,3151.228921
-116.870684,200,3152.287951
-126.820706,200,3153.123971
-118.938986,200,3153.958162
-0.833805,200,3154.793068
-238.145827,200,3155.625912
-219.247006,200,3156.479787
-215.738598,200,3157.469543
-124.887934,200,3158.325918
-118.478307,200,3159.171325
-122.194614,200,3160.023128
-119.420449,200,3161.048522
-1.420441,200,3161.882825
-126.636369,200,3162.722856
-121.311644,200,3163.581414
-233.050923,200,3164.417672
-291.359131,200,3165.261116
-127.376035,200,3166.247496
-244.360011,200,3167.120311
-118.428619,200,3167.959774
-125.021901,200,3168.890476
-121.831311,200,3169.95286
-116.898871,200,3170.836263
-2.286818,200,3171.711317
-229.031145,200,3172.607943
-122.646647,200,3173.486131
-221.751631,200,3174.375371
-218.875294,200,3175.413288
-1.065893,200,3176.297359
-125.844938,200,3177.172012
-115.31493,200,3178.068364
-243.688207,200,3179.120284
-223.572886,200,3180.023991
-234.390424,200,3180.88439
-114.599134,200,3181.745314
-125.960043,200,3182.629334
-114.894746,200,3183.463599
-227.496127,200,3184.427692
-121.946994,200,3185.290818
-1.80066,200,3186.237846
-117.805887,200,3187.223349
-123.215232,200,3188.19503
-123.299282,200,3189.058003
-0.777763,200,3189.911715
-0.716869,200,3190.7621
-128.561201,200,3191.628521
-126.057967,200,3192.537437
-119.331955,200,3193.504454
-0.573474,200,3194.363018
-2.204815,200,3195.221878
-117.315292,200,3196.183038
-238.059332,200,3197.349366
-0.79573,200,3198.297608
-124.945577,200,3199.274091
-247.240686,200,3200.176647
-229.154966,200,3201.029499
-1.078115,200,3201.915692
-114.367842,200,3202.928355
-124.082461,200,3203.800446
-117.593264,200,3204.651381
-125.05132,200,3205.544581
-123.937766,200,3206.641087
-118.705088,200,3207.488907
-129.014886,200,3208.390487
-120.353251,200,3209.24481
-119.233527,200,3210.081832
-113.947986,200,3210.914753
-3.290823,200,3212.019358
-234.300085,200,3212.898442
-119.656371,200,3213.737047
-0.589191,200,3214.655509
-123.337341,200,3215.637122
-259.763979,200,3216.492257
-224.709391,200,3217.365243
-123.837611,200,3218.313557
-0.71039,200,3219.212427
-117.357144,200,3220.057895
-220.670589,200,3221.035605
-0.863123,200,3221.885627
-120.350759,200,3222.719453
-124.074428,200,3223.561178
-126.739237,200,3224.614985
-1.166804,200,3225.447841
-125.583408,200,3226.299228
-122.230391,200,3227.284039
-116.11189,200,3228.226298
-123.21403,200,3229.078463
-230.114893,200,3230.062127
-124.263344,200,3230.91189
-238.972186,200,3231.786194
-124.533497,200,3232.642851
-123.32396,200,3233.646641
-125.437894,200,3234.487269
-250.721933,200,3235.326774
-239.47092,200,3236.175797
-122.229509,200,3237.057375
-227.823784,200,3237.943204
-241.530881,200,3239.020003
-0.637776,200,3239.95939
-115.551893,200,3240.828756
-1.062738,200,3241.807129
-0.766001,200,3242.772956
-120.65602,200,3243.615553
-223.855376,200,3244.490224
-121.898411,200,3245.349385
-116.272731,200,3246.208187
-119.377576,200,3247.063116
-230.688257,200,3248.028266
-0.673855,200,3248.86769
-124.282977,200,3249.718151
-264.861374,200,3250.608414
-118.9143,200,3251.64898
-120.611559,200,3252.503096
-114.169486,200,3253.361646
-125.483524,200,3254.281858
-122.651782,200,3255.147204
-1.265112,200,3256.003967
-114.808545,200,3257.001683
-122.626243,200,3257.857112
-117.033102,200,3258.798314
-121.523442,200,3259.646209
-228.222363,200,3260.724455
-120.915908,200,3261.577506
-119.582483,200,3262.440267
-234.619536,200,3263.278474
-116.798711,200,3264.152115
-121.653537,200,3265.061581
-226.860441,200,3266.066726
-122.030956,200,3266.947225
-128.209843,200,3267.847746
-121.813248,200,3268.693667
-352.350198,200,3269.836909
-247.983244,200,3270.73309
-0.610201,200,3271.608337
-114.604336,200,3272.48366
-124.308953,200,3273.352979
-115.707139,200,3274.217459
-116.820041,200,3275.242327
-219.677576,200,3276.088616
-123.302089,200,3276.953391
-0.545876,200,3278.051708
-226.688754,200,3279.072673
-120.185325,200,3279.931708
-124.040386,200,3280.846263
-223.719834,200,3281.762452
-118.292209,200,3282.626129
-124.81971,200,3283.510831
-120.769888,200,3284.530921
-307.231432,200,3285.493503
-236.055646,200,3286.379339
-122.33179,200,3287.273825
-222.187165,200,3288.30978
-228.410504,200,3289.207541
-0.531451,200,3290.08127
-1.079293,200,3290.959312
-237.213571,200,3291.814937
-125.197697,200,3292.675143
-219.359109,200,3293.665299
-239.887943,200,3294.524239
-119.852329,200,3295.429658
-124.546831,200,3296.3844
-116.535684,200,3297.527766
-126.715417,200,3298.506411
-220.124831,200,3299.365391
-117.512012,200,3300.21412
-119.500157,200,3301.103042
-228.933022,200,3301.964211
-127.63093,200,3302.958353
-120.829426,200,3303.914708
-124.873112,200,3304.786603
-122.166617,200,3305.753344
-121.450096,200,3306.742765
-122.276001,200,3307.656501
-216.077776,200,3308.573894
-118.462065,200,3309.453105
-229.50991,200,3310.298763
-290.894989,200,3311.14155
-126.132418,200,3312.156415
-1.325992,200,3313.030561
-114.939797,200,3313.886342
-124.434883,200,3314.742426
-123.596095,200,3315.607182
-122.467344,200,3316.677335
-124.066337,200,3317.639834
-123.438259,200,3318.610857
-122.397597,200,3319.450618
-235.872954,200,3320.302159
-116.752209,200,3321.293623
-227.687031,200,3322.159523
-0.901673,200,3323.009513
-120.466805,200,3323.89435
-220.172496,200,3325.123327
-297.769305,200,3326.005252
-123.78661,200,3326.878783
-120.68154,200,3327.755499
-121.824979,200,3328.6392
-0.628487,200,3329.550002
-123.288798,200,3330.577631
-125.363077,200,3331.472593
-117.41551,200,3332.331103
-2.47485,200,3333.186631
-226.025886,200,3334.24622
-305.922878,200,3335.159601
-117.186541,200,3336.030571
-225.051593,200,3336.952512
-119.027943,200,3337.833234
-116.530215,200,3338.719272
-126.628024,200,3339.777813
-118.045623,200,3340.660618
-222.674735,200,3341.544696
-234.22098,200,3342.413916
-244.08697,200,3343.501431
-116.520165,200,3344.36149
-120.071816,200,3345.210141
-288.776279,200,3346.045515
-116.548941,200,3347.035988
-120.817818,200,3347.98224
-242.597862,200,3349.079153
-119.027092,200,3350.283654
-122.770588,200,3351.158745
-127.984175,200,3352.177596
-226.492469,200,3353.284893
-119.023315,200,3354.517094
-231.976201,200,3355.38216
-230.612947,200,3356.245136
-0.993264,200,3357.131613
-1.271526,200,3357.95691
-0.372521,200,3358.913846
-1.604583,200,3359.751701
-119.110606,200,3360.590099
-230.99564,200,3361.432609
-120.905142,200,3362.496162
-124.976736,200,3363.419489
-221.734002,200,3364.265246
-128.315019,200,3365.100511
-116.679865,200,3365.946938
-220.585512,200,3366.789917
-1.265853,200,3367.83882
-124.521374,200,3368.679168
-218.732363,200,3369.599994
-117.690234,200,3370.67952
-230.104977,200,3371.620943
-220.757626,200,3372.461721
-297.005462,200,3373.303889
-126.263107,200,3374.148737
-0.46067,200,3374.99233
-224.029668,200,3375.832472
-226.901229,200,3376.798999
-219.58625,200,3377.692613
-123.065393,200,3378.57971
-256.528193,200,3379.442026
-269.395323,200,3380.709685
-0.530559,200,3381.568202
-225.257548,200,3382.475396
-118.287758,200,3383.401687
-118.875209,200,3384.283109
-242.288165,200,3385.143915
-225.098718,200,3386.128336
-240.94823,200,3386.998464
-118.689142,200,3387.848295
-1.558874,200,3388.696602
-224.996189,200,3389.718567
-114.790239,200,3390.678668
-125.624935,200,3391.587363
-117.753815,200,3392.51619
-240.817273,200,3393.453959
-124.056096,200,3394.380405
-221.279368,200,3395.347117
-222.605148,200,3396.187354
-246.783074,200,3397.079778
-122.930462,200,3397.926189
-119.596329,200,3399.005461
-121.660511,200,3399.84279
-1.989499,200,3400.676258
-118.329456,200,3401.508899
-216.475461,200,3402.341269
-121.225192,200,3403.172998
-277.484105,200,3404.133128
-123.803509,200,3404.980898
-117.230251,200,3405.821513
-127.043935,200,3406.652323
-239.748325,200,3407.699258
-0.658239,200,3408.535709
-125.154095,200,3409.369763
-126.254135,200,3410.201545
-119.168487,200,3411.032723
-225.333951,200,3411.862728
-0.643968,200,3412.824961
-313.948454,200,3413.662629
-229.693419,200,3414.493976
-239.429982,200,3415.325602
-1.037256,200,3416.316827
-122.185136,200,3417.148845
-117.344118,200,3417.991442
-0.460396,200,3418.824914
-1.198187,200,3419.656343
-126.663453,200,3420.488827
-217.987777,200,3421.459352
-120.600186,200,3422.304013
-236.869663,200,3423.137766
-115.611035,200,3424.011763
-115.716534,200,3425.029857
-1.791596,200,3425.911633
-122.577191,200,3426.755632
-115.573912,200,3427.590662
-223.885729,200,3428.421975
-119.215321,200,3429.327786
-237.128379,200,3430.386437
-227.224166,200,3431.234558
-233.908164,200,3432.086112
-243.194225,200,3433.011875
-223.704939,200,3433.96839
-123.898192,200,3434.828101
-220.944075,200,3435.751851
-122.207576,200,3436.689716
-1.77327,200,3437.631403
-129.213207,200,3438.508215
-0.695223,200,3439.496427
-233.485743,200,3440.340159
-241.234446,200,3441.175321
-247.301703,200,3442.01083
-116.601033,200,3443.082809
-123.271019,200,3443.93285
-116.805809,200,3444.79099
-113.952044,200,3445.658007
-0.904519,200,3446.510626
-116.791483,200,3447.400868
-235.730569,200,3448.397492
-1.544301,200,3449.313859
-0.615226,200,3450.195181
-126.503302,200,3451.05595
-230.061212,200,3452.177655
-226.646564,200,3453.077745
-115.735336,200,3453.925397
-125.054668,200,3454.775234
-219.577113,200,3455.620742
-116.665385,200,3456.46652
-118.186396,200,3457.460706
-0.850002,200,3458.401935
-116.845643,200,3459.251891
-116.535729,200,3460.193223
-116.395434,200,3461.281439
-118.91993,200,3462.182559
-115.270397,200,3463.054842
-5.666987,200,3463.975039
-116.908107,200,3464.887351
-231.702982,200,3465.765292
-116.758669,200,3466.765604
-118.975911,200,3467.664284
-126.894606,200,3468.535358
-0.529656,200,3469.380138
-324.89692,200,3470.441292
-119.508931,200,3471.397593
-240.982374,200,3472.26621
-120.994907,200,3473.198908
-223.210976,200,3474.063641
-224.247599,200,3474.943072
-215.930618,200,3475.928323
-125.796913,200,3476.767677
-299.445623,200,3477.634051
-128.188839,200,3478.512834
-114.613778,200,3479.676345
-122.602384,200,3480.5296
-231.504142,200,3481.389693
-118.12871,200,3482.300061
-123.667278,200,3483.140189
-221.05369,200,3483.983875
-223.95024,200,3484.953133
-0.461807,200,3485.801305
-219.687447,200,3486.635587
-220.11422,200,3487.467297
-221.542326,200,3488.482264
-123.911764,200,3489.361171
-115.428112,200,3490.21989
-117.983278,200,3491.069962
-125.311602,200,3491.901336
-117.166748,200,3492.73172
-119.465588,200,3493.693124
-128.725172,200,3494.531844
-117.213804,200,3495.363173
-1.848474,200,3496.204608
-1.395232,200,3497.264212
-231.067697,200,3498.186891
-0.779911,200,3499.036676
-226.855438,200,3499.886611
-119.665491,200,3500.825145
-120.799965,200,3501.667933
-218.52527,200,3502.699047
-0.730727,200,3503.583384
-119.723465,200,3504.452784
-0.5006,200,3505.481986
-298.634618,200,3506.479614
-228.026112,200,3507.378441
-0.59698,200,3508.297852
-120.348096,200,3509.139586
-126.326136,200,3510.011777
-117.571901,200,3510.848144
-116.183217,200,3511.818285
-238.565597,200,3512.674989
-120.705222,200,3513.513878
-126.296187,200,3514.352327
-226.370403,200,3515.411533
-224.406777,200,3516.268812
-120.996387,200,3517.132233
-125.936486,200,3517.976654
-119.212302,200,3518.830154
-120.620709,200,3519.67019
-125.989546,200,3520.633611
-124.456272,200,3521.473574
-373.157949,200,3522.3138
-244.479964,200,3523.150593
-118.721908,200,3524.174407
-114.548087,200,3525.029609
-117.505798,200,3525.926915
-218.275395,200,3526.860046
-243.607914,200,3527.697704
-1.384856,200,3528.52972
-122.638352,200,3529.489539
-118.371989,200,3530.327168
-0.445647,200,3531.159212
-231.464497,200,3531.989983
-118.821807,200,3532.982005
-307.074637,200,3533.912453
-124.764264,200,3534.809557
-0.732149,200,3535.75205
-118.138842,200,3536.602916
-219.940435,200,3537.450269
-117.318327,200,3538.433355
-231.339265,200,3539.330324
-114.698889,200,3540.165234
-0.873415,200,3541.014007
-120.938733,200,3541.996807
-221.624338,200,3542.832691
-2.84419,200,3543.773802
-233.160064,200,3544.724495
-219.388254,200,3545.559263
-118.265347,200,3546.396182
-120.151195,200,3547.363239
-227.895481,200,3548.207869
-125.930474,200,3549.046653
-1.08235,200,3549.943454
-123.841261,200,3550.929041
-116.876232,200,3551.814328
-0.770389,200,3552.69369
-124.613314,200,3553.571078
-121.069865,200,3554.480317
-114.788239,200,3555.3446
-123.86296,200,3556.375466
-220.81053,200,3557.304313
-0.921963,200,3558.175148
-218.433775,200,3559.051285
-118.863799,200,3559.904114
-229.169204,200,3560.901354
-128.901032,200,3561.894254
-124.471207,200,3562.743927
-125.448327,200,3563.589472
-5.25045,200,3564.442165
-1.473632,200,3565.421996
-1.157596,200,3566.271291
-1.008682,200,3567.124161
-127.147695,200,3568.004422
-122.566127,200,3569.02165
-124.410995,200,3569.862288
-216.544825,200,3570.717794
-242.485422,200,3571.575106
-120.070346,200,3572.430315
-239.041221,200,3573.278203
-124.874631,200,3574.269185
-114.707528,200,3575.220171
-122.405775,200,3576.085655
-116.005588,200,3577.064287
-119.441627,200,3578.096361
-220.882146,200,3578.992573
-1.975276,200,3579.852248
-1.397113,200,3580.709388
-115.065172,200,3581.581244
-230.158673,200,3582.482725
-0.83829,200,3583.528827
-117.470766,200,3584.389309
-118.143879,200,3585.238996
-124.474486,200,3586.081745
-117.556335,200,3587.123121
-229.129527,200,3587.95965
-218.193961,200,3588.793266
-124.796211,200,3589.625083
-122.152355,200,3590.472295
-117.035274,200,3591.305118
-114.175416,200,3592.266888
-119.703481,200,3593.105175
-121.370033,200,3593.937202
-124.784234,200,3594.895622
-1.785995,200,3595.91972
-261.265022,200,3596.758491
-242.711228,200,3597.608145
-126.568709,200,3598.44067
-118.101301,200,3599.282094
-0.917852,200,3600.1154
-114.328829,200,3601.077316
-224.989164,200,3601.915022
-222.554907,200,3602.747355
-119.000257,200,3603.579762
-227.06212,200,3604.626845
-119.285133,200,3605.462872
-223.427584,200,3606.298694
-242.373431,200,3607.131885
-379.963318,200,3607.96515
-117.121883,200,3608.801912
-118.828252,200,3609.908575
-229.689128,200,3610.859629
-124.176175,200,3611.817701
-349.959711,200,3612.959271
-114.482465,200,3614.037596
-120.413931,200,3614.885551
-228.15491,200,3615.734032
-232.721304,200,3616.566051
-228.273533,200,3617.407098
-281.77949,200,3618.24019
-238.84733,200,3619.226205
-1.211961,200,3620.064928
-301.164141,200,3620.910166
-230.609735,200,3621.760183
-120.732536,200,3622.822595
-119.222476,200,3623.658581
-229.788474,200,3624.494559
-121.850574,200,3625.328417
-114.837116,200,3626.172745
-121.84208,200,3627.026936
-124.703074,200,3628.026647
-118.692352,200,3629.100909
-127.451517,200,3629.996499
-119.363768,200,3630.862023
-220.148528,200,3631.93495
-0.902852,200,3632.784435
-114.470783,200,3633.686139
-127.188517,200,3634.589979
-0.560236,200,3635.426663
-122.079395,200,3636.311171
-328.38298,200,3637.344863
-241.485215,200,3638.208424
-0.83314,200,3639.07209
-124.147788,200,3639.960281
-114.948095,200,3640.960075
-125.446458,200,3641.822489
-230.10297,200,3642.678995
-122.108868,200,3643.539662
-125.981578,200,3644.392848
-122.698884,200,3645.246571
-124.032941,200,3646.29554
-283.415005,200,3647.157629
-227.552287,200,3648.014217
-0.537417,200,3648.936618
-220.105598,200,3649.928422
-126.381651,200,3650.774834
-116.689657,200,3651.624163
-123.846172,200,3652.46429
-119.065217,200,3653.302945
-129.168106,200,3654.154609
-116.251169,200,3655.131603
-231.915727,200,3656.059107
-119.022988,200,3656.914586
-116.805036,200,3657.853635
-115.508649,200,3658.90365
-223.632719,200,3659.758107
-235.762447,200,3660.613498
-1.040328,200,3661.478856
-1.45685,200,3662.335274
-219.678994,200,3663.200327
-118.036543,200,3664.250352
-300.840011,200,3665.123865
-251.180065,200,3665.977143
-123.306038,200,3666.844692
-120.571301,200,3667.89124
-119.639773,200,3668.735
-1.960241,200,3669.587853
-117.517477,200,3670.433184
-0.590206,200,3671.291091
-125.9864,200,3672.149766
-118.23056,200,3673.161271
-126.026304,200,3674.018895
-0.613496,200,3674.863322
-118.869034,200,3675.799592
-0.535484,200,3676.80661
-124.763297,200,3677.740373
-116.869582,200,3678.58406
-118.750886,200,3679.438747
-116.718134,200,3680.361419
-125.205643,200,3681.22231
-123.772982,200,3682.208984
-119.591801,200,3683.067337
-306.350051,200,3683.952042
-118.846228,200,3684.922778
-115.579832,200,3685.967029
-1.137985,200,3686.870662
-117.728923,200,3687.78478
-119.506648,200,3688.630017
-1.362346,200,3689.483712
-229.375215,200,3690.337738
-123.932939,200,3691.35771
-118.57491,200,3692.259661
-117.398738,200,3693.176427
-222.982633,200,3694.192904
-121.364017,200,3695.187766
-250.194546,200,3696.142444
-313.342795,200,3696.990634
-0.932274,200,3697.941273
-118.666359,200,3698.796203
-126.896274,200,3699.673507
-117.522054,200,3700.74123
-126.696897,200,3701.582874
-224.959642,200,3702.42825
-117.9126,200,3703.274203
-2.638946,200,3704.430831
-124.691511,200,3705.434222
-0.496299,200,3706.395906
-124.24386,200,3707.417688
-227.451198,200,3708.549811
-127.863834,200,3709.594328
-123.328772,200,3710.61155
-123.813483,200,3711.485272
-130.423152,200,3712.325601
-116.668575,200,3713.218294
-128.307073,200,3714.291174
-1.067022,200,3715.129965
-237.95761,200,3715.972603
-120.734282,200,3716.812994
-236.140061,200,3717.65733
-230.194645,200,3718.494357
-228.027039,200,3719.470949
-125.082511,200,3720.327596
-232.205136,200,3721.249509
-124.125485,200,3722.251253
-121.286019,200,3723.308444
-121.825651,200,3724.148391
-123.480214,200,3724.993967
-222.172952,200,3725.838584
-122.483235,200,3726.710115
-374.960503,200,3727.583429
-115.895805,200,3728.62388
-116.260678,200,3729.46649
-1.999114,200,3730.299881
-217.975876,200,3731.231203
-228.609062,200,3732.283393
-119.036059,200,3733.12092
-221.188896,200,3733.967909
-114.360223,200,3734.955832
-118.375398,200,3735.812327
-1.032477,200,3736.647369
-223.929072,200,3737.618989
-221.611432,200,3738.464458
-123.85124,200,3739.29952
-231.608138,200,3740.240244
-0.408192,200,3741.261147
-300.492947,200,3742.122301
-289.742222,200,3743.023131
-117.4524,200,3743.879376
-0.578067,200,3744.733969
-0.500832,200,3745.567316
-125.04207,200,3746.541476
-120.892148,200,3747.394948
-219.804255,200,3748.253407
-120.50877,200,3749.102863
-232.006486,200,3750.1635
-118.988797,200,3751.009847
-244.101622,200,3751.86574
-130.110721,200,3752.714424
-119.511313,200,3753.560045
-235.187346,200,3754.408705
-221.035466,200,3755.390629
-220.061368,200,3756.229269
-221.559118,200,3757.062126
-114.197955,200,3757.9767
-126.002439,200,3758.968739
-127.856255,200,3759.827806
-120.528637,200,3760.708627
-117.53957,200,3761.710504
-116.610006,200,3762.668855
-113.988707,200,3763.614998
-122.407452,200,3764.705951
-116.999956,200,3765.593454
-118.715346,200,3766.474781
-222.91056,200,3767.456678
-226.068514,200,3768.516046
-125.538278,200,3769.356652
-234.980014,200,3770.358172
-114.311451,200,3771.235991
-120.735625,200,3772.091168
-236.446135,200,3772.94117
-238.142457,200,3773.916417
-233.529235,200,3774.777613
-120.452658,200,3775.623897
-239.440728,200,3776.479998
-236.3992,200,3777.525985
-117.063563,200,3778.367498
-119.564649,200,3779.204251
-116.951741,200,3780.126016
-228.60823,200,3780.975406
-120.727841,200,3781.813202
-114.944192,200,3782.831886
-260.546287,200,3783.724494
-123.9316,200,3784.633356
-121.147585,200,3785.550398
-221.100573,200,3786.606605
-127.707526,200,3787.522944
-1.729876,200,3788.405209
-125.2587,200,3789.260009
-118.971737,200,3790.132046
-127.817675,200,3791.001571
-2.058344,200,3791.985905
-123.175731,200,3792.855816
-113.793683,200,3793.743104
-242.527488,200,3794.648944
-0.66569,200,3795.719013
-119.352342,200,3796.62735
-0.518217,200,3797.533749
-228.436018,200,3798.405832
-0.759797,200,3799.368404
-125.54615,200,3800.257099
-0.672634,200,3801.23403
-221.155981,200,3802.076701
-224.686885,200,3802.933533
-128.171381,200,3803.789137
-120.554026,200,3804.910259
-116.647601,200,3805.768651
-235.53886,200,3806.609162
-123.277372,200,3807.455877
-122.055316,200,3808.32101
-2.939573,200,3809.154736
-118.803551,200,3810.124784
-113.381109,200,3810.989314
-129.563775,200,3811.860217
-119.063232,200,3812.726545
-224.490929,200,3813.823143
-218.262795,200,3814.664003
-0.685213,200,3815.569443
-114.87145,200,3816.426457
-232.840096,200,3817.267561
-119.550876,200,3818.102442
-117.618469,200,3819.077101
-120.891151,200,3819.920152
-124.160012,200,3820.758089
-120.700499,200,3821.594891
-118.979573,200,3822.603446
-0.5539,200,3823.482399
-126.333835,200,3824.324589
-123.281949,200,3825.159733
-120.709413,200,3825.994874
-223.462268,200,3826.831678
-123.159685,200,3827.79533
-120.326662,200,3828.637219
-242.304028,200,3829.473501
-115.908387,200,3830.319952
-223.606862,200,3831.362868
-114.805586,200,3832.200535
-127.622095,200,3833.038619
-314.960811,200,3833.877627
-279.196387,200,3834.713046
-126.326276,200,3835.548797
-125.812616,200,3836.514316
-118.687368,200,3837.36319
-113.397631,200,3838.198386
-0.879342,200,3839.036516
-119.546376,200,3840.09108
-116.580916,200,3840.930023
-245.714469,200,3841.767753
-124.570668,200,3842.603431
-235.094108,200,3843.439681
-1.939669,200,3844.275575
-125.836155,200,3845.273457
-2.916137,200,3846.126647
-227.840561,200,3846.963343
-123.889285,200,3847.799054
-230.630706,200,3848.746547
-240.387615,200,3849.631422
-119.753376,200,3850.469645
-231.613401,200,3851.307005
-117.499893,200,3852.143816
-123.344031,200,3852.98188
-222.298634,200,3853.946846
-124.633235,200,3854.789902
-230.644184,200,3855.631533
-248.362409,200,3856.51403
-222.06504,200,3857.564647
-115.082298,200,3858.405404
-223.490662,200,3859.244253
-123.984839,200,3860.082619
-125.233909,200,3860.918565
-228.944876,200,3861.753866
-235.632529,200,3862.718284
-124.476504,200,3863.560157
-118.377322,200,3864.464163
-310.080085,200,3865.362597
-120.666368,200,3866.345572
-122.086126,200,3867.179716
-236.174345,200,3868.01748
-280.726559,200,3868.856196
-119.081302,200,3869.692966
-124.631208,200,3870.528528
-222.759558,200,3871.492802
-124.840021,200,3872.335052
-120.703499,200,3873.169679
-303.046497,200,3874.005924
-123.312162,200,3875.036558
-120.343789,200,3875.874849
-118.491986,200,3876.709133
-121.278186,200,3877.553781
-122.162238,200,3878.391397
-114.450021,200,3879.229048
-224.190738,200,3880.196021
-0.520084,200,3881.029697
-224.332122,200,3881.853778
-126.146857,200,3882.757358
-126.933839,200,3883.774396
-114.472346,200,3884.612456
-126.77483,200,3885.451326
-221.93497,200,3886.287954
-122.761353,200,3887.122467
-1.093462,200,3887.957661
-229.409153,200,3888.923617
-125.176352,200,3889.764841
-119.723527,200,3890.600298
-0.606902,200,3891.443549
-116.379273,200,3892.509481
-116.045031,200,3893.349805
-122.142298,200,3894.186673
-116.075479,200,3895.024252
-126.740688,200,3895.860451
-119.184224,200,3896.695519
-1.69047,200,3897.664963
-120.890077,200,3898.508913
-119.139389,200,3899.343854
-123.105096,200,3900.176824
-120.886344,200,3901.179737
-120.955974,200,3902.099923
-117.892063,200,3903.037663
-240.301406,200,3903.901918
-0.564654,200,3904.783059
-118.729009,200,3905.653881
-126.388198,200,3906.657268
-217.31846,200,3907.580159
-125.906839,200,3908.444358
-127.159163,200,3909.412233
-236.185463,200,3910.425064
-121.993906,200,3911.338372
-127.572985,200,3912.197611
-116.196677,200,3913.206939
-125.433087,200,3914.146353
-244.426887,200,3914.983796
-118.894137,200,3915.989389
-116.642051,200,3916.861122
-224.478596,200,3917.703447
-224.609953,200,3918.56606
-123.828604,200,3919.550562
-121.846718,200,3920.380662
-125.92361,200,3921.230402
-116.693253,200,3922.064343
-222.224448,200,3922.887748
-122.699992,200,3923.722352
-1.29669,200,3924.695483
-116.489892,200,3925.539227
-124.41652,200,3926.372695
-357.142123,200,3927.203407
-221.206859,200,3928.252958
-221.962346,200,3929.089548
-2.196782,200,3929.925264
-122.430672,200,3930.762423
-220.856416,200,3931.597629
-227.345072,200,3932.433281
-230.700441,200,3933.399023
-317.278064,200,3934.238973
-121.357499,200,3935.104693
-120.358459,200,3935.951994
-0.942037,200,3937.047544
-249.841145,200,3937.896979
-116.494527,200,3938.744357
-230.322464,200,3939.588728
-0.605129,200,3940.436195
-0.543683,200,3941.28455
-221.769773,200,3942.278281
-303.430308,200,3943.123954
-227.063631,200,3944.03081
-221.304737,200,3944.879241
-121.257835,200,3945.946325
-120.811682,200,3946.834562
-228.426484,200,3947.718479
-231.397264,200,3948.579117
-118.068974,200,3949.441725
-121.467242,200,3950.32605
-224.581992,200,3951.326833
-119.0856,200,3952.195418
-0.442801,200,3953.031675
-117.230455,200,3953.956927
-122.063114,200,3955.066459
-250.670071,200,3955.90354
-121.622774,200,3956.739555
-123.082322,200,3957.583171
-228.508342,200,3958.432889
-117.345178,200,3959.267051
-227.543134,200,3960.229164
-1.137364,200,3961.069604
-279.031337,200,3961.904309
-116.752179,200,3962.742995
-120.73848,200,3963.903172
-227.577763,200,3964.766937
-113.139707,200,3965.667491
-114.530885,200,3966.509289
-222.056465,200,3967.342015
-2.172597,200,3968.176478
-116.927196,200,3969.143837
-221.312472,200,3969.982052
-230.800033,200,3970.815031
-117.567151,200,3971.651347
-228.085925,200,3972.653819
-121.704004,200,3973.489626
-114.055608,200,3974.325198
-221.95323,200,3975.160029
-217.149427,200,3975.992046
-116.707714,200,3976.825478
-120.72416,200,3977.787419
-116.630051,200,3978.626163
-240.657863,200,3979.457438
-115.82936,200,3980.294595
-129.223731,200,3981.347066
-234.006816,200,3982.18211
-229.168447,200,3983.015991
-119.139445,200,3983.851482
-120.542644,200,3984.68525
-233.457019,200,3985.518107
-231.475972,200,3986.48634
-115.007197,200,3987.326039
-120.267626,200,3988.161249
-216.045397,200,3989.007543
-118.431868,200,3990.051331
-127.703308,200,3990.885718
-127.918875,200,3991.858903
-124.683374,200,3992.786845
-286.677023,200,3993.621373
-0.763881,200,3994.456223
-239.787509,200,3995.422469
-315.171264,200,3996.261109
-120.790903,200,3997.094633
-265.582689,200,3997.960677
-121.873341,200,3999.009805
-117.878886,200,3999.846125
-118.914045,200,4000.680341
-233.655274,200,4001.513359
-222.174283,200,4002.347771
-115.03619,200,4003.181947
-224.02216,200,4004.147411
-223.494999,200,4004.985563
-123.642831,200,4005.818635
-234.446408,200,4006.651171
-219.700453,200,4007.647667
-118.465015,200,4008.484859
-228.756756,200,4009.320555
-117.013532,200,4010.155055
-123.503502,200,4010.988013
-115.950345,200,4011.820017
-116.602449,200,4012.781253
-120.241543,200,4013.620968
-229.723908,200,4014.453788
-124.487745,200,4015.286748
-0.475301,200,4016.327874
-232.104641,200,4017.161241
-126.50534,200,4018.003628
-1.102744,200,4018.838051
-115.308172,200,4019.671263
-119.258055,200,4020.503382
-119.00385,200,4021.464653
-233.342009,200,4022.303699
-119.374481,200,4023.143408
-119.216904,200,4023.978788
-116.006419,200,4025.050469
-0.507232,200,4025.906894
-1.718898,200,4026.741144
-234.415606,200,4027.574284
-125.750157,200,4028.407596
-116.829668,200,4029.24093
-230.900363,200,4030.201347
-233.735044,200,4031.041362
-118.968369,200,4031.873867
-118.57052,200,4032.708038
-123.080228,200,4033.738301
-118.240313,200,4034.573965
-224.896014,200,4035.40755
-225.790313,200,4036.240656
-119.004706,200,4037.074486
-123.861791,200,4037.9175
-305.43385,200,4038.878563
-220.674637,200,4039.717333
-123.207706,200,4040.549423
-116.998121,200,4041.380542
-115.81762,200,4042.438534
-120.689933,200,4043.274406
-117.900665,200,4044.108966
-226.861142,200,4044.943886
-117.36571,200,4045.776812
-0.365692,200,4046.609798
-119.528514,200,4047.571065
-0.549514,200,4048.408836
-0.50795,200,4049.24142
-357.71781,200,4050.073731
-113.802483,200,4051.068007
-125.597367,200,4051.904592
-122.883766,200,4052.739586
-115.277138,200,4053.574906
-118.386652,200,4054.40903
-123.587886,200,4055.241099
-121.21552,200,4056.201763
-119.279505,200,4057.06015
-228.92838,200,4057.959914
-0.582337,200,4058.803881
-221.835848,200,4059.917943
-220.364034,200,4060.784556
-121.133606,200,4061.646403
-118.302101,200,4062.533517
-122.601933,200,4063.416167
-120.895044,200,4064.316308
-120.008706,200,4065.31662
-228.556826,200,4066.164548
-120.694937,200,4067.009846
-118.880185,200,4067.886106
-120.013006,200,4068.937854
-233.199363,200,4069.773233
-116.697395,200,4070.608162
-117.775566,200,4071.442349
-0.473676,200,4072.276145
-118.733041,200,4073.110525
-0.718647,200,4074.073771
-119.692652,200,4074.913496
-220.066719,200,4075.746946
-117.698239,200,4076.599183
-1.922075,200,4077.581804
-119.787385,200,4078.416449
-119.953888,200,4079.251771
-116.38542,200,4080.086519
-121.344174,200,4080.919915
-221.761062,200,4081.753133
-127.678561,200,4082.715802
-0.434509,200,4083.556042
-246.907971,200,4084.389539
-116.754275,200,4085.231214
-121.021442,200,4086.275347
-0.364007,200,4087.111061
-233.959609,200,4087.945033
-126.261464,200,4088.779155
-113.379752,200,4089.613915
-124.728424,200,4090.446849
-121.203267,200,4091.41111
-116.728542,200,4092.250568
-265.062615,200,4093.084288
-119.032861,200,4093.930639
-120.61683,200,4094.971815
-245.572499,200,4095.808979
-218.511206,200,4096.643849
-123.64246,200,4097.587455
-352.627438,200,4098.421812
-2.080544,200,4099.255418
-293.233033,200,4100.217728
-0.504977,200,4101.057481
-124.366106,200,4101.891468
-123.917239,200,4102.730743
-226.316278,200,4103.782939
-121.423638,200,4104.618974
-121.041193,200,4105.45492
-0.698732,200,4106.289351
-2.37492,200,4107.120988
-122.992762,200,4107.954068
-117.683084,200,4108.915825
-126.527983,200,4109.754191
-120.232868,200,4110.586879
-239.775296,200,4111.417856
-116.538557,200,4112.399828
-3.187004,200,4113.248488
-123.449621,200,4114.083692
-118.393075,200,4114.918723
-125.236687,200,4115.751693
-114.006231,200,4116.583974
-116.933489,200,4117.558655
-225.516785,200,4118.397944
-121.145056,200,4119.230343
-124.670533,200,4120.130662
-2.002383,200,4121.135451
-120.695904,200,4121.970561
-121.810457,200,4122.8039
-124.537274,200,4123.639153
-120.908054,200,4124.471792
-0.661386,200,4125.304982
-282.842031,200,4126.267536
-117.26812,200,4127.107822
-119.432954,200,4127.940945
-120.939972,200,4128.773852
-115.846541,200,4129.830102
-116.653714,200,4130.66892
-235.341665,200,4131.503298
-254.423657,200,4132.33713
-1.115348,200,4133.19157
-228.606045,200,4134.027377
-128.448538,200,4134.99072
-280.871421,200,4135.829578
-125.778893,200,4136.661127
-227.690169,200,4137.5368
-238.485031,200,4138.502946
-119.67235,200,4139.339033
-118.929899,200,4140.174457
-119.008663,200,4141.009198
-120.85445,200,4141.84263
-0.456597,200,4142.676298
-124.443666,200,4143.639791
-123.679644,200,4144.479246
-118.074177,200,4145.312014
-230.747587,200,4146.144148
-243.366512,200,4147.226901
-0.610265,200,4148.063218
-0.646669,200,4148.897112
-126.454222,200,4149.729309
-128.932592,200,4150.563478
-115.306694,200,4151.397269
-119.395967,200,4152.358135
-231.125831,200,4153.196881
-118.292461,200,4154.031219
-116.874899,200,4154.869813
-240.01311,200,4155.902405
-119.854259,200,4156.739245
-238.279277,200,4157.585798
-124.525497,200,4158.419598
-222.758134,200,4159.252307
-116.559454,200,4160.083623
-119.053019,200,4161.04347
-118.795827,200,4161.88146
-124.369991,200,4162.715684
-123.812487,200,4163.587459
-124.547252,200,4164.638532
-122.136223,200,4165.474363
-224.070852,200,4166.309466
-291.161229,200,4167.141869
-1.426128,200,4167.975188
-5.060892,200,4168.807208
-118.35336,200,4169.768736
-122.24629,200,4170.607748
-220.358755,200,4171.438793
-241.362689,200,4172.297008
-118.302502,200,4173.268748
-1.527972,200,4174.101116
-222.335091,200,4174.934385
-126.627197,200,4175.768292
-118.516635,200,4176.663021
-121.370209,200,4177.503728
-220.173182,200,4178.468341
-228.477129,200,4179.307389
-216.907728,200,4180.13937
-226.190145,200,4181.034691
-122.842085,200,4182.026507
-221.560398,200,4182.862005
-125.557672,200,4183.702354
-123.716486,200,4184.552422
-0.499088,200,4185.38604
-119.962057,200,4186.22584
-225.934093,200,4187.194661
-116.402801,200,4188.04231
-229.745318,200,4188.877734
-1.904618,200,4189.712998
-113.66326,200,4190.767346
-115.202263,200,4191.603292
-251.815201,200,4192.437121
-273.124194,200,4193.271357
-119.895524,200,4194.105602
-125.248657,200,4194.938938
-116.726384,200,4195.901349
-231.729257,200,4196.741248
-114.86593,200,4197.581952
-237.11937,200,4198.417072
-297.418696,200,4199.420146
-125.815921,200,4200.268871
-237.435232,200,4201.114343
-124.281879,200,4201.968235
-225.359194,200,4202.811825
-222.72415,200,4203.649297
-116.160879,200,4204.645239
-0.463662,200,4205.492936
-126.268106,200,4206.337585
-115.531128,200,4207.203385
-221.247444,200,4208.247301
-1.018496,200,4209.135456
-271.094323,200,4210.007281
-117.472492,200,4210.856002
-124.563368,200,4211.855566
-0.854579,200,4212.72674
-118.342527,200,4213.710637
-230.927156,200,4214.563572
-289.512727,200,4215.408217
-271.864078,200,4216.27228
-114.175653,200,4217.328866
-226.520261,200,4218.188888
-113.939109,200,4219.038577
-116.333004,200,4219.885766
-123.643316,200,4220.722493
-119.197407,200,4221.559743
-119.771169,200,4222.532483
-116.763745,200,4223.415814
-287.648099,200,4224.252621
-118.651098,200,4225.090405
-116.966029,200,4226.144771
-130.934061,200,4226.995657
-124.621352,200,4227.841161
-226.42954,200,4228.675464
-228.321044,200,4229.522927
-282.7036,200,4230.364735
-122.72045,200,4231.348951
-216.399553,200,4232.208655
-4.174045,200,4233.074559
-222.490207,200,4233.926374
-223.198599,200,4234.990258
-230.133094,200,4235.845505
-357.801369,200,4236.682946
-123.205453,200,4237.527105
-120.862999,200,4238.35913
-217.299048,200,4239.192616
-239.375633,200,4240.153899
-117.81399,200,4241.001874
-0.582821,200,4241.847544
-117.112143,200,4242.692806
-128.064691,200,4243.712966
-0.709545,200,4244.621668
-124.993803,200,4245.474739
-123.520244,200,4246.327663
-270.802763,200,4247.177173
-124.110615,200,4248.013739
-117.940689,200,4248.989173
-120.865794,200,4249.856893
-123.028257,200,4250.694099
-220.331276,200,4251.553805
-122.48943,200,4252.576049
-123.591948,200,4253.418079
-0.587615,200,4254.264672
-116.501087,200,4255.11779
-1.278058,200,4255.964176
-232.6684,200,4256.810207
-0.473767,200,4257.799416
-1.410529,200,4258.655989
-0.470889,200,4259.517342
-225.662662,200,4260.502754
-119.873833,200,4261.492496
-217.975377,200,4262.333652
-119.058803,200,4263.169606
-313.295637,200,4264.002514
-124.542443,200,4264.835208
-119.934759,200,4265.667999
-232.429664,200,4266.628726
-117.496677,200,4267.467896
-122.211948,200,4268.304187
-115.632948,200,4269.14672
-119.004808,200,4270.206701
-272.171785,200,4271.046709
-221.643786,200,4271.879982
-121.720963,200,4272.714836
-244.439576,200,4273.548373
-291.225187,200,4274.380599
-119.213249,200,4275.359196
-124.901526,200,4276.215939
-120.56304,200,4277.060858
-117.23313,200,4277.908956
-118.25229,200,4278.911822
-119.868608,200,4279.769159
-129.77785,200,4280.626002
-114.929498,200,4281.462582
-117.240763,200,4282.319316
-0.683961,200,4283.172694
-125.588503,200,4284.149006
-126.934625,200,4284.994442
-255.234484,200,4285.855842
-118.535769,200,4286.706423
-311.57938,200,4287.764826
-0.31269,200,4288.623604
-264.861929,200,4289.462061
-218.164815,200,4290.293779
-127.22203,200,4291.134118
-232.250133,200,4291.979073
-120.782362,200,4292.954158
-246.431134,200,4293.809516
-122.34514,200,4294.661206
-119.194718,200,4295.500086
-226.824461,200,4296.558049
-124.61879,200,4297.407888
-0.62304,200,4298.244259
-119.494019,200,4299.091591
-0.430496,200,4299.931842
-225.192665,200,4300.777701
-128.56916,200,4301.75076
-118.008098,200,4302.605466
-0.822495,200,4303.459682
-0.30976,200,4304.321132
-218.784623,200,4305.380814
-124.321695,200,4306.22295
-0.774073,200,4307.074841
-251.023847,200,4307.927834
-121.388818,200,4308.775333
-124.78243,200,4309.624275
-125.953183,200,4310.58726
-119.905551,200,4311.425547
-117.355456,200,4312.268911
-126.997194,200,4313.112776
-229.425685,200,4314.19945
-0.667917,200,4315.058391
-0.975817,200,4315.898278
-234.955304,200,4316.741062
-118.486595,200,4317.575575
-119.951872,200,4318.40677
-116.637846,200,4319.371186
-120.732207,200,4320.218255
-115.631756,200,4321.062858
-223.223666,200,4321.923094
-1.096859,200,4322.983626
-235.523579,200,4323.822358
-251.175663,200,4324.720115
-230.657427,200,4325.579672
-238.535171,200,4326.436209
-365.87007,200,4327.287426
-116.902931,200,4328.270364
-119.451423,200,4329.11711
-117.075253,200,4329.956372
-227.623166,200,4330.827134
-223.823997,200,4331.827486
-0.911347,200,4332.736407
-119.98007,200,4333.582262
-232.240963,200,4334.424204
-217.242729,200,4335.316967
-241.162647,200,4336.174091
-228.132918,200,4337.167371
-125.803757,200,4338.035299
-243.160001,200,4338.897008
-126.484461,200,4339.787863
-224.439273,200,4340.861627
-123.060486,200,4341.725146
-118.351937,200,4342.615507
-115.075173,200,4343.499323
-221.635535,200,4344.347202
-266.591884,200,4345.241598
-0.553909,200,4346.257274
-2.480642,200,4347.117597
-217.808384,200,4347.977309
-2.732543,200,4348.868933
-235.313001,200,4349.966884
-126.790107,200,4350.840553
-117.545317,200,4351.74822
-126.063237,200,4352.661995
-0.377109,200,4353.579112
-385.076105,200,4354.43803
-120.819254,200,4355.451769
-118.848073,200,4356.368265
-124.725803,200,4357.222655
-222.241201,200,4358.161881
-123.012837,200,4359.232366
-222.194506,200,4360.079778
-115.09776,200,4360.905225
-123.487129,200,4361.730106
-114.62008,200,4362.57813
-1.631782,200,4363.431519
-124.23344,200,4364.394509
-0.330699,200,4365.227073
-127.791848,200,4366.048113
-358.469799,200,4366.873752
-1.63504,200,4367.920478
-128.174086,200,4368.746478
-117.631403,200,4369.569498
-127.597613,200,4370.391913
-0.525853,200,4371.214004
-220.237093,200,4372.035777
-117.22991,200,4372.997235
-226.580663,200,4373.835795
-115.955061,200,4374.67194
-117.020722,200,4375.528839
-123.00167,200,4376.482284
-119.959393,200,4377.315899
-123.559676,200,4378.141634
-124.159353,200,4378.966398
-125.632312,200,4379.788931
-119.326897,200,4380.612758
-117.805395,200,4381.568748
-270.487812,200,4382.398245
-246.774315,200,4383.221473
-118.654349,200,4384.049448
-126.862581,200,4385.104398
-118.47209,200,4385.962054
-127.141703,200,4386.794991
-126.200051,200,4387.631592
-116.781354,200,4388.466631
-219.944631,200,4389.295376
-0.55429,200,4390.269867
-119.597748,200,4391.114258
-243.420676,200,4391.942463
-123.941314,200,4392.770396
-115.274144,200,4393.821884
-121.009171,200,4394.668297
-239.873228,200,4395.503429
-123.404179,200,4396.336833
-225.50369,200,4397.170944
-238.128489,200,4398.021162
-227.976702,200,4398.989816
-122.586735,200,4399.8306
-120.234744,200,4400.664613
-222.498167,200,4401.571076
-124.69401,200,4402.565346
-114.720158,200,4403.414254
-122.861939,200,4404.250619
-228.916056,200,4405.180968
-122.25772,200,4406.051703
-224.475674,200,4406.8888
-226.69621,200,4407.858096
-125.328487,200,4408.701331
-117.41445,200,4409.537167
-225.225688,200,4410.371671
-124.662819,200,4411.425882
-221.473814,200,4412.26216
-116.807238,200,4413.097387
-126.89993,200,4414.020167
-119.676234,200,4414.855545
-128.22227,200,4415.703318
-247.389402,200,4416.667773
-120.337526,200,4417.50935
-119.02574,200,4418.343388
-118.087516,200,4419.183446
-124.332199,200,4420.244108
-253.087695,200,4421.077699
-123.053407,200,4421.912032
-120.725125,200,4422.747004
-0.655003,200,4423.58599
-4.187146,200,4424.418943
