#{"t_start": 1789044189.1253262, "env_id": "CartPole-v1"}
r,l,t
29.0,29,0.651024
10.0,10,0.651341
11.0,11,0.651661
36.0,36,0.652589
13.0,13,0.652994
16.0,16,0.709741
17.0,17,0.712709
19.0,19,0.716089
37.0,37,0.721992
27.0,27,0.726436
15.0,15,0.728962
13.0,13,0.730881
23.0,23,0.734627
10.0,10,0.735999
29.0,29,0.740899
18.0,18,0.74344
11.0,11,0.7453
11.0,11,0.747131
46.0,46,0.753954
11.0,11,0.755777
32.0,32,0.761581
29.0,29,0.765867
18.0,18,0.768859
15.0,15,0.770797
26.0,26,0.77499
48.0,48,0.782329
16.0,16,0.784796
17.0,17,0.787258
46.0,46,0.794545
12.0,12,0.796397
11.0,11,0.797715
25.0,25,0.801867
28.0,28,0.806058
22.0,22,0.809128
61.0,61,0.818252
13.0,13,0.820584
33.0,33,0.82546
17.0,17,0.827906
35.0,35,0.833258
15.0,15,0.835658
34.0,34,0.840758
74.0,74,0.853192
34.0,34,0.858612
27.0,27,0.863071
19.0,19,0.866496
24.0,24,0.870572
16.0,16,0.873475
20.0,20,0.876783
15.0,15,0.878782
20.0,20,0.881917
13.0,13,0.884478
13.0,13,0.886438
9.0,9,0.887761
23.0,23,0.89197
63.0,63,0.902276
9.0,9,0.90361
12.0,12,0.9055
20.0,20,0.908574
17.0,17,0.911111
14.0,14,0.913603
23.0,23,0.917069
32.0,32,0.922213
12.0,12,0.925249
20.0,20,0.928216
16.0,16,0.930684
14.0,14,0.933058
18.0,18,0.935474
18.0,18,0.938499
21.0,21,0.94154
25.0,25,0.945219
25.0,25,0.949447
14.0,14,0.951318
13.0,13,0.953161
14.0,14,0.955612
16.0,16,0.958136
12.0,12,0.959941
12.0,12,0.963298
15.0,15,0.96571
20.0,20,0.968661
13.0,13,0.970575
20.0,20,0.973635
19.0,19,0.976539
9.0,9,0.977749
11.0,11,0.979496
22.0,22,0.982459
9.0,9,0.983625
22.0,22,0.987475
24.0,24,0.990853
16.0,16,0.993265
18.0,18,0.995723
16.0,16,0.998032
15.0,15,1.000218
16.0,16,1.002512
19.0,19,1.00528
11.0,11,1.006975
13.0,13,1.047825
67.0,67,1.058832
17.0,17,1.061229
32.0,32,1.065975
14.0,14,1.067835
43.0,43,1.074852
18.0,18,1.077822
30.0,30,1.082277
25.0,25,1.086211
20.0,20,1.089302
18.0,18,1.092576
18.0,18,1.095536
41.0,41,1.102923
16.0,16,1.105907
11.0,11,1.107259
10.0,10,1.109156
54.0,54,1.117605
24.0,24,1.121529
25.0,25,1.12573
24.0,24,1.129569
11.0,11,1.130906
44.0,44,1.137789
10.0,10,1.139837
9.0,9,1.141175
18.0,18,1.144443
14.0,14,1.146401
17.0,17,1.148981
13.0,13,1.1514
33.0,33,1.156477
23.0,23,1.160228
22.0,22,1.163385
14.0,14,1.165755
18.0,18,1.168336
10.0,10,1.170274
13.0,13,1.172186
12.0,12,1.174115
13.0,13,1.175994
16.0,16,1.178555
12.0,12,1.180487
38.0,38,1.186543
20.0,20,1.189686
17.0,17,1.192495
27.0,27,1.197038
25.0,25,1.201084
11.0,11,1.203061
16.0,16,1.20586
16.0,16,1.208516
13.0,13,1.210555
23.0,23,1.214149
12.0,12,1.21607
9.0,9,1.217279
16.0,16,1.219688
29.0,29,1.224068
17.0,17,1.226418
28.0,28,1.230714
48.0,48,1.238034
21.0,21,1.241843
41.0,41,1.24784
33.0,33,1.252511
33.0,33,1.257214
14.0,14,1.259457
13.0,13,1.261281
23.0,23,1.264735
30.0,30,1.269016
25.0,25,1.27306
27.0,27,1.276509
13.0,13,1.278722
16.0,16,1.284519
13.0,13,1.286192
20.0,20,1.289019
21.0,21,1.291759
13.0,13,1.293511
14.0,14,1.295725
12.0,12,1.297498
15.0,15,1.299768
51.0,51,1.306768
26.0,26,1.310766
20.0,20,1.313577
39.0,39,1.319255
13.0,13,1.320967
20.0,20,1.323974
13.0,13,1.325811
16.0,16,1.328086
38.0,38,1.33379
31.0,31,1.337773
15.0,15,1.340193
26.0,26,1.344077
13.0,13,1.345816
25.0,25,1.349281
26.0,26,1.353283
15.0,15,1.355021
11.0,11,1.356828
20.0,20,1.364163
21.0,21,1.367258
16.0,16,1.3698
21.0,21,1.374118
10.0,10,1.376277
10.0,10,1.378489
32.0,32,1.383785
21.0,21,1.387048
56.0,56,1.396158
18.0,18,1.398849
18.0,18,1.402229
17.0,17,1.404744
16.0,16,1.407006
31.0,31,1.411335
11.0,11,1.412921
24.0,24,1.416227
21.0,21,1.418983
20.0,20,1.42182
12.0,12,1.423464
9.0,9,1.424724
24.0,24,1.427955
20.0,20,1.430631
9.0,9,1.431732
17.0,17,1.434279
28.0,28,1.440965
20.0,20,1.443751
18.0,18,1.446006
15.0,15,1.448166
13.0,13,1.449791
12.0,12,1.451476
13.0,13,1.453209
26.0,26,1.457072
13.0,13,1.461553
23.0,23,1.464855
12.0,12,1.466557
14.0,14,1.468295
25.0,25,1.472084
39.0,39,1.477141
32.0,32,1.481494
17.0,17,1.484137
25.0,25,1.487473
24.0,24,1.490787
18.0,18,1.492969
13.0,13,1.495002
18.0,18,1.497188
11.0,11,1.498791
21.0,21,1.50153
11.0,11,1.503163
15.0,15,1.505491
25.0,25,1.508964
50.0,50,1.516006
17.0,17,1.518826
22.0,22,1.521901
24.0,24,1.525532
14.0,14,1.527691
13.0,13,1.529415
17.0,17,1.531805
28.0,28,1.536035
15.0,15,1.538352
25.0,25,1.541989
11.0,11,1.543729
16.0,16,1.546009
35.0,35,1.550854
39.0,39,1.556094
24.0,24,1.559364
20.0,20,1.562283
31.0,31,1.566923
11.0,11,1.568566
14.0,14,1.570332
18.0,18,1.573333
11.0,11,1.575049
13.0,13,1.57691
17.0,17,1.579287
52.0,52,1.586837
10.0,10,1.588479
22.0,22,1.591504
29.0,29,1.595538
13.0,13,1.598497
11.0,11,1.59996
10.0,10,1.602135
20.0,20,1.605081
11.0,11,1.607029
32.0,32,1.611607
22.0,22,1.614412
28.0,28,1.618509
16.0,16,1.620809
21.0,21,1.623779
32.0,32,1.62814
32.0,32,1.632652
10.0,10,1.634384
38.0,38,1.639516
15.0,15,1.641655
30.0,30,1.646261
21.0,21,1.649231
25.0,25,1.652785
12.0,12,1.654541
25.0,25,1.658073
68.0,68,1.674405
23.0,23,1.678508
15.0,15,1.681012
26.0,26,1.684939
42.0,42,1.691663
34.0,34,1.696982
20.0,20,1.700024
50.0,50,1.707846
51.0,51,1.71558
22.0,22,1.718577
15.0,15,1.721121
18.0,18,1.72371
12.0,12,1.725512
10.0,10,1.727251
22.0,22,1.730259
16.0,16,1.732537
11.0,11,1.734366
47.0,47,1.741438
11.0,11,1.743153
14.0,14,1.744888
52.0,52,1.752371
43.0,43,1.758874
21.0,21,1.761852
17.0,17,1.764157
33.0,33,1.769285
16.0,16,1.771641
31.0,31,1.775828
18.0,18,1.778764
56.0,56,1.786822
15.0,15,1.789183
16.0,16,1.791459
14.0,14,1.793174
12.0,12,1.795193
48.0,48,1.802446
17.0,17,1.805065
13.0,13,1.807649
27.0,27,1.811315
24.0,24,1.814695
21.0,21,1.818154
33.0,33,1.823057
14.0,14,1.824971
22.0,22,1.828342
16.0,16,1.830597
18.0,18,1.832983
11.0,11,1.834657
15.0,15,1.836783
12.0,12,1.838685
14.0,14,1.840448
11.0,11,1.842233
13.0,13,1.844077
13.0,13,1.846155
11.0,11,1.84738
13.0,13,1.849589
15.0,15,1.851453
38.0,38,1.856949
49.0,49,1.863785
14.0,14,1.866
31.0,31,1.870136
23.0,23,1.873603
10.0,10,1.875326
12.0,12,1.877085
41.0,41,1.883088
15.0,15,1.885349
20.0,20,1.888293
19.0,19,1.890946
19.0,19,1.893891
12.0,12,1.895781
14.0,14,1.89826
11.0,11,1.899592
14.0,14,1.901886
15.0,15,1.904168
26.0,26,1.907789
51.0,51,1.915372
38.0,38,1.920701
16.0,16,1.923134
12.0,12,1.925107
27.0,27,1.929095
39.0,39,1.935398
47.0,47,1.944253
11.0,11,1.946832
37.0,37,1.955583
14.0,14,1.960734
11.0,11,1.963548
14.0,14,1.966338
15.0,15,1.96916
21.0,21,1.972802
12.0,12,1.974888
20.0,20,1.982768
67.0,67,1.995529
18.0,18,1.998574
12.0,12,2.000585
14.0,14,2.002626
12.0,12,2.00461
28.0,28,2.009084
28.0,28,2.013379
27.0,27,2.017773
22.0,22,2.020989
19.0,19,2.024061
38.0,38,2.030238
34.0,34,2.035114
10.0,10,2.036935
31.0,31,2.041506
11.0,11,2.04333
34.0,34,2.04862
14.0,14,2.050642
44.0,44,2.057239
13.0,13,2.059175
24.0,24,2.062863
12.0,12,2.064749
17.0,17,2.067791
28.0,28,2.071998
14.0,14,2.073882
28.0,28,2.078097
51.0,51,2.086045
15.0,15,2.088479
22.0,22,2.091756
26.0,26,2.096136
17.0,17,2.098723
44.0,44,2.105544
22.0,22,2.10874
22.0,22,2.112628
21.0,21,2.115827
35.0,35,2.121373
14.0,14,2.123177
18.0,18,2.126004
11.0,11,2.127749
18.0,18,2.130586
27.0,27,2.135114
36.0,36,2.140601
25.0,25,2.144206
18.0,18,2.146912
12.0,12,2.148638
35.0,35,2.153238
22.0,22,2.156728
12.0,12,2.159226
16.0,16,2.161489
34.0,34,2.166107
11.0,11,2.167785
13.0,13,2.169648
69.0,69,2.179922
9.0,9,2.181171
34.0,34,2.185737
13.0,13,2.188042
23.0,23,2.190928
21.0,21,2.194189
12.0,12,2.195856
31.0,31,2.199824
12.0,12,2.2016
11.0,11,2.203295
12.0,12,2.205061
21.0,21,2.207966
33.0,33,2.213048
15.0,15,2.214933
48.0,48,2.221767
47.0,47,2.228891
12.0,12,2.230509
20.0,20,2.233353
22.0,22,2.236607
26.0,26,2.24023
49.0,49,2.246991
32.0,32,2.251766
25.0,25,2.255701
24.0,24,2.259291
16.0,16,2.261532
21.0,21,2.264458
13.0,13,2.266239
58.0,58,2.2748
13.0,13,2.276485
17.0,17,2.278734
10.0,10,2.280376
12.0,12,2.282099
13.0,13,2.290093
24.0,24,2.294258
42.0,42,2.301182
12.0,12,2.302889
37.0,37,2.309176
10.0,10,2.310601
16.0,16,2.312974
45.0,45,2.319141
15.0,15,2.321642
17.0,17,2.323907
22.0,22,2.327115
24.0,24,2.330459
83.0,83,2.342556
14.0,14,2.344647
18.0,18,2.34811
31.0,31,2.352749
18.0,18,2.356356
26.0,26,2.36048
22.0,22,2.364197
16.0,16,2.366656
14.0,14,2.368633
17.0,17,2.371641
15.0,15,2.373938
12.0,12,2.375795
17.0,17,2.378644
20.0,20,2.382259
46.0,46,2.388545
33.0,33,2.393644
29.0,29,2.398488
12.0,12,2.400607
27.0,27,2.404834
54.0,54,2.413486
20.0,20,2.416348
58.0,58,2.42473
39.0,39,2.430691
13.0,13,2.432387
25.0,25,2.436275
24.0,24,2.439954
16.0,16,2.442509
13.0,13,2.444711
14.0,14,2.446645
18.0,18,2.449452
50.0,50,2.456581
22.0,22,2.460699
29.0,29,2.464816
17.0,17,2.467109
17.0,17,2.469896
19.0,19,2.472513
20.0,20,2.475784
22.0,22,2.479408
20.0,20,2.482292
19.0,19,2.485076
10.0,10,2.486251
14.0,14,2.48849
27.0,27,2.492386
14.0,14,2.494759
13.0,13,2.496491
79.0,79,2.50817
12.0,12,2.510319
16.0,16,2.512629
22.0,22,2.515391
22.0,22,2.518785
14.0,14,2.520662
25.0,25,2.524809
12.0,12,2.529295
20.0,20,2.532254
11.0,11,2.533532
18.0,18,2.536193
13.0,13,2.538237
15.0,15,2.540689
20.0,20,2.543564
44.0,44,2.549813
24.0,24,2.553094
22.0,22,2.556163
12.0,12,2.558075
15.0,15,2.560323
12.0,12,2.561938
12.0,12,2.56364
15.0,15,2.565985
23.0,23,2.571116
48.0,48,2.578135
18.0,18,2.580432
64.0,64,2.589697
35.0,35,2.594646
26.0,26,2.603463
13.0,13,2.606012
60.0,60,2.615508
83.0,83,2.627715
63.0,63,2.636936
37.0,37,2.642643
18.0,18,2.645589
18.0,18,2.647814
23.0,23,2.651427
9.0,9,2.65259
17.0,17,2.655637
21.0,21,2.658708
25.0,25,2.662171
17.0,17,2.664482
23.0,23,2.667786
14.0,14,2.669951
32.0,32,2.674569
23.0,23,2.677608
10.0,10,2.679181
13.0,13,2.681045
27.0,27,2.685019
17.0,17,2.68737
50.0,50,2.695753
11.0,11,2.697333
9.0,9,2.699241
13.0,13,2.701383
12.0,12,2.703513
16.0,16,2.706319
11.0,11,2.708378
13.0,13,2.710437
25.0,25,2.716019
11.0,11,2.719301
29.0,29,2.725683
15.0,15,2.728771
22.0,22,2.733163
34.0,34,2.741379
22.0,22,2.749496
23.0,23,2.7549
16.0,16,2.76156
17.0,17,2.767199
44.0,44,2.778212
13.0,13,2.781957
13.0,13,2.78714
10.0,10,2.791261
28.0,28,2.797326
24.0,24,2.803406
46.0,46,2.817951
19.0,19,2.821391
24.0,24,2.833028
29.0,29,2.865911
47.0,47,2.87377
19.0,19,2.876556
18.0,18,2.879688
21.0,21,2.882837
15.0,15,2.885283
14.0,14,2.887309
21.0,21,2.891162
18.0,18,2.893585
43.0,43,2.899966
20.0,20,2.902927
14.0,14,2.904781
18.0,18,2.908078
10.0,10,2.909303
12.0,12,2.911049
13.0,13,2.913262
60.0,60,2.922074
23.0,23,2.925097
17.0,17,2.928084
15.0,15,2.930084
45.0,45,2.936966
49.0,49,2.944706
31.0,31,2.949463
27.0,27,2.953086
62.0,62,2.962807
38.0,38,2.969337
24.0,24,2.97313
22.0,22,2.976687
18.0,18,2.979298
22.0,22,2.982862
24.0,24,2.986621
27.0,27,2.991244
24.0,24,3.002132
17.0,17,3.004817
41.0,41,3.011994
16.0,16,3.014632
24.0,24,3.018132
40.0,40,3.024591
16.0,16,3.027454
18.0,18,3.030626
16.0,16,3.033148
21.0,21,3.036318
22.0,22,3.039718
46.0,46,3.046646
17.0,17,3.048913
30.0,30,3.053464
31.0,31,3.058011
27.0,27,3.062198
29.0,29,3.066304
58.0,58,3.074916
15.0,15,3.077177
15.0,15,3.079016
16.0,16,3.081309
16.0,16,3.083631
42.0,42,3.091377
18.0,18,3.094387
11.0,11,3.096481
15.0,15,3.099279
10.0,10,3.10068
10.0,10,3.102595
21.0,21,3.10611
32.0,32,3.111377
31.0,31,3.116358
31.0,31,3.121599
22.0,22,3.12506
24.0,24,3.128737
19.0,19,3.131943
11.0,11,3.13385
37.0,37,3.140246
21.0,21,3.14382
19.0,19,3.14705
35.0,35,3.152636
14.0,14,3.154609
13.0,13,3.156742
19.0,19,3.159695
18.0,18,3.162599
17.0,17,3.165168
39.0,39,3.171633
19.0,19,3.174415
24.0,24,3.178333
11.0,11,3.18028
12.0,12,3.182184
21.0,21,3.185425
26.0,26,3.189693
15.0,15,3.192151
27.0,27,3.195812
43.0,43,3.202342
30.0,30,3.207045
11.0,11,3.208496
16.0,16,3.210848
14.0,14,3.213078
32.0,32,3.217826
10.0,10,3.219119
10.0,10,3.220755
58.0,58,3.229314
20.0,20,3.232263
35.0,35,3.23772
29.0,29,3.242034
20.0,20,3.244957
23.0,23,3.248211
21.0,21,3.251078
21.0,21,3.254426
16.0,16,3.256955
29.0,29,3.261197
15.0,15,3.26365
17.0,17,3.266121
21.0,21,3.269126
11.0,11,3.270925
15.0,15,3.273323
15.0,15,3.275205
12.0,12,3.276936
16.0,16,3.279373
12.0,12,3.281138
18.0,18,3.283875
17.0,17,3.286139
15.0,15,3.288701
16.0,16,3.290979
13.0,13,3.292736
31.0,31,3.297152
23.0,23,3.300562
20.0,20,3.303517
23.0,23,3.306686
13.0,13,3.308918
16.0,16,3.315644
39.0,39,3.321268
18.0,18,3.324538
18.0,18,3.327049
19.0,19,3.329964
25.0,25,3.333645
16.0,16,3.335944
15.0,15,3.340377
17.0,17,3.343246
11.0,11,3.34519
13.0,13,3.347232
24.0,24,3.350605
26.0,26,3.354778
17.0,17,3.357568
35.0,35,3.362651
19.0,19,3.365567
10.0,10,3.366772
11.0,11,3.368566
42.0,42,3.37452
24.0,24,3.377922
11.0,11,3.379585
33.0,33,3.384216
16.0,16,3.386535
13.0,13,3.388826
13.0,13,3.390724
23.0,23,3.394442
38.0,38,3.399837
22.0,22,3.403124
24.0,24,3.406451
17.0,17,3.408823
14.0,14,3.410551
16.0,16,3.412862
9.0,9,3.414439
17.0,17,3.416797
20.0,20,3.419727
25.0,25,3.423151
23.0,23,3.426483
47.0,47,3.433086
21.0,21,3.435949
18.0,18,3.4383
14.0,14,3.44061
25.0,25,3.443949
15.0,15,3.446358
18.0,18,3.448748
14.0,14,3.451128
38.0,38,3.456207
16.0,16,3.458467
33.0,33,3.463648
14.0,14,3.465323
26.0,26,3.46921
20.0,20,3.472158
25.0,25,3.475616
11.0,11,3.477359
28.0,28,3.481331
40.0,40,3.486758
23.0,23,3.489644
13.0,13,3.491831
11.0,11,3.493125
21.0,21,3.496482
16.0,16,3.498894
21.0,21,3.50171
18.0,18,3.504097
9.0,9,3.505789
23.0,23,3.509092
12.0,12,3.510798
19.0,19,3.513545
12.0,12,3.515194
31.0,31,3.519725
11.0,11,3.521879
47.0,47,3.528057
11.0,11,3.529636
13.0,13,3.531358
12.0,12,3.532968
29.0,29,3.537457
15.0,15,3.539209
37.0,37,3.545151
14.0,14,3.54693
59.0,59,3.555457
17.0,17,3.557979
15.0,15,3.560151
69.0,69,3.569655
17.0,17,3.572093
10.0,10,3.573645
54.0,54,3.581065
30.0,30,3.585579
41.0,41,3.591515
20.0,20,3.594493
12.0,12,3.597217
19.0,19,3.60014
16.0,16,3.602439
32.0,32,3.60708
26.0,26,3.614936
14.0,14,3.617425
18.0,18,3.620348
29.0,29,3.625553
20.0,20,3.628499
11.0,11,3.629691
12.0,12,3.631472
47.0,47,3.638288
20.0,20,3.641112
12.0,12,3.642907
36.0,36,3.648546
21.0,21,3.651645
52.0,52,3.659128
9.0,9,3.660818
20.0,20,3.66368
18.0,18,3.666043
20.0,20,3.668913
19.0,19,3.671795
21.0,21,3.674778
12.0,12,3.676554
12.0,12,3.67839
14.0,14,3.680652
14.0,14,3.682548
57.0,57,3.690415
23.0,23,3.693936
23.0,23,3.69739
27.0,27,3.701203
22.0,22,3.704058
16.0,16,3.706336
21.0,21,3.709288
13.0,13,3.711505
12.0,12,3.713201
20.0,20,3.716098
13.0,13,3.717916
19.0,19,3.720785
33.0,33,3.725328
16.0,16,3.727701
13.0,13,3.729479
20.0,20,3.732343
21.0,21,3.735291
13.0,13,3.737562
36.0,36,3.743125
20.0,20,3.746058
39.0,39,3.751329
12.0,12,3.753078
20.0,20,3.756106
9.0,9,3.757765
18.0,18,3.760177
20.0,20,3.763222
25.0,25,3.766806
10.0,10,3.768414
10.0,10,3.769677
15.0,15,3.772143
18.0,18,3.774948
15.0,15,3.776862
17.0,17,3.779607
25.0,25,3.783193
12.0,12,3.784957
44.0,44,3.791305
28.0,28,3.79532
34.0,34,3.799976
9.0,9,3.801592
14.0,14,3.803271
15.0,15,3.805536
16.0,16,3.807702
31.0,31,3.812415
23.0,23,3.815668
13.0,13,3.817828
9.0,9,3.818953
22.0,22,3.821996
18.0,18,3.824701
20.0,20,3.827816
14.0,14,3.829637
13.0,13,3.831921
62.0,62,3.840735
12.0,12,3.842548
22.0,22,3.845894
33.0,33,3.850317
25.0,25,3.853773
22.0,22,3.857098
16.0,16,3.859479
35.0,35,3.863992
18.0,18,3.866932
19.0,19,3.870054
37.0,37,3.87544
36.0,36,3.88062
20.0,20,3.883425
43.0,43,3.889816
14.0,14,3.891955
13.0,13,3.89418
19.0,19,3.897168
11.0,11,3.898781
14.0,14,3.900549
16.0,16,3.902905
12.0,12,3.904795
12.0,12,3.906879
21.0,21,3.914656
19.0,19,3.917358
19.0,19,3.920689
16.0,16,3.923288
14.0,14,3.925723
11.0,11,3.927559
12.0,12,3.929553
16.0,16,3.931984
14.0,14,3.934532
13.0,13,3.936558
10.0,10,3.938371
11.0,11,3.939877
11.0,11,3.942044
22.0,22,3.945588
14.0,14,3.947452
10.0,10,3.94919
9.0,9,3.950419
22.0,22,3.953471
13.0,13,3.955811
10.0,10,3.957463
21.0,21,3.960684
27.0,27,3.964807
12.0,12,3.966628
29.0,29,3.970702
16.0,16,3.973405
23.0,23,3.976974
20.0,20,3.980044
16.0,16,3.982572
18.0,18,3.985513
14.0,14,3.987351
45.0,45,3.994288
20.0,20,3.997074
22.0,22,4.000429
16.0,16,4.002653
29.0,29,4.007214
15.0,15,4.009799
20.0,20,4.012852
18.0,18,4.01535
45.0,45,4.022514
23.0,23,4.026073
34.0,34,4.031421
18.0,18,4.033885
20.0,20,4.036908
12.0,12,4.038705
14.0,14,4.041291
21.0,21,4.044299
11.0,11,4.046249
15.0,15,4.048692
13.0,13,4.050596
12.0,12,4.052271
20.0,20,4.055362
17.0,17,4.058025
25.0,25,4.061806
68.0,68,4.071995
11.0,11,4.073947
25.0,25,4.077635
11.0,11,4.079483
23.0,23,4.083005
24.0,24,4.086688
30.0,30,4.09125
26.0,26,4.095439
32.0,32,4.100132
15.0,15,4.102473
35.0,35,4.107487
12.0,12,4.109257
17.0,17,4.112227
17.0,17,4.114494
15.0,15,4.116913
15.0,15,4.118761
20.0,20,4.122064
16.0,16,4.124383
17.0,17,4.128193
32.0,32,4.132992
13.0,13,4.134948
34.0,34,4.139932
23.0,23,4.143434
22.0,22,4.146827
30.0,30,4.150773
22.0,22,4.154308
14.0,14,4.156195
15.0,15,4.158493
19.0,19,4.161243
25.0,25,4.164725
30.0,30,4.168974
23.0,23,4.172526
18.0,18,4.175349
13.0,13,4.177085
27.0,27,4.181187
28.0,28,4.185304
30.0,30,4.189419
43.0,43,4.195557
49.0,49,4.20235
19.0,19,4.205519
30.0,30,4.209685
22.0,22,4.213142
17.0,17,4.215604
13.0,13,4.225871
12.0,12,4.227882
26.0,26,4.232609
26.0,26,4.236862
16.0,16,4.239575
15.0,15,4.242168
13.0,13,4.244263
21.0,21,4.247641
20.0,20,4.25064
49.0,49,4.258003
19.0,19,4.260831
28.0,28,4.264962
29.0,29,4.269103
14.0,14,4.270901
12.0,12,4.273045
13.0,13,4.275481
27.0,27,4.278965
26.0,26,4.283107
40.0,40,4.289449
18.0,18,4.292347
27.0,27,4.296886
26.0,26,4.301104
37.0,37,4.306917
40.0,40,4.313875
16.0,16,4.316355
22.0,22,4.319804
19.0,19,4.323307
20.0,20,4.326931
36.0,36,4.332843
20.0,20,4.336065
13.0,13,4.338112
15.0,15,4.340634
9.0,9,4.341827
16.0,16,4.344238
52.0,52,4.352027
19.0,19,4.355082
24.0,24,4.358819
21.0,21,4.361893
14.0,14,4.364217
50.0,50,4.371567
31.0,31,4.376372
25.0,25,4.379921
14.0,14,4.382215
17.0,17,4.384553
14.0,14,4.386801
13.0,13,4.388912
44.0,44,4.395517
41.0,41,4.40162
11.0,11,4.403505
16.0,16,4.406139
21.0,21,4.409947
12.0,12,4.412206
16.0,16,4.414923
16.0,16,4.417823
37.0,37,4.424618
43.0,43,4.431721
21.0,21,4.435079
39.0,39,4.442045
21.0,21,4.445439
24.0,24,4.449398
74.0,74,4.461666
38.0,38,4.466934
20.0,20,4.469837
25.0,25,4.474042
14.0,14,4.475894
43.0,43,4.482448
14.0,14,4.484347
23.0,23,4.487921
20.0,20,4.491065
26.0,26,4.494966
45.0,45,4.501547
20.0,20,4.504626
46.0,46,4.511382
17.0,17,4.514175
34.0,34,4.518722
24.0,24,4.522442
24.0,24,4.526217
13.0,13,4.528339
16.0,16,4.531028
14.0,14,4.53333
33.0,33,4.537969
20.0,20,4.567774
18.0,18,4.571353
21.0,21,4.575062
37.0,37,4.5808
36.0,36,4.586385
33.0,33,4.591819
36.0,36,4.59731
23.0,23,4.601058
19.0,19,4.604154
17.0,17,4.606732
52.0,52,4.614398
36.0,36,4.619572
14.0,14,4.622023
16.0,16,4.624406
15.0,15,4.626272
18.0,18,4.629015
24.0,24,4.632753
20.0,20,4.635566
17.0,17,4.637906
36.0,36,4.643415
37.0,37,4.649022
19.0,19,4.652052
18.0,18,4.654921
15.0,15,4.656895
18.0,18,4.659749
12.0,12,4.661499
30.0,30,4.665559
38.0,38,4.671326
37.0,37,4.676766
22.0,22,4.680184
22.0,22,4.683185
14.0,14,4.685517
23.0,23,4.688477
14.0,14,4.690777
33.0,33,4.695502
19.0,19,4.698443
26.0,26,4.702024
31.0,31,4.706946
23.0,23,4.71064
20.0,20,4.713711
53.0,53,4.721578
27.0,27,4.726056
49.0,49,4.733319
16.0,16,4.735822
41.0,41,4.741978
11.0,11,4.743719
31.0,31,4.748263
36.0,36,4.753655
13.0,13,4.75568
19.0,19,4.758792
16.0,16,4.761245
12.0,12,4.763074
13.0,13,4.764883
23.0,23,4.768632
17.0,17,4.771128
14.0,14,4.773763
21.0,21,4.777098
20.0,20,4.78016
32.0,32,4.785231
11.0,11,4.786942
18.0,18,4.789433
30.0,30,4.794433
30.0,30,4.798804
29.0,29,4.802973
16.0,16,4.80519
18.0,18,4.808103
22.0,22,4.810957
61.0,61,4.820347
43.0,43,4.826597
15.0,15,4.828851
25.0,25,4.832476
28.0,28,4.836309
30.0,30,4.841084
14.0,14,4.843041
13.0,13,4.84536
30.0,30,4.849714
35.0,35,4.855423
25.0,25,4.859241
32.0,32,4.86408
25.0,25,4.867854
19.0,19,4.870865
19.0,19,4.897155
18.0,18,4.899751
26.0,26,4.904194
12.0,12,4.906503
15.0,15,4.909242
29.0,29,4.913662
32.0,32,4.918459
15.0,15,4.920874
11.0,11,4.922328
28.0,28,4.926555
17.0,17,4.929625
11.0,11,4.930903
10.0,10,4.932616
29.0,29,4.93703
20.0,20,4.94022
17.0,17,4.94254
9.0,9,4.944103
21.0,21,4.947003
30.0,30,4.951542
42.0,42,4.958059
19.0,19,4.961213
25.0,25,4.967422
13.0,13,4.969441
35.0,35,4.975119
60.0,60,4.984092
30.0,30,4.98826
48.0,48,4.995722
35.0,35,5.000957
28.0,28,5.005107
13.0,13,5.006933
35.0,35,5.012226
45.0,45,5.018737
17.0,17,5.021685
30.0,30,5.025915
23.0,23,5.029533
18.0,18,5.031966
11.0,11,5.033752
14.0,14,5.036278
22.0,22,5.040084
35.0,35,5.045613
40.0,40,5.051804
12.0,12,5.053745
13.0,13,5.055585
25.0,25,5.059436
79.0,79,5.071481
25.0,25,5.075018
19.0,19,5.077973
46.0,46,5.084889
39.0,39,5.090666
14.0,14,5.093001
14.0,14,5.094783
42.0,42,5.10141
21.0,21,5.104499
25.0,25,5.108058
14.0,14,5.110471
25.0,25,5.114095
12.0,12,5.116023
11.0,11,5.117722
18.0,18,5.120406
15.0,15,5.12271
84.0,84,5.13528
16.0,16,5.137757
10.0,10,5.139492
12.0,12,5.141267
18.0,18,5.143731
19.0,19,5.146727
74.0,74,5.157815
15.0,15,5.160162
42.0,42,5.166871
30.0,30,5.17134
21.0,21,5.174504
26.0,26,5.178517
11.0,11,5.18031
28.0,28,5.184717
11.0,11,5.186119
17.0,17,5.189121
15.0,15,5.191043
13.0,13,5.193358
63.0,63,5.202676
9.0,9,5.230866
67.0,67,5.242741
22.0,22,5.246506
16.0,16,5.249117
21.0,21,5.252292
13.0,13,5.254123
15.0,15,5.256656
30.0,30,5.261641
18.0,18,5.264121
42.0,42,5.270847
20.0,20,5.274187
19.0,19,5.276697
23.0,23,5.280667
14.0,14,5.283088
26.0,26,5.287077
20.0,20,5.29028
42.0,42,5.297493
16.0,16,5.30007
20.0,20,5.303243
25.0,25,5.306801
88.0,88,5.319808
14.0,14,5.321773
68.0,68,5.33199
72.0,72,5.342575
28.0,28,5.346476
16.0,16,5.348852
12.0,12,5.350662
46.0,46,5.357508
22.0,22,5.360605
19.0,19,5.363605
21.0,21,5.366789
16.0,16,5.369116
19.0,19,5.372253
21.0,21,5.375309
18.0,18,5.378461
13.0,13,5.380274
10.0,10,5.381943
26.0,26,5.385523
38.0,38,5.391574
29.0,29,5.395921
25.0,25,5.399415
18.0,18,5.402284
13.0,13,5.404156
13.0,13,5.405988
17.0,17,5.408464
14.0,14,5.410898
50.0,50,5.418107
23.0,23,5.421733
23.0,23,5.425337
13.0,13,5.427245
61.0,61,5.436029
16.0,16,5.438454
12.0,12,5.440228
19.0,19,5.443261
16.0,16,5.445562
12.0,12,5.447349
42.0,42,5.453621
16.0,16,5.455882
11.0,11,5.457316
16.0,16,5.459613
15.0,15,5.461911
18.0,18,5.464767
47.0,47,5.471299
69.0,69,5.481803
14.0,14,5.483588
51.0,51,5.491677
17.0,17,5.494342
23.0,23,5.49769
15.0,15,5.499928
32.0,32,5.504697
21.0,21,5.507803
32.0,32,5.512677
25.0,25,5.516719
23.0,23,5.520189
16.0,16,5.52241
31.0,31,5.527155
19.0,19,5.529822
12.0,12,5.531733
44.0,44,5.559988
14.0,14,5.562846
12.0,12,5.564745
17.0,17,5.567514
13.0,13,5.569416
14.0,14,5.571794
14.0,14,5.573824
23.0,23,5.57751
14.0,14,5.57991
35.0,35,5.584535
19.0,19,5.587568
22.0,22,5.591316
25.0,25,5.595243
39.0,39,5.601254
37.0,37,5.606885
14.0,14,5.608675
15.0,15,5.611041
15.0,15,5.613508
21.0,21,5.616587
26.0,26,5.620457
36.0,36,5.626007
22.0,22,5.629205
10.0,10,5.630998
20.0,20,5.633982
10.0,10,5.635236
47.0,47,5.642263
132.0,132,5.661793
57.0,57,5.670639
22.0,22,5.674409
30.0,30,5.678827
15.0,15,5.681447
39.0,39,5.68746
33.0,33,5.692458
88.0,88,5.706021
29.0,29,5.710518
23.0,23,5.714391
15.0,15,5.716645
24.0,24,5.720163
29.0,29,5.72448
30.0,30,5.728748
68.0,68,5.738788
39.0,39,5.744761
19.0,19,5.7478
15.0,15,5.74997
23.0,23,5.752883
52.0,52,5.761527
13.0,13,5.763874
29.0,29,5.768182
16.0,16,5.770679
12.0,12,5.772622
45.0,45,5.779306
25.0,25,5.783187
63.0,63,5.793457
42.0,42,5.800124
15.0,15,5.802013
17.0,17,5.804871
32.0,32,5.809568
12.0,12,5.811463
24.0,24,5.815137
39.0,39,5.820851
73.0,73,5.832072
75.0,75,5.843322
40.0,40,5.848841
34.0,34,5.854297
18.0,18,5.856835
51.0,51,5.892174
14.0,14,5.894729
15.0,15,5.897065
51.0,51,5.905534
14.0,14,5.908096
78.0,78,5.920978
30.0,30,5.926231
22.0,22,5.929771
12.0,12,5.931803
30.0,30,5.937813
15.0,15,5.939958
22.0,22,5.9437
54.0,54,5.951676
12.0,12,5.953352
16.0,16,5.955999
53.0,53,5.964719
17.0,17,5.967064
15.0,15,5.969478
27.0,27,5.973433
85.0,85,5.987353
34.0,34,5.992285
25.0,25,5.996061
64.0,64,6.00598
30.0,30,6.010848
40.0,40,6.01707
46.0,46,6.02446
37.0,37,6.030527
34.0,34,6.03545
42.0,42,6.042342
16.0,16,6.044853
91.0,91,6.058656
23.0,23,6.062177
34.0,34,6.067449
23.0,23,6.070879
30.0,30,6.075794
19.0,19,6.078718
51.0,51,6.086299
26.0,26,6.090626
33.0,33,6.095592
27.0,27,6.100008
228.0,228,6.13661
15.0,15,6.13915
23.0,23,6.142372
15.0,15,6.144875
21.0,21,6.147946
16.0,16,6.150372
61.0,61,6.160106
11.0,11,6.161505
25.0,25,6.165785
23.0,23,6.169075
37.0,37,6.175162
71.0,71,6.185428
12.0,12,6.187216
86.0,86,6.200785
41.0,41,6.246338
21.0,21,6.250036
49.0,49,6.258906
33.0,33,6.264339
35.0,35,6.269977
38.0,38,6.276058
13.0,13,6.278053
100.0,100,6.294994
27.0,27,6.299083
21.0,21,6.302207
60.0,60,6.311655
34.0,34,6.317212
30.0,30,6.321912
41.0,41,6.328836
88.0,88,6.342485
93.0,93,6.356561
31.0,31,6.361328
20.0,20,6.364337
76.0,76,6.375927
32.0,32,6.380841
77.0,77,6.393063
84.0,84,6.405839
121.0,121,6.424795
20.0,20,6.427763
69.0,69,6.438164
43.0,43,6.444847
82.0,82,6.458489
43.0,43,6.464775
33.0,33,6.469947
37.0,37,6.475593
128.0,128,6.495742
30.0,30,6.500343
31.0,31,6.505606
18.0,18,6.508458
12.0,12,6.510441
23.0,23,6.513691
34.0,34,6.519731
36.0,36,6.525792
43.0,43,6.532706
23.0,23,6.535932
12.0,12,6.537865
27.0,27,6.542168
50.0,50,6.550476
71.0,71,6.56143
20.0,20,6.609937
18.0,18,6.613986
87.0,87,6.628887
49.0,49,6.63693
27.0,27,6.641875
35.0,35,6.647387
14.0,14,6.649804
17.0,17,6.652312
15.0,15,6.654862
23.0,23,6.658609
20.0,20,6.66183
79.0,79,6.674403
54.0,54,6.683205
89.0,89,6.697078
42.0,42,6.703724
13.0,13,6.705694
33.0,33,6.710788
79.0,79,6.723391
33.0,33,6.729177
34.0,34,6.735298
11.0,11,6.736831
49.0,49,6.745167
17.0,17,6.747605
76.0,76,6.759904
16.0,16,6.762432
59.0,59,6.772529
65.0,65,6.783516
23.0,23,6.787577
20.0,20,6.790553
19.0,19,6.793113
15.0,15,6.795578
19.0,19,6.798568
13.0,13,6.800398
17.0,17,6.803039
35.0,35,6.808583
19.0,19,6.811509
93.0,93,6.825939
18.0,18,6.828995
25.0,25,6.832753
24.0,24,6.836389
62.0,62,6.845819
20.0,20,6.849079
48.0,48,6.856468
11.0,11,6.858278
14.0,14,6.860695
12.0,12,6.86245
75.0,75,6.874734
17.0,17,6.878087
34.0,34,6.883366
10.0,10,6.885496
9.0,9,6.886763
62.0,62,6.896334
90.0,90,6.910857
59.0,59,6.920112
32.0,32,6.925264
13.0,13,6.927315
18.0,18,6.929996
40.0,40,6.968117
61.0,61,6.978838
70.0,70,6.990787
15.0,15,6.993633
18.0,18,6.996818
70.0,70,7.010914
82.0,82,7.027128
78.0,78,7.042553
14.0,14,7.045175
20.0,20,7.049052
100.0,100,7.068745
45.0,45,7.085024
32.0,32,7.091145
77.0,77,7.10598
37.0,37,7.113172
71.0,71,7.127661
33.0,33,7.134255
127.0,127,7.159926
13.0,13,7.162232
21.0,21,7.166203
80.0,80,7.183721
87.0,87,7.203776
60.0,60,7.215791
22.0,22,7.220312
11.0,11,7.221994
11.0,11,7.224122
31.0,31,7.231297
91.0,91,7.256696
74.0,74,7.27602
91.0,91,7.308505
15.0,15,7.312107
61.0,61,7.333152
19.0,19,7.33871
55.0,55,7.349219
24.0,24,7.353885
21.0,21,7.358335
15.0,15,7.360762
14.0,14,7.363617
20.0,20,7.367118
84.0,84,7.383674
97.0,97,7.441097
25.0,25,7.446426
78.0,78,7.464003
62.0,62,7.477077
19.0,19,7.480814
33.0,33,7.486904
184.0,184,7.524181
13.0,13,7.5278
22.0,22,7.531895
21.0,21,7.535704
80.0,80,7.553271
20.0,20,7.557696
122.0,122,7.585592
36.0,36,7.592677
14.0,14,7.595251
40.0,40,7.6035
38.0,38,7.611847
88.0,88,7.630175
94.0,94,7.649172
25.0,25,7.655026
33.0,33,7.66191
24.0,24,7.670043
19.0,19,7.675658
48.0,48,7.686936
134.0,134,7.722007
24.0,24,7.727771
14.0,14,7.738407
17.0,17,7.742459
34.0,34,7.74957
159.0,159,7.79496
149.0,149,7.837931
71.0,71,7.854728
53.0,53,7.869007
95.0,95,7.892503
43.0,43,7.901141
102.0,102,8.009613
16.0,16,8.012564
43.0,43,8.019659
40.0,40,8.026764
80.0,80,8.040294
107.0,107,8.058043
61.0,61,8.067487
88.0,88,8.081677
147.0,147,8.106041
60.0,60,8.115679
80.0,80,8.128826
85.0,85,8.142758
26.0,26,8.147246
96.0,96,8.162414
24.0,24,8.166354
117.0,117,8.185341
121.0,121,8.204613
142.0,142,8.227707
74.0,74,8.239518
23.0,23,8.243435
17.0,17,8.246093
39.0,39,8.252471
103.0,103,8.268765
11.0,11,8.270148
118.0,118,8.289652
125.0,125,8.309622
98.0,98,8.325112
38.0,38,8.37785
33.0,33,8.383733
111.0,111,8.402231
117.0,117,8.421679
31.0,31,8.426912
69.0,69,8.437916
75.0,75,8.449754
63.0,63,8.459907
57.0,57,8.468999
56.0,56,8.47803
52.0,52,8.48631
102.0,102,8.502952
64.0,64,8.513357
84.0,84,8.526743
30.0,30,8.531528
29.0,29,8.536273
126.0,126,8.556532
96.0,96,8.571602
35.0,35,8.577319
117.0,117,8.595778
18.0,18,8.598559
36.0,36,8.6044
21.0,21,8.60803
134.0,134,8.629463
119.0,119,8.648608
151.0,151,8.672651
33.0,33,8.677906
18.0,18,8.680635
79.0,79,8.693572
53.0,53,8.747844
83.0,83,8.76228
142.0,142,8.7869
69.0,69,8.798197
54.0,54,8.806772
98.0,98,8.822756
104.0,104,8.839655
26.0,26,8.843526
93.0,93,8.859011
121.0,121,8.878377
15.0,15,8.880847
73.0,73,8.892979
44.0,44,8.900179
165.0,165,8.927063
135.0,135,8.948091
136.0,136,8.969862
82.0,82,8.983027
51.0,51,8.991424
126.0,126,9.011934
96.0,96,9.027795
43.0,43,9.03433
108.0,108,9.053082
13.0,13,9.055782
88.0,88,9.071303
103.0,103,9.129066
184.0,184,9.160556
12.0,12,9.162407
121.0,121,9.183267
46.0,46,9.190662
83.0,83,9.204019
96.0,96,9.219604
104.0,104,9.236745
99.0,99,9.253331
50.0,50,9.261527
137.0,137,9.283421
72.0,72,9.295011
51.0,51,9.303244
95.0,95,9.318658
167.0,167,9.346233
16.0,16,9.348732
91.0,91,9.363251
105.0,105,9.380905
85.0,85,9.394697
132.0,132,9.417132
67.0,67,9.429484
66.0,66,9.441067
13.0,13,9.443219
157.0,157,9.521838
137.0,137,9.545704
86.0,86,9.55971
95.0,95,9.575122
19.0,19,9.578224
116.0,116,9.597142
254.0,254,9.638951
94.0,94,9.654528
55.0,55,9.663569
34.0,34,9.668909
35.0,35,9.674673
222.0,222,9.71049
139.0,139,9.732949
38.0,38,9.739063
51.0,51,9.746898
200.0,200,9.779361
159.0,159,9.8052
75.0,75,9.817529
85.0,85,9.876894
64.0,64,9.889264
56.0,56,9.899561
171.0,171,9.930522
167.0,167,9.959584
64.0,64,9.970016
128.0,128,9.990976
51.0,51,9.999021
160.0,160,10.025654
156.0,156,10.051288
191.0,191,10.082236
115.0,115,10.102345
45.0,45,10.109402
146.0,146,10.133543
144.0,144,10.158631
108.0,108,10.177453
110.0,110,10.195688
60.0,60,10.205249
103.0,103,10.289454
20.0,20,10.292815
139.0,139,10.316182
98.0,98,10.331944
152.0,152,10.357185
94.0,94,10.372065
63.0,63,10.38195
18.0,18,10.385066
65.0,65,10.395705
257.0,257,10.438246
116.0,116,10.457307
243.0,243,10.497885
93.0,93,10.5128
105.0,105,10.530559
142.0,142,10.55372
14.0,14,10.556199
120.0,120,10.575921
72.0,72,10.587742
79.0,79,10.60025
146.0,146,10.688479
128.0,128,10.713757
108.0,108,10.733767
141.0,141,10.759771
127.0,127,10.78355
145.0,145,10.810243
117.0,117,10.832545
83.0,83,10.847535
34.0,34,10.855133
129.0,129,10.878857
39.0,39,10.885948
157.0,157,10.927167
168.0,168,10.976148
194.0,194,11.03222
142.0,142,11.074674
121.0,121,11.097589
188.0,188,11.209035
143.0,143,11.238068
40.0,40,11.246285
150.0,150,11.276973
26.0,26,11.282156
131.0,131,11.306975
55.0,55,11.317465
170.0,170,11.351112
142.0,142,11.380581
126.0,126,11.404881
172.0,172,11.434877
118.0,118,11.454732
122.0,122,11.475878
102.0,102,11.492275
93.0,93,11.507928
20.0,20,11.511123
161.0,161,11.538135
17.0,17,11.540825
133.0,133,11.626006
72.0,72,11.641809
217.0,217,11.679149
228.0,228,11.717543
201.0,201,11.751541
235.0,235,11.790673
177.0,177,11.820283
178.0,178,11.849854
86.0,86,11.86424
194.0,194,11.896145
178.0,178,11.926349
106.0,106,11.943524
73.0,73,12.032606
152.0,152,12.060746
344.0,344,12.123474
163.0,163,12.154989
285.0,285,12.209824
249.0,249,12.257962
151.0,151,12.287897
89.0,89,12.304799
223.0,223,12.346361
165.0,165,12.376044
155.0,155,12.404055
74.0,74,12.479837
209.0,209,12.521281
196.0,196,12.560805
11.0,11,12.562909
172.0,172,12.609292
140.0,140,12.64899
309.0,309,12.718516
89.0,89,12.736299
214.0,214,12.779248
220.0,220,12.82789
30.0,30,12.83455
148.0,148,12.864907
139.0,139,12.893134
121.0,121,13.000289
64.0,64,13.014284
155.0,155,13.055404
127.0,127,13.095327
270.0,270,13.167526
263.0,263,13.22294
186.0,186,13.261995
157.0,157,13.292905
165.0,165,13.321624
185.0,185,13.353682
154.0,154,13.379791
145.0,145,13.404984
161.0,161,13.501799
171.0,171,13.532249
136.0,136,13.555684
128.0,128,13.577565
202.0,202,13.611924
161.0,161,13.638667
155.0,155,13.665217
85.0,85,13.679556
154.0,154,13.706044
161.0,161,13.733099
139.0,139,13.757004
153.0,153,13.783464
202.0,202,13.817677
185.0,185,13.914561
23.0,23,13.918481
378.0,378,13.984948
163.0,163,14.013401
54.0,54,14.022413
154.0,154,14.049345
167.0,167,14.077583
210.0,210,14.113625
164.0,164,14.142285
189.0,189,14.174542
276.0,276,14.222359
265.0,265,14.348501
122.0,122,14.372185
221.0,221,14.415217
53.0,53,14.426573
131.0,131,14.452993
237.0,237,14.507624
267.0,267,14.579799
162.0,162,14.612163
218.0,218,14.656814
204.0,204,14.699188
178.0,178,14.734514
241.0,241,14.863123
99.0,99,14.883327
192.0,192,14.923159
248.0,248,14.995181
195.0,195,15.029178
232.0,232,15.069767
228.0,228,15.109641
129.0,129,15.133898
250.0,250,15.178215
169.0,169,15.208098
314.0,314,15.328015
86.0,86,15.343093
36.0,36,15.349465
254.0,254,15.393633
203.0,203,15.429552
150.0,150,15.454933
218.0,218,15.493124
344.0,344,15.552581
220.0,220,15.590936
163.0,163,15.618182
205.0,205,15.713315
181.0,181,15.746197
204.0,204,15.782554
169.0,169,15.811476
154.0,154,15.838701
211.0,211,15.8759
272.0,272,15.923466
202.0,202,15.958711
150.0,150,15.984403
220.0,220,16.023136
215.0,215,16.133925
230.0,230,16.176159
247.0,247,16.218825
304.0,304,16.27802
266.0,266,16.331317
176.0,176,16.366159
69.0,69,16.379556
270.0,270,16.439107
179.0,179,16.473822
188.0,188,16.594096
219.0,219,16.660975
343.0,343,16.734534
180.0,180,16.77378
307.0,307,16.839271
328.0,328,16.913073
236.0,236,16.991442
225.0,225,17.032513
117.0,117,17.053256
251.0,251,17.181228
172.0,172,17.212064
253.0,253,17.257028
182.0,182,17.289905
178.0,178,17.320688
284.0,284,17.371342
186.0,186,17.404185
209.0,209,17.441261
157.0,157,17.46869
261.0,261,17.575718
158.0,158,17.604822
220.0,220,17.6442
153.0,153,17.671484
186.0,186,17.704406
233.0,233,17.74579
201.0,201,17.781294
220.0,220,17.820404
449.0,449,17.900815
259.0,259,18.017485
208.0,208,18.054994
190.0,190,18.088977
237.0,237,18.132024
275.0,275,18.181501
225.0,225,18.222334
206.0,206,18.258746
223.0,223,18.298567
187.0,187,18.332438
172.0,172,18.433826
313.0,313,18.497976
185.0,185,18.539663
333.0,333,18.630355
247.0,247,18.68101
187.0,187,18.721262
191.0,191,18.761469
235.0,235,18.813632
202.0,202,18.933273
213.0,213,18.991937
208.0,208,19.060524
276.0,276,19.127577
204.0,204,19.170349
253.0,253,19.217883
210.0,210,19.255659
165.0,165,19.285613
222.0,222,19.326256
203.0,203,19.363181
181.0,181,19.477727
145.0,145,19.505496
197.0,197,19.541606
169.0,169,19.572396
186.0,186,19.606108
308.0,308,19.662152
209.0,209,19.699508
151.0,151,19.726686
446.0,446,19.807879
150.0,150,19.898881
202.0,202,19.937546
149.0,149,19.965918
261.0,261,20.014333
282.0,282,20.066131
190.0,190,20.100614
213.0,213,20.139075
215.0,215,20.178591
210.0,210,20.217276
229.0,229,20.328982
239.0,239,20.374751
282.0,282,20.426034
170.0,170,20.457287
203.0,203,20.497146
243.0,243,20.541407
173.0,173,20.573649
187.0,187,20.615857
207.0,207,20.654252
235.0,235,20.765666
154.0,154,20.796298
164.0,164,20.82791
239.0,239,20.872214
217.0,217,20.911913
217.0,217,20.951712
284.0,284,21.006694
238.0,238,21.051984
208.0,208,21.090069
194.0,194,21.125578
165.0,165,21.211193
240.0,240,21.256833
184.0,184,21.29066
373.0,373,21.359721
178.0,178,21.392525
163.0,163,21.423031
165.0,165,21.453356
170.0,170,21.484836
269.0,269,21.53465
215.0,215,21.649318
218.0,218,21.691621
175.0,175,21.724334
185.0,185,21.758243
184.0,184,21.792699
337.0,337,21.855015
137.0,137,21.879959
347.0,347,21.944513
208.0,208,21.982779
300.0,300,22.097778
163.0,163,22.128079
265.0,265,22.184031
183.0,183,22.220186
220.0,220,22.264828
159.0,159,22.298803
221.0,221,22.346927
171.0,171,22.381454
325.0,325,22.4467
225.0,225,22.577159
171.0,171,22.614974
233.0,233,22.665484
195.0,195,22.709022
160.0,160,22.744119
204.0,204,22.788432
206.0,206,22.833264
259.0,259,22.889995
287.0,287,22.944577
173.0,173,22.977205
194.0,194,23.091021
203.0,203,23.129496
206.0,206,23.167227
173.0,173,23.199462
201.0,201,23.236961
230.0,230,23.27939
405.0,405,23.354247
167.0,167,23.384377
217.0,217,23.424539
294.0,294,23.550382
308.0,308,23.607341
186.0,186,23.641886
175.0,175,23.673929
161.0,161,23.703884
186.0,186,23.737879
202.0,202,23.775133
182.0,182,23.808364
205.0,205,23.845693
222.0,222,23.951474
185.0,185,23.986898
228.0,228,24.029043
265.0,265,24.077444
333.0,333,24.138691
178.0,178,24.171249
175.0,175,24.203029
215.0,215,24.242407
180.0,180,24.275336
213.0,213,24.391174
154.0,154,24.426644
304.0,304,24.506123
206.0,206,24.563079
212.0,212,24.605691
231.0,231,24.653883
172.0,172,24.693187
202.0,202,24.737513
165.0,165,24.773671
365.0,365,24.925462
255.0,255,24.997988
212.0,212,25.046906
323.0,323,25.117562
286.0,286,25.172391
186.0,186,25.207505
165.0,165,25.238711
176.0,176,25.27193
234.0,234,25.316141
196.0,196,25.420626
168.0,168,25.453443
151.0,151,25.481818
213.0,213,25.52079
271.0,271,25.570763
162.0,162,25.601156
182.0,182,25.635669
181.0,181,25.66938
176.0,176,25.702269
170.0,170,25.734357
155.0,155,25.763692
234.0,234,25.878636
329.0,329,25.939755
187.0,187,25.974481
203.0,203,26.012238
182.0,182,26.047071
183.0,183,26.081636
181.0,181,26.115548
230.0,230,26.158532
159.0,159,26.188878
202.0,202,26.295027
210.0,210,26.33633
242.0,242,26.38243
169.0,169,26.41798
409.0,409,26.503727
198.0,198,26.544586
190.0,190,26.584902
224.0,224,26.632464
244.0,244,26.708677
173.0,173,26.818587
204.0,204,26.863751
225.0,225,26.913012
145.0,145,26.944395
232.0,232,26.995121
240.0,240,27.049397
256.0,256,27.10275
199.0,199,27.140862
202.0,202,27.17953
154.0,154,27.208611
183.0,183,27.311405
197.0,197,27.349758
182.0,182,27.383655
172.0,172,27.415649
181.0,181,27.449416
232.0,232,27.493928
171.0,171,27.526458
226.0,226,27.568753
192.0,192,27.604425
166.0,166,27.635356
174.0,174,27.667495
177.0,177,27.795407
247.0,247,27.84328
206.0,206,27.881773
187.0,187,27.917517
182.0,182,27.951286
230.0,230,27.994179
192.0,192,28.030126
170.0,170,28.061285
173.0,173,28.093639
192.0,192,28.131536
158.0,158,28.228335
206.0,206,28.269029
174.0,174,28.30214
312.0,312,28.36119
195.0,195,28.397522
168.0,168,28.428815
246.0,246,28.474187
184.0,184,28.508138
165.0,165,28.538943
237.0,237,28.583161
194.0,194,28.724252
156.0,156,28.773273
193.0,193,28.814041
162.0,162,28.846235
233.0,233,28.894782
266.0,266,28.952144
209.0,209,28.997505
215.0,215,29.044259
175.0,175,29.081497
180.0,180,29.146079
172.0,172,29.269703
227.0,227,29.321051
212.0,212,29.361618
450.0,450,29.448602
164.0,164,29.480662
200.0,200,29.51804
156.0,156,29.546926
198.0,198,29.583328
180.0,180,29.616554
229.0,229,29.739084
141.0,141,29.76577
177.0,177,29.798406
208.0,208,29.836945
193.0,193,29.87267
169.0,169,29.904297
188.0,188,29.938872
230.0,230,29.98112
210.0,210,30.019745
205.0,205,30.057256
161.0,161,30.151874
268.0,268,30.202555
207.0,207,30.243015
206.0,206,30.284477
232.0,232,30.331696
164.0,164,30.36529
186.0,186,30.403964
170.0,170,30.438578
175.0,175,30.494618
191.0,191,30.547884
180.0,180,30.646091
162.0,162,30.680294
224.0,224,30.729969
156.0,156,30.765486
198.0,198,30.807134
161.0,161,30.841749
170.0,170,30.879255
147.0,147,30.925682
184.0,184,30.967699
207.0,207,31.006392
218.0,218,31.046969
177.0,177,31.152553
228.0,228,31.196234
189.0,189,31.231378
223.0,223,31.272556
195.0,195,31.308448
188.0,188,31.343651
156.0,156,31.372594
188.0,188,31.407354
163.0,163,31.437128
182.0,182,31.470754
203.0,203,31.508019
176.0,176,31.603428
172.0,172,31.63562
230.0,230,31.678
190.0,190,31.713179
232.0,232,31.756519
208.0,208,31.794922
229.0,229,31.837008
169.0,169,31.868376
273.0,273,31.918682
187.0,187,32.011967
165.0,165,32.044122
144.0,144,32.071086
196.0,196,32.107683
186.0,186,32.145994
146.0,146,32.175059
189.0,189,32.215348
211.0,211,32.258239
179.0,179,32.295754
186.0,186,32.334191
167.0,167,32.368489
305.0,305,32.509775
174.0,174,32.559654
277.0,277,32.618432
151.0,151,32.652324
187.0,187,32.72684
178.0,178,32.76538
228.0,228,32.816663
161.0,161,32.853647
168.0,168,32.886452
164.0,164,32.917222
199.0,199,32.953789
413.0,413,33.10807
193.0,193,33.145556
164.0,164,33.176469
210.0,210,33.215041
234.0,234,33.259173
165.0,165,33.289483
169.0,169,33.320318
243.0,243,33.364979
196.0,196,33.400893
209.0,209,33.499153
258.0,258,33.546839
290.0,290,33.599721
213.0,213,33.639352
222.0,222,33.679985
235.0,235,33.723209
205.0,205,33.760818
196.0,196,33.796931
174.0,174,33.829156
154.0,154,33.915989
157.0,157,33.945615
190.0,190,33.980971
161.0,161,34.010442
174.0,174,34.042512
167.0,167,34.073152
204.0,204,34.110708
175.0,175,34.142873
438.0,438,34.223214
159.0,159,34.25223
161.0,161,34.343546
176.0,176,34.376893
204.0,204,34.416439
172.0,172,34.452784
180.0,180,34.489727
177.0,177,34.526851
193.0,193,34.565697
223.0,223,34.610703
153.0,153,34.640939
343.0,343,34.709228
218.0,218,34.818082
229.0,229,34.864949
172.0,172,34.89961
153.0,153,34.930459
254.0,254,34.981166
192.0,192,35.019272
170.0,170,35.053019
206.0,206,35.093732
212.0,212,35.136107
172.0,172,35.170629
187.0,187,35.285135
205.0,205,35.32525
235.0,235,35.370394
305.0,305,35.432017
226.0,226,35.478179
183.0,183,35.514968
261.0,261,35.567755
202.0,202,35.608131
151.0,151,35.639336
170.0,170,35.759051
165.0,165,35.794059
157.0,157,35.828242
260.0,260,35.885146
158.0,158,35.919247
219.0,219,35.982382
218.0,218,36.038149
229.0,229,36.087656
204.0,204,36.135227
224.0,224,36.185933
214.0,214,36.306569
174.0,174,36.348504
165.0,165,36.387087
198.0,198,36.449587
168.0,168,36.501233
175.0,175,36.547878
186.0,186,36.592646
168.0,168,36.627223
198.0,198,36.667901
228.0,228,36.713937
191.0,191,36.752294
184.0,184,36.861842
270.0,270,36.917061
146.0,146,36.948663
186.0,186,36.986669
179.0,179,37.021728
255.0,255,37.070247
142.0,142,37.098274
218.0,218,37.140729
195.0,195,37.179657
186.0,186,37.216651
255.0,255,37.331597
163.0,163,37.363924
221.0,221,37.406779
272.0,272,37.459537
206.0,206,37.501848
206.0,206,37.541828
175.0,175,37.576131
169.0,169,37.608748
187.0,187,37.645478
178.0,178,37.682104
275.0,275,37.799585
163.0,163,37.831466
204.0,204,37.871015
157.0,157,37.903572
191.0,191,37.944589
178.0,178,37.983995
155.0,155,38.016518
176.0,176,38.055967
146.0,146,38.08676
200.0,200,38.129253
188.0,188,38.177792
175.0,175,38.289069
214.0,214,38.337681
194.0,194,38.380468
169.0,169,38.418924
151.0,151,38.454725
178.0,178,38.494372
151.0,151,38.529478
158.0,158,38.564845
209.0,209,38.611143
200.0,200,38.650518
204.0,204,38.691562
176.0,176,38.800759
144.0,144,38.829216
180.0,180,38.865211
281.0,281,38.921414
249.0,249,38.970177
177.0,177,39.004848
174.0,174,39.039962
236.0,236,39.086624
190.0,190,39.122834
214.0,214,39.165326
165.0,165,39.277155
155.0,155,39.308773
171.0,171,39.343233
159.0,159,39.374365
159.0,159,39.405629
174.0,174,39.441026
234.0,234,39.488802
181.0,181,39.52735
147.0,147,39.558985
246.0,246,39.60892
268.0,268,39.729781
218.0,218,39.774759
203.0,203,39.815833
249.0,249,39.865411
234.0,234,39.912488
190.0,190,39.950241
162.0,162,39.982752
219.0,219,40.0263
178.0,178,40.062634
166.0,166,40.094805
155.0,155,40.195571
146.0,146,40.226894
169.0,169,40.26162
161.0,161,40.293214
186.0,186,40.330924
209.0,209,40.373105
160.0,160,40.405155
195.0,195,40.444331
186.0,186,40.481252
190.0,190,40.519644
129.0,129,40.545517
414.0,414,40.692941
179.0,179,40.72958
205.0,205,40.770923
184.0,184,40.807988
185.0,185,40.845896
195.0,195,40.884055
167.0,167,40.917985
222.0,222,40.962415
180.0,180,40.997496
185.0,185,41.032745
144.0,144,41.060508
209.0,209,41.161715
152.0,152,41.191241
216.0,216,41.234325
158.0,158,41.267197
220.0,220,41.31136
195.0,195,41.349645
169.0,169,41.384062
213.0,213,41.426569
202.0,202,41.467074
185.0,185,41.504439
175.0,175,41.598634
189.0,189,41.63797
154.0,154,41.668503
210.0,210,41.711136
167.0,167,41.744149
203.0,203,41.784701
138.0,138,41.812307
164.0,164,41.843848
182.0,182,41.878393
154.0,154,41.908019
153.0,153,41.937499
206.0,206,42.058518
192.0,192,42.097204
191.0,191,42.134105
164.0,164,42.167438
235.0,235,42.213668
158.0,158,42.24383
152.0,152,42.273796
248.0,248,42.32084
192.0,192,42.358147
178.0,178,42.392928
190.0,190,42.429087
172.0,172,42.52782
189.0,189,42.56791
224.0,224,42.617647
183.0,183,42.668387
182.0,182,42.710491
180.0,180,42.74867
183.0,183,42.789453
175.0,175,42.828223
174.0,174,42.867749
185.0,185,42.911301
188.0,188,42.955187
229.0,229,43.086854
177.0,177,43.140739
165.0,165,43.190411
265.0,265,43.25657
188.0,188,43.301954
194.0,194,43.348669
155.0,155,43.379494
221.0,221,43.424981
230.0,230,43.471614
196.0,196,43.509677
263.0,263,43.630497
194.0,194,43.669345
141.0,141,43.697082
153.0,153,43.72641
214.0,214,43.767789
176.0,176,43.802609
263.0,263,43.85268
164.0,164,43.884938
207.0,207,43.92545
207.0,207,43.966235
279.0,279,44.090642
173.0,173,44.126002
150.0,150,44.154915
169.0,169,44.188714
162.0,162,44.22094
166.0,166,44.253877
199.0,199,44.293116
177.0,177,44.328233
189.0,189,44.366482
210.0,210,44.407041
167.0,167,44.43958
166.0,166,44.547291
251.0,251,44.596347
153.0,153,44.625832
153.0,153,44.656632
164.0,164,44.688776
160.0,160,44.7212
154.0,154,44.753899
149.0,149,44.78441
171.0,171,44.819098
157.0,157,44.8509
138.0,138,44.878355
160.0,160,44.909276
223.0,223,45.016709
195.0,195,45.055729
147.0,147,45.085649
160.0,160,45.116952
150.0,150,45.146631
176.0,176,45.181637
222.0,222,45.223911
163.0,163,45.255533
165.0,165,45.288313
153.0,153,45.318862
168.0,168,45.352404
161.0,161,45.447837
145.0,145,45.476857
177.0,177,45.511813
158.0,158,45.544308
223.0,223,45.588744
247.0,247,45.63704
175.0,175,45.671828
163.0,163,45.704334
168.0,168,45.736261
210.0,210,45.776097
173.0,173,45.809063
190.0,190,45.903598
151.0,151,45.9352
163.0,163,45.968061
158.0,158,46.000032
171.0,171,46.034388
175.0,175,46.068368
196.0,196,46.107109
146.0,146,46.135476
267.0,267,46.192553
185.0,185,46.229455
156.0,156,46.269164
144.0,144,46.30923
134.0,134,46.395351
180.0,180,46.434514
171.0,171,46.470217
190.0,190,46.509932
169.0,169,46.548106
146.0,146,46.599929
165.0,165,46.644226
165.0,165,46.680798
245.0,245,46.735898
151.0,151,46.771321
198.0,198,46.814431
157.0,157,46.920673
186.0,186,46.965652
170.0,170,47.009087
164.0,164,47.053626
153.0,153,47.099258
144.0,144,47.134185
138.0,138,47.161845
181.0,181,47.198976
169.0,169,47.232557
145.0,145,47.261437
171.0,171,47.2957
162.0,162,47.327811
161.0,161,47.418336
159.0,159,47.450863
167.0,167,47.484806
157.0,157,47.51642
174.0,174,47.551956
151.0,151,47.582282
147.0,147,47.611144
149.0,149,47.641353
158.0,158,47.672405
143.0,143,47.699679
173.0,173,47.733586
191.0,191,47.771813
149.0,149,47.80161
146.0,146,47.890892
145.0,145,47.920076
165.0,165,47.953407
153.0,153,47.984165
167.0,167,48.019713
170.0,170,48.054035
148.0,148,48.08408
180.0,180,48.118809
152.0,152,48.149873
154.0,154,48.181258
131.0,131,48.207523
200.0,200,48.247299
143.0,143,48.275882
178.0,178,48.364521
138.0,138,48.393062
163.0,163,48.425655
146.0,146,48.455475
190.0,190,48.493437
147.0,147,48.523778
141.0,141,48.552599
168.0,168,48.585953
143.0,143,48.614431
151.0,151,48.645444
158.0,158,48.677294
181.0,181,48.71293
152.0,152,48.80056
144.0,144,48.832472
172.0,172,48.869555
214.0,214,48.946479
202.0,202,48.991652
168.0,168,49.028149
163.0,163,49.063684
144.0,144,49.096594
148.0,148,49.128578
153.0,153,49.16553
152.0,152,49.210478
133.0,133,49.247583
162.0,162,49.287925
186.0,186,49.398406
161.0,161,49.436699
138.0,138,49.471287
179.0,179,49.515612
145.0,145,49.550808
146.0,146,49.585528
146.0,146,49.620363
150.0,150,49.650723
138.0,138,49.678698
161.0,161,49.710045
162.0,162,49.742025
149.0,149,49.771831
138.0,138,49.799121
140.0,140,49.882671
131.0,131,49.90876
146.0,146,49.936997
171.0,171,49.969891
181.0,181,50.004232
143.0,143,50.032081
129.0,129,50.058634
135.0,135,50.085809
166.0,166,50.119342
192.0,192,50.157772
176.0,176,50.19224
156.0,156,50.222314
135.0,135,50.249347
144.0,144,50.327843
168.0,168,50.361776
176.0,176,50.398039
157.0,157,50.430035
171.0,171,50.463788
170.0,170,50.498242
143.0,143,50.526866
135.0,135,50.553363
141.0,141,50.581997
162.0,162,50.613795
138.0,138,50.64114
137.0,137,50.668521
148.0,148,50.697762
144.0,144,50.784513
135.0,135,50.811846
141.0,141,50.84024
136.0,136,50.86748
155.0,155,50.898575
148.0,148,50.928375
137.0,137,50.955892
151.0,151,50.986077
150.0,150,51.016329
182.0,182,51.053242
137.0,137,51.080671
138.0,138,51.108099
147.0,147,51.137627
154.0,154,51.225215
153.0,153,51.257479
163.0,163,51.290914
173.0,173,51.325437
142.0,142,51.353465
141.0,141,51.38231
164.0,164,51.41506
133.0,133,51.441487
134.0,134,51.46804
157.0,157,51.499475
234.0,234,51.546147
171.0,171,51.58004
143.0,143,51.608889
189.0,189,51.697919
172.0,172,51.731689
159.0,159,51.763995
130.0,130,51.789624
155.0,155,51.820607
184.0,184,51.857686
160.0,160,51.889169
140.0,140,51.917195
156.0,156,51.948327
140.0,140,51.976306
169.0,169,52.009889
166.0,166,52.041662
173.0,173,52.136782
148.0,148,52.165064
143.0,143,52.191591
142.0,142,52.21746
172.0,172,52.248805
149.0,149,52.275974
173.0,173,52.308147
297.0,297,52.362635
166.0,166,52.392905
153.0,153,52.421114
145.0,145,52.447449
158.0,158,52.476202
155.0,155,52.551953
152.0,152,52.580915
185.0,185,52.614803
152.0,152,52.642545
171.0,171,52.674038
235.0,235,52.719935
161.0,161,52.749099
206.0,206,52.786959
149.0,149,52.814125
139.0,139,52.839757
167.0,167,52.869795
154.0,154,52.897926
160.0,160,52.986189
182.0,182,53.023072
138.0,138,53.051855
162.0,162,53.085767
164.0,164,53.120429
150.0,150,53.157369
190.0,190,53.205992
142.0,142,53.241318
146.0,146,53.270321
200.0,200,53.315067
146.0,146,53.34705
163.0,163,53.383307
145.0,145,53.415602
235.0,235,53.525442
170.0,170,53.563649
157.0,157,53.621086
144.0,144,53.661641
188.0,188,53.705121
147.0,147,53.73936
143.0,143,53.77144
169.0,169,53.804527
126.0,126,53.828237
134.0,134,53.85282
171.0,171,53.884797
155.0,155,53.913521
185.0,185,54.001952
129.0,129,54.025728
132.0,132,54.050162
130.0,130,54.074537
138.0,138,54.099992
142.0,142,54.126308
140.0,140,54.152041
146.0,146,54.178921
159.0,159,54.208299
142.0,142,54.234019
159.0,159,54.263291
122.0,122,54.285849
198.0,198,54.321747
143.0,143,54.347956
175.0,175,54.430174
132.0,132,54.456946
153.0,153,54.486526
129.0,129,54.510286
158.0,158,54.539533
138.0,138,54.56475
140.0,140,54.590693
134.0,134,54.615367
161.0,161,54.644671
147.0,147,54.671762
144.0,144,54.697993
165.0,165,54.728268
156.0,156,54.756916
129.0,129,54.831031
141.0,141,54.857546
153.0,153,54.886049
133.0,133,54.910094
137.0,137,54.935285
150.0,150,54.963133
144.0,144,54.989737
175.0,175,55.021518
140.0,140,55.047273
137.0,137,55.072698
159.0,159,55.10124
148.0,148,55.128531
148.0,148,55.155837
148.0,148,55.18318
156.0,156,55.259194
161.0,161,55.289266
156.0,156,55.318037
146.0,146,55.344857
147.0,147,55.37217
142.0,142,55.397771
132.0,132,55.422393
133.0,133,55.447198
142.0,142,55.473238
136.0,136,55.498272
146.0,146,55.525378
178.0,178,55.557873
156.0,156,55.586166
144.0,144,55.658918
153.0,153,55.687762
140.0,140,55.713696
154.0,154,55.742232
142.0,142,55.767922
125.0,125,55.791256
142.0,142,55.817262
134.0,134,55.841937
128.0,128,55.865416
129.0,129,55.88906
129.0,129,55.912702
146.0,146,55.939774
176.0,176,55.972015
138.0,138,55.997218
138.0,138,56.071684
151.0,151,56.100665
165.0,165,56.131728
148.0,148,56.159207
150.0,150,56.186777
159.0,159,56.216346
134.0,134,56.240977
150.0,150,56.269182
160.0,160,56.299046
140.0,140,56.326974
160.0,160,56.356704
133.0,133,56.381063
142.0,142,56.407482
211.0,211,56.492586
146.0,146,56.521266
126.0,126,56.544516
134.0,134,56.569473
153.0,153,56.597734
146.0,146,56.624842
130.0,130,56.648517
152.0,152,56.676431
148.0,148,56.704233
144.0,144,56.730677
138.0,138,56.756102
137.0,137,56.781281
150.0,150,56.808538
138.0,138,56.834393
137.0,137,56.908288
135.0,135,56.934467
130.0,130,56.958727
154.0,154,56.987567
134.0,134,57.012038
166.0,166,57.046939
149.0,149,57.074793
134.0,134,57.10015
150.0,150,57.127846
163.0,163,57.157954
154.0,154,57.186229
150.0,150,57.214091
152.0,152,57.242218
133.0,133,57.266628
139.0,139,57.336058
165.0,165,57.366994
146.0,146,57.394507
154.0,154,57.422667
138.0,138,57.448273
144.0,144,57.475036
157.0,157,57.506838
125.0,125,57.529814
124.0,124,57.552503
150.0,150,57.580059
152.0,152,57.607663
156.0,156,57.636035
161.0,161,57.665307
132.0,132,57.689472
170.0,170,57.766142
143.0,143,57.793456
156.0,156,57.822202
150.0,150,57.849762
143.0,143,57.875524
148.0,148,57.902802
137.0,137,57.928355
137.0,137,57.953198
129.0,129,57.97651
134.0,134,58.001319
152.0,152,58.028832
144.0,144,58.055164
124.0,124,58.077871
150.0,150,58.10577
138.0,138,58.176849
150.0,150,58.205132
156.0,156,58.234135
130.0,130,58.258136
141.0,141,58.28391
143.0,143,58.310484
154.0,154,58.338563
130.0,130,58.362551
169.0,169,58.393479
156.0,156,58.422235
153.0,153,58.45045
184.0,184,58.483967
144.0,144,58.51041
130.0,130,58.57969
151.0,151,58.608411
157.0,157,58.637934
143.0,143,58.664277
191.0,191,58.700682
140.0,140,58.726748
202.0,202,58.764246
135.0,135,58.788798
130.0,130,58.81296
220.0,220,58.853658
150.0,150,58.881212
155.0,155,58.909989
207.0,207,58.997767
169.0,169,59.030209
287.0,287,59.083699
187.0,187,59.121662
152.0,152,59.152648
143.0,143,59.182226
197.0,197,59.222039
156.0,156,59.2551
198.0,198,59.295549
151.0,151,59.336251
130.0,130,59.385526
142.0,142,59.418165
153.0,153,59.511256
157.0,157,59.545898
151.0,151,59.579698
163.0,163,59.61563
159.0,159,59.649872
147.0,147,59.681525
151.0,151,59.715485
141.0,141,59.752483
136.0,136,59.801166
149.0,149,59.829786
135.0,135,59.854892
175.0,175,59.887697
182.0,182,59.921939
132.0,132,59.99855
146.0,146,60.025685
229.0,229,60.067921
151.0,151,60.096191
139.0,139,60.121911
233.0,233,60.164949
143.0,143,60.191523
183.0,183,60.225201
131.0,131,60.249114
171.0,171,60.280744
132.0,132,60.305038
172.0,172,60.336839
163.0,163,60.410664
128.0,128,60.434861
143.0,143,60.461545
124.0,124,60.484442
173.0,173,60.516363
158.0,158,60.545141
162.0,162,60.575254
131.0,131,60.599256
155.0,155,60.62735
144.0,144,60.653768
138.0,138,60.679429
153.0,153,60.707594
131.0,131,60.731969
160.0,160,60.761575
148.0,148,60.836128
137.0,137,60.861967
144.0,144,60.888693
153.0,153,60.916909
164.0,164,60.946922
156.0,156,60.975637
152.0,152,61.003596
139.0,139,61.029106
155.0,155,61.057686
128.0,128,61.08144
146.0,146,61.108273
140.0,140,61.133996
144.0,144,61.160812
133.0,133,61.233003
149.0,149,61.265775
124.0,124,61.291588
133.0,133,61.319454
139.0,139,61.348162
150.0,150,61.37815
153.0,153,61.410518
160.0,160,61.442823
155.0,155,61.474058
142.0,142,61.504341
146.0,146,61.534858
148.0,148,61.582317
129.0,129,61.620525
139.0,139,61.658565
144.0,144,61.746517
160.0,160,61.782329
159.0,159,61.81769
136.0,136,61.848539
170.0,170,61.886804
136.0,136,61.916965
264.0,264,61.969431
129.0,129,61.993656
138.0,138,62.019216
144.0,144,62.046259
154.0,154,62.074981
144.0,144,62.101766
162.0,162,62.131504
153.0,153,62.205741
141.0,141,62.232012
144.0,144,62.258739
138.0,138,62.284202
136.0,136,62.309281
143.0,143,62.335943
130.0,130,62.360417
191.0,191,62.395324
143.0,143,62.421998
128.0,128,62.446194
155.0,155,62.475153
162.0,162,62.504811
136.0,136,62.530022
142.0,142,62.55612
125.0,125,62.623441
145.0,145,62.650526
131.0,131,62.675026
179.0,179,62.708473
136.0,136,62.733583
140.0,140,62.759372
163.0,163,62.789474
170.0,170,62.820214
124.0,124,62.843166
133.0,133,62.867559
152.0,152,62.895759
144.0,144,62.922317
128.0,128,62.945971
145.0,145,62.972939
129.0,129,63.04251
132.0,132,63.06728
179.0,179,63.100605
125.0,125,63.123465
126.0,126,63.146444
148.0,148,63.173806
135.0,135,63.198972
134.0,134,63.223978
131.0,131,63.247828
147.0,147,63.275097
140.0,140,63.30089
148.0,148,63.328216
156.0,156,63.356773
145.0,145,63.383191
136.0,136,63.456968
167.0,167,63.48838
141.0,141,63.514406
138.0,138,63.540097
135.0,135,63.565271
140.0,140,63.591011
138.0,138,63.616148
157.0,157,63.644995
147.0,147,63.672255
132.0,132,63.696497
124.0,124,63.719535
131.0,131,63.743534
142.0,142,63.769422
155.0,155,63.798076
151.0,151,63.875296
135.0,135,63.900881
141.0,141,63.927037
145.0,145,63.954003
137.0,137,63.979614
144.0,144,64.006037
162.0,162,64.036093
134.0,134,64.060435
134.0,134,64.115153
142.0,142,64.141205
151.0,151,64.16935
190.0,190,64.204142
52.0,52,64.213951
161.0,161,64.243553
141.0,141,64.329326
173.0,173,64.365539
131.0,131,64.392883
131.0,131,64.419719
128.0,128,64.445668
222.0,222,64.516849
139.0,139,64.554168
155.0,155,64.585848
161.0,161,64.61943
147.0,147,64.652125
156.0,156,64.685486
176.0,176,64.723542
144.0,144,64.755337
136.0,136,64.839304
152.0,152,64.873143
138.0,138,64.914992
130.0,130,64.954823
137.0,137,64.992299
126.0,126,65.022344
142.0,142,65.053464
131.0,131,65.083858
134.0,134,65.108708
131.0,131,65.133492
160.0,160,65.163041
135.0,135,65.188241
126.0,126,65.211486
133.0,133,65.236371
146.0,146,65.262987
128.0,128,65.336018
140.0,140,65.362269
134.0,134,65.387301
152.0,152,65.41555
153.0,153,65.443689
139.0,139,65.469416
152.0,152,65.497445
133.0,133,65.521906
138.0,138,65.547689
198.0,198,65.584397
130.0,130,65.608201
133.0,133,65.632952
149.0,149,65.660454
134.0,134,65.684935
133.0,133,65.752448
132.0,132,65.777146
133.0,133,65.801789
133.0,133,65.826438
132.0,132,65.850636
147.0,147,65.877792
138.0,138,65.903152
137.0,137,65.92883
123.0,123,65.951138
143.0,143,65.97757
138.0,138,66.003079
125.0,125,66.026071
119.0,119,66.048217
131.0,131,66.071951
134.0,134,66.096485
136.0,136,66.161823
124.0,124,66.185339
125.0,125,66.208482
129.0,129,66.232335
132.0,132,66.256402
140.0,140,66.281884
124.0,124,66.305387
129.0,129,66.329727
125.0,125,66.35269
122.0,122,66.374744
142.0,142,66.401012
132.0,132,66.42541
129.0,129,66.448963
93.0,93,66.465857
122.0,122,66.488467
126.0,126,66.567363
144.0,144,66.595104
129.0,129,66.619509
143.0,143,66.645762
129.0,129,66.669994
127.0,127,66.692658
126.0,126,66.716077
143.0,143,66.742391
123.0,123,66.764936
148.0,148,66.791967
118.0,118,66.813781
134.0,134,66.838164
119.0,119,66.860184
169.0,169,66.890924
129.0,129,66.914652
132.0,132,66.982234
254.0,254,67.030945
120.0,120,67.053279
130.0,130,67.077621
123.0,123,67.100066
133.0,133,67.124908
133.0,133,67.149301
129.0,129,67.173306
126.0,126,67.196844
132.0,132,67.221372
117.0,117,67.242899
114.0,114,67.26601
132.0,132,67.290788
128.0,128,67.314807
136.0,136,67.340174
134.0,134,67.405631
127.0,127,67.430422
130.0,130,67.454556
121.0,121,67.476854
133.0,133,67.501683
132.0,132,67.526176
121.0,121,67.548273
123.0,123,67.5711
124.0,124,67.593895
134.0,134,67.618394
121.0,121,67.640547
129.0,129,67.664433
133.0,133,67.688694
14.0,14,67.690987
141.0,141,67.717392
132.0,132,67.741676
138.0,138,67.808778
132.0,132,67.834096
140.0,140,67.860526
137.0,137,67.885829
125.0,125,67.909327
128.0,128,67.932624
136.0,136,67.957575
125.0,125,67.980279
15.0,15,67.983202
136.0,136,68.008301
143.0,143,68.034413
122.0,122,68.057266
123.0,123,68.079958
128.0,128,68.103613
141.0,141,68.12929
131.0,131,68.153393
122.0,122,68.17566
188.0,188,68.256562
138.0,138,68.282378
131.0,131,68.306234
130.0,130,68.330581
131.0,131,68.355098
123.0,123,68.377464
138.0,138,68.403001
140.0,140,68.428851
129.0,129,68.452682
132.0,132,68.476907
140.0,140,68.502362
137.0,137,68.527445
119.0,119,68.549343
133.0,133,68.573685
145.0,145,68.643775
132.0,132,68.668559
127.0,127,68.691703
131.0,131,68.716024
137.0,137,68.741103
112.0,112,68.761627
128.0,128,68.784933
140.0,140,68.810494
118.0,118,68.832229
12.0,12,68.83441
131.0,131,68.858497
156.0,156,68.887233
128.0,128,68.91067
135.0,135,68.935013
129.0,129,68.959263
132.0,132,68.983378
134.0,134,69.051091
151.0,151,69.080053
133.0,133,69.104432
129.0,129,69.128145
125.0,125,69.15151
127.0,127,69.174518
123.0,123,69.197168
120.0,120,69.219424
127.0,127,69.242783
112.0,112,69.263336
116.0,116,69.28454
131.0,131,69.30858
133.0,133,69.332627
123.0,123,69.355469
138.0,138,69.380079
126.0,126,69.403606
127.0,127,69.471204
133.0,133,69.49796
125.0,125,69.521183
126.0,126,69.544486
128.0,128,69.568207
122.0,122,69.591039
131.0,131,69.61513
138.0,138,69.640351
131.0,131,69.664638
131.0,131,69.688758
129.0,129,69.712125
122.0,122,69.734989
126.0,126,69.758406
131.0,131,69.782528
121.0,121,69.805374
135.0,135,69.872743
128.0,128,69.899548
127.0,127,69.925916
131.0,131,69.952573
126.0,126,69.980218
127.0,127,70.005025
120.0,120,70.029649
124.0,124,70.055279
118.0,118,70.08568
124.0,124,70.131235
129.0,129,70.164699
122.0,122,70.190907
136.0,136,70.221107
125.0,125,70.247238
131.0,131,70.276662
121.0,121,70.302274
126.0,126,70.376943
132.0,132,70.407131
133.0,133,70.436906
120.0,120,70.464178
124.0,124,70.488111
125.0,125,70.511481
129.0,129,70.535413
132.0,132,70.560066
122.0,122,70.582739
117.0,117,70.604319
119.0,119,70.626555
124.0,124,70.649533
51.0,51,70.658556
124.0,124,70.681329
136.0,136,70.706497
129.0,129,70.730639
112.0,112,70.751327
129.0,129,70.81674
129.0,129,70.840957
118.0,118,70.863177
129.0,129,70.886893
126.0,126,70.910181
132.0,132,70.934431
120.0,120,70.956787
133.0,133,70.98167
132.0,132,71.005901
127.0,127,71.028577
123.0,123,71.051154
129.0,129,71.074805
123.0,123,71.09748
124.0,124,71.120419
120.0,120,71.143959
123.0,123,71.166662
141.0,141,71.233864
127.0,127,71.257865
121.0,121,71.280411
132.0,132,71.304982
126.0,126,71.328382
117.0,117,71.349813
120.0,120,71.371924
131.0,131,71.396197
121.0,121,71.418456
115.0,115,71.439711
135.0,135,71.464335
125.0,125,71.487621
120.0,120,71.50991
118.0,118,71.531558
120.0,120,71.553696
127.0,127,71.577181
133.0,133,71.644809
122.0,122,71.668132
130.0,130,71.692314
121.0,121,71.714653
119.0,119,71.73709
126.0,126,71.760664
124.0,124,71.78365
127.0,127,71.806753
127.0,127,71.830224
109.0,109,71.850117
137.0,137,71.875598
120.0,120,71.89779
123.0,123,71.920072
137.0,137,71.94547
124.0,124,71.968373
123.0,123,71.990855
128.0,128,72.058537
135.0,135,72.08635
130.0,130,72.11362
119.0,119,72.139828
123.0,123,72.181532
121.0,121,72.216783
128.0,128,72.242935
119.0,119,72.266971
128.0,128,72.292407
130.0,130,72.319353
122.0,122,72.345627
132.0,132,72.374088
131.0,131,72.402774
131.0,131,72.432007
116.0,116,72.458121
124.0,124,72.483848
134.0,134,72.567915
123.0,123,72.601433
138.0,138,72.638725
124.0,124,72.665944
130.0,130,72.695809
119.0,119,72.723169
120.0,120,72.74932
128.0,128,72.777985
129.0,129,72.802316
131.0,131,72.827219
123.0,123,72.849902
121.0,121,72.872782
134.0,134,72.897615
114.0,114,72.918823
126.0,126,72.941738
121.0,121,72.964151
123.0,123,73.029311
126.0,126,73.053089
133.0,133,73.077715
129.0,129,73.101613
128.0,128,73.125449
136.0,136,73.15074
135.0,135,73.175908
120.0,120,73.198474
125.0,125,73.221697
120.0,120,73.244042
129.0,129,73.267692
124.0,124,73.290621
135.0,135,73.315527
140.0,140,73.341511
127.0,127,73.364934
117.0,117,73.427913
116.0,116,73.449985
138.0,138,73.476318
126.0,126,73.499321
118.0,118,73.5216
126.0,126,73.544576
117.0,117,73.565913
117.0,117,73.587603
128.0,128,73.61161
123.0,123,73.633864
129.0,129,73.658236
122.0,122,73.680599
119.0,119,73.702744
133.0,133,73.72714
123.0,123,73.749829
114.0,114,73.770531
115.0,115,73.830848
126.0,126,73.855783
130.0,130,73.879937
126.0,126,73.903586
127.0,127,73.926833
122.0,122,73.949623
133.0,133,73.974095
129.0,129,73.997738
128.0,128,74.021576
130.0,130,74.045873
141.0,141,74.071704
136.0,136,74.096772
127.0,127,74.120479
123.0,123,74.143386
113.0,113,74.164092
129.0,129,74.187878
122.0,122,74.251121
119.0,119,74.273549
120.0,120,74.296186
131.0,131,74.320882
125.0,125,74.343756
122.0,122,74.366535
118.0,118,74.388175
125.0,125,74.411498
125.0,125,74.434588
127.0,127,74.458608
127.0,127,74.483413
122.0,122,74.506978
127.0,127,74.530619
126.0,126,74.553586
132.0,132,74.57833
118.0,118,74.600101
116.0,116,74.661864
121.0,121,74.685256
134.0,134,74.710156
119.0,119,74.732737
123.0,123,74.756139
133.0,133,74.78053
121.0,121,74.802655
123.0,123,74.825246
122.0,122,74.847916
116.0,116,74.869335
127.0,127,74.892242
121.0,121,74.915046
120.0,120,74.937075
120.0,120,74.959282
134.0,134,74.983746
131.0,131,75.008351
120.0,120,75.074575
133.0,133,75.102361
129.0,129,75.130079
119.0,119,75.155552
124.0,124,75.181309
131.0,131,75.207458
128.0,128,75.242103
117.0,117,75.280886
131.0,131,75.314958
132.0,132,75.342873
118.0,118,75.36753
122.0,122,75.395266
124.0,124,75.424928
128.0,128,75.454551
124.0,124,75.484888
129.0,129,75.517289
120.0,120,75.594145
190.0,190,75.638038
118.0,118,75.663945
134.0,134,75.700982
126.0,126,75.738525
116.0,116,75.76779
111.0,111,75.788995
135.0,135,75.814197
120.0,120,75.836524
124.0,124,75.859759
120.0,120,75.882075
114.0,114,75.902922
124.0,124,75.926038
121.0,121,75.94834
112.0,112,75.969145
120.0,120,75.991574
120.0,120,76.053058
138.0,138,76.079985
126.0,126,76.103348
122.0,122,76.126321
127.0,127,76.149903
127.0,127,76.173069
120.0,120,76.195175
112.0,112,76.21593
125.0,125,76.239635
124.0,124,76.262522
121.0,121,76.284797
120.0,120,76.306945
121.0,121,76.32908
118.0,118,76.350931
121.0,121,76.373166
123.0,123,76.395958
124.0,124,76.418771
126.0,126,76.483769
126.0,126,76.507768
127.0,127,76.531121
116.0,116,76.552661
107.0,107,76.572669
123.0,123,76.595211
121.0,121,76.61727
121.0,121,76.63957
138.0,138,76.665302
123.0,123,76.688078
125.0,125,76.711058
108.0,108,76.731006
125.0,125,76.753552
138.0,138,76.779121
126.0,126,76.802099
130.0,130,76.826224
131.0,131,76.890513
129.0,129,76.914666
124.0,124,76.937475
136.0,136,76.962557
136.0,136,76.987642
123.0,123,77.009994
124.0,124,77.032744
126.0,126,77.056102
129.0,129,77.079868
129.0,129,77.103385
127.0,127,77.126897
116.0,116,77.148359
122.0,122,77.171017
121.0,121,77.19334
123.0,123,77.216416
128.0,128,77.240169
119.0,119,77.300338
127.0,127,77.324731
122.0,122,77.347549
119.0,119,77.369235
124.0,124,77.392185
118.0,118,77.413972
125.0,125,77.436914
118.0,118,77.458876
117.0,117,77.480304
129.0,129,77.504149
123.0,123,77.526934
121.0,121,77.549002
125.0,125,77.571852
124.0,124,77.594561
131.0,131,77.618811
128.0,128,77.642283
119.0,119,77.707591
113.0,113,77.728403
126.0,126,77.752666
120.0,120,77.774647
121.0,121,77.796822
112.0,112,77.817451
132.0,132,77.841546
119.0,119,77.863681
122.0,122,77.88609
129.0,129,77.909771
123.0,123,77.932485
130.0,130,77.957117
125.0,125,77.98173
128.0,128,78.005805
124.0,124,78.028499
124.0,124,78.051286
112.0,112,78.111165
127.0,127,78.135977
115.0,115,78.156854
121.0,121,78.17962
125.0,125,78.202779
120.0,120,78.225186
118.0,118,78.246551
126.0,126,78.27009
117.0,117,78.29135
121.0,121,78.313404
126.0,126,78.336884
116.0,116,78.358168
133.0,133,78.382522
115.0,115,78.403731
122.0,122,78.426062
125.0,125,78.44931
127.0,127,78.472235
127.0,127,78.535394
121.0,121,78.557972
125.0,125,78.581607
126.0,126,78.604472
123.0,123,78.627136
122.0,122,78.649324
122.0,122,78.672051
117.0,117,78.693361
113.0,113,78.71424
128.0,128,78.737429
130.0,130,78.761272
126.0,126,78.784427
118.0,118,78.806314
126.0,126,78.829065
122.0,122,78.85159
122.0,122,78.87386
127.0,127,78.935746
126.0,126,78.960052
125.0,125,78.983053
112.0,112,79.003642
120.0,120,79.025879
129.0,129,79.049296
114.0,114,79.070853
118.0,118,79.092172
124.0,124,79.114864
127.0,127,79.138293
124.0,124,79.161002
116.0,116,79.182177
124.0,124,79.204969
114.0,114,79.225759
133.0,133,79.250544
112.0,112,79.27088
123.0,123,79.331156
122.0,122,79.354391
124.0,124,79.377471
123.0,123,79.400092
116.0,116,79.421473
128.0,128,79.444926
125.0,125,79.468681
116.0,116,79.49179
116.0,116,79.513733
112.0,112,79.534485
131.0,131,79.558791
119.0,119,79.580579
119.0,119,79.602712
117.0,117,79.6242
118.0,118,79.64609
124.0,124,79.668913
128.0,128,79.692471
129.0,129,79.755952
117.0,117,79.777577
110.0,110,79.798023
115.0,115,79.819201
123.0,123,79.841487
112.0,112,79.862264
114.0,114,79.883243
109.0,109,79.903161
123.0,123,79.925771
115.0,115,79.946663
118.0,118,79.967945
117.0,117,79.989183
114.0,114,80.010286
114.0,114,80.030718
119.0,119,80.052495
113.0,113,80.073119
122.0,122,80.095578
123.0,123,80.156445
117.0,117,80.178336
116.0,116,80.199632
118.0,118,80.221096
113.0,113,80.242095
120.0,120,80.264309
111.0,111,80.284194
115.0,115,80.305479
123.0,123,80.328645
120.0,120,80.351152
119.0,119,80.373311
101.0,101,80.391852
124.0,124,80.414785
119.0,119,80.436891
114.0,114,80.45777
118.0,118,80.479692
113.0,113,80.500479
109.0,109,80.559408
130.0,130,80.584294
127.0,127,80.607286
114.0,114,80.628475
117.0,117,80.649876
119.0,119,80.671738
122.0,122,80.693885
129.0,129,80.71786
109.0,109,80.737921
116.0,116,80.759072
119.0,119,80.780793
120.0,120,80.80281
119.0,119,80.824207
121.0,121,80.846538
122.0,122,80.868863
117.0,117,80.890247
110.0,110,80.910663
120.0,120,80.972308
116.0,116,80.994138
115.0,115,81.015759
114.0,114,81.036441
119.0,119,81.058403
120.0,120,81.080329
110.0,110,81.100395
124.0,124,81.123095
117.0,117,81.144848
112.0,112,81.165701
120.0,120,81.187623
119.0,119,81.209166
114.0,114,81.230134
121.0,121,81.252501
120.0,120,81.274531
118.0,118,81.296416
119.0,119,81.317895
132.0,132,81.379054
118.0,118,81.401614
119.0,119,81.423569
117.0,117,81.444894
131.0,131,81.469065
114.0,114,81.48982
115.0,115,81.510864
120.0,120,81.534071
114.0,114,81.556784
124.0,124,81.581545
112.0,112,81.604511
122.0,122,81.629827
110.0,110,81.651606
121.0,121,81.676831
121.0,121,81.70166
119.0,119,81.726068
113.0,113,81.749
125.0,125,81.817388
118.0,118,81.843904
109.0,109,81.876908
115.0,115,81.912827
117.0,117,81.94819
115.0,115,81.974427
115.0,115,81.997647
122.0,122,82.025275
117.0,117,82.050263
118.0,118,82.076083
111.0,111,82.099786
122.0,122,82.127098
119.0,119,82.153135
125.0,125,82.180549
110.0,110,82.204423
119.0,119,82.230667
119.0,119,82.253278
120.0,120,82.313787
115.0,115,82.335449
126.0,126,82.358707
115.0,115,82.380305
120.0,120,82.402525
117.0,117,82.424084
119.0,119,82.445993
114.0,114,82.466881
114.0,114,82.488068
119.0,119,82.509853
111.0,111,82.529682
121.0,121,82.552241
120.0,120,82.57433
115.0,115,82.595111
115.0,115,82.616219
125.0,125,82.639528
120.0,120,82.66148
113.0,113,82.722015
109.0,109,82.74219
115.0,115,82.763369
128.0,128,82.786799
118.0,118,82.808622
110.0,110,82.829226
121.0,121,82.851334
110.0,110,82.871332
110.0,110,82.891703
120.0,120,82.913761
115.0,115,82.934794
118.0,118,82.956229
129.0,129,82.979715
119.0,119,83.001656
112.0,112,83.022007
117.0,117,83.043084
121.0,121,83.066179
113.0,113,83.125539
113.0,113,83.146894
110.0,110,83.167528
122.0,122,83.19003
117.0,117,83.211586
123.0,123,83.234081
121.0,121,83.256765
116.0,116,83.278434
132.0,132,83.302937
111.0,111,83.323631
120.0,120,83.345662
124.0,124,83.368398
118.0,118,83.390299
122.0,122,83.412393
121.0,121,83.434389
119.0,119,83.456266
124.0,124,83.478936
115.0,115,83.539366
108.0,108,83.561599
126.0,126,83.586499
118.0,118,83.610352
131.0,131,83.637579
126.0,126,83.663003
113.0,113,83.685572
120.0,120,83.750856
110.0,110,83.787303
110.0,110,83.812896
112.0,112,83.836027
122.0,122,83.861386
112.0,112,83.886212
128.0,128,83.913412
126.0,126,83.939615
120.0,120,83.966775
118.0,118,84.034041
115.0,115,84.059955
121.0,121,84.088609
117.0,117,84.113451
116.0,116,84.13984
116.0,116,84.170394
115.0,115,84.20755
123.0,123,84.24235
118.0,118,84.280828
115.0,115,84.307307
112.0,112,84.33126
115.0,115,84.352649
124.0,124,84.376098
122.0,122,84.398446
126.0,126,84.421826
114.0,114,84.442675
116.0,116,84.46427
118.0,118,84.526296
120.0,120,84.550146
119.0,119,84.57201
118.0,118,84.593974
125.0,125,84.617074
127.0,127,84.640394
115.0,115,84.661603
123.0,123,84.684206
119.0,119,84.70642
111.0,111,84.727055
123.0,123,84.749811
115.0,115,84.770386
129.0,129,84.794446
111.0,111,84.814321
129.0,129,84.837785
122.0,122,84.859812
118.0,118,84.881426
117.0,117,84.942153
116.0,116,84.964232
121.0,121,84.986652
124.0,124,85.009644
108.0,108,85.029782
120.0,120,85.051988
113.0,113,85.0728
131.0,131,85.097328
118.0,118,85.11934
124.0,124,85.142394
114.0,114,85.163205
119.0,119,85.185216
112.0,112,85.205919
129.0,129,85.229526
107.0,107,85.249644
115.0,115,85.270788
121.0,121,85.292986
117.0,117,85.353084
116.0,116,85.374921
118.0,118,85.396987
124.0,124,85.419899
117.0,117,85.44122
124.0,124,85.464044
114.0,114,85.484603
113.0,113,85.505778
118.0,118,85.5272
119.0,119,85.549071
120.0,120,85.571263
118.0,118,85.592657
130.0,130,85.616587
131.0,131,85.640499
112.0,112,85.66088
118.0,118,85.682291
123.0,123,85.705057
115.0,115,85.765453
113.0,113,85.786512
117.0,117,85.807848
120.0,120,85.829714
119.0,119,85.851492
117.0,117,85.872843
113.0,113,85.893327
111.0,111,85.913878
127.0,127,85.937439
112.0,112,85.958096
111.0,111,85.978644
126.0,126,86.00135
114.0,114,86.022501
116.0,116,86.043576
110.0,110,86.063452
131.0,131,86.087494
116.0,116,86.108683
124.0,124,86.170132
121.0,121,86.192881
118.0,118,86.214944
116.0,116,86.236263
119.0,119,86.258147
112.0,112,86.278704
113.0,113,86.299865
118.0,118,86.321631
114.0,114,86.342955
114.0,114,86.363416
119.0,119,86.385613
114.0,114,86.406368
121.0,121,86.428798
122.0,122,86.45108
126.0,126,86.474342
112.0,112,86.495042
119.0,119,86.519304
125.0,125,86.587004
117.0,117,86.611486
129.0,129,86.638406
116.0,116,86.661694
123.0,123,86.687851
111.0,111,86.710771
115.0,115,86.734174
111.0,111,86.75621
108.0,108,86.778574
117.0,117,86.809376
118.0,118,86.853222
126.0,126,86.88678
117.0,117,86.91214
117.0,117,86.93735
110.0,110,86.960138
126.0,126,86.988486
110.0,110,87.011469
116.0,116,87.079277
111.0,111,87.103133
113.0,113,87.128812
115.0,115,87.154136
112.0,112,87.178472
123.0,123,87.201886
113.0,113,87.223013
114.0,114,87.244492
123.0,123,87.266849
108.0,108,87.286861
117.0,117,87.308966
112.0,112,87.329744
128.0,128,87.353419
116.0,116,87.375059
112.0,112,87.395529
117.0,117,87.416855
111.0,111,87.437404
114.0,114,87.495685
109.0,109,87.516278
116.0,116,87.537632
114.0,114,87.558891
115.0,115,87.580207
109.0,109,87.599996
108.0,108,87.619653
116.0,116,87.640965
121.0,121,87.663202
113.0,113,87.684084
116.0,116,87.705525
111.0,111,87.725996
112.0,112,87.746552
118.0,118,87.768712
121.0,121,87.790747
115.0,115,87.811988
119.0,119,87.833454
117.0,117,87.855016
122.0,122,87.915436
116.0,116,87.937299
126.0,126,87.960753
111.0,111,87.981023
108.0,108,88.000956
116.0,116,88.022303
121.0,121,88.044761
120.0,120,88.066734
119.0,119,88.088205
118.0,118,88.109963
109.0,109,88.129674
115.0,115,88.150574
118.0,118,88.171924
114.0,114,88.192966
124.0,124,88.21552
123.0,123,88.239928
113.0,113,88.262199
116.0,116,88.32803
116.0,116,88.360221
120.0,120,88.403395
124.0,124,88.436469
124.0,124,88.461157
121.0,121,88.487497
129.0,129,88.515676
121.0,121,88.540778
132.0,132,88.569144
133.0,133,88.598303
116.0,116,88.624125
113.0,113,88.648718
127.0,127,88.677838
128.0,128,88.704175
124.0,124,88.731388
127.0,127,88.759503
112.0,112,88.840013
127.0,127,88.875842
127.0,127,88.904978
125.0,125,88.932357
168.0,168,88.970425
109.0,109,88.992461
112.0,112,89.013507
126.0,126,89.036936
113.0,113,89.057933
119.0,119,89.080208
116.0,116,89.101712
128.0,128,89.125351
112.0,112,89.146152
128.0,128,89.1697
121.0,121,89.192148
111.0,111,89.212783
117.0,117,89.281229
116.0,116,89.303686
125.0,125,89.327311
127.0,127,89.350397
134.0,134,89.37536
125.0,125,89.398411
112.0,112,89.418868
116.0,116,89.440092
115.0,115,89.461316
121.0,121,89.485883
138.0,138,89.512914
121.0,121,89.535535
142.0,142,89.561575
111.0,111,89.582385
123.0,123,89.605335
140.0,140,89.631143
121.0,121,89.69189
119.0,119,89.715231
119.0,119,89.73797
109.0,109,89.758017
117.0,117,89.779565
153.0,153,89.807423
135.0,135,89.832246
119.0,119,89.854438
118.0,118,89.875972
120.0,120,89.898403
129.0,129,89.922653
140.0,140,89.948429
114.0,114,89.969137
131.0,131,89.993372
115.0,115,90.014608
117.0,117,90.036071
123.0,123,90.058923
125.0,125,90.121537
137.0,137,90.146945
122.0,122,90.169531
128.0,128,90.193051
119.0,119,90.215004
125.0,125,90.238054
120.0,120,90.259805
131.0,131,90.283476
117.0,117,90.305362
117.0,117,90.32686
127.0,127,90.350325
125.0,125,90.373071
129.0,129,90.396635
128.0,128,90.419968
114.0,114,90.441006
157.0,157,90.50871
152.0,152,90.538271
124.0,124,90.560998
117.0,117,90.58246
114.0,114,90.603502
125.0,125,90.626613
114.0,114,90.647005
125.0,125,90.670804
129.0,129,90.694564
131.0,131,90.71876
134.0,134,90.74326
115.0,115,90.764549
123.0,123,90.787368
131.0,131,90.811135
117.0,117,90.832887
119.0,119,90.854567
120.0,120,90.876646
117.0,117,90.936905
116.0,116,90.958635
123.0,123,90.981122
115.0,115,91.002409
118.0,118,91.02453
116.0,116,91.045986
112.0,112,91.06677
129.0,129,91.09054
120.0,120,91.112649
129.0,129,91.136392
151.0,151,91.163788
115.0,115,91.184846
119.0,119,91.206304
109.0,109,91.226584
118.0,118,91.248119
112.0,112,91.268371
113.0,113,91.327144
114.0,114,91.349584
119.0,119,91.371525
122.0,122,91.393735
113.0,113,91.414344
122.0,122,91.436896
111.0,111,91.4574
121.0,121,91.480168
116.0,116,91.502266
113.0,113,91.522951
113.0,113,91.54352
125.0,125,91.566746
113.0,113,91.587249
118.0,118,91.608788
116.0,116,91.630092
120.0,120,91.651843
114.0,114,91.672834
124.0,124,91.733718
122.0,122,91.756867
127.0,127,91.780418
147.0,147,91.807578
132.0,132,91.831876
111.0,111,91.852662
129.0,129,91.87835
118.0,118,91.901686
134.0,134,91.929531
117.0,117,91.953888
120.0,120,91.97819
127.0,127,92.004635
109.0,109,92.026644
142.0,142,92.055826
120.0,120,92.079486
118.0,118,92.103294
116.0,116,92.176917
119.0,119,92.215455
115.0,115,92.240334
110.0,110,92.263151
128.0,128,92.291016
121.0,121,92.315793
112.0,112,92.339472
122.0,122,92.366334
115.0,115,92.390645
118.0,118,92.417567
120.0,120,92.443543
117.0,117,92.468918
138.0,138,92.499756
110.0,110,92.52409
118.0,118,92.552308
113.0,113,92.574788
113.0,113,92.596122
115.0,115,92.657015
107.0,107,92.678234
116.0,116,92.699779
114.0,114,92.720718
119.0,119,92.742758
137.0,137,92.767987
114.0,114,92.789234
120.0,120,92.811365
113.0,113,92.832269
124.0,124,92.854981
114.0,114,92.876226
124.0,124,92.899003
106.0,106,92.918448
125.0,125,92.941505
124.0,124,92.964437
15.0,15,92.967243
19.0,19,92.97067
115.0,115,92.991908
125.0,125,93.014899
119.0,119,93.075016
113.0,113,93.096342
124.0,124,93.119482
122.0,122,93.141833
126.0,126,93.165424
121.0,121,93.187747
119.0,119,93.20995
117.0,117,93.231835
111.0,111,93.252503
122.0,122,93.27457
122.0,122,93.297326
121.0,121,93.319661
117.0,117,93.341121
126.0,126,93.364717
122.0,122,93.386949
106.0,106,93.406711
117.0,117,93.427983
122.0,122,93.487618
142.0,142,93.514655
138.0,138,93.540431
116.0,116,93.561733
109.0,109,93.582412
100.0,100,93.601584
105.0,105,93.622597
108.0,108,93.643493
117.0,117,93.665546
129.0,129,93.691001
125.0,125,93.714647
121.0,121,93.737953
119.0,119,93.760772
138.0,138,93.786708
127.0,127,93.81112
108.0,108,93.831473
116.0,116,93.892784
119.0,119,93.91927
110.0,110,93.942061
131.0,131,93.969982
123.0,123,94.008668
126.0,126,94.046683
115.0,115,94.075379
123.0,123,94.100423
117.0,117,94.123564
122.0,122,94.147628
118.0,118,94.172484
126.0,126,94.198805
125.0,125,94.226416
120.0,120,94.251245
109.0,109,94.274224
121.0,121,94.30051
147.0,147,94.335813
110.0,110,94.403265
138.0,138,94.441102
121.0,121,94.48279
106.0,106,94.517364
115.0,115,94.543106
111.0,111,94.571549
130.0,130,94.601642
91.0,91,94.62326
115.0,115,94.649473
129.0,129,94.676208
134.0,134,94.701482
109.0,109,94.721872
142.0,142,94.748551
122.0,122,94.771006
114.0,114,94.792376
118.0,118,94.813915
123.0,123,94.836843
107.0,107,94.894222
122.0,122,94.916631
111.0,111,94.937409
106.0,106,94.957232
110.0,110,94.977352
116.0,116,94.99869
109.0,109,95.018665
110.0,110,95.039215
117.0,117,95.06078
111.0,111,95.081221
124.0,124,95.10397
114.0,114,95.124635
122.0,122,95.147443
117.0,117,95.168875
124.0,124,95.191706
128.0,128,95.215043
112.0,112,95.235559
114.0,114,95.293403
113.0,113,95.314728
121.0,121,95.337306
114.0,114,95.358672
120.0,120,95.380934
136.0,136,95.405844
110.0,110,95.425922
114.0,114,95.447226
109.0,109,95.467353
120.0,120,95.489479
113.0,113,95.510339
109.0,109,95.530516
121.0,121,95.553259
113.0,113,95.574079
122.0,122,95.596364
114.0,114,95.617338
105.0,105,95.6364
115.0,115,95.693405
119.0,119,95.716815
108.0,108,95.738084
117.0,117,95.760435
119.0,119,95.782644
114.0,114,95.80349
116.0,116,95.824884
119.0,119,95.84685
112.0,112,95.867594
111.0,111,95.888193
118.0,118,95.910592
114.0,114,95.93281
110.0,110,95.953107
102.0,102,95.972563
132.0,132,95.997358
14.0,14,95.999747
111.0,111,96.021274
111.0,111,96.042085
116.0,116,96.099041
127.0,127,96.124929
124.0,124,96.149717
124.0,124,96.175274
111.0,111,96.198847
118.0,118,96.222793
114.0,114,96.244639
114.0,114,96.268815
108.0,108,96.291424
117.0,117,96.314237
110.0,110,96.337359
127.0,127,96.369731
113.0,113,96.412946
111.0,111,96.444497
109.0,109,96.467225
105.0,105,96.489814
120.0,120,96.514969
140.0,140,96.545723
115.0,115,96.612294
107.0,107,96.635466
113.0,113,96.662369
117.0,117,96.687156
120.0,120,96.7141
118.0,118,96.738512
111.0,111,96.764138
109.0,109,96.787901
115.0,115,96.824683
108.0,108,96.86359
117.0,117,96.885811
115.0,115,96.90746
140.0,140,96.933434
113.0,113,96.954097
111.0,111,96.974779
126.0,126,96.997954
118.0,118,97.020257
117.0,117,97.080328
127.0,127,97.104564
111.0,111,97.125211
127.0,127,97.148429
120.0,120,97.170762
126.0,126,97.19402
110.0,110,97.214262
112.0,112,97.234735
110.0,110,97.255043
112.0,112,97.275589
110.0,110,97.295531
122.0,122,97.318197
106.0,106,97.337378
113.0,113,97.358528
113.0,113,97.379169
115.0,115,97.400547
115.0,115,97.421377
126.0,126,97.483001
108.0,108,97.502949
110.0,110,97.523332
108.0,108,97.543274
118.0,118,97.565157
113.0,113,97.585603
114.0,114,97.606587
115.0,115,97.627242
106.0,106,97.647081
111.0,111,97.667872
110.0,110,97.688018
112.0,112,97.70872
110.0,110,97.729212
116.0,116,97.750506
117.0,117,97.771901
119.0,119,97.793854
108.0,108,97.813549
109.0,109,97.833304
110.0,110,97.888186
118.0,118,97.910677
121.0,121,97.932777
107.0,107,97.952599
109.0,109,97.972469
112.0,112,97.993156
110.0,110,98.013572
117.0,117,98.035019
119.0,119,98.057252
111.0,111,98.077272
122.0,122,98.100132
117.0,117,98.121451
123.0,123,98.144129
111.0,111,98.164635
108.0,108,98.184478
114.0,114,98.20541
105.0,105,98.224854
111.0,111,98.28135
119.0,119,98.30489
104.0,104,98.324533
116.0,116,98.346287
118.0,118,98.367709
107.0,107,98.387635
107.0,107,98.40744
113.0,113,98.428267
103.0,103,98.447524
116.0,116,98.46878
107.0,107,98.488613
109.0,109,98.508514
131.0,131,98.532584
123.0,123,98.554931
110.0,110,98.575521
130.0,130,98.599043
109.0,109,98.61939
113.0,113,98.640297
108.0,108,98.695439
117.0,117,98.717476
107.0,107,98.737441
107.0,107,98.757477
115.0,115,98.778252
108.0,108,98.798295
103.0,103,98.817268
81.0,81,98.832029
16.0,16,98.834896
115.0,115,98.856005
128.0,128,98.87968
106.0,106,98.899471
108.0,108,98.919233
106.0,106,98.938505
109.0,109,98.958341
114.0,114,98.979494
19.0,19,98.98299
115.0,115,99.003699
133.0,133,99.028264
106.0,106,99.047401
105.0,105,99.10532
110.0,110,99.12636
107.0,107,99.146801
21.0,21,99.150689
111.0,111,99.171156
109.0,109,99.191067
104.0,104,99.210421
116.0,116,99.231746
116.0,116,99.253191
116.0,116,99.274702
105.0,105,99.294121
107.0,107,99.313939
118.0,118,99.335678
118.0,118,99.357648
104.0,104,99.378002
110.0,110,99.399497
113.0,113,99.420908
113.0,113,99.441506
109.0,109,99.461692
102.0,102,99.521399
107.0,107,99.541456
109.0,109,99.562229
108.0,108,99.582157
118.0,118,99.603861
109.0,109,99.623842
110.0,110,99.644399
116.0,116,99.665858
117.0,117,99.687385
112.0,112,99.708028
116.0,116,99.729439
104.0,104,99.748496
108.0,108,99.768467
110.0,110,99.788883
117.0,117,99.810201
108.0,108,99.830157
108.0,108,99.850115
111.0,111,99.870614
111.0,111,99.9281
16.0,16,99.931102
106.0,106,99.951899
110.0,110,99.972651
17.0,17,99.976158
128.0,128,100.000101
111.0,111,100.020589
23.0,23,100.024989
111.0,111,100.045807
107.0,107,100.065946
107.0,107,100.085626
104.0,104,100.105104
116.0,116,100.126675
107.0,107,100.14643
107.0,107,100.166406
113.0,113,100.18727
121.0,121,100.209832
108.0,108,100.229811
114.0,114,100.250986
107.0,107,100.271002
118.0,118,100.330334
105.0,105,100.353266
107.0,107,100.375064
119.0,119,100.39989
111.0,111,100.422655
107.0,107,100.444502
107.0,107,100.467248
108.0,108,100.489223
113.0,113,100.544588
109.0,109,100.566912
110.0,110,100.589415
110.0,110,100.612857
107.0,107,100.635073
118.0,118,100.662254
122.0,122,100.69854
110.0,110,100.727778
106.0,106,100.760536
111.0,111,100.78613
109.0,109,100.84955
115.0,115,100.876077
102.0,102,100.898253
113.0,113,100.922745
115.0,115,100.946655
106.0,106,100.970373
112.0,112,100.997202
113.0,113,101.021667
119.0,119,101.048994
106.0,106,101.070726
116.0,116,101.092578
109.0,109,101.112746
106.0,106,101.132267
108.0,108,101.152227
19.0,19,101.155923
120.0,120,101.178173
105.0,105,101.197511
118.0,118,101.219591
118.0,118,101.241015
107.0,107,101.297129
135.0,135,101.322896
100.0,100,101.341423
112.0,112,101.362186
113.0,113,101.382994
104.0,104,101.40203
132.0,132,101.4264
108.0,108,101.446374
122.0,122,101.468966
114.0,114,101.489989
114.0,114,101.511481
117.0,117,101.532997
111.0,111,101.553776
120.0,120,101.575881
117.0,117,101.597198
118.0,118,101.618635
22.0,22,101.622916
121.0,121,101.645129
117.0,117,101.702269
113.0,113,101.723967
152.0,152,101.752632
110.0,110,101.773088
24.0,24,101.777585
112.0,112,101.798449
107.0,107,101.818105
122.0,122,101.840445
123.0,123,101.863339
119.0,119,101.885268
109.0,109,101.905287
108.0,108,101.925129
105.0,105,101.944221
114.0,114,101.965466
107.0,107,101.985267
107.0,107,102.00469
113.0,113,102.025506
110.0,110,102.045478
111.0,111,102.100902
103.0,103,102.121307
106.0,106,102.141206
107.0,107,102.16115
113.0,113,102.18183
111.0,111,102.202329
114.0,114,102.223284
152.0,152,102.251082
116.0,116,102.27244
108.0,108,102.292468
107.0,107,102.312462
105.0,105,102.331733
112.0,112,102.352236
119.0,119,102.374043
108.0,108,102.393725
109.0,109,102.413728
104.0,104,102.432849
106.0,106,102.452546
104.0,104,102.506641
114.0,114,102.528604
113.0,113,102.550064
119.0,119,102.572011
105.0,105,102.591624
101.0,101,102.609758
114.0,114,102.63084
109.0,109,102.651323
106.0,106,102.670502
103.0,103,102.68972
115.0,115,102.711193
118.0,118,102.732757
117.0,117,102.754051
23.0,23,102.758368
106.0,106,102.778121
115.0,115,102.798923
110.0,110,102.819158
105.0,105,102.838247
103.0,103,102.857241
105.0,105,102.91157
108.0,108,102.932487
105.0,105,102.952578
114.0,114,102.976678
110.0,110,102.998155
100.0,100,103.018135
107.0,107,103.040558
110.0,110,103.063079
110.0,110,103.095274
117.0,117,103.131962
108.0,108,103.162967
116.0,116,103.186624
113.0,113,103.209885
114.0,114,103.234163
110.0,110,103.258197
121.0,121,103.284306
109.0,109,103.307162
103.0,103,103.330315
111.0,111,103.354569
109.0,109,103.4167
115.0,115,103.443908
98.0,98,103.465456
23.0,23,103.470248
110.0,110,103.496121
114.0,114,103.540077
109.0,109,103.567173
119.0,119,103.603668
113.0,113,103.628387
117.0,117,103.654467
122.0,122,103.68201
117.0,117,103.704874
106.0,106,103.724951
121.0,121,103.747625
114.0,114,103.768687
108.0,108,103.788724
106.0,106,103.808575
154.0,154,103.836666
119.0,119,103.89725
121.0,121,103.919627
106.0,106,103.939517
116.0,116,103.961046
109.0,109,103.980882
156.0,156,104.009674
112.0,112,104.030224
118.0,118,104.052303
111.0,111,104.072556
114.0,114,104.093951
120.0,120,104.115971
115.0,115,104.137397
141.0,141,104.163127
109.0,109,104.183233
113.0,113,104.203989
117.0,117,104.226019
107.0,107,104.245436
107.0,107,104.301448
112.0,112,104.322493
113.0,113,104.34321
111.0,111,104.36385
22.0,22,104.368036
142.0,142,104.394238
113.0,113,104.414733
115.0,115,104.436028
114.0,114,104.457345
114.0,114,104.47796
116.0,116,104.501551
112.0,112,104.523414
119.0,119,104.545868
107.0,107,104.566041
133.0,133,104.590678
107.0,107,104.610594
136.0,136,104.635738
125.0,125,104.658641
114.0,114,104.716182
110.0,110,104.737267
114.0,114,104.758334
119.0,119,104.780489
113.0,113,104.801272
115.0,115,104.822454
107.0,107,104.842181
112.0,112,104.863143
135.0,135,104.888052
120.0,120,104.909985
118.0,118,104.931422
107.0,107,104.951108
123.0,123,104.973884
122.0,122,104.99598
118.0,118,105.017785
116.0,116,105.039046
111.0,111,105.05903
157.0,157,105.127379
110.0,110,105.147684
92.0,92,105.164507
105.0,105,105.183811
139.0,139,105.209651
105.0,105,105.228661
136.0,136,105.253856
111.0,111,105.274226
122.0,122,105.296991
100.0,100,105.31531
128.0,128,105.338726
110.0,110,105.358833
104.0,104,105.377796
106.0,106,105.397377
115.0,115,105.417721
118.0,118,105.439566
119.0,119,105.461577
113.0,113,105.528314
113.0,113,105.549547
110.0,110,105.569983
108.0,108,105.590122
120.0,120,105.61196
124.0,124,105.63463
108.0,108,105.654368
148.0,148,105.681441
114.0,114,105.702216
123.0,123,105.724949
102.0,102,105.743208
112.0,112,105.763715
113.0,113,105.785329
120.0,120,105.807546
119.0,119,105.829085
121.0,121,105.851704
111.0,111,105.871639
108.0,108,105.926279
119.0,119,105.949408
103.0,103,105.968577
110.0,110,105.988827
112.0,112,106.009365
112.0,112,106.029887
149.0,149,106.057462
102.0,102,106.076017
168.0,168,106.107004
112.0,112,106.127572
109.0,109,106.14751
124.0,124,106.17031
105.0,105,106.189815
111.0,111,106.209681
104.0,104,106.228675
113.0,113,106.24984
108.0,108,106.269574
130.0,130,106.331536
106.0,106,106.355666
27.0,27,106.360731
106.0,106,106.381625
116.0,116,106.406412
108.0,108,106.428088
115.0,115,106.451155
111.0,111,106.472619
110.0,110,106.494721
136.0,136,106.52268
112.0,112,106.546472
27.0,27,106.551977
112.0,112,106.575783
105.0,105,106.596926
115.0,115,106.633634
112.0,112,106.668535
105.0,105,106.699352
106.0,106,106.72175
22.0,22,106.726417
111.0,111,106.751708
105.0,105,106.774315
121.0,121,106.85225
111.0,111,106.877288
17.0,17,106.880594
112.0,112,106.904549
124.0,124,106.931109
132.0,132,106.960769
26.0,26,106.966922
108.0,108,106.990701
115.0,115,107.014468
24.0,24,107.019155
110.0,110,107.039908
140.0,140,107.065945
113.0,113,107.086805
118.0,118,107.109228
115.0,115,107.130388
143.0,143,107.156771
119.0,119,107.178902
123.0,123,107.20183
115.0,115,107.222875
128.0,128,107.282115
112.0,112,107.302939
126.0,126,107.326436
160.0,160,107.356324
126.0,126,107.379478
156.0,156,107.408097
103.0,103,107.427315
22.0,22,107.431705
108.0,108,107.451836
16.0,16,107.454757
105.0,105,107.473951
115.0,115,107.495117
112.0,112,107.516024
113.0,113,107.536642
134.0,134,107.56113
112.0,112,107.581755
123.0,123,107.604609
126.0,126,107.627818
108.0,108,107.682902
107.0,107,107.70253
103.0,103,107.721899
101.0,101,107.740293
21.0,21,107.744576
109.0,109,107.764756
104.0,104,107.783988
109.0,109,107.803959
113.0,113,107.824492
117.0,117,107.846322
19.0,19,107.849768
113.0,113,107.870912
100.0,100,107.889489
116.0,116,107.91082
100.0,100,107.929369
110.0,110,107.949399
102.0,102,107.968543
107.0,107,107.987953
105.0,105,108.007637
111.0,111,108.027671
108.0,108,108.084905
17.0,17,108.088519
113.0,113,108.109714
103.0,103,108.129156
113.0,113,108.149828
116.0,116,108.171231
110.0,110,108.191367
113.0,113,108.212357
122.0,122,108.234809
24.0,24,108.239219
113.0,113,108.260156
108.0,108,108.27995
115.0,115,108.30111
113.0,113,108.321725
107.0,107,108.341496
104.0,104,108.360536
114.0,114,108.381596
104.0,104,108.400588
19.0,19,108.403776
114.0,114,108.4251
108.0,108,108.482458
132.0,132,108.508038
21.0,21,108.511981
112.0,112,108.533133
127.0,127,108.556951
106.0,106,108.576315
113.0,113,108.597605
114.0,114,108.618274
117.0,117,108.639694
116.0,116,108.660956
106.0,106,108.680815
107.0,107,108.700646
114.0,114,108.721673
98.0,98,108.740014
117.0,117,108.761854
112.0,112,108.782604
105.0,105,108.801772
112.0,112,108.822381
109.0,109,108.842467
16.0,16,108.845381
24.0,24,108.849766
144.0,144,108.919965
111.0,111,108.940971
103.0,103,108.960147
122.0,122,108.98265
23.0,23,108.987042
108.0,108,109.007212
100.0,100,109.025746
112.0,112,109.046584
107.0,107,109.066531
33.0,33,109.072549
105.0,105,109.09175
124.0,124,109.114413
108.0,108,109.134421
120.0,120,109.156484
113.0,113,109.177539
107.0,107,109.196851
115.0,115,109.218096
103.0,103,109.23714
110.0,110,109.257071
105.0,105,109.305711
112.0,112,109.326931
99.0,99,109.344887
101.0,101,109.363882
104.0,104,109.383206
107.0,107,109.402586
119.0,119,109.424322
116.0,116,109.445634
107.0,107,109.465633
110.0,110,109.48589
104.0,104,109.506754
127.0,127,109.53128
104.0,104,109.550542
110.0,110,109.571104
113.0,113,109.591881
114.0,114,109.612436
107.0,107,109.632176
107.0,107,109.652167
109.0,109,109.704183
28.0,28,109.709978
108.0,108,109.730654
101.0,101,109.749981
110.0,110,109.770728
117.0,117,109.792194
112.0,112,109.81291
22.0,22,109.817204
108.0,108,109.837044
110.0,110,109.857102
99.0,99,109.875364
105.0,105,109.895126
109.0,109,109.920073
108.0,108,109.939953
105.0,105,109.960243
20.0,20,109.964175
110.0,110,109.98557
105.0,105,110.005215
105.0,105,110.024973
105.0,105,110.044322
101.0,101,110.06314
25.0,25,110.067716
104.0,104,110.121353
105.0,105,110.141703
115.0,115,110.162883
121.0,121,110.185832
115.0,115,110.206875
96.0,96,110.224882
117.0,117,110.246834
110.0,110,110.266903
113.0,113,110.287664
110.0,110,110.308085
106.0,106,110.327441
112.0,112,110.348093
22.0,22,110.352308
109.0,109,110.372156
106.0,106,110.391844
115.0,115,110.412556
110.0,110,110.432824
103.0,103,110.451777
19.0,19,110.454998
113.0,113,110.476077
108.0,108,110.532749
111.0,111,110.553279
111.0,111,110.574097
103.0,103,110.593288
117.0,117,110.614895
104.0,104,110.634241
16.0,16,110.637096
107.0,107,110.656787
22.0,22,110.660704
110.0,110,110.681197
27.0,27,110.686341
117.0,117,110.707887
102.0,102,110.726466
19.0,19,110.730101
106.0,106,110.749952
114.0,114,110.770685
24.0,24,110.774994
108.0,108,110.794883
116.0,116,110.816076
103.0,103,110.835214
100.0,100,110.853685
18.0,18,110.856838
108.0,108,110.876598
117.0,117,110.933746
108.0,108,110.954072
106.0,106,110.974072
22.0,22,110.978443
106.0,106,110.99787
102.0,102,111.017007
105.0,105,111.036496
105.0,105,111.055833
112.0,112,111.076401
161.0,161,111.106311
103.0,103,111.125383
105.0,105,111.14463
111.0,111,111.165289
102.0,102,111.184253
104.0,104,111.203447
103.0,103,111.2221
114.0,114,111.243366
104.0,104,111.262547
99.0,99,111.280877
109.0,109,111.33485
121.0,121,111.359102
103.0,103,111.378431
15.0,15,111.381337
18.0,18,111.384539
23.0,23,111.389049
19.0,19,111.392753
107.0,107,111.412046
108.0,108,111.432035
109.0,109,111.452351
109.0,109,111.472143
112.0,112,111.493348
107.0,107,111.513357
108.0,108,111.533166
104.0,104,111.552303
110.0,110,111.572332
111.0,111,111.593008
13.0,13,111.595244
109.0,109,111.615037
104.0,104,111.634115
107.0,107,111.653788
24.0,24,111.658244
28.0,28,111.663395
114.0,114,111.68459
121.0,121,111.74192
26.0,26,111.746716
113.0,113,111.768395
114.0,114,111.789184
108.0,108,111.809091
111.0,111,111.829755
113.0,113,111.851173
113.0,113,111.872801
109.0,109,111.893328
105.0,105,111.912778
102.0,102,111.931207
104.0,104,111.950304
108.0,108,111.970261
103.0,103,111.989495
112.0,112,112.010098
113.0,113,112.030656
105.0,105,112.050377
19.0,19,112.0536
113.0,113,112.074689
111.0,111,112.094691
24.0,24,112.099075
108.0,108,112.154592
107.0,107,112.174867
46.0,46,112.183629
109.0,109,112.203714
112.0,112,112.224304
103.0,103,112.243438
107.0,107,112.262861
108.0,108,112.282728
100.0,100,112.301855
23.0,23,112.306282
109.0,109,112.32634
107.0,107,112.346401
101.0,101,112.3647
109.0,109,112.385009
114.0,114,112.405911
114.0,114,112.427099
17.0,17,112.430138
102.0,102,112.448775
16.0,16,112.451737
102.0,102,112.470771
101.0,101,112.489413
105.0,105,112.508721
140.0,140,112.57659
99.0,99,112.597219
103.0,103,112.618112
114.0,114,112.640975
111.0,111,112.674749
108.0,108,112.706331
109.0,109,112.735257
21.0,21,112.740072
102.0,102,112.75991
107.0,107,112.781744
107.0,107,112.803782
109.0,109,112.826495
110.0,110,112.849052
104.0,104,112.871839
109.0,109,112.895256
115.0,115,112.926966
102.0,102,112.959186
107.0,107,112.991058
18.0,18,112.996276
110.0,110,113.02179
104.0,104,113.084631
110.0,110,113.108606
17.0,17,113.112582
107.0,107,113.136516
105.0,105,113.159757
24.0,24,113.164977
104.0,104,113.188895
102.0,102,113.21279
109.0,109,113.238012
116.0,116,113.265172
112.0,112,113.287578
107.0,107,113.307865
18.0,18,113.311023
106.0,106,113.331138
116.0,116,113.352781
23.0,23,113.357196
103.0,103,113.37616
107.0,107,113.396347
19.0,19,113.399921
113.0,113,113.420771
105.0,105,113.440073
109.0,109,113.460596
110.0,110,113.513896
107.0,107,113.535297
109.0,109,113.555694
99.0,99,113.574071
104.0,104,113.593235
116.0,116,113.614662
103.0,103,113.633572
100.0,100,113.652069
112.0,112,113.672801
98.0,98,113.690671
100.0,100,113.709166
30.0,30,113.714997
104.0,104,113.734201
109.0,109,113.754243
100.0,100,113.772455
106.0,106,113.791495
112.0,112,113.811941
107.0,107,113.831876
105.0,105,113.850924
109.0,109,113.87133
108.0,108,113.925966
13.0,13,113.928297
109.0,109,113.948697
26.0,26,113.953752
100.0,100,113.972486
19.0,19,113.975869
106.0,106,113.996058
110.0,110,114.016081
101.0,101,114.034872
23.0,23,114.038817
112.0,112,114.059341
103.0,103,114.078734
105.0,105,114.09816
101.0,101,114.117149
30.0,30,114.122508
107.0,107,114.142462
105.0,105,114.161599
107.0,107,114.18114
112.0,112,114.201722
30.0,30,114.207135
102.0,102,114.22614
97.0,97,114.243708
102.0,102,114.262713
16.0,16,114.265667
102.0,102,114.317008
25.0,25,114.322114
104.0,104,114.342447
116.0,116,114.363956
19.0,19,114.367626
16.0,16,114.370642
23.0,23,114.375006
109.0,109,114.395222
104.0,104,114.414397
104.0,104,114.433576
106.0,106,114.453528
110.0,110,114.476135
115.0,115,114.499762
107.0,107,114.522482
100.0,100,114.544073
100.0,100,114.564247
120.0,120,114.588867
105.0,105,114.610423
119.0,119,114.654987
106.0,106,114.6841
107.0,107,114.70571
109.0,109,114.728687
28.0,28,114.734954
109.0,109,114.795219
105.0,105,114.819829
32.0,32,114.827937
112.0,112,114.852556
112.0,112,114.877333
108.0,108,114.900267
111.0,111,114.924578
26.0,26,114.930796
109.0,109,114.955898
110.0,110,114.980472
18.0,18,114.984734
16.0,16,114.988325
105.0,105,115.01152
105.0,105,115.034327
110.0,110,115.067489
101.0,101,115.101207
22.0,22,115.109773
101.0,101,115.1368
99.0,99,115.162068
111.0,111,115.18847
107.0,107,115.209237
26.0,26,115.214473
23.0,23,115.218943
22.0,22,115.22297
112.0,112,115.244134
111.0,111,115.294474
100.0,100,115.313433
109.0,109,115.333627
107.0,107,115.354075
102.0,102,115.372683
109.0,109,115.39313
101.0,101,115.411596
99.0,99,115.429986
105.0,105,115.449257
104.0,104,115.468532
115.0,115,115.489602
111.0,111,115.509758
104.0,104,115.528762
109.0,109,115.549174
19.0,19,115.552383
110.0,110,115.572719
103.0,103,115.591697
109.0,109,115.611656
108.0,108,115.631619
104.0,104,115.684939
103.0,103,115.705586
109.0,109,115.726106
107.0,107,115.746108
113.0,113,115.766997
104.0,104,115.786225
110.0,110,115.806271
104.0,104,115.825345
104.0,104,115.845052
106.0,106,115.864924
112.0,112,115.885646
105.0,105,115.904775
105.0,105,115.92408
101.0,101,115.942946
17.0,17,115.946
108.0,108,115.965834
105.0,105,115.98523
118.0,118,116.007236
23.0,23,116.011148
33.0,33,116.017444
112.0,112,116.038076
110.0,110,116.091637
118.0,118,116.114662
105.0,105,116.134326
110.0,110,116.154514
105.0,105,116.174232
34.0,34,116.180341
104.0,104,116.199751
106.0,106,116.21959
108.0,108,116.239601
103.0,103,116.258388
99.0,99,116.276788
100.0,100,116.295329
27.0,27,116.300467
15.0,15,116.303335
113.0,113,116.324111
113.0,113,116.344813
25.0,25,116.34929
104.0,104,116.368383
19.0,19,116.37195
99.0,99,116.390269
100.0,100,116.408816
104.0,104,116.427918
98.0,98,116.445984
116.0,116,116.500953
108.0,108,116.521624
105.0,105,116.541614
102.0,102,116.560328
100.0,100,116.579064
24.0,24,116.583513
99.0,99,116.60198
106.0,106,116.62119
103.0,103,116.640521
106.0,106,116.660247
110.0,110,116.680404
102.0,102,116.699175
106.0,106,116.71861
111.0,111,116.739668
109.0,109,116.759609
111.0,111,116.78037
103.0,103,116.799862
107.0,107,116.8194
101.0,101,116.838289
106.0,106,116.857668
102.0,102,116.906196
115.0,115,116.927634
29.0,29,116.933367
37.0,37,116.940147
101.0,101,116.958952
108.0,108,116.978814
106.0,106,116.998459
106.0,106,117.017938
113.0,113,117.038772
113.0,113,117.060094
131.0,131,117.083959
104.0,104,117.103196
111.0,111,117.123872
21.0,21,117.12754
107.0,107,117.147576
103.0,103,117.166578
103.0,103,117.185602
109.0,109,117.205926
109.0,109,117.226005
100.0,100,117.244378
105.0,105,117.263766
108.0,108,117.317866
24.0,24,117.322624
103.0,103,117.342467
106.0,106,117.362685
20.0,20,117.366362
101.0,101,117.384894
32.0,32,117.390823
106.0,106,117.410217
110.0,110,117.430936
98.0,98,117.448739
112.0,112,117.46962
102.0,102,117.488689
103.0,103,117.507878
23.0,23,117.511788
110.0,110,117.532412
108.0,108,117.552484
24.0,24,117.556868
108.0,108,117.576769
105.0,105,117.59591
29.0,29,117.601152
106.0,106,117.621024
113.0,113,117.641819
19.0,19,117.645489
101.0,101,117.664035
113.0,113,117.719985
111.0,111,117.7434
25.0,25,117.748114
106.0,106,117.769687
109.0,109,117.792333
102.0,102,117.813227
103.0,103,117.83413
113.0,113,117.857796
109.0,109,117.879498
109.0,109,117.901968
111.0,111,117.924095
119.0,119,117.949752
25.0,25,117.954829
100.0,100,117.975403
107.0,107,117.998082
100.0,100,118.018864
117.0,117,118.057087
107.0,107,118.091759
102.0,102,118.119602
109.0,109,118.143338
24.0,24,118.148317
105.0,105,118.211339
113.0,113,118.235424
108.0,108,118.259901
112.0,112,118.283711
109.0,109,118.307064
91.0,91,118.32682
108.0,108,118.350568
113.0,113,118.375369
99.0,99,118.427225
108.0,108,118.448229
104.0,104,118.468085
106.0,106,118.487797
116.0,116,118.509507
97.0,97,118.527975
107.0,107,118.547589
24.0,24,118.552156
103.0,103,118.571221
114.0,114,118.592503
96.0,96,118.610281
105.0,105,118.663483
102.0,102,118.683227
106.0,106,118.703212
112.0,112,118.724217
112.0,112,118.744913
107.0,107,118.76498
116.0,116,118.786193
106.0,106,118.80554
108.0,108,118.825565
114.0,114,118.847072
98.0,98,118.865012
139.0,139,118.890955
107.0,107,118.910866
97.0,97,118.928883
103.0,103,118.947993
106.0,106,118.967395
101.0,101,118.985922
108.0,108,119.00575
143.0,143,119.065018
105.0,105,119.084912
106.0,106,119.105319
103.0,103,119.124589
28.0,28,119.129657
102.0,102,119.148215
106.0,106,119.168173
108.0,108,119.188107
104.0,104,119.207461
132.0,132,119.231997
107.0,107,119.251406
102.0,102,119.270535
116.0,116,119.2921
100.0,100,119.310504
103.0,103,119.329627
106.0,106,119.349093
108.0,108,119.369031
26.0,26,119.37404
127.0,127,119.397168
31.0,31,119.403017
101.0,101,119.421428
105.0,105,119.475282
23.0,23,119.479586
112.0,112,119.501963
114.0,114,119.524714
108.0,108,119.545515
104.0,104,119.564955
102.0,102,119.583582
109.0,109,119.603984
99.0,99,119.621769
113.0,113,119.64305
136.0,136,119.668374
103.0,103,119.687231
104.0,104,119.706332
99.0,99,119.724813
23.0,23,119.729183
95.0,95,119.746709
103.0,103,119.765556
118.0,118,119.78775
112.0,112,119.808459
110.0,110,119.828611
106.0,106,119.883534
165.0,165,119.91592
103.0,103,119.935197
101.0,101,119.954099
112.0,112,119.974717
116.0,116,119.996305
29.0,29,120.001539
111.0,111,120.022161
102.0,102,120.041139
27.0,27,120.04582
105.0,105,120.065655
101.0,101,120.084244
99.0,99,120.102583
113.0,113,120.123293
140.0,140,120.148951
104.0,104,120.168149
110.0,110,120.188489
113.0,113,120.20994
101.0,101,120.22853
105.0,105,120.24786
109.0,109,120.306228
99.0,99,120.324998
110.0,110,120.345909
15.0,15,120.348314
107.0,107,120.367976
101.0,101,120.386703
107.0,107,120.406637
103.0,103,120.425586
108.0,108,120.445344
109.0,109,120.465435
107.0,107,120.48559
117.0,117,120.506938
120.0,120,120.528893
107.0,107,120.548853
110.0,110,120.570888
106.0,106,120.590747
109.0,109,120.610874
108.0,108,120.630832
112.0,112,120.651508
109.0,109,120.708629
106.0,106,120.729228
109.0,109,120.749249
123.0,123,120.772134
118.0,118,120.793523
110.0,110,120.814006
123.0,123,120.836886
103.0,103,120.85554
114.0,114,120.877716
147.0,147,120.904864
105.0,105,120.924116
99.0,99,120.942392
101.0,101,120.960764
98.0,98,120.978456
104.0,104,120.997484
111.0,111,121.018098
106.0,106,121.037862
112.0,112,121.058288
100.0,100,121.109916
27.0,27,121.11469
117.0,117,121.136973
116.0,116,121.158333
102.0,102,121.176808
104.0,104,121.195705
106.0,106,121.215388
146.0,146,121.241868
106.0,106,121.261644
105.0,105,121.280944
107.0,107,121.300587
99.0,99,121.31838
116.0,116,121.339504
117.0,117,121.361271
109.0,109,121.381262
106.0,106,121.400537
106.0,106,121.420042
149.0,149,121.4473
116.0,116,121.495879
19.0,19,121.499769
109.0,109,121.520954
108.0,108,121.541268
104.0,104,121.560526
100.0,100,121.578827
20.0,20,121.582528
100.0,100,121.601002
108.0,108,121.620956
100.0,100,121.639379
133.0,133,121.663551
111.0,111,121.684311
104.0,104,121.703605
21.0,21,121.707388
101.0,101,121.726375
106.0,106,121.745648
100.0,100,121.763758
43.0,43,121.771785
110.0,110,121.791863
107.0,107,121.811769
22.0,22,121.815955
100.0,100,121.834426
105.0,105,121.853622
106.0,106,121.907421
103.0,103,121.927116
134.0,134,121.952137
113.0,113,121.972756
111.0,111,121.993134
114.0,114,122.013988
106.0,106,122.033589
107.0,107,122.052912
122.0,122,122.075308
117.0,117,122.096819
117.0,117,122.118427
123.0,123,122.14096
104.0,104,122.160006
114.0,114,122.181315
105.0,105,122.200549
104.0,104,122.219587
111.0,111,122.2399
166.0,166,122.303358
99.0,99,122.322931
121.0,121,122.345292
104.0,104,122.364544
101.0,101,122.382833
124.0,124,122.405919
98.0,98,122.424081
123.0,123,122.446852
107.0,107,122.466122
119.0,119,122.488029
117.0,117,122.509635
120.0,120,122.531663
105.0,105,122.551188
106.0,106,122.570407
48.0,48,122.579059
106.0,106,122.598682
143.0,143,122.624498
175.0,175,122.656637
172.0,172,122.722636
112.0,112,122.743257
122.0,122,122.766157
104.0,104,122.785357
132.0,132,122.809439
108.0,108,122.829235
112.0,112,122.849782
165.0,165,122.880113
114.0,114,122.900911
118.0,118,122.922868
131.0,131,122.946903
112.0,112,122.967317
116.0,116,122.988486
25.0,25,122.992983
117.0,117,123.014149
112.0,112,123.034715
139.0,139,123.060086
109.0,109,123.12148
136.0,136,123.146823
124.0,124,123.169705
115.0,115,123.191072
117.0,117,123.212377
103.0,103,123.231213
35.0,35,123.237732
106.0,106,123.256963
106.0,106,123.276928
134.0,134,123.302004
113.0,113,123.322995
116.0,116,123.344181
109.0,109,123.364786
159.0,159,123.394087
106.0,106,123.413785
121.0,121,123.435788
128.0,128,123.459226
108.0,108,123.479013
108.0,108,123.533638
104.0,104,123.553221
101.0,101,123.57193
118.0,118,123.593689
110.0,110,123.613639
116.0,116,123.63492
104.0,104,123.65546
109.0,109,123.677269
134.0,134,123.704949
117.0,117,123.729341
127.0,127,123.754118
110.0,110,123.779665
117.0,117,123.825197
106.0,106,123.854192
152.0,152,123.885094
140.0,140,123.91443
111.0,111,123.937795
105.0,105,123.998117
110.0,110,124.023709
165.0,165,124.061061
107.0,107,124.084257
106.0,106,124.106082
148.0,148,124.149731
99.0,99,124.182834
39.0,39,124.194497
104.0,104,124.22361
105.0,105,124.245157
169.0,169,124.284363
141.0,141,124.318995
157.0,157,124.35488
157.0,157,124.387899
106.0,106,124.408326
102.0,102,124.42739
114.0,114,124.486106
163.0,163,124.518647
157.0,157,124.549656
101.0,101,124.568259
161.0,161,124.598056
140.0,140,124.623758
115.0,115,124.645007
122.0,122,124.667304
116.0,116,124.688521
158.0,158,124.717835
101.0,101,124.736307
121.0,121,124.758531
122.0,122,124.781079
113.0,113,124.8018
112.0,112,124.822449
114.0,114,124.843555
103.0,103,124.911059
134.0,134,124.937314
151.0,151,124.965804
107.0,107,124.98542
139.0,139,125.011171
106.0,106,125.031006
128.0,128,125.054528
44.0,44,125.062756
138.0,138,125.088114
188.0,188,125.122856
120.0,120,125.144956
115.0,115,125.166221
168.0,168,125.197147
147.0,147,125.224267
83.0,83,125.239213
158.0,158,125.268452
124.0,124,125.325202
108.0,108,125.346171
110.0,110,125.366724
200.0,200,125.403275
26.0,26,125.408248
109.0,109,125.428381
105.0,105,125.447722
184.0,184,125.484727
128.0,128,125.511251
119.0,119,125.533166
104.0,104,125.552659
138.0,138,125.578433
101.0,101,125.596631
102.0,102,125.615141
151.0,151,125.642708
131.0,131,125.66673
134.0,134,125.747823
164.0,164,125.778789
135.0,135,125.804571
115.0,115,125.828849
119.0,119,125.853247
113.0,113,125.87584
135.0,135,125.903415
137.0,137,125.931171
146.0,146,125.960792
112.0,112,125.984564
159.0,159,126.016574
163.0,163,126.071898
111.0,111,126.100558
170.0,170,126.135875
104.0,104,126.157641
128.0,128,126.240777
152.0,152,126.274202
108.0,108,126.298138
137.0,137,126.329042
122.0,122,126.35628
194.0,194,126.397836
111.0,111,126.422136
145.0,145,126.455002
110.0,110,126.48935
152.0,152,126.530691
123.0,123,126.554019
105.0,105,126.573788
127.0,127,126.597387
138.0,138,126.622707
118.0,118,126.644559
106.0,106,126.663852
136.0,136,126.724839
111.0,111,126.745512
104.0,104,126.764946
113.0,113,126.785794
107.0,107,126.805853
108.0,108,126.825806
161.0,161,126.855454
23.0,23,126.859901
106.0,106,126.879168
102.0,102,126.898171
109.0,109,126.917972
100.0,100,126.936484
111.0,111,126.957147
159.0,159,126.98664
113.0,113,127.007031
115.0,115,127.028482
110.0,110,127.048555
104.0,104,127.067676
96.0,96,127.123688
108.0,108,127.143961
116.0,116,127.165233
175.0,175,127.197908
109.0,109,127.217901
111.0,111,127.238275
172.0,172,127.270157
103.0,103,127.289297
106.0,106,127.308667
102.0,102,127.327691
134.0,134,127.352299
122.0,122,127.375177
34.0,34,127.381226
105.0,105,127.400299
100.0,100,127.418652
140.0,140,127.444304
120.0,120,127.466121
107.0,107,127.526606
158.0,158,127.557257
117.0,117,127.578727
108.0,108,127.598803
118.0,118,127.620269
158.0,158,127.649563
110.0,110,127.669559
112.0,112,127.690247
147.0,147,127.71747
114.0,114,127.738628
148.0,148,127.765694
142.0,142,127.791643
12.0,12,127.793838
147.0,147,127.820867
108.0,108,127.840889
145.0,145,127.867169
47.0,47,127.875812
111.0,111,127.949123
111.0,111,127.969881
148.0,148,127.997656
145.0,145,128.024545
198.0,198,128.060631
126.0,126,128.08374
146.0,146,128.11
161.0,161,128.139464
175.0,175,128.171681
138.0,138,128.19719
145.0,145,128.223727
103.0,103,128.242735
166.0,166,128.273008
110.0,110,128.293135
23.0,23,128.29702
131.0,131,128.354606
104.0,104,128.374201
33.0,33,128.380137
145.0,145,128.407249
160.0,160,128.436277
155.0,155,128.464632
111.0,111,128.485078
131.0,131,128.50938
106.0,106,128.528789
132.0,132,128.55298
105.0,105,128.57268
115.0,115,128.593282
101.0,101,128.611944
162.0,162,128.641484
117.0,117,128.662785
99.0,99,128.681083
100.0,100,128.699446
126.0,126,128.75762
98.0,98,128.775836
126.0,126,128.799291
144.0,144,128.825749
127.0,127,128.848662
114.0,114,128.869588
153.0,153,128.897479
121.0,121,128.919534
104.0,104,128.938757
129.0,129,128.962634
171.0,171,128.993321
106.0,106,129.013029
164.0,164,129.043021
146.0,146,129.069399
152.0,152,129.097261
101.0,101,129.163024
130.0,130,129.188297
193.0,193,129.224498
172.0,172,129.256111
107.0,107,129.27597
128.0,128,129.299559
149.0,149,129.326711
116.0,116,129.348005
115.0,115,129.3691
129.0,129,129.392538
150.0,150,129.420312
117.0,117,129.441564
171.0,171,129.472801
148.0,148,129.5
150.0,150,129.529157
109.0,109,129.598816
136.0,136,129.636664
166.0,166,129.6923
103.0,103,129.716105
152.0,152,129.75315
161.0,161,129.790812
167.0,167,129.827009
138.0,138,129.857443
161.0,161,129.891764
119.0,119,129.919338
106.0,106,129.943731
167.0,167,129.980642
102.0,102,130.002904
171.0,171,130.051301
37.0,37,130.064444
125.0,125,130.141651
165.0,165,130.178617
143.0,143,130.21034
119.0,119,130.237999
145.0,145,130.272763
137.0,137,130.304501
191.0,191,130.349424
120.0,120,130.37704
133.0,133,130.408796
104.0,104,130.43342
145.0,145,130.465718
103.0,103,130.488368
105.0,105,130.508552
138.0,138,130.53416
119.0,119,130.55637
107.0,107,130.611327
84.0,84,130.626779
174.0,174,130.658936
27.0,27,130.664025
111.0,111,130.684833
125.0,125,130.707767
142.0,142,130.734309
167.0,167,130.764756
165.0,165,130.795586
121.0,121,130.817768
113.0,113,130.838393
115.0,115,130.859453
133.0,133,130.88404
19.0,19,130.887561
121.0,121,130.909755
147.0,147,130.936749
146.0,146,130.963227
102.0,102,131.019107
123.0,123,131.042941
158.0,158,131.072473
144.0,144,131.10024
120.0,120,131.122368
154.0,154,131.15105
143.0,143,131.177028
119.0,119,131.199317
182.0,182,131.233136
130.0,130,131.257041
145.0,145,131.284441
136.0,136,131.311113
139.0,139,131.337001
143.0,143,131.363451
134.0,134,131.427138
137.0,137,131.453271
133.0,133,131.477609
127.0,127,131.501104
123.0,123,131.523179
129.0,129,131.547347
175.0,175,131.579409
125.0,125,131.602727
120.0,120,131.62469
115.0,115,131.645602
143.0,143,131.671792
121.0,121,131.693814
126.0,126,131.716947
115.0,115,131.739269
170.0,170,131.770814
148.0,148,131.834702
186.0,186,131.869704
133.0,133,131.894324
114.0,114,131.915252
110.0,110,131.935682
154.0,154,131.963802
173.0,173,131.99617
131.0,131,132.020472
115.0,115,132.041472
157.0,157,132.070073
116.0,116,132.091505
157.0,157,132.120598
133.0,133,132.144741
139.0,139,132.170309
124.0,124,132.231315
153.0,153,132.261225
171.0,171,132.293243
162.0,162,132.322777
112.0,112,132.343076
120.0,120,132.365128
177.0,177,132.397457
116.0,116,132.418519
161.0,161,132.448546
128.0,128,132.472163
138.0,138,132.497321
127.0,127,132.520791
194.0,194,132.556147
130.0,130,132.580248
117.0,117,132.649271
150.0,150,132.678092
132.0,132,132.70251
163.0,163,132.732452
158.0,158,132.761813
123.0,123,132.784556
135.0,135,132.808858
134.0,134,132.833835
135.0,135,132.85856
167.0,167,132.888961
135.0,135,132.913727
143.0,143,132.940151
202.0,202,132.977104
127.0,127,133.000451
136.0,136,133.070588
126.0,126,133.094259
195.0,195,133.130031
118.0,118,133.151959
131.0,131,133.176275
138.0,138,133.201304
159.0,159,133.230713
147.0,147,133.257849
129.0,129,133.281383
111.0,111,133.30187
137.0,137,133.326718
135.0,135,133.351535
144.0,144,133.37782
136.0,136,133.402739
147.0,147,133.472344
225.0,225,133.515558
149.0,149,133.54299
37.0,37,133.549625
189.0,189,133.584235
113.0,113,133.605157
108.0,108,133.624993
153.0,153,133.653088
128.0,128,133.676608
170.0,170,133.707559
107.0,107,133.727305
125.0,125,133.749985
164.0,164,133.780017
175.0,175,133.812118
130.0,130,133.836133
156.0,156,133.905833
146.0,146,133.932813
121.0,121,133.955123
173.0,173,133.986883
177.0,177,134.019079
119.0,119,134.040951
118.0,118,134.062741
231.0,231,134.10538
179.0,179,134.138234
200.0,200,134.174763
118.0,118,134.196155
128.0,128,134.219775
130.0,130,134.243726
168.0,168,134.318134
132.0,132,134.342815
130.0,130,134.366518
131.0,131,134.390636
105.0,105,134.410186
220.0,220,134.450325
181.0,181,134.483454
161.0,161,134.515169
202.0,202,134.553616
159.0,159,134.583001
160.0,160,134.612207
141.0,141,134.638106
103.0,103,134.656997
179.0,179,134.757536
187.0,187,134.792075
156.0,156,134.820879
233.0,233,134.864421
130.0,130,134.888435
178.0,178,134.924603
127.0,127,134.950285
129.0,129,134.977495
99.0,99,134.997192
241.0,241,135.069789
104.0,104,135.099698
141.0,141,135.127575
148.0,148,135.206733
131.0,131,135.236863
179.0,179,135.274736
131.0,131,135.30383
143.0,143,135.336952
139.0,139,135.385834
202.0,202,135.442309
235.0,235,135.494568
152.0,152,135.526988
129.0,129,135.556925
125.0,125,135.584218
141.0,141,135.617223
135.0,135,135.649191
157.0,157,135.718758
114.0,114,135.740747
145.0,145,135.767976
143.0,143,135.794507
241.0,241,135.838761
128.0,128,135.862522
149.0,149,135.890494
132.0,132,135.914862
145.0,145,135.941521
180.0,180,135.974652
134.0,134,135.999084
165.0,165,136.029487
139.0,139,136.054793
159.0,159,136.122945
127.0,127,136.147828
139.0,139,136.174414
123.0,123,136.196786
149.0,149,136.224884
117.0,117,136.246538
141.0,141,136.272452
129.0,129,136.296117
122.0,122,136.318993
119.0,119,136.340806
131.0,131,136.364338
154.0,154,136.393019
121.0,121,136.415107
143.0,143,136.441321
123.0,123,136.464177
116.0,116,136.485412
137.0,137,136.540968
125.0,125,136.56447
181.0,181,136.597791
159.0,159,136.62715
136.0,136,136.652204
135.0,135,136.676999
128.0,128,136.700439
153.0,153,136.728517
132.0,132,136.752535
132.0,132,136.776602
108.0,108,136.79681
200.0,200,136.834156
146.0,146,136.86138
123.0,123,136.883642
109.0,109,136.939853
108.0,108,136.960071
141.0,141,136.986467
172.0,172,137.018347
123.0,123,137.041193
109.0,109,137.061164
139.0,139,137.087384
146.0,146,137.113881
168.0,168,137.145007
123.0,123,137.167748
148.0,148,137.194838
121.0,121,137.217031
121.0,121,137.239234
146.0,146,137.266293
51.0,51,137.275589
157.0,157,137.36338
135.0,135,137.390955
107.0,107,137.413715
29.0,29,137.419911
100.0,100,137.439795
141.0,141,137.468897
115.0,115,137.491779
100.0,100,137.513813
133.0,133,137.564383
104.0,104,137.594271
109.0,109,137.617477
96.0,96,137.637559
204.0,204,137.680329
100.0,100,137.70227
104.0,104,137.725606
163.0,163,137.762298
109.0,109,137.785902
140.0,140,137.87444
100.0,100,137.897098
168.0,168,137.934345
157.0,157,137.972451
110.0,110,138.016024
108.0,108,138.050788
110.0,110,138.112768
103.0,103,138.132439
195.0,195,138.169074
105.0,105,138.188557
105.0,105,138.20796
144.0,144,138.234708
191.0,191,138.27002
129.0,129,138.293446
109.0,109,138.313799
149.0,149,138.393124
152.0,152,138.422552
111.0,111,138.443226
109.0,109,138.463276
143.0,143,138.489863
121.0,121,138.511895
135.0,135,138.536898
104.0,104,138.555681
180.0,180,138.588587
161.0,161,138.617798
20.0,20,138.621592
16.0,16,138.624597
111.0,111,138.64519
166.0,166,138.675279
181.0,181,138.708499
120.0,120,138.730516
159.0,159,138.760209
100.0,100,138.816891
133.0,133,138.841979
108.0,108,138.861832
164.0,164,138.892199
155.0,155,138.920802
161.0,161,138.950125
149.0,149,138.978016
110.0,110,138.99825
169.0,169,139.029448
29.0,29,139.035151
197.0,197,139.07131
204.0,204,139.108766
109.0,109,139.128639
109.0,109,139.14858
118.0,118,139.216579
173.0,173,139.249917
126.0,126,139.273499
112.0,112,139.294152
180.0,180,139.327382
127.0,127,139.350303
147.0,147,139.377553
150.0,150,139.405654
139.0,139,139.430719
108.0,108,139.450444
126.0,126,139.473653
125.0,125,139.496417
140.0,140,139.523474
151.0,151,139.553323
145.0,145,139.580031
150.0,150,139.657422
128.0,128,139.681408
152.0,152,139.709497
28.0,28,139.714535
120.0,120,139.737011
96.0,96,139.754676
160.0,160,139.784097
122.0,122,139.806377
126.0,126,139.829913
119.0,119,139.851524
173.0,173,139.883712
129.0,129,139.907194
109.0,109,139.927178
157.0,157,139.956017
121.0,121,139.978599
117.0,117,140.000087
143.0,143,140.072022
117.0,117,140.093676
104.0,104,140.112809
157.0,157,140.141733
196.0,196,140.178119
136.0,136,140.203138
125.0,125,140.22592
138.0,138,140.251676
149.0,149,140.278943
117.0,117,140.300205
107.0,107,140.31985
169.0,169,140.35063
170.0,170,140.38205
163.0,163,140.412205
151.0,151,140.492428
104.0,104,140.511924
123.0,123,140.534717
111.0,111,140.555198
151.0,151,140.5831
174.0,174,140.614796
137.0,137,140.639868
175.0,175,140.672355
153.0,153,140.700493
106.0,106,140.719924
153.0,153,140.747911
185.0,185,140.781921
125.0,125,140.805181
139.0,139,140.830684
139.0,139,140.909979
199.0,199,140.947914
247.0,247,140.993707
189.0,189,141.028565
137.0,137,141.053405
161.0,161,141.082785
203.0,203,141.12007
91.0,91,141.136931
107.0,107,141.156705
134.0,134,141.18115
205.0,205,141.218646
123.0,123,141.241539
125.0,125,141.301729
150.0,150,141.330837
141.0,141,141.357513
153.0,153,141.388456
103.0,103,141.409275
85.0,85,141.42605
206.0,206,141.468179
141.0,141,141.498109
167.0,167,141.533103
223.0,223,141.57834
132.0,132,141.606177
106.0,106,141.628278
129.0,129,141.655893
165.0,165,141.700065
155.0,155,141.790096
134.0,134,141.818852
149.0,149,141.850594
141.0,141,141.881225
173.0,173,141.920446
141.0,141,141.951318
151.0,151,141.98414
123.0,123,142.010165
122.0,122,142.036437
143.0,143,142.067195
131.0,131,142.091914
127.0,127,142.11618
133.0,133,142.140779
112.0,112,142.161778
121.0,121,142.184644
116.0,116,142.244906
132.0,132,142.269863
114.0,114,142.291058
139.0,139,142.316987
151.0,151,142.344814
117.0,117,142.36616
119.0,119,142.387958
153.0,153,142.416187
111.0,111,142.436813
142.0,142,142.463536
122.0,122,142.488116
137.0,137,142.513665
115.0,115,142.535227
105.0,105,142.554326
121.0,121,142.576604
135.0,135,142.601716
131.0,131,142.661928
123.0,123,142.684642
144.0,144,142.711548
121.0,121,142.734591
113.0,113,142.755606
115.0,115,142.776616
133.0,133,142.800822
133.0,133,142.825417
135.0,135,142.850335
129.0,129,142.873974
147.0,147,142.901065
127.0,127,142.924673
133.0,133,142.949014
129.0,129,142.972443
158.0,158,143.001657
125.0,125,143.06922
126.0,126,143.092583
132.0,132,143.117132
169.0,169,143.148548
133.0,133,143.172976
150.0,150,143.200369
127.0,127,143.223881
134.0,134,143.248913
139.0,139,143.27409
149.0,149,143.30158
147.0,147,143.328677
125.0,125,143.351958
155.0,155,143.380216
171.0,171,143.411835
152.0,152,143.481678
144.0,144,143.508502
125.0,125,143.531769
127.0,127,143.555495
122.0,122,143.578468
113.0,113,143.599062
132.0,132,143.623356
149.0,149,143.650555
128.0,128,143.673797
153.0,153,143.701614
155.0,155,143.730009
110.0,110,143.750463
113.0,113,143.77129
150.0,150,143.79847
127.0,127,143.822036
100.0,100,143.874711
114.0,114,143.896547
117.0,117,143.917869
131.0,131,143.942142
147.0,147,143.968499
140.0,140,143.994127
126.0,126,144.017423
113.0,113,144.038005
145.0,145,144.064521
162.0,162,144.094171
147.0,147,144.121069
129.0,129,144.14463
178.0,178,144.17723
112.0,112,144.197841
129.0,129,144.221849
139.0,139,144.290279
237.0,237,144.334325
115.0,115,144.355204
175.0,175,144.387435
125.0,125,144.410231
119.0,119,144.432203
130.0,130,144.456448
195.0,195,144.491802
169.0,169,144.524332
151.0,151,144.553462
177.0,177,144.586598
214.0,214,144.625912
135.0,135,144.693734
131.0,131,144.719033
117.0,117,144.740847
149.0,149,144.768567
156.0,156,144.797513
164.0,164,144.827407
121.0,121,144.849525
113.0,113,144.87065
167.0,167,144.901102
154.0,154,144.929709
125.0,125,144.952291
165.0,165,144.982438
108.0,108,145.002142
125.0,125,145.025352
113.0,113,145.045843
120.0,120,145.120636
129.0,129,145.145205
135.0,135,145.170425
139.0,139,145.196142
135.0,135,145.220627
151.0,151,145.24847
135.0,135,145.273448
209.0,209,145.311711
161.0,161,145.341047
151.0,151,145.369126
162.0,162,145.399052
119.0,119,145.420577
155.0,155,145.449238
143.0,143,145.475688
159.0,159,145.546688
129.0,129,145.572351
127.0,127,145.59773
134.0,134,145.624352
139.0,139,145.653389
130.0,130,145.678837
137.0,137,145.720524
161.0,161,145.76853
113.0,113,145.791388
119.0,119,145.81662
139.0,139,145.845309
147.0,147,145.875999
125.0,125,145.903356
95.0,95,145.923324
138.0,138,145.955039
172.0,172,146.042865
169.0,169,146.079486
121.0,121,146.106955
114.0,114,146.14283
136.0,136,146.187387
125.0,125,146.227591
129.0,129,146.256419
123.0,123,146.284405
107.0,107,146.306206
138.0,138,146.331857
105.0,105,146.351956
118.0,118,146.373688
112.0,112,146.394678
125.0,125,146.417814
111.0,111,146.438559
156.0,156,146.50932
124.0,124,146.533329
132.0,132,146.557691
130.0,130,146.582013
115.0,115,146.602987
126.0,126,146.626287
128.0,128,146.649983
111.0,111,146.670402
125.0,125,146.693356
116.0,116,146.714579
113.0,113,146.735323
111.0,111,146.756007
109.0,109,146.77607
111.0,111,146.796509
128.0,128,146.820404
96.0,96,146.838057
110.0,110,146.857819
119.0,119,146.929793
115.0,115,146.952788
119.0,119,146.975565
114.0,114,146.996506
137.0,137,147.021826
125.0,125,147.045494
120.0,120,147.067799
128.0,128,147.091601
110.0,110,147.111583
107.0,107,147.131482
16.0,16,147.134341
106.0,106,147.153536
167.0,167,147.184475
113.0,113,147.205154
117.0,117,147.226977
121.0,121,147.249019
107.0,107,147.268793
106.0,106,147.288031
111.0,111,147.355376
103.0,103,147.377005
110.0,110,147.399313
105.0,105,147.420901
146.0,146,147.449901
133.0,133,147.476908
117.0,117,147.500112
119.0,119,147.52561
132.0,132,147.552259
123.0,123,147.576996
118.0,118,147.601731
110.0,110,147.633946
101.0,101,147.672345
109.0,109,147.700897
117.0,117,147.728071
106.0,106,147.751316
118.0,118,147.77829
119.0,119,147.844699
118.0,118,147.871606
120.0,120,147.89798
100.0,100,147.918861
131.0,131,147.94765
117.0,117,147.972619
125.0,125,148.000278
110.0,110,148.024822
121.0,121,148.047801
116.0,116,148.069375
97.0,97,148.087366
107.0,107,148.107277
101.0,101,148.125864
128.0,128,148.14958
107.0,107,148.169583
111.0,111,148.19027
118.0,118,148.212032
106.0,106,148.231813
99.0,99,148.285218
108.0,108,148.305592
114.0,114,148.326994
112.0,112,148.347668
113.0,113,148.368411
107.0,107,148.388167
109.0,109,148.408283
146.0,146,148.435372
124.0,124,148.458264
100.0,100,148.476726
124.0,124,148.499474
105.0,105,148.518998
116.0,116,148.540613
133.0,133,148.564965
140.0,140,148.590848
114.0,114,148.612271
123.0,123,148.634544
109.0,109,148.689483
110.0,110,148.710027
138.0,138,148.735546
112.0,112,148.756114
103.0,103,148.774747
110.0,110,148.795161
114.0,114,148.8158
98.0,98,148.833993
107.0,107,148.854159
115.0,115,148.875259
111.0,111,148.895748
117.0,117,148.917096
104.0,104,148.936168
100.0,100,148.954477
111.0,111,148.975118
120.0,120,148.997233
110.0,110,149.01763
112.0,112,149.03817
127.0,127,149.1072
123.0,123,149.130546
98.0,98,149.148696
117.0,117,149.170384
128.0,128,149.194048
125.0,125,149.216806
113.0,113,149.237661
119.0,119,149.259838
137.0,137,149.285119
118.0,118,149.307034
128.0,128,149.330469
98.0,98,149.348042
105.0,105,149.36757
108.0,108,149.387461
111.0,111,149.407579
109.0,109,149.427804
116.0,116,149.449206
117.0,117,149.508851
101.0,101,149.529259
114.0,114,149.55202
125.0,125,149.575454
113.0,113,149.59627
145.0,145,149.623023
119.0,119,149.644878
121.0,121,149.667326
109.0,109,149.687839
110.0,110,149.707929
115.0,115,149.728971
204.0,204,149.766413
109.0,109,149.786487
126.0,126,149.809913
121.0,121,149.832221
117.0,117,149.853478
119.0,119,149.909101
109.0,109,149.929709
117.0,117,149.95126
114.0,114,149.972582
116.0,116,149.993876
120.0,120,150.015944
123.0,123,150.038763
135.0,135,150.063435
123.0,123,150.086341
115.0,115,150.107911
132.0,132,150.132299
115.0,115,150.153478
122.0,122,150.175651
112.0,112,150.196255
113.0,113,150.216867
117.0,117,150.238448
125.0,125,150.26119
115.0,115,150.324245
98.0,98,150.342431
102.0,102,150.361876
105.0,105,150.381163
106.0,106,150.400674
115.0,115,150.422012
117.0,117,150.443429
125.0,125,150.466761
112.0,112,150.487504
111.0,111,150.507524
105.0,105,150.527145
107.0,107,150.546429
111.0,111,150.567064
123.0,123,150.589539
112.0,112,150.610139
116.0,116,150.631359
109.0,109,150.65123
146.0,146,150.678319
111.0,111,150.733783
116.0,116,150.755466
110.0,110,150.776027
113.0,113,150.796782
114.0,114,150.817924
121.0,121,150.840003
107.0,107,150.859858
123.0,123,150.881905
147.0,147,150.909002
116.0,116,150.930222
125.0,125,150.953172
111.0,111,150.97354
14.0,14,150.976335
135.0,135,151.000909
13.0,13,151.003639
116.0,116,151.02497
113.0,113,151.045416
120.0,120,151.067324
110.0,110,151.124615
107.0,107,151.145408
105.0,105,151.165319
112.0,112,151.186085
120.0,120,151.208227
122.0,122,151.231037
133.0,133,151.255238
103.0,103,151.274384
95.0,95,151.291931
125.0,125,151.314757
109.0,109,151.334683
119.0,119,151.356442
127.0,127,151.37981
118.0,118,151.401282
125.0,125,151.424108
110.0,110,151.444506
136.0,136,151.469421
132.0,132,151.535595
117.0,117,151.558065
106.0,106,151.577961
116.0,116,151.599489
124.0,124,151.622291
121.0,121,151.64445
119.0,119,151.666162
108.0,108,151.6859
108.0,108,151.705823
112.0,112,151.726322
109.0,109,151.746293
117.0,117,151.767566
125.0,125,151.79048
133.0,133,151.815034
115.0,115,151.835678
110.0,110,151.85622
138.0,138,151.881314
117.0,117,151.941566
130.0,130,151.966166
117.0,117,151.98779
120.0,120,152.009851
141.0,141,152.036353
115.0,115,152.057191
116.0,116,152.078319
129.0,129,152.102501
111.0,111,152.122617
115.0,115,152.143633
105.0,105,152.162723
102.0,102,152.181708
100.0,100,152.199987
94.0,94,152.216842
114.0,114,152.237906
118.0,118,152.259113
113.0,113,152.280148
122.0,122,152.303306
111.0,111,152.372924
111.0,111,152.409861
104.0,104,152.441145
141.0,141,152.474913
124.0,124,152.500454
115.0,115,152.523114
128.0,128,152.551468
159.0,159,152.584421
108.0,108,152.608501
104.0,104,152.631141
133.0,133,152.659288
117.0,117,152.685386
120.0,120,152.71292
110.0,110,152.736998
112.0,112,152.760489
127.0,127,152.793073
122.0,122,152.877542
122.0,122,152.904827
121.0,121,152.93115
109.0,109,152.958265
115.0,115,152.984312
121.0,121,153.012636
118.0,118,153.039519
121.0,121,153.062585
126.0,126,153.086195
111.0,111,153.106937
112.0,112,153.127589
120.0,120,153.149702
122.0,122,153.172004
106.0,106,153.191659
145.0,145,153.21834
113.0,113,153.239077
105.0,105,153.258486
120.0,120,153.320877
110.0,110,153.342858
138.0,138,153.368407
121.0,121,153.39123
107.0,107,153.410547
114.0,114,153.431852
126.0,126,153.454916
114.0,114,153.476521
117.0,117,153.497914
134.0,134,153.5228
131.0,131,153.546347
113.0,113,153.567272
121.0,121,153.589255
132.0,132,153.613234
116.0,116,153.634384
153.0,153,153.662091
118.0,118,153.683854
122.0,122,153.748935
133.0,133,153.773547
119.0,119,153.795839
113.0,113,153.81644
122.0,122,153.839083
121.0,121,153.861229
106.0,106,153.881047
100.0,100,153.899374
139.0,139,153.924776
108.0,108,153.944686
109.0,109,153.965034
121.0,121,153.987189
134.0,134,154.011728
125.0,125,154.034806
132.0,132,154.059075
151.0,151,154.086473
143.0,143,154.152006
116.0,116,154.173921
112.0,112,154.194497
116.0,116,154.215985
114.0,114,154.237214
125.0,125,154.259839
132.0,132,154.284041
151.0,151,154.311801
121.0,121,154.333881
133.0,133,154.358084
161.0,161,154.387497
205.0,205,154.425104
135.0,135,154.449477
127.0,127,154.473016
140.0,140,154.498951
124.0,124,154.566002
134.0,134,154.591737
114.0,114,154.61251
135.0,135,154.637294
128.0,128,154.661036
119.0,119,154.682986
125.0,125,154.705963
135.0,135,154.730934
128.0,128,154.754498
120.0,120,154.776611
130.0,130,154.800192
136.0,136,154.825173
136.0,136,154.850159
147.0,147,154.877175
128.0,128,154.900556
117.0,117,154.966203
133.0,133,154.991739
128.0,128,155.015591
118.0,118,155.037531
140.0,140,155.063408
147.0,147,155.090386
128.0,128,155.113938
137.0,137,155.13884
132.0,132,155.162949
126.0,126,155.18588
132.0,132,155.209958
141.0,141,155.235976
123.0,123,155.258227
104.0,104,155.277134
138.0,138,155.30254
124.0,124,155.325494
133.0,133,155.394931
141.0,141,155.421305
131.0,131,155.445636
112.0,112,155.466158
109.0,109,155.486183
130.0,130,155.510302
106.0,106,155.529452
117.0,117,155.551207
123.0,123,155.573544
118.0,118,155.595089
126.0,126,155.618093
149.0,149,155.645599
126.0,126,155.66827
122.0,122,155.690927
137.0,137,155.715805
119.0,119,155.737552
119.0,119,155.799775
128.0,128,155.823721
99.0,99,155.842099
107.0,107,155.861892
117.0,117,155.883327
125.0,125,155.90627
126.0,126,155.9296
130.0,130,155.953144
139.0,139,155.978709
117.0,117,156.000185
129.0,129,156.024257
122.0,122,156.04633
114.0,114,156.067518
134.0,134,156.091675
116.0,116,156.112936
156.0,156,156.141498
137.0,137,156.207122
109.0,109,156.22766
131.0,131,156.252966
111.0,111,156.27522
123.0,123,156.30042
117.0,117,156.323877
138.0,138,156.352514
118.0,118,156.377784
125.0,125,156.402221
120.0,120,156.427359
122.0,122,156.451613
183.0,183,156.510819
147.0,147,156.548959
161.0,161,156.583283
139.0,139,156.612635
126.0,126,156.681682
124.0,124,156.708612
112.0,112,156.733506
118.0,118,156.758904
124.0,124,156.7858
118.0,118,156.811798
133.0,133,156.841343
114.0,114,156.866869
123.0,123,156.892856
121.0,121,156.92718
159.0,159,156.980324
127.0,127,157.004486
123.0,123,157.027433
117.0,117,157.049285
122.0,122,157.07221
130.0,130,157.096133
145.0,145,157.165164
127.0,127,157.189092
135.0,135,157.214353
26.0,26,157.218997
127.0,127,157.242448
120.0,120,157.264676
143.0,143,157.290918
181.0,181,157.324083
149.0,149,157.351508
132.0,132,157.375677
125.0,125,157.399169
128.0,128,157.422559
118.0,118,157.443847
132.0,132,157.468071
178.0,178,157.500784
127.0,127,157.563305
141.0,141,157.590714
129.0,129,157.614783
114.0,114,157.635308
130.0,130,157.659232
210.0,210,157.697676
129.0,129,157.721664
110.0,110,157.741782
138.0,138,157.767266
142.0,142,157.792955
135.0,135,157.817676
165.0,165,157.847806
107.0,107,157.867685
116.0,116,157.889133
119.0,119,157.911144
143.0,143,158.008983
126.0,126,158.038667
140.0,140,158.064494
141.0,141,158.090296
134.0,134,158.115082
118.0,118,158.137027
115.0,115,158.1607
176.0,176,158.196362
131.0,131,158.223044
160.0,160,158.255445
144.0,144,158.285172
143.0,143,158.313729
135.0,135,158.341104
126.0,126,158.368176
121.0,121,158.39314
130.0,130,158.482109
133.0,133,158.519279
145.0,145,158.559795
140.0,140,158.589784
142.0,142,158.619121
134.0,134,158.650678
142.0,142,158.682843
125.0,125,158.710048
127.0,127,158.736981
156.0,156,158.773817
110.0,110,158.798254
127.0,127,158.826404
131.0,131,158.852673
198.0,198,158.89035
135.0,135,158.957642
127.0,127,158.981521
133.0,133,159.007095
123.0,123,159.029624
180.0,180,159.062893
134.0,134,159.087818
150.0,150,159.115139
141.0,141,159.141603
123.0,123,159.163888
187.0,187,159.198396
138.0,138,159.223984
136.0,136,159.248934
128.0,128,159.272409
154.0,154,159.300646
166.0,166,159.374951
129.0,129,159.399305
133.0,133,159.424098
131.0,131,159.448195
119.0,119,159.47014
122.0,122,159.492144
129.0,129,159.515783
141.0,141,159.544009
163.0,163,159.574853
137.0,137,159.600428
148.0,148,159.627389
162.0,162,159.656954
173.0,173,159.688876
213.0,213,159.728412
143.0,143,159.809049
146.0,146,159.836682
105.0,105,159.855905
147.0,147,159.883072
159.0,159,159.912466
137.0,137,159.937383
153.0,153,159.96547
139.0,139,159.991529
133.0,133,160.015926
153.0,153,160.043632
114.0,114,160.064841
137.0,137,160.089802
135.0,135,160.114556
157.0,157,160.143152
165.0,165,160.216384
166.0,166,160.247656
143.0,143,160.274082
113.0,113,160.294567
138.0,138,160.31978
131.0,131,160.343693
148.0,148,160.370548
143.0,143,160.39712
153.0,153,160.424913
114.0,114,160.445679
135.0,135,160.471021
147.0,147,160.500647
131.0,131,160.525713
147.0,147,160.552826
139.0,139,160.620131
134.0,134,160.645951
137.0,137,160.671069
125.0,125,160.69396
131.0,131,160.718145
139.0,139,160.743698
139.0,139,160.769178
161.0,161,160.798799
159.0,159,160.828262
129.0,129,160.852229
139.0,139,160.877775
140.0,140,160.903534
125.0,125,160.926049
161.0,161,160.955423
151.0,151,160.982962
139.0,139,161.053195
158.0,158,161.082359
120.0,120,161.104523
103.0,103,161.123635
117.0,117,161.145141
106.0,106,161.16464
129.0,129,161.18803
21.0,21,161.191798
134.0,134,161.21669
154.0,154,161.244711
21.0,21,161.248488
126.0,126,161.271872
133.0,133,161.296062
135.0,135,161.320948
179.0,179,161.353748
158.0,158,161.382216
136.0,136,161.452797
144.0,144,161.479998
172.0,172,161.511705
137.0,137,161.536775
100.0,100,161.55533
27.0,27,161.560292
147.0,147,161.587342
145.0,145,161.613781
23.0,23,161.61805
142.0,142,161.643807
133.0,133,161.66848
147.0,147,161.69517
131.0,131,161.719298
159.0,159,161.74836
153.0,153,161.776355
123.0,123,161.798877
145.0,145,161.869612
155.0,155,161.898583
104.0,104,161.917731
68.0,68,161.930226
108.0,108,161.94996
73.0,73,161.963194
153.0,153,161.990658
167.0,167,162.021097
155.0,155,162.049666
159.0,159,162.078718
119.0,119,162.100011
101.0,101,162.118958
16.0,16,162.121939
105.0,105,162.141028
147.0,147,162.167862
173.0,173,162.199277
154.0,154,162.267901
106.0,106,162.288209
19.0,19,162.291866
103.0,103,162.310737
173.0,173,162.342886
133.0,133,162.367166
144.0,144,162.393473
142.0,142,162.419071
127.0,127,162.442676
102.0,102,162.461521
120.0,120,162.483423
137.0,137,162.508182
129.0,129,162.531522
138.0,138,162.556943
141.0,141,162.582544
129.0,129,162.606177
143.0,143,162.682586
134.0,134,162.707924
187.0,187,162.742458
164.0,164,162.772583
114.0,114,162.793825
161.0,161,162.822997
180.0,180,162.855876
135.0,135,162.88076
124.0,124,162.903282
148.0,148,162.930824
121.0,121,162.952924
141.0,141,162.978352
106.0,106,162.997721
105.0,105,163.016706
137.0,137,163.041579
135.0,135,163.11611
127.0,127,163.139776
160.0,160,163.169256
155.0,155,163.197171
123.0,123,163.219705
109.0,109,163.239683
159.0,159,163.268766
77.0,77,163.282789
193.0,193,163.31838
114.0,114,163.339262
133.0,133,163.365809
135.0,135,163.391069
188.0,188,163.425568
137.0,137,163.451138
147.0,147,163.534348
126.0,126,163.560667
109.0,109,163.582676
211.0,211,163.627315
138.0,138,163.677566
59.0,59,163.692732
107.0,107,163.714394
128.0,128,163.740531
145.0,145,163.770844
172.0,172,163.806127
135.0,135,163.836547
166.0,166,163.874245
140.0,140,163.906682
138.0,138,163.937285
123.0,123,163.962952
106.0,106,164.024348
171.0,171,164.071882
206.0,206,164.140334
161.0,161,164.177455
176.0,176,164.216763
213.0,213,164.261955
154.0,154,164.290521
29.0,29,164.29584
133.0,133,164.320699
195.0,195,164.357851
23.0,23,164.362284
118.0,118,164.384549
141.0,141,164.41075
147.0,147,164.438004
128.0,128,164.498289
136.0,136,164.523746
19.0,19,164.527283
131.0,131,164.554091
105.0,105,164.574392
182.0,182,164.608271
98.0,98,164.626255
187.0,187,164.661044
119.0,119,164.683136
143.0,143,164.709548
126.0,126,164.732591
149.0,149,164.759859
103.0,103,164.778859
221.0,221,164.819525
157.0,157,164.84874
103.0,103,164.918961
133.0,133,164.944711
164.0,164,164.975183
146.0,146,165.001927
138.0,138,165.027537
103.0,103,165.045943
114.0,114,165.067195
207.0,207,165.105423
127.0,127,165.128484
119.0,119,165.150481
145.0,145,165.177044
141.0,141,165.203216
137.0,137,165.228162
207.0,207,165.265919
141.0,141,165.340365
175.0,175,165.37347
156.0,156,165.402238
140.0,140,165.428029
155.0,155,165.456163
129.0,129,165.480382
140.0,140,165.506283
167.0,167,165.536582
111.0,111,165.557137
109.0,109,165.576947
108.0,108,165.596831
131.0,131,165.621022
155.0,155,165.649349
204.0,204,165.687175
104.0,104,165.779575
151.0,151,165.808012
114.0,114,165.82874
104.0,104,165.847774
133.0,133,165.872214
152.0,152,165.900109
103.0,103,165.919121
42.0,42,165.927006
218.0,218,165.966991
193.0,193,166.002272
182.0,182,166.036106
151.0,151,166.064011
116.0,116,166.08549
35.0,35,166.091611
16.0,16,166.094579
106.0,106,166.114495
105.0,105,166.133703
149.0,149,166.211138
114.0,114,166.232502
131.0,131,166.256799
62.0,62,166.267953
181.0,181,166.301217
139.0,139,166.326675
111.0,111,166.347061
111.0,111,166.367874
104.0,104,166.387041
29.0,29,166.392268
117.0,117,166.413565
136.0,136,166.438357
139.0,139,166.463966
33.0,33,166.469939
105.0,105,166.488973
130.0,130,166.513161
113.0,113,166.533641
164.0,164,166.601569
167.0,167,166.632895
134.0,134,166.657643
145.0,145,166.685634
143.0,143,166.711913
171.0,171,166.743351
147.0,147,166.770287
149.0,149,166.79766
20.0,20,166.801374
105.0,105,166.82055
142.0,142,166.846691
111.0,111,166.867158
144.0,144,166.893546
145.0,145,166.919677
159.0,159,166.948781
107.0,107,167.035305
228.0,228,167.081825
107.0,107,167.104148
213.0,213,167.146953
109.0,109,167.170402
37.0,37,167.177657
147.0,147,167.207541
105.0,105,167.229872
105.0,105,167.250865
168.0,168,167.285536
145.0,145,167.317217
103.0,103,167.355625
145.0,145,167.399423
167.0,167,167.435243
177.0,177,167.473667
164.0,164,167.543543
166.0,166,167.580118
153.0,153,167.613027
120.0,120,167.638485
103.0,103,167.66072
32.0,32,167.667612
147.0,147,167.700666
169.0,169,167.736112
134.0,134,167.761031
92.0,92,167.778356
108.0,108,167.798458
50.0,50,167.807979
175.0,175,167.840578
228.0,228,167.882528
107.0,107,167.902509
189.0,189,167.974052
50.0,50,167.983337
144.0,144,168.009836
113.0,113,168.030635
184.0,184,168.064249
42.0,42,168.072292
104.0,104,168.09165
99.0,99,168.110059
139.0,139,168.13518
104.0,104,168.154169
125.0,125,168.177474
46.0,46,168.185842
106.0,106,168.205694
161.0,161,168.235175
133.0,133,168.259486
105.0,105,168.278777
149.0,149,168.306297
179.0,179,168.365569
145.0,145,168.393989
154.0,154,168.422275
21.0,21,168.426056
111.0,111,168.446894
146.0,146,168.47408
113.0,113,168.495112
55.0,55,168.505531
105.0,105,168.524695
141.0,141,168.550391
134.0,134,168.57543
163.0,163,168.605163
139.0,139,168.630597
111.0,111,168.651036
110.0,110,168.671016
109.0,109,168.691341
153.0,153,168.748665
143.0,143,168.776037
126.0,126,168.799147
102.0,102,168.818256
145.0,145,168.846648
146.0,146,168.875288
66.0,66,168.888769
107.0,107,168.910991
115.0,115,168.95076
105.0,105,168.986712
266.0,266,169.041114
131.0,131,169.067742
106.0,106,169.088981
47.0,47,169.099359
116.0,116,169.124331
111.0,111,169.148585
22.0,22,169.153259
106.0,106,169.176012
185.0,185,169.257512
135.0,135,169.285716
36.0,36,169.29336
51.0,51,169.305175
109.0,109,169.338687
110.0,110,169.376619
106.0,106,169.413412
105.0,105,169.435706
130.0,130,169.464841
102.0,102,169.489389
103.0,103,169.512087
223.0,223,169.567173
108.0,108,169.58871
152.0,152,169.616942
111.0,111,169.637227
163.0,163,169.667579
153.0,153,169.752189
157.0,157,169.782184
105.0,105,169.801524
165.0,165,169.832039
117.0,117,169.853707
22.0,22,169.857946
135.0,135,169.882927
171.0,171,169.914191
154.0,154,169.942816
22.0,22,169.946705
21.0,21,169.95095
108.0,108,169.970753
139.0,139,169.996024
159.0,159,170.025415
131.0,131,170.04942
11.0,11,170.051554
15.0,15,170.053947
10.0,10,170.056018
115.0,115,170.077208
119.0,119,170.098696
111.0,111,170.155827
136.0,136,170.181464
189.0,189,170.216355
125.0,125,170.23965
231.0,231,170.28174
56.0,56,170.292059
107.0,107,170.311857
153.0,153,170.34026
192.0,192,170.375359
106.0,106,170.395132
113.0,113,170.415798
138.0,138,170.441425
120.0,120,170.463433
106.0,106,170.482722
122.0,122,170.505663
112.0,112,170.581649
150.0,150,170.612494
112.0,112,170.634578
118.0,118,170.659441
144.0,144,170.688847
132.0,132,170.715876
162.0,162,170.748546
127.0,127,170.774744
118.0,118,170.799722
149.0,149,170.852704
124.0,124,170.886732
131.0,131,170.914823
111.0,111,170.939297
127.0,127,170.966144
141.0,141,170.996198
108.0,108,171.078467
142.0,142,171.110885
118.0,118,171.135581
129.0,129,171.16371
114.0,114,171.188934
187.0,187,171.230681
299.0,299,171.314472
219.0,219,171.356194
144.0,144,171.382896
141.0,141,171.408833
113.0,113,171.430407
211.0,211,171.468629
141.0,141,171.495005
159.0,159,171.572015
142.0,142,171.598953
155.0,155,171.627577
149.0,149,171.654916
152.0,152,171.682771
14.0,14,171.685038
126.0,126,171.708386
157.0,157,171.737123
138.0,138,171.76284
141.0,141,171.788465
161.0,161,171.817763
157.0,157,171.846426
113.0,113,171.867479
155.0,155,171.895805
130.0,130,171.972839
178.0,178,172.006531
152.0,152,172.034727
148.0,148,172.061954
171.0,171,172.093457
157.0,157,172.122388
211.0,211,172.160791
193.0,193,172.19596
162.0,162,172.225958
225.0,225,172.267117
174.0,174,172.299308
161.0,161,172.328612
149.0,149,172.396007
210.0,210,172.435179
229.0,229,172.477469
151.0,151,172.505367
134.0,134,172.529924
169.0,169,172.560829
155.0,155,172.589226
109.0,109,172.609121
215.0,215,172.648246
215.0,215,172.687483
152.0,152,172.715314
145.0,145,172.741762
200.0,200,172.831871
143.0,143,172.858625
146.0,146,172.885182
143.0,143,172.911584
191.0,191,172.946761
150.0,150,172.97393
142.0,142,173.000467
199.0,199,173.036914
139.0,139,173.062247
171.0,171,173.093743
147.0,147,173.120896
210.0,210,173.158965
149.0,149,173.245712
134.0,134,173.270624
114.0,114,173.291963
138.0,138,173.317116
135.0,135,173.34206
147.0,147,173.369078
207.0,207,173.406669
150.0,150,173.43456
179.0,179,173.467362
138.0,138,173.492388
153.0,153,173.520434
179.0,179,173.553276
196.0,196,173.589015
225.0,225,173.682173
179.0,179,173.715301
113.0,113,173.736008
201.0,201,173.773139
73.0,73,173.78654
119.0,119,173.808485
19.0,19,173.811733
84.0,84,173.827186
107.0,107,173.847011
172.0,172,173.8784
123.0,123,173.901347
123.0,123,173.92399
141.0,141,173.949794
118.0,118,173.971292
144.0,144,173.997718
157.0,157,174.079366
112.0,112,174.101192
158.0,158,174.130671
137.0,137,174.155725
184.0,184,174.19
124.0,124,174.212983
77.0,77,174.227503
161.0,161,174.257011
159.0,159,174.286304
167.0,167,174.316706
116.0,116,174.338037
207.0,207,174.376074
171.0,171,174.407814
189.0,189,174.49903
153.0,153,174.531019
157.0,157,174.564192
142.0,142,174.593977
144.0,144,174.623318
187.0,187,174.663058
251.0,251,174.715103
133.0,133,174.741689
145.0,145,174.774778
21.0,21,174.779011
124.0,124,174.805508
116.0,116,174.831146
108.0,108,174.874765
182.0,182,174.929937
356.0,356,175.074574
210.0,210,175.120451
149.0,149,175.154204
137.0,137,175.18428
199.0,199,175.257276
128.0,128,175.283465
159.0,159,175.313574
200.0,200,175.350972
115.0,115,175.372285
205.0,205,175.409743
187.0,187,175.444228
159.0,159,175.524994
142.0,142,175.551156
205.0,205,175.588999
13.0,13,175.591313
197.0,197,175.627446
163.0,163,175.657398
154.0,154,175.68574
15.0,15,175.688567
133.0,133,175.712916
139.0,139,175.738435
169.0,169,175.769416
149.0,149,175.797005
162.0,162,175.826458
211.0,211,175.864935
139.0,139,175.94077
146.0,146,175.967641
193.0,193,176.003074
162.0,162,176.033076
185.0,185,176.066812
108.0,108,176.086701
137.0,137,176.111548
137.0,137,176.136748
217.0,217,176.176347
119.0,119,176.198334
119.0,119,176.21973
113.0,113,176.240854
141.0,141,176.266503
155.0,155,176.358255
139.0,139,176.386806
153.0,153,176.419338
141.0,141,176.446898
197.0,197,176.520841
187.0,187,176.559344
128.0,128,176.585785
191.0,191,176.625077
199.0,199,176.668538
159.0,159,176.703997
121.0,121,176.730835
192.0,192,176.772072
139.0,139,176.80129
111.0,111,176.867458
153.0,153,176.923673
159.0,159,176.973212
159.0,159,177.00875
173.0,173,177.047423
199.0,199,177.087284
151.0,151,177.11512
189.0,189,177.150532
140.0,140,177.176398
137.0,137,177.201649
135.0,135,177.226603
146.0,146,177.253352
155.0,155,177.282022
128.0,128,177.344825
176.0,176,177.377338
172.0,172,177.409002
147.0,147,177.436314
163.0,163,177.465941
213.0,213,177.505318
183.0,183,177.538918
96.0,96,177.556681
257.0,257,177.603818
265.0,265,177.651995
156.0,156,177.68081
109.0,109,177.768594
106.0,106,177.789452
186.0,186,177.824128
155.0,155,177.852689
144.0,144,177.879352
121.0,121,177.901878
167.0,167,177.933017
104.0,104,177.952111
173.0,173,177.983574
138.0,138,178.009362
169.0,169,178.040299
221.0,221,178.081048
195.0,195,178.116743
169.0,169,178.206487
100.0,100,178.224732
158.0,158,178.25391
187.0,187,178.290379
134.0,134,178.317154
202.0,202,178.359397
115.0,115,178.38263
141.0,141,178.412598
151.0,151,178.443958
19.0,19,178.447888
197.0,197,178.487637
85.0,85,178.505263
9.0,9,178.507344
185.0,185,178.553426
144.0,144,178.599986
140.0,140,178.685407
125.0,125,178.712868
145.0,145,178.744111
148.0,148,178.775972
173.0,173,178.814719
141.0,141,178.844864
195.0,195,178.887168
181.0,181,178.927528
21.0,21,178.933046
107.0,107,178.955276
147.0,147,178.983123
117.0,117,179.005274
151.0,151,179.033474
196.0,196,179.070077
113.0,113,179.149029
186.0,186,179.183993
250.0,250,179.230469
156.0,156,179.259123
192.0,192,179.294496
151.0,151,179.322664
143.0,143,179.348743
173.0,173,179.381064
158.0,158,179.409897
116.0,116,179.431173
203.0,203,179.468609
271.0,271,179.578392
169.0,169,179.610413
220.0,220,179.650848
115.0,115,179.672229
171.0,171,179.703577
151.0,151,179.731126
181.0,181,179.764538
181.0,181,179.797814
132.0,132,179.822057
143.0,143,179.847924
135.0,135,179.872796
198.0,198,179.909366
147.0,147,179.936019
233.0,233,180.046667
165.0,165,180.079822
168.0,168,180.136982
191.0,191,180.183376
180.0,180,180.220105
203.0,203,180.261417
135.0,135,180.289374
168.0,168,180.326233
114.0,114,180.350387
164.0,164,180.385674
193.0,193,180.427485
208.0,208,180.539911
145.0,145,180.589782
158.0,158,180.625553
136.0,136,180.657733
122.0,122,180.684158
155.0,155,180.718088
15.0,15,180.721364
250.0,250,180.768935
159.0,159,180.798721
125.0,125,180.822124
146.0,146,180.849496
175.0,175,180.881383
199.0,199,180.918308
176.0,176,180.994642
171.0,171,181.026911
151.0,151,181.054852
124.0,124,181.077522
151.0,151,181.105092
169.0,169,181.136313
151.0,151,181.163475
127.0,127,181.187103
147.0,147,181.214191
118.0,118,181.235702
138.0,138,181.261153
168.0,168,181.292092
217.0,217,181.332146
220.0,220,181.411457
128.0,128,181.435596
144.0,144,181.462355
132.0,132,181.486603
144.0,144,181.513196
149.0,149,181.540396
124.0,124,181.563036
48.0,48,181.572085
137.0,137,181.597496
134.0,134,181.621621
152.0,152,181.649261
95.0,95,181.666721
150.0,150,181.694101
161.0,161,181.723876
128.0,128,181.747391
143.0,143,181.815574
168.0,168,181.846577
162.0,162,181.876473
143.0,143,181.902922
174.0,174,181.934507
212.0,212,181.973172
112.0,112,181.993697
155.0,155,182.021961
142.0,142,182.047704
176.0,176,182.079647
159.0,159,182.108875
149.0,149,182.135928
155.0,155,182.164298
203.0,203,182.278381
150.0,150,182.306001
114.0,114,182.32742
136.0,136,182.352491
147.0,147,182.379472
119.0,119,182.400958
153.0,153,182.429409
129.0,129,182.453026
149.0,149,182.48022
126.0,126,182.503658
136.0,136,182.52839
125.0,125,182.551228
127.0,127,182.574604
136.0,136,182.59991
174.0,174,182.679479
164.0,164,182.709944
124.0,124,182.73278
131.0,131,182.757083
117.0,117,182.778519
111.0,111,182.798978
196.0,196,182.834842
203.0,203,182.87213
128.0,128,182.895662
139.0,139,182.920529
154.0,154,182.948949
135.0,135,182.97371
152.0,152,183.001689
188.0,188,183.088962
151.0,151,183.117613
141.0,141,183.144047
162.0,162,183.17361
167.0,167,183.204488
111.0,111,183.225031
189.0,189,183.259623
141.0,141,183.285422
187.0,187,183.319698
126.0,126,183.34273
193.0,193,183.378379
223.0,223,183.418939
181.0,181,183.500385
150.0,150,183.52898
191.0,191,183.564555
135.0,135,183.589416
167.0,167,183.619524
151.0,151,183.647329
213.0,213,183.686295
237.0,237,183.729854
163.0,163,183.759353
183.0,183,183.792943
151.0,151,183.820581
186.0,186,183.854387
235.0,235,183.962915
203.0,203,184.000641
187.0,187,184.035081
227.0,227,184.076323
116.0,116,184.097461
195.0,195,184.133313
202.0,202,184.170641
136.0,136,184.195475
171.0,171,184.2264
166.0,166,184.257006
138.0,138,184.281782
147.0,147,184.363924
165.0,165,184.39428
148.0,148,184.421476
201.0,201,184.458404
191.0,191,184.492921
171.0,171,184.524509
393.0,393,184.598817
159.0,159,184.628211
157.0,157,184.65702
167.0,167,184.687785
168.0,168,184.718506
19.0,19,184.75924
215.0,215,184.800603
142.0,142,184.826539
123.0,123,184.849417
157.0,157,184.878032
154.0,154,184.907015
214.0,214,184.945954
183.0,183,184.979903
129.0,129,185.003325
261.0,261,185.050643
175.0,175,185.082642
199.0,199,185.11897
171.0,171,185.202987
222.0,222,185.247409
147.0,147,185.27726
177.0,177,185.313791
167.0,167,185.348092
166.0,166,185.381893
262.0,262,185.435076
154.0,154,185.478748
187.0,187,185.541417
114.0,114,185.566153
121.0,121,185.591053
163.0,163,185.687726
177.0,177,185.727741
134.0,134,185.757688
128.0,128,185.78529
214.0,214,185.831539
210.0,210,185.878243
159.0,159,185.931811
197.0,197,185.977576
155.0,155,186.008179
171.0,171,186.040126
142.0,142,186.066239
206.0,206,186.104862
148.0,148,186.195687
140.0,140,186.222337
156.0,156,186.251156
185.0,185,186.285387
189.0,189,186.320041
159.0,159,186.349692
156.0,156,186.378202
149.0,149,186.405624
178.0,178,186.438509
199.0,199,186.475091
164.0,164,186.505185
175.0,175,186.536654
209.0,209,186.626065
164.0,164,186.656504
159.0,159,186.685513
158.0,158,186.714908
209.0,209,186.753575
193.0,193,186.789204
156.0,156,186.817656
147.0,147,186.844884
260.0,260,186.892686
241.0,241,186.93661
144.0,144,186.963205
168.0,168,187.055004
138.0,138,187.080932
172.0,172,187.112712
154.0,154,187.140822
139.0,139,187.166575
205.0,205,187.204102
196.0,196,187.239755
177.0,177,187.272561
124.0,124,187.295298
249.0,249,187.340911
213.0,213,187.379721
182.0,182,187.479087
167.0,167,187.509983
174.0,174,187.542204
150.0,150,187.569666
156.0,156,187.598356
161.0,161,187.628204
115.0,115,187.64886
243.0,243,187.693541
147.0,147,187.720269
251.0,251,187.766367
201.0,201,187.803246
278.0,278,187.922768
419.0,419,188.000292
179.0,179,188.033277
188.0,188,188.067835
169.0,169,188.09855
230.0,230,188.140847
194.0,194,188.176071
159.0,159,188.205088
187.0,187,188.239356
225.0,225,188.31679
153.0,153,188.34527
157.0,157,188.3741
162.0,162,188.404139
199.0,199,188.440664
137.0,137,188.465555
47.0,47,188.474164
162.0,162,188.504235
187.0,187,188.538703
180.0,180,188.57173
86.0,86,188.587311
165.0,165,188.617893
192.0,192,188.653294
178.0,178,188.747225
165.0,165,188.778143
183.0,183,188.812079
173.0,173,188.844004
162.0,162,188.876907
175.0,175,188.911973
167.0,167,188.947021
179.0,179,188.983175
168.0,168,189.016622
215.0,215,189.061025
170.0,170,189.096107
117.0,117,189.121064
113.0,113,189.22656
263.0,263,189.291894
163.0,163,189.328763
173.0,173,189.366456
157.0,157,189.400836
243.0,243,189.453421
172.0,172,189.491209
197.0,197,189.534651
206.0,206,189.58282
211.0,211,189.622786
166.0,166,189.70807
201.0,201,189.746904
185.0,185,189.781273
169.0,169,189.812846
141.0,141,189.838973
169.0,169,189.870149
169.0,169,189.90144
169.0,169,189.932354
171.0,171,189.963603
182.0,182,189.997228
179.0,179,190.029861
187.0,187,190.064189
164.0,164,190.163455
170.0,170,190.195754
151.0,151,190.223158
207.0,207,190.261036
181.0,181,190.294126
193.0,193,190.330214
182.0,182,190.363273
195.0,195,190.399064
171.0,171,190.43103
200.0,200,190.468249
185.0,185,190.502286
132.0,132,190.594747
137.0,137,190.620447
180.0,180,190.65361
212.0,212,190.692682
195.0,195,190.730696
197.0,197,190.769922
147.0,147,190.800943
208.0,208,190.853475
174.0,174,190.908658
172.0,172,190.942487
185.0,185,190.981212
157.0,157,191.063349
203.0,203,191.110145
165.0,165,191.147212
177.0,177,191.185323
165.0,165,191.224898
153.0,153,191.279044
170.0,170,191.326682
165.0,165,191.36607
215.0,215,191.414068
151.0,151,191.447865
169.0,169,191.479656
188.0,188,191.514916
147.0,147,191.589187
159.0,159,191.618865
171.0,171,191.650221
173.0,173,191.682691
171.0,171,191.713853
169.0,169,191.745238
168.0,168,191.775999
172.0,172,191.807705
154.0,154,191.835555
217.0,217,191.875457
210.0,210,191.914384
215.0,215,192.040987
236.0,236,192.093354
207.0,207,192.131199
188.0,188,192.166092
210.0,210,192.204903
173.0,173,192.236574
171.0,171,192.267929
161.0,161,192.297394
171.0,171,192.328921
165.0,165,192.358923
165.0,165,192.389181
211.0,211,192.477607
185.0,185,192.512017
205.0,205,192.550094
175.0,175,192.581649
143.0,143,192.607818
163.0,163,192.637878
232.0,232,192.680344
190.0,190,192.715151
148.0,148,192.742174
203.0,203,192.779574
216.0,216,192.818998
165.0,165,192.905875
176.0,176,192.938493
253.0,253,192.985187
190.0,190,193.019519
163.0,163,193.049446
205.0,205,193.086927
203.0,203,193.124348
163.0,163,193.154368
154.0,154,193.18217
195.0,195,193.217979
187.0,187,193.305746
232.0,232,193.349236
225.0,225,193.390422
172.0,172,193.422006
193.0,193,193.457734
223.0,223,193.499
171.0,171,193.530489
187.0,187,193.564221
165.0,165,193.594945
183.0,183,193.628112
164.0,164,193.658363
195.0,195,193.749259
184.0,184,193.783472
225.0,225,193.82441
182.0,182,193.858102
198.0,198,193.894298
247.0,247,193.939703
187.0,187,193.974063
183.0,183,194.007792
177.0,177,194.039997
203.0,203,194.077353
172.0,172,194.180886
199.0,199,194.217337
170.0,170,194.248782
180.0,180,194.281606
185.0,185,194.31551
199.0,199,194.352016
249.0,249,194.39793
158.0,158,194.427255
154.0,154,194.455529
144.0,144,194.48176
161.0,161,194.51093
179.0,179,194.602028
163.0,163,194.632349
199.0,199,194.669234
150.0,150,194.696325
194.0,194,194.732072
175.0,175,194.764268
215.0,215,194.803695
169.0,169,194.834717
149.0,149,194.862476
172.0,172,194.894222
156.0,156,194.922874
153.0,153,194.950902
186.0,186,195.04916
189.0,189,195.084328
181.0,181,195.118599
166.0,166,195.151472
201.0,201,195.192542
167.0,167,195.226272
162.0,162,195.259715
198.0,198,195.299983
152.0,152,195.330833
165.0,165,195.371354
265.0,265,195.514669
159.0,159,195.550446
211.0,211,195.595665
167.0,167,195.630871
130.0,130,195.660285
168.0,168,195.696171
157.0,157,195.729371
182.0,182,195.768364
175.0,175,195.80496
172.0,172,195.8372
181.0,181,195.870613
198.0,198,195.907631
197.0,197,195.997916
177.0,177,196.030693
185.0,185,196.065323
206.0,206,196.103053
168.0,168,196.134092
189.0,189,196.168708
191.0,191,196.20405
171.0,171,196.235723
203.0,203,196.273314
175.0,175,196.305164
172.0,172,196.33659
162.0,162,196.4266
125.0,125,196.450294
231.0,231,196.493521
171.0,171,196.525009
199.0,199,196.561384
236.0,236,196.605141
167.0,167,196.635765
202.0,202,196.675105
191.0,191,196.710975
177.0,177,196.743874
195.0,195,196.780072
186.0,186,196.878728
165.0,165,196.909153
225.0,225,196.950671
181.0,181,196.984284
189.0,189,197.019193
200.0,200,197.055758
148.0,148,197.082958
225.0,225,197.123942
191.0,191,197.158872
187.0,187,197.195491
226.0,226,197.289731
225.0,225,197.331853
151.0,151,197.359731
207.0,207,197.39822
185.0,185,197.432024
181.0,181,197.465195
175.0,175,197.497459
166.0,166,197.528073
162.0,162,197.557691
203.0,203,197.595145
167.0,167,197.62648
179.0,179,197.711491
222.0,222,197.752799
173.0,173,197.784172
199.0,199,197.820312
201.0,201,197.856859
175.0,175,197.889166
181.0,181,197.922243
159.0,159,197.951405
185.0,185,197.98513
213.0,213,198.023717
191.0,191,198.134203
196.0,196,198.171152
170.0,170,198.20271
163.0,163,198.232535
190.0,190,198.267695
231.0,231,198.310215
221.0,221,198.350726
190.0,190,198.385122
401.0,401,198.458924
139.0,139,198.48379
208.0,208,198.596705
223.0,223,198.63809
174.0,174,198.670158
170.0,170,198.701047
190.0,190,198.736089
157.0,157,198.764902
202.0,202,198.801833
200.0,200,198.838513
191.0,191,198.873379
215.0,215,198.912989
171.0,171,199.004798
205.0,205,199.043446
203.0,203,199.080899
173.0,173,199.112462
197.0,197,199.1485
189.0,189,199.182952
281.0,281,199.234737
201.0,201,199.271769
164.0,164,199.301789
161.0,161,199.331176
197.0,197,199.367014
183.0,183,199.466873
173.0,173,199.498783
197.0,197,199.53554
177.0,177,199.569488
254.0,254,199.616665
187.0,187,199.65085
177.0,177,199.683194
197.0,197,199.719539
221.0,221,199.759918
183.0,183,199.793546
164.0,164,199.886015
217.0,217,199.926165
162.0,162,199.956449
147.0,147,199.983587
168.0,168,200.014122
174.0,174,200.045879
241.0,241,200.089779
222.0,222,200.130298
187.0,187,200.164485
194.0,194,200.200086
173.0,173,200.231495
185.0,185,200.318144
227.0,227,200.369818
179.0,179,200.429554
179.0,179,200.466468
175.0,175,200.503635
215.0,215,200.547076
201.0,201,200.601247
203.0,203,200.658731
181.0,181,200.697787
191.0,191,200.740481
181.0,181,200.849151
251.0,251,200.905583
199.0,199,200.947559
170.0,170,200.985406
203.0,203,201.031112
189.0,189,201.090133
243.0,243,201.137786
186.0,186,201.172122
214.0,214,201.21198
213.0,213,201.251729
226.0,226,201.372842
223.0,223,201.413807
217.0,217,201.454145
197.0,197,201.490227
234.0,234,201.533432
224.0,224,201.574597
196.0,196,201.610596
210.0,210,201.649304
198.0,198,201.685259
190.0,190,201.785036
160.0,160,201.815058
229.0,229,201.857372
223.0,223,201.89885
240.0,240,201.943466
182.0,182,201.976809
227.0,227,202.018645
204.0,204,202.056388
234.0,234,202.099775
192.0,192,202.138163
188.0,188,202.267193
393.0,393,202.348341
186.0,186,202.387938
187.0,187,202.439722
175.0,175,202.497383
187.0,187,202.53996
242.0,242,202.592124
194.0,194,202.634331
214.0,214,202.682653
230.0,230,202.833463
216.0,216,202.87464
199.0,199,202.911776
309.0,309,202.969611
216.0,216,203.009332
209.0,209,203.048062
201.0,201,203.085003
215.0,215,203.124708
178.0,178,203.157282
267.0,267,203.267579
235.0,235,203.311031
199.0,199,203.348204
197.0,197,203.384518
199.0,199,203.42165
209.0,209,203.459787
213.0,213,203.49884
311.0,311,203.556279
196.0,196,203.592019
191.0,191,203.69238
113.0,113,203.713106
209.0,209,203.7516
255.0,255,203.79862
195.0,195,203.834374
243.0,243,203.878706
207.0,207,203.916891
205.0,205,203.954534
207.0,207,203.992546
238.0,238,204.08976
204.0,204,204.128857
237.0,237,204.172699
240.0,240,204.216668
213.0,213,204.255372
213.0,213,204.293958
196.0,196,204.329832
197.0,197,204.366291
282.0,282,204.417672
232.0,232,204.542309
243.0,243,204.591738
220.0,220,204.632633
393.0,393,204.704959
163.0,163,204.735051
304.0,304,204.791021
198.0,198,204.827388
248.0,248,204.873564
305.0,305,204.998873
216.0,216,205.039267
245.0,245,205.084374
187.0,187,205.118763
248.0,248,205.164336
278.0,278,205.214662
205.0,205,205.282081
235.0,235,205.392803
230.0,230,205.435656
216.0,216,205.535256
169.0,169,205.566771
197.0,197,205.602485
175.0,175,205.63469
186.0,186,205.670043
187.0,187,205.707886
213.0,213,205.750885
199.0,199,205.801156
192.0,192,205.860143
190.0,190,205.898233
190.0,190,206.028915
183.0,183,206.07061
189.0,189,206.110781
200.0,200,206.155962
195.0,195,206.199653
219.0,219,206.271834
204.0,204,206.325088
202.0,202,206.370205
178.0,178,206.408012
192.0,192,206.443976
199.0,199,206.533677
169.0,169,206.566328
195.0,195,206.602061
240.0,240,206.646086
177.0,177,206.679007
181.0,181,206.712198
244.0,244,206.75697
198.0,198,206.79304
197.0,197,206.829778
196.0,196,206.865831
247.0,247,206.978094
207.0,207,207.018186
205.0,205,207.056406
185.0,185,207.091102
203.0,203,207.128125
227.0,227,207.169834
185.0,185,207.203908
198.0,198,207.240766
220.0,220,207.280866
190.0,190,207.31547
186.0,186,207.405735
161.0,161,207.436313
210.0,210,207.502421
199.0,199,207.551767
192.0,192,207.591011
205.0,205,207.63325
176.0,176,207.669179
185.0,185,207.707288
192.0,192,207.767018
191.0,191,207.817784
221.0,221,207.936169
275.0,275,207.998698
228.0,228,208.048956
241.0,241,208.101333
211.0,211,208.146278
214.0,214,208.186315
285.0,285,208.23935
287.0,287,208.29269
261.0,261,208.413659
236.0,236,208.459264
215.0,215,208.499346
225.0,225,208.540902
203.0,203,208.578521
222.0,222,208.620739
200.0,200,208.658715
214.0,214,208.698071
260.0,260,208.746267
246.0,246,208.869988
215.0,215,208.910716
253.0,253,208.957653
232.0,232,209.000039
239.0,239,209.043545
245.0,245,209.088787
203.0,203,209.126584
274.0,274,209.178099
194.0,194,209.213414
264.0,264,209.324596
243.0,243,209.369634
230.0,230,209.412103
222.0,222,209.45259
277.0,277,209.503307
202.0,202,209.540765
230.0,230,209.585139
264.0,264,209.634767
226.0,226,209.759373
233.0,233,209.802795
259.0,259,209.850461
235.0,235,209.893511
243.0,243,209.938203
247.0,247,209.983429
251.0,251,210.029421
196.0,196,210.065217
189.0,189,210.099588
203.0,203,210.20783
210.0,210,210.246651
240.0,240,210.290677
284.0,284,210.342478
215.0,215,210.381925
214.0,214,210.421562
222.0,222,210.461859
276.0,276,210.512204
224.0,224,210.553388
267.0,267,210.698
298.0,298,210.752587
241.0,241,210.797127
283.0,283,210.848886
230.0,230,210.8916
275.0,275,210.942004
229.0,229,210.983661
242.0,242,211.098746
225.0,225,211.141355
269.0,269,211.190642
249.0,249,211.236089
275.0,275,211.286412
246.0,246,211.331354
266.0,266,211.380121
243.0,243,211.424617
235.0,235,211.548669
236.0,236,211.59231
239.0,239,211.636139
273.0,273,211.686759
228.0,228,211.728775
267.0,267,211.777732
296.0,296,211.831347
247.0,247,211.876433
272.0,272,212.005636
239.0,239,212.053997
243.0,243,212.135085
299.0,299,212.196327
277.0,277,212.251954
337.0,337,212.355412
283.0,283,212.416161
275.0,275,212.61474
269.0,269,212.677974
224.0,224,212.73014
243.0,243,212.777935
247.0,247,212.823924
241.0,241,212.868361
222.0,222,212.909592
285.0,285,212.962111
246.0,246,213.08513
263.0,263,213.134854
251.0,251,213.182033
243.0,243,213.226934
257.0,257,213.273924
270.0,270,213.323503
281.0,281,213.375362
259.0,259,213.422514
238.0,238,213.537724
293.0,293,213.592057
340.0,340,213.654821
280.0,280,213.706616
269.0,269,213.756077
301.0,301,213.811917
253.0,253,213.858173
261.0,261,213.986671
273.0,273,214.037325
333.0,333,214.09931
292.0,292,214.153192
270.0,270,214.203183
269.0,269,214.252415
273.0,273,214.302832
267.0,267,214.488066
292.0,292,214.548259
261.0,261,214.626721
265.0,265,214.69436
301.0,301,214.758377
299.0,299,214.823753
270.0,270,214.881385
331.0,331,215.086459
461.0,461,215.181172
293.0,293,215.236017
315.0,315,215.294386
358.0,358,215.360946
348.0,348,215.424995
500.0,500,215.650432
348.0,348,215.715117
500.0,500,215.807481
500.0,500,215.899197
500.0,500,216.139763
500.0,500,216.232634
500.0,500,216.325259
500.0,500,216.417232
500.0,500,216.667135
500.0,500,216.759975
500.0,500,216.852227
500.0,500,216.944147
500.0,500,217.192396
500.0,500,217.284942
500.0,500,217.376377
500.0,500,217.468094
500.0,500,217.714512
500.0,500,217.80693
500.0,500,217.898668
500.0,500,217.990063
500.0,500,218.236531
500.0,500,218.32857
500.0,500,218.4206
500.0,500,218.512909
500.0,500,218.759306
500.0,500,218.850942
500.0,500,218.942578
500.0,500,219.034536
500.0,500,219.2794
500.0,500,219.371043
500.0,500,219.462202
500.0,500,219.553877
500.0,500,219.805191
500.0,500,219.897682
500.0,500,219.989955
500.0,500,220.081762
