#{"t_start": 1789045079.537809, "env_id": "Pendulum-v1"}
r,l,t
-956.660535,200,0.02218
-1411.456989,200,0.051409
-978.447309,200,0.080512
-1305.954563,200,0.109248
-873.797259,200,0.138002
-1251.734082,200,0.167579
-974.041065,200,0.196509
-1169.337707,200,0.22521
-1601.073131,200,0.254128
-1566.749771,200,0.282895
-1446.892504,200,0.38412
-970.164644,200,0.413865
-1755.100783,200,0.443227
-871.627459,200,0.472606
-1207.488367,200,0.502089
-874.300452,200,0.531684
-946.226074,200,0.561753
-1142.085061,200,0.591493
-1508.343449,200,0.620948
-1044.10075,200,0.651223
-1014.276622,200,0.758602
-774.656173,200,0.790012
-1202.296986,200,0.819713
-891.500303,200,0.849345
-1690.241713,200,0.878933
-1198.416071,200,0.908674
-1279.722289,200,0.937812
-1416.650869,200,0.967303
-1343.368936,200,0.996411
-1442.494884,200,1.025682
-1086.912848,200,1.124675
-863.145229,200,1.157458
-1400.142874,200,1.193166
-1166.303173,200,1.227393
-1225.479093,200,1.260955
-1335.260802,200,1.295071
-1326.164788,200,1.32767
-916.558257,200,1.360695
-857.603761,200,1.394879
-1421.888232,200,1.43885
-1050.624547,200,1.564539
-1376.931189,200,1.60044
-1620.184256,200,1.635498
-1359.159324,200,1.671059
-891.749227,200,1.707488
-890.386834,200,1.743306
-874.410534,200,1.779265
-979.037909,200,1.815546
-1700.810896,200,1.849763
-1127.621745,200,1.880277
-956.864973,200,1.984891
-1376.810349,200,2.015153
-1322.283851,200,2.045444
-1106.872496,200,2.075835
-1624.806909,200,2.106092
-1134.083743,200,2.136399
-1444.829009,200,2.166733
-1076.358127,200,2.197074
-967.103068,200,2.22718
-1172.391132,200,2.257746
-966.633592,200,2.358625
-1294.120737,200,2.389531
-1162.00267,200,2.419981
-1737.963734,200,2.450764
-1322.444236,200,2.481866
-977.802103,200,2.512543
-1685.748133,200,2.543361
-1306.386414,200,2.575398
-1123.742514,200,2.605371
-1221.689567,200,2.63606
-1770.831868,200,2.737586
-1382.530477,200,2.768363
-894.992736,200,2.798908
-1176.112418,200,2.829689
-749.438945,200,2.860478
-1788.516844,200,2.891748
-1546.782029,200,2.922358
-1700.646054,200,2.952871
-1510.017135,200,2.983793
-1158.516563,200,3.014218
-1284.66069,200,3.116623
-1408.76698,200,3.147847
-968.515039,200,3.178498
-952.83474,200,3.209157
-1322.74922,200,3.240024
-1232.504164,200,3.271154
-1467.719111,200,3.302115
-866.411607,200,3.332744
-1596.400912,200,3.363458
-1798.63143,200,3.394671
-1406.263331,200,3.495648
-1471.117495,200,3.527222
-1815.160147,200,3.558843
-1716.058517,200,3.589761
-1718.410164,200,3.621314
-1598.260839,200,3.65267
-1334.487376,200,3.683565
-1763.832083,200,3.714385
-1285.828409,200,3.744924
-1788.160772,200,3.775321
-1187.189567,200,3.876917
-1394.499153,200,3.907987
-1428.003395,200,3.938779
-1280.425293,200,3.970027
-1451.395175,200,4.001172
-1684.711519,200,4.032806
-1301.608808,200,4.064315
-959.001775,200,4.095895
-1854.514866,200,4.127215
-1249.535118,200,4.158272
-1602.527247,200,4.260457
-1653.071745,200,4.291594
-1747.589925,200,4.323245
-1617.066251,200,4.354959
-1816.76163,200,4.386245
-1666.755094,200,4.418142
-851.05277,200,4.449584
-1782.803596,200,4.480589
-1455.186775,200,4.511972
-1738.685663,200,4.543483
-1627.125978,200,4.644532
-1658.32473,200,4.676268
-1480.322536,200,4.708712
-1396.693255,200,4.744052
-1501.745564,200,4.776485
-1191.691859,200,4.808257
-1225.6847,200,4.840115
-1726.573748,200,4.871754
-1746.35813,200,4.903186
-1401.70668,200,4.935722
-1323.281304,200,5.039615
-1525.778716,200,5.072109
-1464.546475,200,5.103845
-1606.354218,200,5.135674
-1320.509257,200,5.167328
-1756.12409,200,5.199225
-1203.324176,200,5.231095
-1252.864582,200,5.262989
-1792.541609,200,5.29542
-1575.602725,200,5.327955
-1076.777175,200,5.43253
-1351.243414,200,5.467939
-1762.13457,200,5.504174
-1581.516393,200,5.552902
-1571.576856,200,5.605907
-1677.602622,200,5.640704
-1784.207834,200,5.676291
-1527.587052,200,5.713177
-1369.558749,200,5.75134
-1751.079782,200,5.790662
-1182.117448,200,5.90744
-1178.303748,200,5.966291
-987.89107,200,6.015767
-1733.66958,200,6.057185
-1703.787069,200,6.097939
-1253.631772,200,6.137186
-1386.031073,200,6.170566
-1158.088462,200,6.203808
-1408.501437,200,6.23614
-1708.431699,200,6.268933
-1471.061344,200,6.371418
-1775.309844,200,6.404314
-1398.814247,200,6.437146
-1267.247131,200,6.469734
-1807.619849,200,6.502635
-1468.055034,200,6.535176
-1549.948358,200,6.568014
-1280.41181,200,6.600812
-1508.912452,200,6.633457
-1635.573076,200,6.666074
-1590.421803,200,6.769053
-1634.334049,200,6.802073
-1007.276737,200,6.834892
-1238.1722,200,6.867455
-1613.11751,200,6.900082
-1629.01123,200,6.932747
-899.386177,200,6.965697
-1595.551458,200,6.998321
-1452.593534,200,7.030972
-1378.130765,200,7.063746
-1530.116751,200,7.167216
-1617.909616,200,7.200112
-1727.516815,200,7.233033
-1661.464256,200,7.265924
-1402.506015,200,7.299353
-1448.831028,200,7.332587
-1624.582678,200,7.365107
-882.596046,200,7.397401
-1690.332967,200,7.43084
-1442.334865,200,7.464103
-1446.205003,200,7.567238
-1607.861273,200,7.601036
-1604.838249,200,7.634657
-1339.92222,200,7.66769
-1507.027285,200,7.704735
-1359.108277,200,7.742032
-1359.523556,200,7.778121
-1413.031981,200,7.814851
-1581.304846,200,7.8519
-1542.776365,200,7.889062
-1558.439322,200,8.056997
-1216.426183,200,8.096832
-1499.076952,200,8.136501
-1257.61797,200,8.173973
-1199.927423,200,8.213753
-1652.914499,200,8.253757
-1182.042573,200,8.292144
-1659.023007,200,8.331178
-1752.410455,200,8.37264
-1572.559174,200,8.413375
-1340.380121,200,8.517214
-1151.096818,200,8.55077
-1444.677373,200,8.584769
-1405.224833,200,8.618222
-847.59039,200,8.651561
-1484.930795,200,8.684919
-848.29002,200,8.718791
-1323.577951,200,8.752018
-1617.533101,200,8.785835
-1717.67658,200,8.818487
-1522.087795,200,8.921884
-1011.214124,200,8.955838
-1332.933607,200,8.989348
-1315.485647,200,9.022584
-1603.973483,200,9.056398
-1697.829131,200,9.089574
-1574.880445,200,9.122853
-1399.603049,200,9.156326
-1276.95974,200,9.189893
-1674.804071,200,9.223833
-1399.960378,200,9.327919
-1469.179322,200,9.361905
-1372.024595,200,9.395603
-1612.052339,200,9.42916
-1518.962096,200,9.463414
-1593.62071,200,9.496953
-1137.45178,200,9.530284
-1699.417945,200,9.564263
-1587.791114,200,9.598142
-1190.043663,200,9.631709
-1569.348312,200,9.740435
-1329.20724,200,9.775238
-1283.764474,200,9.809555
-1617.454756,200,9.843739
-1558.667339,200,9.878677
-1188.135006,200,9.912476
-1540.987891,200,9.946974
-1454.077977,200,9.980924
-1685.812355,200,10.014138
-1520.538277,200,10.048236
-1274.427849,200,10.155856
-1645.721123,200,10.190471
-1497.264562,200,10.224837
-1383.096729,200,10.25965
-1110.285377,200,10.293858
-1142.354077,200,10.328205
-1438.585649,200,10.362231
-1158.325284,200,10.396075
-1678.500903,200,10.430335
-1042.471292,200,10.4645
-951.379665,200,10.574986
-1448.279551,200,10.622171
-886.675581,200,10.686468
-1263.956153,200,10.726095
-1009.274282,200,10.764163
-1173.927234,200,10.803293
-1143.716924,200,10.841432
-1146.320279,200,10.882306
-1587.178045,200,10.922868
-1539.669098,200,10.964126
-1485.241887,200,11.106178
-1342.71079,200,11.147885
-1320.80003,200,11.190675
-1634.908393,200,11.232947
-1498.208659,200,11.273877
-1367.042594,200,11.309494
-1485.862122,200,11.344889
-1264.07234,200,11.379922
-1016.948353,200,11.414767
-1300.030855,200,11.44959
-1625.67151,200,11.55544
-1580.962254,200,11.590536
-1010.902067,200,11.625209
-699.943168,200,11.660532
-788.017854,200,11.695271
-1013.753501,200,11.730862
-1221.798451,200,11.765792
-1518.308791,200,11.800853
-1181.201037,200,11.836043
-1472.960598,200,11.87109
-920.701418,200,11.976078
-1362.526349,200,12.011226
-1162.317753,200,12.04624
-1314.634081,200,12.080909
-1599.913099,200,12.117047
-1637.861148,200,12.154671
-1015.154184,200,12.193748
-1403.280332,200,12.234193
-1239.865756,200,12.27172
-1212.853477,200,12.311345
-1295.065941,200,12.439455
-1290.152826,200,12.480204
-1399.40109,200,12.52262
-521.044474,200,12.563829
-1189.092996,200,12.606317
-878.849597,200,12.649692
-1192.949674,200,12.690638
-1484.389522,200,12.732977
-936.632498,200,12.775598
-1431.665266,200,12.840698
-1459.101857,200,12.951994
-1458.444055,200,12.988593
-1398.71158,200,13.024226
-1357.95113,200,13.060017
-1013.842763,200,13.095082
-1309.890565,200,13.130661
-1098.110817,200,13.16644
-1055.286292,200,13.202209
-1339.778965,200,13.237471
-1353.048785,200,13.272785
-1310.913196,200,13.378969
-736.821755,200,13.415013
-978.249998,200,13.450736
-1354.556199,200,13.486282
-1204.057476,200,13.522056
-1547.476861,200,13.556882
-1237.273365,200,13.592944
-895.428312,200,13.628177
-1208.365699,200,13.663407
-1153.908786,200,13.69913
-737.452018,200,13.810902
-1382.233947,200,13.851418
-1330.816878,200,13.891306
-1039.606268,200,13.932386
-1573.66894,200,13.972128
-1336.466891,200,14.012889
-1349.653862,200,14.055176
-1063.50801,200,14.114434
-1155.566406,200,14.167729
-893.832161,200,14.211531
-1199.476107,200,14.335955
-840.414509,200,14.378765
-1005.638667,200,14.42158
-1185.020236,200,14.462851
-1184.29428,200,14.499557
-1292.868058,200,14.535408
-1087.924378,200,14.571627
-1443.539925,200,14.607287
-1021.8828,200,14.643281
-1304.923687,200,14.679312
-1336.476294,200,14.788283
-1192.164074,200,14.824931
-1021.624434,200,14.861405
-1474.380931,200,14.897619
-821.427396,200,14.93378
-1168.57394,200,14.969944
-1245.513018,200,15.005875
-996.193268,200,15.041786
-1242.237789,200,15.07814
-1309.572714,200,15.113621
-634.891759,200,15.222047
-1260.795093,200,15.257744
-1143.964831,200,15.29386
-1338.484725,200,15.330402
-1047.394025,200,15.36692
-825.484068,200,15.403196
-1055.571408,200,15.439193
-645.281178,200,15.475887
-1004.293599,200,15.512103
-625.388685,200,15.547376
-743.563325,200,15.658666
-887.46508,200,15.698869
-1210.245866,200,15.74153
-1111.154773,200,15.812198
-1229.709401,200,15.852668
-892.042148,200,15.894388
-1088.627203,200,15.93826
-1453.498886,200,15.981516
-1085.672594,200,16.025876
-1077.603976,200,16.068859
-1033.980227,200,16.213212
-134.186864,200,16.270292
-1194.260995,200,16.318221
-1348.719953,200,16.362461
-1149.794069,200,16.399477
-1048.948636,200,16.436317
-1140.570827,200,16.472876
-1209.400851,200,16.509232
-1148.592187,200,16.54606
-270.352843,200,16.582227
-645.490881,200,16.692199
-1059.452905,200,16.729294
-973.230392,200,16.766229
-1036.543654,200,16.802973
-609.738375,200,16.839199
-134.388319,200,16.875794
-930.181932,200,16.912323
-1381.597501,200,16.948631
-1286.711412,200,16.985482
-1513.139766,200,17.0226
-1248.390453,200,17.13184
-242.257411,200,17.168811
-4.525033,200,17.205491
-1581.654337,200,17.242708
-3.171306,200,17.279818
-805.259672,200,17.317337
-1366.348387,200,17.354075
-134.064842,200,17.390916
-1106.752541,200,17.42791
-390.098063,200,17.464862
-1091.422194,200,17.581793
-797.944765,200,17.623433
-267.483688,200,17.664609
-263.855372,200,17.706683
-1090.025923,200,17.747947
-259.67227,200,17.794215
-132.228351,200,17.866493
-524.105138,200,17.909751
-130.008606,200,17.953811
-917.592709,200,17.996988
-923.642108,200,18.121026
-1.556994,200,18.166928
-637.77139,200,18.205565
-924.276831,200,18.243283
-263.819984,200,18.280079
-538.525347,200,18.317547
-408.714774,200,18.35506
-533.956843,200,18.392154
-258.55631,200,18.429164
-129.395212,200,18.466502
-396.69068,200,18.577114
-514.629605,200,18.614769
-1.34324,200,18.652055
-134.987175,200,18.688929
-815.710009,200,18.726364
-923.022044,200,18.763466
-519.111452,200,18.800874
-256.726324,200,18.838342
-260.600641,200,18.875739
-131.519923,200,18.913145
-888.381478,200,19.024578
-3.364258,200,19.061831
-831.156704,200,19.099023
-712.709303,200,19.136548
-402.55926,200,19.174154
-1092.579933,200,19.211624
-395.02654,200,19.249156
-396.664175,200,19.286481
-526.220395,200,19.324375
-266.137609,200,19.363132
-1061.287983,200,19.479368
-396.167115,200,19.535978
-389.261578,200,19.594194
-1227.670703,200,19.636435
-545.625182,200,19.680007
-405.543182,200,19.725588
-133.313329,200,19.771304
-263.556841,200,19.816582
-1.529144,200,19.859927
-400.004382,200,19.910219
-271.014423,200,20.050446
-260.973353,200,20.097267
-132.612479,200,20.14227
-1.689938,200,20.181522
-796.71084,200,20.220047
-395.42009,200,20.258353
-775.443322,200,20.295995
-264.347556,200,20.33447
-133.547578,200,20.397835
-408.111778,200,20.4359
-1.482798,200,20.54554
-2.330462,200,20.583464
-563.961295,200,20.621432
-1491.497925,200,20.659119
-133.634425,200,20.697211
-393.804298,200,20.736135
-405.095107,200,20.773861
-395.101813,200,20.812002
-1.816876,200,20.850051
-395.981256,200,20.888112
-268.173061,200,20.996882
-136.923481,200,21.035017
-1545.216476,200,21.07298
-1.939543,200,21.111197
-263.283749,200,21.149208
-373.188066,200,21.1873
-2.045066,200,21.225395
-131.723415,200,21.263729
-276.282252,200,21.302162
-132.344574,200,21.340361
-702.36883,200,21.447424
-425.929012,200,21.485879
-264.443279,200,21.524255
-265.141968,200,21.562423
-263.153423,200,21.600699
-1.859872,200,21.638819
-130.301511,200,21.67726
-567.861574,200,21.715537
-1302.4614,200,21.753978
-399.097656,200,21.79209
-132.433099,200,21.903906
-127.447284,200,21.942341
-1.48593,200,21.980951
-131.749491,200,22.019277
-130.444922,200,22.057617
-128.058205,200,22.096236
-261.110217,200,22.134641
-129.864572,200,22.173122
-129.996333,200,22.211044
-423.428365,200,22.249813
-133.782283,200,22.361041
-663.822571,200,22.403105
-135.459967,200,22.44613
-135.686572,200,22.489498
-131.191276,200,22.532706
-332.271782,200,22.57971
-293.650686,200,22.649423
-394.715041,200,22.694073
-1.333632,200,22.739632
-131.979642,200,22.785071
-2.372376,200,22.908731
-613.524946,200,22.954199
-429.839415,200,23.004412
-1534.542714,200,23.104254
-132.898306,200,23.14342
-393.793981,200,23.181987
-273.964257,200,23.220622
-266.273387,200,23.25974
-1.820459,200,23.298681
-266.188355,200,23.337574
-270.822808,200,23.447276
-261.335195,200,23.485694
-132.210172,200,23.52457
-397.27231,200,23.563008
-1529.449621,200,23.601433
-2.815265,200,23.639952
-263.216431,200,23.678461
-2.087996,200,23.716999
-132.100924,200,23.755635
-1.88675,200,23.79399
-398.675862,200,23.902363
-131.918817,200,23.941075
-127.317999,200,23.979732
-132.066815,200,24.018264
-125.175075,200,24.056745
-260.348564,200,24.094875
-2.163654,200,24.133304
-136.544488,200,24.171896
-130.877531,200,24.210114
-1435.691667,200,24.248408
-125.786035,200,24.358315
-260.701351,200,24.396657
-392.761291,200,24.435206
-125.949005,200,24.473595
-128.296563,200,24.511743
-126.588405,200,24.55074
-440.491267,200,24.58952
-3.343983,200,24.627826
-139.459975,200,24.66602
-134.743689,200,24.704376
-127.050352,200,24.816544
-129.578134,200,24.855961
-132.566683,200,24.894705
-258.36888,200,24.933223
-266.813917,200,24.972153
-3.280159,200,25.010998
-130.340288,200,25.049101
-130.051697,200,25.087283
-267.873313,200,25.125586
-1.567857,200,25.1639
-133.168542,200,25.27875
-129.192003,200,25.321153
-1.502259,200,25.363683
-132.517726,200,25.40618
-1.044673,200,25.44979
-261.713695,200,25.49169
-130.302285,200,25.535243
-126.505478,200,25.588607
-127.455782,200,25.64825
-1505.261801,200,25.699417
-134.439538,200,25.824434
-1504.298681,200,25.871388
-0.92661,200,25.918517
-247.840401,200,25.964317
-125.573637,200,26.003244
-270.797183,200,26.041982
-1494.432398,200,26.080563
-131.213474,200,26.118883
-256.658918,200,26.157473
-393.493671,200,26.196082
-1.494749,200,26.3059
-131.949402,200,26.344714
-515.520484,200,26.383078
-263.843657,200,26.421314
-130.225516,200,26.459752
-131.97678,200,26.497994
-132.274256,200,26.536399
-279.963352,200,26.574804
-293.36022,200,26.612975
-128.948252,200,26.650656
-131.880475,200,26.761487
-658.740496,200,26.800492
-564.848034,200,26.838746
-262.24231,200,26.877396
-500.361592,200,26.91554
-1.658024,200,26.95431
-126.820581,200,26.992857
-537.437663,200,27.031348
-264.259325,200,27.069635
-386.29751,200,27.107933
-127.06907,200,27.224936
-981.481037,200,27.269574
-131.133953,200,27.341412
-817.923646,200,27.384397
-251.578258,200,27.428101
-1.110022,200,27.474364
-2.26818,200,27.519689
-346.781161,200,27.565613
-657.681603,200,27.610086
-129.633615,200,27.657261
-259.693007,200,27.810533
-127.817038,200,27.863861
-274.252433,200,27.906534
-1.140383,200,27.945772
-250.448918,200,27.984805
-269.893552,200,28.023249
-1.223297,200,28.0619
-124.808038,200,28.10047
-1.039198,200,28.139007
-274.20338,200,28.177228
-2.638585,200,28.286972
-2.029151,200,28.326536
-522.968877,200,28.366436
-274.241612,200,28.40667
-131.040622,200,28.4453
-130.289559,200,28.48416
-374.221568,200,28.522638
-131.38032,200,28.560992
-131.949738,200,28.599421
-128.397369,200,28.637801
-131.94711,200,28.749309
-137.534782,200,28.78798
-250.694272,200,28.826699
-130.154424,200,28.866585
-126.377287,200,28.907759
-266.360187,200,28.95146
-127.659182,200,28.993871
-129.249068,200,29.038131
-127.861107,200,29.081013
-969.320835,200,29.124956
-133.204582,200,29.257427
-128.104693,200,29.302021
-378.343185,200,29.347843
-135.633018,200,29.393322
-250.126502,200,29.439406
-257.806562,200,29.484959
-332.39418,200,29.532416
-451.818556,200,29.573171
-248.847983,200,29.612609
-783.301319,200,29.651427
-129.52853,200,29.76394
-558.619584,200,29.802776
-0.850214,200,29.841567
-913.11287,200,29.880379
-645.299924,200,29.91912
-387.472587,200,29.957647
-2.057982,200,29.996379
-785.115183,200,30.034506
-133.452849,200,30.072812
-768.677021,200,30.111285
-507.121217,200,30.220749
-268.552392,200,30.259966
-1.9018,200,30.298827
-499.31357,200,30.337103
-815.59441,200,30.375478
-127.212316,200,30.413741
-1.328368,200,30.451897
-132.353275,200,30.48994
-260.600373,200,30.528578
-271.234479,200,30.566539
-270.705174,200,30.683264
-129.736455,200,30.733448
-128.813206,200,30.800094
-254.276284,200,30.842438
-500.04834,200,30.885987
-130.211742,200,30.932087
-127.08751,200,30.977749
-134.259512,200,31.024517
-130.774275,200,31.067479
-129.616657,200,31.113714
-257.968542,200,31.245685
-132.764645,200,31.292939
-131.733051,200,31.338348
-237.698909,200,31.377518
-258.583994,200,31.416505
-131.553009,200,31.455197
-419.13514,200,31.493498
-2.908917,200,31.531832
-358.85153,200,31.570073
-127.909766,200,31.60825
-1.005846,200,31.717657
-393.463166,200,31.756679
-126.748948,200,31.795437
-242.555146,200,31.834347
-388.839634,200,31.872998
-1.180752,200,31.911397
-914.766201,200,31.949968
-793.667786,200,31.988368
-673.089936,200,32.026771
-3.225204,200,32.065246
-751.730829,200,32.174933
-915.721546,200,32.213437
-814.738122,200,32.25214
-646.062563,200,32.290239
-915.072611,200,32.32829
-334.942959,200,32.366659
-781.535948,200,32.4048
-713.296254,200,32.444045
-131.113451,200,32.482339
-0.791215,200,32.520647
-1044.201743,200,32.629342
-256.103666,200,32.667548
-262.80178,200,32.705716
-125.418432,200,32.743864
-1025.356692,200,32.782722
-249.695846,200,32.821851
-261.132872,200,32.860272
-260.158519,200,32.89842
-279.76489,200,32.937085
-774.495772,200,32.975432
-1.123896,200,33.08424
-120.234807,200,33.122698
-397.513608,200,33.161232
-259.13657,200,33.200677
-529.558048,200,33.24316
-259.682996,200,33.28497
-1.48471,200,33.327641
-647.861461,200,33.370459
-132.199986,200,33.413498
-126.422802,200,33.45935
-279.399648,200,33.591504
-390.905147,200,33.637119
-118.978013,200,33.681861
-254.141373,200,33.726977
-120.387331,200,33.773235
-1.604545,200,33.818925
-374.568376,200,33.866294
-129.034201,200,33.907265
-505.129898,200,33.946412
-265.003917,200,33.985198
-125.872714,200,34.098647
-0.910598,200,34.137671
-128.960486,200,34.176134
-236.644679,200,34.214607
-243.137784,200,34.253027
-365.370377,200,34.291278
-261.992077,200,34.329439
-384.39328,200,34.368015
-369.106526,200,34.406167
-122.56902,200,34.444407
-288.627837,200,34.553575
-446.695175,200,34.592323
-521.375861,200,34.630345
-1030.083123,200,34.668818
-770.819582,200,34.706883
-770.256795,200,34.748245
-2.817701,200,34.787084
-1029.694836,200,34.825404
-2.874112,200,34.863766
-810.082067,200,34.90252
-773.011168,200,35.029934
-842.793451,200,35.087908
-693.409187,200,35.130891
-876.884025,200,35.172649
-517.503419,200,35.216359
-398.796411,200,35.261147
-760.836381,200,35.306911
-766.733702,200,35.353313
-783.299536,200,35.397873
-649.176499,200,35.465715
-130.278579,200,35.593218
-919.033276,200,35.641032
-371.565904,200,35.683196
-776.669486,200,35.722029
-125.729084,200,35.760744
-895.87819,200,35.799396
-774.225456,200,35.837751
-742.193192,200,35.876037
-766.085842,200,35.914386
-245.479186,200,35.9529
-0.85216,200,36.061979
-930.022454,200,36.100748
-121.668856,200,36.139289
-256.992142,200,36.17762
-779.658863,200,36.21593
-387.361402,200,36.254233
-780.100228,200,36.292498
-649.744562,200,36.33039
-235.488511,200,36.36864
-5.858936,200,36.407084
-247.827597,200,36.515885
-1.793341,200,36.554185
-261.639003,200,36.592352
-131.814397,200,36.630643
-117.681322,200,36.669
-777.894941,200,36.707416
-1.291213,200,36.745336
-790.838852,200,36.78346
-768.671252,200,36.821462
-893.72934,200,36.8595
-239.605324,200,36.967931
-249.88306,200,37.006238
-1017.201051,200,37.044818
-1008.537018,200,37.08307
-252.267546,200,37.121365
-922.460709,200,37.159691
-1050.072191,200,37.198256
-1043.4466,200,37.236631
-907.595663,200,37.274869
-1.132436,200,37.313125
-900.563178,200,37.421272
-997.78254,200,37.460092
-906.161157,200,37.498497
-783.23602,200,37.536665
-916.53743,200,37.575192
-816.898312,200,37.613569
-781.85911,200,37.652045
-955.320002,200,37.691211
-825.62908,200,37.729286
-910.45126,200,37.767292
-2.114118,200,37.878181
-918.414278,200,37.916541
-917.899357,200,37.954931
-968.948039,200,37.993347
-838.237676,200,38.031464
-904.406783,200,38.069677
-521.759924,200,38.107824
-2.496013,200,38.14586
-841.18158,200,38.184475
-936.64499,200,38.222281
-915.374198,200,38.338976
-523.578449,200,38.381836
-1.555593,200,38.424582
-1.801106,200,38.467462
-910.637277,200,38.540744
-879.531788,200,38.585704
-130.41677,200,38.629054
-134.010766,200,38.673579
-869.117146,200,38.717956
-251.164567,200,38.762223
-905.314576,200,38.886963
-899.69786,200,38.954022
-904.506724,200,39.002561
-937.939926,200,39.041085
-253.571232,200,39.079825
-516.926048,200,39.118493
-1049.178647,200,39.157156
-1030.842523,200,39.195839
-1128.48961,200,39.234304
-919.732617,200,39.272874
-1048.980899,200,39.383361
-126.407204,200,39.422198
-1039.862872,200,39.460669
-1057.47567,200,39.499107
-7.798545,200,39.537975
-1065.514131,200,39.576259
-1045.082911,200,39.614629
-1001.071869,200,39.652926
-1.531905,200,39.691285
-3.912555,200,39.730332
-1052.097865,200,39.842352
-1017.189595,200,39.881201
-917.400214,200,39.922979
-931.255252,200,39.96653
-1057.967217,200,40.009417
-1052.448284,200,40.053652
-1060.840599,200,40.095566
-928.194725,200,40.139606
-128.755662,200,40.182332
-904.262341,200,40.245068
-130.122187,200,40.368772
-919.075886,200,40.414578
-4.608621,200,40.461383
-116.055634,200,40.5078
-940.626181,200,40.587214
-2.466217,200,40.631396
-515.725041,200,40.670625
-1.327095,200,40.709505
-1145.776757,200,40.748291
-126.469854,200,40.786409
-922.111922,200,40.8952
-391.369832,200,40.934261
-927.007152,200,40.972596
-789.04566,200,41.010508
-866.187107,200,41.048988
-2.333995,200,41.087155
-894.338334,200,41.125709
-1032.402332,200,41.164107
-0.985888,200,41.202198
-942.429135,200,41.240302
-1077.142494,200,41.349725
-1013.016266,200,41.388656
-889.044145,200,41.427227
-3.091045,200,41.465435
-768.167501,200,41.503934
-274.750968,200,41.542122
-130.115485,200,41.580319
-1252.89801,200,41.618639
-1217.111154,200,41.656705
-1009.363526,200,41.694774
-1199.27507,200,41.808447
-849.737042,200,41.851333
-120.177806,200,41.905101
-1199.026861,200,41.968448
-1244.412108,200,42.011554
-1212.53626,200,42.055476
-1220.224311,200,42.100553
-1072.420246,200,42.147989
-759.432353,200,42.193631
-1097.564118,200,42.239632
-1250.068597,200,42.379631
-950.006413,200,42.441076
-1046.54464,200,42.488345
-1015.758275,200,42.528723
-1205.699936,200,42.56796
-901.104036,200,42.606724
-1106.821203,200,42.645845
-1063.040656,200,42.684181
-1228.91369,200,42.722897
-1058.112877,200,42.761678
-896.04075,200,42.871032
-1266.07231,200,42.90986
-884.858504,200,42.948604
-909.057333,200,42.987582
-1174.845181,200,43.025695
-777.526624,200,43.063839
-1147.108435,200,43.102311
-806.549002,200,43.140541
-2.12675,200,43.179009
-784.913681,200,43.217081
-1.648612,200,43.327562
-1243.008824,200,43.366555
-519.829742,200,43.405179
-258.875161,200,43.443659
-121.512971,200,43.48199
-1.201052,200,43.520268
-1.517684,200,43.558497
-254.977845,200,43.596898
-1068.157595,200,43.636303
-875.874561,200,43.678437
-130.609094,200,43.7966
-1239.644491,200,43.839824
-905.948935,200,43.882833
-909.929075,200,43.944807
-1177.25744,200,44.00605
-1022.032845,200,44.05169
-1275.156054,200,44.095129
-118.521356,200,44.140515
-933.210349,200,44.186469
-1330.615995,200,44.231962
-1.474186,200,44.35046
-1358.343301,200,44.389672
-1363.996922,200,44.428864
-1409.405293,200,44.467791
-774.001669,200,44.506481
-1.400594,200,44.54512
-929.730753,200,44.583825
-1364.407043,200,44.622068
-896.405462,200,44.660533
-907.565202,200,44.698954
-1366.76788,200,44.811728
-1440.023193,200,44.850291
-877.103159,200,44.889325
-906.839859,200,44.927563
-723.193156,200,44.966308
-131.093115,200,45.004715
-2.285635,200,45.043194
-2.46083,200,45.081703
-3.783351,200,45.120069
-926.27137,200,45.158673
-806.803005,200,45.267822
-895.380941,200,45.306548
-370.472899,200,45.344876
-121.105048,200,45.383382
-127.14865,200,45.422205
-1.423723,200,45.460814
-8.21257,200,45.499044
-2.14233,200,45.537705
-1319.798148,200,45.576019
-888.874058,200,45.613995
-1.769638,200,45.723293
-1.226667,200,45.761883
-1345.618864,200,45.800314
-261.789675,200,45.838866
-1372.716038,200,45.877623
-1371.864823,200,45.916107
-251.640261,200,45.954485
-1.780231,200,45.99313
-1338.365446,200,46.031012
-125.724707,200,46.069319
-1337.6866,200,46.180836
-497.696278,200,46.219564
-3.000079,200,46.258154
-1321.977501,200,46.29707
-1066.941008,200,46.335398
-522.066147,200,46.373979
-1348.254309,200,46.412576
-2.164345,200,46.450793
-1371.545795,200,46.48878
-1424.837526,200,46.526839
-1401.306314,200,46.644511
-248.286522,200,46.712772
-392.489895,200,46.765144
-1.717762,200,46.807963
-2.856422,200,46.852621
-1.420719,200,46.897841
-897.192347,200,46.943564
-810.809922,200,46.988978
-1.610875,200,47.034394
-1.429724,200,47.09052
-119.544828,200,47.217341
-914.052673,200,47.265744
-120.531944,200,47.306773
-1010.971244,200,47.345783
-1284.024914,200,47.384776
-1358.046316,200,47.423565
-1381.962366,200,47.462183
-1231.442956,200,47.500704
-1231.354334,200,47.539253
-2.427017,200,47.577716
-923.504935,200,47.685941
-1430.849385,200,47.724822
-1248.332238,200,47.763417
-1343.672829,200,47.801735
-128.815646,200,47.840011
-1.932041,200,47.878125
-117.536742,200,47.916476
-125.771642,200,47.954596
-2.060888,200,47.9927
-1362.528428,200,48.031124
-1.090288,200,48.13986
-232.559038,200,48.178404
-1343.915613,200,48.216951
-1398.997272,200,48.255277
-780.804282,200,48.29395
-1433.687146,200,48.332191
-390.60354,200,48.370164
-124.407386,200,48.408459
-1387.697504,200,48.446852
-1327.608556,200,48.48602
-1380.189811,200,48.595273
-1376.004192,200,48.634242
-1338.79498,200,48.672672
-1332.34995,200,48.710769
-1000.786609,200,48.749349
-239.12042,200,48.78788
-1398.933238,200,48.826272
-1379.963714,200,48.865056
-391.798243,200,48.903149
-1357.854563,200,48.941444
-1248.697609,200,49.057171
-1.979104,200,49.099648
-1359.329443,200,49.143767
-1490.918614,200,49.18625
-132.962382,200,49.240576
-1426.348663,200,49.307966
-1309.005549,200,49.354256
-1380.03975,200,49.400446
-1277.75286,200,49.444205
-1527.513682,200,49.489727
-1504.534237,200,49.613888
-1456.39482,200,49.65826
-1102.941277,200,49.697609
-1.79192,200,49.737473
-1395.245307,200,49.77795
-238.485572,200,49.816645
-258.41146,200,49.855263
-115.53817,200,49.893644
-1198.772409,200,49.931746
-917.163523,200,49.970322
-1015.355622,200,50.078206
-246.989472,200,50.116799
-275.268736,200,50.155197
-1400.408075,200,50.1935
-241.813724,200,50.231823
-124.016736,200,50.269836
-1342.464623,200,50.307773
-1.605355,200,50.346034
-1492.015473,200,50.383835
-246.477186,200,50.422623
-1356.341591,200,50.531453
-841.569296,200,50.570003
-1012.285713,200,50.608232
-1309.873263,200,50.646147
-242.597644,200,50.684296
-1355.378682,200,50.722566
-1016.249032,200,50.760848
-647.09792,200,50.799103
-1210.456205,200,50.837158
-1122.44881,200,50.87494
-1.539314,200,51.004921
-918.922693,200,51.065209
-319.256183,200,51.108221
-343.481461,200,51.151969
-1364.365492,200,51.196424
-1346.598477,200,51.241399
-880.61102,200,51.286489
-122.520756,200,51.333049
-1017.458586,200,51.378559
-1446.534375,200,51.450894
-1381.998122,200,51.58036
-1518.718739,200,51.626759
-1421.152753,200,51.666166
-1210.487097,200,51.704568
-249.779415,200,51.743646
-1084.485843,200,51.781933
-1069.279869,200,51.820436
-2.848856,200,51.858978
-1173.993598,200,51.897439
-1035.697602,200,51.935478
-314.837879,200,52.044302
-1319.061576,200,52.082987
-121.886352,200,52.121023
-1343.448925,200,52.159248
-1191.195886,200,52.197415
-1313.165293,200,52.235296
-1214.348997,200,52.273171
-1051.371262,200,52.311367
-1347.09867,200,52.349683
-3.828554,200,52.388003
-125.470022,200,52.496833
-1073.908174,200,52.53543
-2.522703,200,52.573735
-1158.625317,200,52.611947
-1201.852932,200,52.650202
-1059.871053,200,52.688439
-232.515492,200,52.726686
-1052.531994,200,52.764888
-1256.652629,200,52.803175
-1108.305123,200,52.841549
-125.556689,200,52.949294
-1062.567714,200,52.987312
-240.933217,200,53.025454
-1100.511574,200,53.063828
-1173.071303,200,53.102072
-526.151254,200,53.140316
-1192.479672,200,53.178258
-3.218307,200,53.216452
-1173.149265,200,53.254865
-1075.759883,200,53.293001
-1108.946767,200,53.401018
-121.640508,200,53.439263
-248.510471,200,53.477667
-3.239698,200,53.515921
-1036.068074,200,53.554193
-1.41691,200,53.592125
-1036.108583,200,53.630516
-1107.934769,200,53.66876
-1064.11482,200,53.707072
-1051.710057,200,53.745243
-1058.158487,200,53.852764
-1275.30294,200,53.89117
-1230.804979,200,53.929344
-1194.24764,200,53.967622
-124.597698,200,54.006162
-1152.081203,200,54.044094
-261.634741,200,54.082104
-1049.391005,200,54.119842
-2.580927,200,54.157947
-123.708905,200,54.195896
-2.151704,200,54.303667
-1047.654671,200,54.341952
-813.681467,200,54.380054
-231.280942,200,54.418265
-131.923812,200,54.456644
-1.938195,200,54.494791
-1190.538161,200,54.533011
-1184.283224,200,54.57123
-246.149779,200,54.609415
-121.767484,200,54.647466
-262.005551,200,54.757958
-122.018993,200,54.796963
-125.632082,200,54.835424
-1209.693451,200,54.873695
-1151.975288,200,54.911882
-1087.250754,200,54.949797
-1222.061722,200,54.98795
-2.891552,200,55.026032
-1225.728448,200,55.063869
-248.517202,200,55.101978
-1195.376405,200,55.211135
-1055.613327,200,55.249711
-1207.139994,200,55.288209
-926.55472,200,55.326124
-1229.452104,200,55.364323
-128.186517,200,55.402248
-129.220316,200,55.440225
-1.787687,200,55.478351
-1198.578403,200,55.516505
-1214.174823,200,55.554361
-122.295627,200,55.662031
-118.477163,200,55.700521
-2.074591,200,55.738712
-1193.586906,200,55.776928
-1224.273212,200,55.815256
-1204.299176,200,55.85338
-2.490714,200,55.891269
-287.693303,200,55.929662
-1223.761843,200,55.967711
-241.010699,200,56.005892
-128.365192,200,56.113656
-1219.296269,200,56.151536
-252.729236,200,56.189535
-120.046547,200,56.227603
-1224.494368,200,56.265913
-1203.43692,200,56.304003
-126.548891,200,56.342097
-249.881607,200,56.380115
-380.946896,200,56.418462
-247.645746,200,56.456759
-125.825196,200,56.564388
-1226.027957,200,56.602609
-521.90143,200,56.640757
-1187.793532,200,56.678639
-662.795119,200,56.71695
-782.58078,200,56.754725
-131.021048,200,56.792718
-2.409115,200,56.830757
-1223.20328,200,56.868613
-1237.130931,200,56.906752
-2.209799,200,57.015891
-3.199606,200,57.054058
-131.194213,200,57.092446
-130.398153,200,57.130551
-127.393601,200,57.168565
-2.118312,200,57.206808
-254.486188,200,57.244685
-124.020743,200,57.282993
-781.357585,200,57.321074
-250.7865,200,57.359159
-909.937538,200,57.467049
-2.240419,200,57.505183
-1233.006521,200,57.543312
-130.773192,200,57.581409
-657.693294,200,57.619395
-133.564329,200,57.657442
-122.751723,200,57.69563
-260.903387,200,57.733512
-285.116509,200,57.771499
-3.789666,200,57.809616
-250.527864,200,57.920157
-1181.465116,200,57.958924
-238.434185,200,57.997499
-381.272035,200,58.035587
-959.922632,200,58.073853
-125.117628,200,58.112169
-251.931763,200,58.15035
-1182.010053,200,58.188295
-248.937499,200,58.22632
-295.308501,200,58.264397
-2.564806,200,58.374475
-2.142013,200,58.412864
-787.841516,200,58.451245
-257.70942,200,58.489587
-1238.302712,200,58.527785
-356.484502,200,58.566037
-302.037669,200,58.604238
-914.039617,200,58.642378
-131.756563,200,58.680524
-263.810213,200,58.718579
-264.986399,200,58.826826
-117.26754,200,58.865359
-237.457559,200,58.903638
-653.492311,200,58.941529
-257.174176,200,58.98002
-1226.808884,200,59.018214
-2.095003,200,59.056441
-123.678764,200,59.094503
-899.462409,200,59.132506
-132.923854,200,59.170433
-247.04458,200,59.278767
-243.61818,200,59.317359
-134.463331,200,59.355641
-270.635459,200,59.393935
-241.119052,200,59.432415
-124.875549,200,59.470334
-247.140004,200,59.508355
-245.821582,200,59.590386
-129.060717,200,59.629605
-1209.502295,200,59.66781
-244.371042,200,59.780059
-238.061962,200,59.818701
-133.593375,200,59.856456
-3.195229,200,59.894758
-235.591446,200,59.933374
-3.381555,200,59.971745
-997.613376,200,60.009922
-1214.211093,200,60.047798
-303.819832,200,60.085837
-120.681816,200,60.124346
-1.759371,200,60.241853
-127.407173,200,60.283962
-258.853958,200,60.327725
-251.79645,200,60.382841
-1079.552155,200,60.447624
-371.305026,200,60.49218
-1069.223778,200,60.536666
-1.724854,200,60.584992
-121.182992,200,60.629165
-122.949829,200,60.675156
-261.715003,200,60.800185
-253.931872,200,60.867389
-117.606107,200,60.910536
-374.525463,200,60.94926
-119.211284,200,60.987948
-249.047597,200,61.026566
-1220.409415,200,61.065018
-134.104711,200,61.103482
-1.895995,200,61.142183
-255.848605,200,61.180425
-1222.865301,200,61.288925
-362.541069,200,61.327418
-129.704639,200,61.366029
-1204.871514,200,61.404455
-265.499935,200,61.44238
-126.443715,200,61.480691
-278.108489,200,61.518582
-239.152361,200,61.556432
-1245.747654,200,61.594564
-1223.909481,200,61.633365
-426.355139,200,61.741948
-1.428204,200,61.780598
-121.66311,200,61.818941
-240.682691,200,61.857325
-132.093862,200,61.895505
-2.605195,200,61.933519
-124.774787,200,61.971914
-1.40286,200,62.010263
-124.094358,200,62.048105
-254.495498,200,62.086322
-258.717263,200,62.234466
-124.361653,200,62.277084
-1244.88035,200,62.320654
-1220.289541,200,62.363975
-131.312924,200,62.407879
-1203.177252,200,62.452798
-375.412415,200,62.516537
-397.468978,200,62.572248
-1219.12834,200,62.616804
-128.598006,200,62.664605
-241.435549,200,62.791203
-1255.829229,200,62.83702
-1203.693459,200,62.876271
-247.769494,200,62.915097
-1.926246,200,62.953603
-1.51113,200,62.991687
-237.544088,200,63.030127
-2.949455,200,63.068418
-132.079885,200,63.10669
-132.030137,200,63.144965
-258.554381,200,63.252799
-1160.077258,200,63.291538
-238.575807,200,63.329937
-249.705864,200,63.368415
-1200.717485,200,63.406875
-243.449146,200,63.445009
-1206.67636,200,63.48331
-2.591577,200,63.52177
-121.919004,200,63.560173
-243.75543,200,63.598184
-125.101148,200,63.706215
-1189.689857,200,63.744646
-1.182402,200,63.783047
-249.406413,200,63.82118
-1258.275434,200,63.859386
-239.868,200,63.897635
-357.050639,200,63.936004
-123.583046,200,63.974184
-1157.455962,200,64.012397
-124.914709,200,64.050544
-241.061683,200,64.158225
-286.640272,200,64.196761
-121.877571,200,64.235111
-131.674044,200,64.273211
-254.539361,200,64.311323
-245.046523,200,64.349559
-124.179122,200,64.387879
-363.072867,200,64.425971
-1211.190203,200,64.464039
-1208.921572,200,64.502098
-1.446322,200,64.609986
-338.130864,200,64.648521
-785.058202,200,64.68696
-123.524464,200,64.725418
-2.276697,200,64.766843
-306.387515,200,64.806176
-299.168557,200,64.844971
-262.491353,200,64.883498
-237.211088,200,64.921978
-121.864742,200,64.959795
-1.438754,200,65.070536
-1138.936218,200,65.109007
-1112.748358,200,65.147399
-125.689969,200,65.185557
-1178.994353,200,65.22346
-129.625152,200,65.261386
-381.247983,200,65.299552
-1087.584803,200,65.337883
-1.784099,200,65.375938
-1.551621,200,65.414145
-1088.022523,200,65.522673
-2.47216,200,65.56107
-248.384608,200,65.599357
-121.431932,200,65.63847
-1.495939,200,65.676851
-122.582548,200,65.715153
-120.046291,200,65.753335
-384.407248,200,65.791588
-120.951109,200,65.829667
-1029.942286,200,65.867912
-117.024036,200,65.97602
-131.707476,200,66.014548
-264.521234,200,66.052896
-247.494056,200,66.090981
-124.753016,200,66.129079
-252.217935,200,66.167534
-126.749719,200,66.205758
-236.186206,200,66.243785
-1072.352663,200,66.281846
-1119.539463,200,66.320036
-251.57921,200,66.42823
-249.669677,200,66.466877
-244.582225,200,66.505061
-130.471876,200,66.543003
-243.605858,200,66.581335
-127.570481,200,66.619491
-126.401339,200,66.657514
-140.192101,200,66.700478
-125.393685,200,66.738874
-3.721397,200,66.777223
-2.373489,200,66.885514
-244.013782,200,66.924145
-125.876458,200,66.962884
-310.412307,200,67.001301
-248.742824,200,67.039396
-128.587356,200,67.07764
-1.501285,200,67.11573
-127.877772,200,67.154164
-2.96456,200,67.192454
-125.424795,200,67.230813
-248.27997,200,67.341357
-126.263425,200,67.380033
-246.444949,200,67.418474
-131.738593,200,67.456543
-236.362133,200,67.49506
-239.723605,200,67.53331
-239.658815,200,67.571428
-4.00539,200,67.609717
-126.898002,200,67.647904
-127.178472,200,67.685905
-1055.705944,200,67.794666
-977.347532,200,67.833463
-0.989245,200,67.873588
-249.736182,200,67.912655
-120.630454,200,67.951233
-125.388174,200,67.989201
-264.57984,200,68.027376
-272.879532,200,68.065826
-128.438939,200,68.104084
-2.567587,200,68.142277
-297.605548,200,68.250615
-239.115118,200,68.289124
-121.275743,200,68.327501
-127.800173,200,68.365922
-298.832982,200,68.404201
-122.677196,200,68.442576
-129.163096,200,68.480621
-123.141339,200,68.518639
-242.689823,200,68.556937
-238.883298,200,68.594656
-122.121533,200,68.702799
-1050.069583,200,68.741419
-378.038814,200,68.779527
-243.502835,200,68.817729
-127.229555,200,68.856122
-253.238959,200,68.894271
-254.562382,200,68.932168
-386.305265,200,68.970174
-120.450107,200,69.008515
-222.651289,200,69.046654
-126.073663,200,69.155387
-122.580097,200,69.193747
-121.931252,200,69.23203
-336.177042,200,69.270244
-2.694275,200,69.308486
-117.546294,200,69.346621
-1015.869094,200,69.384858
-235.830583,200,69.42334
-1020.317392,200,69.46158
-240.932574,200,69.4997
-247.400103,200,69.611062
-123.619891,200,69.650041
-241.75886,200,69.688154
-227.211759,200,69.726301
-235.934288,200,69.767352
-230.957298,200,69.806839
-120.688873,200,69.845244
-248.201164,200,69.883587
-246.404139,200,69.921765
-128.039566,200,69.960419
-259.115159,200,70.070303
-120.049071,200,70.109133
-122.834895,200,70.147361
-122.254027,200,70.185575
-244.541349,200,70.22388
-256.128877,200,70.262263
-227.230046,200,70.300488
-131.528094,200,70.338534
-127.85212,200,70.376757
-259.91839,200,70.414733
-130.320074,200,70.524181
-232.914252,200,70.563066
-778.113478,200,70.601703
-483.847054,200,70.639959
-359.217846,200,70.677783
-128.037833,200,70.716003
-128.702003,200,70.754172
-244.821997,200,70.792421
-122.85885,200,70.832277
-236.25294,200,70.873944
-241.675,200,71.01803
-2.775916,200,71.060463
-229.47604,200,71.104512
-1.560129,200,71.14969
-1011.242443,200,71.195427
-246.027612,200,71.263035
-123.999696,200,71.315608
-243.499866,200,71.362881
-126.180231,200,71.408183
-122.432305,200,71.453956
-1.000032,200,71.57716
-1.639828,200,71.616221
-119.797597,200,71.655428
-125.801787,200,71.693949
-123.842565,200,71.732044
-240.577785,200,71.770334
-330.451695,200,71.8087
-977.538384,200,71.847109
-242.761097,200,71.885851
-128.837178,200,71.924152
-1.009353,200,72.03338
-315.916864,200,72.071693
-120.877122,200,72.110459
-126.857213,200,72.148658
-124.000951,200,72.18711
-365.213836,200,72.225426
-2.269263,200,72.263569
-1.427154,200,72.30158
-246.860448,200,72.339588
-242.015349,200,72.378075
-126.023661,200,72.486412
-130.299029,200,72.52501
-127.668063,200,72.563265
-241.197366,200,72.601489
-127.651663,200,72.639847
-334.713422,200,72.678234
-119.788899,200,72.716496
-245.65054,200,72.754965
-518.46325,200,72.793127
-127.926835,200,72.831209
-126.256417,200,72.940079
-124.203289,200,72.978648
-120.863318,200,73.01721
-128.034461,200,73.057608
-1.153705,200,73.096285
-262.046509,200,73.137592
-127.431772,200,73.177274
-239.361452,200,73.215503
-127.196281,200,73.253635
-127.677894,200,73.291621
-126.647839,200,73.400795
-236.952504,200,73.43928
-1.340243,200,73.477537
-126.490957,200,73.515391
-127.107857,200,73.553685
-242.944459,200,73.592113
-128.654991,200,73.638476
-119.494662,200,73.676195
-243.688074,200,73.714218
-382.770713,200,73.752314
-126.702234,200,73.865969
-127.123477,200,73.908528
-776.71509,200,73.952157
-128.165027,200,74.004406
-258.662097,200,74.06524
-127.774137,200,74.108078
-243.503662,200,74.152366
-128.372231,200,74.197841
-128.108705,200,74.244394
-1.563803,200,74.289358
-346.929633,200,74.417369
-264.214931,200,74.48446
-243.972836,200,74.542174
-927.335378,200,74.585333
-121.365413,200,74.624106
-1.031261,200,74.662605
-128.688661,200,74.700776
-116.758278,200,74.738984
-246.685704,200,74.7805
-121.253102,200,74.819203
-132.699135,200,74.928559
-3.162079,200,74.967165
-129.23386,200,75.005603
-354.36157,200,75.043825
-1.259687,200,75.082399
-124.832032,200,75.120448
-369.952175,200,75.158807
-124.549316,200,75.196887
-240.603664,200,75.235267
-128.567419,200,75.273507
-128.08997,200,75.382214
-128.421236,200,75.42097
-367.399874,200,75.459317
-115.265057,200,75.497543
-240.446967,200,75.53556
-1.696687,200,75.574018
-127.778999,200,75.612207
-350.277242,200,75.650209
-122.761146,200,75.688384
-303.065871,200,75.727177
-125.387908,200,75.835989
-864.374245,200,75.874603
-118.955728,200,75.913059
-242.377828,200,75.951507
-237.764852,200,75.989859
-126.713888,200,76.028118
-248.289378,200,76.066498
-241.775103,200,76.104732
-120.02473,200,76.142616
-240.959362,200,76.180831
-126.908478,200,76.298537
-124.98813,200,76.341341
-386.371951,200,76.383825
-118.121636,200,76.426498
-122.374484,200,76.470997
-252.233782,200,76.523404
-264.931747,200,76.590345
-127.292485,200,76.636941
-124.671597,200,76.682528
-1.222362,200,76.726751
-122.038329,200,76.851693
-128.834595,200,76.895272
-249.104702,200,76.934462
-242.560036,200,76.972755
-346.450177,200,77.011298
-1.668182,200,77.049853
-124.473518,200,77.088243
-1.392246,200,77.126633
-308.862445,200,77.164863
-233.731023,200,77.203134
-318.663676,200,77.312141
-1.510535,200,77.350511
-122.538279,200,77.388847
-246.838442,200,77.426782
-125.337765,200,77.465524
-128.472013,200,77.503829
-1.161717,200,77.541935
-122.383689,200,77.580339
-129.906556,200,77.61874
-126.615,200,77.6571
-125.012117,200,77.765327
-126.103542,200,77.803873
-246.631718,200,77.841991
-123.244277,200,77.880492
-127.055153,200,77.918392
-119.572588,200,77.956615
-126.241439,200,77.994826
-247.961843,200,78.032814
-129.449922,200,78.0705
-127.698502,200,78.108612
-245.596253,200,78.21805
-371.668137,200,78.256722
-127.977452,200,78.295437
-129.895796,200,78.33374
-1.688771,200,78.371903
-284.572194,200,78.41059
-236.588046,200,78.44919
-372.591141,200,78.487545
-115.281515,200,78.525894
-124.988932,200,78.563973
-119.552952,200,78.705728
-245.042006,200,78.744092
-127.858318,200,78.782589
-129.13987,200,78.821256
-244.509053,200,78.859178
-125.07374,200,78.897077
-1.441054,200,78.935169
-233.609599,200,78.973061
-1.627103,200,79.011174
-252.893674,200,79.0494
-130.048829,200,79.158222
-1.665198,200,79.196397
-124.120347,200,79.234296
-116.314822,200,79.272826
-1.503343,200,79.310897
-127.855218,200,79.349115
-127.084332,200,79.387025
-4.410319,200,79.425208
-127.780429,200,79.463462
-127.257283,200,79.501742
-126.14334,200,79.610448
-1.663555,200,79.648908
-253.049993,200,79.687191
-254.4747,200,79.725403
-234.46538,200,79.765426
-321.661747,200,79.805586
-238.605917,200,79.844161
-128.488102,200,79.882346
-270.151016,200,79.920658
-241.64036,200,79.958711
-296.163959,200,80.06759
-346.047774,200,80.106198
-239.505113,200,80.14499
-117.609324,200,80.183147
-115.950543,200,80.221496
-127.995021,200,80.259727
-127.273357,200,80.298313
-126.998138,200,80.336289
-255.438468,200,80.374418
-118.704593,200,80.412657
-238.806735,200,80.520745
-123.190969,200,80.55932
-117.51739,200,80.597349
-126.864619,200,80.635415
-1.205957,200,80.673148
-123.879395,200,80.719669
-121.270089,200,80.75794
-126.292029,200,80.796205
-127.984194,200,80.834313
-116.884506,200,80.872468
-253.661149,200,80.981673
-238.616554,200,81.02045
-128.906112,200,81.058888
-242.809654,200,81.096846
-254.959612,200,81.135242
-237.88442,200,81.173757
-130.441325,200,81.211993
-1.198175,200,81.250041
-127.684437,200,81.288087
-301.132832,200,81.326424
-122.579785,200,81.442415
-125.102122,200,81.485411
-234.679613,200,81.540262
-125.990264,200,81.600926
-121.712702,200,81.644601
-359.169309,200,81.688144
-235.075811,200,81.732562
-123.200167,200,81.778499
-124.057281,200,81.824735
-121.150365,200,81.869273
-128.563884,200,82.015613
-120.219501,200,82.07102
-128.384684,200,82.119863
-1.661837,200,82.159807
-380.42044,200,82.198933
-316.630502,200,82.237932
-248.923275,200,82.276548
-125.491193,200,82.31499
-127.41962,200,82.353777
-127.64349,200,82.392396
-267.308265,200,82.501863
-128.596652,200,82.540688
-1.104564,200,82.579325
-124.634112,200,82.617713
-123.580044,200,82.656347
-127.674968,200,82.694572
-125.676775,200,82.732458
-2.447865,200,82.770215
-128.532132,200,82.808286
-123.607196,200,82.846679
-370.361393,200,82.955721
-122.560247,200,82.994271
-253.758942,200,83.033047
-0.747434,200,83.071149
-238.401001,200,83.109686
-116.410665,200,83.148085
-336.045876,200,83.186573
-315.8003,200,83.224956
-125.672419,200,83.263281
-125.148491,200,83.30148
-124.238615,200,83.410424
-122.342951,200,83.448995
-125.821166,200,83.487556
-382.002476,200,83.526089
-127.542362,200,83.564299
-122.890971,200,83.60281
-237.948815,200,83.641353
-126.994801,200,83.679787
-239.056522,200,83.718093
-122.300151,200,83.756228
-243.498478,200,83.865855
-121.264715,200,83.904329
-310.675329,200,83.942661
-2.220582,200,83.980732
-1.314874,200,84.01872
-127.913407,200,84.056367
-118.928033,200,84.094601
-127.799293,200,84.132504
-125.19476,200,84.170501
-360.078057,200,84.208464
-1.274765,200,84.316931
-1.493248,200,84.355342
-1.568241,200,84.393405
-125.963824,200,84.43192
-123.371276,200,84.469971
-122.151677,200,84.508144
-238.96938,200,84.5462
-128.169417,200,84.584445
-2.094187,200,84.622869
-1.844326,200,84.6615
-240.35058,200,84.772807
-343.712681,200,84.813155
-240.202501,200,84.852095
-123.389098,200,84.890419
-232.59223,200,84.928809
-2.734133,200,84.966857
-363.101615,200,85.004923
-123.26058,200,85.042889
-360.546745,200,85.081443
-240.643611,200,85.119585
-125.000537,200,85.236829
-124.889561,200,85.28049
-125.264714,200,85.323335
-127.980171,200,85.365728
-129.273724,200,85.408897
-129.167501,200,85.470992
-127.152567,200,85.524455
-349.174411,200,85.569215
-127.223751,200,85.612977
-253.550233,200,85.657876
-293.38599,200,85.78143
-119.477998,200,85.82541
-130.176178,200,85.864526
-232.070912,200,85.903063
-268.476108,200,85.941871
-355.493108,200,85.980161
-121.52721,200,86.018571
-128.100969,200,86.057081
-126.872834,200,86.095008
-126.15508,200,86.13336
-359.686091,200,86.24213
-122.543073,200,86.280725
-124.958589,200,86.319196
-123.57453,200,86.357373
-252.632845,200,86.395487
-241.435047,200,86.433569
-120.288263,200,86.472066
-119.048796,200,86.510371
-124.98454,200,86.548682
-1.261011,200,86.586953
-127.265899,200,86.696077
-358.441538,200,86.73467
-122.550956,200,86.773155
-238.725775,200,86.814751
-120.571595,200,86.857125
-121.868277,200,86.904875
-1.539094,200,86.975063
-128.531697,200,87.017348
-236.222588,200,87.060326
-121.963793,200,87.105054
-128.163438,200,87.227645
-121.440014,200,87.273919
-240.569981,200,87.339331
-2.184878,200,87.399675
-255.015644,200,87.449746
-244.394762,200,87.499136
-266.738504,200,87.539862
-127.583136,200,87.578791
-125.038223,200,87.617785
-1.484649,200,87.656391
-117.312476,200,87.765877
-123.430373,200,87.804419
-356.148113,200,87.842756
-240.017014,200,87.881321
-240.812839,200,87.919966
-115.185365,200,87.958587
-239.579475,200,87.996885
-0.877385,200,88.035244
-1.17566,200,88.073459
-237.913319,200,88.11148
-233.362517,200,88.220455
-388.784923,200,88.259093
-246.793902,200,88.29771
-240.36062,200,88.33545
-332.705312,200,88.373847
-235.043685,200,88.412197
-244.473475,200,88.450234
-348.480532,200,88.488401
-126.468282,200,88.526417
-127.186002,200,88.56442
-312.669029,200,88.673127
-127.447477,200,88.711504
-243.742112,200,88.74982
-243.117256,200,88.788003
-118.495967,200,88.826336
-1.34449,200,88.864394
-124.265779,200,88.902594
-1.722467,200,88.941198
-3.505102,200,88.979819
-242.914432,200,89.017973
-250.62219,200,89.126483
-249.972354,200,89.164813
-127.646585,200,89.203119
-398.965622,200,89.241294
-122.714196,200,89.279705
-127.454986,200,89.318022
-244.203399,200,89.355995
-256.295151,200,89.393868
-126.491355,200,89.431438
-123.314208,200,89.4693
-257.170815,200,89.578041
-125.13322,200,89.616894
-363.000592,200,89.655148
-127.482887,200,89.693393
-123.634491,200,89.731801
-238.318554,200,89.771164
-126.848867,200,89.811387
-5.150771,200,89.850412
-124.133486,200,89.888757
-129.829384,200,89.927055
-129.001422,200,90.035955
-2.384128,200,90.074404
-242.357414,200,90.112502
-2.920758,200,90.150599
-1.05566,200,90.188585
-124.149875,200,90.22652
-256.410937,200,90.264536
-237.227418,200,90.302518
-492.890508,200,90.340592
-128.388206,200,90.37875
-471.540135,200,90.486975
-122.742435,200,90.525072
-253.419699,200,90.56326
-256.48878,200,90.601308
-242.288242,200,90.639453
-255.081728,200,90.677565
-256.644971,200,90.715561
-129.6236,200,90.753454
-130.259795,200,90.791362
-126.777853,200,90.829367
-248.648202,200,90.937844
-366.490844,200,90.976273
-357.486766,200,91.014589
-233.928444,200,91.052695
-244.258655,200,91.091217
-239.379383,200,91.129178
-352.853998,200,91.167333
-261.291583,200,91.205603
-121.188791,200,91.243785
-0.937679,200,91.2818
-125.460122,200,91.390427
-130.168536,200,91.428709
-358.372291,200,91.467456
-228.699035,200,91.505474
-2.779318,200,91.543757
-253.609858,200,91.581593
-1.485163,200,91.61967
-254.013765,200,91.657511
-128.407742,200,91.69551
-355.283429,200,91.733545
-255.748757,200,91.841514
-127.760567,200,91.880022
-230.975352,200,91.918118
-123.739022,200,91.956046
-124.457322,200,91.994258
-239.88818,200,92.031946
-2.202608,200,92.070138
-245.618383,200,92.108461
-1.047682,200,92.146143
-127.547632,200,92.184319
-296.196871,200,92.292942
-2.056254,200,92.331364
-130.127651,200,92.369984
-344.272254,200,92.408372
-448.657637,200,92.446718
-345.69341,200,92.484942
-254.615142,200,92.523202
-118.812702,200,92.560974
-126.950445,200,92.599027
-126.954954,200,92.637016
-241.039314,200,92.753431
-365.37887,200,92.796747
-116.623564,200,92.839127
-128.447206,200,92.882346
-126.642511,200,92.937586
-273.168414,200,93.000121
-244.782963,200,93.044124
-121.107737,200,93.090483
-124.035139,200,93.135003
-2.058767,200,93.179371
-248.474084,200,93.306699
-243.081466,200,93.377803
-127.464027,200,93.419887
-242.484555,200,93.458584
-241.022908,200,93.497411
-363.526458,200,93.536204
-245.067014,200,93.574855
-1.777444,200,93.613872
-345.26672,200,93.652781
-121.60101,200,93.691456
-251.022701,200,93.801731
-251.649592,200,93.840299
-251.2874,200,93.879166
-369.096016,200,93.917541
-126.24384,200,93.955947
-1.009548,200,93.994038
-238.893096,200,94.032594
-287.415736,200,94.071269
-372.915899,200,94.109551
-368.585513,200,94.147909
-118.071822,200,94.256865
-123.21162,200,94.295691
-251.93476,200,94.334358
-502.389662,200,94.372825
-363.246336,200,94.411315
-1.085015,200,94.449716
-130.233979,200,94.488025
-244.277704,200,94.526446
-1.167946,200,94.564816
-251.096524,200,94.603162
-243.312201,200,94.712671
-244.173313,200,94.751155
-1.091837,200,94.791844
-245.594485,200,94.831156
-126.264696,200,94.870482
-252.078934,200,94.909078
-230.477818,200,94.947576
-491.083251,200,94.985636
-128.920127,200,95.024254
-240.304521,200,95.062989
-2.351954,200,95.172474
-246.23497,200,95.210587
-1.0843,200,95.24906
-255.817852,200,95.286895
-488.244613,200,95.325065
-489.985688,200,95.363414
-247.772393,200,95.401603
-1.088731,200,95.439873
-124.43358,200,95.478207
-1.615686,200,95.516247
-636.871455,200,95.626073
-241.015378,200,95.664355
-117.971354,200,95.702907
-241.250077,200,95.741142
-243.325512,200,95.779287
-413.552338,200,95.817546
-361.094332,200,95.855899
-251.563662,200,95.893887
-121.702294,200,95.932329
-508.51646,200,95.970727
-1.445231,200,96.080966
-1.658333,200,96.119614
-376.893427,200,96.158263
-254.302252,200,96.197027
-369.419521,200,96.235722
-243.886598,200,96.274207
-382.845006,200,96.31218
-239.541216,200,96.350502
-372.920697,200,96.389388
-368.907804,200,96.427293
-127.309277,200,96.543433
-374.788305,200,96.586316
-232.064912,200,96.630287
-240.131826,200,96.673526
-0.457123,200,96.715993
-245.492971,200,96.761159
-2.995066,200,96.825759
-243.990083,200,96.886269
-256.79383,200,96.930677
-0.988928,200,96.976672
-334.133953,200,97.102723
-123.266913,200,97.150146
-121.049755,200,97.213991
-368.112437,200,97.253338
-0.814536,200,97.292179
-495.000715,200,97.331096
-366.571652,200,97.369839
-125.758385,200,97.408455
-241.428321,200,97.447017
-124.08769,200,97.485802
-247.933918,200,97.593845
-117.886458,200,97.632517
-371.915527,200,97.670847
-0.78699,200,97.708908
-333.478744,200,97.746939
-249.764236,200,97.785121
-1.132452,200,97.82327
-0.825584,200,97.861393
-478.40872,200,97.899919
-236.448434,200,97.938443
-0.759146,200,98.047948
-367.844225,200,98.086385
-330.564409,200,98.124858
-243.512233,200,98.163015
-1.03937,200,98.201538
-394.975022,200,98.239452
-252.3316,200,98.277759
-254.798635,200,98.316203
-359.337735,200,98.35412
-384.303787,200,98.39258
-350.775895,200,98.501567
-358.560067,200,98.540171
-124.875972,200,98.57845
-256.074675,200,98.617167
-434.609455,200,98.656197
-371.103252,200,98.694724
-498.964844,200,98.733029
-555.605175,200,98.771587
-369.469036,200,98.809956
-253.387662,200,98.847936
-363.655668,200,98.964906
-252.059604,200,99.013489
-120.102199,200,99.081283
-123.378115,200,99.12438
-254.251786,200,99.168891
-237.723338,200,99.21464
-127.936812,200,99.261752
-126.673955,200,99.308108
-116.422394,200,99.352372
-1.241108,200,99.413878
-255.864337,200,99.548004
-239.637906,200,99.595825
-387.641713,200,99.672145
-241.619956,200,99.711177
-116.741331,200,99.749776
-248.125655,200,99.789759
-370.10273,200,99.829412
-117.495951,200,99.867879
-1.036326,200,99.906076
-245.652747,200,99.944329
-121.015721,200,100.05361
-244.576663,200,100.092097
-116.785401,200,100.130731
-116.758515,200,100.168913
-128.557082,200,100.20693
-250.13914,200,100.244841
-1.517186,200,100.282958
-250.65705,200,100.321126
-258.245711,200,100.359394
-123.007941,200,100.397576
-128.246762,200,100.506474
-123.467112,200,100.545237
-244.187867,200,100.58362
-117.192156,200,100.621709
-123.426622,200,100.660224
-1.678939,200,100.698428
-1.188567,200,100.736654
-119.71929,200,100.77524
-121.050586,200,100.813462
-121.561725,200,100.851558
-125.617941,200,100.960192
-243.12818,200,100.998528
-126.976302,200,101.037033
-365.724683,200,101.075661
-242.400961,200,101.114247
-122.326781,200,101.152677
-126.778237,200,101.190869
-247.577915,200,101.22915
-244.861758,200,101.267502
-358.428744,200,101.305756
-232.784561,200,101.414734
-366.575141,200,101.452974
-260.414299,200,101.491558
-124.394371,200,101.529774
-116.899382,200,101.568253
-254.82722,200,101.606461
-236.95587,200,101.644745
-1.360912,200,101.682541
-248.460282,200,101.720638
-233.945047,200,101.758643
-126.039508,200,101.866936
-492.700296,200,101.905139
-238.256727,200,101.94344
-127.606091,200,101.981374
-0.852114,200,102.019473
-372.593483,200,102.057777
-0.68445,200,102.0958
-2.036292,200,102.133515
-234.000888,200,102.171738
-249.484158,200,102.209473
-127.621409,200,102.31813
-130.323367,200,102.357072
-125.139745,200,102.395241
-122.663838,200,102.43332
-121.264184,200,102.471765
-243.221426,200,102.510074
-124.956501,200,102.548247
-123.018469,200,102.586559
-127.719514,200,102.624681
-119.987081,200,102.662952
-1.008761,200,102.778293
-2.587354,200,102.821958
-349.697855,200,102.864471
-474.299044,200,102.908034
-117.938206,200,102.958773
-228.063679,200,103.02703
-127.486262,200,103.072263
-359.339913,200,103.11591
-128.0846,200,103.160472
-243.708863,200,103.20523
-254.259363,200,103.328328
-228.618352,200,103.374452
-249.152278,200,103.447581
-131.110614,200,103.486761
-2.164272,200,103.525811
-243.948662,200,103.564464
-121.987201,200,103.603124
-229.047354,200,103.641457
-125.598529,200,103.680123
-124.124966,200,103.718129
-128.177345,200,103.826593
-1.786274,200,103.864699
-125.61956,200,103.903069
-118.938528,200,103.941368
-233.818892,200,103.979825
-299.654112,200,104.018002
-124.865183,200,104.056143
-125.454555,200,104.094283
-123.386237,200,104.13248
-120.980141,200,104.170622
-115.903838,200,104.279359
-346.604159,200,104.317796
-1.133826,200,104.35596
-1.179959,200,104.394268
-1.477207,200,104.432693
-126.813054,200,104.470885
-124.883075,200,104.509214
-235.787763,200,104.547551
-125.591707,200,104.585507
-245.944211,200,104.623808
-3.065584,200,104.732856
-241.754874,200,104.77114
-323.071105,200,104.812663
-5.359389,200,104.850996
-381.24316,200,104.889362
-0.726445,200,104.927844
-365.332373,200,104.965957
-127.088776,200,105.003928
-122.622708,200,105.041776
-121.346266,200,105.079568
-1.218418,200,105.191519
-1.279407,200,105.230199
-133.209839,200,105.268722
-366.179099,200,105.312093
-123.657308,200,105.375228
-116.620165,200,105.413842
-490.883017,200,105.452665
-240.463054,200,105.491197
-1.359323,200,105.529422
-1.226241,200,105.567745
-229.917011,200,105.677749
-233.425248,200,105.716263
-243.153035,200,105.754611
-125.134521,200,105.793
-367.78356,200,105.831484
-129.864636,200,105.869833
-125.77239,200,105.908005
-377.912379,200,105.947307
-128.295201,200,106.014449
-120.925049,200,106.053205
-2.645137,200,106.162595
-232.952244,200,106.201026
-129.287854,200,106.239421
-122.24498,200,106.277682
-357.72458,200,106.316369
-125.311243,200,106.354585
-240.997397,200,106.392861
-229.611233,200,106.431195
-121.852794,200,106.469284
-350.250203,200,106.507552
-251.169922,200,106.624365
-432.766546,200,106.663514
-124.215015,200,106.701924
-490.971004,200,106.740443
-248.257921,200,106.779094
-120.93384,200,106.817339
-130.709418,200,106.85567
-241.104967,200,106.893341
-369.926605,200,106.931394
-125.764392,200,106.96957
-126.192762,200,107.078056
-118.158996,200,107.116504
-122.67953,200,107.154897
-233.44609,200,107.193114
-123.117152,200,107.231686
-1.687019,200,107.269733
-248.005157,200,107.307814
-128.668512,200,107.345734
-244.545457,200,107.384047
-2.72955,200,107.422069
-116.140389,200,107.530758
-120.858906,200,107.569082
-238.277463,200,107.60687
-121.831768,200,107.644723
-119.007739,200,107.682917
-126.92082,200,107.72077
-129.68882,200,107.758962
-3.065396,200,107.796801
-299.591883,200,107.834911
-365.505056,200,107.873227
-243.194891,200,107.981187
-234.309537,200,108.019653
-1.451594,200,108.057761
-126.394445,200,108.096221
-120.355803,200,108.134326
-118.764969,200,108.172217
-127.879107,200,108.210067
-400.199125,200,108.248082
-125.689133,200,108.286094
-120.156647,200,108.324128
-374.978941,200,108.441647
-236.841415,200,108.485025
-124.84241,200,108.528161
-125.795633,200,108.569957
-127.520283,200,108.614638
-252.550321,200,108.658558
-238.617441,200,108.721741
-308.725914,200,108.78331
-124.586416,200,108.831832
-124.066866,200,108.879081
-128.934476,200,109.005332
-361.286393,200,109.052062
-127.891358,200,109.091103
-126.917071,200,109.12988
-235.923469,200,109.168491
-243.210756,200,109.206918
-239.682735,200,109.245326
-253.691909,200,109.283778
-359.89117,200,109.32219
-1.916802,200,109.360613
-348.347493,200,109.469349
-123.875426,200,109.507869
-126.405329,200,109.546199
-3.541551,200,109.584442
-240.322321,200,109.623114
-121.488207,200,109.661482
-125.259167,200,109.699953
-127.45944,200,109.738294
-126.866139,200,109.776656
-355.816701,200,109.818051
-124.74935,200,109.933519
-2.020738,200,109.976385
-127.765216,200,110.041204
-130.1564,200,110.093847
-1.939563,200,110.138059
-127.60938,200,110.18322
-242.388907,200,110.228937
-234.703901,200,110.276002
-121.238273,200,110.320186
-122.745564,200,110.368408
-124.593247,200,110.507042
-239.236612,200,110.562032
-3.426588,200,110.607064
-121.662862,200,110.646616
-1.984333,200,110.68915
-359.98225,200,110.728163
-123.134237,200,110.766313
-120.733414,200,110.80496
-126.95344,200,110.843656
-239.544987,200,110.882206
-1.333129,200,110.99175
-1.739689,200,111.030175
-123.961213,200,111.068303
-1.474707,200,111.107257
-123.907634,200,111.145447
-3.112713,200,111.183475
-241.834558,200,111.221389
-127.118507,200,111.259359
-238.662805,200,111.297297
-123.288138,200,111.335217
-440.149061,200,111.443655
-1.409191,200,111.48204
-127.497237,200,111.5203
-118.998282,200,111.558496
-352.378188,200,111.596604
-490.728966,200,111.634595
-237.852706,200,111.672501
-364.93745,200,111.710648
-129.095329,200,111.748698
-131.922398,200,111.78667
-124.256852,200,111.893635
-330.334992,200,111.932457
-125.796786,200,111.970746
-367.989735,200,112.008691
-123.722652,200,112.04674
-124.637576,200,112.084892
-126.279398,200,112.123176
-126.838953,200,112.161743
-339.966984,200,112.199578
-242.334177,200,112.237792
-0.987686,200,112.346291
-359.127994,200,112.385012
-239.829225,200,112.423122
-246.328226,200,112.46125
-126.232059,200,112.499718
-114.758004,200,112.538044
-122.577209,200,112.576191
-125.609532,200,112.614683
-240.44726,200,112.653032
-123.952393,200,112.691225
-124.38862,200,112.79995
-126.521956,200,112.838287
-120.986231,200,112.876441
-238.189305,200,112.914403
-233.093775,200,112.95256
-1.064869,200,112.990723
-125.208882,200,113.028961
-129.928343,200,113.066713
-124.020566,200,113.105102
-239.051611,200,113.143085
-3.379084,200,113.251941
-243.822512,200,113.290349
-235.093679,200,113.328513
-234.114406,200,113.36676
-125.652365,200,113.404988
-331.359593,200,113.443021
-234.270651,200,113.481137
-236.116225,200,113.519016
-243.07431,200,113.557104
-129.211639,200,113.595223
-1.189011,200,113.704152
-116.363306,200,113.742597
-233.587309,200,113.78112
-235.801138,200,113.819362
-126.664688,200,113.85743
-379.047548,200,113.895764
-242.414575,200,113.933966
-120.211362,200,113.972368
-251.578133,200,114.010455
-241.702826,200,114.048439
-1.423299,200,114.156083
-127.129914,200,114.194186
-239.289778,200,114.232621
-122.16941,200,114.270748
-128.289368,200,114.309119
-120.625231,200,114.347276
-118.51618,200,114.385578
-127.600556,200,114.423645
-234.651368,200,114.461648
-234.973628,200,114.499994
-1.3758,200,114.616611
-124.765389,200,114.658962
-118.278997,200,114.70247
-1.351282,200,114.745512
-383.060737,200,114.790886
-2.22753,200,114.8596
-121.586377,200,114.913468
-378.269019,200,114.959028
-376.946626,200,115.004295
-252.615638,200,115.049352
-237.584043,200,115.174141
-125.298736,200,115.219077
-363.137139,200,115.258057
-123.762575,200,115.296635
-349.90949,200,115.335078
-120.64846,200,115.373628
-355.970063,200,115.412127
-243.812373,200,115.450395
-352.216982,200,115.488288
-240.436229,200,115.526871
-1.493897,200,115.638417
-366.659538,200,115.677115
-126.830618,200,115.715987
-1.525004,200,115.754013
-244.861609,200,115.792093
-355.668843,200,115.830397
-127.298431,200,115.868984
-247.037468,200,115.907345
-118.531917,200,115.945584
-352.154414,200,115.983896
-124.386263,200,116.092761
-503.407705,200,116.131267
-231.661392,200,116.169513
-363.210592,200,116.20785
-2.045954,200,116.246282
-233.050704,200,116.284849
-233.486268,200,116.323251
-128.915776,200,116.361307
-243.868322,200,116.399365
-243.421396,200,116.437448
-243.2416,200,116.546983
-120.694291,200,116.58534
-248.0882,200,116.623768
-236.014565,200,116.661932
-129.102662,200,116.70032
-352.062426,200,116.738547
-122.958887,200,116.77668
-1.079219,200,116.814877
-126.95995,200,116.853023
-1.330826,200,116.891245
-428.914351,200,117.002481
-352.569354,200,117.040856
-126.884078,200,117.079287
-123.895396,200,117.117608
-243.495181,200,117.156105
-126.429589,200,117.194523
-234.33549,200,117.232949
-244.813539,200,117.27131
-235.250351,200,117.309916
-123.410737,200,117.347769
-124.47102,200,117.459477
-402.333099,200,117.49795
-124.808619,200,117.536459
-363.673454,200,117.574748
-358.994147,200,117.61297
-124.994621,200,117.651285
-1.592019,200,117.689263
-487.562261,200,117.727508
-247.478602,200,117.765216
-120.937433,200,117.803406
-250.431359,200,117.912392
-127.77657,200,117.950833
-237.346118,200,117.989248
-127.222313,200,118.027112
-366.806732,200,118.06559
-244.659861,200,118.103754
-346.483153,200,118.141745
-125.162206,200,118.179819
-123.428706,200,118.217943
-242.117397,200,118.255883
-126.529017,200,118.363689
-123.683398,200,118.402134
-242.543159,200,118.440413
-481.558345,200,118.478369
-122.9113,200,118.517172
-355.787951,200,118.555432
-121.462089,200,118.593357
-234.49361,200,118.631601
-124.749045,200,118.669872
-359.454222,200,118.707906
-354.407327,200,118.815462
-125.693414,200,118.853976
-239.458548,200,118.894937
-125.388866,200,118.936226
-1.511616,200,118.981614
-237.399975,200,119.050951
-127.378227,200,119.094115
-125.571856,200,119.136854
-236.947272,200,119.179987
-366.823806,200,119.225136
-121.797458,200,119.348126
-488.008594,200,119.406618
-2.264715,200,119.46931
-240.644469,200,119.518053
-491.877806,200,119.565825
-360.042853,200,119.610688
-236.64828,200,119.649724
-123.538909,200,119.688147
-246.363245,200,119.727162
-115.859409,200,119.765388
-239.685918,200,119.876108
-246.982112,200,119.914365
-360.27232,200,119.952928
-354.084698,200,119.991218
-240.581808,200,120.029773
-123.526722,200,120.067979
-2.288465,200,120.106328
-125.060935,200,120.144356
-244.410579,200,120.182615
-1.600192,200,120.22041
-241.074193,200,120.329585
-253.77031,200,120.368208
-129.455205,200,120.407156
-236.890833,200,120.445496
-2.258049,200,120.483674
-126.399485,200,120.521998
-350.618916,200,120.560193
-341.696045,200,120.598573
-233.510714,200,120.637301
-243.998875,200,120.680089
-2.709144,200,120.798481
-262.107023,200,120.841571
-471.986094,200,120.903518
-352.311146,200,120.96085
-127.471692,200,121.006151
-2.190888,200,121.051003
-381.32775,200,121.095648
-1.47879,200,121.141472
-125.792205,200,121.187524
-253.328559,200,121.267224
-127.603073,200,121.404491
-127.901737,200,121.443838
-123.481093,200,121.482901
-127.402245,200,121.521576
-247.523427,200,121.560289
-379.08786,200,121.599177
-126.73133,200,121.637564
-238.962236,200,121.67577
-360.857925,200,121.714447
-2.417842,200,121.752636
-363.392523,200,121.861535
-239.937591,200,121.900109
-1.273758,200,121.938818
-127.670509,200,121.976848
-349.468899,200,122.015122
-124.576876,200,122.053434
-249.358348,200,122.091801
-121.455786,200,122.129553
-2.364095,200,122.16771
-3.330551,200,122.206686
-125.713265,200,122.316028
-337.665894,200,122.354866
-120.552173,200,122.393833
-1.101996,200,122.432516
-241.355594,200,122.470663
-354.902423,200,122.508825
-238.83425,200,122.547349
-125.365659,200,122.585893
-246.80733,200,122.624213
-122.975098,200,122.662438
-235.9631,200,122.780315
-1.288699,200,122.823996
-255.914549,200,122.867771
-469.747341,200,122.910307
-366.865767,200,122.95467
-239.437309,200,122.999005
-236.840467,200,123.065924
-350.86444,200,123.121582
-336.700544,200,123.165806
-356.925764,200,123.212607
-0.953021,200,123.338001
-1.326356,200,123.385551
-126.424895,200,123.424595
-126.944145,200,123.463174
-128.1035,200,123.502132
-126.103045,200,123.54049
-245.247415,200,123.57874
-234.999947,200,123.617249
-1.722926,200,123.655475
-1.274114,200,123.693917
-131.508497,200,123.802873
-126.906521,200,123.84152
-239.910399,200,123.880021
-236.555762,200,123.918302
-127.107962,200,123.957052
-1.17703,200,123.995145
-482.306641,200,124.033388
-354.838757,200,124.071688
-623.194581,200,124.109979
-2.164878,200,124.14796
-249.02777,200,124.25769
-122.982445,200,124.295924
-126.652931,200,124.334561
-1.155024,200,124.372808
-3.377248,200,124.411273
-0.889187,200,124.449557
-122.343963,200,124.487817
-247.797901,200,124.525667
-471.860617,200,124.563721
-128.859731,200,124.602002
-237.152006,200,124.710045
-122.723733,200,124.748655
-127.657613,200,124.788458
-126.053507,200,124.829151
-243.105143,200,124.867665
-325.283522,200,124.905793
-369.468088,200,124.944141
-251.627264,200,124.982742
-234.169632,200,125.02126
-126.079564,200,125.059651
-234.244865,200,125.167446
-369.810241,200,125.2061
-368.04111,200,125.244111
-1.189686,200,125.282464
-369.568189,200,125.320838
-3.973524,200,125.359109
-250.626705,200,125.397916
-125.119213,200,125.436286
-249.572704,200,125.47467
-342.313199,200,125.512855
-240.190973,200,125.626233
-1.071758,200,125.670079
-126.755007,200,125.726996
-125.522371,200,125.781028
-126.995821,200,125.82361
-125.583476,200,125.865478
-245.486242,200,125.911754
-247.527286,200,125.959251
-241.126918,200,126.005321
-326.558175,200,126.050111
-1.181532,200,126.194239
-248.213235,200,126.252997
-493.897858,200,126.300273
-237.520487,200,126.340521
-1.720715,200,126.379162
-125.791542,200,126.417984
-130.468224,200,126.456332
-245.196493,200,126.494885
-361.760667,200,126.533001
-123.833023,200,126.571344
-368.488024,200,126.680049
-349.501689,200,126.718748
-125.561683,200,126.757427
-2.944404,200,126.795558
-124.174998,200,126.834174
-352.795873,200,126.872544
-247.708464,200,126.910941
-128.078674,200,126.949394
-246.463933,200,126.987522
-337.268775,200,127.025757
-243.905835,200,127.134357
-238.014144,200,127.172726
-237.250311,200,127.21084
-240.046965,200,127.24873
-129.541981,200,127.287167
-242.963219,200,127.325511
-126.597986,200,127.363852
-0.937012,200,127.402116
-353.614006,200,127.440058
-359.827692,200,127.478048
-245.211472,200,127.58677
-244.129865,200,127.625362
-353.073459,200,127.663456
-127.670822,200,127.701605
-360.348255,200,127.739797
-126.594437,200,127.779509
-1.819161,200,127.817643
-124.544416,200,127.855776
-367.546253,200,127.893793
-125.939585,200,127.931876
-126.630509,200,128.040121
-365.961014,200,128.07848
-1.160044,200,128.116912
-347.666174,200,128.154716
-488.341033,200,128.19284
-489.810461,200,128.231254
-231.812679,200,128.269562
-126.839716,200,128.307911
-1.118508,200,128.346076
-246.548259,200,128.38427
-360.6779,200,128.492354
-234.855167,200,128.530951
-358.221138,200,128.569473
-360.821331,200,128.607729
-239.131026,200,128.64589
-1.17454,200,128.684167
-256.708301,200,128.722182
-355.968664,200,128.760495
-353.557599,200,128.798795
-366.436452,200,128.837035
-487.426952,200,128.9477
-118.795627,200,128.986207
-249.318982,200,129.024562
-358.656396,200,129.062575
-245.492284,200,129.101477
-466.495757,200,129.139694
-239.848613,200,129.178064
-126.029502,200,129.216113
-374.597447,200,129.254382
-240.300609,200,129.292755
-246.762035,200,129.40165
-126.329133,200,129.440096
-368.640463,200,129.478324
-1.368524,200,129.517157
-367.139679,200,129.55546
-125.530303,200,129.593626
-373.074151,200,129.631661
-257.033128,200,129.669689
-1.153806,200,129.708073
-125.764342,200,129.74643
-248.94283,200,129.857503
-126.492619,200,129.89601
-128.881184,200,129.934417
-129.275932,200,129.972414
-125.132398,200,130.010992
-0.918568,200,130.048899
-250.738129,200,130.087196
-1.714354,200,130.125455
-126.499919,200,130.163425
-119.69497,200,130.201333
-243.912187,200,130.310007
-343.5297,200,130.34838
-251.145526,200,130.386805
-126.526119,200,130.425148
-266.927877,200,130.463459
-235.876936,200,130.50176
-360.404411,200,130.539975
-366.628402,200,130.577955
-0.98273,200,130.616354
-1.297161,200,130.654691
-128.130542,200,130.764638
-1.624502,200,130.802649
-245.854392,200,130.841531
-579.34938,200,130.87984
-124.215566,200,130.918263
-242.924266,200,130.956847
-490.301982,200,130.994843
-383.565907,200,131.033168
-1.74482,200,131.07142
-2.530165,200,131.109786
-239.747421,200,131.223193
-348.06731,200,131.264855
-244.629767,200,131.307071
-353.141656,200,131.350456
-244.750627,200,131.393615
-242.801529,200,131.436768
-1.178747,200,131.488756
-250.018471,200,131.557184
-128.08871,200,131.602539
-1.134615,200,131.647574
-360.957305,200,131.770465
-126.343897,200,131.816156
-127.586698,200,131.862658
-120.88575,200,131.902675
-120.442386,200,131.941658
-121.894427,200,131.980791
-0.98789,200,132.019052
-124.855868,200,132.057289
-351.1637,200,132.095819
-381.904223,200,132.133952
-127.331403,200,132.242741
-0.921419,200,132.281335
-3.805502,200,132.319842
-1.947589,200,132.357981
-364.010256,200,132.396072
-0.71156,200,132.433846
-124.767978,200,132.472006
-1.46791,200,132.510111
-260.505257,200,132.548371
-242.818034,200,132.586248
-126.109897,200,132.695401
-122.896359,200,132.733659
-124.31836,200,132.771758
-247.101157,200,132.809593
-1.338754,200,132.848337
-232.410298,200,132.886221
-121.173995,200,132.925158
-241.55532,200,132.96314
-251.746468,200,133.00137
-343.732006,200,133.039441
-249.853681,200,133.148126
-130.34876,200,133.186483
-369.864541,200,133.224851
-125.654478,200,133.267342
-373.622269,200,133.309558
-357.978234,200,133.370244
-129.030362,200,133.423379
-365.527491,200,133.464232
-240.850248,200,133.50825
-369.933799,200,133.551939
-370.813276,200,133.674222
-125.33809,200,133.720755
-125.920996,200,133.787179
-3.630455,200,133.844524
-242.854278,200,133.893834
-126.163205,200,133.941994
-124.219786,200,133.982278
-243.683361,200,134.020932
-125.443017,200,134.05966
-128.932402,200,134.098238
-342.440055,200,134.207446
-0.77492,200,134.245921
-243.888122,200,134.284079
-126.71185,200,134.322643
-127.56216,200,134.360696
-116.327889,200,134.398992
-126.617809,200,134.437221
-0.829892,200,134.475194
-121.488168,200,134.51349
-273.949085,200,134.551643
-347.278941,200,134.66045
-241.42181,200,134.698853
-1.053927,200,134.737187
-125.20108,200,134.775187
-314.468277,200,134.816214
-4.324603,200,134.856277
-0.902923,200,134.894845
-124.559343,200,134.933199
-1.841471,200,134.97148
-243.963637,200,135.009585
-245.456127,200,135.118255
-129.098927,200,135.156529
-371.558904,200,135.195101
-128.074635,200,135.233242
-248.694992,200,135.271737
-2.332458,200,135.309988
-1.728207,200,135.348349
-333.364298,200,135.386439
-128.879501,200,135.424624
-125.739027,200,135.462983
-1.029582,200,135.572215
-235.197157,200,135.61097
-239.83886,200,135.649346
-123.364461,200,135.687572
-122.894266,200,135.726106
-124.297534,200,135.764159
-123.604622,200,135.802279
-0.796201,200,135.840727
-1.967666,200,135.878624
-240.770298,200,135.916633
-127.066304,200,136.026499
-116.04179,200,136.065131
-125.438581,200,136.103424
-337.857754,200,136.141433
-120.07961,200,136.179556
-126.316505,200,136.217676
-235.686596,200,136.255886
-125.22566,200,136.293675
-256.274164,200,136.331869
-378.407541,200,136.369724
-126.706468,200,136.478099
-126.804993,200,136.516106
-127.087381,200,136.554534
-235.110241,200,136.592592
-126.39293,200,136.63135
-241.319504,200,136.669831
-127.460612,200,136.708369
-123.852033,200,136.746374
-123.131972,200,136.784912
-128.499105,200,136.822883
-124.55677,200,136.930763
-2.407461,200,136.968995
-239.574933,200,137.007678
-127.227766,200,137.049541
-126.475033,200,137.09276
-121.889755,200,137.135127
-242.825768,200,137.177775
-312.938563,200,137.220301
-2.283569,200,137.274898
-240.959208,200,137.338143
-126.705453,200,137.459004
-124.98134,200,137.50422
-249.0284,200,137.550265
-121.251428,200,137.628927
-237.002378,200,137.675527
-124.593801,200,137.722444
-242.549564,200,137.761649
-113.493988,200,137.800426
-247.769538,200,137.839164
-246.386277,200,137.877285
-126.246865,200,137.986553
-238.24277,200,138.024767
-125.342837,200,138.063145
-314.202356,200,138.101692
-118.654842,200,138.140198
-119.89741,200,138.178247
-117.727229,200,138.216421
-128.970471,200,138.254338
-125.284957,200,138.292441
-128.268066,200,138.330719
-1.566331,200,138.440482
-241.430203,200,138.479092
-122.154803,200,138.516891
-238.267813,200,138.555269
-234.430311,200,138.594053
-247.767872,200,138.631902
-124.675717,200,138.669727
-126.746183,200,138.707635
-127.51428,200,138.745701
-347.682383,200,138.783816
-125.214097,200,138.891372
-125.371189,200,138.929717
-228.412061,200,138.967947
-124.974707,200,139.006137
-125.202386,200,139.0443
-125.162334,200,139.082305
-123.460545,200,139.120439
-125.025273,200,139.158488
-125.19832,200,139.19663
-126.080237,200,139.234867
-268.398088,200,139.343197
-122.3873,200,139.381836
-127.522463,200,139.420016
-2.619942,200,139.458346
-126.043183,200,139.496631
-364.868389,200,139.534773
-124.324064,200,139.572686
-123.423422,200,139.610676
-241.470311,200,139.648547
-2.11432,200,139.6864
-253.729423,200,139.795259
-250.137651,200,139.83642
-126.990638,200,139.874981
-115.569184,200,139.913401
-244.007803,200,139.951722
-237.363263,200,139.989888
-249.622557,200,140.027985
-124.037685,200,140.066002
-244.173752,200,140.103958
-126.664387,200,140.141672
-125.590942,200,140.249353
-241.762153,200,140.28788
-119.870506,200,140.326249
-239.093624,200,140.364579
-126.77871,200,140.402581
-248.622462,200,140.440845
-125.98342,200,140.47875
-248.861984,200,140.516686
-239.704765,200,140.554475
-127.038476,200,140.59222
-126.020488,200,140.70335
-120.859982,200,140.74192
-129.40326,200,140.780229
-124.488124,200,140.818426
-325.562534,200,140.856495
-129.637046,200,140.89489
-223.735137,200,140.933129
-242.95822,200,140.971232
-2.315752,200,141.009237
-126.557729,200,141.04743
-125.122683,200,141.15462
-126.205882,200,141.192528
-117.713525,200,141.230771
-117.160822,200,141.268936
-123.838412,200,141.307502
-118.478256,200,141.345601
-123.053562,200,141.383695
-252.377485,200,141.421602
-246.449875,200,141.459963
-123.58304,200,141.498872
-1.996845,200,141.608049
-125.191169,200,141.646398
-119.96743,200,141.68471
-126.389503,200,141.72287
-236.376185,200,141.76115
-241.192565,200,141.799117
-249.710995,200,141.837106
-121.555709,200,141.875223
-1.359022,200,141.913243
-1.166246,200,141.951181
-238.811047,200,142.102431
-126.264141,200,142.152805
-124.926636,200,142.195797
-238.895703,200,142.237767
-126.518039,200,142.280897
-242.06297,200,142.342302
-122.527487,200,142.400684
-123.844424,200,142.446413
-228.571177,200,142.490149
-124.584673,200,142.535552
-234.543141,200,142.659319
-244.750491,200,142.706117
-236.018816,200,142.745246
-125.820936,200,142.78388
-234.57355,200,142.822171
-124.862204,200,142.860259
-331.19297,200,142.89844
-228.713783,200,142.936697
-225.423024,200,142.975085
-246.722163,200,143.013194
-126.452255,200,143.122502
-0.820981,200,143.16114
-241.257469,200,143.199528
-227.807473,200,143.237796
-123.510652,200,143.276164
-116.274698,200,143.314316
-4.36091,200,143.35236
-126.168295,200,143.390529
-121.302343,200,143.428616
-120.134585,200,143.46669
-127.638627,200,143.575154
-348.506117,200,143.613563
-343.576191,200,143.651853
-1.464485,200,143.689765
-125.26949,200,143.727924
-126.138459,200,143.765896
-2.146526,200,143.803853
-123.709674,200,143.841787
-244.113457,200,143.879764
-125.818434,200,143.917694
-120.266816,200,144.027301
-243.771642,200,144.065964
-126.80961,200,144.103948
-125.493972,200,144.142116
-327.753426,200,144.180456
-365.349788,200,144.218398
-248.713058,200,144.256466
-120.21956,200,144.294485
-120.90947,200,144.332469
-124.359629,200,144.370907
-346.08177,200,144.487817
-370.960141,200,144.558093
-347.00718,200,144.600882
-124.142418,200,144.643176
-247.32201,200,144.685447
-0.997001,200,144.731228
-234.219292,200,144.776626
-249.418424,200,144.824905
-2.275894,200,144.870336
-236.211534,200,144.938433
-237.042854,200,145.068284
-126.282309,200,145.115577
-125.626319,200,145.159245
-117.32977,200,145.198159
-123.14094,200,145.240747
-358.423785,200,145.28435
-124.977483,200,145.327748
-124.362442,200,145.366925
-125.287099,200,145.405702
-121.310181,200,145.444646
-125.621859,200,145.55496
-127.064334,200,145.593875
-121.251408,200,145.632692
-120.177709,200,145.671344
-1.231779,200,145.70982
-2.198147,200,145.748158
-354.863912,200,145.786498
-235.740183,200,145.824918
-238.521342,200,145.863275
-118.408481,200,145.901519
-116.830139,200,146.010169
-2.857725,200,146.049023
-117.384258,200,146.087485
-352.971726,200,146.12632
-116.052754,200,146.165084
-121.712768,200,146.203399
-122.221285,200,146.241846
-247.24586,200,146.280064
-243.399502,200,146.318197
-348.422523,200,146.35614
-123.683485,200,146.46552
-242.584148,200,146.504314
-119.85552,200,146.543263
-2.375643,200,146.582165
-123.959603,200,146.6213
-0.791112,200,146.659947
-242.34542,200,146.698528
-124.728474,200,146.736933
-120.68938,200,146.775423
-121.845283,200,146.813867
-1.433807,200,146.922669
-120.388047,200,146.961379
-390.860312,200,147.000078
-237.141912,200,147.038747
-119.36815,200,147.077302
-121.997667,200,147.115731
-3.493767,200,147.15391
-123.327171,200,147.192114
-1.998285,200,147.23058
-124.327665,200,147.268671
-124.241772,200,147.383927
-1.747798,200,147.427414
-122.886054,200,147.470565
-119.2506,200,147.514036
-234.388163,200,147.572272
-124.139805,200,147.62991
-118.96419,200,147.675664
-360.298017,200,147.720832
-233.572099,200,147.764642
-0.773987,200,147.811948
-238.526577,200,147.939092
-115.76491,200,147.993745
-250.202421,200,148.053482
-240.373458,200,148.092718
-126.193502,200,148.131489
-361.40042,200,148.169774
-124.137546,200,148.208221
-241.228658,200,148.246664
-238.594621,200,148.285221
-125.389112,200,148.323768
-120.232148,200,148.432464
-236.916494,200,148.471534
-229.06139,200,148.510133
-237.125951,200,148.548721
-245.465113,200,148.587123
-126.727586,200,148.625305
-272.509527,200,148.664001
-119.922582,200,148.702469
-242.963572,200,148.740831
-122.112589,200,148.779332
-244.794938,200,148.88879
-121.528619,200,148.926982
-117.891159,200,148.965139
-121.889307,200,149.003014
-356.108084,200,149.041715
-125.827745,200,149.084945
-242.500085,200,149.123387
-126.272088,200,149.161704
-128.418272,200,149.199851
-235.586851,200,149.238458
-365.193175,200,149.347304
-122.890286,200,149.385724
-248.746124,200,149.424207
-238.526748,200,149.462285
-227.295581,200,149.50078
-121.031078,200,149.539403
-236.861502,200,149.577682
-123.365087,200,149.615957
-126.295706,200,149.654459
-243.986261,200,149.692768
-125.082449,200,149.800964
-125.354285,200,149.842455
-365.383905,200,149.881223
-2.218055,200,149.919438
-115.613056,200,149.957962
-121.819815,200,149.996338
-117.170375,200,150.034669
-121.599828,200,150.072714
-243.05604,200,150.111314
-123.918004,200,150.149969
-232.880836,200,150.258399
-122.996687,200,150.297051
-1.289279,200,150.335385
-125.700962,200,150.373667
-125.024437,200,150.411913
-237.975252,200,150.450008
-239.192114,200,150.488182
-117.195399,200,150.526342
-243.680535,200,150.564395
-238.596144,200,150.602472
-126.331662,200,150.711775
-243.672543,200,150.749859
-123.836569,200,150.788075
-120.672852,200,150.826615
-124.607071,200,150.864979
-233.224419,200,150.903093
-228.582397,200,150.941059
-126.242232,200,150.979287
-365.483481,200,151.017126
-346.206094,200,151.055481
-1.16382,200,151.163137
-1.949483,200,151.201258
-117.933378,200,151.239475
-123.759731,200,151.277726
-123.784384,200,151.315859
-354.558583,200,151.354125
-119.807722,200,151.392259
-360.342415,200,151.430284
-117.108509,200,151.468532
-237.981323,200,151.506907
-0.985999,200,151.615503
-2.045516,200,151.653585
-126.740526,200,151.6921
-125.131679,200,151.730299
-357.696707,200,151.768488
-119.009186,200,151.806366
-245.633252,200,151.844238
-125.501223,200,151.882314
-126.161522,200,151.920428
-126.853761,200,151.958776
-123.418506,200,152.065882
-125.135973,200,152.104532
-115.115154,200,152.142938
-124.580818,200,152.181044
-262.949299,200,152.219151
-327.981353,200,152.257543
-0.724018,200,152.295547
-237.802581,200,152.333783
-125.417079,200,152.371951
-124.493015,200,152.409939
-115.00116,200,152.521276
-123.879676,200,152.559703
-127.984508,200,152.598006
-115.520335,200,152.636137
-127.641823,200,152.674336
-124.592737,200,152.712553
-242.188634,200,152.750709
-341.596291,200,152.789117
-0.762263,200,152.827303
-123.356802,200,152.865594
-239.058061,200,152.974508
-237.9184,200,153.012905
-121.178129,200,153.051166
-373.059248,200,153.08922
-0.951531,200,153.127442
-126.983896,200,153.165686
-123.308815,200,153.203822
-127.634087,200,153.242172
-122.172714,200,153.28011
-121.041289,200,153.318686
-367.561089,200,153.428762
-1.46614,200,153.471051
-2.13514,200,153.514712
-1.224976,200,153.557444
-120.365966,200,153.601167
-122.407566,200,153.642346
-115.778533,200,153.685129
-118.269482,200,153.730925
-116.179407,200,153.792997
-122.503152,200,153.849267
-231.288262,200,153.973485
-123.664298,200,154.01814
-130.007218,200,154.0645
-124.537206,200,154.11209
-114.56378,200,154.151774
-237.954568,200,154.190548
-239.831634,200,154.229004
-233.874115,200,154.267599
-124.460924,200,154.305985
-235.547406,200,154.344543
-235.116281,200,154.452706
-0.582575,200,154.491281
-120.281165,200,154.529845
-121.056282,200,154.568205
-126.2012,200,154.60664
-117.568508,200,154.64463
-126.303945,200,154.682769
-346.152512,200,154.721275
-124.696404,200,154.759558
-1.088604,200,154.797773
-359.089856,200,154.910004
-122.031961,200,154.948697
-248.784314,200,154.987797
-238.624854,200,155.026113
-0.932327,200,155.064849
-123.889924,200,155.102764
-237.403318,200,155.140934
-123.726138,200,155.179045
-118.991584,200,155.217332
-4.251214,200,155.255471
-1.400843,200,155.363771
-122.109585,200,155.402045
-127.547714,200,155.4403
-126.116119,200,155.478632
-115.567307,200,155.517122
-236.897754,200,155.555335
-120.745968,200,155.593724
-328.535267,200,155.632251
-316.816129,200,155.670474
-123.441455,200,155.708646
-126.742659,200,155.817721
-125.762912,200,155.856265
-361.84335,200,155.894687
-126.214568,200,155.932509
-360.460155,200,155.971212
-126.427239,200,156.009478
-1.643507,200,156.0474
-0.814766,200,156.08525
-129.236466,200,156.12588
-120.756838,200,156.167811
-1.845507,200,156.301637
-238.849097,200,156.358107
-1.151787,200,156.401803
-118.41051,200,156.447552
-231.996998,200,156.492574
-1.080794,200,156.539686
-124.921537,200,156.583664
-119.915497,200,156.631529
-3.486,200,156.677698
-280.344096,200,156.732807
-350.466668,200,156.862275
-404.633407,200,156.901963
-245.927871,200,156.940842
-123.427811,200,156.97922
-363.193689,200,157.017676
-231.975344,200,157.05601
-120.104366,200,157.093863
-129.577605,200,157.13224
-1.306045,200,157.170447
-2.468408,200,157.208881
-126.553653,200,157.318958
-119.415636,200,157.357803
-117.157328,200,157.396952
-125.647785,200,157.435791
-232.427388,200,157.474825
-125.612014,200,157.51638
-235.08395,200,157.556784
-121.591321,200,157.596721
-1.026576,200,157.636526
-124.928959,200,157.675517
-125.106691,200,157.788454
-240.380077,200,157.828173
-251.344745,200,157.867155
-433.942047,200,157.90587
-233.206118,200,157.945056
-248.407092,200,157.985091
-123.238284,200,158.028285
-127.467695,200,158.068112
-244.793322,200,158.107143
-126.256674,200,158.14672
-124.014459,200,158.257906
-358.041105,200,158.297128
-240.315144,200,158.339007
-124.621558,200,158.414104
-241.546925,200,158.453805
-116.290771,200,158.493317
-345.675342,200,158.532202
-239.185192,200,158.571496
-228.981311,200,158.610455
-124.585501,200,158.650939
-483.552826,200,158.760919
-1.044347,200,158.800184
-245.203169,200,158.839176
-122.517944,200,158.881551
-235.478729,200,158.923403
-363.906198,200,158.96607
-351.083373,200,159.006481
-123.934577,200,159.046937
-240.288296,200,159.088066
-2.939391,200,159.127507
-470.60751,200,159.245775
-236.646721,200,159.288754
-130.104875,200,159.331405
-122.754851,200,159.37575
-3.621631,200,159.42005
-120.35377,200,159.481163
-123.434686,200,159.540622
-363.992089,200,159.586172
-114.869149,200,159.631831
-117.432946,200,159.678162
-125.84184,200,159.803359
-489.482123,200,159.849318
-233.755978,200,159.890314
-247.795051,200,159.931917
-226.590224,200,159.972182
-123.218567,200,160.01285
-124.715389,200,160.052999
-1.347286,200,160.093568
-237.875543,200,160.134226
-231.851771,200,160.174764
-244.155317,200,160.286545
-123.952294,200,160.325426
-123.060147,200,160.365408
-360.363177,200,160.405833
-277.894948,200,160.445711
-368.609148,200,160.484958
-332.083371,200,160.524123
-245.501561,200,160.563296
-237.090896,200,160.602446
-117.938783,200,160.641272
-1.639836,200,160.751552
-127.12167,200,160.790701
-241.902536,200,160.829611
-1.036505,200,160.868566
-237.268999,200,160.908675
-125.601289,200,160.948296
-1.175018,200,160.9874
-121.806094,200,161.025926
-245.577437,200,161.06529
-125.273799,200,161.104561
-117.362122,200,161.215083
-124.777447,200,161.253353
-1.151924,200,161.292496
-250.842983,200,161.332075
-227.146629,200,161.371136
-247.806358,200,161.410336
-124.407283,200,161.44964
-356.937601,200,161.489448
-121.978611,200,161.52955
-0.924048,200,161.568419
-233.881737,200,161.677927
-0.980578,200,161.71663
-1.341381,200,161.755768
-241.213013,200,161.794832
-128.223125,200,161.834136
-119.239491,200,161.873259
-394.235746,200,161.911737
-246.217631,200,161.952521
-121.321308,200,161.99214
-246.994757,200,162.032309
-1.206114,200,162.142548
-231.975659,200,162.18095
-123.038833,200,162.219464
-241.377817,200,162.257522
-332.032331,200,162.295672
-484.783629,200,162.334746
-246.626518,200,162.373427
-1.330713,200,162.412468
-353.167024,200,162.451666
-362.201016,200,162.491263
-335.829268,200,162.602117
-1.125094,200,162.641417
-117.667007,200,162.680517
-1.379896,200,162.719248
-122.983265,200,162.75817
-243.816002,200,162.797341
-118.956864,200,162.836537
-124.954542,200,162.875903
-124.853,200,162.915065
-347.939241,200,162.954086
-0.70852,200,163.066013
-234.14335,200,163.106134
-256.436829,200,163.146308
-125.531546,200,163.186245
-1.638854,200,163.225559
-125.980621,200,163.264632
-122.008342,200,163.303623
-0.837409,200,163.342268
-232.709728,200,163.382249
-0.936184,200,163.421743
-254.161664,200,163.535511
-0.579831,200,163.574916
-308.230807,200,163.613933
-348.496276,200,163.652565
-124.638944,200,163.69189
-126.00647,200,163.731476
-123.247876,200,163.770014
-240.690627,200,163.809089
-235.034483,200,163.84797
-124.350452,200,163.889603
-120.157204,200,164.002645
-127.706155,200,164.041547
-126.112381,200,164.081024
-0.678783,200,164.120293
-123.804423,200,164.159723
-119.18696,200,164.20044
-233.499368,200,164.239674
-1.090412,200,164.278883
-236.760523,200,164.317988
-240.286057,200,164.357386
-124.988613,200,164.480475
-117.448692,200,164.532578
-117.03653,200,164.595002
-125.56084,200,164.638644
-1.069628,200,164.683179
-230.547749,200,164.731377
-119.218755,200,164.77802
-1.138126,200,164.828406
-125.235219,200,164.874699
-237.249138,200,164.923124
-126.509788,200,165.079418
-120.700938,200,165.125416
-236.791381,200,165.202342
-230.214158,200,165.245716
-241.194932,200,165.287754
-118.00446,200,165.328467
-125.74982,200,165.369065
-246.826459,200,165.409951
-370.655707,200,165.449339
-237.624115,200,165.488029
-235.841133,200,165.598134
-241.375131,200,165.637178
-124.573556,200,165.676225
-120.973027,200,165.715035
-122.694097,200,165.753754
-302.677549,200,165.795238
-122.987184,200,165.83569
-117.353535,200,165.876046
-125.365071,200,165.916749
-2.120566,200,165.95656
-377.643214,200,166.070199
-1.812658,200,166.109087
-121.294603,200,166.147989
-245.522424,200,166.186548
-245.985373,200,166.225521
-3.764335,200,166.26621
-336.487164,200,166.306689
-237.518376,200,166.347365
-124.427578,200,166.387923
-232.507963,200,166.427933
-115.311756,200,166.538154
-125.76952,200,166.577106
-123.316873,200,166.617642
-121.825957,200,166.657102
-117.386799,200,166.69589
-236.459645,200,166.734525
-229.76273,200,166.774205
-240.832047,200,166.813313
-232.939849,200,166.853165
-241.379409,200,166.892241
-118.13448,200,167.002761
-122.076717,200,167.042253
-1.001041,200,167.082365
-360.64449,200,167.122866
-122.479813,200,167.163012
-366.301332,200,167.202293
-123.880726,200,167.241595
-118.823783,200,167.280215
-355.198032,200,167.318597
-118.508263,200,167.358107
-268.827729,200,167.469115
-357.341298,200,167.507993
-363.117001,200,167.546736
-0.778161,200,167.58541
-126.44503,200,167.624239
-1.358184,200,167.662874
-124.613591,200,167.701225
-3.534934,200,167.739071
-123.906994,200,167.777338
-233.727216,200,167.815802
-121.801906,200,167.923981
-117.35161,200,167.9623
-119.52342,200,168.001178
-123.673999,200,168.040013
-0.763547,200,168.078068
-236.344815,200,168.116241
-124.178067,200,168.154779
-125.180808,200,168.192918
-1.657534,200,168.231205
-120.979283,200,168.269738
-125.722073,200,168.38927
-370.944483,200,168.433045
-0.789301,200,168.478106
-124.10296,200,168.522459
-231.251086,200,168.567666
-121.811713,200,168.631376
-0.660785,200,168.690231
-120.155424,200,168.735826
-118.599015,200,168.780612
-281.965442,200,168.825293
-238.580197,200,168.951261
-124.606798,200,168.999536
-119.225573,200,169.039676
-125.440872,200,169.079576
-246.201017,200,169.119194
-232.204153,200,169.158693
-350.443852,200,169.197685
-233.873108,200,169.236614
-355.962049,200,169.276506
-347.755761,200,169.315569
-126.185428,200,169.425557
-1.731517,200,169.465673
-126.234934,200,169.505616
-120.650171,200,169.545827
-122.951026,200,169.586189
-351.558735,200,169.625829
-129.722848,200,169.665138
-125.131131,200,169.703819
-248.091198,200,169.74267
-126.116316,200,169.781376
-3.906537,200,169.89445
-123.835454,200,169.933936
-1.129259,200,169.974328
-122.516884,200,170.017736
-118.346129,200,170.061496
-2.777984,200,170.114663
-125.656604,200,170.182806
-125.485298,200,170.225216
-124.114296,200,170.270526
-121.487845,200,170.316948
-248.638155,200,170.439878
-125.541828,200,170.488956
-477.963264,200,170.546599
-124.847791,200,170.604474
-249.052285,200,170.657357
-233.724637,200,170.70418
-233.690286,200,170.746224
-126.013503,200,170.785534
-127.031611,200,170.824774
-317.728397,200,170.863949
-123.379533,200,170.97657
-120.696644,200,171.016102
-125.423502,200,171.055297
-231.213189,200,171.094719
-116.28966,200,171.133654
-120.706629,200,171.17237
-123.79538,200,171.211145
-125.366778,200,171.249872
-356.833953,200,171.289981
-5.184054,200,171.330618
-235.087427,200,171.442906
-242.299643,200,171.482367
-1.229975,200,171.520902
-118.563531,200,171.55937
-1.081302,200,171.597552
-234.116159,200,171.635989
-120.89326,200,171.674186
-0.730381,200,171.712557
-124.311057,200,171.751158
-117.579182,200,171.789634
-244.005258,200,171.899539
-236.345648,200,171.938465
-228.717013,200,171.977947
-0.807628,200,172.017017
-124.074103,200,172.056772
-385.742056,200,172.097096
-236.470318,200,172.136888
-125.264339,200,172.17564
-122.905818,200,172.214917
-125.833187,200,172.254409
-319.425887,200,172.365395
-513.364154,200,172.404505
-127.575882,200,172.443443
-125.347112,200,172.482602
-128.999694,200,172.521497
-122.406216,200,172.561369
-1.463472,200,172.600244
-118.859839,200,172.639407
-1.042314,200,172.67862
-240.633533,200,172.718406
-0.865197,200,172.830311
-343.941226,200,172.86955
-115.296723,200,172.908261
-358.552885,200,172.946834
-229.679554,200,172.985473
-235.485751,200,173.024136
-125.906469,200,173.062519
-370.329459,200,173.101097
-236.561188,200,173.139333
-124.944077,200,173.177839
-118.459287,200,173.288707
-302.823017,200,173.328126
-246.144074,200,173.367251
-242.330726,200,173.406156
-366.122731,200,173.44518
-414.223547,200,173.484025
-364.365685,200,173.522319
-0.953027,200,173.560669
-118.381511,200,173.598941
-125.625052,200,173.637028
-121.137859,200,173.745171
-118.014999,200,173.783866
-124.671372,200,173.82265
-354.651776,200,173.861052
-353.901038,200,173.901472
-116.560389,200,173.941881
-125.273651,200,173.982485
-357.93442,200,174.022741
-121.451969,200,174.063513
-113.882979,200,174.103778
-126.361086,200,174.217802
-118.63294,200,174.258277
-119.323711,200,174.299365
-243.922408,200,174.339425
-237.281086,200,174.38045
-232.029745,200,174.420674
-300.554219,200,174.460854
-0.573823,200,174.50123
-1.306349,200,174.541272
-236.717372,200,174.581731
-126.456279,200,174.694117
-379.026381,200,174.733342
-117.628811,200,174.772389
-0.722399,200,174.811079
-117.343286,200,174.852433
-127.766014,200,174.891451
-246.993516,200,174.930421
-346.716839,200,174.969802
-125.115329,200,175.008661
-0.70736,200,175.047526
-0.365858,200,175.158033
-242.564444,200,175.197406
-250.796078,200,175.236514
-128.0346,200,175.275566
-121.34025,200,175.314887
-125.660158,200,175.354582
-343.301559,200,175.394029
-385.285847,200,175.433186
-124.644643,200,175.473863
-121.706934,200,175.513262
-240.461747,200,175.635011
-122.629508,200,175.67935
-124.864244,200,175.723382
-118.970813,200,175.766367
-370.651279,200,175.82094
-121.200059,200,175.885598
-0.488812,200,175.932695
-123.373917,200,175.977701
-417.118711,200,176.023447
-125.354868,200,176.070004
-125.108243,200,176.200885
-1.713082,200,176.242625
-243.782813,200,176.281837
-465.029306,200,176.320633
-124.195626,200,176.359471
-305.546092,200,176.398638
-126.298768,200,176.438627
-118.86611,200,176.47838
-229.859608,200,176.517617
-115.392386,200,176.556763
-232.544945,200,176.668318
-1.555728,200,176.707369
-117.707802,200,176.745656
-235.32978,200,176.78423
-122.943769,200,176.822529
-124.465431,200,176.860962
-3.107533,200,176.89921
-417.843019,200,176.937624
-340.657232,200,176.975777
-126.392059,200,177.014366
-247.059383,200,177.124388
-122.304168,200,177.162911
-124.649431,200,177.201312
-0.852657,200,177.239687
-125.475917,200,177.279385
-121.148249,200,177.318379
-320.589126,200,177.357085
-120.219708,200,177.395599
-125.532037,200,177.433871
-268.176107,200,177.472052
-1.724262,200,177.582125
-337.742686,200,177.620585
-241.338114,200,177.65887
-118.868414,200,177.697398
-125.238784,200,177.735883
-119.268045,200,177.774221
-248.885824,200,177.812274
-0.929358,200,177.850685
-124.743476,200,177.889093
-124.021942,200,177.92725
-126.230359,200,178.036837
-124.772329,200,178.075444
-241.323306,200,178.113579
-125.744967,200,178.152298
-119.8647,200,178.190387
-0.801826,200,178.228336
-357.16167,200,178.266262
-235.203961,200,178.304394
-123.006144,200,178.342619
-339.427482,200,178.380743
-124.385663,200,178.489707
-230.82022,200,178.5282
-241.550881,200,178.566474
-119.355138,200,178.604776
-126.866788,200,178.642819
-124.644763,200,178.681124
-232.522912,200,178.719131
-129.269173,200,178.757401
-243.933844,200,178.795298
-338.594578,200,178.83347
-313.681481,200,178.942516
-351.463296,200,178.980927
-123.842184,200,179.019358
-240.910892,200,179.057595
-121.352077,200,179.095956
-244.12449,200,179.134091
-121.924793,200,179.172148
-296.889348,200,179.210108
-121.704373,200,179.248222
-1.78962,200,179.286379
-121.41191,200,179.3948
-123.920666,200,179.432835
-116.359595,200,179.4711
-120.956353,200,179.509154
-122.409702,200,179.547422
-243.546236,200,179.585687
-116.7575,200,179.624005
-123.713098,200,179.662326
-325.36522,200,179.700355
-124.948531,200,179.738662
-283.119677,200,179.849135
-230.695751,200,179.888489
-345.331856,200,179.92669
-358.428926,200,179.964663
-122.386223,200,180.002671
-371.284515,200,180.040866
-124.20814,200,180.079377
-120.159002,200,180.117626
-126.034996,200,180.156107
-0.801517,200,180.194438
-119.078817,200,180.303553
-118.033825,200,180.341935
-124.80562,200,180.380315
-124.224568,200,180.418691
-122.59617,200,180.456683
-125.406011,200,180.494929
-122.509521,200,180.533058
-240.208756,200,180.571529
-238.084779,200,180.609551
-240.586565,200,180.647537
-280.714588,200,180.796945
-241.130827,200,180.864417
-324.578193,200,180.909178
-125.701657,200,180.951417
-127.051044,200,180.995297
-121.283444,200,181.039878
-125.097819,200,181.08502
-126.713672,200,181.131142
-122.221646,200,181.17446
-125.275817,200,181.226891
-123.16354,200,181.360066
-118.543819,200,181.410981
-1.893354,200,181.455632
-123.495955,200,181.49486
-125.848793,200,181.533872
-123.824366,200,181.572277
-119.045326,200,181.610958
-239.036113,200,181.649114
-238.291356,200,181.687355
-363.230729,200,181.725785
-117.234453,200,181.835304
-121.612321,200,181.873979
-233.845099,200,181.912248
-244.395117,200,181.950557
-258.093852,200,181.988822
-126.192452,200,182.02703
-124.652966,200,182.065629
-1.377713,200,182.10396
-125.729078,200,182.142732
-248.016604,200,182.181534
-124.780739,200,182.298764
-240.781069,200,182.341193
-240.65228,200,182.384122
-2.291827,200,182.426347
-114.275732,200,182.489335
-120.228525,200,182.543797
-1.488915,200,182.588618
-241.412262,200,182.63413
-317.435693,200,182.67738
-238.854878,200,182.722623
-347.552181,200,182.847664
-119.569639,200,182.891702
-124.777963,200,182.930837
-122.502273,200,182.969186
-119.100215,200,183.007585
-121.381031,200,183.046071
-243.18473,200,183.084468
-117.915139,200,183.122831
-244.600014,200,183.161163
-125.481974,200,183.19937
-121.04579,200,183.308299
-1.906213,200,183.34685
-242.680262,200,183.385366
-114.815844,200,183.423459
-120.921979,200,183.461685
-238.270816,200,183.499947
-1.185291,200,183.538417
-124.198183,200,183.576646
-3.77019,200,183.614855
-1.150959,200,183.652934
-125.636632,200,183.762095
-237.503617,200,183.800546
-125.028547,200,183.839187
-240.698,200,183.877535
-125.774451,200,183.916227
-122.752144,200,183.954568
-122.683437,200,183.992893
-126.056526,200,184.031004
-125.672206,200,184.069017
-122.257547,200,184.107246
-244.222563,200,184.216262
-238.423036,200,184.254708
-241.845055,200,184.293198
-125.532755,200,184.331495
-126.209835,200,184.369813
-117.659094,200,184.407947
-322.814842,200,184.446382
-354.838775,200,184.484696
-121.929391,200,184.522812
-124.17214,200,184.561147
-241.423278,200,184.669937
-124.818936,200,184.70839
-124.573037,200,184.7469
-118.037289,200,184.785233
-126.104219,200,184.823649
-119.35906,200,184.864712
-126.662779,200,184.903814
-236.313942,200,184.941989
-119.240216,200,184.980501
-125.662419,200,185.018241
-379.233414,200,185.129473
-2.299742,200,185.16794
-3.054431,200,185.206033
-244.050947,200,185.243867
-246.390768,200,185.282319
-115.708439,200,185.320657
-126.382351,200,185.358943
-129.636874,200,185.397023
-121.830299,200,185.435523
-122.722576,200,185.473458
-120.079564,200,185.583519
-125.21649,200,185.622113
-122.307726,200,185.660613
-232.40153,200,185.698859
-125.782564,200,185.736705
-127.134427,200,185.775188
-237.18133,200,185.813494
-123.550911,200,185.851557
-126.618096,200,185.889813
-1.438659,200,185.927922
-239.3334,200,186.059873
-354.242737,200,186.119898
-125.167427,200,186.163744
-237.199125,200,186.206243
-228.724837,200,186.248923
-117.401299,200,186.294617
-119.532506,200,186.340629
-123.419151,200,186.386524
-229.717153,200,186.431951
-126.477999,200,186.504547
-2.019842,200,186.634528
-263.286734,200,186.683641
-234.341073,200,186.72428
-237.613426,200,186.763184
-230.253752,200,186.801961
-0.522965,200,186.840327
-362.461115,200,186.878355
-126.671922,200,186.916276
-124.680913,200,186.954601
-118.937804,200,186.993052
-242.187493,200,187.102615
-334.254048,200,187.141149
-126.239474,200,187.17971
-114.979655,200,187.218195
-123.265674,200,187.256344
-234.15327,200,187.294529
-301.123831,200,187.332718
-1.058469,200,187.370788
-123.445252,200,187.408765
-114.650245,200,187.447136
-126.446759,200,187.555763
-121.165354,200,187.594316
-122.395959,200,187.632708
-117.406079,200,187.67085
-123.908246,200,187.709241
-1.475432,200,187.74743
-118.433367,200,187.785956
-1.001006,200,187.824333
-363.26508,200,187.862454
-115.995601,200,187.900477
-115.236825,200,188.009256
-117.61234,200,188.047771
-122.338308,200,188.086027
-119.826786,200,188.124972
-124.454616,200,188.163226
-123.116707,200,188.201217
-124.858372,200,188.239328
-1.135836,200,188.277327
-245.243185,200,188.315635
-316.621714,200,188.35438
-124.504699,200,188.465799
-239.430903,200,188.503882
-2.820341,200,188.542218
-123.338981,200,188.58048
-1.667528,200,188.618652
-125.371494,200,188.656858
-125.986649,200,188.695219
-120.637806,200,188.733631
-1.324755,200,188.771773
-238.373961,200,188.8098
-114.541942,200,188.918639
-122.281978,200,188.957135
-119.542322,200,188.995811
-116.669204,200,189.034301
-122.746732,200,189.077795
-237.773122,200,189.116926
-0.724532,200,189.154895
-239.500399,200,189.193029
-240.323992,200,189.231114
-125.245818,200,189.269286
-122.277159,200,189.378084
-118.472089,200,189.416405
-296.482227,200,189.455063
-1.306417,200,189.493318
-125.624785,200,189.531909
-246.733675,200,189.570286
-117.705681,200,189.608785
-236.382144,200,189.647211
-119.913947,200,189.685406
-418.641178,200,189.72323
-125.153297,200,189.833019
-261.321015,200,189.873894
-126.470961,200,189.912457
-119.050159,200,189.950799
-228.374392,200,189.989416
-1.458509,200,190.02768
-122.237424,200,190.066141
-331.21074,200,190.104371
-118.070418,200,190.142683
-121.905521,200,190.180932
-118.015519,200,190.290099
-117.545037,200,190.328143
-126.232477,200,190.366643
-1.149165,200,190.405382
-117.371713,200,190.443328
-240.149856,200,190.481121
-237.195376,200,190.519329
-124.637505,200,190.557508
-324.981963,200,190.595995
-118.516502,200,190.63381
-237.544873,200,190.743848
-1.481198,200,190.782983
-123.860694,200,190.821109
-121.484388,200,190.859264
-123.351901,200,190.897711
-118.923112,200,190.93575
-224.339334,200,190.97392
-237.459436,200,191.011766
-0.70651,200,191.049703
-249.602471,200,191.087492
-117.505855,200,191.200468
-117.488443,200,191.242587
-123.259367,200,191.284517
-125.921145,200,191.3273
-114.290927,200,191.37041
-119.774361,200,191.439139
-127.159471,200,191.492112
-241.079192,200,191.536857
-232.715879,200,191.582266
-124.177355,200,191.626326
-239.283366,200,191.749484
-368.167454,200,191.796892
-232.452252,200,191.865295
-125.317673,200,191.907932
-237.735661,200,191.946712
-118.983782,200,191.98544
-120.156502,200,192.024084
-233.445205,200,192.062108
-116.845659,200,192.100575
-120.324158,200,192.139095
-119.23541,200,192.248896
-237.73017,200,192.287543
-118.563638,200,192.325709
-245.217634,200,192.363993
-0.745055,200,192.40263
-123.281889,200,192.440674
-3.887542,200,192.479086
-119.239718,200,192.517406
-352.353039,200,192.555471
-0.902057,200,192.593418
-233.887405,200,192.70263
-238.42125,200,192.740961
-125.91198,200,192.779277
-122.360607,200,192.817766
-118.400528,200,192.856099
-127.863803,200,192.894192
-279.26107,200,192.932277
-3.319566,200,192.970171
-234.385458,200,193.008369
-125.061264,200,193.04657
-237.706757,200,193.164606
-126.201977,200,193.208028
-119.47775,200,193.250846
-234.701566,200,193.294093
-125.708874,200,193.337921
-122.608205,200,193.383229
-121.354039,200,193.455961
-228.437861,200,193.511343
-1.090555,200,193.554339
-1.868631,200,193.600695
-114.990994,200,193.725324
-231.401438,200,193.771127
-1.328997,200,193.811073
-342.416812,200,193.849862
-227.192242,200,193.88845
-119.352656,200,193.927091
-120.967932,200,193.965721
-239.239404,200,194.004309
-2.30752,200,194.042659
-124.937848,200,194.080995
-268.070583,200,194.190708
-127.088051,200,194.22913
-122.599579,200,194.267665
-0.639941,200,194.306229
-122.184338,200,194.344373
-241.502001,200,194.382495
-124.088277,200,194.421067
-361.998797,200,194.459441
-228.897231,200,194.497419
-246.256212,200,194.535317
-243.623154,200,194.645129
-245.018294,200,194.683417
-125.305947,200,194.721806
-126.908545,200,194.760078
-123.210323,200,194.798467
-124.887416,200,194.837307
-125.435751,200,194.878162
-125.109349,200,194.916384
-121.598239,200,194.954837
-126.283016,200,194.992811
-0.754006,200,195.101949
-120.471169,200,195.140283
-117.389863,200,195.178602
-119.709571,200,195.217222
-125.21771,200,195.255703
-227.981198,200,195.294049
-122.46748,200,195.332579
-242.087218,200,195.370557
-241.718976,200,195.40857
-123.443581,200,195.44671
-126.023221,200,195.555771
-240.779685,200,195.593996
-1.025353,200,195.632401
-356.59502,200,195.670518
-121.287781,200,195.70845
-318.499349,200,195.746529
-232.073137,200,195.784974
-235.028347,200,195.823233
-242.770756,200,195.861819
-1.553846,200,195.900044
-348.735435,200,196.008618
-265.536271,200,196.046928
-247.755852,200,196.085377
-240.025433,200,196.123567
-358.704216,200,196.161868
-3.266531,200,196.200015
-241.890002,200,196.237832
-116.363724,200,196.276077
-125.748044,200,196.314024
-241.611708,200,196.352071
-238.521138,200,196.46062
-126.86192,200,196.498938
-232.130647,200,196.537391
-127.844761,200,196.575395
-126.733921,200,196.613617
-116.736025,200,196.651805
-3.088148,200,196.690006
-1.985157,200,196.727945
-117.404717,200,196.765579
-124.362202,200,196.804321
-125.737951,200,196.913916
-243.45482,200,196.952812
-1.064598,200,196.991357
-115.850075,200,197.029837
-250.834058,200,197.068067
-231.368002,200,197.106208
-1.355704,200,197.144484
-116.741304,200,197.182358
-0.877919,200,197.22045
-237.698973,200,197.258543
-127.841976,200,197.375419
-124.963335,200,197.42006
-368.805659,200,197.494129
-2.888742,200,197.536291
-243.642683,200,197.578972
-120.965201,200,197.624299
-123.752211,200,197.670359
-126.443401,200,197.717214
-119.207896,200,197.761247
-124.017452,200,197.807654
-302.853501,200,197.951148
-335.539958,200,198.002894
-235.287442,200,198.047351
-126.302828,200,198.086336
-125.932953,200,198.124856
-239.288474,200,198.163176
-243.80594,200,198.201617
-240.619405,200,198.240074
-114.351696,200,198.27867
-125.371371,200,198.316806
-238.111462,200,198.426191
-348.805716,200,198.465121
-0.637969,200,198.503884
-122.530334,200,198.542506
-125.738175,200,198.580883
-123.39406,200,198.6191
-126.250126,200,198.65744
-239.266501,200,198.695685
-125.213957,200,198.733957
-117.737759,200,198.772272
-1.059312,200,198.881109
-124.017425,200,198.919476
-124.368649,200,198.957818
-241.055282,200,198.995988
-119.58648,200,199.034095
-124.679768,200,199.072258
-120.19338,200,199.110313
-463.034586,200,199.148284
-282.530175,200,199.186281
-226.832959,200,199.224097
-1.018434,200,199.33321
-121.019746,200,199.371704
-241.235259,200,199.409503
-0.476482,200,199.447254
-120.925917,200,199.486256
-122.479436,200,199.524459
-237.260843,200,199.562651
-125.828179,200,199.600646
-357.547503,200,199.638714
-117.239728,200,199.677101
-121.12241,200,199.785794
-371.49476,200,199.824186
-1.790216,200,199.864796
-366.632286,200,199.903962
-126.661521,200,199.942477
-121.395632,200,199.980731
-241.182995,200,200.018864
-121.982619,200,200.056911
-301.294337,200,200.09504
-117.146949,200,200.133017
-309.6338,200,200.251046
-486.539406,200,200.289875
-1.26848,200,200.328815
-329.743942,200,200.367294
-117.173748,200,200.405823
-234.783809,200,200.444262
-258.521479,200,200.482988
-241.343886,200,200.521567
-363.114732,200,200.559746
-343.432786,200,200.597929
-116.727178,200,200.707966
-123.193756,200,200.746914
-232.40691,200,200.785561
-344.177489,200,200.823958
-235.358348,200,200.862427
-235.520532,200,200.900986
-339.778879,200,200.93948
-246.122563,200,200.977515
-120.947474,200,201.015979
-1.41179,200,201.054375
-411.608503,200,201.163684
-120.175009,200,201.201984
-416.192362,200,201.240663
-248.760387,200,201.279195
-117.49021,200,201.317548
-238.372226,200,201.355815
-117.634811,200,201.394418
-118.791723,200,201.432554
-241.64926,200,201.470871
-363.990562,200,201.509193
-279.452378,200,201.617435
-119.43202,200,201.656032
-410.682168,200,201.69456
-126.017061,200,201.733024
-239.224287,200,201.77157
-118.048821,200,201.80978
-115.557151,200,201.848103
-3.063679,200,201.886575
-346.8387,200,201.924986
-124.706538,200,201.963329
-122.214206,200,202.073109
-117.212433,200,202.111882
-2.299453,200,202.150572
-121.640276,200,202.189129
-123.562117,200,202.227425
-126.528359,200,202.265346
-123.599603,200,202.303758
-233.757555,200,202.342148
-243.658337,200,202.380549
-0.726581,200,202.418665
-122.473511,200,202.532101
-122.094593,200,202.574475
-237.972716,200,202.617096
-116.475974,200,202.659934
-239.118753,200,202.701899
-265.250476,200,202.745277
-240.243818,200,202.80503
-122.372053,200,202.865217
-123.22631,200,202.909563
-125.148383,200,202.952188
-230.582711,200,203.109715
-294.715044,200,203.155849
-117.65378,200,203.201208
-120.146132,200,203.241103
-125.451682,200,203.280043
-228.955463,200,203.318917
-354.642408,200,203.357352
-124.491953,200,203.395968
-117.267741,200,203.434631
-230.650399,200,203.473094
-120.989635,200,203.581244
-121.066767,200,203.620109
-327.356398,200,203.658863
-129.848109,200,203.697542
-354.229315,200,203.736023
-0.850751,200,203.774401
-116.821748,200,203.812862
-233.225856,200,203.851331
-123.514778,200,203.889578
-240.094414,200,203.928112
-119.564623,200,204.038447
-223.436236,200,204.077254
-231.645753,200,204.116084
-117.601151,200,204.15464
-120.444066,200,204.192991
-128.251288,200,204.231428
-124.609359,200,204.270011
-345.047644,200,204.308183
-1.606691,200,204.346395
-115.307008,200,204.384738
-349.861343,200,204.501598
-124.759663,200,204.571883
-1.374579,200,204.614509
-123.707702,200,204.656115
-322.797011,200,204.700364
-120.056214,200,204.745782
-4.651791,200,204.791958
-373.522999,200,204.837891
-3.216595,200,204.885149
-115.60243,200,204.945228
-2.21979,200,205.073726
-238.33944,200,205.121612
-231.535984,200,205.163216
-0.618389,200,205.201987
-0.809151,200,205.240936
-247.401085,200,205.279564
-334.660306,200,205.317852
-128.02946,200,205.356285
-240.092931,200,205.394984
-125.160872,200,205.43346
-126.61829,200,205.542562
-123.08009,200,205.580978
-229.146039,200,205.619298
-123.975567,200,205.657807
-241.655194,200,205.6963
-116.051909,200,205.734394
-1.005154,200,205.772459
-126.528085,200,205.810971
-123.533504,200,205.849492
-116.323002,200,205.887667
-347.791477,200,205.996823
-340.802948,200,206.035413
-0.766784,200,206.073928
-226.302172,200,206.112376
-122.631676,200,206.150709
-125.24559,200,206.189182
-126.573342,200,206.227252
-3.757661,200,206.26569
-124.320716,200,206.303806
-244.38666,200,206.341938
-124.40259,200,206.450259
-119.698662,200,206.488691
-234.667401,200,206.527126
-118.634084,200,206.56895
-355.433029,200,206.612054
-238.150036,200,206.655194
-127.997035,200,206.694234
-1.648904,200,206.732309
-124.520833,200,206.770624
-234.081671,200,206.808581
-123.956183,200,206.917048
-120.249081,200,206.95555
-2.191376,200,206.994343
-125.019352,200,207.03264
-0.599435,200,207.071019
-2.785461,200,207.109305
-2.06912,200,207.147817
-121.778926,200,207.186497
-234.39941,200,207.22486
-227.710721,200,207.263149
-123.490974,200,207.371552
-284.898298,200,207.409787
-121.2977,200,207.448011
-232.780295,200,207.486555
-243.618261,200,207.525051
-226.729856,200,207.563317
-125.092795,200,207.601784
-124.282309,200,207.639953
-125.838776,200,207.678253
-237.256073,200,207.716286
-232.994958,200,207.826091
-123.045242,200,207.865197
-241.138881,200,207.903865
-232.296131,200,207.942117
-121.055982,200,207.980572
-353.484273,200,208.01918
-351.262102,200,208.057923
-230.066687,200,208.096089
-266.74873,200,208.134275
-120.673398,200,208.17254
-118.925797,200,208.283439
-243.623042,200,208.326036
-231.573426,200,208.367809
-233.15686,200,208.409646
-119.901619,200,208.452193
-348.368254,200,208.501725
-1.042802,200,208.568532
-125.606772,200,208.613138
-253.478886,200,208.658914
-0.761118,200,208.702601
-122.180636,200,208.825874
-229.084573,200,208.870998
-1.002363,200,208.929188
-118.139774,200,208.983322
-125.213541,200,209.021914
-121.407224,200,209.06069
-119.428752,200,209.099084
-124.961318,200,209.137754
-1.144153,200,209.17604
-118.424639,200,209.214657
-3.346951,200,209.323942
-236.210162,200,209.36265
-357.649993,200,209.401071
-118.422411,200,209.439499
-122.251511,200,209.477857
-123.693651,200,209.516302
-0.809184,200,209.554757
-353.880139,200,209.593212
-122.530157,200,209.631595
-241.3935,200,209.669834
-1.659956,200,209.777853
-362.349405,200,209.816413
-0.601852,200,209.856608
-116.729498,200,209.897374
-126.582303,200,209.936335
-232.445184,200,209.974935
-0.821991,200,210.01354
-117.83868,200,210.051941
-0.669874,200,210.08995
-118.270186,200,210.12822
-241.551592,200,210.236223
-129.321556,200,210.274935
-238.079596,200,210.312953
-232.587782,200,210.350951
-120.371473,200,210.389206
-121.694088,200,210.427371
-0.689022,200,210.466176
-240.796509,200,210.504478
-120.368328,200,210.542442
-243.637864,200,210.580518
-125.903832,200,210.689889
-4.066538,200,210.728567
-123.524767,200,210.76769
-124.360882,200,210.806077
-229.742782,200,210.8444
-236.283024,200,210.882852
-124.801372,200,210.921127
-121.348733,200,210.959375
-237.421724,200,210.997697
-346.500477,200,211.035853
-226.730057,200,211.145005
-355.145433,200,211.183713
-119.781283,200,211.222094
-128.728045,200,211.260299
-116.961836,200,211.298686
-232.606782,200,211.336781
-121.867298,200,211.374857
-241.823497,200,211.413236
-0.499367,200,211.45161
-0.76103,200,211.490099
-237.751054,200,211.5986
-125.7127,200,211.637113
-121.065028,200,211.675444
-348.034943,200,211.71356
-228.028233,200,211.751494
-0.971299,200,211.789606
-119.083111,200,211.827929
-0.877848,200,211.866125
-243.117879,200,211.904021
-231.902778,200,211.941934
-126.813991,200,212.053227
-124.992388,200,212.09248
-256.827252,200,212.130835
-224.675064,200,212.169153
-120.027798,200,212.207902
-119.674039,200,212.246463
-1.032772,200,212.284588
-269.225672,200,212.323048
-124.883256,200,212.361152
-122.340071,200,212.399182
-275.838864,200,212.507301
-124.680207,200,212.545786
-0.434782,200,212.584328
-238.342536,200,212.622706
-243.506318,200,212.660972
-125.756948,200,212.698894
-246.687577,200,212.737231
-364.57798,200,212.775415
-235.998036,200,212.813752
-361.980299,200,212.852082
-324.398838,200,212.959633
-0.997378,200,212.998251
-243.914434,200,213.036796
-120.875162,200,213.074774
-351.154089,200,213.113075
-233.039489,200,213.151308
-1.087149,200,213.189199
-233.235996,200,213.227192
-123.757102,200,213.265442
-237.413565,200,213.303233
-116.947737,200,213.411855
-343.48114,200,213.450163
-116.195435,200,213.488402
-239.224886,200,213.526599
-1.633545,200,213.564984
-312.114596,200,213.603309
-123.130399,200,213.641388
-1.429882,200,213.679669
-116.906475,200,213.717669
-245.712863,200,213.755796
-123.534119,200,213.86445
-114.7696,200,213.903094
-119.179122,200,213.941687
-232.488016,200,213.980254
-231.023424,200,214.018598
-1.055892,200,214.057155
-126.290748,200,214.095238
-2.443812,200,214.133514
-117.675894,200,214.171754
-120.012347,200,214.210009
-231.80455,200,214.326457
-233.756128,200,214.370612
-358.568614,200,214.412723
-345.165567,200,214.455037
-234.983238,200,214.498369
-126.113556,200,214.542566
-240.15183,200,214.599974
-240.706265,200,214.658985
-323.201887,200,214.703568
-125.826309,200,214.749284
-118.171436,200,214.879503
-328.60572,200,214.927883
-235.233035,200,214.969917
-242.196304,200,215.008706
-118.878593,200,215.047515
-2.439692,200,215.086121
-129.8214,200,215.124635
-347.772292,200,215.163105
-232.425539,200,215.201457
-243.87609,200,215.239892
-238.738027,200,215.348312
-294.409114,200,215.386908
-125.064925,200,215.425436
-125.212687,200,215.463963
-228.331046,200,215.502183
-349.216742,200,215.540236
-237.402357,200,215.578527
-228.05598,200,215.616531
-115.189154,200,215.654603
-115.31481,200,215.693267
-0.889647,200,215.802465
-244.985817,200,215.841492
-0.757812,200,215.879961
-125.410305,200,215.918195
-1.692045,200,215.956258
-123.537506,200,215.994138
-366.776474,200,216.032252
-240.180044,200,216.070634
-122.262188,200,216.108612
-115.828315,200,216.146795
-127.129445,200,216.273983
-126.003858,200,216.317354
-114.942226,200,216.389638
-1.173741,200,216.437382
-119.244237,200,216.480668
-119.209322,200,216.525991
-238.588269,200,216.571692
-304.020557,200,216.617746
-238.676363,200,216.662452
-0.958362,200,216.709825
-125.98763,200,216.854685
-0.551872,200,216.902306
-384.480669,200,216.949428
-125.526922,200,216.988761
-242.332613,200,217.02781
-236.613611,200,217.066159
-120.980802,200,217.104563
-240.080413,200,217.142971
-125.942271,200,217.181115
-240.170476,200,217.21964
-123.40821,200,217.328773
-122.898526,200,217.367299
-119.200802,200,217.406651
-363.135631,200,217.445131
-115.779263,200,217.484089
-126.408564,200,217.522424
-124.282326,200,217.560905
-120.044723,200,217.599274
-122.587798,200,217.637639
-0.815339,200,217.676046
-115.320451,200,217.784169
-255.052383,200,217.822788
-118.438233,200,217.861505
-122.911925,200,217.899722
-119.310386,200,217.938643
-119.095487,200,217.977049
-113.958436,200,218.015372
-237.548253,200,218.053819
-118.217579,200,218.091874
-246.427941,200,218.130079
-0.447209,200,218.238485
-228.961794,200,218.276758
-238.756214,200,218.315089
-119.570765,200,218.353109
-115.680047,200,218.391527
-124.662395,200,218.429729
-311.00848,200,218.467672
-241.997944,200,218.505842
-0.406016,200,218.543973
-351.615551,200,218.581808
-119.378301,200,218.690313
-229.456749,200,218.729016
-326.080171,200,218.767314
-126.863229,200,218.805637
-297.373252,200,218.843916
-125.833335,200,218.882015
-119.021419,200,218.920512
-349.818466,200,218.958943
-235.877497,200,218.997185
-117.46901,200,219.035213
-244.216287,200,219.152549
-338.91543,200,219.195555
-243.312228,200,219.238775
-122.15604,200,219.281575
-228.774018,200,219.324449
-119.091402,200,219.390284
-237.375858,200,219.442157
-356.299054,200,219.487268
-122.528024,200,219.532612
-124.857979,200,219.578279
-124.779749,200,219.702046
-0.986686,200,219.746739
-119.848972,200,219.785779
-125.419159,200,219.824252
-124.72071,200,219.863671
-119.87373,200,219.903805
-328.052786,200,219.942692
-118.777721,200,219.981296
-253.834553,200,220.019616
-117.088616,200,220.058055
-0.831706,200,220.166003
-125.473423,200,220.204621
-117.502201,200,220.242995
-231.305434,200,220.281019
-233.982986,200,220.318955
-351.113868,200,220.356646
-235.94921,200,220.394797
-120.239398,200,220.432793
-235.71867,200,220.471115
-116.972501,200,220.509169
-126.084006,200,220.616994
-236.966869,200,220.655685
-115.630301,200,220.693806
-122.569566,200,220.732222
-225.515273,200,220.770582
-128.278878,200,220.809054
-0.850184,200,220.847217
-115.373156,200,220.885306
-118.285422,200,220.923422
-113.814169,200,220.961529
-122.44421,200,221.070111
-124.474547,200,221.10865
-120.956259,200,221.14692
-331.00663,200,221.184783
-228.000518,200,221.222937
-122.380084,200,221.261806
-117.781987,200,221.299943
-118.279902,200,221.338291
-1.068752,200,221.376218
-224.528519,200,221.414365
-126.053275,200,221.522309
-230.762325,200,221.560793
-2.754142,200,221.598866
-124.216088,200,221.637217
-1.41765,200,221.675531
-238.160499,200,221.713715
-430.971572,200,221.752012
-330.555209,200,221.79046
-119.122923,200,221.828779
-122.957142,200,221.867097
-343.164363,200,221.974341
-119.617246,200,222.012538
-126.245439,200,222.050631
-296.140154,200,222.08882
-240.238522,200,222.127156
-0.791307,200,222.165503
-122.277192,200,222.203816
-363.520429,200,222.24186
-2.750139,200,222.279931
-119.962041,200,222.317942
-126.247648,200,222.431802
-0.890651,200,222.47006
-236.43968,200,222.508562
-120.273814,200,222.547077
-125.991386,200,222.585133
-1.389232,200,222.623553
-119.420739,200,222.661663
-122.357964,200,222.699944
-124.002842,200,222.738403
-123.319848,200,222.776825
-122.81477,200,222.885388
-0.517795,200,222.924108
-121.784951,200,222.962862
-124.306618,200,223.001256
-124.964144,200,223.039605
-126.965668,200,223.07766
-1.411058,200,223.116085
-1.169056,200,223.154141
-119.277191,200,223.192239
-125.40835,200,223.23015
-116.147524,200,223.337823
-240.694913,200,223.376184
-121.085463,200,223.414762
-125.603689,200,223.452935
-114.47617,200,223.491379
-123.37189,200,223.529662
-124.979815,200,223.567548
-117.645355,200,223.6058
-122.584221,200,223.644102
-0.877419,200,223.682199
-123.672203,200,223.792263
-2.695018,200,223.831868
-115.296379,200,223.870503
-245.127317,200,223.909164
-126.019019,200,223.947295
-124.750433,200,223.986015
-1.635215,200,224.024446
-124.326611,200,224.062826
-242.806899,200,224.100777
-0.997919,200,224.138799
-240.241091,200,224.247514
-289.901901,200,224.285991
-117.743009,200,224.324208
-122.628211,200,224.362791
-239.242133,200,224.40118
-465.938846,200,224.439458
-118.036275,200,224.477555
-2.484296,200,224.515743
-257.405419,200,224.553924
-122.655886,200,224.592809
-124.057035,200,224.708853
-125.345974,200,224.777089
-122.481575,200,224.824579
-124.094515,200,224.868552
-127.41875,200,224.914911
-0.656426,200,224.960637
-369.409652,200,225.00706
-1.568474,200,225.08396
-1.743778,200,225.144897
-120.895133,200,225.202744
-118.664841,200,225.330684
-124.295138,200,225.376762
-118.511835,200,225.415834
-124.407178,200,225.454515
-127.303946,200,225.493304
-3.216139,200,225.531752
-125.900353,200,225.570218
-234.770337,200,225.608776
-125.709915,200,225.647292
-123.92816,200,225.685673
-364.327424,200,225.794126
-126.550707,200,225.832773
-123.626479,200,225.87147
-117.654545,200,225.90944
-0.926737,200,225.947947
-238.731824,200,225.986021
-230.453614,200,226.024302
-235.461616,200,226.062375
-1.086224,200,226.100428
-0.882801,200,226.138196
-365.81863,200,226.246712
-119.920218,200,226.284899
-115.921747,200,226.322868
-1.991793,200,226.360626
-126.99676,200,226.398527
-127.891817,200,226.43625
-235.692002,200,226.474351
-243.843581,200,226.511792
-270.864093,200,226.549982
-237.415461,200,226.588332
-250.035793,200,226.699969
-238.307483,200,226.738415
-124.866679,200,226.77654
-118.479446,200,226.815254
-248.866026,200,226.853289
-119.274138,200,226.891402
-117.613441,200,226.929287
-118.807,200,226.967355
-122.264989,200,227.005533
-125.440768,200,227.043261
-362.071264,200,227.15295
-115.375502,200,227.191581
-121.38182,200,227.229476
-237.816194,200,227.267972
-131.95718,200,227.306317
-242.374482,200,227.344266
-126.243818,200,227.382572
-482.343951,200,227.421332
-125.892738,200,227.459889
-352.469482,200,227.498447
-3.29054,200,227.61598
-117.447108,200,227.65946
-124.639333,200,227.70274
-122.016961,200,227.763053
-366.268798,200,227.824486
-341.951066,200,227.869893
-273.921681,200,227.914382
-240.848313,200,227.959444
-119.288215,200,228.004734
-124.414485,200,228.050344
-125.818679,200,228.177299
-0.409557,200,228.249703
-122.488251,200,228.289039
-125.304962,200,228.328132
-0.730567,200,228.366623
-3.312091,200,228.405064
-337.31626,200,228.443505
-235.60707,200,228.482095
-119.40004,200,228.520465
-125.238054,200,228.559004
-127.362463,200,228.668011
-240.277328,200,228.706611
-125.807098,200,228.745392
-125.810659,200,228.783645
-123.422803,200,228.822077
-323.088913,200,228.860444
-241.178986,200,228.898354
-114.026856,200,228.936366
-122.960577,200,228.974777
-357.636657,200,229.012806
-227.754474,200,229.121828
-126.217312,200,229.160675
-241.004486,200,229.199068
-366.60759,200,229.2377
-1.32198,200,229.275837
-248.684603,200,229.313979
-0.598387,200,229.351911
-114.973198,200,229.389965
-131.390336,200,229.428136
-123.681003,200,229.466352
-1.883468,200,229.582704
-117.816066,200,229.626838
-119.316004,200,229.669612
-125.591214,200,229.712988
-117.887015,200,229.756225
-125.137956,200,229.799937
-283.768341,200,229.860391
-120.555838,200,229.924379
-358.996559,200,229.970142
-238.614115,200,230.015686
-240.943969,200,230.139618
-336.598337,200,230.18799
-122.580305,200,230.228385
-126.619303,200,230.26714
-291.241951,200,230.305727
-124.354207,200,230.344089
-125.894852,200,230.382379
-240.090745,200,230.420633
-241.350126,200,230.458743
-125.971371,200,230.497273
-235.752989,200,230.606947
-240.844591,200,230.645456
-125.366706,200,230.683714
-116.514596,200,230.727132
-345.26446,200,230.765731
-226.927978,200,230.80406
-233.571748,200,230.842271
-126.169175,200,230.880348
-349.524896,200,230.918573
-128.859082,200,230.957022
-125.688566,200,231.067114
-230.760263,200,231.105837
-349.55086,200,231.144196
-118.944026,200,231.18223
-245.349474,200,231.22071
-238.711489,200,231.259027
-120.998111,200,231.297432
-119.455435,200,231.335689
-239.518567,200,231.373471
-1.956457,200,231.41162
-273.27808,200,231.520647
-242.78023,200,231.559152
-239.237849,200,231.597618
-238.233703,200,231.636183
-232.959136,200,231.675016
-123.796316,200,231.713263
-301.663214,200,231.751439
-414.410339,200,231.789596
-119.141548,200,231.827849
-124.153176,200,231.866175
-125.828947,200,231.973999
-118.35583,200,232.012341
-362.961971,200,232.050818
-242.459759,200,232.089218
-124.754041,200,232.127583
-122.933912,200,232.165727
-350.234019,200,232.204168
-122.486087,200,232.242333
-4.236325,200,232.280638
-123.91949,200,232.319029
-123.874794,200,232.427746
-124.440353,200,232.466146
-118.68266,200,232.504639
-236.461695,200,232.543063
-124.366385,200,232.581136
-123.340898,200,232.619249
-115.561274,200,232.657155
-236.886507,200,232.695509
-126.586623,200,232.733723
-359.54994,200,232.772054
-117.939995,200,232.881331
-113.957816,200,232.91959
-118.370534,200,232.957944
-121.183979,200,232.996211
-1.315239,200,233.034244
-339.656866,200,233.072172
-121.105266,200,233.110447
-433.675349,200,233.148426
-227.755905,200,233.186538
-116.067915,200,233.224763
-0.514534,200,233.335107
-241.003819,200,233.373587
-376.92773,200,233.412114
-370.243553,200,233.450026
-123.366798,200,233.488295
-114.534121,200,233.526678
-1.838546,200,233.564712
-120.919507,200,233.602907
-124.232703,200,233.640755
-240.3546,200,233.678946
-125.598824,200,233.790304
-115.33986,200,233.829241
-0.504234,200,233.867596
-125.967796,200,233.905948
-235.890213,200,233.944976
-0.631477,200,233.983727
-120.672677,200,234.02211
-125.273223,200,234.060759
-349.759559,200,234.099216
-235.432996,200,234.137611
-124.904541,200,234.247523
-122.222985,200,234.286326
-123.980728,200,234.32499
-245.382775,200,234.363449
-126.850621,200,234.401785
-119.145396,200,234.439973
-124.864381,200,234.478684
-225.89627,200,234.516854
-129.665389,200,234.55542
-125.959238,200,234.595152
-247.631623,200,234.704671
-234.453845,200,234.743135
-126.750839,200,234.781657
-317.948286,200,234.819835
-230.935246,200,234.858155
-235.110164,200,234.898891
-121.052111,200,234.938295
-238.509927,200,234.976759
-124.181224,200,235.015179
-351.112895,200,235.053834
-117.431193,200,235.171736
-124.65709,200,235.215593
-120.210736,200,235.282403
-122.194038,200,235.332856
-127.796343,200,235.376597
-117.811639,200,235.422
-117.15754,200,235.468148
-117.956659,200,235.514448
-126.114015,200,235.559859
-124.072003,200,235.605935
