#{"t_start": 1789045788.715334, "env_id": "Pendulum-v1"}
r,l,t
-1516.445909,200,0.024302
-1755.98121,200,0.054161
-869.167533,200,0.08338
-1031.942565,200,0.112784
-1342.917422,200,0.142013
-1534.139894,200,0.171104
-1095.388424,200,0.201547
-1801.899002,200,0.232202
-1606.442717,200,0.261908
-1384.43948,200,0.291625
-1388.368189,200,0.39428
-1283.385379,200,0.423924
-910.628616,200,0.45327
-890.976618,200,0.482409
-974.974652,200,0.511617
-950.24347,200,0.54096
-1462.507794,200,0.570157
-1270.654096,200,0.599536
-1045.563294,200,0.628892
-911.781875,200,0.657892
-1190.643436,200,0.761698
-1359.138116,200,0.792941
-1004.943301,200,0.823061
-1118.645594,200,0.852987
-1608.286554,200,0.882998
-1074.457127,200,0.913045
-1618.456885,200,0.942898
-1172.555928,200,0.972856
-1070.758235,200,1.002817
-1708.26036,200,1.032832
-901.544304,200,1.138135
-1599.031752,200,1.170357
-1001.562193,200,1.200144
-1424.413004,200,1.229941
-1357.065792,200,1.260166
-1179.122343,200,1.290128
-1090.210233,200,1.320149
-1168.25291,200,1.349892
-1582.086,200,1.381114
-972.665409,200,1.41371
-1396.878917,200,1.517697
-983.059125,200,1.548222
-1255.282636,200,1.578002
-879.448731,200,1.608058
-1294.867147,200,1.637893
-1713.713021,200,1.667809
-837.88026,200,1.697234
-1074.747455,200,1.726939
-894.291865,200,1.756931
-1676.320613,200,1.786993
-1586.821907,200,1.887453
-1263.727486,200,1.917907
-1175.500037,200,1.948485
-1143.041299,200,1.981366
-1284.598453,200,2.01083
-1381.180694,200,2.040576
-1782.406502,200,2.070639
-1470.196556,200,2.100847
-1850.348057,200,2.131089
-1052.352861,200,2.160944
-1284.093203,200,2.268723
-1431.6119,200,2.305397
-1293.217149,200,2.361
-1037.997529,200,2.399629
-968.500527,200,2.434315
-1687.491411,200,2.468855
-1695.917276,200,2.506084
-981.000884,200,2.541864
-1742.041698,200,2.579112
-1620.685167,200,2.629406
-1344.254613,200,2.746517
-1480.714491,200,2.783927
-1507.240716,200,2.820607
-1189.832964,200,2.860138
-1001.495989,200,2.898521
-1272.662385,200,2.934973
-1256.110824,200,2.966472
-1235.551794,200,2.997039
-1569.842618,200,3.027911
-1271.553376,200,3.058664
-1456.39223,200,3.159463
-1723.161143,200,3.19039
-1306.251252,200,3.221149
-1502.124318,200,3.251694
-1436.930285,200,3.282727
-1169.219389,200,3.313412
-1844.491827,200,3.344426
-1714.538853,200,3.375438
-1783.880703,200,3.406079
-1842.305082,200,3.436809
-1795.218893,200,3.538313
-1790.614052,200,3.57014
-1654.506661,200,3.60132
-1422.299887,200,3.63253
-1809.77037,200,3.663413
-1331.217558,200,3.694234
-1254.777503,200,3.726289
-1687.356289,200,3.757432
-1090.444425,200,3.788611
-1177.53513,200,3.819624
-1560.196165,200,3.921093
-1512.320165,200,3.952538
-1449.844955,200,3.984271
-1617.646439,200,4.014993
-1279.67244,200,4.046429
-1647.34443,200,4.077613
-1417.178046,200,4.108678
-1521.791227,200,4.139281
-1775.758055,200,4.171111
-1390.2072,200,4.202379
-1506.764852,200,4.311301
-1812.431383,200,4.346789
-1775.577159,200,4.381945
-1822.784822,200,4.42005
-1391.773477,200,4.477693
-1793.425854,200,4.512981
-1502.086298,200,4.550294
-1552.42808,200,4.585983
-1529.298489,200,4.623658
-1221.500484,200,4.661174
-1571.698526,200,4.777347
-1449.485417,200,4.815077
-1611.560297,200,4.853243
-1499.821857,200,4.893879
-1824.023745,200,4.953763
-1160.892363,200,4.997804
-1225.306049,200,5.030073
-1744.054071,200,5.062401
-1279.163694,200,5.095018
-1314.962245,200,5.126712
-1697.667299,200,5.227817
-1419.410511,200,5.259391
-1517.052743,200,5.291846
-1211.67267,200,5.32333
-1674.415352,200,5.354706
-1789.535283,200,5.386465
-1410.566231,200,5.418367
-1355.843516,200,5.45023
-1498.962111,200,5.482477
-1397.997085,200,5.513678
-1615.448341,200,5.615641
-1701.73485,200,5.648281
-1554.447978,200,5.680358
-1658.963897,200,5.71215
-1399.919342,200,5.744342
-1649.172802,200,5.776379
-1508.437105,200,5.808955
-1798.845792,200,5.840276
-1475.840662,200,5.871518
-1665.274044,200,5.90349
-1118.708251,200,6.006638
-1164.713448,200,6.038246
-1804.53934,200,6.070195
-1261.487127,200,6.101874
-1198.282363,200,6.135437
-1352.594244,200,6.170944
-1762.845011,200,6.204225
-1311.96095,200,6.235884
-1381.708885,200,6.302108
-1282.561478,200,6.334414
-1617.70944,200,6.437031
-1384.1915,200,6.469075
-1553.971556,200,6.501885
-1764.440945,200,6.536982
-1662.265147,200,6.572462
-1826.407019,200,6.608872
-1773.489758,200,6.644228
-1740.265809,200,6.681062
-1782.790564,200,6.717889
-1637.069244,200,6.753258
-1162.953785,200,6.888692
-1328.195533,200,6.938881
-1759.386587,200,6.976786
-1708.606376,200,7.01733
-1539.676612,200,7.055969
-1786.795017,200,7.094431
-1217.558023,200,7.131746
-1532.335024,200,7.171296
-1404.106744,200,7.2074
-1614.487863,200,7.241112
-1478.964373,200,7.344337
-1791.884242,200,7.376737
-1024.047855,200,7.409716
-1766.361326,200,7.442593
-1290.937394,200,7.474777
-1736.126873,200,7.50784
-1638.659106,200,7.541354
-1525.456704,200,7.574521
-1627.528735,200,7.607583
-1509.31829,200,7.640139
-1752.371615,200,7.743349
-1075.136396,200,7.77588
-1307.450261,200,7.808955
-1232.045282,200,7.842053
-1712.393741,200,7.875682
-1606.337117,200,7.908571
-1758.692467,200,7.941663
-1600.183147,200,7.974493
-1398.466936,200,8.007144
-1371.389342,200,8.039614
-1646.923607,200,8.143041
-1315.654692,200,8.179968
-1240.926538,200,8.215794
-1447.814155,200,8.252526
-1151.282103,200,8.290363
-1578.59415,200,8.336375
-1312.416424,200,8.394835
-1272.596979,200,8.432103
-1651.356357,200,8.469608
-1455.778159,200,8.509529
-1543.643254,200,8.625019
-1631.061103,200,8.666185
-1659.561485,200,8.707253
-1167.226586,200,8.752306
-1173.517381,200,8.815752
-1529.442128,200,8.865829
-1764.32425,200,8.904971
-1415.654225,200,8.938711
-1298.809143,200,8.972382
-1349.716607,200,9.005954
-1487.955217,200,9.109435
-1605.029922,200,9.143344
-1452.416371,200,9.176936
-1488.746672,200,9.21042
-1145.795436,200,9.244186
-1722.147337,200,9.27688
-1308.473808,200,9.310877
-1413.324867,200,9.344594
-1744.104754,200,9.377873
-1738.973722,200,9.411154
-1705.750392,200,9.514947
-1299.493757,200,9.549222
-1513.328317,200,9.582818
-1528.109659,200,9.616397
-1268.015891,200,9.650074
-1421.476019,200,9.68412
-1255.210981,200,9.718399
-1665.421248,200,9.752125
-1477.372758,200,9.785817
-1364.476813,200,9.819826
-1073.070435,200,9.92444
-1598.316559,200,9.959424
-1418.065141,200,9.992874
-1577.411795,200,10.027344
-1478.815282,200,10.061516
-1528.190068,200,10.096356
-1554.253295,200,10.130195
-1607.02197,200,10.16427
-1619.684745,200,10.199016
-1527.818684,200,10.232845
-1257.066665,200,10.340433
-1238.028484,200,10.378628
-1626.886651,200,10.418007
-1148.879632,200,10.455359
-1514.659161,200,10.492867
-1138.830797,200,10.532738
-1599.838916,200,10.574267
-1667.897858,200,10.617157
-1540.902137,200,10.682456
-1278.019113,200,10.750889
-1456.665112,200,10.868162
-1629.47985,200,10.912142
-1566.787633,200,10.952823
-1317.028766,200,10.994385
-1286.966386,200,11.035676
-1557.297364,200,11.072786
-1559.532331,200,11.107673
-1121.142104,200,11.144132
-1214.765178,200,11.180722
-1372.373132,200,11.21552
-1650.423283,200,11.320199
-1627.907474,200,11.354681
-1209.695974,200,11.388777
-1514.844489,200,11.422989
-784.090641,200,11.457323
-1144.068868,200,11.491423
-1326.167902,200,11.526112
-1425.260617,200,11.560068
-1620.113752,200,11.594301
-1303.772698,200,11.629072
-1020.078958,200,11.737205
-1070.833692,200,11.772354
-1438.469219,200,11.807503
-1471.081213,200,11.842483
-1678.998285,200,11.87729
-1326.939941,200,11.912078
-1493.680929,200,11.946568
-1531.097869,200,11.980517
-1366.680106,200,12.014861
-912.153164,200,12.049776
-1531.761311,200,12.160805
-1410.095921,200,12.226357
-1114.717308,200,12.266401
-1013.462292,200,12.305579
-1551.320362,200,12.345558
-934.979019,200,12.386737
-1348.894472,200,12.426979
-1368.784912,200,12.470612
-1243.124384,200,12.510546
-1297.556915,200,12.552139
-1554.626879,200,12.705017
-1455.302578,200,12.749442
-1132.149661,200,12.792062
-1214.997131,200,12.827586
-1315.811183,200,12.862965
-1645.842225,200,12.898774
-1255.243273,200,12.934022
-1148.994154,200,12.969087
-1067.782512,200,13.00489
-1216.981263,200,13.039898
-1177.630234,200,13.147366
-1353.523761,200,13.183042
-1031.139861,200,13.218846
-1302.539724,200,13.254138
-1246.532112,200,13.290161
-1355.785094,200,13.325713
-1247.730169,200,13.36087
-931.341842,200,13.395946
-1227.851089,200,13.43111
-1287.091004,200,13.466337
-1092.14788,200,13.572043
-883.515315,200,13.607407
-1130.297843,200,13.643341
-819.692917,200,13.678704
-1274.476962,200,13.715
-891.651424,200,13.749712
-957.561362,200,13.785057
-1319.265879,200,13.820382
-1188.696417,200,13.855658
-1011.327363,200,13.893079
-1302.581725,200,14.006242
-1009.130286,200,14.046328
-1389.606768,200,14.086339
-1380.480343,200,14.126533
-1526.366371,200,14.176334
-1022.145939,200,14.23962
-1405.369468,200,14.281629
-925.320724,200,14.323234
-1371.874349,200,14.365939
-686.964548,200,14.408324
-509.975822,200,14.528497
-1626.965484,200,14.569754
-959.442363,200,14.606563
-787.276628,200,14.64296
-1205.252568,200,14.679502
-916.028094,200,14.715513
-859.937595,200,14.751699
-1383.167851,200,14.788274
-1290.363677,200,14.824945
-1336.01609,200,14.861449
-1043.633595,200,14.967849
-1004.565162,200,15.004029
-635.921856,200,15.039738
-499.594276,200,15.076022
-1420.048258,200,15.112143
-1442.970538,200,15.148226
-1107.924717,200,15.184494
-519.079561,200,15.220488
-654.268403,200,15.25679
-940.563833,200,15.293624
-1073.420385,200,15.399345
-1100.891351,200,15.436095
-734.118591,200,15.471974
-653.509488,200,15.508378
-519.341357,200,15.544928
-1043.763865,200,15.581505
-1236.100384,200,15.618232
-643.692814,200,15.653921
-1204.789883,200,15.689653
-388.979835,200,15.725823
-1462.216331,200,15.835156
-1241.207388,200,15.87171
-1041.127252,200,15.90816
-1231.096369,200,15.944314
-392.197583,200,15.981072
-1220.006679,200,16.017044
-945.852426,200,16.053116
-884.558389,200,16.089217
-905.982598,200,16.125321
-697.433269,200,16.163766
-1064.837454,200,16.29114
-865.660063,200,16.344194
-750.012257,200,16.398424
-1394.961857,200,16.459464
-416.861412,200,16.500495
-398.930421,200,16.543123
-792.833363,200,16.584737
-134.813951,200,16.628218
-1129.138462,200,16.673352
-1209.818608,200,16.71555
-1495.596359,200,16.862864
-1247.746665,200,16.910622
-392.968914,200,16.955453
-1364.463468,200,16.998202
-641.008083,200,17.035754
-520.504249,200,17.072792
-1077.559971,200,17.110104
-1000.356813,200,17.146623
-805.269697,200,17.183474
-1200.68773,200,17.220314
-129.638873,200,17.326926
-1183.553667,200,17.364198
-1255.931742,200,17.400952
-505.076447,200,17.437545
-923.663939,200,17.474201
-342.555403,200,17.513157
-390.143656,200,17.550339
-1235.287393,200,17.587442
-697.487388,200,17.624937
-1485.299192,200,17.661775
-528.815224,200,17.768677
-515.546697,200,17.805705
-655.64726,200,17.842784
-392.794447,200,17.882058
-661.319997,200,17.921904
-394.662232,200,17.963181
-3.209914,200,18.004662
-1590.661633,200,18.045818
-915.255695,200,18.086387
-518.02377,200,18.13538
-505.790224,200,18.261145
-521.517075,200,18.303594
-389.948456,200,18.347291
-715.767149,200,18.391038
-815.911173,200,18.43394
-1209.885772,200,18.478666
-588.600208,200,18.523406
-535.237662,200,18.564983
-132.191081,200,18.602559
-3.589143,200,18.640776
-511.331189,200,18.74799
-259.8315,200,18.784845
-1590.680853,200,18.822238
-656.480511,200,18.858789
-513.178594,200,18.896091
-837.741271,200,18.93317
-262.065994,200,18.970401
-525.82703,200,19.008112
-131.795667,200,19.045314
-1527.450271,200,19.082975
-1393.987298,200,19.192313
-1046.4495,200,19.229539
-683.796766,200,19.266977
-394.226982,200,19.304597
-352.65158,200,19.342007
-390.327486,200,19.378963
-130.498068,200,19.416646
-528.373879,200,19.453955
-128.920741,200,19.491535
-2.617136,200,19.529068
-1104.022122,200,19.636098
-515.529597,200,19.673456
-653.821412,200,19.711404
-133.847066,200,19.748711
-802.809061,200,19.786327
-840.069343,200,19.824272
-537.746225,200,19.861777
-518.279698,200,19.898943
-1365.591837,200,19.936725
-393.357386,200,19.974299
-1.914601,200,20.116905
-905.954084,200,20.155377
-409.265629,200,20.193393
-274.794476,200,20.231076
-2.441484,200,20.26931
-128.055225,200,20.307324
-295.152251,200,20.345296
-533.567254,200,20.383312
-555.424543,200,20.421308
-259.994581,200,20.459019
-674.166246,200,20.566931
-519.893329,200,20.6051
-132.067823,200,20.64332
-425.347695,200,20.68105
-2.866911,200,20.718892
-407.696639,200,20.756729
-405.471312,200,20.794527
-515.458794,200,20.832415
-135.698382,200,20.870424
-445.819017,200,20.908557
-402.874196,200,21.016356
-280.085804,200,21.054478
-270.914423,200,21.092397
-133.397423,200,21.130465
-403.249906,200,21.170691
-1.948882,200,21.209715
-1340.275989,200,21.247781
-130.932259,200,21.286056
-400.259135,200,21.324533
-427.664325,200,21.36298
-1295.674945,200,21.473345
-271.687022,200,21.511783
-428.954286,200,21.549945
-417.533554,200,21.58832
-266.490343,200,21.627257
-132.348015,200,21.665218
-470.652637,200,21.703641
-417.882298,200,21.742525
-131.149705,200,21.780683
-133.872498,200,21.818788
-422.057531,200,21.928935
-129.681436,200,21.967301
-130.634491,200,22.007612
-128.104188,200,22.050147
-132.082658,200,22.104798
-674.981081,200,22.167102
-1067.295347,200,22.209795
-285.427672,200,22.253161
-276.200402,200,22.297241
-134.224758,200,22.343706
-383.7092,200,22.480179
-270.900579,200,22.54022
-304.980655,200,22.58461
-407.155515,200,22.634492
-130.250344,200,22.681815
-1063.796578,200,22.728157
-1364.381567,200,22.767693
-133.247123,200,22.806902
-1474.868207,200,22.845794
-953.250615,200,22.884256
-129.347524,200,22.992553
-1.220197,200,23.031232
-923.916718,200,23.069747
-129.840664,200,23.1081
-1.25133,200,23.146482
-133.832808,200,23.184787
-939.313504,200,23.223263
-131.657272,200,23.26143
-889.102495,200,23.299714
-410.683389,200,23.338132
-131.194314,200,23.445774
-390.906042,200,23.484431
-927.6903,200,23.522912
-136.847687,200,23.561256
-592.736554,200,23.599242
-291.357238,200,23.63757
-590.533069,200,23.675727
-273.071997,200,23.715283
-798.322066,200,23.754122
-1502.807442,200,23.792475
-131.19973,200,23.900675
-788.103797,200,23.939159
-135.858706,200,23.977552
-1447.972368,200,24.015762
-271.52627,200,24.053903
-289.396595,200,24.091917
-0.984973,200,24.130037
-132.514093,200,24.168411
-0.959253,200,24.20752
-779.577826,200,24.246301
-532.049465,200,24.362045
-259.432354,200,24.404645
-772.830646,200,24.447381
-255.267446,200,24.50389
-1.103972,200,24.561129
-126.444184,200,24.604064
-1413.346926,200,24.647947
-385.653046,200,24.692246
-257.122366,200,24.734905
-785.228156,200,24.781578
-836.712316,200,24.905058
-903.815123,200,24.962053
-1211.149249,200,25.01517
-1032.536667,200,25.053962
-935.363354,200,25.092933
-136.319768,200,25.131518
-951.993576,200,25.169767
-1063.927494,200,25.207698
-1505.890735,200,25.246495
-1197.7509,200,25.284951
-1271.762081,200,25.392675
-1426.834313,200,25.431972
-1171.066698,200,25.470251
-1286.348174,200,25.509974
-1038.639357,200,25.548953
-913.850007,200,25.587303
-1489.572742,200,25.625623
-956.773379,200,25.664166
-1181.117239,200,25.702115
-1167.314478,200,25.740424
-1052.045513,200,25.847882
-832.900176,200,25.8864
-917.364431,200,25.925387
-417.876854,200,25.966275
-1.297202,200,26.010155
-1074.417306,200,26.054027
-395.828546,200,26.09644
-1207.130033,200,26.139145
-1207.265443,200,26.184912
-1163.896928,200,26.229455
-1062.245031,200,26.360176
-1003.085862,200,26.404672
-1.981538,200,26.450298
-962.362587,200,26.497218
-299.565085,200,26.544133
-912.504742,200,26.591796
-920.306366,200,26.637611
-1101.768316,200,26.676861
-1163.62974,200,26.715524
-1.732583,200,26.754343
-862.594508,200,26.863578
-1260.011195,200,26.902082
-1116.62949,200,26.940506
-1088.630209,200,26.978849
-1025.545347,200,27.017254
-953.480467,200,27.055466
-1133.956814,200,27.093601
-1279.435952,200,27.131734
-1221.958123,200,27.169683
-1336.511915,200,27.209807
-1183.929412,200,27.318685
-1213.783824,200,27.357015
-1190.148967,200,27.39561
-1228.313366,200,27.434232
-1357.835619,200,27.472373
-1190.249861,200,27.510564
-1131.61247,200,27.548879
-1082.454009,200,27.586898
-1078.782851,200,27.625177
-1255.699139,200,27.663293
-1267.512923,200,27.780646
-1097.471472,200,27.831984
-1060.561204,200,27.898476
-1511.137918,200,27.941484
-1217.205854,200,27.996368
-1358.534404,200,28.042648
-1217.884675,200,28.090675
-1135.846797,200,28.137538
-1195.402909,200,28.182633
-1080.764962,200,28.228781
-1258.883402,200,28.374584
-1055.774019,200,28.422774
-1184.006112,200,28.465854
-1336.09152,200,28.504706
-1331.080127,200,28.543259
-1197.856087,200,28.581465
-1301.553554,200,28.619995
-1183.707874,200,28.659094
-1258.621559,200,28.697537
-1158.848742,200,28.735867
-1204.83828,200,28.844121
-1274.484804,200,28.882651
-1207.320099,200,28.920641
-1259.405718,200,28.958861
-1048.143971,200,28.997052
-1281.697883,200,29.034958
-1229.803258,200,29.073428
-1505.990446,200,29.111644
-1323.961139,200,29.149729
-1157.718482,200,29.187798
-1208.661885,200,29.295674
-1193.645159,200,29.334356
-1086.088677,200,29.372744
-1167.947019,200,29.411147
-1188.128641,200,29.449973
-1095.272277,200,29.48822
-1093.589979,200,29.526642
-1127.666578,200,29.56491
-1217.8342,200,29.603027
-1215.750965,200,29.641248
-1159.614606,200,29.754896
-1224.237318,200,29.797207
-1185.829863,200,29.840288
-1253.080347,200,29.88328
-1311.989332,200,29.926136
-1195.753925,200,29.969682
-1294.909248,200,30.03962
-1239.745263,200,30.092833
-1362.624487,200,30.137815
-1293.848063,200,30.183255
-1239.448043,200,30.305684
-1213.14832,200,30.351565
-1224.048992,200,30.394672
-1231.260803,200,30.433614
-1223.701418,200,30.472682
-1253.176822,200,30.510872
-1213.954317,200,30.549226
-1211.54987,200,30.587269
-1174.310325,200,30.62537
-1262.790155,200,30.663714
-1220.938449,200,30.772399
-1224.766374,200,30.810972
-1221.84202,200,30.849333
-1306.898484,200,30.888014
-1245.642959,200,30.926713
-1162.09744,200,30.965054
-1192.605174,200,31.003056
-1223.986586,200,31.041339
-1220.031141,200,31.07983
-1160.008549,200,31.117891
-1190.656475,200,31.228298
-1173.70082,200,31.26696
-1229.738411,200,31.305617
-1210.008937,200,31.344026
-1095.022118,200,31.382275
-1230.679788,200,31.420388
-1242.158589,200,31.458379
-1226.224928,200,31.496653
-1221.832215,200,31.534667
-1216.534078,200,31.57286
-1258.322864,200,31.680931
-1219.716139,200,31.719469
-1074.611078,200,31.757553
-1072.638457,200,31.795599
-1081.116803,200,31.833935
-1238.814286,200,31.872054
-1198.578789,200,31.91067
-1178.046073,200,31.949384
-1084.831106,200,31.987571
-1222.445481,200,32.02577
-1109.468847,200,32.133404
-1358.870723,200,32.172292
-1147.790416,200,32.215346
-1216.067606,200,32.256831
-1517.665697,200,32.30514
-1239.84238,200,32.365957
-1373.934567,200,32.408075
-1198.110932,200,32.451403
-1192.899917,200,32.496753
-1227.551342,200,32.541805
-1361.473626,200,32.664062
-1190.945188,200,32.726208
-1309.758187,200,32.785215
-1088.762065,200,32.83603
-1075.122061,200,32.881491
-1085.865119,200,32.92582
-1353.529444,200,32.964673
-1354.352101,200,33.003043
-1267.600663,200,33.041688
-1198.724362,200,33.080076
-1223.304776,200,33.187887
-1337.734121,200,33.226673
-1127.636949,200,33.265332
-1078.420566,200,33.303665
-1185.539282,200,33.342328
-1237.414509,200,33.380506
-1200.017111,200,33.418977
-1093.047013,200,33.457375
-1206.692328,200,33.495382
-1155.569393,200,33.533756
-1223.917574,200,33.642412
-1124.352233,200,33.68105
-1070.896114,200,33.719705
-1091.879433,200,33.758116
-1335.14634,200,33.796557
-1190.812572,200,33.834645
-1227.325287,200,33.872941
-1182.762461,200,33.911328
-1261.070999,200,33.949817
-1204.75239,200,33.988164
-1152.157866,200,34.098035
-1209.120386,200,34.137131
-1167.75197,200,34.175668
-1128.654864,200,34.213698
-946.367657,200,34.252028
-1053.40628,200,34.289889
-1038.278263,200,34.328405
-1070.349894,200,34.366885
-1335.270578,200,34.405172
-1066.744565,200,34.443226
-1094.124991,200,34.551102
-1320.310683,200,34.589507
-1.246966,200,34.627828
-1038.948796,200,34.665818
-1039.059636,200,34.704446
-1381.702695,200,34.74268
-1062.418255,200,34.780807
-1083.808422,200,34.819026
-1234.855595,200,34.856888
-916.097386,200,34.894893
-1273.711246,200,35.002913
-1063.153587,200,35.041692
-1300.914004,200,35.080133
-1238.912189,200,35.118579
-1332.193882,200,35.156952
-1373.31828,200,35.195328
-1268.451514,200,35.233862
-1166.396192,200,35.272229
-1201.297526,200,35.310534
-1225.513882,200,35.348359
-1075.369797,200,35.456607
-1137.549038,200,35.494937
-1016.471409,200,35.533238
-1243.375091,200,35.571385
-1076.611387,200,35.609484
-1191.577465,200,35.647483
-932.212257,200,35.685799
-1259.277881,200,35.724209
-954.994465,200,35.762258
-1065.467339,200,35.800376
-0.901468,200,35.908414
-1214.478679,200,35.946566
-978.736728,200,35.985098
-1059.096386,200,36.023119
-1180.144537,200,36.061284
-1058.067813,200,36.099488
-1353.113473,200,36.137821
-939.617145,200,36.178082
-1060.531456,200,36.217278
-1207.758854,200,36.255635
-1052.233483,200,36.363723
-951.185513,200,36.402486
-822.416955,200,36.440705
-1065.067591,200,36.479006
-797.939283,200,36.51744
-1039.764016,200,36.555893
-1066.354922,200,36.594115
-1121.158357,200,36.632297
-1185.354588,200,36.670464
-1078.11183,200,36.708334
-1225.220963,200,36.81586
-937.069336,200,36.85453
-1050.562641,200,36.893046
-1043.079442,200,36.930835
-1189.966065,200,36.969115
-928.070412,200,37.007207
-1216.597407,200,37.045568
-1090.729732,200,37.083802
-951.753413,200,37.12173
-1155.259974,200,37.159992
-978.224432,200,37.300772
-942.577118,200,37.33923
-1022.188961,200,37.377542
-792.74725,200,37.419802
-1062.948298,200,37.460879
-1191.572089,200,37.504176
-1018.786134,200,37.542743
-931.983437,200,37.580859
-915.863688,200,37.619095
-1033.752518,200,37.657191
-1066.531312,200,37.766507
-1218.394743,200,37.804995
-1017.627521,200,37.843371
-929.007792,200,37.88178
-945.833777,200,37.919565
-882.233535,200,37.957417
-963.911518,200,37.995314
-1041.897893,200,38.033223
-1026.377143,200,38.073115
-1045.563808,200,38.114999
-1094.038857,200,38.231043
-1001.10471,200,38.273661
-1004.202508,200,38.325381
-939.210839,200,38.387155
-1089.195803,200,38.432159
-959.510684,200,38.477522
-1018.868565,200,38.520095
-915.772986,200,38.56689
-1035.955304,200,38.612909
-941.269878,200,38.657577
-1185.931266,200,38.774473
-1145.741236,200,38.813428
-1058.262894,200,38.852095
-902.301835,200,38.89058
-893.518506,200,38.928839
-661.981818,200,38.967044
-1045.135396,200,39.005073
-1006.430181,200,39.043182
-929.825771,200,39.081403
-921.586389,200,39.119604
-977.027868,200,39.227499
-1185.533978,200,39.266489
-1090.12728,200,39.30485
-1078.25438,200,39.343134
-1044.743335,200,39.381688
-1152.602508,200,39.419699
-1109.107894,200,39.457891
-1201.954654,200,39.496133
-1077.525949,200,39.53418
-1072.901174,200,39.57224
-1115.909191,200,39.680454
-921.314575,200,39.719088
-1157.478451,200,39.757806
-1156.234761,200,39.796054
-951.890168,200,39.834079
-1178.079447,200,39.872178
-1095.057892,200,39.910243
-1062.70011,200,39.948556
-938.223525,200,39.986852
-899.052347,200,40.024829
-1173.487678,200,40.16218
-1100.375504,200,40.216819
-926.395283,200,40.259224
-963.330733,200,40.301068
-1053.042748,200,40.34507
-1035.92707,200,40.39062
-1149.005528,200,40.435279
-1165.325978,200,40.480277
-1249.043449,200,40.532344
-1217.96775,200,40.603174
-1145.296406,200,40.727759
-1053.770587,200,40.771964
-1213.634578,200,40.810956
-1050.727512,200,40.849344
-895.849148,200,40.888024
-945.95552,200,40.926165
-1105.245864,200,40.964391
-977.379473,200,41.00269
-1062.155844,200,41.041118
-1102.118063,200,41.07968
-1110.836802,200,41.192041
-998.052983,200,41.23113
-922.557871,200,41.269692
-1022.478397,200,41.308269
-1073.65993,200,41.346794
-932.499128,200,41.38536
-1067.115481,200,41.423411
-1079.961824,200,41.461469
-1114.350357,200,41.49948
-1177.080829,200,41.537495
-1087.400386,200,41.645334
-1070.304134,200,41.683973
-910.191087,200,41.722136
-941.178137,200,41.760289
-1158.242915,200,41.798672
-1210.379609,200,41.836906
-1212.045126,200,41.875314
-794.751913,200,41.913352
-1062.722017,200,41.951735
-1004.311492,200,41.989874
-932.985271,200,42.098018
-1070.509188,200,42.13646
-1194.722114,200,42.174621
-1114.239511,200,42.212983
-1135.909879,200,42.251537
-1043.23231,200,42.28971
-1027.184096,200,42.327863
-0.959054,200,42.365969
-1097.19456,200,42.404317
-1101.541266,200,42.442654
-1213.100928,200,42.550431
-1194.023532,200,42.588848
-1075.836133,200,42.627315
-1188.525242,200,42.664974
-1102.092022,200,42.703522
-963.572282,200,42.741678
-1122.263213,200,42.780447
-927.557601,200,42.818796
-978.252725,200,42.856874
-1202.859933,200,42.895095
-1163.407499,200,43.002261
-941.577295,200,43.040314
-1037.460347,200,43.078557
-1157.234724,200,43.116655
-1135.920664,200,43.15493
-988.503574,200,43.193208
-1141.347575,200,43.231289
-1163.699649,200,43.269631
-908.707362,200,43.307391
-1088.051736,200,43.345316
-888.909665,200,43.453233
-853.969881,200,43.491867
-672.431593,200,43.530209
-370.794939,200,43.568322
-915.953694,200,43.606243
-1.476366,200,43.644294
-1007.013936,200,43.682604
-1150.660666,200,43.720907
-1003.707409,200,43.759673
-1075.296034,200,43.797786
-1078.364901,200,43.913823
-1095.110953,200,43.956117
-1184.310849,200,43.997706
-1264.61645,200,44.039529
-827.966047,200,44.117024
-1366.891906,200,44.161825
-1086.71775,200,44.206571
-1210.990188,200,44.251087
-1230.099289,200,44.295314
-1123.98521,200,44.342577
-1061.769947,200,44.466523
-1177.502427,200,44.531702
-1122.62867,200,44.580823
-1185.992105,200,44.619651
-1213.078251,200,44.658505
-1233.291182,200,44.696998
-1030.489353,200,44.735702
-1162.938077,200,44.774079
-865.941392,200,44.812679
-1111.213413,200,44.85104
-1148.567675,200,44.95932
-1127.932324,200,44.998031
-1097.978914,200,45.036469
-1072.502466,200,45.074839
-1211.48419,200,45.11357
-1202.245236,200,45.152067
-880.471863,200,45.189994
-912.011841,200,45.228437
-1065.69675,200,45.266619
-1093.146419,200,45.304948
-1044.420067,200,45.413482
-1110.65582,200,45.452064
-1165.270877,200,45.490615
-1200.405744,200,45.528897
-1089.262456,200,45.566846
-853.641609,200,45.604997
-894.573198,200,45.642874
-789.388262,200,45.680814
-1.3677,200,45.718989
-1045.440585,200,45.75713
-1162.591627,200,45.867055
-913.139184,200,45.905587
-960.4099,200,45.944127
-1073.073439,200,45.982679
-1066.530446,200,46.021301
-929.861967,200,46.059712
-1213.383005,200,46.09781
-1051.139891,200,46.135615
-1086.798094,200,46.177564
-1216.573852,200,46.217421
-1195.333509,200,46.325967
-1204.21679,200,46.36429
-1121.532518,200,46.402371
-1112.63167,200,46.440897
-1112.017981,200,46.479076
-1158.698928,200,46.51746
-783.998312,200,46.555921
-1205.759202,200,46.594055
-1138.348233,200,46.631975
-249.215034,200,46.670122
-1173.639984,200,46.777771
-1032.067217,200,46.816362
-915.195434,200,46.854694
-245.093364,200,46.892805
-1191.552227,200,46.931335
-262.859756,200,46.969797
-1082.780575,200,47.007868
-339.744537,200,47.046108
-1155.89883,200,47.084137
-3.443032,200,47.122338
-927.253669,200,47.230101
-1052.607146,200,47.268899
-1036.762816,200,47.307421
-1184.787957,200,47.345793
-1059.498462,200,47.383885
-907.19762,200,47.421654
-1.772298,200,47.459854
-1089.609336,200,47.498067
-1154.879921,200,47.536266
-1189.647349,200,47.574468
-1062.197201,200,47.683572
-944.467987,200,47.722166
-1084.851638,200,47.760376
-1052.28799,200,47.798748
-1081.863386,200,47.837459
-2.43436,200,47.875806
-1114.40911,200,47.914082
-287.813038,200,47.952208
-132.879727,200,47.990365
-1023.235895,200,48.028505
-1056.517657,200,48.136807
-524.558615,200,48.175381
-258.36748,200,48.214809
-788.22697,200,48.256805
-1061.388346,200,48.300692
-255.941572,200,48.344223
-1072.03321,200,48.387406
-1016.826013,200,48.429356
-1022.61627,200,48.473107
-1148.641732,200,48.516694
-1204.487195,200,48.654794
-261.895839,200,48.698006
-665.209894,200,48.747733
-1079.263229,200,48.793071
-267.332814,200,48.838851
-1171.461254,200,48.884257
-1145.869044,200,48.9296
-1165.256963,200,48.969135
-2.029677,200,49.007846
-1028.952208,200,49.046378
-1104.19948,200,49.154419
-920.81793,200,49.192586
-1143.835006,200,49.230965
-983.811455,200,49.269383
-1135.847293,200,49.307683
-785.763347,200,49.345908
-254.68103,200,49.384454
-1094.474222,200,49.422536
-1173.181099,200,49.460766
-1027.218393,200,49.498952
-127.700383,200,49.607386
-522.392804,200,49.645808
-519.78977,200,49.684337
-252.7719,200,49.722664
-303.452027,200,49.760921
-130.845709,200,49.799269
-662.45403,200,49.837574
-123.069885,200,49.875824
-812.15149,200,49.913891
-773.209251,200,49.951913
-942.132176,200,50.063161
-249.561068,200,50.10538
-128.745939,200,50.148057
-128.193316,200,50.217466
-517.61722,200,50.266442
-1034.069041,200,50.310561
-962.736718,200,50.354153
-243.449136,200,50.398896
-658.52571,200,50.445623
-504.809678,200,50.490937
-902.292652,200,50.621345
-258.375432,200,50.690276
-131.608909,200,50.74635
-357.382264,200,50.791231
-240.791179,200,50.830312
-125.51774,200,50.8688
-938.882169,200,50.907405
-932.009783,200,50.945724
-1034.097609,200,50.984174
-984.665304,200,51.022188
-242.355733,200,51.130755
-661.511236,200,51.170011
-130.664336,200,51.210621
-763.856454,200,51.249183
-128.945354,200,51.287392
-260.851972,200,51.325751
-253.596849,200,51.363891
-260.027599,200,51.402191
-251.604458,200,51.440328
-238.260406,200,51.478234
-0.964344,200,51.585872
-372.78934,200,51.624513
-0.858263,200,51.662851
-128.12064,200,51.701154
-253.02168,200,51.739607
-129.434543,200,51.777808
-263.834213,200,51.81554
-263.1971,200,51.853592
-300.45677,200,51.891875
-126.142362,200,51.930155
-128.729653,200,52.037239
-127.468087,200,52.075847
-906.517739,200,52.114103
-246.300139,200,52.151913
-949.75599,200,52.190061
-243.263623,200,52.22778
-252.73977,200,52.265685
-239.166488,200,52.303665
-360.35738,200,52.34166
-922.412119,200,52.37962
-392.653962,200,52.487824
-130.018726,200,52.526155
-243.92841,200,52.564511
-120.11558,200,52.602521
-128.349229,200,52.641014
-897.816728,200,52.679165
-1.387531,200,52.717152
-121.346919,200,52.754998
-1.181827,200,52.793861
-1147.704747,200,52.832349
-120.220434,200,52.940808
-124.543485,200,52.979515
-2.370994,200,53.017618
-1.046848,200,53.055937
-128.824667,200,53.094118
-241.883682,200,53.13219
-127.220713,200,53.170427
-778.856468,200,53.208559
-1.218515,200,53.24663
-238.022732,200,53.284982
-944.702532,200,53.402237
-528.035873,200,53.445864
-773.934471,200,53.488312
-238.044775,200,53.531591
-371.920406,200,53.574432
-279.948801,200,53.63997
-1037.801215,200,53.694346
-776.723585,200,53.738511
-129.729206,200,53.783128
-365.69063,200,53.828848
-990.661206,200,53.985726
-235.204106,200,54.030954
-128.941343,200,54.070668
-829.600757,200,54.109379
-917.030072,200,54.148023
-374.537254,200,54.186144
-122.47338,200,54.224479
-927.66146,200,54.262721
-790.164062,200,54.30077
-983.954783,200,54.339109
-907.719816,200,54.447112
-387.038606,200,54.485738
-342.533354,200,54.524397
-1.778192,200,54.562451
-377.553505,200,54.60113
-253.930589,200,54.639071
-1045.710617,200,54.677308
-931.343017,200,54.715645
-925.39991,200,54.753853
-375.487354,200,54.792061
-1020.731801,200,54.899862
-243.353796,200,54.938073
-924.173849,200,54.976247
-1016.177646,200,55.014331
-1054.173386,200,55.052686
-254.076409,200,55.090866
-789.709765,200,55.129236
-264.065674,200,55.167372
-259.209034,200,55.205359
-916.965338,200,55.243323
-252.013913,200,55.351352
-1.353587,200,55.38956
-255.124922,200,55.428005
-228.001892,200,55.466114
-240.673438,200,55.505079
-342.406326,200,55.543831
-790.332971,200,55.58192
-261.323873,200,55.620055
-1.847568,200,55.658044
-923.242198,200,55.696459
-908.797359,200,55.804166
-909.530248,200,55.843101
-484.850992,200,55.881698
-248.422295,200,55.920108
-922.884895,200,55.958818
-388.086064,200,55.997063
-919.566632,200,56.034924
-502.301551,200,56.073133
-912.787828,200,56.11161
-125.210864,200,56.149975
-247.521991,200,56.260993
-230.276594,200,56.300021
-249.712385,200,56.338558
-354.822361,200,56.377225
-381.171839,200,56.415517
-1067.481692,200,56.453806
-970.218037,200,56.492302
-798.426552,200,56.530386
-445.503014,200,56.568722
-376.370082,200,56.60681
-245.345611,200,56.714456
-256.316263,200,56.752899
-133.832909,200,56.79099
-906.57755,200,56.82899
-1130.499136,200,56.867363
-229.97518,200,56.905735
-287.731992,200,56.943994
-768.076985,200,56.982283
-515.049047,200,57.020333
-244.817829,200,57.058613
-1.393228,200,57.166024
-242.893888,200,57.204455
-247.475836,200,57.242692
-246.776657,200,57.280811
-236.175853,200,57.319141
-292.212066,200,57.36221
-253.924311,200,57.402792
-320.387671,200,57.442167
-131.260077,200,57.480976
-121.661305,200,57.518908
-244.890521,200,57.631406
-478.891017,200,57.670118
-364.262339,200,57.70863
-923.48585,200,57.746537
-300.759966,200,57.784662
-1064.488698,200,57.823023
-1.226035,200,57.860893
-121.864569,200,57.902996
-1003.377714,200,57.942111
-1.153806,200,57.980109
-921.769827,200,58.088574
-1097.533088,200,58.126869
-1097.840685,200,58.164867
-436.770211,200,58.202819
-1161.561802,200,58.240879
-507.122844,200,58.278768
-257.478824,200,58.316832
-1023.292154,200,58.354787
-1040.924258,200,58.39282
-972.183231,200,58.430737
-1.3711,200,58.538556
-123.259635,200,58.577092
-238.531981,200,58.615209
-1042.69638,200,58.653176
-1083.333773,200,58.691354
-247.180562,200,58.729334
-1214.297464,200,58.767232
-242.132792,200,58.805139
-126.659721,200,58.843531
-1105.870221,200,58.881564
-1.099412,200,58.990915
-932.099096,200,59.029348
-239.056044,200,59.069187
-1041.714361,200,59.107536
-130.238531,200,59.146338
-1156.252331,200,59.184744
-1156.504163,200,59.222887
-1074.16078,200,59.261383
-993.376871,200,59.299924
-380.490468,200,59.337665
-935.833714,200,59.445185
-811.134754,200,59.483826
-259.472043,200,59.524872
-250.300254,200,59.566499
-360.290485,200,59.609121
-230.20469,200,59.670739
-128.984753,200,59.721642
-128.654494,200,59.764177
-0.820962,200,59.808267
-129.18363,200,59.855592
-238.778774,200,59.984814
-1037.497174,200,60.029318
-775.722208,200,60.07676
-363.310118,200,60.120772
-128.759056,200,60.167426
-899.711195,200,60.215044
-125.134458,200,60.258667
-510.375566,200,60.297645
-262.802019,200,60.336349
-128.300226,200,60.375089
-382.63785,200,60.483011
-369.977353,200,60.521659
-917.212165,200,60.559833
-491.852042,200,60.597914
-126.755269,200,60.636598
-887.764985,200,60.674745
-122.993371,200,60.713096
-822.038031,200,60.750965
-440.115471,200,60.789037
-638.263276,200,60.829408
-0.933922,200,60.93796
-860.41055,200,60.976535
-242.988655,200,61.014638
-491.958882,200,61.05334
-615.303882,200,61.091999
-470.570495,200,61.13011
-249.154073,200,61.168347
-359.467887,200,61.209939
-233.986217,200,61.248615
-125.443496,200,61.287397
-131.841228,200,61.394956
-492.849197,200,61.435227
-366.1223,200,61.47682
-3.641727,200,61.526415
-468.932835,200,61.571943
-343.724751,200,61.645411
-246.36342,200,61.68707
-127.553209,200,61.730808
-741.259398,200,61.775343
-126.188401,200,61.820278
-621.524329,200,61.943941
-615.642335,200,61.989763
-364.293821,200,62.048432
-237.771023,200,62.110243
-250.827718,200,62.157075
-497.958516,200,62.202264
-1.779777,200,62.241467
-256.973369,200,62.280443
-254.427366,200,62.318717
-490.913044,200,62.356998
-1.019812,200,62.464664
-246.312414,200,62.502978
-473.246702,200,62.540946
-896.078512,200,62.578726
-840.099602,200,62.616576
-123.647429,200,62.654222
-123.672278,200,62.692199
-124.145482,200,62.730443
-128.010921,200,62.768206
-617.286624,200,62.806323
-129.416768,200,62.913282
-488.619624,200,62.951155
-1.068455,200,62.989043
-960.871632,200,63.026872
-861.58252,200,63.06489
-862.313321,200,63.102732
-490.625402,200,63.140605
-480.927048,200,63.178568
-968.29421,200,63.216144
-853.986827,200,63.254036
-901.578479,200,63.361665
-863.759975,200,63.400147
-972.727292,200,63.438128
-870.116819,200,63.475983
-942.307589,200,63.514181
-872.108797,200,63.552322
-0.958607,200,63.590457
-251.262267,200,63.628417
-869.56722,200,63.666228
-933.200081,200,63.704151
-955.850791,200,63.811687
-895.213634,200,63.851026
-470.721604,200,63.889413
-865.032671,200,63.927851
-977.174912,200,63.96607
-868.385519,200,64.00412
-3.075161,200,64.042215
-956.704686,200,64.080396
-893.046314,200,64.118638
-980.298132,200,64.156619
-890.775441,200,64.273382
-973.32802,200,64.315675
-851.996434,200,64.358655
-129.588948,200,64.401428
-858.440553,200,64.445454
-962.868864,200,64.521642
-979.951358,200,64.569244
-905.506065,200,64.613737
-870.803427,200,64.659346
-972.675013,200,64.704
-895.306137,200,64.827594
-852.089059,200,64.869739
-865.466926,200,64.908634
-876.020183,200,64.947437
-859.197584,200,64.986006
-995.30429,200,65.024468
-993.44967,200,65.062928
-968.494218,200,65.10138
-870.911177,200,65.1394
-956.703397,200,65.177423
-977.867976,200,65.285735
-944.904496,200,65.324113
-997.985315,200,65.362547
-908.968613,200,65.400609
-987.540352,200,65.43912
-976.079594,200,65.477061
-974.599202,200,65.515525
-973.74833,200,65.553648
-871.236311,200,65.591753
-969.206792,200,65.630097
-0.913816,200,65.737408
-976.854418,200,65.776354
-1009.308601,200,65.815004
-942.076303,200,65.852831
-1057.628688,200,65.891276
-1.018959,200,65.929373
-956.800808,200,65.967334
-983.856496,200,66.005422
-1041.858726,200,66.043606
-977.81207,200,66.081589
-981.697504,200,66.191101
-982.884652,200,66.231235
-977.456004,200,66.269453
-881.706529,200,66.307994
-870.71997,200,66.346144
-983.604101,200,66.384209
-1.005349,200,66.422534
-1048.32333,200,66.460515
-1085.377799,200,66.498746
-1069.521918,200,66.536692
-975.701804,200,66.643717
-878.695047,200,66.681968
-1009.499421,200,66.72055
-1047.753899,200,66.758829
-977.882321,200,66.797062
-979.67144,200,66.83527
-1026.007083,200,66.873677
-0.968547,200,66.911904
-1027.634845,200,66.949885
-1078.943386,200,66.988057
-984.180805,200,67.094947
-1066.855646,200,67.133264
-985.109762,200,67.171222
-983.613673,200,67.209391
-983.529549,200,67.248632
-978.323672,200,67.287011
-974.021832,200,67.325377
-977.833633,200,67.363297
-984.572874,200,67.40153
-1090.35165,200,67.439469
-1078.944051,200,67.546672
-1071.51101,200,67.585044
-1012.83605,200,67.62315
-1.348074,200,67.66151
-989.98619,200,67.699855
-1022.260781,200,67.737845
-1080.171769,200,67.776322
-1082.160421,200,67.814319
-978.907558,200,67.852344
-982.742689,200,67.890332
-1081.449985,200,67.997434
-1075.87332,200,68.035827
-993.511781,200,68.074109
-1038.687068,200,68.112353
-1100.976614,200,68.150295
-1072.730274,200,68.188615
-1070.674296,200,68.226651
-992.815937,200,68.264905
-1081.352348,200,68.3029
-1084.606042,200,68.341068
-0.976274,200,68.448829
-1066.629676,200,68.487033
-0.9974,200,68.525191
-988.887752,200,68.563259
-1001.420828,200,68.601378
-1.881601,200,68.639483
-1.074169,200,68.677511
-1084.395098,200,68.715525
-985.89054,200,68.753826
-989.115241,200,68.791663
-997.75141,200,68.899581
-983.129632,200,68.93889
-996.418018,200,68.977326
-1.236399,200,69.015614
-987.521623,200,69.053849
-982.384744,200,69.091579
-3.657552,200,69.129982
-944.84907,200,69.168105
-965.425529,200,69.20626
-0.834936,200,69.244392
-978.682613,200,69.382817
-1.033831,200,69.425619
-953.455695,200,69.493297
-980.80405,200,69.543914
-1079.020646,200,69.586761
-982.78019,200,69.632554
-1.187503,200,69.676956
-984.117854,200,69.736947
-988.205094,200,69.801344
-1009.108474,200,69.847425
-983.255188,200,69.970801
-1053.930891,200,70.018574
-1011.466213,200,70.064449
-996.786453,200,70.103393
-1012.29516,200,70.142144
-958.312928,200,70.181118
-964.690611,200,70.219758
-971.213002,200,70.257953
-990.232083,200,70.29625
-980.231484,200,70.334685
-979.180083,200,70.443373
-4.231154,200,70.482054
-1028.342794,200,70.520603
-937.179536,200,70.558604
-952.495655,200,70.597066
-959.408022,200,70.635242
-957.278822,200,70.673143
-972.328166,200,70.711709
-976.142079,200,70.749518
-877.562127,200,70.787807
-946.758543,200,70.896813
-1.1007,200,70.93575
-1010.930642,200,70.974285
-971.551106,200,71.012629
-981.939617,200,71.051073
-874.27698,200,71.089305
-870.124926,200,71.127862
-866.526322,200,71.166208
-881.88128,200,71.206482
-887.383345,200,71.246297
-880.376855,200,71.353916
-982.85118,200,71.392736
-984.162552,200,71.431289
-987.219854,200,71.469933
-1.60139,200,71.508981
-2.323336,200,71.547396
-991.433195,200,71.585742
-981.965255,200,71.623924
-959.798484,200,71.662085
-948.474319,200,71.700201
-970.906362,200,71.808981
-872.693177,200,71.847375
-938.475052,200,71.885795
-868.557222,200,71.924662
-941.108309,200,71.963011
-868.410943,200,72.001306
-917.993502,200,72.039461
-883.380932,200,72.077635
-901.515089,200,72.11547
-868.768194,200,72.153459
-862.147108,200,72.261899
-882.55978,200,72.300344
-895.151146,200,72.338778
-893.414875,200,72.37725
-998.571031,200,72.415688
-980.325978,200,72.453659
-911.754387,200,72.492152
-887.34328,200,72.530402
-886.217609,200,72.568832
-975.223946,200,72.606809
-770.766511,200,72.714836
-978.533824,200,72.753976
-884.024086,200,72.792575
-903.924859,200,72.830881
-0.862989,200,72.869472
-879.429637,200,72.91132
-881.381745,200,72.953624
-974.489357,200,72.995553
-881.219002,200,73.041837
-879.863624,200,73.108433
-959.969335,200,73.228277
-878.610642,200,73.274748
-884.022168,200,73.35263
-887.73351,200,73.398995
-884.396713,200,73.445562
-891.7981,200,73.490396
-877.516172,200,73.550221
-858.934409,200,73.626141
-926.412183,200,73.670103
-0.905953,200,73.70901
-876.490301,200,73.818016
-875.086953,200,73.857032
-769.060488,200,73.895773
-863.673087,200,73.933856
-0.951463,200,73.972115
-867.463042,200,74.010017
-761.378012,200,74.048454
-764.458354,200,74.086794
-822.616931,200,74.125086
-890.744081,200,74.16326
-922.081954,200,74.271645
-756.056946,200,74.30993
-868.079099,200,74.348362
-2.164344,200,74.386805
-877.451483,200,74.425346
-769.574619,200,74.463365
-875.71408,200,74.501922
-940.626718,200,74.539962
-761.968226,200,74.578094
-885.155424,200,74.616548
-877.167399,200,74.725144
-876.848777,200,74.763642
-880.618243,200,74.802559
-958.528337,200,74.84114
-804.27753,200,74.879526
-874.969928,200,74.917668
-939.725855,200,74.955782
-880.469052,200,74.99394
-723.209942,200,75.032171
-873.118584,200,75.070643
-758.377136,200,75.187602
-872.501241,200,75.230354
-964.18669,200,75.273212
-882.266709,200,75.31562
-881.580259,200,75.358615
-870.773208,200,75.402599
-2.411448,200,75.471782
-886.87089,200,75.523078
-786.910287,200,75.566265
-757.622225,200,75.612256
-1.335338,200,75.737674
-877.423882,200,75.783496
-857.231007,200,75.82273
-871.525693,200,75.861378
-881.616002,200,75.899595
-839.165074,200,75.943939
-766.265995,200,75.986937
-0.797103,200,76.029213
-802.98888,200,76.068191
-864.261871,200,76.106379
-857.517632,200,76.218482
-873.151399,200,76.257725
-871.185513,200,76.296226
-769.874439,200,76.334606
-820.460043,200,76.3734
-849.681964,200,76.411818
-1.01414,200,76.450203
-787.290274,200,76.488615
-763.498336,200,76.526809
-892.295172,200,76.56523
-888.379025,200,76.674257
-751.147379,200,76.713237
-949.040136,200,76.751969
-758.922363,200,76.79081
-877.343971,200,76.829504
-772.146162,200,76.868078
-1.19762,200,76.906507
-881.986563,200,76.944852
-875.18629,200,76.983267
-869.405107,200,77.021783
-971.691351,200,77.130434
-965.697653,200,77.169089
-876.009515,200,77.207645
-893.116627,200,77.246044
-894.691099,200,77.28439
-881.041011,200,77.3234
-761.425266,200,77.361872
-1.135637,200,77.40017
-877.085753,200,77.441603
-867.335949,200,77.482912
-865.527061,200,77.602471
-902.467492,200,77.644524
-760.483477,200,77.717495
-2.497464,200,77.760969
-871.218984,200,77.805512
-991.968521,200,77.851385
-925.567707,200,77.897233
-864.624182,200,77.942513
-130.77764,200,77.988374
-871.898741,200,78.035361
-875.578649,200,78.184384
-756.821682,200,78.239749
-767.2083,200,78.279415
-876.54002,200,78.318272
-876.339388,200,78.356679
-763.886015,200,78.394965
-875.266369,200,78.433352
-821.281702,200,78.47165
-762.521502,200,78.510077
-773.771695,200,78.548263
-797.487173,200,78.657062
-760.020787,200,78.69561
-827.530046,200,78.733994
-761.819742,200,78.772229
-755.865097,200,78.81054
-891.364862,200,78.848829
-1.362823,200,78.886958
-765.17288,200,78.925393
-878.297801,200,78.963661
-890.885243,200,79.001756
-1.13257,200,79.110107
-127.350852,200,79.148543
-1.413853,200,79.186812
-794.147249,200,79.225345
-879.851831,200,79.263719
-873.670603,200,79.301862
-947.906508,200,79.340156
-877.466877,200,79.378107
-1.900515,200,79.416462
-874.665159,200,79.454674
-884.508014,200,79.562563
-881.105722,200,79.60132
-877.951796,200,79.639768
-878.746275,200,79.678217
-884.838731,200,79.716751
-828.409657,200,79.75492
-960.041372,200,79.793487
-875.010479,200,79.831405
-854.92721,200,79.869536
-877.68172,200,79.907664
-829.252693,200,80.015615
-865.747032,200,80.054095
-902.950951,200,80.09227
-845.608759,200,80.130354
-874.24109,200,80.168637
-874.335431,200,80.206968
-859.983487,200,80.24523
-876.141152,200,80.283291
-872.010383,200,80.321487
-875.977066,200,80.359809
-976.072409,200,80.46758
-758.288666,200,80.506216
-0.918575,200,80.544492
-758.050787,200,80.582638
-865.933279,200,80.621018
-885.422588,200,80.659117
-638.585593,200,80.697113
-502.094901,200,80.735321
-633.703214,200,80.773466
-850.311604,200,80.811964
-634.499881,200,80.926229
-755.587925,200,80.969155
-697.188643,200,81.011534
-768.070496,200,81.055036
-758.052971,200,81.097089
-758.043418,200,81.140874
-867.800484,200,81.203628
-762.222031,200,81.26558
-759.267695,200,81.31107
-763.826567,200,81.356278
-818.063346,200,81.480466
-873.61269,200,81.525512
-760.887528,200,81.567928
-830.163488,200,81.60675
-872.695771,200,81.645969
-905.455949,200,81.684462
-768.30967,200,81.72297
-761.212546,200,81.761556
-793.235253,200,81.800121
-869.540109,200,81.838868
-507.633637,200,81.947202
-748.707327,200,81.98608
-872.230411,200,82.024636
-870.065421,200,82.062769
-831.831906,200,82.101415
-933.669939,200,82.139945
-767.135094,200,82.178188
-818.012115,200,82.21696
-869.963903,200,82.255204
-871.958621,200,82.2944
-871.218097,200,82.402274
-768.747622,200,82.441193
-762.802665,200,82.479388
-870.892064,200,82.517751
-770.285358,200,82.556216
-885.337099,200,82.594581
-771.921723,200,82.632799
-867.278238,200,82.670827
-880.105636,200,82.709045
-761.301808,200,82.747418
-126.602277,200,82.856087
-762.903356,200,82.894597
-804.387534,200,82.932893
-784.940903,200,82.971154
-2.283004,200,83.009528
-758.224071,200,83.048136
-255.350011,200,83.086904
-889.807914,200,83.125317
-788.097778,200,83.163723
-721.288054,200,83.202423
-862.10429,200,83.310655
-638.195566,200,83.349051
-251.039307,200,83.387731
-1.111452,200,83.426097
-964.620573,200,83.464384
-1.268704,200,83.502416
-664.496635,200,83.540753
-764.77804,200,83.578963
-803.836461,200,83.617132
-889.591703,200,83.655265
-754.267095,200,83.764278
-805.771587,200,83.803051
-876.108033,200,83.841668
-737.554205,200,83.879917
-368.644981,200,83.918749
-859.990255,200,83.957108
-756.097667,200,83.995325
-757.914861,200,84.033547
-876.854658,200,84.071671
-494.113888,200,84.109988
-961.30401,200,84.217909
-747.251892,200,84.256658
-964.901293,200,84.294961
-774.973255,200,84.333197
-1.35924,200,84.371671
-838.575295,200,84.410109
-881.420375,200,84.448739
-515.174301,200,84.486912
-767.320387,200,84.525032
-862.850169,200,84.563128
-766.458321,200,84.671168
-851.899749,200,84.709655
-762.326584,200,84.747714
-835.429799,200,84.785815
-502.55306,200,84.825659
-376.276303,200,84.863777
-129.442982,200,84.901833
-375.031967,200,84.939988
-372.010628,200,84.978343
-131.03243,200,85.016856
-505.580386,200,85.171431
-746.02579,200,85.214342
-761.554259,200,85.268861
-617.511888,200,85.329275
-127.402607,200,85.372093
-839.07925,200,85.417198
-821.18329,200,85.460937
-250.805243,200,85.507483
-254.44597,200,85.552862
-256.479865,200,85.597941
-499.823469,200,85.752821
-130.538546,200,85.807096
-777.262695,200,85.853561
-757.737844,200,85.892647
-510.144632,200,85.931463
-250.034863,200,85.970282
-864.145596,200,86.008705
-253.292279,200,86.047336
-254.532204,200,86.085616
-762.148759,200,86.123763
-747.501725,200,86.2357
-752.227944,200,86.274623
-1.395294,200,86.313223
-749.623363,200,86.351744
-617.556761,200,86.390181
-384.030066,200,86.42868
-238.204207,200,86.467417
-510.558151,200,86.505966
-747.204898,200,86.544379
-636.272928,200,86.582905
-863.779357,200,86.691627
-762.624654,200,86.733457
-766.740434,200,86.774737
-394.980831,200,86.817637
-766.258495,200,86.861117
-499.071463,200,86.904045
-1.448938,200,86.946697
-799.907329,200,86.990118
-0.938929,200,87.068793
-640.886613,200,87.115228
-364.613243,200,87.23819
-395.348342,200,87.28459
-380.295588,200,87.331098
-767.275358,200,87.375818
-254.891628,200,87.415188
-767.498331,200,87.454363
-753.73222,200,87.493354
-258.394837,200,87.531872
-823.961733,200,87.570526
-130.199654,200,87.609096
-129.211549,200,87.720046
-371.35096,200,87.759182
-803.693465,200,87.799308
-627.320306,200,87.838084
-615.700121,200,87.876465
-511.342855,200,87.91544
-644.720098,200,87.953841
-761.690182,200,87.992213
-371.109677,200,88.030464
-366.704787,200,88.069134
-131.416792,200,88.17866
-491.098192,200,88.217267
-777.377737,200,88.256212
-508.71257,200,88.294474
-642.160352,200,88.33328
-623.864543,200,88.372123
-387.779715,200,88.411026
-510.011013,200,88.44965
-252.977493,200,88.487938
-1.727283,200,88.525957
-863.290485,200,88.634024
-745.832572,200,88.672787
-125.551867,200,88.711319
-739.614862,200,88.750567
-376.885939,200,88.789146
-509.057811,200,88.827521
-757.507643,200,88.866067
-419.696325,200,88.904414
-623.350486,200,88.94292
-378.737828,200,88.981173
-249.603369,200,89.091821
-760.954774,200,89.131296
-763.824473,200,89.169751
-1.2514,200,89.208469
-517.085001,200,89.246614
-248.760693,200,89.284848
-124.060658,200,89.323334
-1.340494,200,89.3618
-854.200765,200,89.400312
-390.754976,200,89.438726
-0.809978,200,89.547988
-234.145242,200,89.586516
-374.653147,200,89.624602
-517.268951,200,89.66327
-470.714596,200,89.701628
-1.342319,200,89.739772
-247.859531,200,89.777969
-246.920662,200,89.816122
-646.827163,200,89.854731
-247.83777,200,89.893078
-130.591782,200,90.001017
-252.020005,200,90.039494
-508.942683,200,90.077998
-749.267084,200,90.11604
-131.549913,200,90.154263
-250.22355,200,90.192388
-126.526023,200,90.230606
-257.228133,200,90.268648
-374.60249,200,90.306874
-131.90961,200,90.344828
-127.229319,200,90.456263
-252.128372,200,90.495113
-243.149096,200,90.533375
-507.553505,200,90.572497
-778.167831,200,90.61171
-509.404945,200,90.650535
-2.956952,200,90.6893
-379.831173,200,90.728029
-481.961808,200,90.766585
-244.49962,200,90.804873
-259.09296,200,90.91561
-379.184077,200,90.954355
-512.032837,200,90.992651
-634.520249,200,91.031632
-2.430939,200,91.07364
-372.297948,200,91.115696
-514.985505,200,91.160513
-504.203235,200,91.268854
-482.588193,200,91.312123
-118.499114,200,91.357535
-367.836392,200,91.481006
-367.085145,200,91.52429
-125.948956,200,91.570238
-435.964903,200,91.618365
-521.331708,200,91.687859
-258.742454,200,91.744104
-248.909473,200,91.790717
-623.17343,200,91.830427
-250.262067,200,91.869456
-128.569474,200,91.908772
-249.733938,200,92.01905
-267.762869,200,92.057856
-254.487408,200,92.096657
-366.462699,200,92.135029
-126.872704,200,92.173382
-117.8064,200,92.211907
-383.147698,200,92.249951
-253.078924,200,92.288273
-490.350817,200,92.326288
-508.432824,200,92.364965
-0.808139,200,92.474032
-631.452147,200,92.512903
-129.336045,200,92.551609
-245.250694,200,92.590129
-363.217333,200,92.628401
-134.622746,200,92.666536
-252.301681,200,92.704946
-372.325851,200,92.743901
-128.306799,200,92.782422
-377.567955,200,92.820808
-248.555088,200,92.939034
-451.166447,200,92.981062
-1.135689,200,93.023397
-126.370052,200,93.066247
-256.104418,200,93.109773
-129.745166,200,93.18834
-234.988937,200,93.233157
-256.739351,200,93.278253
-128.410901,200,93.323459
-116.450151,200,93.369367
-127.067455,200,93.498524
-389.470991,200,93.539871
-375.999765,200,93.578993
-124.656305,200,93.61769
-512.397428,200,93.656391
-123.732095,200,93.695134
-365.387669,200,93.733735
-251.972548,200,93.772233
-0.8693,200,93.810804
-389.874532,200,93.849275
-377.066513,200,93.959094
-247.389166,200,93.997698
-129.661908,200,94.036389
-465.406526,200,94.074604
-252.248953,200,94.113374
-131.417246,200,94.151931
-239.510509,200,94.19009
-0.899281,200,94.228491
-1.268955,200,94.266738
-486.568961,200,94.304659
-251.484617,200,94.415019
-238.973491,200,94.453845
-257.519577,200,94.492341
-251.392015,200,94.530924
-261.334534,200,94.56904
-0.849313,200,94.60757
-249.530365,200,94.645747
-247.735218,200,94.684116
-250.181697,200,94.722575
-257.249201,200,94.760785
-370.039081,200,94.878194
-294.139475,200,94.953814
-372.627322,200,94.996876
-235.172928,200,95.0401
-250.874413,200,95.083929
-247.811837,200,95.129789
-247.273535,200,95.176303
-125.278501,200,95.220374
-256.273266,200,95.26648
-247.572809,200,95.328261
-242.181559,200,95.457319
-253.294788,200,95.50496
-125.61857,200,95.545175
-123.388008,200,95.583796
-365.955924,200,95.623052
-352.8415,200,95.66185
-369.460626,200,95.700708
-376.352549,200,95.739465
-123.315582,200,95.777923
-248.315237,200,95.816457
-127.410056,200,95.926877
-391.812514,200,95.965737
-249.89068,200,96.004522
-1.258069,200,96.043097
-1.760698,200,96.081584
-258.419343,200,96.119807
-1.136567,200,96.157773
-256.117093,200,96.196342
-514.513105,200,96.23745
-382.365584,200,96.276592
-259.2237,200,96.387054
-123.154739,200,96.426296
-517.584025,200,96.464793
-248.078519,200,96.503192
-349.128339,200,96.541932
-351.744072,200,96.580447
-375.045624,200,96.618983
-259.782239,200,96.65741
-258.279107,200,96.695768
-127.086822,200,96.734029
-266.975896,200,96.84773
-389.844481,200,96.890989
-438.368035,200,96.933392
-126.3334,200,96.977729
-241.84714,200,97.02114
-362.459024,200,97.076632
-251.450748,200,97.14057
-129.190347,200,97.185994
-362.431308,200,97.23208
-126.024607,200,97.275576
-1.473863,200,97.401423
-117.970342,200,97.448832
-378.815808,200,97.495203
-130.767761,200,97.535599
-123.328188,200,97.574784
-249.004861,200,97.613547
-124.400096,200,97.652047
-0.868492,200,97.690492
-127.60422,200,97.729019
-0.864506,200,97.767346
-144.634195,200,97.87747
-128.412939,200,97.916007
-129.205166,200,97.954487
-122.510555,200,97.992691
-258.722516,200,98.031229
-254.203656,200,98.06928
-382.966028,200,98.107665
-263.929411,200,98.146103
-285.774459,200,98.184261
-127.522694,200,98.222651
-0.724968,200,98.332367
-245.209699,200,98.374402
-383.329695,200,98.416914
-1.093954,200,98.482033
-116.924109,200,98.535205
-256.281444,200,98.577726
-321.427073,200,98.621661
-359.912407,200,98.666651
-504.580036,200,98.712381
-386.981352,200,98.760084
-125.527493,200,98.915003
-463.420601,200,98.961732
-125.0365,200,99.012901
-362.831023,200,99.061363
-234.320054,200,99.102156
-124.549083,200,99.141258
-136.445401,200,99.180545
-0.990938,200,99.219139
-398.846198,200,99.257892
-120.838877,200,99.296063
-265.051227,200,99.406196
-237.910299,200,99.445066
-123.856613,200,99.48363
-119.06459,200,99.522296
-130.841827,200,99.561056
-260.616832,200,99.599811
-123.191881,200,99.638209
-234.471085,200,99.676503
-239.39045,200,99.714817
-122.452246,200,99.753153
-125.293919,200,99.863144
-0.883146,200,99.901946
-121.955303,200,99.940583
-129.032851,200,99.978957
-122.318709,200,100.017636
-240.691322,200,100.056056
-1.731986,200,100.094868
-118.014524,200,100.133464
-243.15709,200,100.171845
-116.214548,200,100.210352
-130.459674,200,100.320379
-128.46502,200,100.358906
-247.805582,200,100.397084
-0.91343,200,100.435372
-5.966112,200,100.474084
-117.409265,200,100.512118
-235.827377,200,100.550383
-129.62964,200,100.588734
-118.555404,200,100.626904
-124.198098,200,100.665182
-130.819614,200,100.774545
-252.646289,200,100.813145
-122.03708,200,100.851739
-350.179681,200,100.890395
-116.081202,200,100.928751
-269.612969,200,100.966973
-116.69674,200,101.005461
-241.432215,200,101.04336
-127.088945,200,101.081574
-124.852063,200,101.120021
-248.553619,200,101.231604
-128.342354,200,101.27148
-254.365936,200,101.310285
-240.668128,200,101.34871
-116.353334,200,101.387218
-266.038484,200,101.42557
-129.297701,200,101.463957
-124.809827,200,101.502212
-0.784172,200,101.541052
-125.561271,200,101.579339
-347.263921,200,101.690156
-122.968389,200,101.728876
-301.915769,200,101.767352
-242.116648,200,101.806346
-1.661842,200,101.844607
-243.038464,200,101.883187
-122.245595,200,101.921424
-2.624699,200,101.959927
-125.709198,200,101.998212
-484.236462,200,102.036801
-126.042871,200,102.145918
-237.459072,200,102.184828
-362.575342,200,102.223392
-375.832075,200,102.261913
-122.193701,200,102.300066
-128.567752,200,102.33825
-239.982675,200,102.376611
-121.165229,200,102.415154
-127.1483,200,102.453351
-128.40804,200,102.491775
-1.741327,200,102.60098
-241.069806,200,102.639389
-246.236832,200,102.678046
-245.933421,200,102.716322
-121.59389,200,102.75435
-126.515497,200,102.792771
-122.082539,200,102.830833
-356.278218,200,102.869349
-1.475588,200,102.907723
-235.148411,200,102.946111
-128.013957,200,103.063535
-122.030537,200,103.105954
-128.915326,200,103.149529
-236.032358,200,103.19318
-249.560014,200,103.23775
-1.469944,200,103.308674
-121.600106,200,103.353914
-123.298957,200,103.399078
-125.117323,200,103.445153
-128.648462,200,103.490627
-248.048365,200,103.615715
-246.061152,200,103.662588
-248.931916,200,103.725749
-128.486313,200,103.765062
-231.965643,200,103.804226
-233.759149,200,103.843182
-249.123901,200,103.88197
-117.420981,200,103.920657
-0.962813,200,103.959444
-1.050634,200,103.997868
-123.344746,200,104.107899
-127.226467,200,104.146671
-1.297619,200,104.185077
-118.699235,200,104.223616
-241.785359,200,104.26207
-245.79339,200,104.300559
-118.992218,200,104.338845
-116.383879,200,104.377319
-1.509636,200,104.415881
-127.111943,200,104.454326
-343.428415,200,104.562405
-116.601811,200,104.600967
-126.582474,200,104.639747
-128.055134,200,104.678043
-244.069515,200,104.71628
-256.027321,200,104.754769
-117.911874,200,104.793204
-127.752962,200,104.831646
-126.767995,200,104.870029
-240.154967,200,104.908831
-129.655787,200,105.020929
-372.119541,200,105.05947
-1.562,200,105.098213
-239.04063,200,105.136411
-131.411382,200,105.174848
-379.607436,200,105.213464
-119.237798,200,105.251857
-117.503167,200,105.29022
-1.281464,200,105.328526
-126.64165,200,105.366786
-481.972846,200,105.478873
-241.156976,200,105.517822
-243.042725,200,105.55677
-251.257797,200,105.595533
-357.806615,200,105.634232
-360.124571,200,105.672993
-128.996262,200,105.711563
-128.579487,200,105.750167
-302.127423,200,105.788409
-117.467226,200,105.826959
-121.78691,200,105.936949
-123.801186,200,105.975676
-120.059434,200,106.014034
-253.48736,200,106.052496
-252.199214,200,106.090867
-121.389891,200,106.129347
-126.434344,200,106.167739
-125.418872,200,106.206079
-117.611116,200,106.247135
-123.384717,200,106.286243
-0.759099,200,106.396266
-243.973501,200,106.435145
-370.290594,200,106.473606
-421.280786,200,106.512413
-128.741197,200,106.55116
-392.92655,200,106.589824
-255.012306,200,106.628437
-1.165695,200,106.666915
-361.490766,200,106.705548
-126.915725,200,106.744016
-368.640796,200,106.854001
-122.162639,200,106.893302
-252.94294,200,106.931988
-249.219072,200,106.970277
-128.442453,200,107.009017
-125.727813,200,107.047216
-367.589664,200,107.085676
-118.65977,200,107.123924
-256.002917,200,107.162486
-119.383169,200,107.200986
-381.588004,200,107.309982
-514.333326,200,107.348721
-494.455706,200,107.38711
-369.726479,200,107.42552
-120.986327,200,107.463882
-369.408469,200,107.50234
-127.449809,200,107.541059
-3.497115,200,107.579335
-128.490322,200,107.617753
-123.777741,200,107.656127
-117.858898,200,107.766701
-1.159049,200,107.805417
-0.907222,200,107.844268
-369.909464,200,107.882707
-357.422896,200,107.921136
-130.24675,200,107.959438
-256.307485,200,107.997775
-124.04764,200,108.035986
-255.84712,200,108.074503
-240.260116,200,108.11288
-237.344629,200,108.223232
-257.255696,200,108.261843
-258.691044,200,108.3002
-333.256283,200,108.338454
-125.180406,200,108.377372
-480.015014,200,108.415829
-253.522799,200,108.454278
-124.809886,200,108.492755
-243.358934,200,108.530556
-127.768854,200,108.568847
-130.362008,200,108.718749
-446.469998,200,108.762382
-428.878113,200,108.806498
-359.350483,200,108.849735
-420.187958,200,108.89355
-119.645133,200,108.939611
-124.895628,200,109.010235
-126.372883,200,109.066204
-235.483542,200,109.110919
-251.452548,200,109.158893
-762.271151,200,109.284274
-486.185342,200,109.33034
-243.721959,200,109.369773
-123.048308,200,109.408803
-123.594941,200,109.44762
-381.232773,200,109.486331
-0.920548,200,109.525001
-130.616115,200,109.563798
-254.352024,200,109.602428
-122.416188,200,109.641128
-513.15933,200,109.751076
-122.008828,200,109.79017
-244.985365,200,109.828986
-376.809768,200,109.867618
-607.673214,200,109.906216
-373.25342,200,109.944651
-249.834831,200,109.98264
-361.586214,200,110.021273
-2.209053,200,110.059504
-122.16762,200,110.097634
-3.116941,200,110.208154
-377.118948,200,110.246996
-248.66846,200,110.285383
-122.16173,200,110.323783
-1.142226,200,110.362722
-246.253405,200,110.400944
-450.589289,200,110.439225
-126.467106,200,110.477413
-365.194954,200,110.515818
-127.981302,200,110.554182
-360.710897,200,110.672232
-323.58964,200,110.715312
-121.07208,200,110.779292
-0.806044,200,110.830108
-237.691459,200,110.874116
-627.680348,200,110.919963
-250.174785,200,110.967226
-368.773464,200,111.013157
-729.005024,200,111.059284
-241.134331,200,111.105555
-246.330298,200,111.250919
-600.233776,200,111.302487
-336.888876,200,111.346393
-128.718478,200,111.386033
-369.593418,200,111.424952
-128.205844,200,111.463744
-369.13565,200,111.502925
-349.963143,200,111.541865
-367.393055,200,111.580379
-242.821197,200,111.619162
-369.76656,200,111.728712
-237.478886,200,111.767358
-380.790867,200,111.806037
-126.423503,200,111.848911
-248.968398,200,111.88749
-613.89257,200,111.92596
-122.397248,200,111.964585
-296.04331,200,112.003139
-125.745241,200,112.041588
-298.039152,200,112.07997
-380.105674,200,112.190117
-248.293,200,112.228764
-255.012579,200,112.267191
-0.857617,200,112.305714
-241.012448,200,112.343843
-0.780256,200,112.382006
-373.728256,200,112.42048
-123.5615,200,112.458927
-125.093099,200,112.497539
-249.142555,200,112.535885
-339.938034,200,112.645332
-253.356844,200,112.683923
-249.044701,200,112.722585
-0.828815,200,112.761174
-1.361692,200,112.799712
-1.330249,200,112.838258
-122.157068,200,112.87664
-584.028718,200,112.915267
-247.850159,200,112.953535
-1.226385,200,112.991771
-498.09199,200,113.101856
-864.214252,200,113.140375
-743.920934,200,113.178886
-237.813653,200,113.21772
-352.920097,200,113.255945
-118.671831,200,113.294269
-124.194989,200,113.333124
-609.945066,200,113.371771
-245.522527,200,113.410245
-3.981765,200,113.448441
-363.648693,200,113.557727
-120.145906,200,113.596062
-366.31291,200,113.634427
-225.711982,200,113.672939
-603.79426,200,113.711293
-129.089577,200,113.749427
-485.683759,200,113.787628
-0.925958,200,113.826536
-0.881846,200,113.86497
-362.841934,200,113.903764
-381.475364,200,114.020678
-252.375434,200,114.063702
-330.913862,200,114.106307
-245.074224,200,114.147712
-247.154302,200,114.187771
-343.420178,200,114.228093
-359.707944,200,114.266612
-125.331367,200,114.305099
-232.026825,200,114.343407
-125.517924,200,114.382217
-126.493417,200,114.491886
-248.952908,200,114.530619
-366.663944,200,114.569277
-1.438921,200,114.608974
-361.86935,200,114.651757
-237.926812,200,114.69469
-752.95441,200,114.7368
-339.417285,200,114.780492
-472.755414,200,114.823083
-355.593533,200,114.866658
-293.969106,200,115.003512
-0.923117,200,115.048553
-248.076536,200,115.094197
-376.757482,200,115.140389
-245.81837,200,115.185046
-235.909708,200,115.231258
-127.874097,200,115.278015
-362.867882,200,115.317575
-119.923227,200,115.357016
-245.577621,200,115.395829
-371.033065,200,115.505281
-237.723477,200,115.54394
-489.201534,200,115.582821
-236.103996,200,115.621244
-849.745185,200,115.660143
-224.686219,200,115.698793
-241.837048,200,115.737742
-1.363055,200,115.776362
-730.647221,200,115.814881
-358.9771,200,115.853399
-237.656793,200,115.962966
-240.359957,200,116.001979
-249.281368,200,116.041037
-325.788473,200,116.07973
-126.139585,200,116.118749
-368.041467,200,116.157497
-503.428463,200,116.196025
-124.323046,200,116.236652
-128.184291,200,116.277008
-368.227646,200,116.31605
-237.627083,200,116.426559
-1.612721,200,116.465205
-354.562915,200,116.504177
-739.164518,200,116.542505
-617.324591,200,116.581416
-242.517226,200,116.619968
-358.639042,200,116.658419
-618.261813,200,116.696921
-342.854096,200,116.73565
-249.482559,200,116.774014
-576.25753,200,116.883605
-728.101286,200,116.922375
-363.905403,200,116.96094
-367.946283,200,116.999551
-237.496493,200,117.037918
-366.326725,200,117.076275
-121.29721,200,117.114825
-374.726341,200,117.152903
-120.122403,200,117.190981
-120.786112,200,117.229338
-363.117439,200,117.340276
-120.803117,200,117.379105
-245.43134,200,117.418092
-249.8414,200,117.457245
-0.772336,200,117.497296
-125.364089,200,117.536814
-123.303125,200,117.575607
-246.643719,200,117.614133
-124.11013,200,117.652543
-248.2702,200,117.691127
-612.879231,200,117.800849
-520.51877,200,117.839275
-478.091266,200,117.877737
-248.674105,200,117.916435
-467.930945,200,117.954893
-362.398297,200,117.99346
-126.165586,200,118.031907
-245.209478,200,118.07052
-227.891156,200,118.108945
-436.429649,200,118.147406
-230.454254,200,118.257387
-356.914252,200,118.296019
-459.081218,200,118.334769
-126.998703,200,118.373335
-355.494613,200,118.412051
-125.938675,200,118.450666
-243.918037,200,118.48908
-247.155336,200,118.527485
-246.726872,200,118.565965
-475.628038,200,118.604386
-129.046761,200,118.714783
-234.109322,200,118.753552
-237.108867,200,118.792416
-472.620913,200,118.830723
-240.838732,200,118.869425
-233.662032,200,118.907801
-493.706181,200,118.94615
-1.094787,200,118.984524
-366.543131,200,119.023222
-354.898215,200,119.061822
-476.488478,200,119.171127
-244.590268,200,119.209755
-372.584928,200,119.248281
-0.919646,200,119.286393
-469.159523,200,119.324664
-249.595064,200,119.363121
-0.748332,200,119.401456
-250.038953,200,119.439617
-402.937388,200,119.47778
-226.477033,200,119.515941
-233.684856,200,119.626137
-501.832282,200,119.664458
-367.11714,200,119.702945
-715.995492,200,119.741219
-602.57228,200,119.779198
-495.528377,200,119.817646
-249.950788,200,119.856093
-0.702728,200,119.894419
-129.128498,200,119.93257
-1.832722,200,119.97089
-244.422155,200,120.079595
-486.661361,200,120.118116
-360.891256,200,120.157036
-368.340658,200,120.195238
-250.434647,200,120.233704
-249.762379,200,120.271986
-819.135411,200,120.31038
-966.629724,200,120.348744
-576.229632,200,120.386871
-245.260685,200,120.4254
-125.794961,200,120.53378
-0.606711,200,120.572462
-124.979196,200,120.61074
-249.480835,200,120.64895
-975.912146,200,120.687676
-857.126626,200,120.726071
-127.770824,200,120.764421
-606.498092,200,120.803195
-0.801581,200,120.841609
-464.362666,200,120.880169
-944.279018,200,120.98969
-244.342653,200,121.02826
-0.857171,200,121.094262
-1.91442,200,121.143416
-246.420224,200,121.196563
-242.070894,200,121.261134
-247.631713,200,121.303868
-272.278291,200,121.34796
-257.403467,200,121.393517
-703.225266,200,121.439565
-125.897335,200,121.582046
-362.206192,200,121.629657
-376.50059,200,121.677509
-471.998005,200,121.729134
-3.434903,200,121.777046
-130.482495,200,121.816626
-239.038186,200,121.855962
-376.631477,200,121.894731
-1.096318,200,121.933439
-252.075961,200,121.971912
-508.659779,200,122.081815
-361.479496,200,122.120297
-115.179224,200,122.158972
-239.747546,200,122.197566
-120.326153,200,122.235891
-747.285494,200,122.274396
-749.14271,200,122.312663
-126.711216,200,122.351132
-127.970138,200,122.389685
-475.306125,200,122.427994
-494.041445,200,122.54035
-954.686113,200,122.578856
-367.719777,200,122.617292
-254.92647,200,122.65562
-251.557221,200,122.69442
-252.270887,200,122.733008
-382.361102,200,122.771549
-587.80391,200,122.809896
-368.573167,200,122.847783
-251.894169,200,122.886588
-251.642624,200,123.00364
-721.009642,200,123.046024
-938.598592,200,123.087979
-866.621611,200,123.133675
-248.688001,200,123.20448
-247.82103,200,123.249097
-621.826628,200,123.292623
-125.794448,200,123.337486
-774.964178,200,123.381596
-482.704678,200,123.426969
-869.300416,200,123.551636
-631.866332,200,123.614176
-993.263243,200,123.67021
-628.939018,200,123.709355
-252.507268,200,123.747703
-589.889096,200,123.786355
-245.637409,200,123.824881
-241.30496,200,123.863439
-373.098275,200,123.901754
-253.602771,200,123.939847
-618.873767,200,124.050847
-127.592099,200,124.089518
-128.829898,200,124.128435
-128.213825,200,124.16694
-1.654129,200,124.205479
-513.196966,200,124.24409
-251.373892,200,124.282681
-124.306059,200,124.320844
-123.352027,200,124.359324
-369.091434,200,124.397721
-240.247797,200,124.507271
-239.445255,200,124.546015
-240.274738,200,124.584365
-128.487118,200,124.622752
-366.084472,200,124.661172
-1.126814,200,124.699823
-128.623378,200,124.738103
-128.9381,200,124.776271
-248.097961,200,124.814673
-1.812528,200,124.852877
-364.183864,200,124.961719
-117.938724,200,125.000581
-363.093581,200,125.039304
-258.506289,200,125.077853
-1.115742,200,125.116429
-249.236122,200,125.15471
-3.248859,200,125.193134
-250.258468,200,125.231369
-252.124089,200,125.269582
-1.530814,200,125.308164
-122.559786,200,125.417827
-251.022661,200,125.456113
-358.09366,200,125.494533
-374.638051,200,125.532619
-228.218892,200,125.571272
-2.007349,200,125.609677
-380.887347,200,125.648044
-253.463288,200,125.68647
-253.125014,200,125.724547
-1.017379,200,125.762641
-253.711756,200,125.873036
-255.318167,200,125.911386
-379.040863,200,125.949748
-843.527214,200,125.988551
-376.699325,200,126.026778
-128.420202,200,126.065135
-0.952731,200,126.103497
-255.047338,200,126.14195
-246.092244,200,126.180379
-370.036921,200,126.218618
-0.997562,200,126.330401
-364.102456,200,126.369787
-259.635341,200,126.40892
-131.743087,200,126.45213
-490.971662,200,126.494864
-0.827118,200,126.538275
-126.277148,200,126.581637
-369.730312,200,126.625109
-0.974523,200,126.669778
-130.163529,200,126.714497
-0.851432,200,126.855112
-508.086729,200,126.8995
-253.699109,200,126.982277
-237.380547,200,127.026689
-129.323999,200,127.073759
-259.02728,200,127.120155
-388.681952,200,127.164997
-375.108893,200,127.204485
-251.285987,200,127.243717
-368.211939,200,127.282646
-119.149429,200,127.392516
-381.746848,200,127.431398
-375.210117,200,127.470213
-671.58198,200,127.508842
-245.86778,200,127.547242
-127.259699,200,127.585718
-251.780497,200,127.624278
-257.468588,200,127.662787
-132.844331,200,127.701204
-125.330061,200,127.739563
-405.137601,200,127.849238
-367.149621,200,127.887796
-1.195929,200,127.926453
-129.482987,200,127.964961
-372.35178,200,128.003756
-0.934932,200,128.042248
-0.870756,200,128.080748
-129.549933,200,128.119162
-517.724589,200,128.157361
-0.876843,200,128.195701
-388.491567,200,128.304265
-263.96895,200,128.343371
-129.044915,200,128.381862
-373.183819,200,128.420161
-299.664842,200,128.45866
-371.696902,200,128.497043
-376.754962,200,128.535495
-129.815268,200,128.573897
-255.420269,200,128.612593
-125.996484,200,128.651054
-260.113376,200,128.760353
-128.794204,200,128.798788
-375.155562,200,128.837722
-373.689103,200,128.875961
-257.565435,200,128.91423
-259.22332,200,128.952507
-131.540552,200,128.990993
-130.65058,200,129.029569
-127.757756,200,129.068216
-486.366302,200,129.106347
-131.452537,200,129.217551
-129.634305,200,129.258049
-351.074028,200,129.296688
-378.276073,200,129.335192
-395.662368,200,129.373839
-627.508744,200,129.412096
-377.722092,200,129.45038
-389.339474,200,129.488811
-478.977872,200,129.527307
-118.053703,200,129.565903
-128.961723,200,129.67442
-646.427955,200,129.713161
-129.608829,200,129.751987
-256.729625,200,129.790366
-383.886661,200,129.828881
-118.49715,200,129.86758
-129.219467,200,129.905968
-131.336862,200,129.944308
-126.039928,200,129.982757
-234.653697,200,130.021291
-127.938018,200,130.133337
-394.419439,200,130.172175
-236.659052,200,130.21075
-253.14086,200,130.24955
-131.655674,200,130.287884
-375.803906,200,130.326119
-337.415256,200,130.364493
-128.384984,200,130.402923
-127.886843,200,130.4415
-245.572525,200,130.479796
-2.219039,200,130.588774
-251.493164,200,130.627685
-243.707563,200,130.666257
-246.833471,200,130.70465
-124.632345,200,130.743228
-129.03888,200,130.781267
-127.014964,200,130.81989
-129.943069,200,130.85779
-122.894881,200,130.89594
-248.12712,200,130.934259
-128.304569,200,131.043762
-129.134098,200,131.082221
-371.052861,200,131.120393
-243.04564,200,131.158611
-129.677559,200,131.196638
-128.406022,200,131.235922
-369.348415,200,131.277243
-129.0875,200,131.315481
-131.478571,200,131.353565
-259.225963,200,131.392404
-0.801531,200,131.511109
-124.334359,200,131.561376
-258.88004,200,131.624877
-126.513866,200,131.667137
-377.518589,200,131.710646
-495.802545,200,131.756394
-244.641759,200,131.801247
-368.540301,200,131.846901
-271.416386,200,131.891065
-126.359193,200,131.938077
-130.15634,200,132.08545
-254.466599,200,132.135688
-256.779366,200,132.179487
-130.616767,200,132.218761
-2.229201,200,132.257394
-266.740209,200,132.29583
-252.127107,200,132.334591
-239.73388,200,132.373133
-0.878719,200,132.411315
-127.009477,200,132.449651
-1.341516,200,132.559475
-129.888288,200,132.598134
-2.572682,200,132.636646
-127.001617,200,132.675575
-267.562357,200,132.713883
-116.987497,200,132.752183
-123.011578,200,132.791856
-251.561948,200,132.830304
-126.863642,200,132.868589
-366.641952,200,132.90797
-130.709869,200,133.017789
-130.615686,200,133.056369
-250.885603,200,133.095065
-247.139171,200,133.133462
-246.053221,200,133.171797
-356.500803,200,133.210385
-247.536061,200,133.248539
-127.50163,200,133.286761
-242.939302,200,133.325211
-126.252197,200,133.36386
-0.708448,200,133.480897
-130.088626,200,133.523701
-251.641393,200,133.566129
-117.779488,200,133.608378
-249.956396,200,133.652247
-398.681104,200,133.718959
-348.295885,200,133.773597
-130.073949,200,133.818124
-428.064976,200,133.862877
-254.841907,200,133.908997
-243.213725,200,134.033718
-366.795898,200,134.077926
-125.617072,200,134.118005
-254.767827,200,134.156983
-131.942862,200,134.195705
-280.150084,200,134.234203
-251.046728,200,134.272555
-246.27494,200,134.310821
-114.783312,200,134.349513
-129.835443,200,134.388
-131.412323,200,134.498277
-128.424155,200,134.537116
-129.200379,200,134.575449
-131.124183,200,134.614677
-0.998272,200,134.653209
-1.581504,200,134.691375
-266.443613,200,134.729844
-394.178962,200,134.768337
-121.777282,200,134.806859
-127.890282,200,134.84519
-363.677634,200,134.962375
-1.12351,200,135.020205
-118.659012,200,135.078459
-128.310959,200,135.120594
-129.334468,200,135.164251
-123.527131,200,135.210266
-119.643699,200,135.257725
-126.330041,200,135.303351
-132.109443,200,135.347507
-389.984048,200,135.393848
-256.06932,200,135.534484
-0.821368,200,135.58065
-245.116509,200,135.62469
-296.474839,200,135.663735
-265.333757,200,135.702461
-129.685643,200,135.741283
-127.143426,200,135.779534
-0.947613,200,135.81777
-124.221134,200,135.856512
-129.564228,200,135.894841
-1.0732,200,136.003425
-242.870989,200,136.042481
-126.125314,200,136.081717
-376.838392,200,136.120302
-243.948723,200,136.158762
-248.33834,200,136.197258
-130.31456,200,136.237335
-128.616258,200,136.27828
-271.775549,200,136.31704
-0.805905,200,136.35582
-245.217624,200,136.466319
-371.578274,200,136.505366
-132.059876,200,136.543966
-2.89888,200,136.582857
-271.571736,200,136.62138
-0.835697,200,136.660173
-128.020044,200,136.698676
-248.990318,200,136.737091
-126.992447,200,136.775529
-123.783825,200,136.814005
-2.61787,200,136.931592
-0.781919,200,136.975789
-131.141817,200,137.018243
-130.417385,200,137.061005
-268.474164,200,137.11661
-402.537506,200,137.17797
-370.900107,200,137.221969
-0.75069,200,137.266376
-128.676917,200,137.311518
-1.241286,200,137.357844
-369.808694,200,137.484141
-123.078269,200,137.529345
-123.383077,200,137.568483
-128.012513,200,137.607056
-408.931504,200,137.645872
-388.336197,200,137.684271
-131.580725,200,137.722897
-118.182671,200,137.761276
-0.878536,200,137.799743
-132.196877,200,137.838113
-130.08476,200,137.948175
-130.365149,200,137.986866
-128.14677,200,138.025459
-134.680858,200,138.064017
-250.837254,200,138.102799
-117.655368,200,138.140983
-0.921304,200,138.17938
-129.902292,200,138.217587
-259.884792,200,138.255842
-130.692105,200,138.29428
-131.998303,200,138.403344
-128.434769,200,138.442155
-132.51957,200,138.480869
-0.832883,200,138.519405
-245.656211,200,138.557985
-131.268852,200,138.596321
-126.168677,200,138.634669
-130.409272,200,138.672777
-284.163546,200,138.711506
-121.549863,200,138.749856
-131.846028,200,138.859292
-257.106268,200,138.897785
-350.464431,200,138.936191
-242.082213,200,138.974847
-2.276311,200,139.013779
-124.293596,200,139.052394
-0.634122,200,139.090634
-128.710635,200,139.129278
-492.137532,200,139.16785
-131.196156,200,139.206137
-365.904792,200,139.315307
-124.723833,200,139.355099
-246.799033,200,139.39339
-286.876973,200,139.432018
-255.686156,200,139.470306
-130.035272,200,139.508787
-256.550945,200,139.546882
-247.254308,200,139.585119
-128.709888,200,139.623456
-362.002911,200,139.661643
-1.231258,200,139.7701
-130.875526,200,139.809006
-239.753957,200,139.847464
-265.897898,200,139.885678
-129.984543,200,139.92389
-0.972365,200,139.962183
-0.805186,200,140.000767
-131.013097,200,140.038958
-272.223917,200,140.077385
-130.542059,200,140.115676
-0.943844,200,140.2245
-136.834547,200,140.262839
-243.074039,200,140.301235
-131.710106,200,140.339358
-130.219715,200,140.377633
-2.885133,200,140.415833
-127.730407,200,140.453917
-126.512372,200,140.492339
-252.296699,200,140.530328
-129.127939,200,140.568649
-401.639749,200,140.676984
-1.649205,200,140.715453
-119.983758,200,140.753798
-130.535019,200,140.792004
-130.48716,200,140.830516
-130.81835,200,140.868521
-241.563941,200,140.906861
-1.101474,200,140.94497
-305.860216,200,140.98289
-248.012568,200,141.021025
-119.263809,200,141.132676
-130.053722,200,141.171402
-272.312852,200,141.209807
-131.08404,200,141.25012
-488.531794,200,141.290807
-258.723529,200,141.32948
-296.416044,200,141.368041
-0.772233,200,141.40644
-335.780584,200,141.444859
-130.699205,200,141.48352
-387.649018,200,141.594601
-128.702261,200,141.63321
-249.10575,200,141.672106
-459.233282,200,141.710888
-258.71346,200,141.749363
-124.872305,200,141.787819
-235.140758,200,141.825997
-131.580053,200,141.864022
-241.96056,200,141.90263
-122.308664,200,141.941235
-131.271138,200,142.057092
-369.849413,200,142.108596
-117.13457,200,142.172783
-129.864978,200,142.215379
-131.382359,200,142.259271
-277.612306,200,142.303967
-259.172356,200,142.348309
-342.277916,200,142.400957
-126.966574,200,142.461605
-129.4397,200,142.517181
-359.678313,200,142.644995
-0.806316,200,142.692347
-127.111338,200,142.73562
-125.384315,200,142.775394
-353.904891,200,142.81435
-129.98301,200,142.853437
-127.178379,200,142.89191
-389.193874,200,142.930312
-128.269436,200,142.968595
-119.589162,200,143.007228
-125.718708,200,143.116933
-125.868867,200,143.155664
-129.507928,200,143.194276
-253.915972,200,143.232885
-130.802408,200,143.271587
-129.410787,200,143.31008
-376.742258,200,143.348315
-128.557981,200,143.38653
-243.886267,200,143.424899
-2.904379,200,143.463106
-123.143919,200,143.57289
-254.290508,200,143.611704
-244.551344,200,143.650108
-127.277652,200,143.688762
-123.548852,200,143.727185
-125.839086,200,143.765508
-124.540615,200,143.804014
-346.508842,200,143.842385
-228.391179,200,143.880955
-130.944399,200,143.918935
-3.179296,200,144.028862
-1.869962,200,144.067308
-118.354652,200,144.105819
-129.635547,200,144.144351
-126.986396,200,144.183055
-128.874986,200,144.221621
-128.124291,200,144.259734
-1.648734,200,144.297904
-228.785558,200,144.336118
-131.517327,200,144.374342
-235.788073,200,144.515825
-251.099307,200,144.555124
-379.587631,200,144.593501
-128.554111,200,144.632067
-121.480903,200,144.67053
-247.038927,200,144.708876
-129.312078,200,144.746874
-120.687468,200,144.7853
-126.88027,200,144.82351
-124.808352,200,144.862394
-360.77091,200,144.979593
-131.336478,200,145.02223
-119.819914,200,145.084856
-129.821794,200,145.136786
-127.65062,200,145.182527
-123.683311,200,145.227434
-247.522656,200,145.273651
-237.2935,200,145.317666
-125.325673,200,145.365653
-126.692288,200,145.412249
-353.335928,200,145.547751
-245.722396,200,145.612343
-1.874737,200,145.651955
-123.072954,200,145.690939
-127.693916,200,145.729636
-131.627868,200,145.767996
-126.897449,200,145.806558
-252.621183,200,145.844943
-245.673795,200,145.883059
-3.523787,200,145.921642
-130.062018,200,146.032011
-2.279743,200,146.070623
-129.65672,200,146.10915
-122.154119,200,146.147635
-250.448625,200,146.186151
-240.270203,200,146.224474
-121.265749,200,146.264773
-128.681781,200,146.303947
-120.398012,200,146.34268
-127.393047,200,146.381427
-123.91454,200,146.490512
-131.737611,200,146.529199
-120.014884,200,146.567957
-131.978252,200,146.606351
-125.144721,200,146.644765
-380.774449,200,146.683186
-1.337088,200,146.721544
-360.99495,200,146.76019
-253.038033,200,146.798173
-128.141331,200,146.836651
-128.702876,200,146.945402
-371.441782,200,146.984208
-374.272964,200,147.022759
-119.983805,200,147.061285
-2.536634,200,147.099855
-120.854177,200,147.138338
-118.185397,200,147.176693
-232.635836,200,147.214784
-242.184669,200,147.252611
-126.89239,200,147.291068
-122.661098,200,147.400662
-127.776865,200,147.43928
-259.847145,200,147.477678
-127.759173,200,147.516235
-0.923237,200,147.554933
-127.101785,200,147.593522
-122.761657,200,147.631976
-243.871216,200,147.670217
-127.857207,200,147.708286
-0.861481,200,147.746476
-241.132568,200,147.858603
-130.923202,200,147.901804
-126.56842,200,147.944152
-127.946591,200,147.988111
-115.003008,200,148.031012
-125.317422,200,148.074051
-357.798793,200,148.118081
-128.000634,200,148.171114
-236.024325,200,148.242355
-238.277765,200,148.287952
-124.795585,200,148.414876
-119.977766,200,148.459418
-117.942652,200,148.505359
-127.872841,200,148.545309
-0.658043,200,148.584078
-378.719522,200,148.623214
-127.551537,200,148.661655
-119.907615,200,148.700187
-119.134199,200,148.738583
-123.178207,200,148.776856
-118.329452,200,148.88659
-127.346146,200,148.925692
-124.659288,200,148.964352
-116.560886,200,149.003016
-123.990762,200,149.041404
-237.596505,200,149.079704
-1.184709,200,149.118072
-2.346685,200,149.156367
-252.321919,200,149.194751
-365.335405,200,149.233076
-242.967143,200,149.343389
-244.302523,200,149.382124
-0.665291,200,149.42083
-0.79233,200,149.4592
-129.038163,200,149.497957
-121.888849,200,149.536042
-249.118678,200,149.574394
-1.783552,200,149.612579
-238.035175,200,149.650619
-347.067638,200,149.689216
-124.880397,200,149.798872
-354.558971,200,149.837658
-125.917659,200,149.87648
-230.133114,200,149.914962
-243.736946,200,149.953411
-1.263205,200,149.991726
-242.681335,200,150.030269
-124.666613,200,150.06845
-124.529903,200,150.107402
-0.775201,200,150.146085
-125.377359,200,150.255847
-237.79583,200,150.294709
-128.216197,200,150.333263
-301.231911,200,150.371688
-127.89916,200,150.410191
-0.931593,200,150.448435
-239.041071,200,150.48697
-127.704631,200,150.525482
-127.824665,200,150.56361
-0.847879,200,150.601923
-124.941455,200,150.711381
-124.401316,200,150.749989
-1.26378,200,150.788641
-367.401927,200,150.826951
-0.716624,200,150.86549
-252.56702,200,150.903741
-118.312807,200,150.942265
-238.663125,200,150.980529
-127.168343,200,151.019066
-238.418969,200,151.057425
-126.419864,200,151.165483
-124.958095,200,151.204165
-124.342313,200,151.24344
-238.401895,200,151.284102
-125.700481,200,151.322891
-236.577196,200,151.361421
-121.733328,200,151.399646
-124.373525,200,151.437635
-117.336742,200,151.47582
-1.005095,200,151.514061
-119.336478,200,151.623015
-231.30732,200,151.661958
-126.627893,200,151.700698
-245.981641,200,151.739022
-225.613382,200,151.77774
-125.708572,200,151.81621
-125.666023,200,151.854452
-129.768008,200,151.892988
-125.469198,200,151.931092
-126.248637,200,151.969033
-346.742198,200,152.077497
-124.168456,200,152.116231
-121.645437,200,152.154878
-234.791688,200,152.192942
-242.618135,200,152.231088
-305.701274,200,152.269369
-239.803051,200,152.307636
-118.224743,200,152.345623
-129.638959,200,152.383518
-0.706408,200,152.423201
-123.928098,200,152.532645
-118.578078,200,152.571211
-115.231944,200,152.609732
-244.377285,200,152.648177
-127.903678,200,152.686445
-119.451375,200,152.724989
-350.377391,200,152.76326
-0.629783,200,152.801523
-114.692798,200,152.839739
-0.786075,200,152.877769
-118.986369,200,152.998385
-118.731731,200,153.040688
-128.918139,200,153.102945
-115.981205,200,153.155944
-122.284928,200,153.200014
-128.160592,200,153.24535
-123.488136,200,153.292234
-337.298023,200,153.339553
-125.261465,200,153.384846
-240.690052,200,153.431933
-255.591555,200,153.575272
-231.202163,200,153.634199
-238.665527,200,153.677829
-123.266766,200,153.717146
-128.346496,200,153.756082
-127.078017,200,153.794515
-117.040925,200,153.832847
-127.641626,200,153.871259
-122.596576,200,153.909569
-122.102422,200,153.948181
-249.162845,200,154.058582
-120.192647,200,154.097551
-424.230353,200,154.136522
-340.912002,200,154.175251
-263.748935,200,154.213494
-121.926612,200,154.252064
-381.522083,200,154.290772
-121.379024,200,154.329171
-339.084776,200,154.367976
-341.497385,200,154.406182
-247.999251,200,154.515387
-117.625353,200,154.554465
-235.589617,200,154.59317
-129.838493,200,154.631665
-123.319444,200,154.670122
-117.468391,200,154.708762
-120.815634,200,154.747049
-121.357074,200,154.785569
-128.152192,200,154.823908
-120.597011,200,154.862052
-119.263253,200,154.971137
-114.018006,200,155.009668
-124.067348,200,155.047932
-241.758509,200,155.086609
-120.93049,200,155.125336
-117.213781,200,155.163847
-0.680077,200,155.202197
-128.793412,200,155.240431
-0.737522,200,155.278559
-115.612968,200,155.316767
-123.701749,200,155.42649
-1.838625,200,155.465023
-236.087467,200,155.5034
-1.614579,200,155.541898
-117.486093,200,155.580387
-246.929298,200,155.619039
-118.510454,200,155.65734
-126.741262,200,155.695522
-115.376818,200,155.733814
-236.056577,200,155.772252
-120.064085,200,155.8825
-249.838268,200,155.921163
-127.295188,200,155.959634
-247.521876,200,155.998764
-240.352202,200,156.036989
-122.243872,200,156.075475
-125.894154,200,156.113615
-116.500216,200,156.151638
-226.503954,200,156.190014
-129.282383,200,156.2286
-242.764515,200,156.340453
-296.743379,200,156.379307
-118.495508,200,156.417799
-125.124777,200,156.456371
-240.118506,200,156.495191
-117.860442,200,156.533902
-0.914825,200,156.572168
-125.361275,200,156.610371
-126.332813,200,156.648617
-243.451041,200,156.687501
-3.770845,200,156.796434
-125.424316,200,156.835154
-116.784245,200,156.873774
-126.657407,200,156.912138
-241.020661,200,156.950667
-355.272822,200,156.989035
-119.315426,200,157.027318
-125.911034,200,157.065484
-117.648506,200,157.10408
-253.471625,200,157.142176
-223.472,200,157.261239
-252.478258,200,157.304725
-123.474595,200,157.347922
-261.304278,200,157.390528
-127.291663,200,157.435411
-117.529215,200,157.486308
-237.057005,200,157.550192
-127.188953,200,157.600731
-348.230914,200,157.645187
-243.094943,200,157.691242
-326.10419,200,157.815711
-239.467456,200,157.859741
-249.170901,200,157.899192
-119.741126,200,157.937557
-124.807695,200,157.975884
-116.931377,200,158.014832
-243.527207,200,158.053275
-127.634617,200,158.091931
-245.538222,200,158.130691
-1.267817,200,158.169243
-233.430235,200,158.27897
-361.058986,200,158.318028
-123.759249,200,158.356285
-246.577201,200,158.394472
-117.279091,200,158.433677
-118.741785,200,158.472444
-241.954216,200,158.510691
-119.448497,200,158.549013
-235.455669,200,158.587393
-116.90762,200,158.625801
-117.94218,200,158.741546
-119.887432,200,158.784939
-242.728676,200,158.844384
-124.697697,200,158.900674
-1.561365,200,158.943964
-116.114958,200,158.988361
-359.131681,200,159.033177
-125.074941,200,159.080076
-115.907466,200,159.127541
-228.673746,200,159.174666
-354.770049,200,159.322299
-115.830348,200,159.373349
-237.381275,200,159.419287
-124.631602,200,159.458876
-128.012258,200,159.497567
-120.842833,200,159.536631
-349.204311,200,159.575071
-117.816719,200,159.613455
-356.167654,200,159.652245
-118.194496,200,159.690748
-0.612924,200,159.799162
-124.810296,200,159.838007
-353.378775,200,159.876448
-243.16414,200,159.915365
-237.064855,200,159.95375
-126.765658,200,159.992241
-125.168636,200,160.030705
-124.343772,200,160.068964
-370.585558,200,160.107282
-233.907944,200,160.14603
-1.860617,200,160.255939
-129.444005,200,160.294648
-123.163643,200,160.333248
-357.052056,200,160.371586
-116.01941,200,160.410076
-1.390333,200,160.448203
-239.768473,200,160.486585
-235.34916,200,160.524975
-364.482991,200,160.563112
-243.053804,200,160.601241
-126.97915,200,160.71123
-119.658547,200,160.750328
-248.462789,200,160.789073
-332.789797,200,160.827426
-121.552292,200,160.865991
-241.527197,200,160.904358
-240.97019,200,160.942609
-1.209183,200,160.98097
-127.478082,200,161.019684
-120.171229,200,161.058018
-119.408896,200,161.166927
-126.320011,200,161.205523
-124.741759,200,161.2443
-235.725211,200,161.285301
-0.611526,200,161.323957
-232.723249,200,161.36239
-124.744229,200,161.400594
-124.882536,200,161.439201
-223.613657,200,161.477611
-2.624101,200,161.516048
-120.323811,200,161.624433
-356.895901,200,161.663012
-119.522134,200,161.701246
-242.789742,200,161.739672
-234.905039,200,161.77795
-118.713984,200,161.816111
-118.437913,200,161.854487
-243.574564,200,161.892428
-118.918857,200,161.930922
-246.419147,200,161.968929
-0.820461,200,162.077723
-118.859181,200,162.11622
-127.972111,200,162.154825
-0.605675,200,162.193082
-116.822209,200,162.231632
-120.445911,200,162.269937
-122.357202,200,162.30835
-241.985571,200,162.346604
-228.33264,200,162.385029
-116.879477,200,162.423395
-0.767352,200,162.531675
-297.314619,200,162.570216
-245.615984,200,162.608804
-234.126279,200,162.6471
-124.409991,200,162.685643
-121.172171,200,162.724024
-233.148187,200,162.762218
-128.384851,200,162.800618
-126.074317,200,162.838893
-122.348225,200,162.876979
-118.600483,200,162.986118
-121.767895,200,163.024967
-118.775091,200,163.063304
-120.446344,200,163.101539
-122.543788,200,163.14018
-0.639721,200,163.17854
-317.209142,200,163.216805
-120.172755,200,163.255093
-116.167385,200,163.293284
-125.643677,200,163.331713
-125.289925,200,163.474594
-231.801247,200,163.512806
-121.716447,200,163.551109
-127.787659,200,163.589482
-227.336438,200,163.628006
-236.962819,200,163.666472
-127.874246,200,163.704974
-380.767712,200,163.743492
-123.500604,200,163.781751
-356.248393,200,163.819882
-1.137924,200,163.935456
-1.821374,200,163.978902
-2.171059,200,164.021285
-0.915868,200,164.064535
-243.101018,200,164.108185
-241.217903,200,164.170323
-115.753749,200,164.231057
-241.644812,200,164.277997
-126.826697,200,164.321492
-2.99241,200,164.367543
-340.203857,200,164.492773
-119.711253,200,164.538382
-120.193115,200,164.578361
-119.625949,200,164.617138
-341.737607,200,164.656041
-122.042322,200,164.694551
-123.075909,200,164.733146
-235.855304,200,164.771446
-119.607774,200,164.810197
-129.197421,200,164.848833
-121.939731,200,164.961226
-118.62421,200,165.00006
-122.332719,200,165.038698
-126.555139,200,165.077252
-261.173618,200,165.116184
-124.058651,200,165.154723
-119.749065,200,165.193238
-127.115308,200,165.231645
-119.85406,200,165.270016
-117.618057,200,165.308446
-118.844513,200,165.418304
-125.25837,200,165.457071
-119.144336,200,165.495724
-232.414793,200,165.534088
-239.933369,200,165.572715
-236.505488,200,165.611108
-124.597622,200,165.649352
-237.083235,200,165.687552
-122.180876,200,165.726165
-350.843822,200,165.76453
-124.975841,200,165.874589
-362.725715,200,165.912924
-127.490052,200,165.95103
-124.198364,200,165.989328
-343.083484,200,166.027958
-2.353832,200,166.06678
-349.726301,200,166.10532
-1.984322,200,166.14362
-334.701507,200,166.182349
-4.633963,200,166.221221
-124.2136,200,166.332335
-243.190387,200,166.370953
-364.793671,200,166.409927
-361.877576,200,166.448499
-346.356978,200,166.486798
-118.502064,200,166.525144
-121.102449,200,166.563791
-231.714403,200,166.602137
-353.015301,200,166.640711
-128.161881,200,166.678849
-235.439947,200,166.789115
-363.427142,200,166.827954
-129.163417,200,166.866947
-1.321277,200,166.905451
-128.784183,200,166.943824
-251.411753,200,166.982144
-237.754544,200,167.020777
-122.467914,200,167.058957
-239.302866,200,167.097371
-0.760415,200,167.135834
-128.993337,200,167.250571
-1.274815,200,167.29478
-234.398709,200,167.340363
-367.899099,200,167.379285
-237.681137,200,167.421156
-119.032153,200,167.463624
-122.872577,200,167.502439
-124.953488,200,167.541002
-125.093898,200,167.580004
-246.900565,200,167.618764
-119.787945,200,167.72911
-303.537915,200,167.768108
-1.8617,200,167.806784
-242.209388,200,167.845277
-129.572525,200,167.883928
-120.160947,200,167.922586
-238.47545,200,167.960993
-120.291248,200,167.999324
-127.326332,200,168.037698
-114.990339,200,168.076764
-242.646126,200,168.187245
-123.30631,200,168.225976
-119.141707,200,168.264204
-232.378729,200,168.302911
-355.868406,200,168.341286
-1.166596,200,168.379824
-1.330802,200,168.418435
-124.477071,200,168.457397
-241.393319,200,168.49558
-126.332163,200,168.533972
-120.559132,200,168.650091
-125.34855,200,168.725102
-1.419234,200,168.767906
-242.107784,200,168.810917
-123.815735,200,168.854931
-124.391665,200,168.901425
-227.214919,200,168.946234
-123.572488,200,168.991574
-247.975958,200,169.037761
-121.503055,200,169.092017
-116.96151,200,169.223774
-2.368242,200,169.271288
-232.177234,200,169.314201
-126.502937,200,169.352961
-128.048714,200,169.391924
-120.567749,200,169.430545
-246.256264,200,169.468952
-117.316753,200,169.507242
-242.900626,200,169.545604
-305.585002,200,169.584261
-345.155387,200,169.694285
-125.944824,200,169.733261
-127.967155,200,169.771827
-128.192289,200,169.810191
-274.344222,200,169.848784
-0.85789,200,169.887145
-123.775664,200,169.925441
-122.284181,200,169.963459
-124.384843,200,170.002114
-244.830133,200,170.040491
-1.170792,200,170.149536
-238.677776,200,170.188157
-119.712083,200,170.226895
-122.199399,200,170.265427
-128.300412,200,170.303905
-119.992584,200,170.341986
-242.458336,200,170.380292
-120.404414,200,170.418374
-124.632142,200,170.457043
-125.094269,200,170.496384
-230.324532,200,170.612289
-122.597507,200,170.655146
-121.765302,200,170.69839
-231.424222,200,170.7418
-117.335331,200,170.803452
-247.726415,200,170.861407
-373.646841,200,170.906434
-121.558505,200,170.950924
-0.556429,200,170.995898
-120.289026,200,171.041763
-230.628017,200,171.167786
-123.634097,200,171.208616
-328.618529,200,171.247836
-235.590154,200,171.289319
-119.255193,200,171.328331
-1.044791,200,171.366827
-1.063267,200,171.405379
-1.023803,200,171.443791
-123.945533,200,171.482899
-121.039805,200,171.52123
-1.127933,200,171.630814
-232.186596,200,171.669428
-229.980769,200,171.707866
-118.893705,200,171.746286
-1.836507,200,171.784853
-126.728137,200,171.822987
-1.016525,200,171.861115
-121.511625,200,171.899436
-126.789154,200,171.937485
-124.026722,200,171.975644
-237.509452,200,172.084611
-365.363785,200,172.123351
-122.656357,200,172.161746
-246.097461,200,172.20041
-242.225682,200,172.238972
-121.673579,200,172.277323
-120.285308,200,172.315373
-129.531415,200,172.353457
-341.593096,200,172.391682
-129.030132,200,172.42998
-120.533363,200,172.538186
-2.72246,200,172.576424
-233.535266,200,172.614889
-119.878423,200,172.653619
-235.473983,200,172.691883
-1.711665,200,172.730354
-342.858127,200,172.768713
-357.386365,200,172.806509
-2.413026,200,172.844837
-287.128987,200,172.883111
-237.441762,200,172.991324
-127.615616,200,173.029808
-234.576375,200,173.068518
-124.190563,200,173.107092
-125.695599,200,173.145502
-342.327699,200,173.184024
-225.134059,200,173.222286
-126.260398,200,173.260668
-116.177906,200,173.298965
-303.9249,200,173.337382
-283.249864,200,173.44657
-124.036232,200,173.485059
-233.439161,200,173.523295
-126.578027,200,173.561462
-128.264576,200,173.59994
-124.87804,200,173.638205
-125.456749,200,173.67684
-1.60314,200,173.714955
-123.512863,200,173.753223
-314.169439,200,173.79142
-2.862499,200,173.900325
-239.484164,200,173.938657
-118.590581,200,173.977156
-246.775247,200,174.015314
-122.084065,200,174.053746
-121.066003,200,174.091907
-239.90688,200,174.130081
-129.891042,200,174.168199
-1.396622,200,174.206598
-129.926947,200,174.244655
-239.829275,200,174.353379
-341.402035,200,174.391849
-115.623134,200,174.430568
-125.366272,200,174.469173
-346.097009,200,174.507217
-244.671046,200,174.545447
-242.896403,200,174.583571
-364.386621,200,174.621572
-241.479326,200,174.660226
-123.070587,200,174.701694
-237.105213,200,174.82843
-119.910457,200,174.872076
-125.369049,200,174.91358
-238.359348,200,174.95689
-234.541852,200,175.001355
-350.883998,200,175.045647
-128.990336,200,175.092397
-299.888206,200,175.136288
-118.355841,200,175.183388
-120.243926,200,175.251949
-1.38951,200,175.379764
-311.393658,200,175.424011
-125.223769,200,175.463224
-125.726528,200,175.502059
-127.298631,200,175.54058
-126.250105,200,175.579195
-242.209454,200,175.617738
-361.877575,200,175.655944
-126.848404,200,175.694761
-120.79653,200,175.73291
-1.014749,200,175.842398
-237.516496,200,175.880929
-0.903042,200,175.919793
-230.69567,200,175.95786
-246.932277,200,175.99571
-258.898725,200,176.033687
-126.818948,200,176.072072
-124.152742,200,176.110578
-125.462828,200,176.148771
-124.081427,200,176.187068
-368.336472,200,176.298935
-241.501473,200,176.337781
-127.416726,200,176.376523
-314.502569,200,176.414953
-234.48408,200,176.453729
-123.00746,200,176.492026
-0.44246,200,176.530388
-121.751249,200,176.568803
-229.930142,200,176.607335
-127.211191,200,176.645583
-127.11877,200,176.757057
-356.426645,200,176.7957
-121.540804,200,176.834126
-1.87114,200,176.872787
-240.214242,200,176.911297
-127.082838,200,176.949748
-0.85998,200,176.988217
-120.220099,200,177.026651
-118.396093,200,177.065061
-124.406261,200,177.103607
-358.237801,200,177.212872
-237.441873,200,177.251591
-119.116964,200,177.290283
-119.095571,200,177.328359
-395.693633,200,177.367842
-231.189027,200,177.41
-123.882336,200,177.449236
-229.813669,200,177.488326
-118.628243,200,177.526648
-125.533556,200,177.565668
-237.191807,200,177.675438
-226.690315,200,177.714208
-357.120275,200,177.752921
-229.675929,200,177.79119
-1.502783,200,177.829669
-118.882596,200,177.868178
-115.217929,200,177.906593
-124.678872,200,177.944922
-243.267445,200,177.983087
-358.45749,200,178.02146
-129.616653,200,178.130523
-121.756525,200,178.16887
-127.117441,200,178.206977
-446.256727,200,178.245375
-125.8762,200,178.283781
-1.082473,200,178.321974
-120.733177,200,178.359924
-348.022702,200,178.39821
-122.278798,200,178.436394
-126.657021,200,178.474724
-126.263878,200,178.583566
-127.246075,200,178.622165
-239.350497,200,178.660917
-232.350239,200,178.699459
-429.496293,200,178.738005
-309.260044,200,178.776177
-227.139774,200,178.814742
-122.167941,200,178.853102
-300.988873,200,178.891275
-337.823485,200,178.929375
-359.799151,200,179.038359
-238.814374,200,179.076417
-3.037161,200,179.114867
-234.586062,200,179.152972
-232.174494,200,179.191204
-127.242295,200,179.229305
-333.694802,200,179.267746
-117.110007,200,179.306172
-124.548523,200,179.344458
-122.906559,200,179.382766
-124.998731,200,179.491183
-235.983386,200,179.529668
-2.125721,200,179.567806
-126.140473,200,179.606101
-221.505984,200,179.644468
-340.12255,200,179.682775
-122.466799,200,179.720888
-122.329755,200,179.759071
-115.037775,200,179.797579
-0.968209,200,179.835543
-121.841315,200,179.947275
-295.46948,200,179.986133
-119.360338,200,180.024193
-120.443455,200,180.062747
-116.734345,200,180.101215
-246.513776,200,180.139371
-128.123039,200,180.177756
-362.895358,200,180.215994
-120.462664,200,180.254315
-324.946712,200,180.292692
-257.440596,200,180.40906
-362.66761,200,180.451239
-1.899501,200,180.493317
-123.560119,200,180.535757
-241.851929,200,180.580139
-232.254395,200,180.641858
-229.471387,200,180.692133
-1.552448,200,180.737202
-122.978543,200,180.782549
-125.993941,200,180.829609
-115.380255,200,180.96025
-130.494486,200,181.006355
-129.625317,200,181.060192
-247.102535,200,181.121051
-358.995567,200,181.160163
-117.959492,200,181.198905
-244.721027,200,181.237837
-126.581148,200,181.278007
-303.144161,200,181.318368
-117.839208,200,181.357558
-237.538234,200,181.467228
-1.244918,200,181.506151
-285.291368,200,181.544688
-126.226647,200,181.583036
-234.591419,200,181.621408
-236.509009,200,181.65984
-125.727169,200,181.698191
-119.453982,200,181.736801
-126.522717,200,181.775306
-258.176231,200,181.814078
-363.19431,200,181.957762
-124.19598,200,181.997432
-231.553828,200,182.036219
-123.666335,200,182.079446
-371.572037,200,182.122801
-353.967376,200,182.164683
-0.807297,200,182.208165
-126.620371,200,182.251028
-229.357629,200,182.294444
-127.500374,200,182.337703
-241.643238,200,182.479816
-127.563699,200,182.525224
-246.677263,200,182.572716
-367.186954,200,182.619354
-300.355603,200,182.66729
-359.618936,200,182.713698
-121.214854,200,182.757802
-126.951032,200,182.797141
-321.236902,200,182.836172
-124.180251,200,182.874942
-238.14717,200,182.98499
-121.417268,200,183.024038
-232.205876,200,183.062869
-127.398369,200,183.10121
-242.669894,200,183.139864
-234.158359,200,183.178018
-121.434361,200,183.216624
-359.996929,200,183.255098
-124.421958,200,183.293258
-240.356979,200,183.331743
-1.393506,200,183.442463
-126.469157,200,183.480914
-242.465584,200,183.51946
-129.5504,200,183.557916
-126.050434,200,183.5962
-241.004316,200,183.634867
-124.050988,200,183.672997
-122.525903,200,183.711124
-1.390477,200,183.749394
-124.036599,200,183.787606
-236.560147,200,183.89727
-238.333054,200,183.936389
-128.36979,200,183.974941
-244.743366,200,184.012989
-429.298864,200,184.051227
-316.504195,200,184.089326
-123.040606,200,184.127596
-125.88295,200,184.166056
-244.255912,200,184.204622
-120.048993,200,184.243078
-231.927855,200,184.352379
-118.954033,200,184.390819
-123.39289,200,184.429452
-124.466655,200,184.467826
-126.028924,200,184.505982
-124.424559,200,184.544392
-2.355234,200,184.582348
-120.00075,200,184.620467
-129.094828,200,184.65848
-242.160348,200,184.696555
-372.050434,200,184.805482
-121.448743,200,184.843886
-130.646411,200,184.882487
-1.265994,200,184.920651
-130.797063,200,184.959052
-129.368743,200,184.997373
-120.265296,200,185.035486
-239.798058,200,185.073763
-235.531445,200,185.112163
-3.003192,200,185.15044
-119.757706,200,185.2592
-118.827282,200,185.298074
-121.722888,200,185.336826
-244.001191,200,185.375118
-127.308528,200,185.413215
-2.344144,200,185.451316
-229.390253,200,185.489937
-234.896101,200,185.528034
-0.932654,200,185.566003
-116.063763,200,185.604351
-121.361838,200,185.713847
-371.709854,200,185.752643
-118.25695,200,185.792247
-116.685648,200,185.830624
-235.665782,200,185.869258
-233.563212,200,185.907287
-123.58386,200,185.945666
-232.48046,200,185.983975
-255.593503,200,186.022338
-247.019412,200,186.060269
-247.920165,200,186.170172
-122.291622,200,186.208816
-122.667753,200,186.247416
-128.319917,200,186.288001
-234.894847,200,186.327716
-126.823775,200,186.366017
-127.091894,200,186.404766
-241.432888,200,186.443037
-250.180526,200,186.481831
-132.268496,200,186.519823
-0.486947,200,186.633715
-248.226782,200,186.676523
-114.911773,200,186.719669
-132.061944,200,186.772449
-243.700385,200,186.838387
-248.110142,200,186.882526
-357.15533,200,186.928136
-252.057278,200,186.97312
-233.0821,200,187.019163
-118.346964,200,187.062919
-239.112644,200,187.198084
-125.678756,200,187.260374
-240.72513,200,187.317813
-125.909187,200,187.361055
-241.269403,200,187.400453
-258.910405,200,187.439026
-243.016723,200,187.477835
-345.674318,200,187.516515
-125.176806,200,187.555021
-354.515417,200,187.593241
-226.183383,200,187.702959
-231.926,200,187.741329
-122.582341,200,187.780084
-0.783532,200,187.818756
-239.526586,200,187.857197
-120.503528,200,187.895531
-2.453035,200,187.934003
-121.099892,200,187.972299
-128.019687,200,188.010644
-131.751043,200,188.049243
-122.287605,200,188.158747
-248.633951,200,188.197228
-348.59604,200,188.236051
-355.820122,200,188.274126
-126.79569,200,188.312699
-370.758401,200,188.351066
-243.041302,200,188.389555
-248.594682,200,188.427693
-256.510055,200,188.466111
-126.687309,200,188.504578
-1.021943,200,188.616326
-120.56981,200,188.655134
-125.747978,200,188.693457
-2.758298,200,188.73168
-124.572884,200,188.770028
-240.351601,200,188.80861
-358.948565,200,188.847222
-234.883956,200,188.885431
-126.378917,200,188.923777
-131.935233,200,188.962584
-126.321686,200,189.071215
-125.488887,200,189.109727
-119.728666,200,189.1483
-116.895131,200,189.186734
-131.81456,200,189.225355
-1.692544,200,189.263852
-3.962599,200,189.302251
-1.807133,200,189.340764
-0.712552,200,189.379275
-257.145028,200,189.417618
-232.982442,200,189.526992
-0.606698,200,189.566238
-228.310399,200,189.605208
-129.191475,200,189.643739
-234.657529,200,189.682108
-129.584921,200,189.720182
-240.542585,200,189.758446
-124.664701,200,189.796551
-124.494492,200,189.834876
-127.931415,200,189.872995
-242.134729,200,189.982156
-130.642784,200,190.020925
-123.223611,200,190.059584
-1.433867,200,190.097956
-1.14103,200,190.136434
-124.397689,200,190.174902
-120.695825,200,190.213349
-2.615255,200,190.251749
-122.028304,200,190.29031
-129.820525,200,190.328959
-121.636951,200,190.439157
-125.408678,200,190.477544
-124.199293,200,190.516027
-247.469443,200,190.55423
-241.188363,200,190.59302
-240.950313,200,190.631154
-352.477855,200,190.669567
-126.127339,200,190.707698
-120.193727,200,190.74586
-126.797322,200,190.784335
-345.929389,200,190.894116
-247.842362,200,190.93277
-126.894841,200,190.971507
-0.903994,200,191.009754
-250.480737,200,191.048237
-127.135978,200,191.08669
-124.096825,200,191.125056
-131.176886,200,191.163067
-124.202945,200,191.201322
-1.383923,200,191.239277
-130.459325,200,191.350911
-361.830669,200,191.389475
-349.313409,200,191.427853
-118.443352,200,191.466318
-125.904747,200,191.504835
-225.538762,200,191.543112
-117.959782,200,191.581297
-254.989347,200,191.619551
-249.407849,200,191.657888
-366.730289,200,191.696078
-126.745171,200,191.805957
-319.424126,200,191.844402
-227.315246,200,191.88327
-242.977641,200,191.921706
-125.849371,200,191.960212
-237.882278,200,191.999086
-120.183671,200,192.03771
-130.10331,200,192.075835
-249.702902,200,192.114876
-128.072564,200,192.157606
-365.54675,200,192.274109
-0.555069,200,192.316554
-241.981808,200,192.360771
-129.711981,200,192.40468
-261.139726,200,192.468733
-242.355297,200,192.52225
-128.322122,200,192.566218
-121.893476,200,192.61193
-120.283118,200,192.659063
-2.381893,200,192.703861
-239.316653,200,192.824353
-0.903047,200,192.86345
-373.730781,200,192.902314
-130.175164,200,192.941195
-365.290732,200,192.979484
-122.924465,200,193.018096
-131.457546,200,193.056605
-256.781704,200,193.095298
-240.565545,200,193.133598
-126.997265,200,193.171569
-372.769106,200,193.282269
-497.577277,200,193.321357
-359.600398,200,193.359764
-341.565624,200,193.398196
-124.434238,200,193.437201
-123.708374,200,193.475021
-351.48451,200,193.513015
-262.158519,200,193.551247
-123.589661,200,193.589727
-120.430459,200,193.628012
-354.760589,200,193.743284
-245.754678,200,193.785687
-246.653928,200,193.850859
-274.11759,200,193.902702
-378.536882,200,193.946086
-1.391693,200,193.990445
-118.421424,200,194.03545
-127.156721,200,194.081961
-125.260181,200,194.127304
-121.991719,200,194.172727
-322.950434,200,194.319924
-237.822242,200,194.372488
-115.771922,200,194.419474
-125.48987,200,194.460203
-232.293674,200,194.499519
-377.506567,200,194.538455
-251.837515,200,194.576991
-130.624125,200,194.615064
-238.054625,200,194.653552
-116.454697,200,194.691881
-124.464341,200,194.80237
-123.131091,200,194.841503
-123.093013,200,194.880373
-122.454245,200,194.91879
-240.473336,200,194.957183
-1.109743,200,194.995342
-121.812779,200,195.03366
-125.272496,200,195.072481
-119.576812,200,195.111088
-3.975893,200,195.149638
-252.680946,200,195.258305
-124.197237,200,195.297086
-390.155384,200,195.335805
-0.90909,200,195.374392
-129.578998,200,195.413002
-125.825968,200,195.451392
-230.680018,200,195.4898
-127.686414,200,195.527903
-1.915498,200,195.566112
-244.462763,200,195.60436
-238.717686,200,195.713854
-130.817693,200,195.752538
-115.039014,200,195.79145
-126.705635,200,195.829729
-6.927448,200,195.868335
-119.302276,200,195.906586
-232.020042,200,195.945253
-242.424322,200,195.98323
-127.540315,200,196.021486
-0.819564,200,196.059882
-340.136626,200,196.167751
-347.423953,200,196.20639
-369.431245,200,196.245057
-125.3312,200,196.284693
-128.886914,200,196.325666
-234.926261,200,196.364303
-124.790715,200,196.40307
-125.514017,200,196.441959
-233.628468,200,196.480415
-2.367179,200,196.519331
-123.443528,200,196.629456
-120.959734,200,196.668107
-129.528805,200,196.706891
-128.819915,200,196.745357
-126.30181,200,196.783974
-126.245672,200,196.82229
-235.803431,200,196.860539
-246.15737,200,196.898939
-228.914014,200,196.937239
-123.387863,200,196.975899
-126.500724,200,197.085232
-0.961715,200,197.123753
-121.26352,200,197.162191
-121.923664,200,197.200457
-124.755434,200,197.239243
-121.144811,200,197.277507
-240.822641,200,197.316039
-0.961149,200,197.354627
-242.084093,200,197.396664
-246.24866,200,197.438398
-124.992314,200,197.550192
-243.590527,200,197.58888
-125.008731,200,197.630896
-237.991954,200,197.673072
-125.246957,200,197.715335
-2.251493,200,197.758289
-121.559542,200,197.801556
-368.484866,200,197.844898
-125.683734,200,197.897531
-127.277099,200,197.963866
-331.695963,200,198.086678
-363.208691,200,198.132849
-132.20723,200,198.177019
-243.549225,200,198.223028
-235.248532,200,198.269272
-367.173837,200,198.309487
-124.176075,200,198.348581
-125.353454,200,198.387742
-128.693375,200,198.426479
-249.692294,200,198.464926
-125.103041,200,198.575236
-124.451906,200,198.613946
-122.93728,200,198.652604
-119.717042,200,198.690723
-127.529087,200,198.729718
-117.203545,200,198.768028
-128.09864,200,198.806568
-118.817461,200,198.845095
-244.417663,200,198.88386
-257.298361,200,198.922401
-221.247678,200,199.031799
-372.010796,200,199.070444
-1.196728,200,199.108481
-360.066578,200,199.146696
-365.923558,200,199.185164
-118.222167,200,199.223728
-340.881718,200,199.262141
-241.147376,200,199.300378
-124.610041,200,199.338699
-128.902291,200,199.377033
-232.810499,200,199.485911
-116.567341,200,199.52501
-0.660128,200,199.563625
-253.051966,200,199.602051
-127.020044,200,199.640648
-236.983158,200,199.679137
-128.559231,200,199.717469
-1.711189,200,199.75572
-368.898995,200,199.794081
-244.155546,200,199.832818
-1.163769,200,199.941897
-123.740814,200,199.980363
-0.787435,200,200.018807
-119.835783,200,200.057304
-475.444658,200,200.096008
-122.520579,200,200.134325
-128.537935,200,200.172196
-238.165631,200,200.210499
-123.553929,200,200.249102
-0.699573,200,200.287306
-121.071348,200,200.399251
-244.429149,200,200.437582
-129.089398,200,200.475951
-125.363994,200,200.514444
-1.209353,200,200.552738
-367.032913,200,200.591053
-245.303682,200,200.629315
-227.580839,200,200.667249
-246.044274,200,200.705353
-125.324035,200,200.743684
-248.865305,200,200.852805
-120.506241,200,200.891775
-238.984376,200,200.930583
-0.651098,200,200.968918
-122.243475,200,201.007412
-115.811609,200,201.045539
-120.375281,200,201.083786
-2.609947,200,201.12172
-1.970159,200,201.160045
-337.650604,200,201.198523
-123.303524,200,201.310741
-128.336571,200,201.349392
-129.439914,200,201.387979
-117.62821,200,201.426432
-125.472066,200,201.465445
-123.14666,200,201.503515
-128.514404,200,201.542168
-239.771283,200,201.580461
-114.584573,200,201.618766
-125.290947,200,201.656696
-122.442841,200,201.767725
-232.654558,200,201.806554
-115.423548,200,201.844798
-2.010418,200,201.883217
-234.655995,200,201.921563
-359.618357,200,201.959563
-242.19809,200,201.997833
-127.979485,200,202.035906
-234.364418,200,202.074046
-245.015545,200,202.112363
-122.496022,200,202.253607
-124.277657,200,202.292273
-357.421421,200,202.330841
-120.295103,200,202.369205
-123.212067,200,202.407484
-124.936177,200,202.445361
-233.047203,200,202.483506
-124.910417,200,202.521726
-230.930785,200,202.560061
-117.591496,200,202.599564
-123.120718,200,202.731894
-131.693812,200,202.791536
-128.474278,200,202.834412
-115.985804,200,202.878788
-249.245639,200,202.923284
-274.145763,200,202.968491
-246.030061,200,203.013572
-129.877814,200,203.058279
-124.403224,200,203.105845
-120.852897,200,203.176108
-243.604293,200,203.30375
-123.133288,200,203.34364
-328.730976,200,203.382919
-122.738581,200,203.421584
-117.122509,200,203.460052
-349.660145,200,203.498617
-242.994203,200,203.536976
-120.252337,200,203.57571
-244.4575,200,203.614364
-126.498361,200,203.652775
-121.164633,200,203.761453
-241.835298,200,203.800204
-240.968778,200,203.838856
-0.81628,200,203.877305
-130.258563,200,203.915869
-129.04517,200,203.954681
-237.081437,200,203.992814
-124.073038,200,204.030845
-249.826882,200,204.069175
-350.141445,200,204.107381
-116.101931,200,204.216361
-120.585278,200,204.25502
-370.074744,200,204.293291
-115.743384,200,204.331536
-126.614404,200,204.369705
-244.659433,200,204.407773
-238.880792,200,204.44629
-236.282325,200,204.484683
-242.473469,200,204.525429
-117.071323,200,204.567461
-348.494453,200,204.683403
-125.696075,200,204.726872
-356.799243,200,204.776315
-236.636395,200,204.84859
-356.332529,200,204.893843
-123.262773,200,204.939728
-306.54349,200,204.984722
-127.653036,200,205.030707
-238.947662,200,205.076222
-119.343414,200,205.122516
-119.947484,200,205.239211
-239.229402,200,205.278383
-1.410527,200,205.317249
-262.758888,200,205.355473
-122.38636,200,205.394243
-129.578771,200,205.432888
-308.298998,200,205.471256
-250.407569,200,205.509569
-115.938488,200,205.54803
-120.672599,200,205.586684
-126.240534,200,205.695344
-244.248746,200,205.734113
-117.60539,200,205.772608
-234.600668,200,205.811355
-123.816762,200,205.849566
-124.307991,200,205.888231
-119.029181,200,205.926647
-248.339532,200,205.964982
-2.594787,200,206.003263
-126.610048,200,206.041517
-126.297753,200,206.150319
-2.492397,200,206.188744
-119.730037,200,206.227258
-229.301727,200,206.26557
-232.021771,200,206.306634
-125.58847,200,206.346571
-255.42697,200,206.38504
-239.552838,200,206.423748
-131.352058,200,206.46219
-123.086653,200,206.500712
-247.252374,200,206.608587
-318.623821,200,206.647171
-115.47555,200,206.685586
-117.751306,200,206.724044
-116.671056,200,206.762457
-124.54285,200,206.800853
-121.249682,200,206.83905
-0.833235,200,206.877101
-239.794017,200,206.915184
-125.732171,200,206.953253
-121.928837,200,207.061192
-229.953267,200,207.099886
-356.825937,200,207.138351
-132.256327,200,207.176868
-119.77954,200,207.21533
-1.43985,200,207.253471
-120.352466,200,207.291713
-127.316023,200,207.329889
-121.299324,200,207.368092
-124.546649,200,207.406122
-123.904556,200,207.514969
-126.019153,200,207.55347
-119.521527,200,207.591276
-127.031979,200,207.629666
-349.453906,200,207.668145
-124.955822,200,207.706874
-0.722862,200,207.745252
-119.563954,200,207.783724
-234.698202,200,207.822109
-0.670725,200,207.860197
-127.384447,200,207.96971
-256.791441,200,208.009538
-115.879191,200,208.048186
-360.359858,200,208.086669
-2.061685,200,208.124835
-419.231806,200,208.163228
-1.621706,200,208.20149
-129.60899,200,208.239876
-120.449655,200,208.278171
-340.393235,200,208.316174
-130.318872,200,208.429479
-118.145757,200,208.471882
-115.778155,200,208.540069
-124.17839,200,208.589934
-238.678169,200,208.631969
-121.965701,200,208.67616
-1.201837,200,208.721183
-123.482265,200,208.76591
-370.010019,200,208.812309
-127.904698,200,208.857323
-129.458855,200,208.997874
-123.123817,200,209.047372
-121.154194,200,209.09501
-349.990629,200,209.140194
-123.7242,200,209.179172
-125.457868,200,209.217781
-1.056051,200,209.256515
-120.693468,200,209.294653
-125.359847,200,209.333306
-365.779035,200,209.37136
-232.575324,200,209.480493
-245.404894,200,209.5188
-1.640765,200,209.55719
-306.886736,200,209.595682
-240.158638,200,209.634041
-126.499573,200,209.672304
-119.933128,200,209.710126
-359.971896,200,209.748498
-120.487316,200,209.786832
-234.784348,200,209.825226
-259.491103,200,209.934354
-346.569279,200,209.973091
-471.262539,200,210.011582
-353.764555,200,210.049853
-116.346281,200,210.088268
-120.274789,200,210.126772
-253.721421,200,210.164926
-247.886787,200,210.202929
-0.818848,200,210.241207
-1.703379,200,210.279151
-119.253595,200,210.388397
-122.499767,200,210.426626
-119.374901,200,210.465114
-130.151582,200,210.503505
-122.302753,200,210.541797
-124.087056,200,210.580258
-120.364756,200,210.61853
-127.587295,200,210.656717
-0.964874,200,210.694907
-127.356193,200,210.733266
-361.66873,200,210.841728
-124.052773,200,210.880142
-120.441166,200,210.918119
-242.148407,200,210.956067
-126.342243,200,210.994765
-115.392606,200,211.033047
-0.73808,200,211.07149
-120.65269,200,211.109446
-119.535939,200,211.147804
-128.543187,200,211.185862
-353.337309,200,211.296024
-128.455812,200,211.336745
-120.449485,200,211.37514
-236.216255,200,211.413515
-118.626702,200,211.451573
-1.579903,200,211.489562
-241.472108,200,211.53036
-351.309785,200,211.568649
-251.221514,200,211.60675
-118.479694,200,211.64485
-3.201238,200,211.753695
-247.817456,200,211.792135
-125.201227,200,211.830537
-345.819047,200,211.868775
-125.392077,200,211.907188
-245.237391,200,211.945401
-120.180385,200,211.983686
-124.504486,200,212.021777
-120.696757,200,212.059952
-240.708809,200,212.098123
-126.590699,200,212.210008
-115.424328,200,212.249357
-119.592143,200,212.288052
-233.539601,200,212.326228
-125.928247,200,212.364711
-123.085038,200,212.403366
-239.406082,200,212.441925
-240.756539,200,212.480788
-1.210837,200,212.51929
-352.44986,200,212.55758
-122.626295,200,212.667662
-347.891482,200,212.707041
-245.24138,200,212.74581
-308.191051,200,212.784253
-120.032433,200,212.822378
-253.621748,200,212.86086
-243.707762,200,212.89889
-255.052993,200,212.937218
-124.574772,200,212.975821
-117.74429,200,213.014054
-129.393962,200,213.122934
-128.964684,200,213.161412
-1.256748,200,213.199829
-238.44152,200,213.237852
-354.12043,200,213.276487
-234.507775,200,213.314776
-246.405824,200,213.352858
-3.216015,200,213.391239
-270.110523,200,213.429633
-368.445544,200,213.467674
-238.703898,200,213.57834
-129.870893,200,213.617052
-124.167176,200,213.657434
-251.449388,200,213.69908
-240.565858,200,213.742043
-3.263243,200,213.785054
-125.252538,200,213.828785
-242.631551,200,213.870781
-118.120819,200,213.940888
-256.869432,200,213.991876
-2.035135,200,214.114806
-233.867289,200,214.16069
-237.049848,200,214.205958
-0.963622,200,214.251109
-114.997138,200,214.297643
-117.16239,200,214.338113
-123.070735,200,214.376902
-120.042328,200,214.415565
-237.545846,200,214.454266
-124.169205,200,214.492719
-120.837609,200,214.601878
-126.31471,200,214.640713
-120.426075,200,214.679349
-325.282038,200,214.71763
-241.66059,200,214.756012
-236.985897,200,214.794375
-227.674996,200,214.832737
-0.446155,200,214.871173
-314.733894,200,214.909216
-243.850682,200,214.947487
-245.169811,200,215.05689
-335.525063,200,215.095667
-120.29387,200,215.134492
-121.278229,200,215.173229
-329.372376,200,215.21362
-238.01327,200,215.251967
-129.015529,200,215.290435
-1.374734,200,215.328406
-117.689595,200,215.366695
-123.907986,200,215.405085
-118.418073,200,215.514248
-121.395352,200,215.553283
-246.496511,200,215.59193
-369.395151,200,215.630137
-123.746926,200,215.66849
-332.426724,200,215.706756
-0.428924,200,215.744865
-128.120086,200,215.782922
-122.866442,200,215.821158
-117.212564,200,215.860068
-122.3895,200,215.975618
-120.530134,200,216.043417
-123.475737,200,216.093349
-117.36545,200,216.135766
-115.998162,200,216.179139
-227.721169,200,216.223795
-343.179623,200,216.267708
-345.106721,200,216.315475
-121.274568,200,216.360752
-1.234862,200,216.412785
-119.583243,200,216.552854
-361.809866,200,216.599277
-238.726551,200,216.645062
-223.511572,200,216.684521
-242.624706,200,216.723221
-130.831046,200,216.761763
-247.573403,200,216.800682
-355.526295,200,216.839147
-123.846613,200,216.877648
-232.05247,200,216.915866
-117.504181,200,217.02561
-241.996531,200,217.064055
-125.261812,200,217.102724
-126.411864,200,217.141587
-241.948376,200,217.179877
-123.74007,200,217.21792
-125.692119,200,217.25618
-122.503115,200,217.294414
-0.513831,200,217.332638
-247.541814,200,217.371052
-224.849503,200,217.48014
-0.673306,200,217.518811
-116.638547,200,217.558897
-234.955936,200,217.597223
-1.825274,200,217.639203
-119.185427,200,217.677394
-381.194869,200,217.715669
-125.094962,200,217.754028
-128.771106,200,217.79225
-236.044838,200,217.83051
-127.363417,200,217.940382
-235.958225,200,217.979431
-262.862293,200,218.018053
-127.321242,200,218.056939
-125.426197,200,218.095676
-254.802594,200,218.134173
-237.189896,200,218.172511
-366.075525,200,218.210524
-123.863057,200,218.249079
-237.286457,200,218.287442
-243.126961,200,218.404643
-124.250772,200,218.447015
-353.143928,200,218.489718
-126.011076,200,218.532825
-230.964396,200,218.601155
-123.789571,200,218.654547
-237.927126,200,218.700027
-118.744593,200,218.745854
-116.884095,200,218.790008
-117.104478,200,218.835494
-0.68101,200,218.960392
-412.989926,200,219.029975
-121.168845,200,219.072277
-0.864911,200,219.111205
-122.754698,200,219.149541
-124.716365,200,219.188241
-239.282184,200,219.22702
-243.162882,200,219.265688
-231.633301,200,219.304595
-235.892105,200,219.343004
-0.720881,200,219.45226
-120.292482,200,219.491172
-358.396494,200,219.529534
-127.472926,200,219.567724
-128.369947,200,219.606294
-238.304894,200,219.644579
-237.387184,200,219.682769
-367.68576,200,219.720855
-240.026147,200,219.759155
-244.423224,200,219.797059
-333.75401,200,219.938673
-332.642338,200,219.977488
-120.380386,200,220.015627
-224.943036,200,220.053915
-370.45678,200,220.092269
-125.663768,200,220.130383
-357.767815,200,220.168693
-121.923582,200,220.206507
-0.438161,200,220.244773
-348.519837,200,220.283118
-230.398912,200,220.392416
-239.274608,200,220.431115
-122.816908,200,220.469362
-239.32301,200,220.507671
-259.752907,200,220.546243
-126.173755,200,220.584579
-1.244224,200,220.622836
-244.495979,200,220.660814
-126.431131,200,220.69903
-230.193474,200,220.737184
-118.048676,200,220.847222
-122.101767,200,220.88584
-122.243838,200,220.92459
-242.232483,200,220.962924
-239.401668,200,221.001468
-121.32392,200,221.039582
-233.233655,200,221.078102
-123.783332,200,221.116247
-239.472884,200,221.154667
-375.585685,200,221.192685
-124.361495,200,221.302166
-350.334538,200,221.343886
-232.378164,200,221.38386
-0.52074,200,221.422471
-238.546397,200,221.460981
-119.360767,200,221.4992
-1.871406,200,221.537582
-123.458691,200,221.576038
-346.281407,200,221.614844
-238.539126,200,221.653332
-359.396243,200,221.76339
-356.314121,200,221.802064
-128.493489,200,221.840148
-1.578624,200,221.878453
-243.325837,200,221.916567
-364.633242,200,221.954786
-120.294827,200,221.992714
-282.031933,200,222.030457
-118.844093,200,222.068465
-362.188788,200,222.106811
-1.628584,200,222.215142
-1.119319,200,222.254291
-116.628396,200,222.292963
-126.430885,200,222.331208
-121.851618,200,222.369523
-121.230585,200,222.407964
-126.129407,200,222.446043
-114.488774,200,222.484081
-1.22268,200,222.522343
-127.627123,200,222.560735
-125.179101,200,222.669504
-114.11466,200,222.708038
-260.724317,200,222.746549
-125.694991,200,222.784638
-121.276083,200,222.823129
-125.389143,200,222.861214
-125.823009,200,222.899578
-324.472277,200,222.937624
-124.589004,200,222.976077
-240.335235,200,223.014155
-124.291208,200,223.123029
-0.566623,200,223.161355
-351.940607,200,223.199749
-254.451186,200,223.237903
-125.853137,200,223.276195
-0.86375,200,223.314629
-350.733351,200,223.352832
-226.021181,200,223.390894
-118.002612,200,223.428593
-359.198479,200,223.466915
-128.287783,200,223.57558
-126.200091,200,223.614029
-221.293212,200,223.652468
-236.680804,200,223.690615
-246.01083,200,223.729093
-120.915973,200,223.767134
-1.000135,200,223.805372
-246.687415,200,223.843432
-121.710681,200,223.881707
-124.079199,200,223.919865
-124.360494,200,224.03242
-227.534963,200,224.071203
-117.548674,200,224.112727
-116.759003,200,224.154389
-123.287075,200,224.197793
-126.211989,200,224.240522
-242.345057,200,224.284837
-119.716667,200,224.328121
-126.361739,200,224.371205
-126.507104,200,224.415188
-123.482397,200,224.551294
-241.979438,200,224.596832
-122.574052,200,224.641979
-240.460782,200,224.688822
-244.200313,200,224.734945
-122.00201,200,224.782456
-363.556258,200,224.82674
-237.644426,200,224.865702
-366.833638,200,224.904583
-241.799339,200,224.943483
-119.661315,200,225.052873
-352.942697,200,225.091323
-122.949635,200,225.130028
-356.842805,200,225.168251
-239.811735,200,225.206803
-124.580456,200,225.245189
-127.245845,200,225.283729
-119.630755,200,225.32225
-124.558726,200,225.360718
-241.524391,200,225.399042
-234.499966,200,225.509405
-119.574565,200,225.548173
-132.150078,200,225.586524
-124.53304,200,225.624566
-122.288001,200,225.662894
-127.536851,200,225.701324
-125.225632,200,225.739611
-122.996198,200,225.778096
-235.910814,200,225.816567
-2.22769,200,225.854864
-116.61356,200,225.963419
-119.444415,200,226.0023
-240.700846,200,226.040494
-237.033273,200,226.078724
-360.361848,200,226.116907
-126.139502,200,226.155002
-357.963144,200,226.193664
-122.51009,200,226.232074
-245.268657,200,226.270361
-356.166225,200,226.308685
-128.378275,200,226.419371
-123.437808,200,226.458005
-121.56182,200,226.49637
-0.908058,200,226.534587
-353.532661,200,226.573013
-344.880632,200,226.611514
-252.842331,200,226.649747
-1.579427,200,226.687614
-122.435271,200,226.726256
-235.539174,200,226.764546
-231.954802,200,226.873934
-121.652825,200,226.912284
-1.163336,200,226.950368
-128.41121,200,226.988893
-248.213904,200,227.026933
-0.840285,200,227.065032
-0.794507,200,227.102935
-117.908968,200,227.141773
-0.655464,200,227.180107
-464.934623,200,227.218087
-120.522284,200,227.328569
-241.337246,200,227.370024
-246.263226,200,227.408625
-119.602421,200,227.447055
-117.837785,200,227.485108
-126.82104,200,227.524226
-122.880599,200,227.562372
-314.882949,200,227.601286
-127.614743,200,227.640165
-381.491492,200,227.67834
-236.684866,200,227.797647
-123.529272,200,227.842481
-254.174763,200,227.895439
-125.904592,200,227.952435
-240.742706,200,227.996048
-127.034293,200,228.041423
-122.803009,200,228.085157
-1.448198,200,228.131398
-253.011639,200,228.175985
-240.702251,200,228.225328
-1.2904,200,228.377224
-122.357236,200,228.438609
-118.889338,200,228.485952
-119.408274,200,228.527444
-312.246814,200,228.568775
-119.468324,200,228.609451
-126.059515,200,228.648311
-125.010533,200,228.688444
-228.353836,200,228.728119
-119.361653,200,228.767222
-120.383438,200,228.884937
-228.837919,200,228.93136
-247.250447,200,228.975685
-119.409139,200,229.021036
-128.577939,200,229.081449
-128.849704,200,229.163389
-125.762408,200,229.22549
-299.189716,200,229.277438
-243.800087,200,229.32819
-117.400002,200,229.379641
-239.872191,200,229.529948
-236.314512,200,229.597731
-117.174403,200,229.691846
-229.952724,200,229.760185
-350.863822,200,229.83568
-238.118426,200,229.893179
-237.706744,200,229.945821
-121.274165,200,229.997454
-236.780827,200,230.047251
-131.156936,200,230.097183
-130.327869,200,230.217368
-129.530932,200,230.258551
-0.660843,200,230.3002
-124.602572,200,230.34417
-1.31748,200,230.387088
-126.03972,200,230.429014
-1.31541,200,230.47061
-343.432955,200,230.512439
-119.575568,200,230.55373
-124.273465,200,230.594534
-242.124271,200,230.709942
-1.353267,200,230.751039
-365.38268,200,230.792038
-125.145309,200,230.832928
-121.852214,200,230.874379
-124.018881,200,230.915853
-122.972787,200,230.956886
-368.921799,200,230.997905
-0.630451,200,231.038545
-121.898634,200,231.079168
-123.899736,200,231.202687
-353.294671,200,231.249304
-244.015608,200,231.300017
-357.161707,200,231.347579
-245.951719,200,231.395139
-125.557861,200,231.440251
-120.563288,200,231.486591
-120.063742,200,231.533159
-439.551647,200,231.579782
-122.657269,200,231.626664
-240.411448,200,231.752702
-123.642485,200,231.799643
-241.935961,200,231.846441
-253.102353,200,231.893093
-240.222307,200,231.939471
-1.070554,200,231.986618
-414.127884,200,232.033514
-248.537325,200,232.08015
-0.762015,200,232.128183
-237.200862,200,232.175738
-244.180196,200,232.307523
-0.566098,200,232.35502
-230.43722,200,232.401013
-126.317475,200,232.447173
-122.726621,200,232.493302
-126.874713,200,232.54026
-127.14563,200,232.586331
-125.712849,200,232.632252
-247.069066,200,232.677808
-122.96251,200,232.72481
-233.133029,200,232.853137
-115.793547,200,232.899922
-1.728802,200,232.94639
-121.397975,200,232.991992
-352.004348,200,233.038241
-125.744757,200,233.081787
-226.283989,200,233.1203
-239.046819,200,233.165822
-247.502694,200,233.211437
-233.93326,200,233.256992
-118.756234,200,233.381255
-120.888857,200,233.427946
-119.766905,200,233.474012
-119.107125,200,233.519342
-123.856428,200,233.565752
-123.039068,200,233.611594
-121.465117,200,233.657325
-126.370055,200,233.703071
-235.895696,200,233.749026
-124.469894,200,233.794245
-242.925646,200,233.919424
-124.191881,200,233.966725
-1.206028,200,234.013152
-119.141163,200,234.059318
-125.029418,200,234.106416
-2.529167,200,234.15271
-117.252697,200,234.197607
-122.749924,200,234.243815
-1.38581,200,234.289913
-0.664428,200,234.335623
-366.441503,200,234.457818
-130.074669,200,234.503909
-241.224599,200,234.55012
-240.882254,200,234.608427
-127.747531,200,234.662804
-125.375122,200,234.715
-127.227078,200,234.766754
-4.644102,200,234.819346
-126.691245,200,234.870468
-356.313372,200,234.932962
-236.38192,200,235.084168
-117.105161,200,235.136245
-116.582173,200,235.192903
-127.0322,200,235.247018
-128.861611,200,235.300029
-117.221768,200,235.344997
-246.070217,200,235.389653
-229.169752,200,235.434319
-238.415004,200,235.478828
-238.389253,200,235.523882
-367.039871,200,235.645502
-125.660612,200,235.689739
-122.026641,200,235.734004
-0.854627,200,235.778451
-241.362012,200,235.822916
-119.308486,200,235.866843
-125.667916,200,235.911362
-113.875981,200,235.956201
-243.931504,200,236.001316
-237.11086,200,236.045668
-1.113633,200,236.166085
-347.198806,200,236.210362
-114.348334,200,236.253952
-235.04757,200,236.296012
-242.735619,200,236.340735
-423.987924,200,236.387418
-130.669134,200,236.433141
-256.704606,200,236.478438
-233.361027,200,236.523104
-116.760988,200,236.569373
-0.677084,200,236.691992
-358.462067,200,236.734341
-119.264524,200,236.776356
-125.697975,200,236.817811
-237.195588,200,236.859459
-123.86465,200,236.901467
-242.365931,200,236.943948
-116.165684,200,236.986583
-227.985213,200,237.027219
-120.503996,200,237.069045
