#{"t_start": 1788112411.1213481, "env_id": "Pendulum-v1"}
r,l,t
-864.035396,200,0.025454
-1786.569125,200,0.063345
-1107.639999,200,0.100708
-859.098264,200,0.137134
-1004.337473,200,0.173371
-1596.935627,200,0.20919
-1473.265642,200,0.245126
-1262.429038,200,0.281621
-1465.787131,200,0.317759
-1115.00963,200,0.354064
-1613.659876,200,0.467618
-888.59175,200,0.501913
-972.831984,200,0.538001
-1677.543395,200,0.574571
-987.951699,200,0.611011
-1294.769421,200,0.647025
-1442.2638,200,0.68314
-1030.595164,200,0.718866
-810.643243,200,0.755898
-1587.97852,200,0.795196
-863.915985,200,0.91106
-1075.758859,200,0.947954
-884.831509,200,0.984268
-1253.457357,200,1.021952
-1570.630068,200,1.057964
-1191.003959,200,1.093574
-1687.814818,200,1.130924
-875.002416,200,1.166836
-883.063556,200,1.203379
-1135.999335,200,1.239562
-1163.762773,200,1.354489
-1414.034976,200,1.39186
-864.169026,200,1.4314
-1333.417956,200,1.470054
-986.697284,200,1.506649
-1070.40103,200,1.544014
-860.076454,200,1.580835
-909.077616,200,1.617359
-995.468236,200,1.653715
-1644.262456,200,1.691009
-1180.54541,200,1.806684
-860.544565,200,1.843807
-868.202919,200,1.880057
-884.744812,200,1.916262
-1524.913676,200,1.952879
-1441.475516,200,1.989045
-1824.828862,200,2.026305
-1764.753471,200,2.063682
-1558.424984,200,2.09992
-1302.376601,200,2.137869
-861.053552,200,2.253775
-1184.127342,200,2.292181
-1002.58544,200,2.329385
-856.576815,200,2.366234
-1687.918499,200,2.402255
-979.97578,200,2.43817
-1076.716087,200,2.474403
-1326.976169,200,2.510235
-1470.456398,200,2.54642
-1235.549224,200,2.583845
-965.480516,200,2.696192
-1783.41375,200,2.732743
-1171.287823,200,2.771001
-1546.883954,200,2.808473
-1637.843047,200,2.845794
-1007.652367,200,2.883171
-1475.146368,200,2.92082
-999.591513,200,2.95653
-1561.06744,200,2.992533
-1782.641796,200,3.029477
-871.67336,200,3.140697
-1389.42616,200,3.178144
-901.731533,200,3.214946
-1627.023218,200,3.25129
-976.473157,200,3.287599
-1671.35285,200,3.324086
-1645.032841,200,3.360667
-1160.27716,200,3.397249
-1677.507283,200,3.433976
-1730.152792,200,3.471337
-1059.533494,200,3.583625
-714.696871,200,3.621483
-1238.963008,200,3.659192
-1418.575346,200,3.695088
-1349.949684,200,3.731403
-991.925579,200,3.767856
-1072.37059,200,3.805037
-1363.309051,200,3.841807
-883.0447,200,3.878619
-1482.424094,200,3.91421
-1417.929322,200,4.028281
-1421.188698,200,4.065715
-1182.229117,200,4.102079
-1209.994784,200,4.138598
-1037.78926,200,4.175297
-1161.891198,200,4.211738
-961.533483,200,4.248537
-1664.399612,200,4.285811
-1785.865152,200,4.323065
-1659.016641,200,4.360002
-882.381203,200,4.475197
-971.427218,200,4.513154
-1073.972704,200,4.551224
-1644.639283,200,4.614447
-886.498687,200,4.656618
-1507.609966,200,4.693992
-1753.360821,200,4.731424
-1646.053687,200,4.768411
-1585.752138,200,4.806935
-1215.027246,200,4.843937
-1493.020176,200,4.95929
-1625.69203,200,4.998118
-1590.998129,200,5.036017
-857.807722,200,5.073959
-1181.348747,200,5.111185
-1149.273906,200,5.148341
-850.80886,200,5.185373
-1768.987534,200,5.223014
-1484.734084,200,5.260411
-1020.816823,200,5.297549
-1593.835955,200,5.40997
-1346.333645,200,5.447296
-1297.287467,200,5.48399
-1276.911668,200,5.520208
-1730.450733,200,5.557856
-864.970989,200,5.595167
-1818.431992,200,5.632327
-767.307482,200,5.668471
-1445.780536,200,5.705885
-959.406622,200,5.742207
-1078.869241,200,5.858387
-1258.476142,200,5.8958
-871.360683,200,5.932223
-1179.704039,200,5.968932
-1068.53395,200,6.006588
-1395.307226,200,6.043708
-1631.747598,200,6.08055
-1636.304134,200,6.117517
-1499.796295,200,6.154456
-1763.874751,200,6.191272
-1117.819946,200,6.303765
-1774.773235,200,6.344358
-1490.313142,200,6.384402
-1014.88434,200,6.423757
-973.03322,200,6.462426
-912.029742,200,6.499083
-902.199508,200,6.536072
-1208.736107,200,6.57391
-1606.74422,200,6.611048
-1303.552169,200,6.648024
-1353.613372,200,6.761849
-1734.377831,200,6.80031
-1099.356062,200,6.838748
-1200.053081,200,6.876116
-1732.791066,200,6.912718
-1266.819251,200,6.948997
-1278.499061,200,6.986614
-879.44144,200,7.024512
-1287.534532,200,7.061991
-1158.580904,200,7.098748
-772.7339,200,7.211872
-1676.884297,200,7.251076
-1203.309056,200,7.28824
-1480.03611,200,7.325597
-1073.337831,200,7.363307
-1631.63115,200,7.399904
-744.785086,200,7.436863
-1345.604247,200,7.473226
-1588.376091,200,7.509375
-1298.517925,200,7.546778
-1743.0628,200,7.658807
-1193.878802,200,7.695969
-1167.808106,200,7.732959
-1296.912763,200,7.769226
-1192.050574,200,7.808722
-1654.085595,200,7.846829
-856.436164,200,7.8851
-1367.239643,200,7.921541
-1087.722196,200,7.958332
-1065.628653,200,7.99583
-1590.453379,200,8.110134
-1058.905659,200,8.147165
-1544.9884,200,8.183461
-939.406752,200,8.221222
-1703.747248,200,8.258644
-1063.438316,200,8.295976
-1187.906102,200,8.333603
-901.599387,200,8.370365
-1598.635784,200,8.407554
-1021.833256,200,8.444011
-1589.000003,200,8.556057
-1787.873072,200,8.594417
-1527.601531,200,8.632311
-764.470204,200,8.670471
-1396.235239,200,8.707663
-1335.915347,200,8.744948
-1236.979431,200,8.78238
-1601.490914,200,8.819017
-1353.332905,200,8.855309
-839.008223,200,8.892291
-1326.667106,200,9.008238
-1525.217738,200,9.045974
-1141.661113,200,9.084218
-1180.731222,200,9.121665
-1186.111068,200,9.159058
-1783.959377,200,9.196672
-1813.862346,200,9.233734
-1792.427513,200,9.270506
-1197.036693,200,9.308504
-1113.597637,200,9.347196
-746.713199,200,9.460192
-1332.819084,200,9.498806
-1098.003039,200,9.535202
-1195.001764,200,9.572741
-1564.963201,200,9.609866
-1210.34524,200,9.646884
-1257.534303,200,9.685357
-1396.323301,200,9.7235
-1155.863251,200,9.759407
-1292.65342,200,9.796149
-1068.465049,200,9.911633
-1782.257504,200,9.950214
-867.95968,200,9.988387
-864.819917,200,10.025574
-1301.122808,200,10.063521
-1266.080455,200,10.101513
-1054.187055,200,10.138075
-980.369616,200,10.176179
-1743.547544,200,10.213996
-1356.250068,200,10.251448
-1672.667053,200,10.365385
-1472.405452,200,10.402948
-1484.009135,200,10.440685
-1334.375143,200,10.478482
-1217.089365,200,10.516505
-1171.256925,200,10.554142
-996.759065,200,10.590906
-1719.259874,200,10.628265
-1463.014514,200,10.665405
-1458.429396,200,10.702555
-1140.858851,200,10.81764
-1100.968251,200,10.855891
-1294.322615,200,10.894604
-881.641374,200,10.932667
-1182.567089,200,10.970771
-1052.570201,200,11.007825
-865.919986,200,11.04675
-1071.426069,200,11.085008
-1183.476906,200,11.121898
-956.296987,200,11.159862
-1662.465313,200,11.275066
-1664.906413,200,11.314098
-1729.852398,200,11.351399
-1638.344529,200,11.389419
-1639.800752,200,11.427482
-937.36368,200,11.464244
-1313.668025,200,11.500863
-1049.685602,200,11.538524
-1023.814969,200,11.575841
-1077.68388,200,11.613732
-981.859934,200,11.727654
-1531.216672,200,11.766507
-1065.770478,200,11.805823
-998.670681,200,11.843396
-1391.321238,200,11.88106
-1611.022709,200,11.918014
-1463.545776,200,11.955289
-1565.462271,200,11.992057
-1205.473635,200,12.029477
-1472.602193,200,12.067654
-1267.310516,200,12.180802
-786.761946,200,12.219491
-1293.914963,200,12.25651
-1170.808491,200,12.294163
-1093.882963,200,12.331132
-955.179372,200,12.366979
-1059.543849,200,12.405008
-980.914339,200,12.442244
-1455.847623,200,12.479787
-1258.825626,200,12.517548
-1081.383955,200,12.630712
-1419.759575,200,12.695387
-1647.776392,200,12.733625
-1121.928115,200,12.772465
-1577.757988,200,12.810651
-1087.410123,200,12.849456
-1190.503999,200,12.887384
-1293.764287,200,12.925185
-1395.259673,200,12.961828
-1146.12922,200,12.998556
-1072.318469,200,13.111669
-1757.951929,200,13.149968
-1171.837918,200,13.18785
-1072.001712,200,13.226388
-1401.762177,200,13.264497
-1678.258794,200,13.301535
-1391.766241,200,13.338991
-993.1346,200,13.377209
-1114.301,200,13.414988
-1692.855994,200,13.452054
-1578.963627,200,13.567967
-1057.387763,200,13.605912
-853.665036,200,13.642965
-1640.277505,200,13.683093
-1469.605227,200,13.720225
-740.809794,200,13.756835
-1483.520177,200,13.79534
-1097.390842,200,13.832883
-1207.277979,200,13.871189
-1640.208872,200,13.909599
-1259.676957,200,14.022726
-1361.202284,200,14.061708
-1254.388903,200,14.099498
-1131.747933,200,14.136525
-1615.192634,200,14.174557
-1326.420338,200,14.212739
-1750.849166,200,14.250039
-1345.927526,200,14.28771
-937.438561,200,14.3269
-1380.622836,200,14.366417
-1381.695399,200,14.480252
-1256.462188,200,14.519536
-1383.944028,200,14.557472
-1272.090623,200,14.595163
-1165.084861,200,14.6336
-829.643453,200,14.671569
-961.616725,200,14.709925
-1420.451479,200,14.747593
-1641.732771,200,14.784857
-1206.496163,200,14.821962
-1663.050769,200,14.938265
-1421.890638,200,14.975493
-1236.883195,200,15.013387
-969.633534,200,15.052105
-1186.947927,200,15.090217
-1694.848232,200,15.128576
-1399.681389,200,15.166969
-1452.064674,200,15.204565
-1201.805663,200,15.242874
-1199.745254,200,15.281022
-989.912458,200,15.396927
-1217.003574,200,15.436461
-1304.354521,200,15.47397
-1181.935003,200,15.512683
-1413.2444,200,15.552335
-1363.526463,200,15.590158
-862.782424,200,15.628177
-751.076963,200,15.665654
-1346.652094,200,15.703315
-1671.910175,200,15.740696
-1353.036435,200,15.861884
-1160.730267,200,15.899967
-900.114127,200,15.940747
-1658.646893,200,15.97855
-898.441038,200,16.017067
-1195.537498,200,16.054126
-1316.7848,200,16.092003
-1608.010072,200,16.13003
-1542.840216,200,16.167463
-1473.513362,200,16.205671
-1441.619882,200,16.321719
-1105.388829,200,16.360862
-1363.359426,200,16.39859
-1494.97337,200,16.436688
-877.155924,200,16.474986
-1174.558445,200,16.512693
-1383.733427,200,16.552262
-1620.384126,200,16.588992
-1773.310609,200,16.627342
-1228.092307,200,16.665593
-1267.119971,200,16.777948
-1083.196699,200,16.816308
-1637.473933,200,16.854493
-1092.557973,200,16.893971
-1612.022833,200,16.93136
-1104.358311,200,16.969602
-1196.350035,200,17.007899
-1490.5066,200,17.046439
-1104.77086,200,17.083943
-1135.757891,200,17.122307
-1189.972061,200,17.237578
-1602.325302,200,17.276996
-1171.099632,200,17.316122
-1503.514342,200,17.355792
-1332.093821,200,17.395439
-1225.442452,200,17.433056
-974.632432,200,17.470679
-1024.568169,200,17.509187
-855.088619,200,17.547702
-1419.788553,200,17.585625
-963.812264,200,17.699727
-1300.655006,200,17.738888
-1191.110809,200,17.777738
-1564.037492,200,17.816836
-881.041071,200,17.854868
-1470.84898,200,17.893372
-1561.08876,200,17.931915
-972.428125,200,17.970186
-1076.271755,200,18.007714
-867.46572,200,18.046027
-1430.336179,200,18.165343
-1315.101337,200,18.204048
-1288.83919,200,18.243752
-851.736029,200,18.282786
-876.746356,200,18.32207
-1387.392514,200,18.361153
-1620.835281,200,18.399769
-971.542307,200,18.437721
-867.408162,200,18.476246
-741.496379,200,18.514351
-1044.256511,200,18.630616
-1093.710112,200,18.668237
-890.272572,200,18.706969
-1416.901704,200,18.745569
-1481.034547,200,18.784558
-1275.522851,200,18.822708
-1104.02061,200,18.860782
-1299.715835,200,18.898351
-1440.616264,200,18.936655
-1218.961516,200,18.974868
-883.27737,200,19.092139
-1260.854617,200,19.131121
-1376.966223,200,19.169765
-1346.9851,200,19.208059
-876.2977,200,19.246692
-1653.985385,200,19.284999
-897.999662,200,19.323829
-1337.712083,200,19.362128
-856.900762,200,19.399391
-913.914304,200,19.436931
-1238.18752,200,19.552729
-1055.371814,200,19.5917
-1420.863898,200,19.629918
-1077.954682,200,19.667803
-1074.892564,200,19.706419
-1339.224812,200,19.74454
-1192.505555,200,19.783036
-980.213256,200,19.82278
-1464.060329,200,19.862484
-868.712722,200,19.901894
-1077.820624,200,20.018527
-1171.101638,200,20.057675
-952.301894,200,20.0962
-900.365424,200,20.134895
-1008.571416,200,20.172905
-965.463539,200,20.211069
-880.555416,200,20.249953
-862.496569,200,20.288658
-1256.031803,200,20.327406
-747.624745,200,20.366518
-1315.617129,200,20.48294
-1336.273048,200,20.523318
-1075.68545,200,20.56259
-816.187672,200,20.629766
-996.700452,200,20.667785
-1350.245946,200,20.707203
-1290.217323,200,20.745181
-768.632508,200,20.785493
-1066.258693,200,20.826056
-868.593128,200,20.864864
-849.954289,200,20.980101
-762.425455,200,21.018452
-1292.381878,200,21.057866
-890.056652,200,21.096825
-839.210991,200,21.135495
-1108.119577,200,21.17537
-1036.108947,200,21.214522
-794.735037,200,21.253776
-1293.015721,200,21.293198
-1145.312991,200,21.332502
-1114.383848,200,21.447779
-1396.31158,200,21.48776
-1293.939647,200,21.526176
-837.90973,200,21.564972
-979.28297,200,21.60432
-1115.283343,200,21.644234
-1085.510491,200,21.683487
-965.662763,200,21.722909
-748.472979,200,21.761989
-1454.235297,200,21.800407
-1178.426824,200,21.917788
-1092.227626,200,21.956138
-1291.126716,200,21.994596
-1259.145603,200,22.032278
-759.239746,200,22.071134
-1083.106356,200,22.109555
-943.800269,200,22.146981
-1397.658724,200,22.1867
-868.231179,200,22.224273
-1016.42126,200,22.263427
-1010.131468,200,22.381
-1231.673778,200,22.421275
-1083.731926,200,22.460568
-1237.688028,200,22.499871
-965.535787,200,22.539298
-1069.376474,200,22.578193
-1032.848932,200,22.616756
-752.35865,200,22.655957
-1233.797996,200,22.694226
-1314.833104,200,22.732335
-1364.766349,200,22.852627
-978.37204,200,22.891738
-754.113275,200,22.93182
-1123.042932,200,22.971507
-1353.787858,200,23.01043
-1267.123429,200,23.050774
-1007.001846,200,23.090065
-1221.681331,200,23.129701
-1185.293086,200,23.168655
-1362.146166,200,23.206961
-991.609985,200,23.322501
-1278.684469,200,23.363505
-901.96622,200,23.40332
-1078.128244,200,23.442349
-857.442069,200,23.481755
-923.636403,200,23.520687
-1338.212677,200,23.558926
-949.152148,200,23.597944
-875.376448,200,23.636207
-1013.08013,200,23.675801
-1390.095933,200,23.79045
-1306.744041,200,23.830529
-1132.900175,200,23.870185
-871.571715,200,23.910381
-1313.032743,200,23.950373
-758.538369,200,23.990295
-983.232642,200,24.028932
-764.246795,200,24.068765
-993.097646,200,24.106862
-1002.233603,200,24.145441
-1332.371878,200,24.260788
-1270.719159,200,24.299035
-1356.164554,200,24.338114
-1194.308373,200,24.377142
-1135.432792,200,24.416835
-1251.463142,200,24.456499
-993.43361,200,24.495889
-1091.992637,200,24.534893
-886.854878,200,24.574485
-1119.954555,200,24.612622
-865.437829,200,24.727888
-983.261109,200,24.767631
-769.746301,200,24.807439
-984.173046,200,24.846044
-848.133424,200,24.885075
-934.645251,200,24.924848
-1182.780456,200,24.96423
-1347.38527,200,25.003372
-865.973046,200,25.042597
-1114.430152,200,25.082887
-1269.779717,200,25.20062
-1319.817445,200,25.238296
-975.301275,200,25.277918
-1316.072785,200,25.317772
-1020.48299,200,25.357664
-991.783041,200,25.39667
-1152.843581,200,25.435505
-1093.85962,200,25.475036
-987.356737,200,25.514513
-943.120441,200,25.552981
-898.752493,200,25.668224
-839.077704,200,25.707316
-882.146752,200,25.746834
-899.44836,200,25.789524
-1315.852436,200,25.830606
-826.294116,200,25.870735
-1438.724274,200,25.910134
-1247.99818,200,25.950113
-852.157495,200,25.989992
-1328.917251,200,26.028915
-1473.140708,200,26.144009
-1093.727145,200,26.184066
-1469.91382,200,26.224135
-866.201643,200,26.263529
-1279.118841,200,26.30314
-877.317259,200,26.341682
-776.551314,200,26.380361
-763.643883,200,26.419612
-990.170867,200,26.458564
-853.083498,200,26.498401
-765.657467,200,26.612827
-986.57511,200,26.651462
-1286.81256,200,26.690116
-1000.411796,200,26.72969
-904.068253,200,26.767794
-830.233677,200,26.808249
-1004.081814,200,26.848409
-1008.38321,200,26.887667
-1153.410662,200,26.92633
-846.053061,200,26.964809
-836.748539,200,27.080807
-982.604932,200,27.120272
-995.311768,200,27.159945
-1116.545926,200,27.199404
-820.202357,200,27.240008
-1016.404761,200,27.279435
-1067.398223,200,27.319123
-998.978457,200,27.359008
-1164.236246,200,27.398699
-879.945,200,27.4389
-926.222199,200,27.556694
-967.171466,200,27.598312
-792.261892,200,27.637445
-1118.562111,200,27.676713
-1238.744817,200,27.716704
-907.849324,200,27.756767
-769.359277,200,27.79706
-1280.644647,200,27.837027
-977.604164,200,27.876386
-1216.402953,200,27.915084
-1124.830074,200,28.030571
-1028.827904,200,28.070287
-756.640642,200,28.110113
-879.835375,200,28.149876
-892.061904,200,28.189206
-769.251759,200,28.229262
-901.331089,200,28.267914
-1338.055951,200,28.30771
-898.422749,200,28.34837
-1077.02295,200,28.387802
-888.971499,200,28.50369
-915.58205,200,28.544835
-965.594736,200,28.584864
-1183.828219,200,28.624536
-1227.121263,200,28.663059
-992.671968,200,28.702781
-888.694924,200,28.742542
-880.112597,200,28.780987
-1159.122859,200,28.820401
-967.175317,200,28.859477
-1003.875219,200,29.001192
-770.875615,200,29.041308
-960.450869,200,29.081417
-866.085097,200,29.121253
-910.013829,200,29.160606
-683.938515,200,29.200215
-941.880982,200,29.240166
-896.300612,200,29.278514
-1138.243847,200,29.318186
-971.818237,200,29.357233
-906.069285,200,29.472648
-1101.194666,200,29.513322
-884.71301,200,29.552912
-1107.523753,200,29.591865
-801.765603,200,29.630729
-872.505028,200,29.670588
-1038.270967,200,29.708907
-1338.666761,200,29.74705
-881.005049,200,29.785444
-971.204612,200,29.824191
-981.789107,200,29.941652
-911.435169,200,29.982621
-1273.499044,200,30.023664
-940.914742,200,30.066646
-1577.42366,200,30.109852
-886.088482,200,30.151295
-890.520292,200,30.191002
-892.069143,200,30.229828
-1044.263254,200,30.269967
-735.504374,200,30.309531
-1339.655846,200,30.423967
-1265.870311,200,30.464238
-1142.515238,200,30.503637
-1016.106251,200,30.543615
-1510.135852,200,30.583409
-996.618499,200,30.622977
-895.217933,200,30.662447
-1005.522526,200,30.70033
-1133.37321,200,30.739979
-947.072253,200,30.78091
-881.200775,200,30.899248
-884.844026,200,30.938809
-1430.251726,200,30.97828
-1124.489102,200,31.019078
-1049.048388,200,31.058798
-771.291166,200,31.099621
-1103.864275,200,31.139066
-834.485928,200,31.178862
-762.097022,200,31.218355
-1021.486748,200,31.256583
-884.058434,200,31.371405
-1003.838034,200,31.411702
-1447.146228,200,31.45061
-1141.140848,200,31.490719
-1292.275817,200,31.530614
-981.933295,200,31.568622
-1167.66046,200,31.608469
-1026.915859,200,31.647577
-892.655064,200,31.688101
-1357.908566,200,31.728419
-1083.281203,200,31.844705
-999.914152,200,31.885076
-1117.4408,200,31.925159
-852.715263,200,31.963726
-882.696821,200,32.003261
-1112.132012,200,32.04404
-1225.111358,200,32.084458
-1085.786563,200,32.124032
-1180.045689,200,32.163485
-1187.38038,200,32.203743
-1141.007334,200,32.323961
-709.155302,200,32.364547
-1177.880739,200,32.403889
-843.301776,200,32.444127
-977.882676,200,32.483489
-907.724027,200,32.52205
-1091.263485,200,32.560892
-1089.21886,200,32.601092
-961.275829,200,32.64128
-1032.596523,200,32.681068
-895.994915,200,32.79572
-1249.533003,200,32.836485
-755.994015,200,32.87666
-909.671839,200,32.917002
-1233.880695,200,32.956938
-887.45508,200,32.996649
-960.342755,200,33.03607
-1147.176353,200,33.076149
-1277.236893,200,33.116913
-744.890173,200,33.156284
-1227.662964,200,33.270726
-1020.173454,200,33.310709
-869.755716,200,33.352346
-1262.394893,200,33.39187
-902.151499,200,33.431745
-895.364078,200,33.472356
-1049.483311,200,33.513109
-1282.488189,200,33.551441
-764.218302,200,33.590682
-969.891952,200,33.630123
-1252.748883,200,33.747562
-1335.817203,200,33.788157
-1126.202766,200,33.827905
-768.071521,200,33.867219
-1061.109317,200,33.9067
-842.403615,200,33.946473
-1126.66568,200,33.986084
-945.165368,200,34.024403
-1038.545174,200,34.065577
-926.56445,200,34.106232
-768.532026,200,34.223083
-927.30203,200,34.26488
-882.383856,200,34.30508
-744.492804,200,34.345147
-747.233597,200,34.385471
-992.496775,200,34.424832
-1003.388337,200,34.463318
-962.333219,200,34.501879
-968.286152,200,34.545944
-887.261568,200,34.593001
-1090.366053,200,34.71969
-1115.650746,200,34.760904
-1197.59913,200,34.804241
-979.380382,200,34.846452
-897.007888,200,34.886578
-1113.14624,200,34.926843
-1049.026559,200,34.967902
-1020.942439,200,35.008825
-1139.909127,200,35.049339
-1028.335039,200,35.089519
-891.072185,200,35.208228
-1054.385999,200,35.250623
-1335.865897,200,35.291882
-1212.297451,200,35.332412
-761.416404,200,35.372823
-899.005099,200,35.412696
-914.553421,200,35.453267
-743.319152,200,35.492124
-1031.551709,200,35.532024
-1113.4834,200,35.572195
-977.96128,200,35.68766
-1146.934404,200,35.727511
-1014.014599,200,35.76768
-1075.695798,200,35.811302
-1104.402544,200,35.853906
-1035.531554,200,35.893869
-900.999446,200,35.933614
-1075.05546,200,35.973506
-1104.154098,200,36.013354
-615.098501,200,36.054951
-907.683875,200,36.173734
-1227.436067,200,36.213902
-1010.919664,200,36.253622
-838.441212,200,36.295391
-966.92963,200,36.337558
-1109.121895,200,36.379776
-934.414943,200,36.422122
-901.31041,200,36.463392
-900.22178,200,36.502871
-1039.953449,200,36.542815
-1126.635308,200,36.66029
-1028.880991,200,36.701114
-896.302514,200,36.739931
-967.337749,200,36.780818
-1004.166039,200,36.820625
-1125.137039,200,36.860001
-762.260443,200,36.900393
-1115.273444,200,36.939614
-861.294401,200,36.979386
-870.064451,200,37.018082
-906.651301,200,37.166374
-854.503672,200,37.207644
-888.737364,200,37.247287
-965.274379,200,37.28813
-988.92142,200,37.328486
-984.495304,200,37.368912
-902.068475,200,37.409086
-881.68172,200,37.449328
-1108.860451,200,37.490161
-871.420429,200,37.530428
-1255.074287,200,37.64706
-843.341491,200,37.687615
-1012.352044,200,37.726309
-907.331827,200,37.766393
-962.691751,200,37.806864
-1052.004226,200,37.848365
-1082.333564,200,37.88788
-1005.6666,200,37.928443
-1003.940652,200,37.968978
-1149.105621,200,38.009146
-1095.303056,200,38.125975
-904.40025,200,38.166378
-1128.187654,200,38.205127
-1093.118872,200,38.245142
-916.623485,200,38.285025
-1046.009132,200,38.324361
-1011.774379,200,38.363085
-1015.716504,200,38.40325
-870.905743,200,38.442414
-1125.981313,200,38.483512
-1130.590327,200,38.599447
-1192.5136,200,38.641246
-1066.989889,200,38.681744
-1086.308259,200,38.722362
-1156.484089,200,38.762541
-925.894765,200,38.803873
-852.007214,200,38.844289
-998.730248,200,38.885106
-1112.11426,200,38.925391
-1265.919087,200,38.96581
-903.327048,200,39.080461
-780.570529,200,39.122367
-1000.603196,200,39.162888
-1124.56003,200,39.204385
-898.925679,200,39.244573
-1144.679548,200,39.285492
-1017.597505,200,39.325721
-913.824608,200,39.364915
-1119.392342,200,39.405596
-1084.982382,200,39.44485
-1052.398076,200,39.562237
-1036.543996,200,39.602824
-914.427642,200,39.645031
-1216.958825,200,39.68488
-1049.796018,200,39.725463
-864.029459,200,39.766047
-1062.429823,200,39.808227
-1069.368544,200,39.849435
-741.237712,200,39.89038
-1013.072777,200,39.932085
-1005.309055,200,40.049438
-1115.385134,200,40.09083
-1054.714567,200,40.131191
-1142.279508,200,40.171118
-1109.406781,200,40.211897
-1028.028269,200,40.251844
-912.433099,200,40.292188
-1070.901338,200,40.332277
-1032.998295,200,40.371357
-1130.954003,200,40.41106
-1042.692767,200,40.526875
-783.098344,200,40.568482
-984.11022,200,40.608492
-1015.130258,200,40.650444
-1047.339948,200,40.690216
-1042.990777,200,40.731081
-974.353712,200,40.770084
-1015.526975,200,40.81239
-1049.410528,200,40.854051
-1014.631255,200,40.895205
-914.031396,200,41.011384
-1050.757318,200,41.054655
-1018.01575,200,41.096785
-926.003748,200,41.137804
-1128.248963,200,41.179045
-1214.06611,200,41.218214
-1248.394148,200,41.258471
-991.055863,200,41.298575
-1127.314598,200,41.340048
-1005.920195,200,41.381452
-946.862738,200,41.497639
-982.327358,200,41.538216
-1046.746636,200,41.578543
-1039.039078,200,41.619184
-1146.788995,200,41.66116
-1045.957791,200,41.701026
-981.546061,200,41.741362
-1033.326657,200,41.782328
-1099.362618,200,41.822681
-957.345015,200,41.862141
-1157.203365,200,41.981195
-1207.23611,200,42.021959
-866.043239,200,42.062234
-1115.932557,200,42.103851
-1156.928695,200,42.143286
-942.28795,200,42.184936
-1155.94424,200,42.226323
-1116.655607,200,42.266823
-1007.231913,200,42.306926
-1131.902028,200,42.346641
-966.788131,200,42.464474
-1168.196897,200,42.505572
-942.168618,200,42.546879
-1042.619144,200,42.587098
-1099.584698,200,42.627599
-892.760576,200,42.667937
-1022.322873,200,42.709097
-1146.69819,200,42.749683
-810.072397,200,42.791261
-1052.234773,200,42.833622
-993.969928,200,42.949587
-1142.012108,200,42.989689
-712.926505,200,43.030305
-992.704518,200,43.071724
-1177.076428,200,43.112613
-1160.051106,200,43.154681
-992.537629,200,43.194968
-1036.519918,200,43.235247
-1093.890062,200,43.27514
-1107.068223,200,43.315951
-1133.080622,200,43.431715
-1030.265537,200,43.473175
-1066.785134,200,43.513913
-1052.957829,200,43.554626
-1155.969333,200,43.59564
-1132.936537,200,43.63728
-1124.262418,200,43.67796
-1032.021147,200,43.719412
-1029.78299,200,43.759556
-1135.205308,200,43.801434
-1176.536328,200,43.917992
-1033.915286,200,43.95993
-1007.46887,200,44.000088
-893.123294,200,44.039783
-1009.464051,200,44.079742
-1038.224269,200,44.120791
-1108.446864,200,44.163495
-1150.802567,200,44.204348
-1000.732017,200,44.244354
-912.775713,200,44.286767
-1058.360768,200,44.407851
-1022.509525,200,44.448529
-939.306814,200,44.489739
-983.838008,200,44.53054
-1089.19894,200,44.5703
-994.081327,200,44.610181
-1018.758034,200,44.652092
-1067.103688,200,44.694307
-981.604164,200,44.735403
-1098.778825,200,44.777299
-1100.558139,200,44.894707
-862.296937,200,44.936514
-891.833799,200,44.977444
-921.918725,200,45.017537
-982.726794,200,45.057239
-1114.048521,200,45.097434
-1064.026145,200,45.137484
-1065.1123,200,45.178536
-1039.557993,200,45.219074
-1067.133059,200,45.259509
-917.341341,200,45.380731
-759.946731,200,45.421415
-1055.880801,200,45.463825
-1141.925341,200,45.531069
-700.399225,200,45.572757
-977.826077,200,45.613664
-1125.636157,200,45.654019
-1063.175972,200,45.696241
-1156.067548,200,45.737707
-972.829153,200,45.778118
-1040.678252,200,45.902704
-940.448204,200,45.945353
-1039.193071,200,45.986083
-1176.467271,200,46.027344
-1004.798179,200,46.068829
-1139.355526,200,46.11121
-1154.011303,200,46.152545
-917.453518,200,46.198439
-1049.054682,200,46.2448
-930.651711,200,46.285924
-918.395486,200,46.402457
-868.702048,200,46.443303
-1058.097732,200,46.484752
-650.896935,200,46.52558
-1099.451442,200,46.567624
-1050.271143,200,46.608674
-1022.527751,200,46.649461
-1037.482445,200,46.690498
-1220.472996,200,46.730144
-755.246513,200,46.77162
-1174.310071,200,46.891477
-1010.420113,200,46.932406
-1075.607442,200,46.974134
-1097.737962,200,47.015639
-945.388753,200,47.057682
-757.677522,200,47.097224
-913.645583,200,47.138994
-895.650373,200,47.180036
-1016.602751,200,47.220905
-1041.0863,200,47.26177
-938.847992,200,47.381259
-1016.393384,200,47.421544
-1009.954168,200,47.464332
-882.476436,200,47.505473
-980.217398,200,47.545825
-872.858897,200,47.588038
-973.978852,200,47.629739
-1025.523598,200,47.671785
-1032.074484,200,47.712976
-901.402859,200,47.754596
-891.953452,200,47.873078
-972.205297,200,47.916057
-1168.996675,200,47.956555
-889.547228,200,47.998028
-985.429554,200,48.038736
-1067.718875,200,48.079776
-969.496239,200,48.121117
-642.287372,200,48.162883
-1232.644662,200,48.204803
-896.037768,200,48.245775
-944.029682,200,48.364636
-1017.682407,200,48.406597
-940.909924,200,48.447436
-1042.245503,200,48.488494
-876.336659,200,48.529334
-1035.702008,200,48.569809
-1052.845139,200,48.610218
-1002.827831,200,48.65097
-1253.10608,200,48.691755
-944.416019,200,48.733258
-1193.168313,200,48.851939
-1311.934708,200,48.894189
-1141.226708,200,48.934936
-816.871509,200,48.975908
-890.613064,200,49.017118
-917.642553,200,49.058466
-923.659828,200,49.100537
-1134.064646,200,49.142318
-864.141227,200,49.183146
-920.230677,200,49.224733
-1010.557372,200,49.344222
-1149.174573,200,49.387382
-1076.701113,200,49.429108
-771.595868,200,49.470557
-1139.768197,200,49.511985
-910.427461,200,49.553276
-888.63881,200,49.593866
-1129.639478,200,49.63581
-898.434471,200,49.677017
-885.648533,200,49.717374
-889.192496,200,49.838423
-1022.707327,200,49.879656
-985.941809,200,49.921114
-948.095712,200,49.962427
-1041.963813,200,50.004307
-992.171806,200,50.04545
-918.636915,200,50.086024
-910.563478,200,50.129726
-1040.706741,200,50.170867
-637.410352,200,50.212171
-1088.360918,200,50.330635
-773.991654,200,50.372731
-904.745916,200,50.415604
-1040.002401,200,50.456982
-645.572952,200,50.498444
-1067.214805,200,50.540418
-978.437489,200,50.583507
-646.539514,200,50.625039
-868.858775,200,50.666995
-1203.372294,200,50.707536
-733.683837,200,50.829796
-885.945164,200,50.873126
-869.701231,200,50.914892
-894.680546,200,50.957053
-758.884799,200,50.998828
-858.689329,200,51.039656
-931.12832,200,51.082264
-635.930287,200,51.126106
-1119.595066,200,51.168022
-1063.750996,200,51.210436
-1079.557185,200,51.328707
-649.603678,200,51.371285
-897.684851,200,51.413916
-899.235696,200,51.456625
-874.59375,200,51.497356
-661.753452,200,51.539742
-870.028578,200,51.58066
-1252.450981,200,51.621778
-901.636438,200,51.662876
-1049.398456,200,51.703349
-835.878663,200,51.822505
-1141.689163,200,51.863657
-762.924229,200,51.905188
-1046.734681,200,51.946252
-984.824824,200,51.987461
-548.101307,200,52.030108
-647.298407,200,52.072837
-990.999327,200,52.113075
-881.767882,200,52.154047
-880.896598,200,52.195587
-639.358683,200,52.314291
-722.646781,200,52.356758
-855.983399,200,52.398691
-873.140388,200,52.439797
-739.210686,200,52.481763
-639.83605,200,52.523758
-762.947184,200,52.564281
-767.552495,200,52.604681
-510.403898,200,52.645529
-815.868472,200,52.687551
-1039.695145,200,52.805629
-857.817684,200,52.848827
-873.534735,200,52.891362
-538.335193,200,52.932699
-773.277031,200,52.974121
-751.906143,200,53.01628
-694.081798,200,53.058638
-505.637684,200,53.100421
-981.662568,200,53.142271
-772.203642,200,53.184917
-943.274885,200,53.303131
-1036.186447,200,53.345624
-1040.553494,200,53.388456
-1034.576662,200,53.429905
-1134.488007,200,53.472629
-765.793433,200,53.513438
-932.654825,200,53.55512
-1133.263198,200,53.596858
-1103.906679,200,53.637065
-1067.435747,200,53.678144
-659.896698,200,53.795573
-911.058834,200,53.838665
-910.40235,200,53.880374
-766.120891,200,53.923294
-666.21723,200,53.965309
-861.535842,200,54.006945
-706.069528,200,54.049344
-960.867726,200,54.091615
-779.176637,200,54.132946
-517.350406,200,54.174866
-773.412145,200,54.324413
-968.440773,200,54.367235
-625.156421,200,54.409331
-388.30512,200,54.45199
-642.274626,200,54.493307
-1168.552138,200,54.535286
-623.671703,200,54.577317
-516.260488,200,54.620825
-486.14012,200,54.662235
-854.260004,200,54.703054
-380.582962,200,54.825125
-1027.438543,200,54.869143
-851.470343,200,54.911104
-624.558159,200,54.953136
-846.241476,200,54.994807
-739.229315,200,55.036408
-1118.29015,200,55.078032
-626.133804,200,55.121009
-887.840939,200,55.164325
-931.746364,200,55.205951
-852.349013,200,55.323818
-910.856975,200,55.366306
-1128.070624,200,55.40842
-1173.10804,200,55.450316
-772.979042,200,55.492082
-825.721115,200,55.533871
-1022.493164,200,55.575731
-740.620791,200,55.617047
-1004.427423,200,55.658799
-638.862472,200,55.699784
-725.866618,200,55.821606
-952.134631,200,55.865125
-978.877457,200,55.908182
-943.121849,200,55.951339
-638.185486,200,55.994108
-546.546752,200,56.036136
-1074.030127,200,56.07771
-751.10092,200,56.119363
-1000.820652,200,56.163649
-1129.151522,200,56.205657
-743.704429,200,56.326433
-618.543209,200,56.368627
-1090.04514,200,56.411654
-567.403949,200,56.454914
-1162.295995,200,56.498712
-637.001514,200,56.540698
-624.659784,200,56.582443
-521.251136,200,56.623744
-641.009587,200,56.665535
-1049.83701,200,56.707352
-511.542468,200,56.828932
-925.531956,200,56.871834
-651.484974,200,56.914885
-1056.405373,200,56.955876
-516.290991,200,56.997716
-607.805777,200,57.039012
-919.331351,200,57.08024
-510.492203,200,57.1229
-757.406619,200,57.165674
-971.314548,200,57.2087
-781.798075,200,57.327528
-779.445151,200,57.371582
-1027.180438,200,57.41445
-1078.538255,200,57.457694
-632.85516,200,57.500693
-613.221444,200,57.542635
-887.432917,200,57.584619
-630.002492,200,57.625803
-634.446453,200,57.667444
-1025.004962,200,57.709153
-1034.972322,200,57.826444
-984.960484,200,57.867289
-506.655853,200,57.908695
-813.125228,200,57.950766
-712.421154,200,57.992411
-882.984917,200,58.035528
-1045.192163,200,58.077826
-1143.390976,200,58.119811
-852.655527,200,58.161782
-920.149604,200,58.203737
-627.634508,200,58.322141
-749.110373,200,58.363737
-910.952266,200,58.405696
-759.678544,200,58.448792
-742.184797,200,58.491479
-632.601379,200,58.533619
-725.635997,200,58.574588
-742.813009,200,58.616023
-1069.593144,200,58.655774
-506.821305,200,58.69784
-1130.213008,200,58.817487
-733.506053,200,58.861513
-790.110696,200,58.903141
-599.059943,200,58.9448
-601.079602,200,58.986042
-502.343046,200,59.026898
-522.632771,200,59.069619
-767.625563,200,59.111204
-530.714109,200,59.154507
-157.590932,200,59.196017
-769.310314,200,59.31871
-1119.266431,200,59.36083
-1054.19236,200,59.402576
-503.687948,200,59.445871
-741.96407,200,59.488397
-867.615217,200,59.530408
-758.993017,200,59.573208
-486.396841,200,59.615497
-624.644435,200,59.658323
-869.017898,200,59.701058
-681.381607,200,59.824581
-613.496463,200,59.866081
-823.258192,200,59.907514
-866.94471,200,59.95054
-778.88195,200,59.993508
-637.539628,200,60.036434
-516.294366,200,60.077101
-625.910152,200,60.119686
-855.348642,200,60.161361
-760.471542,200,60.203138
-1050.954954,200,60.321146
-988.248101,200,60.36383
-381.63058,200,60.406791
-377.716159,200,60.449523
-742.825285,200,60.491245
-758.289638,200,60.532773
-909.271753,200,60.574871
-256.273636,200,60.618426
-867.288838,200,60.661709
-630.380671,200,60.703526
-379.9513,200,60.827116
-773.098943,200,60.876965
-548.180807,200,60.919543
-968.225837,200,60.961592
-877.111741,200,61.003953
-922.045896,200,61.046899
-637.3364,200,61.089569
-741.682208,200,61.131594
-632.842926,200,61.17617
-1046.966082,200,61.218338
-370.526616,200,61.337422
-945.020665,200,61.379049
-1014.567129,200,61.420691
-765.163639,200,61.462969
-912.131881,200,61.506412
-908.353719,200,61.548777
-461.110769,200,61.590874
-645.408822,200,61.633439
-1154.696835,200,61.674952
-600.93874,200,61.7167
-625.18577,200,61.839793
-1007.392686,200,61.881962
-611.318972,200,61.926545
-513.306975,200,61.970981
-911.238241,200,62.013828
-933.457993,200,62.056165
-631.281811,200,62.097076
-506.97016,200,62.140597
-615.033615,200,62.182893
-943.93617,200,62.227274
-557.815824,200,62.349159
-775.595079,200,62.392591
-980.570061,200,62.434494
-499.862365,200,62.477413
-633.878805,200,62.51941
-748.996212,200,62.562765
-778.295745,200,62.606602
-630.848446,200,62.650152
-736.053521,200,62.692035
-907.185302,200,62.735078
-966.807828,200,62.880064
-743.999427,200,62.923418
-876.087633,200,62.966274
-880.09481,200,63.00868
-523.759233,200,63.051577
-688.088386,200,63.094498
-741.749848,200,63.135207
-755.25355,200,63.178316
-497.372007,200,63.220876
-505.15341,200,63.2622
-879.847937,200,63.384886
-858.522784,200,63.429549
-648.244058,200,63.472019
-512.873463,200,63.514834
-500.454753,200,63.556974
-496.083641,200,63.598739
-878.624679,200,63.641117
-720.541561,200,63.68346
-780.814578,200,63.725897
-650.764263,200,63.769037
-882.86888,200,63.886061
-1051.759458,200,63.929473
-754.522206,200,63.970858
-615.60658,200,64.014192
-773.582424,200,64.056343
-760.797473,200,64.099669
-1052.467001,200,64.14218
-845.806643,200,64.183324
-383.926368,200,64.226879
-379.143662,200,64.26911
-733.588772,200,64.392484
-927.616888,200,64.43664
-915.818881,200,64.478734
-1141.04051,200,64.522386
-501.199247,200,64.565233
-943.432709,200,64.608653
-631.359012,200,64.652015
-650.482189,200,64.695437
-639.511705,200,64.739312
-642.635766,200,64.782728
-768.958033,200,64.906587
-640.210765,200,64.949924
-829.459207,200,64.995201
-721.872497,200,65.039807
-914.56736,200,65.083257
-736.110931,200,65.126449
-254.771188,200,65.169538
-500.202189,200,65.212945
-507.499514,200,65.256111
-748.200411,200,65.298571
-745.400047,200,65.419847
-996.281939,200,65.464286
-997.880006,200,65.505928
-750.782653,200,65.548808
-736.094063,200,65.591541
-382.78017,200,65.634059
-519.170766,200,65.676313
-1005.854792,200,65.71918
-604.255835,200,65.761204
-620.227718,200,65.805887
-378.33663,200,65.926854
-508.45919,200,65.969263
-826.033655,200,66.012022
-998.644002,200,66.0544
-259.595971,200,66.096401
-632.400988,200,66.139601
-388.401949,200,66.184734
-641.374336,200,66.227125
-649.258582,200,66.270342
-851.212895,200,66.315989
-517.502908,200,66.446279
-605.968041,200,66.491244
-629.748226,200,66.534308
-787.125784,200,66.579252
-779.247639,200,66.622132
-745.12992,200,66.665006
-1134.169418,200,66.70873
-966.831879,200,66.750176
-389.544258,200,66.792515
-535.256153,200,66.834421
-752.171881,200,66.955838
-650.171681,200,66.999621
-835.317266,200,67.042171
-507.336462,200,67.085566
-535.859391,200,67.128828
-493.431673,200,67.171357
-613.746552,200,67.214529
-509.28021,200,67.257865
-614.212569,200,67.300023
-744.925521,200,67.343847
-380.571668,200,67.464317
-550.931918,200,67.506314
-743.845876,200,67.548027
-622.021867,200,67.590621
-625.829271,200,67.634586
-504.112395,200,67.676793
-797.232768,200,67.718896
-640.434454,200,67.76125
-500.688553,200,67.805204
-622.857077,200,67.847584
-501.640158,200,67.965773
-758.069206,200,68.008379
-626.589772,200,68.051114
-652.05842,200,68.094295
-855.2619,200,68.136858
-262.546967,200,68.179786
-644.040259,200,68.223161
-749.699258,200,68.265085
-564.770139,200,68.307863
-900.876157,200,68.350951
-379.658652,200,68.470174
-875.089315,200,68.514309
-496.986756,200,68.557672
-510.793946,200,68.602186
-1001.870625,200,68.645506
-637.917824,200,68.688148
-501.453759,200,68.731717
-498.146468,200,68.77502
-914.375172,200,68.817756
-637.081935,200,68.860584
-290.437801,200,68.980445
-901.311166,200,69.025638
-628.812842,200,69.068016
-594.197514,200,69.110616
-630.332423,200,69.154412
-509.122697,200,69.197773
-389.497818,200,69.240066
-511.441186,200,69.283756
-1008.509769,200,69.325628
-876.134024,200,69.367563
-822.654552,200,69.488229
-503.267726,200,69.533392
-383.236268,200,69.576053
-749.816775,200,69.620644
-860.932569,200,69.663013
-722.235762,200,69.706209
-637.060199,200,69.748973
-751.926758,200,69.792079
-624.933642,200,69.833833
-692.757368,200,69.877264
-498.160996,200,69.996629
-514.218333,200,70.040682
-623.952257,200,70.0827
-487.960296,200,70.125571
-383.000228,200,70.170051
-887.422926,200,70.213205
-507.094006,200,70.255445
-860.378799,200,70.298644
-500.775219,200,70.342405
-669.96514,200,70.385427
-378.912086,200,70.505104
-765.848147,200,70.548555
-503.892295,200,70.591719
-504.820665,200,70.636257
-503.051902,200,70.679347
-889.918633,200,70.723252
-494.488852,200,70.76638
-664.0338,200,70.811289
-759.338708,200,70.855578
-378.192712,200,70.897991
-798.774594,200,71.016727
-806.352351,200,71.060141
-248.355123,200,71.103907
-751.514868,200,71.172451
-889.290492,200,71.217864
-379.277299,200,71.260264
-611.746726,200,71.303362
-378.518159,200,71.345517
-501.640961,200,71.38748
-509.578516,200,71.429472
-744.21633,200,71.55152
-510.045325,200,71.595135
-633.660256,200,71.638659
-719.232679,200,71.68213
-608.4242,200,71.725994
-639.928383,200,71.769379
-522.838648,200,71.812797
-822.934342,200,71.855093
-369.657887,200,71.898768
-483.920949,200,71.941947
-619.815922,200,72.062609
-876.686884,200,72.107562
-750.45216,200,72.150974
-502.468387,200,72.194936
-614.092114,200,72.238519
-774.250873,200,72.281797
-763.15934,200,72.325827
-480.063045,200,72.368494
-833.94841,200,72.41129
-744.116839,200,72.454943
-635.05473,200,72.576147
-820.452583,200,72.622052
-628.218175,200,72.6669
-815.261299,200,72.71035
-379.954928,200,72.75329
-710.166787,200,72.796384
-617.551842,200,72.839768
-859.674721,200,72.882626
-739.720784,200,72.9258
-714.433282,200,72.969823
-865.871131,200,73.089059
-503.041045,200,73.133645
-502.218887,200,73.178557
-382.246918,200,73.223831
-488.90659,200,73.267518
-739.913025,200,73.309693
-636.276528,200,73.35237
-732.270091,200,73.395988
-650.209306,200,73.43912
-865.66985,200,73.480517
-496.153276,200,73.59918
-504.123172,200,73.643317
-512.331686,200,73.686866
-739.631753,200,73.730117
-900.887517,200,73.77411
-597.977845,200,73.818119
-768.74432,200,73.861155
-770.245127,200,73.903786
-499.499248,200,73.946992
-677.820653,200,73.989686
-498.330872,200,74.109175
-750.054736,200,74.154217
-509.825851,200,74.197645
-626.769436,200,74.240141
-604.445119,200,74.283931
-507.894066,200,74.329204
-495.876362,200,74.372888
-735.527038,200,74.415226
-644.262818,200,74.458943
-640.896269,200,74.503127
-715.74583,200,74.625618
-749.428635,200,74.669238
-502.364721,200,74.713434
-774.195392,200,74.758907
-755.740087,200,74.801621
-376.573478,200,74.844373
-510.086798,200,74.887119
-596.913821,200,74.931703
-626.666894,200,74.975613
-480.988831,200,75.018434
-657.278362,200,75.139335
-500.882741,200,75.184808
-498.145658,200,75.228165
-507.699859,200,75.272679
-604.55748,200,75.315488
-637.25292,200,75.359008
-492.847507,200,75.401874
-858.410709,200,75.444871
-500.281869,200,75.487252
-377.724196,200,75.53136
-488.013428,200,75.653652
-378.092473,200,75.69634
-253.955087,200,75.740201
-418.900593,200,75.784177
-761.350916,200,75.831079
-500.490204,200,75.876831
-502.634609,200,75.919969
-557.814389,200,75.963647
-780.247087,200,76.006839
-569.371319,200,76.050375
-696.325135,200,76.173481
-541.408338,200,76.219639
-615.624011,200,76.264266
-366.187781,200,76.308876
-502.279648,200,76.351593
-378.965688,200,76.394866
-738.382524,200,76.437644
-497.469605,200,76.481622
-622.355202,200,76.524606
-380.563237,200,76.567242
-523.395763,200,76.68724
-494.379102,200,76.732143
-379.071475,200,76.775069
-795.635823,200,76.820286
-379.235965,200,76.863064
-384.721192,200,76.906035
-355.579925,200,76.949491
-514.576407,200,76.991874
-863.121216,200,77.035485
-625.154679,200,77.079236
-379.050232,200,77.204247
-255.170495,200,77.250682
-478.355223,200,77.295412
-885.91135,200,77.33929
-622.576511,200,77.38353
-487.702903,200,77.427229
-674.579527,200,77.471518
-385.942034,200,77.513412
-642.524189,200,77.556339
-497.109995,200,77.598998
-750.143186,200,77.72189
-501.476098,200,77.76699
-501.75296,200,77.811344
-504.489719,200,77.855528
-399.168573,200,77.898843
-636.118252,200,77.942751
-633.081911,200,77.9854
-629.378901,200,78.028418
-382.040894,200,78.071831
-484.482723,200,78.115212
-496.860761,200,78.236705
-617.381599,200,78.282183
-380.643981,200,78.326749
-744.678547,200,78.370157
-378.40306,200,78.414256
-503.789744,200,78.456548
-531.144787,200,78.499626
-698.668173,200,78.542192
-369.357609,200,78.585571
-586.724237,200,78.627616
-389.631276,200,78.748768
-255.782337,200,78.792893
-498.887737,200,78.836936
-485.81285,200,78.881158
-738.099623,200,78.924128
-499.01823,200,78.96736
-458.448065,200,79.010288
-807.144961,200,79.052803
-363.505931,200,79.095657
-380.760266,200,79.138972
-250.640821,200,79.260983
-487.170293,200,79.307435
-378.666936,200,79.350688
-489.628609,200,79.395092
-654.954496,200,79.438665
-255.280166,200,79.483506
-254.751763,200,79.526804
-384.88003,200,79.570368
-362.057707,200,79.614554
-155.275209,200,79.658397
-501.100503,200,79.812126
-611.1588,200,79.855666
-705.227418,200,79.902083
-253.285765,200,79.945025
-505.467825,200,79.989313
-615.784076,200,80.033963
-374.09809,200,80.078021
-367.474217,200,80.121974
-388.223777,200,80.164813
-627.078247,200,80.208768
-747.33285,200,80.333334
-368.202026,200,80.378656
-420.416994,200,80.423428
-377.212174,200,80.466695
-338.987895,200,80.510858
-372.712133,200,80.5541
-485.894944,200,80.597664
-377.799017,200,80.640315
-377.737311,200,80.682818
-620.663319,200,80.725529
-375.271914,200,80.850813
-720.960946,200,80.894182
-818.725951,200,80.939637
-626.209061,200,80.983412
-594.728808,200,81.026199
-632.123284,200,81.069479
-377.002484,200,81.11334
-599.554356,200,81.158544
-496.149493,200,81.203206
-750.20586,200,81.247821
-740.723209,200,81.37322
-614.364683,200,81.417516
-620.978815,200,81.460802
-255.971407,200,81.506308
-508.49859,200,81.549617
-684.959318,200,81.593021
-615.765536,200,81.636432
-735.943489,200,81.681857
-706.115735,200,81.724967
-376.849591,200,81.768717
-506.831964,200,81.888684
-578.422216,200,81.934294
-522.421288,200,81.980091
-756.574297,200,82.023731
-371.314543,200,82.067506
-736.155787,200,82.111785
-617.568376,200,82.155538
-381.454416,200,82.200224
-381.233146,200,82.244647
-490.437621,200,82.288857
-380.128405,200,82.413014
-380.513455,200,82.458538
-734.916288,200,82.503022
-507.895833,200,82.54806
-371.188139,200,82.592451
-379.934699,200,82.635749
-1030.392579,200,82.679134
-394.707934,200,82.723477
-717.568369,200,82.767845
-375.934571,200,82.814287
-362.506139,200,82.936776
-603.491873,200,82.983307
-609.248189,200,83.02642
-369.595447,200,83.071522
-367.661432,200,83.11604
-255.85777,200,83.160205
-625.519685,200,83.205662
-130.067661,200,83.250983
-249.267217,200,83.295514
-582.903996,200,83.339305
-122.344132,200,83.460102
-255.386935,200,83.504783
-254.18109,200,83.548437
-606.13854,200,83.591049
-503.522993,200,83.634106
-510.918596,200,83.677403
-378.497005,200,83.721082
-604.638442,200,83.764784
-488.849758,200,83.807456
-643.307672,200,83.851455
-493.844646,200,83.970908
-376.862862,200,84.016472
-684.998518,200,84.061208
-620.912015,200,84.104952
-500.17401,200,84.148872
-729.732732,200,84.192443
-382.678033,200,84.236924
-253.64581,200,84.281502
-255.966136,200,84.326537
-467.677703,200,84.371599
-647.78353,200,84.493462
-572.640311,200,84.536881
-497.043832,200,84.581608
-848.42453,200,84.626063
-373.209736,200,84.670787
-510.099676,200,84.714766
-253.520346,200,84.758842
-495.949722,200,84.802841
-495.996254,200,84.847028
-145.617875,200,84.890745
-255.403649,200,85.013695
-566.61793,200,85.058492
-619.271659,200,85.102762
-489.130208,200,85.148716
-248.270415,200,85.194171
-738.286932,200,85.238583
-406.97027,200,85.283381
-526.38736,200,85.327203
-374.208167,200,85.371816
-250.900788,200,85.416017
-504.582347,200,85.538485
-509.460695,200,85.585188
-376.275598,200,85.629868
-381.235032,200,85.674492
-248.75461,200,85.718054
-379.200106,200,85.76222
-493.422815,200,85.808163
-251.197175,200,85.854033
-255.47067,200,85.89878
-412.666019,200,85.943165
-348.017423,200,86.065252
-505.708341,200,86.111057
-246.394763,200,86.156103
-362.748879,200,86.20185
-610.060746,200,86.24632
-377.224762,200,86.29179
-506.054013,200,86.335956
-495.470468,200,86.378895
-379.212367,200,86.421443
-372.859022,200,86.464757
-252.738768,200,86.585462
-249.73286,200,86.629893
-257.795794,200,86.674598
-500.753657,200,86.718768
-255.777751,200,86.761902
-240.606487,200,86.805559
-374.330374,200,86.849228
-255.33897,200,86.894618
-128.212272,200,86.940566
-128.974668,200,86.984703
-253.31396,200,87.106529
-363.783813,200,87.152187
-129.560812,200,87.197371
-256.170816,200,87.242036
-250.373725,200,87.286178
-250.154447,200,87.331598
-377.527452,200,87.376075
-500.368793,200,87.419443
-613.920024,200,87.463079
-378.301039,200,87.505452
-248.384635,200,87.629924
-376.82894,200,87.67672
-377.797843,200,87.721699
-245.526594,200,87.768154
-356.366486,200,87.813661
-491.170584,200,87.856509
-379.093816,200,87.899883
-383.675777,200,87.944996
-250.691683,200,87.990307
-377.276186,200,88.033956
-255.039396,200,88.156163
-380.947897,200,88.203588
-128.450022,200,88.247855
-374.763458,200,88.292169
-539.776426,200,88.336952
-374.738498,200,88.379662
-249.205002,200,88.422844
-128.654047,200,88.466832
-251.672508,200,88.51109
-245.904471,200,88.554241
-372.063471,200,88.674823
-484.064356,200,88.721202
-124.705914,200,88.764488
-129.189952,200,88.833049
-376.266359,200,88.876972
-634.762444,200,88.921167
-122.03795,200,88.96598
-251.251596,200,89.010868
-372.193762,200,89.055583
-131.98159,200,89.09976
-379.566694,200,89.224299
-370.293396,200,89.268222
-127.994556,200,89.313322
-255.363601,200,89.358014
-123.634932,200,89.40132
-253.916518,200,89.447532
-254.617385,200,89.492081
-446.539646,200,89.536523
-120.046452,200,89.581064
-478.870951,200,89.625406
-245.049538,200,89.74664
-369.750627,200,89.79316
-257.830511,200,89.837076
-256.013286,200,89.88269
-254.987879,200,89.927412
-250.58686,200,89.971586
-255.419041,200,90.016772
-504.160084,200,90.06098
-605.620994,200,90.105561
-254.770125,200,90.149331
-137.862767,200,90.275652
-364.562604,200,90.32051
-252.580378,200,90.366831
-375.622039,200,90.41223
-259.719819,200,90.457507
-253.814299,200,90.503071
-369.631552,200,90.547304
-630.184784,200,90.59099
-120.235713,200,90.636449
-250.896553,200,90.681699
-254.616792,200,90.806701
-254.596798,200,90.855047
-484.25792,200,90.899521
-501.23851,200,90.945217
-374.717667,200,90.991076
-244.61947,200,91.036136
-366.799923,200,91.080317
-236.482758,200,91.124525
-363.11749,200,91.170012
-376.647305,200,91.215304
-254.803244,200,91.341486
-351.650207,200,91.38812
-605.441887,200,91.432917
-248.895531,200,91.477916
-248.243331,200,91.522452
-129.362881,200,91.566532
-246.418364,200,91.611235
-504.316202,200,91.656444
-371.553405,200,91.701655
-250.346328,200,91.746479
-124.680363,200,91.871514
-377.229022,200,91.917047
-478.81157,200,91.961362
-250.503229,200,92.006904
-497.471725,200,92.051712
-373.686598,200,92.096042
-377.724838,200,92.141836
-131.323129,200,92.186908
-413.629472,200,92.232458
-124.514314,200,92.27716
-254.462129,200,92.401298
-479.379976,200,92.447545
-615.394795,200,92.492726
-121.812311,200,92.537689
-129.946798,200,92.583544
-476.590585,200,92.628056
-4.538168,200,92.671985
-251.007968,200,92.716678
-374.590731,200,92.761157
-128.381395,200,92.806374
-235.123103,200,92.933969
-365.933964,200,92.979309
-632.405819,200,93.024131
-252.164876,200,93.069065
-125.683776,200,93.114618
-254.069461,200,93.158741
-379.439705,200,93.202319
-253.72251,200,93.246518
-367.145073,200,93.291572
-3.688807,200,93.336002
-466.418105,200,93.458891
-130.166781,200,93.504279
-246.731476,200,93.549138
-124.058156,200,93.594492
-123.924931,200,93.64014
-353.901624,200,93.685173
-3.557769,200,93.729095
-530.861032,200,93.773365
-239.616733,200,93.818706
-253.491177,200,93.863423
-125.97747,200,93.986415
-369.200098,200,94.03299
-484.834576,200,94.078857
-244.809939,200,94.123243
-247.120631,200,94.168287
-127.431974,200,94.214158
-248.521567,200,94.258686
-253.316043,200,94.302424
-253.728279,200,94.346574
-255.646007,200,94.390811
-244.670038,200,94.512462
-249.355687,200,94.561705
-250.880783,200,94.60703
-622.710687,200,94.653788
-254.883777,200,94.700024
-497.332588,200,94.746398
-129.626343,200,94.792969
-376.020062,200,94.838613
-365.225911,200,94.884692
-252.169169,200,94.929152
-374.998608,200,95.055808
-370.712585,200,95.101828
-125.969668,200,95.147213
-361.787741,200,95.193528
-130.339347,200,95.239681
-364.458251,200,95.283864
-250.337448,200,95.328987
-409.050536,200,95.374474
-258.271715,200,95.418496
-256.011488,200,95.462262
-251.347916,200,95.587756
-129.351533,200,95.634605
-365.348531,200,95.680827
-359.516529,200,95.724602
-482.926673,200,95.769667
-251.703725,200,95.818075
-242.244216,200,95.86462
-121.365659,200,95.91004
-253.123907,200,95.955488
-125.896267,200,96.000289
-4.690797,200,96.12403
-248.998411,200,96.169922
-256.197795,200,96.215984
-253.498468,200,96.259834
-514.172213,200,96.307199
-256.411858,200,96.355934
-129.689688,200,96.403063
-128.292392,200,96.448884
-124.119595,200,96.494026
-3.556059,200,96.538727
-245.542636,200,96.661981
-250.082264,200,96.708137
-124.228555,200,96.75376
-130.734376,200,96.798406
-369.157534,200,96.843634
-198.604458,200,96.888362
-3.352583,200,96.933016
-129.255196,200,96.977961
-242.664708,200,97.022059
-131.806141,200,97.067223
-130.455609,200,97.21564
-248.531567,200,97.261447
-255.223535,200,97.307939
-4.072192,200,97.353282
-383.608904,200,97.398648
-366.985747,200,97.442754
-255.368543,200,97.487536
-251.77694,200,97.532148
-256.081218,200,97.578406
-475.686406,200,97.624355
-121.079126,200,97.747784
-119.344607,200,97.793285
-244.685721,200,97.838204
-380.980409,200,97.883404
-395.678239,200,97.927414
-252.313543,200,97.972201
-352.920633,200,98.017337
-125.202503,200,98.063023
-364.508329,200,98.108202
-477.501588,200,98.152619
-127.728112,200,98.280513
-3.552023,200,98.327241
-245.412215,200,98.3729
-246.723927,200,98.418853
-127.406543,200,98.464564
-378.03671,200,98.508006
-202.459475,200,98.553403
-237.310741,200,98.597579
-130.607096,200,98.641746
-255.252373,200,98.687746
-127.203832,200,98.811225
-245.537938,200,98.857072
-246.876298,200,98.901756
-376.266082,200,98.945902
-128.595665,200,98.990478
-377.656029,200,99.035255
-124.447498,200,99.08002
-126.362484,200,99.125424
-256.297768,200,99.170218
-370.127464,200,99.215352
-346.745175,200,99.340444
-371.44076,200,99.386622
-253.828324,200,99.432215
-362.123335,200,99.477789
-128.548323,200,99.52365
-128.41999,200,99.569687
-250.668744,200,99.614295
-129.69274,200,99.658326
-132.325135,200,99.702296
-364.149053,200,99.748218
-129.608652,200,99.872537
-441.115355,200,99.918281
-259.520133,200,99.963244
-372.594937,200,100.009246
-130.349597,200,100.054639
-246.79874,200,100.098869
-127.727506,200,100.143587
-244.760133,200,100.187802
-426.154595,200,100.232448
-255.678143,200,100.278246
-119.700095,200,100.400578
-117.64964,200,100.447893
-127.749542,200,100.493366
-252.519106,200,100.539614
-238.047603,200,100.583956
-123.702367,200,100.629416
-243.987376,200,100.674724
-4.186231,200,100.720725
-370.95174,200,100.765337
-128.017466,200,100.812421
-243.58039,200,100.940623
-368.519713,200,100.986395
-372.39273,200,101.032395
-123.106699,200,101.078663
-3.140511,200,101.125086
-130.092606,200,101.170798
-255.61624,200,101.216128
-373.936519,200,101.261696
-242.527066,200,101.308362
-2.662867,200,101.355546
-124.771843,200,101.480233
-126.969659,200,101.526533
-254.083366,200,101.570989
-116.281754,200,101.616921
-128.62339,200,101.661522
-3.023211,200,101.706329
-125.899266,200,101.751912
-367.873629,200,101.796487
-245.883552,200,101.840999
-365.9073,200,101.885243
-126.984933,200,102.010498
-234.069921,200,102.057145
-125.019021,200,102.102278
-242.761689,200,102.147561
-333.582713,200,102.193326
-127.122935,200,102.241073
-242.280605,200,102.286823
-252.156833,200,102.332356
-127.039533,200,102.377083
-128.205197,200,102.421256
-366.38537,200,102.546553
-126.206925,200,102.592125
-370.314667,200,102.637527
-127.460332,200,102.683684
-253.353175,200,102.729308
-123.808188,200,102.773872
-405.450898,200,102.819625
-253.813772,200,102.865728
-252.327561,200,102.91009
-127.896345,200,102.955419
-256.495097,200,103.07971
-368.185941,200,103.12498
-241.686816,200,103.171897
-122.484049,200,103.218421
-123.706424,200,103.264163
-238.141293,200,103.309289
-126.560306,200,103.355506
-124.103489,200,103.401477
-238.754694,200,103.446452
-119.885415,200,103.492373
-129.284482,200,103.618791
-128.52086,200,103.664694
-6.976489,200,103.711295
-354.481413,200,103.756826
-130.26608,200,103.802673
-128.283619,200,103.84772
-347.097574,200,103.894406
-244.227957,200,103.939963
-248.328117,200,103.983954
-240.192055,200,104.028826
-245.584342,200,104.154405
-327.406843,200,104.20147
-250.824371,200,104.248308
-128.542483,200,104.29449
-251.828812,200,104.340416
-380.937603,200,104.38599
-245.024207,200,104.432527
-492.390865,200,104.478973
-326.901884,200,104.525228
-250.312946,200,104.571034
-127.358029,200,104.697313
-369.83928,200,104.743147
-244.923899,200,104.791017
-441.602331,200,104.836505
-255.34938,200,104.882355
-381.238118,200,104.926984
-125.175166,200,104.971921
-242.177561,200,105.016611
-122.643758,200,105.061731
-123.166745,200,105.106833
-121.880019,200,105.232852
-234.151188,200,105.279204
-357.299232,200,105.324512
-368.332554,200,105.371024
-253.666261,200,105.417078
-128.631148,200,105.462326
-343.281183,200,105.507677
-129.976232,200,105.553804
-117.568096,200,105.599088
-355.640398,200,105.644406
-247.488302,200,105.792768
-122.970786,200,105.842248
-128.185168,200,105.888685
-128.786944,200,105.934593
-234.350027,200,105.980755
-246.82776,200,106.024291
-237.384179,200,106.070431
-130.330808,200,106.115108
-124.524283,200,106.160493
-128.019015,200,106.205529
-374.579519,200,106.335118
-250.368,200,106.383407
-129.08648,200,106.429204
-124.266909,200,106.474487
-149.839059,200,106.519952
-125.081493,200,106.565199
-236.028811,200,106.61174
-127.230414,200,106.659793
-118.336401,200,106.706167
-373.54369,200,106.752164
-126.21228,200,106.877822
-363.012445,200,106.923845
-124.579225,200,106.96932
-3.486707,200,107.01482
-499.276378,200,107.05989
-243.414111,200,107.106002
-123.112818,200,107.151301
-345.534966,200,107.197761
-255.519814,200,107.244144
-421.298993,200,107.28951
-256.665626,200,107.414881
-127.605106,200,107.462502
-237.84616,200,107.507193
-3.061025,200,107.551701
-252.761714,200,107.596929
-131.497132,200,107.642358
-3.264099,200,107.687254
-128.630688,200,107.73203
-251.001718,200,107.77677
-122.149191,200,107.821912
-126.883055,200,107.944874
-242.155416,200,107.992259
-128.644083,200,108.03796
-253.444368,200,108.083434
-358.201628,200,108.128977
-3.05578,200,108.173152
-128.577045,200,108.219514
-247.471964,200,108.26516
-369.271497,200,108.310858
-257.654405,200,108.356512
-121.124881,200,108.47997
-245.699548,200,108.525559
-127.077098,200,108.570266
-239.887429,200,108.615641
-359.333626,200,108.661413
-128.723862,200,108.706743
-344.06142,200,108.752765
-249.02557,200,108.798964
-386.666882,200,108.843921
-239.815404,200,108.891448
-130.02799,200,109.018998
-126.023211,200,109.064778
-119.994527,200,109.111471
-129.229152,200,109.157135
-351.264282,200,109.202544
-129.723847,200,109.248872
-125.615466,200,109.294917
-253.755402,200,109.339949
-129.415555,200,109.384694
-288.847274,200,109.430362
-358.260524,200,109.554768
-252.155843,200,109.600367
-352.862904,200,109.645078
-122.997616,200,109.691028
-235.251033,200,109.735407
-244.620076,200,109.780452
-249.035968,200,109.825379
-236.139753,200,109.870733
-126.385521,200,109.916074
-250.122178,200,109.961488
-243.694909,200,110.085921
-126.877093,200,110.131427
-127.463894,200,110.176504
-125.594929,200,110.2228
-2.75762,200,110.269101
-242.410923,200,110.315395
-3.297552,200,110.36193
-130.04223,200,110.408799
-121.60431,200,110.45461
-3.363518,200,110.499342
-123.975196,200,110.623284
-130.367158,200,110.66859
-493.316889,200,110.715067
-240.535624,200,110.760805
-119.833178,200,110.806919
-351.171431,200,110.855457
-253.738724,200,110.90075
-366.141251,200,110.946077
-125.324776,200,110.992512
-129.105136,200,111.03761
-130.605291,200,111.161285
-5.705861,200,111.207994
-126.1855,200,111.254609
-123.791101,200,111.301649
-123.724777,200,111.348092
-125.016892,200,111.395407
-257.397752,200,111.441396
-249.465295,200,111.486229
-355.297851,200,111.530977
-125.659475,200,111.575778
-251.455669,200,111.702676
-348.781577,200,111.749439
-128.322491,200,111.795695
-481.879909,200,111.841089
-232.87773,200,111.886275
-468.87523,200,111.931681
-127.259395,200,111.978172
-123.565306,200,112.023943
-243.884071,200,112.070184
-125.849197,200,112.115777
-4.07195,200,112.242689
-373.69281,200,112.289952
-2.777107,200,112.336908
-126.290451,200,112.382661
-339.517936,200,112.427398
-128.4414,200,112.473353
-123.252763,200,112.519911
-118.189464,200,112.566072
-235.46901,200,112.611745
-128.836058,200,112.656464
-120.857916,200,112.780376
-116.19562,200,112.827444
-251.60268,200,112.872467
-127.75056,200,112.919006
-3.479914,200,112.964327
-123.270172,200,113.010209
-2.973353,200,113.057006
-250.256349,200,113.101713
-129.894894,200,113.147591
-245.0306,200,113.191999
-244.243599,200,113.319307
-230.983161,200,113.366896
-350.084554,200,113.412244
-126.452149,200,113.45868
-121.622962,200,113.504107
-255.391872,200,113.548999
-245.096635,200,113.594261
-248.245514,200,113.640565
-260.690041,200,113.685899
-126.660983,200,113.730907
-239.482228,200,113.855408
-238.810144,200,113.902457
-238.767627,200,113.950329
-230.659193,200,113.996612
-122.10144,200,114.042308
-244.145093,200,114.088221
-127.930627,200,114.133429
-257.086604,200,114.179661
-3.767132,200,114.225681
-119.117925,200,114.27155
-356.861356,200,114.42527
-244.821468,200,114.472171
-127.557123,200,114.518325
-241.458081,200,114.563918
-118.994489,200,114.609111
-353.570675,200,114.653782
-4.596928,200,114.700616
-119.538062,200,114.74695
-126.112565,200,114.793645
-123.915436,200,114.84008
-378.796529,200,114.964709
-123.337685,200,115.012386
-332.691909,200,115.059258
-249.582655,200,115.105432
-2.642612,200,115.151934
-123.349802,200,115.197848
-117.062095,200,115.244122
-246.317235,200,115.290735
-234.613565,200,115.337669
-123.754006,200,115.384342
-127.762386,200,115.510107
-129.827729,200,115.556639
-122.532117,200,115.602807
-120.452082,200,115.647873
-119.492539,200,115.694616
-2.862599,200,115.74085
-127.275025,200,115.788394
-241.256533,200,115.837452
-129.228769,200,115.885697
-129.024971,200,115.931424
-3.402414,200,116.057378
-252.585297,200,116.103438
-129.00899,200,116.149308
-239.822828,200,116.196519
-129.903533,200,116.243814
-238.447565,200,116.291522
-130.61517,200,116.338687
-279.701143,200,116.385668
-125.702138,200,116.43388
-122.600157,200,116.480281
-284.327335,200,116.60587
-236.514694,200,116.653888
-371.84478,200,116.700465
-123.390922,200,116.747545
-118.136922,200,116.794855
-3.592039,200,116.842179
-367.586028,200,116.888256
-362.55065,200,116.934418
-2.567213,200,116.981039
-241.085585,200,117.025055
-3.304446,200,117.152784
-126.276774,200,117.199435
-259.138151,200,117.247072
-236.756277,200,117.292524
-127.060894,200,117.338965
-234.363165,200,117.385784
-119.272133,200,117.431999
-2.300171,200,117.478681
-128.543797,200,117.524689
-246.146648,200,117.570969
-126.227755,200,117.69886
-322.752111,200,117.744628
-2.444677,200,117.792023
-244.905784,200,117.838527
-121.085778,200,117.885038
-237.987358,200,117.931169
-125.556648,200,117.977536
-2.513222,200,118.023881
-366.204213,200,118.070724
-127.529735,200,118.117247
-243.975634,200,118.246931
-2.749138,200,118.295009
-126.805451,200,118.342135
-237.510091,200,118.389008
-242.581019,200,118.434006
-385.664683,200,118.479786
-326.467982,200,118.525683
-117.466668,200,118.571918
-125.258667,200,118.617864
-129.5925,200,118.664041
-252.428037,200,118.790794
-119.734732,200,118.838652
-122.377841,200,118.884804
-118.633085,200,118.931078
-242.064797,200,118.978332
-127.257185,200,119.025741
-243.320725,200,119.072013
-125.860181,200,119.117261
-2.714117,200,119.163434
-124.26764,200,119.209587
-126.419383,200,119.336642
-233.251314,200,119.383991
-117.281401,200,119.430748
-237.255576,200,119.478039
-242.07903,200,119.524442
-380.944544,200,119.570937
-266.664399,200,119.618322
-243.081388,200,119.664153
-2.6256,200,119.710557
-128.403701,200,119.756549
-308.925412,200,119.886653
-242.885073,200,119.933746
-118.48791,200,119.981547
-119.473159,200,120.027714
-119.530121,200,120.074172
-128.892391,200,120.120535
-122.878915,200,120.166251
-3.166434,200,120.214062
-127.401292,200,120.261323
-248.630704,200,120.308038
-120.158099,200,120.434663
-248.11019,200,120.48256
-240.955927,200,120.529095
-121.270735,200,120.576372
-124.767344,200,120.62324
-234.004144,200,120.670529
-126.994952,200,120.717054
-124.081559,200,120.762414
-2.365475,200,120.810016
-123.607597,200,120.859787
-122.854481,200,120.986297
-120.031685,200,121.033796
-120.869684,200,121.08083
-124.007241,200,121.127881
-240.187002,200,121.173604
-117.861011,200,121.219435
-123.329925,200,121.265449
-243.391438,200,121.31203
-119.177952,200,121.357081
-127.903508,200,121.404189
-127.523553,200,121.531797
-121.016357,200,121.579478
-5.824626,200,121.626309
-2.577338,200,121.671954
-317.776519,200,121.718422
-296.001707,200,121.76538
-229.631872,200,121.81097
-129.780587,200,121.856902
-127.347016,200,121.902797
-123.954027,200,121.949297
-238.560037,200,122.074952
-128.550498,200,122.124249
-126.478199,200,122.17242
-118.548985,200,122.218718
-115.697994,200,122.266602
-232.554413,200,122.313895
-239.464945,200,122.359344
-127.71563,200,122.40589
-119.864465,200,122.452316
-233.448928,200,122.498576
-124.429243,200,122.627738
-123.79185,200,122.674878
-126.665666,200,122.722245
-121.640556,200,122.769065
-234.796252,200,122.81515
-233.483396,200,122.862907
-346.664675,200,122.908888
-318.157855,200,122.955385
-128.301549,200,123.002692
-128.775002,200,123.049631
-349.883983,200,123.176311
-6.498952,200,123.245352
-116.24896,200,123.29866
-244.337154,200,123.346061
-117.601803,200,123.392481
-124.130319,200,123.438906
-122.583006,200,123.485844
-239.938153,200,123.532491
-117.555749,200,123.578658
-251.230069,200,123.625052
-119.692662,200,123.751851
-128.084118,200,123.800436
-242.942552,200,123.846807
-117.198697,200,123.893802
-294.964346,200,123.938988
-3.422029,200,123.986363
-255.873919,200,124.032162
-243.744429,200,124.078438
-346.168278,200,124.125421
-246.364299,200,124.171568
-127.827615,200,124.298183
-239.970129,200,124.346272
-231.156695,200,124.393501
-124.798639,200,124.439524
-4.156987,200,124.486337
-2.946154,200,124.533845
-3.132983,200,124.581591
-5.280854,200,124.630061
-125.534712,200,124.677054
-119.117099,200,124.724602
-4.930022,200,124.853486
-127.462189,200,124.902867
-244.485875,200,124.950623
-118.66337,200,124.998161
-249.891126,200,125.045059
-241.989143,200,125.092196
-124.50849,200,125.139408
-126.138493,200,125.187144
-4.814743,200,125.235092
-263.267689,200,125.281893
-237.251115,200,125.412657
-2.804781,200,125.461064
-127.37173,200,125.508694
-124.917226,200,125.555754
-126.812181,200,125.603238
-238.392456,200,125.650073
-129.382619,200,125.695763
-117.357001,200,125.742123
-127.382766,200,125.788647
-244.631538,200,125.836918
-231.838817,200,125.965597
-2.402086,200,126.012992
-117.461424,200,126.059299
-127.993736,200,126.105327
-232.48536,200,126.152554
-126.028629,200,126.198792
-120.640128,200,126.244792
-122.958704,200,126.294852
-122.487781,200,126.34256
-125.585886,200,126.393594
-128.86026,200,126.521737
-128.051031,200,126.569135
-123.413037,200,126.616306
-122.326725,200,126.663409
-125.320411,200,126.710529
-127.618942,200,126.758102
-3.572922,200,126.803856
-334.307906,200,126.85132
-313.739384,200,126.898117
-238.457499,200,126.944505
-235.413982,200,127.069765
-123.156948,200,127.117776
-121.314472,200,127.165612
-3.407969,200,127.212562
-117.485493,200,127.261319
-244.901357,200,127.308847
-247.778002,200,127.355702
-238.993704,200,127.401908
-123.914281,200,127.448669
-118.057976,200,127.495554
-127.085924,200,127.622368
-3.1651,200,127.669752
-128.108983,200,127.716857
-245.235089,200,127.763924
-118.627637,200,127.810394
-123.415507,200,127.856558
-242.107454,200,127.903926
-2.941253,200,127.951262
-124.684536,200,127.997383
-130.252796,200,128.043514
-128.402679,200,128.172434
-248.989482,200,128.220081
-241.421502,200,128.26666
-242.238776,200,128.314702
-126.532531,200,128.362044
-2.918638,200,128.408729
-3.183654,200,128.455762
-242.857554,200,128.50222
-236.296461,200,128.547762
-124.901694,200,128.59404
-127.598907,200,128.722655
-127.28044,200,128.771221
-243.511647,200,128.820938
-239.977299,200,128.868661
-120.898448,200,128.916083
-237.397133,200,128.963334
-247.015967,200,129.010974
-3.629707,200,129.057393
-121.527429,200,129.10428
-124.286586,200,129.151511
-122.60104,200,129.279177
-126.850458,200,129.32718
-281.005288,200,129.374501
-125.594047,200,129.422398
-227.300765,200,129.470115
-123.86782,200,129.516839
-4.648762,200,129.563423
-121.886043,200,129.609922
-243.793476,200,129.657463
-129.219628,200,129.704083
-125.795226,200,129.830827
-129.390678,200,129.878852
-121.465683,200,129.924863
-126.753994,200,129.971847
-2.733275,200,130.01788
-126.07445,200,130.064299
-116.625642,200,130.110184
-248.399623,200,130.156343
-127.120233,200,130.202126
-123.157403,200,130.248051
-127.161532,200,130.375572
-121.708121,200,130.423817
-239.048208,200,130.47108
-2.493423,200,130.517179
-240.294141,200,130.563363
-126.268566,200,130.609054
-244.216854,200,130.656049
-121.018785,200,130.703993
-124.687764,200,130.751176
-126.929044,200,130.798215
-121.500572,200,130.930708
-247.800884,200,130.978947
-125.453222,200,131.024831
-352.439507,200,131.071919
-251.626889,200,131.119699
-121.60864,200,131.167012
-245.635172,200,131.214237
-119.747322,200,131.261085
-235.084726,200,131.309885
-3.54339,200,131.35728
-4.368904,200,131.484968
-3.399508,200,131.533427
-283.124317,200,131.580331
-5.513505,200,131.628202
-238.781446,200,131.676315
-238.580123,200,131.723634
-265.348845,200,131.771538
-241.888652,200,131.819278
-127.842147,200,131.866159
-392.050622,200,131.913568
-242.762006,200,132.041797
-240.234038,200,132.090206
-119.714744,200,132.137688
-120.297321,200,132.185045
-128.855307,200,132.231934
-125.473493,200,132.279521
-4.844093,200,132.32586
-125.379502,200,132.371978
-126.03481,200,132.418026
-241.67305,200,132.464443
-3.100321,200,132.615846
-235.988626,200,132.663298
-128.157015,200,132.709925
-121.482612,200,132.756865
-116.209517,200,132.803665
-128.56461,200,132.85083
-120.621621,200,132.897686
-123.973559,200,132.944134
-230.844094,200,132.991344
-243.871398,200,133.039185
-123.665614,200,133.166857
-244.738125,200,133.215443
-122.679648,200,133.263306
-5.06617,200,133.312128
-125.729741,200,133.359793
-6.6348,200,133.406537
-275.234012,200,133.454033
-118.984713,200,133.500182
-123.768976,200,133.547033
-256.501048,200,133.593528
-124.448385,200,133.723686
-254.335341,200,133.772979
-125.241125,200,133.821393
-130.36652,200,133.868205
-130.130758,200,133.914297
-238.634271,200,133.961031
-126.407676,200,134.008074
-126.868267,200,134.055354
-244.476727,200,134.101353
-242.598852,200,134.148762
-122.137671,200,134.275913
-4.104187,200,134.323561
-127.974857,200,134.369782
-383.471513,200,134.417163
-121.552463,200,134.463857
-126.967204,200,134.510615
-128.155736,200,134.556398
-120.655258,200,134.602719
-125.7934,200,134.649291
-120.253097,200,134.696479
-127.429185,200,134.824216
-123.824973,200,134.871702
-302.702764,200,134.918271
-130.017437,200,134.965019
-231.074098,200,135.01261
-125.790598,200,135.059043
-246.700735,200,135.106065
-118.49929,200,135.152385
-245.441339,200,135.19872
-248.846821,200,135.245279
-121.517737,200,135.372743
-238.72428,200,135.421019
-3.176935,200,135.467976
-352.539257,200,135.514595
-125.180418,200,135.561638
-250.03387,200,135.607794
-120.027227,200,135.6539
-122.298221,200,135.701649
-243.152303,200,135.747407
-4.728936,200,135.794391
-124.262396,200,135.922418
-123.953525,200,135.969464
-127.726364,200,136.015237
-238.334309,200,136.060943
-126.274375,200,136.107254
-242.183027,200,136.154157
-128.294261,200,136.199959
-233.180011,200,136.246661
-319.392532,200,136.293912
-127.295051,200,136.340833
-125.620622,200,136.470392
-231.745746,200,136.520276
-118.201459,200,136.568316
-120.705386,200,136.615076
-119.790957,200,136.662507
-3.838864,200,136.709724
-230.454149,200,136.756288
-244.71882,200,136.803236
-3.007369,200,136.85031
-236.093568,200,136.897022
-121.864186,200,137.024455
-123.986619,200,137.071458
-134.800849,200,137.119388
-373.711107,200,137.165977
-244.441442,200,137.212649
-4.677124,200,137.260008
-120.120689,200,137.308208
-330.925746,200,137.355054
-128.360879,200,137.402198
-232.966156,200,137.448375
-117.770533,200,137.574637
-120.856841,200,137.622349
-120.277462,200,137.669827
-315.035975,200,137.7171
-331.030811,200,137.764033
-129.5196,200,137.810573
-129.52364,200,137.857572
-129.805399,200,137.904739
-249.821813,200,137.950638
-240.34877,200,137.997621
-116.027667,200,138.124637
-125.092641,200,138.173078
-130.105029,200,138.220625
-126.965033,200,138.267101
-245.812943,200,138.315563
-117.35575,200,138.363763
-127.736684,200,138.408836
-3.3441,200,138.456199
-237.829291,200,138.502451
-122.82833,200,138.54966
-239.871263,200,138.675405
-120.282757,200,138.723534
-126.059585,200,138.770132
-354.553735,200,138.817199
-119.876877,200,138.863379
-119.807208,200,138.910674
-3.912411,200,138.957785
-123.144771,200,139.002892
-124.066243,200,139.048421
-241.073416,200,139.094437
-321.873264,200,139.222858
-2.830946,200,139.270564
-115.497773,200,139.318803
-118.902661,200,139.365333
-238.269179,200,139.41243
-118.998954,200,139.460598
-240.061262,200,139.506933
-240.818284,200,139.553749
-233.415022,200,139.600743
-116.939915,200,139.646389
-250.132096,200,139.773895
-128.266856,200,139.821867
-353.17889,200,139.868573
-128.705445,200,139.915383
-117.845975,200,139.962517
-3.266365,200,140.009293
-117.391008,200,140.056222
-359.145763,200,140.104268
-250.108993,200,140.150237
-126.292188,200,140.197492
-125.17032,200,140.324725
-123.187872,200,140.372638
-241.740007,200,140.42023
-124.264117,200,140.465871
-352.011366,200,140.512833
-125.006771,200,140.55984
-243.26678,200,140.606106
-122.011819,200,140.653914
-3.924023,200,140.700154
-118.571661,200,140.746803
-238.352558,200,140.876152
-128.052283,200,140.948695
-252.902867,200,140.997387
-233.07269,200,141.044193
-124.536926,200,141.090521
-126.30488,200,141.136946
-130.156333,200,141.184156
-123.777333,200,141.230285
-3.154453,200,141.27743
-3.695259,200,141.325733
-122.765428,200,141.453249
-244.109559,200,141.499728
-117.614243,200,141.54827
-125.230674,200,141.595814
-127.326948,200,141.641951
-365.52895,200,141.688848
-3.924819,200,141.735621
-295.00854,200,141.78288
-244.243876,200,141.830265
-236.110573,200,141.876364
-3.817043,200,142.005391
-3.965667,200,142.052772
-307.671476,200,142.099596
-239.187712,200,142.145634
-311.791746,200,142.192157
-234.928756,200,142.239315
-126.394144,200,142.285864
-127.017064,200,142.332638
-5.049691,200,142.379834
-127.453672,200,142.426754
-128.95868,200,142.553653
-122.65468,200,142.601805
-381.313956,200,142.649269
-241.227193,200,142.695844
-2.707163,200,142.743008
-233.499444,200,142.789201
-236.395697,200,142.835448
-255.72717,200,142.883257
-239.810303,200,142.930042
-118.600864,200,142.977075
-126.270223,200,143.10385
-236.923623,200,143.152032
-127.155927,200,143.200101
-334.545891,200,143.247056
-256.578436,200,143.294527
-322.014376,200,143.341936
-124.965596,200,143.388559
-121.600905,200,143.435732
-122.267404,200,143.482359
-254.075049,200,143.529516
-126.49026,200,143.655853
-122.045647,200,143.703544
-352.980305,200,143.750123
-238.570588,200,143.79766
-2.916616,200,143.844389
-4.872358,200,143.892339
-129.879457,200,143.939393
-226.960861,200,143.986979
-128.133492,200,144.033524
-322.340281,200,144.080136
-121.545621,200,144.20651
-3.021012,200,144.254354
-237.58989,200,144.302573
-127.466801,200,144.349133
-129.09715,200,144.397014
-126.929975,200,144.444115
-126.506866,200,144.491008
-121.457852,200,144.538433
-231.973586,200,144.586031
-2.271973,200,144.633854
-3.102008,200,144.763619
-124.904309,200,144.812908
-385.220931,200,144.859395
-3.187772,200,144.906223
-117.975911,200,144.953774
-3.852754,200,145.000465
-3.407798,200,145.047581
-120.983235,200,145.095108
-125.212326,200,145.142836
-244.532604,200,145.18934
-252.694352,200,145.315862
-3.333846,200,145.364008
-126.515125,200,145.41139
-127.427844,200,145.458587
-125.476336,200,145.505393
-124.016382,200,145.552356
-129.415264,200,145.599655
-3.331229,200,145.646248
-128.025457,200,145.692072
-389.390994,200,145.73774
-3.371835,200,145.870327
-127.757691,200,145.918462
-234.227748,200,145.965044
-233.559748,200,146.010814
-235.218284,200,146.058535
-121.420043,200,146.105691
-128.947814,200,146.15293
-4.678941,200,146.198475
-239.85604,200,146.245463
-117.656848,200,146.292784
-232.243692,200,146.420898
-126.556217,200,146.46909
-243.794315,200,146.516597
-123.976022,200,146.564718
-300.876567,200,146.612148
-335.98351,200,146.659726
-126.9726,200,146.706861
-239.244369,200,146.753959
-124.73969,200,146.799447
-342.046157,200,146.845737
-121.339534,200,146.972929
-119.157535,200,147.021096
-4.81822,200,147.068027
-244.241728,200,147.115692
-126.021681,200,147.1626
-126.838167,200,147.209731
-121.281234,200,147.256022
-125.622735,200,147.302525
-243.835116,200,147.349821
-126.79484,200,147.397347
-241.497309,200,147.527652
-240.412526,200,147.574892
-126.824181,200,147.62262
-123.019262,200,147.668629
-117.496673,200,147.714379
-122.314639,200,147.761096
-2.91437,200,147.808254
-118.61539,200,147.855622
-126.372959,200,147.902085
-356.741851,200,147.94934
-130.038423,200,148.076445
-5.201938,200,148.12481
-120.746531,200,148.170959
-246.695412,200,148.218015
-233.25453,200,148.264641
-124.16532,200,148.311764
-130.187909,200,148.358995
-118.207408,200,148.406855
-124.847035,200,148.452747
-124.273937,200,148.499296
-127.194371,200,148.624839
-121.355755,200,148.672634
-128.814347,200,148.720183
-242.072596,200,148.766452
-238.657985,200,148.812894
-125.792785,200,148.857545
-124.639711,200,148.904376
-350.608888,200,148.951356
-244.807798,200,148.998396
-3.38008,200,149.045422
-366.473906,200,149.17272
-241.635519,200,149.220285
-2.986543,200,149.267556
-122.323621,200,149.314412
-233.483558,200,149.360679
-240.68316,200,149.408331
-119.184632,200,149.456018
-122.102251,200,149.502907
-248.261633,200,149.549036
-122.179558,200,149.594904
-252.126308,200,149.720427
-244.694236,200,149.789862
-126.418695,200,149.840415
-121.445105,200,149.887363
-6.007146,200,149.934364
-4.849215,200,149.981007
-120.668878,200,150.027546
-120.728931,200,150.074315
-124.854359,200,150.120146
-125.365022,200,150.166435
-127.959164,200,150.295788
-4.007302,200,150.343917
-265.168602,200,150.391012
-4.086564,200,150.438407
-122.407247,200,150.486068
-123.97742,200,150.532533
-123.999923,200,150.579875
-324.791826,200,150.626518
-126.474026,200,150.673333
-234.891932,200,150.719827
-120.716396,200,150.849471
-3.942413,200,150.897831
-241.170055,200,150.946066
-124.720538,200,150.991939
-257.546655,200,151.03876
-118.495589,200,151.085316
-235.501926,200,151.132247
-123.238417,200,151.17836
-322.412458,200,151.224889
-126.323844,200,151.272119
-125.498574,200,151.398636
-128.835385,200,151.445471
-117.231477,200,151.493243
-244.496263,200,151.540594
-126.896965,200,151.588656
-235.537475,200,151.635866
-118.921433,200,151.683039
-125.272634,200,151.729974
-234.232202,200,151.776037
-350.608944,200,151.822856
-118.2161,200,151.949809
-123.367997,200,151.997388
-120.808758,200,152.043853
-125.574269,200,152.090795
-121.498496,200,152.137203
-127.676125,200,152.184842
-120.632642,200,152.232325
-116.334265,200,152.279995
-116.383445,200,152.328288
-243.608275,200,152.374242
-2.512958,200,152.500067
-245.397864,200,152.547764
-239.777097,200,152.594918
-120.765203,200,152.642048
-119.484242,200,152.689155
-125.722991,200,152.736144
-117.100808,200,152.783299
-123.542872,200,152.830771
-121.182068,200,152.877021
-123.238371,200,152.923075
-123.011403,200,153.050564
-227.022109,200,153.097733
-227.079905,200,153.143909
-125.553676,200,153.18965
-243.846325,200,153.236469
-239.052609,200,153.282985
-308.988184,200,153.330552
-129.032812,200,153.378308
-250.117804,200,153.425376
-320.056326,200,153.471942
-123.951858,200,153.598611
-125.585324,200,153.645977
-295.947341,200,153.692829
-330.350421,200,153.739649
-122.138517,200,153.787021
-3.925958,200,153.833957
-120.359509,200,153.880729
-239.106639,200,153.926345
-309.197942,200,153.973726
-344.474745,200,154.020521
-127.484548,200,154.145917
-123.951705,200,154.194168
-246.39623,200,154.241156
-117.954076,200,154.287721
-126.808224,200,154.335799
-244.928833,200,154.382981
-126.593563,200,154.429778
-125.392156,200,154.475934
-3.566874,200,154.522965
-236.705182,200,154.571863
-3.810101,200,154.700856
-128.250954,200,154.748635
-123.807998,200,154.798204
-227.530989,200,154.845965
-3.382908,200,154.894003
-123.540573,200,154.940979
-129.590595,200,154.988512
-125.356014,200,155.035058
-259.1693,200,155.081799
-118.71937,200,155.12827
-119.609346,200,155.258098
-124.609489,200,155.305416
-237.362566,200,155.353272
-236.035201,200,155.399196
-124.590804,200,155.445609
-120.131391,200,155.491988
-374.25794,200,155.539368
-4.463707,200,155.58562
-238.413984,200,155.632246
-126.437235,200,155.679761
-116.580504,200,155.809345
-122.984998,200,155.860203
-128.014715,200,155.907811
-248.083634,200,155.954929
-229.41857,200,156.002462
-122.29585,200,156.049298
-246.254926,200,156.095484
-121.50591,200,156.141212
-116.362507,200,156.187472
-125.365789,200,156.23401
-126.808573,200,156.365732
-122.694127,200,156.41549
-235.685501,200,156.464154
-248.185233,200,156.511073
-120.347288,200,156.558182
-119.449296,200,156.605869
-119.923116,200,156.653787
-124.493129,200,156.700388
-124.905456,200,156.747245
-343.682382,200,156.792358
-120.398155,200,156.91781
-3.594421,200,156.965454
-122.279383,200,157.012459
-127.479623,200,157.059264
-238.169148,200,157.105939
-123.795315,200,157.153344
-122.85792,200,157.201412
-125.704069,200,157.247583
-126.574432,200,157.294699
-3.155275,200,157.34143
-245.185553,200,157.467045
-130.029604,200,157.536313
-5.583995,200,157.586605
-121.260138,200,157.633844
-122.725466,200,157.68071
-120.787419,200,157.727744
-118.456273,200,157.774544
-265.988608,200,157.820748
-126.741962,200,157.867849
-122.888456,200,157.913375
-4.014576,200,158.040563
-240.846608,200,158.087972
-319.138583,200,158.135141
-120.445684,200,158.181988
-118.185138,200,158.228865
-121.855277,200,158.276005
-331.022313,200,158.323389
-127.06376,200,158.369751
-363.082611,200,158.415703
-120.978517,200,158.462121
-126.122241,200,158.590888
-126.33474,200,158.638717
-374.34592,200,158.68667
-127.232934,200,158.732951
-237.40853,200,158.779577
-119.945445,200,158.828094
-127.959113,200,158.876189
-127.480339,200,158.921812
-122.022327,200,158.968942
-234.577803,200,159.015835
-242.745791,200,159.143956
-121.123684,200,159.192447
-124.881935,200,159.239293
-119.786459,200,159.286532
-237.792398,200,159.334852
-124.618644,200,159.38134
-295.288927,200,159.428193
-126.735358,200,159.477344
-122.353354,200,159.524396
-378.266916,200,159.570846
-366.498193,200,159.69797
-124.850548,200,159.746242
-120.173218,200,159.794545
-123.014471,200,159.842145
-116.606617,200,159.88841
-124.495122,200,159.935761
-3.068187,200,159.982394
-360.559753,200,160.030219
-127.978515,200,160.077695
-117.661766,200,160.124344
-118.303285,200,160.250262
-125.999117,200,160.298445
-122.824742,200,160.346447
-118.935073,200,160.392839
-230.261232,200,160.439509
-247.131768,200,160.485278
-120.046519,200,160.531631
-288.444591,200,160.579293
-239.280525,200,160.624813
-119.175791,200,160.672109
-118.510555,200,160.798673
-125.180582,200,160.84804
-128.420702,200,160.896781
-223.938294,200,160.944342
-236.29956,200,160.991789
-127.977533,200,161.037981
-124.800702,200,161.085102
-3.031428,200,161.131391
-244.313201,200,161.17816
-122.990135,200,161.224737
-230.03676,200,161.355771
-242.727435,200,161.403796
-121.892372,200,161.450556
-5.460284,200,161.497693
-122.066732,200,161.544447
-230.235159,200,161.591364
-120.807048,200,161.640634
-238.624633,200,161.687466
-126.483626,200,161.73411
-219.142246,200,161.781358
-122.982902,200,161.907643
-363.318881,200,161.954589
-242.879578,200,162.00166
-125.288401,200,162.049043
-243.527245,200,162.096291
-132.788043,200,162.143008
-252.982861,200,162.188184
-236.409943,200,162.234131
-235.641481,200,162.280405
-119.282563,200,162.326599
-125.884887,200,162.453254
-122.594655,200,162.501236
-299.661607,200,162.547985
-127.338489,200,162.595436
-129.007628,200,162.642772
-124.487211,200,162.688631
-124.966494,200,162.734788
-265.142796,200,162.782764
-119.781455,200,162.829821
-255.359512,200,162.876252
-121.450141,200,163.002668
-3.898062,200,163.049549
-128.494048,200,163.096283
-237.202312,200,163.143372
-120.375287,200,163.189998
-231.751186,200,163.236327
-235.747357,200,163.283407
-117.93491,200,163.329678
-353.256006,200,163.37675
-242.861339,200,163.423684
-117.198371,200,163.548996
-243.939826,200,163.596052
-120.278124,200,163.64387
-121.21613,200,163.690558
-240.880683,200,163.736748
-122.484208,200,163.784261
-125.299397,200,163.830711
-121.844497,200,163.877658
-314.222939,200,163.923868
-127.676506,200,163.97031
-244.39867,200,164.100846
-121.972301,200,164.14997
-2.971908,200,164.197072
-125.004739,200,164.244885
-235.308003,200,164.292023
-124.595309,200,164.338262
-3.716179,200,164.384589
-220.483026,200,164.431809
-300.378565,200,164.478381
-297.3438,200,164.525792
-5.828355,200,164.652451
-126.83422,200,164.699513
-3.153284,200,164.746638
-246.577496,200,164.793615
-3.886182,200,164.840328
-355.563122,200,164.886914
-119.571494,200,164.932658
-127.084367,200,164.980397
-132.275116,200,165.026976
-234.690506,200,165.073662
-237.588219,200,165.200039
-231.607441,200,165.246833
-126.020553,200,165.294629
-243.964213,200,165.341641
-123.994236,200,165.388706
-127.148338,200,165.435813
-120.774323,200,165.482251
-123.498391,200,165.529429
-248.542616,200,165.576077
-125.724368,200,165.622425
-122.176673,200,165.748428
-122.16958,200,165.796231
-123.332197,200,165.844967
-236.475983,200,165.893479
-230.483497,200,165.939902
-3.264721,200,165.987486
-2.971457,200,166.033358
-127.925727,200,166.08143
-241.345077,200,166.127391
-308.133354,200,166.174899
-120.499503,200,166.301458
-339.572664,200,166.37031
-123.664786,200,166.420002
-122.4467,200,166.4677
-126.749317,200,166.516071
-119.340497,200,166.56337
-327.303144,200,166.610757
-125.559788,200,166.658228
-123.052313,200,166.705707
-117.593684,200,166.752692
-120.477808,200,166.882046
-5.187865,200,166.92975
-125.221975,200,166.97778
-355.205017,200,167.023989
-3.189145,200,167.069445
-128.804917,200,167.115603
-129.959565,200,167.163072
-5.099185,200,167.209862
-121.510599,200,167.25657
-123.996777,200,167.302743
-266.268932,200,167.430395
-244.684141,200,167.477419
-2.90982,200,167.524676
-120.928175,200,167.571417
-368.412946,200,167.617843
-264.289065,200,167.663359
-3.649143,200,167.709655
-119.257299,200,167.75549
-125.70433,200,167.802681
-127.34117,200,167.84929
-3.783502,200,167.979257
-122.668019,200,168.027199
-350.905306,200,168.07436
-127.556223,200,168.121129
-243.64921,200,168.168074
-124.570606,200,168.214959
-123.862772,200,168.260374
-3.081205,200,168.306478
-117.037728,200,168.353153
-3.00266,200,168.400643
-117.071111,200,168.529752
-6.476874,200,168.576948
-126.729634,200,168.623612
-6.287255,200,168.67122
-120.781503,200,168.71743
-118.921274,200,168.763758
-5.276301,200,168.809913
-122.451159,200,168.85569
-286.421882,200,168.902651
-362.222525,200,168.949326
-127.90378,200,169.075131
-126.809274,200,169.12127
-128.081611,200,169.168372
-124.900664,200,169.215162
-238.320511,200,169.260651
-119.818607,200,169.306886
-3.859535,200,169.354317
-239.585615,200,169.401916
-244.833686,200,169.447838
-127.231212,200,169.494283
-245.443629,200,169.623364
-124.005463,200,169.670825
-126.312772,200,169.717408
-121.218165,200,169.763172
-127.610665,200,169.810605
-121.056283,200,169.855908
-232.977931,200,169.903967
-352.332809,200,169.950537
-118.82248,200,169.996307
-124.620143,200,170.04128
-128.415713,200,170.169573
-123.345034,200,170.217772
-124.18795,200,170.264819
-125.379441,200,170.312323
-3.072071,200,170.359671
-259.209632,200,170.40734
-119.332992,200,170.455313
-120.937632,200,170.503029
-365.34522,200,170.550129
-123.796628,200,170.597452
-123.991626,200,170.72453
-122.172019,200,170.772327
-302.8636,200,170.819893
-120.764879,200,170.870653
-244.078436,200,170.918753
-230.816409,200,170.964197
-127.612057,200,171.010341
-126.080047,200,171.056272
-121.952539,200,171.103229
-117.281985,200,171.150622
-122.769279,200,171.277241
-119.557412,200,171.324112
-119.712083,200,171.372372
-123.096708,200,171.41976
-125.149521,200,171.466772
-123.318515,200,171.513678
-237.286742,200,171.560051
-122.251542,200,171.60672
-121.052031,200,171.653918
-123.062903,200,171.702369
-128.465014,200,171.829328
-122.81906,200,171.876856
-128.472672,200,171.922331
-128.608752,200,171.968857
-234.853182,200,172.016055
-345.277886,200,172.064022
-123.204427,200,172.110121
-116.955974,200,172.156239
-238.557073,200,172.204316
-117.305884,200,172.252635
-127.509562,200,172.382994
-230.246206,200,172.430882
-126.806038,200,172.479618
-3.109166,200,172.526871
-132.17455,200,172.573573
-2.804648,200,172.621176
-4.521025,200,172.667715
-120.658761,200,172.715212
-125.573108,200,172.761823
-117.652728,200,172.808489
-233.281728,200,172.936012
-235.333077,200,172.983472
-121.428012,200,173.031195
-122.485977,200,173.077226
-3.244077,200,173.124611
-127.962368,200,173.171436
-124.877113,200,173.218707
-127.007051,200,173.265769
-124.944547,200,173.312557
-120.228968,200,173.359523
-3.044716,200,173.487343
-127.591113,200,173.534928
-121.830666,200,173.58424
-123.050985,200,173.633118
-127.577703,200,173.680597
-233.799703,200,173.726392
-3.292583,200,173.772556
-121.244384,200,173.819346
-332.718999,200,173.866125
-122.150816,200,173.913103
-116.921396,200,174.039944
-127.03722,200,174.087534
-125.493717,200,174.133725
-127.250795,200,174.180508
-121.062908,200,174.226605
-354.304981,200,174.274054
-232.452684,200,174.320656
-127.696576,200,174.36884
-125.248955,200,174.416305
-121.636977,200,174.462569
-118.688646,200,174.588761
-121.422713,200,174.635873
-132.706528,200,174.684025
-340.112911,200,174.731751
-229.053958,200,174.778636
-117.877563,200,174.826684
-230.007974,200,174.873442
-120.910812,200,174.920336
-125.044887,200,174.967075
-347.167785,200,175.014449
-243.405294,200,175.144082
-258.282507,200,175.190898
-118.564819,200,175.238382
-379.706967,200,175.28533
-118.708509,200,175.332098
-127.354067,200,175.379757
-5.167234,200,175.426433
-120.053393,200,175.472713
-121.121534,200,175.520028
-252.901336,200,175.567218
-2.986721,200,175.710964
-120.424565,200,175.758267
-124.203107,200,175.807145
-116.520862,200,175.856708
-118.502172,200,175.905802
-238.735112,200,175.953897
-3.157573,200,176.000851
-2.738403,200,176.047771
-123.015463,200,176.094607
-257.800422,200,176.140622
-121.141064,200,176.267796
-3.478204,200,176.316438
-121.067852,200,176.363867
-120.742952,200,176.410764
-240.895638,200,176.457253
-118.287674,200,176.503799
-126.403281,200,176.550659
-252.925342,200,176.59721
-244.602581,200,176.643569
-125.104965,200,176.691316
-122.30645,200,176.818145
-118.947685,200,176.866667
-282.983105,200,176.9137
-122.928944,200,176.961203
-116.781177,200,177.008164
-121.88937,200,177.054695
-4.467083,200,177.10203
-120.350539,200,177.149503
-122.847215,200,177.195737
-122.017819,200,177.242793
-242.676472,200,177.370394
-121.446591,200,177.418276
-4.847578,200,177.465779
-122.97073,200,177.513232
-236.521227,200,177.560809
-126.297366,200,177.608497
-127.687541,200,177.65487
-121.252155,200,177.701745
-126.555003,200,177.74904
-124.121301,200,177.796251
-128.229844,200,177.925691
-121.608206,200,177.974456
-121.414119,200,178.022352
-128.242513,200,178.068779
-229.002224,200,178.114813
-127.533016,200,178.161101
-125.355915,200,178.207276
-118.893859,200,178.254046
-120.238584,200,178.300635
-3.790376,200,178.34824
-121.872732,200,178.476646
-119.465495,200,178.525421
-4.362036,200,178.572073
-237.303107,200,178.619471
-229.439407,200,178.666513
-238.342957,200,178.712756
-117.620755,200,178.759548
-119.703791,200,178.807087
-121.571356,200,178.853015
-242.780948,200,178.898087
-234.414176,200,179.025155
-253.115733,200,179.073664
-116.048115,200,179.121555
-246.604978,200,179.167429
-121.025318,200,179.213717
-119.532971,200,179.260257
-236.250043,200,179.306987
-350.754523,200,179.354517
-126.838568,200,179.400972
-123.824583,200,179.447228
-240.806233,200,179.5732
-118.622797,200,179.620705
-2.692112,200,179.666141
-118.957779,200,179.712143
-123.869338,200,179.758385
-240.243279,200,179.805051
-250.959647,200,179.852462
-119.213154,200,179.898267
-3.012951,200,179.945412
-264.490852,200,179.992484
-249.204733,200,180.118612
-125.694056,200,180.165845
-238.418048,200,180.212854
-119.706412,200,180.258795
-125.744169,200,180.305468
-122.372914,200,180.351911
-128.732052,200,180.398853
-118.408186,200,180.445454
-316.596981,200,180.491744
-119.98415,200,180.53825
-123.266502,200,180.66799
-236.411365,200,180.715664
-242.104937,200,180.762885
-127.65346,200,180.809423
-127.301118,200,180.859882
-233.612112,200,180.90914
-241.097388,200,180.956292
-122.250324,200,181.003008
-122.978138,200,181.049574
-123.940754,200,181.097613
-242.408248,200,181.224684
-127.958554,200,181.271765
-122.221358,200,181.319871
-339.738478,200,181.366726
-126.462451,200,181.414566
-125.816401,200,181.462497
-234.246845,200,181.509265
-117.809896,200,181.555633
-119.120747,200,181.60256
-118.638334,200,181.648262
-117.215686,200,181.77557
-237.119742,200,181.822709
-119.6485,200,181.869278
-3.204929,200,181.915364
-127.477514,200,181.96166
-121.068403,200,182.00848
-119.661956,200,182.055727
-232.999224,200,182.103569
-129.024876,200,182.151498
-118.545968,200,182.198098
-243.164046,200,182.325454
-5.773356,200,182.374312
-126.644322,200,182.422242
-129.393805,200,182.468687
-448.55348,200,182.515872
-124.559275,200,182.561782
-237.416231,200,182.608004
-364.782836,200,182.654709
-127.305844,200,182.701325
-129.231501,200,182.748493
-117.553041,200,182.87457
-348.925128,200,182.922859
-126.83622,200,182.969115
-116.170263,200,183.015388
-121.369956,200,183.061135
-240.882698,200,183.107633
-238.598068,200,183.152659
-126.324064,200,183.199731
-234.854467,200,183.245483
-123.218587,200,183.291116
-322.053523,200,183.419435
-123.870744,200,183.466626
-240.288422,200,183.513118
-118.199286,200,183.560526
-116.915144,200,183.607058
-122.195964,200,183.652828
-5.810605,200,183.701136
-271.344538,200,183.748111
-127.643258,200,183.794794
-238.519055,200,183.841297
-125.203744,200,183.969327
-293.736323,200,184.015903
-242.184435,200,184.063607
-242.047963,200,184.110606
-117.45367,200,184.158322
-126.295699,200,184.204816
-125.577234,200,184.251841
-231.91274,200,184.299311
-121.715328,200,184.345885
-122.684561,200,184.392903
-119.721721,200,184.5481
-129.08673,200,184.598909
-236.684789,200,184.648553
-234.095337,200,184.6967
-341.199091,200,184.744885
-117.726292,200,184.793083
-233.51125,200,184.842733
-123.226414,200,184.891344
-246.015958,200,184.939024
-125.599826,200,184.98773
-117.46885,200,185.121033
-121.997882,200,185.171163
-246.187305,200,185.22228
-358.860765,200,185.272262
-306.76139,200,185.321273
-239.025455,200,185.36974
-330.161208,200,185.419053
-121.898207,200,185.467612
-125.210142,200,185.516312
-3.701884,200,185.563786
-123.633577,200,185.694133
-121.228083,200,185.742321
-3.108817,200,185.791926
-4.505216,200,185.841546
-3.73405,200,185.892485
-123.699169,200,185.940607
-120.372625,200,185.988305
-342.428948,200,186.036032
-311.264027,200,186.082293
-121.349922,200,186.128902
-126.931696,200,186.267662
-121.723548,200,186.323751
-119.920403,200,186.377767
-124.912635,200,186.43439
-119.021782,200,186.484356
-3.546173,200,186.531692
-117.089494,200,186.580728
-117.444719,200,186.629024
-371.652323,200,186.675715
-352.299538,200,186.723277
-235.701408,200,186.853213
-252.440963,200,186.902955
-123.150423,200,186.951027
-121.28743,200,186.998503
-238.371887,200,187.045538
-2.760623,200,187.09174
-126.218918,200,187.137455
-122.752489,200,187.184868
-119.181002,200,187.231487
-116.641493,200,187.278398
-126.287552,200,187.406001
-119.064723,200,187.453747
-121.212048,200,187.502036
-118.908151,200,187.549861
-237.450913,200,187.598123
-3.284018,200,187.643913
-262.038057,200,187.690552
-3.814274,200,187.738401
-2.823644,200,187.785409
-233.997622,200,187.832549
-238.704175,200,187.96025
-128.726874,200,188.007936
-243.259352,200,188.056794
-3.921954,200,188.102701
-241.164898,200,188.149484
-126.211476,200,188.196545
-3.839579,200,188.244211
-129.934573,200,188.29072
-125.603017,200,188.33684
-236.217148,200,188.384595
-3.773322,200,188.513451
-231.621843,200,188.561439
-227.830082,200,188.608874
-263.134592,200,188.656697
-2.853489,200,188.704928
-125.28599,200,188.751307
-117.651096,200,188.797471
-132.506652,200,188.84578
-119.682714,200,188.891708
-118.308404,200,188.938671
-331.174497,200,189.066929
-119.521526,200,189.114834
-121.822682,200,189.162432
-329.47435,200,189.210135
-2.965096,200,189.258693
-125.730593,200,189.306386
-236.451133,200,189.353676
-237.182235,200,189.401493
-125.040186,200,189.448287
-237.300597,200,189.496576
-119.597794,200,189.624044
-119.606322,200,189.672247
-122.815356,200,189.720149
-235.852055,200,189.766821
-122.229417,200,189.81452
-2.828869,200,189.861613
-237.573305,200,189.908264
-128.039115,200,189.955079
-118.437387,200,190.001641
-115.998514,200,190.049446
-2.896884,200,190.176146
-123.038964,200,190.224531
-115.932879,200,190.272214
-3.830502,200,190.319347
-232.74059,200,190.366561
-317.124111,200,190.413685
-353.833234,200,190.46037
-3.684387,200,190.50782
-122.030568,200,190.555493
-122.715369,200,190.603033
-2.955401,200,190.730873
-309.073385,200,190.780065
-127.377283,200,190.827963
-3.022824,200,190.87778
-268.87466,200,190.924933
-121.462156,200,190.97225
-234.80046,200,191.019273
-230.780487,200,191.066351
-234.552551,200,191.112416
-122.98984,200,191.159209
-120.69363,200,191.285448
-252.828071,200,191.332497
-240.720238,200,191.38063
-126.150631,200,191.428292
-350.540009,200,191.474855
-119.153243,200,191.521538
-123.640728,200,191.568519
-230.91607,200,191.616248
-2.871182,200,191.662072
-120.969442,200,191.708544
-361.793664,200,191.83713
-121.726203,200,191.884905
-308.312205,200,191.932577
-117.357653,200,191.980092
-3.509895,200,192.027115
-240.137012,200,192.073517
-7.012746,200,192.119364
-233.86704,200,192.167236
-128.095954,200,192.215684
-126.157563,200,192.263684
-299.592298,200,192.393407
-230.88868,200,192.440358
-242.505845,200,192.487546
-3.007799,200,192.53496
-125.081219,200,192.581877
-2.877542,200,192.629524
-239.269909,200,192.675596
-4.355899,200,192.722073
-122.134101,200,192.768356
-122.24607,200,192.815525
-121.21921,200,192.942187
-230.862727,200,192.989573
-232.543817,200,193.036287
-239.777408,200,193.08276
-2.821942,200,193.130743
-126.317878,200,193.177328
-336.065666,200,193.222934
-239.879522,200,193.269677
-353.563062,200,193.316402
-127.104219,200,193.36272
-231.101384,200,193.490021
-121.260525,200,193.565339
-4.321331,200,193.613007
-128.141277,200,193.659666
-118.133107,200,193.706389
-127.734018,200,193.753551
-120.89781,200,193.801286
-121.8541,200,193.849108
-239.750281,200,193.896551
-4.133417,200,193.943496
-121.632558,200,194.071983
-117.543889,200,194.119733
-126.040772,200,194.167627
-123.993686,200,194.213549
-238.017665,200,194.259035
-248.130961,200,194.306547
-124.425626,200,194.353491
-3.13101,200,194.400493
-122.919262,200,194.446683
-115.400638,200,194.49328
-2.745726,200,194.624329
-122.794823,200,194.673082
-127.616842,200,194.720995
-232.590018,200,194.768452
-117.288833,200,194.81497
-375.318751,200,194.861535
-236.681966,200,194.907896
-374.327041,200,194.95488
-272.048674,200,195.0047
-119.364842,200,195.052232
-3.121554,200,195.179701
-128.639256,200,195.227842
-238.195351,200,195.275051
-122.355286,200,195.32275
-124.290688,200,195.369969
-328.653019,200,195.418367
-242.96759,200,195.465822
-241.557804,200,195.512356
-128.332906,200,195.559631
-123.774448,200,195.605797
-121.551174,200,195.732783
-236.630346,200,195.780541
-233.386266,200,195.827883
-116.015378,200,195.877352
-243.203593,200,195.925445
-122.961959,200,195.972396
-2.80153,200,196.019123
-237.914183,200,196.067162
-120.651055,200,196.114679
-116.305598,200,196.161243
-3.866602,200,196.28781
-3.710964,200,196.335709
-128.134169,200,196.381809
-232.687146,200,196.429934
-118.060921,200,196.476959
-233.386178,200,196.524406
-120.733622,200,196.570752
-245.991152,200,196.618188
-346.878221,200,196.66615
-3.617673,200,196.712898
-336.869124,200,196.840617
-121.413848,200,196.888573
-311.656512,200,196.93582
-231.199238,200,196.982671
-241.943871,200,197.029031
-123.689625,200,197.075238
-3.11066,200,197.121929
-240.138799,200,197.169235
-341.329942,200,197.214799
-2.896326,200,197.262686
-269.270137,200,197.392739
-238.909807,200,197.440405
-242.659902,200,197.486157
-249.49008,200,197.533455
-126.836194,200,197.580744
-126.985286,200,197.627943
-6.846119,200,197.675585
-121.574159,200,197.72335
-119.049081,200,197.769362
-121.238269,200,197.815315
-126.087773,200,197.942879
-119.062339,200,197.990913
-120.681244,200,198.038666
-126.3283,200,198.084975
-124.718059,200,198.13286
-124.344486,200,198.179981
-5.098285,200,198.226042
-123.74449,200,198.27337
-345.670501,200,198.321337
-122.172777,200,198.367239
-235.285451,200,198.496875
-123.697214,200,198.545242
-128.130625,200,198.59292
-118.882834,200,198.63967
-129.165823,200,198.687822
-253.364042,200,198.735432
-283.498146,200,198.781934
-119.200366,200,198.82913
-123.704116,200,198.875193
-124.154454,200,198.921711
-231.707728,200,199.048939
-232.186192,200,199.098053
-3.312768,200,199.144848
-127.09727,200,199.192289
-124.737812,200,199.238172
-238.285853,200,199.285459
-116.94888,200,199.332722
-123.965426,200,199.379508
-124.834911,200,199.425718
-230.558794,200,199.471782
-253.023708,200,199.598796
-119.301676,200,199.646331
-243.89402,200,199.693812
-117.911469,200,199.740354
-244.0618,200,199.788185
-119.259523,200,199.834869
-237.771158,200,199.881182
-124.868719,200,199.928943
-253.328813,200,199.976408
-241.404018,200,200.023636
-126.703649,200,200.152304
-122.098248,200,200.200974
-312.348173,200,200.248201
-123.785675,200,200.295921
-3.534506,200,200.342411
-305.753742,200,200.389262
-238.682034,200,200.435312
-116.418656,200,200.481535
-117.527099,200,200.528468
-242.217159,200,200.574928
-122.244364,200,200.703639
-123.515449,200,200.751095
-129.999816,200,200.798469
-228.851826,200,200.847157
-3.314888,200,200.896896
-333.318692,200,200.942995
-120.513097,200,200.990402
-123.542222,200,201.037156
-118.177455,200,201.083638
-128.271346,200,201.130054
-120.766745,200,201.256957
-121.142424,200,201.305226
-346.691772,200,201.353511
-129.387886,200,201.401327
-336.732497,200,201.448629
-337.042495,200,201.494977
-234.266468,200,201.541086
-241.603585,200,201.587756
-124.38515,200,201.634775
-2.866064,200,201.681381
-5.092343,200,201.810552
-125.141688,200,201.858737
-121.245791,200,201.906422
-123.278864,200,201.952986
-238.273321,200,202.000091
-123.096691,200,202.046385
-234.074608,200,202.09216
-364.456023,200,202.1387
-317.665107,200,202.185823
-126.147444,200,202.231965
-234.4535,200,202.36015
-124.358848,200,202.433191
-123.256741,200,202.482494
-122.706852,200,202.528797
-125.077197,200,202.575626
-229.979082,200,202.623819
-122.894909,200,202.671636
-128.79611,200,202.718554
-2.89328,200,202.766105
-124.300192,200,202.812763
-118.359458,200,202.941688
-124.557754,200,202.989608
-117.56612,200,203.036065
-120.150135,200,203.081985
-241.408084,200,203.129199
-127.172214,200,203.176693
-121.218259,200,203.225377
-124.17833,200,203.27429
-122.98766,200,203.321716
-127.195874,200,203.368237
-355.278831,200,203.496038
-122.161321,200,203.543578
-232.170623,200,203.590784
-373.492927,200,203.636276
-238.413459,200,203.683575
-251.595208,200,203.730137
-359.534224,200,203.776781
-125.36329,200,203.824673
-121.037203,200,203.870742
-377.366887,200,203.916781
-119.267573,200,204.043112
-386.175144,200,204.090884
-122.271285,200,204.138606
-121.626911,200,204.185083
-3.647741,200,204.232075
-7.353261,200,204.278869
-123.666728,200,204.326241
-123.681368,200,204.373098
-245.414905,200,204.419216
-126.654147,200,204.466283
-241.092054,200,204.593102
-119.494444,200,204.640581
-3.554087,200,204.688005
-116.820889,200,204.736023
-119.309345,200,204.783952
-121.555876,200,204.831212
-246.993832,200,204.87887
-238.901538,200,204.92511
-119.334573,200,204.972031
-232.119887,200,205.017557
-233.59212,200,205.143777
-125.84021,200,205.191432
-116.572786,200,205.239341
-324.928153,200,205.285705
-342.508995,200,205.332789
-120.044976,200,205.379204
-124.595684,200,205.427735
-241.469217,200,205.474932
-127.335156,200,205.522174
-6.526467,200,205.56906
-233.953233,200,205.700558
-115.962788,200,205.748088
-2.93171,200,205.796282
-122.449911,200,205.844447
-251.213184,200,205.893829
-126.565713,200,205.941982
-8.19528,200,205.989704
-373.579775,200,206.036831
-124.600536,200,206.083865
-2.383804,200,206.130053
-118.855019,200,206.258582
-4.209133,200,206.307319
-124.682929,200,206.355517
-374.467471,200,206.402293
-126.844032,200,206.450105
-121.93806,200,206.497909
-2.925461,200,206.543524
-124.240917,200,206.589553
-120.99206,200,206.636523
-308.905276,200,206.683766
-123.811606,200,206.810772
-300.340841,200,206.859286
-346.650955,200,206.906016
-245.907664,200,206.952294
-357.76338,200,206.998905
-234.103998,200,207.045854
-4.296369,200,207.093064
-330.407696,200,207.139307
-333.726508,200,207.184919
-3.581012,200,207.230786
-247.156863,200,207.357594
-120.126681,200,207.404812
-122.502626,200,207.452873
-123.755671,200,207.499694
-126.653234,200,207.545839
-247.213629,200,207.590767
-127.269302,200,207.637736
-248.826497,200,207.683873
-237.371667,200,207.729398
-122.894193,200,207.774771
-4.254088,200,207.900909
-119.901802,200,207.949125
-122.646553,200,207.996721
-3.790326,200,208.044561
-121.983246,200,208.090999
-2.919937,200,208.138
-119.597792,200,208.185567
-238.55598,200,208.232297
-122.543302,200,208.279326
-252.264256,200,208.326339
-123.200834,200,208.456444
-121.549804,200,208.503435
-246.497818,200,208.549849
-122.270631,200,208.59711
-234.706522,200,208.644568
-123.44444,200,208.691907
-6.24779,200,208.739135
-120.97998,200,208.787042
-124.834984,200,208.834142
-122.327125,200,208.881097
-372.415335,200,209.010835
-121.334183,200,209.059432
-248.301001,200,209.106545
-124.06114,200,209.153186
-3.129951,200,209.199457
-128.161877,200,209.245796
-125.572603,200,209.293803
-128.909073,200,209.341191
-124.479615,200,209.387072
-131.563361,200,209.43425
-125.24668,200,209.561794
-121.499085,200,209.608808
-240.748692,200,209.655334
-126.693945,200,209.702625
-129.925492,200,209.749578
-126.048588,200,209.796102
-235.306711,200,209.843018
-127.314727,200,209.888845
-4.339673,200,209.935955
-233.810031,200,209.982411
-121.895638,200,210.108456
-4.09307,200,210.156436
-126.621128,200,210.203567
-124.421135,200,210.25034
-121.444541,200,210.296664
-313.796911,200,210.343089
-235.798854,200,210.390985
-116.943056,200,210.438587
-122.426418,200,210.484255
-126.548947,200,210.530138
-124.365194,200,210.655533
-239.386311,200,210.70291
-117.374272,200,210.750608
-3.645668,200,210.798224
-128.311964,200,210.84631
-126.13583,200,210.896216
-249.329533,200,210.943155
-3.649697,200,210.989493
-119.150653,200,211.036343
-4.478747,200,211.082185
-121.704527,200,211.211189
-122.154122,200,211.2601
-235.28901,200,211.30744
-238.722803,200,211.355449
-237.515386,200,211.403328
-248.182222,200,211.451813
-243.993562,200,211.499056
-2.905759,200,211.546144
-122.474365,200,211.594343
-244.475038,200,211.641602
-2.980759,200,211.796183
-128.335297,200,211.844692
-243.811319,200,211.891869
-119.696907,200,211.940148
-265.046951,200,211.987009
-239.902086,200,212.034296
-119.433289,200,212.081913
-124.177422,200,212.128183
-127.519067,200,212.174792
-368.169917,200,212.220464
-6.633168,200,212.347533
-242.382981,200,212.395444
-117.247282,200,212.443481
-121.823927,200,212.490625
-236.664006,200,212.537643
-124.304314,200,212.584098
-121.529346,200,212.630445
-236.221308,200,212.676576
-119.643581,200,212.72354
-123.968491,200,212.771109
-307.050847,200,212.898192
-118.36838,200,212.945314
-3.683704,200,212.992918
-302.270872,200,213.040349
-119.734021,200,213.086937
-124.687851,200,213.133653
-126.973624,200,213.180446
-3.960782,200,213.227444
-121.041435,200,213.274588
-327.691121,200,213.321218
-266.735821,200,213.449285
-234.574139,200,213.497307
-120.649158,200,213.544584
-121.034917,200,213.591868
-234.534071,200,213.639356
-118.416064,200,213.685894
-125.321704,200,213.732751
-128.21148,200,213.779325
-129.214765,200,213.82612
-116.814754,200,213.872464
-115.735134,200,214.003606
-121.249858,200,214.051532
-238.840925,200,214.099718
-119.481434,200,214.145948
-4.567508,200,214.193441
-314.548858,200,214.239909
-127.413455,200,214.286103
-123.814275,200,214.332747
-318.317009,200,214.380412
-117.854772,200,214.428061
-116.57626,200,214.557909
-238.741414,200,214.607228
-126.389352,200,214.655963
-118.258695,200,214.702933
-128.122308,200,214.750312
-2.714616,200,214.799035
-123.868094,200,214.847647
-4.018347,200,214.895041
-122.232788,200,214.943389
-123.185167,200,214.990537
-126.046421,200,215.121095
-126.275171,200,215.169177
-2.943041,200,215.218847
-117.889209,200,215.26547
-4.307424,200,215.312946
-4.452513,200,215.360205
-370.284305,200,215.407139
-127.365671,200,215.454324
-120.937267,200,215.500902
-228.297373,200,215.547746
-329.344078,200,215.675638
-248.20743,200,215.723992
-320.241042,200,215.770574
-121.587791,200,215.818316
-259.880036,200,215.868719
-124.200067,200,215.917248
-233.823405,200,215.964054
-242.48434,200,216.012676
-128.332887,200,216.059527
-121.712905,200,216.105594
-244.130147,200,216.231553
-120.011216,200,216.281512
-120.313943,200,216.331479
-258.88353,200,216.383277
-251.932416,200,216.431835
-3.457804,200,216.479171
-120.154835,200,216.52581
-123.799649,200,216.57222
-125.331311,200,216.619272
-127.957868,200,216.665551
-120.881848,200,216.794694
-3.382556,200,216.841086
-120.734507,200,216.889758
-4.760453,200,216.938389
-248.858013,200,216.985027
-122.520375,200,217.031994
-126.310559,200,217.07933
-245.692546,200,217.125916
-126.926965,200,217.173402
-118.954614,200,217.219584
-233.937654,200,217.349273
-241.435836,200,217.397819
-117.289093,200,217.445243
-360.280292,200,217.492646
-238.939909,200,217.539851
-232.272911,200,217.58711
-2.841439,200,217.633521
-128.515633,200,217.679868
-232.614588,200,217.72795
-229.555513,200,217.774678
-126.354992,200,217.902076
-120.736493,200,217.949066
-129.738648,200,217.994687
-119.058915,200,218.041431
-126.721651,200,218.088162
-355.08298,200,218.134258
-240.524171,200,218.181755
-252.366064,200,218.229154
-244.944475,200,218.275242
-124.36547,200,218.322145
-230.827096,200,218.449144
-3.216516,200,218.497274
-126.820889,200,218.544508
-237.133916,200,218.590424
-3.371706,200,218.636677
-121.56268,200,218.683263
-120.841718,200,218.729516
-122.816797,200,218.776676
-119.631671,200,218.82329
-120.641328,200,218.870327
-120.440745,200,218.99745
-244.340366,200,219.044883
-284.826766,200,219.092253
-127.744253,200,219.139384
-234.450351,200,219.185909
-4.001802,200,219.232248
-239.779615,200,219.279007
-233.736124,200,219.325786
-124.727719,200,219.37302
-122.970063,200,219.419604
-123.631374,200,219.54968
-235.728199,200,219.6208
-316.868782,200,219.669844
-246.299593,200,219.716324
-240.411116,200,219.76168
-115.683676,200,219.809334
-129.951819,200,219.85608
-130.159922,200,219.903504
-3.076325,200,219.950236
-336.540098,200,219.997657
-117.000075,200,220.125362
-229.851208,200,220.173078
-126.294548,200,220.220314
-275.935576,200,220.266541
-3.730547,200,220.314029
-242.676182,200,220.360629
-117.997289,200,220.407063
-239.589593,200,220.45393
-356.425612,200,220.501543
-117.617899,200,220.548767
-3.194493,200,220.67666
-5.473021,200,220.724242
-260.599698,200,220.771452
-119.12623,200,220.818205
-3.149369,200,220.867409
-118.321934,200,220.916542
-125.037172,200,220.963426
-117.4327,200,221.010656
-3.366251,200,221.057986
-118.725233,200,221.105797
-126.623701,200,221.232434
-239.754409,200,221.280774
-125.31297,200,221.328704
-120.156858,200,221.375931
-339.825789,200,221.423116
-241.558483,200,221.470795
-117.679014,200,221.517912
-238.979044,200,221.565143
-3.307367,200,221.611495
-237.052764,200,221.657786
-129.161563,200,221.784178
-125.186233,200,221.831797
-234.292951,200,221.878465
-122.506955,200,221.926867
-252.959469,200,221.973848
-122.719464,200,222.0209
-255.310393,200,222.068202
-124.520864,200,222.115923
-121.253203,200,222.162901
-235.312702,200,222.20922
-3.846895,200,222.339279
-129.258029,200,222.385964
-3.658256,200,222.434085
-122.842423,200,222.480566
-350.814729,200,222.528153
-121.894746,200,222.574815
-5.325874,200,222.61996
-129.667088,200,222.665874
-234.098959,200,222.712278
-119.133994,200,222.759666
-231.730051,200,222.885845
-466.963976,200,222.932888
-499.654019,200,222.978896
-123.584624,200,223.025797
-123.094701,200,223.073157
-122.306406,200,223.118934
-234.718115,200,223.165668
-117.897881,200,223.211297
-126.764385,200,223.257517
-236.505928,200,223.304335
-117.689617,200,223.430814
-125.917848,200,223.477873
-120.42832,200,223.524248
-5.977758,200,223.570715
-328.225656,200,223.616672
-253.207295,200,223.661294
-125.22135,200,223.708422
-3.879025,200,223.7548
-118.840717,200,223.800991
-243.414996,200,223.84784
-122.718458,200,223.974915
-121.757478,200,224.022256
-122.39736,200,224.06859
-118.738429,200,224.115281
-122.480952,200,224.161695
-122.463785,200,224.208439
-131.225936,200,224.254466
-121.033731,200,224.300437
-122.986072,200,224.345827
-4.396448,200,224.391915
-255.424529,200,224.517838
-235.378753,200,224.564194
-3.932412,200,224.611255
-120.434398,200,224.657184
-252.829837,200,224.702703
-122.25564,200,224.749867
-127.463583,200,224.796504
-125.319462,200,224.843748
-244.946617,200,224.890768
-120.969105,200,224.937113
-125.30604,200,225.066702
-326.035752,200,225.114507
-234.822969,200,225.161665
-127.788252,200,225.208274
-117.164492,200,225.256305
-238.528738,200,225.304089
-121.488713,200,225.351387
-3.627576,200,225.397459
-231.422101,200,225.443437
-5.7349,200,225.491185
-242.539823,200,225.617977
-119.054632,200,225.665671
-126.393363,200,225.712821
-127.637081,200,225.759945
-3.325082,200,225.806831
-248.561511,200,225.855035
-125.244509,200,225.904924
-123.136022,200,225.951632
-231.489247,200,225.99916
-124.953042,200,226.045315
-303.331332,200,226.171661
-240.677323,200,226.218873
-3.29923,200,226.266092
-126.864822,200,226.313891
-313.62267,200,226.360996
-250.407762,200,226.407443
-239.76343,200,226.455503
-127.655032,200,226.502364
-240.035535,200,226.548215
-125.474858,200,226.59471
-122.380412,200,226.7215
-127.430841,200,226.768502
-317.577227,200,226.816463
-125.534885,200,226.862678
-237.587883,200,226.909863
-242.002227,200,226.95795
-255.270639,200,227.003862
-118.178885,200,227.051141
-124.214443,200,227.098277
-126.161817,200,227.14587
-231.115736,200,227.272785
-236.358434,200,227.320199
-337.194736,200,227.366181
-125.844631,200,227.412898
-120.13848,200,227.460172
-125.361389,200,227.50706
-117.92202,200,227.553519
-3.844576,200,227.600486
-126.268146,200,227.647186
-242.56826,200,227.693353
-121.457393,200,227.823142
-118.768805,200,227.870709
-330.894962,200,227.918175
-120.90605,200,227.964718
-116.126349,200,228.010359
-119.23154,200,228.057125
-3.084663,200,228.10279
-3.082175,200,228.14984
-129.66194,200,228.197758
-121.196203,200,228.244364
-123.453248,200,228.372512
-124.602724,200,228.441085
-235.597149,200,228.490317
-124.260815,200,228.536687
-115.345546,200,228.584294
-361.023087,200,228.630959
-227.924987,200,228.679233
-306.114514,200,228.724643
-127.332196,200,228.771076
-328.08721,200,228.818841
-119.092299,200,228.94927
-3.97871,200,228.996022
-241.607429,200,229.043042
-126.410712,200,229.089966
-226.981849,200,229.137936
-372.212008,200,229.185191
-3.224493,200,229.231733
-124.9494,200,229.279379
-2.804757,200,229.325658
-125.872143,200,229.371186
-365.816259,200,229.498476
-302.166423,200,229.545824
-120.161405,200,229.59141
-226.477107,200,229.6373
-241.00461,200,229.68323
-359.915303,200,229.728926
-120.851118,200,229.775628
-126.726852,200,229.822529
-127.934177,200,229.867931
-377.52438,200,229.913489
-121.957331,200,230.039443
-3.242992,200,230.086554
-120.44981,200,230.133206
-121.383906,200,230.179152
-121.39687,200,230.226089
-124.114684,200,230.271825
-3.679997,200,230.317927
-371.139752,200,230.364619
-125.733894,200,230.410758
-120.575952,200,230.457223
-122.657403,200,230.586821
-121.639443,200,230.634685
-305.326552,200,230.6825
-254.092178,200,230.729364
-4.117217,200,230.776393
-116.846178,200,230.822682
-120.053528,200,230.871524
-277.274459,200,230.919452
-2.978407,200,230.965424
-130.472636,200,231.011232
-125.865233,200,231.137804
-231.852296,200,231.186073
-125.617455,200,231.233688
-5.982639,200,231.280098
-3.855297,200,231.326014
-118.355859,200,231.372745
-129.702647,200,231.418512
-236.291811,200,231.46529
-343.08741,200,231.511675
-351.744292,200,231.558377
-237.075312,200,231.686288
-123.521255,200,231.733247
-122.875862,200,231.779982
-121.788027,200,231.826558
-234.954353,200,231.872662
-274.462736,200,231.919157
-237.534479,200,231.96723
-127.70639,200,232.014119
-3.934171,200,232.059981
-127.82408,200,232.106978
-256.649976,200,232.232278
-118.325416,200,232.279766
-129.454304,200,232.325823
-121.809715,200,232.371076
-117.9016,200,232.416327
-122.989961,200,232.462548
-233.630659,200,232.508943
-234.698786,200,232.555739
-126.486599,200,232.601019
-126.289374,200,232.647017
-322.549419,200,232.77161
-232.500781,200,232.819756
-118.309362,200,232.865854
-229.061724,200,232.912962
-128.434686,200,232.958742
-121.410225,200,233.005916
-345.274071,200,233.051446
-301.404394,200,233.09821
-120.939611,200,233.14494
-124.929016,200,233.191105
-124.036491,200,233.319689
-119.013701,200,233.367934
-119.591085,200,233.414969
-118.640912,200,233.462085
-126.744719,200,233.509193
-3.853111,200,233.556502
-122.248643,200,233.603656
-117.329315,200,233.649878
-244.690718,200,233.696565
-118.028501,200,233.743668
-129.1182,200,233.870205
-123.337207,200,233.918156
-129.923796,200,233.965774
-127.105906,200,234.011929
-130.895606,200,234.059058
-240.453236,200,234.106413
-118.629486,200,234.153236
-118.909148,200,234.199152
-130.903463,200,234.245276
-242.635149,200,234.292674
-242.454443,200,234.419423
-240.734145,200,234.467214
-271.136944,200,234.51397
-367.499029,200,234.56012
-121.932247,200,234.605396
-126.52417,200,234.651849
-6.616093,200,234.698604
-233.910285,200,234.745381
-3.438392,200,234.792143
-233.553721,200,234.83864
-122.012604,200,234.964993
-244.674076,200,235.012369
-119.095869,200,235.059258
-356.587474,200,235.106324
-3.838217,200,235.152026
-124.519314,200,235.198691
-260.069442,200,235.244687
-122.476508,200,235.291036
-119.22403,200,235.337184
-235.90362,200,235.383136
-123.197046,200,235.509221
-122.799872,200,235.556735
-238.180276,200,235.603706
-322.184192,200,235.650046
-233.430389,200,235.695731
-337.261983,200,235.741826
-118.390705,200,235.787906
-128.23719,200,235.833961
-130.447871,200,235.882301
-244.90035,200,235.930345
-3.014413,200,236.059442
-362.307105,200,236.107642
-456.460111,200,236.155318
-4.569313,200,236.201528
-119.565935,200,236.249428
-123.701102,200,236.295852
-128.388942,200,236.342096
-123.119466,200,236.388105
-2.860953,200,236.434981
-236.823729,200,236.481497
-231.718514,200,236.608524
-115.767018,200,236.656652
-122.816519,200,236.703115
-231.649593,200,236.749355
-230.420616,200,236.796157
-371.919275,200,236.843388
-124.870951,200,236.890194
-124.770672,200,236.937405
-124.662151,200,236.984928
-3.241911,200,237.033342
-339.672385,200,237.159638
-126.347041,200,237.231093
-2.502904,200,237.281095
-4.37813,200,237.328849
-120.393431,200,237.375299
-233.728025,200,237.422018
-2.738311,200,237.471579
-3.459615,200,237.518243
-2.556327,200,237.563814
-118.374712,200,237.610805
-259.11282,200,237.736095
-116.556364,200,237.784511
-116.361612,200,237.832398
-2.941942,200,237.879492
-233.861841,200,237.926281
-2.711041,200,237.973994
-121.023679,200,238.021274
-304.684176,200,238.068085
-124.923615,200,238.114834
-118.806408,200,238.161137
-119.374626,200,238.287116
-122.358729,200,238.334262
-233.318653,200,238.380628
-124.158626,200,238.426597
-125.712733,200,238.472878
-233.479666,200,238.52015
-240.51705,200,238.565479
-114.952128,200,238.613055
-126.21436,200,238.660158
-126.657968,200,238.707061
-122.04842,200,238.835867
-122.980285,200,238.883712
-119.080762,200,238.932161
-125.686067,200,238.979835
-123.390829,200,239.025245
-127.72071,200,239.071357
-227.958934,200,239.117914
-244.603726,200,239.165016
-6.222928,200,239.21291
-125.064744,200,239.260432
-125.922447,200,239.388201
-121.874326,200,239.436456
-355.539126,200,239.482991
-292.999389,200,239.529675
-238.46181,200,239.575998
-117.637895,200,239.622714
-3.511706,200,239.668926
-126.307835,200,239.716641
-239.377029,200,239.76357
-5.157691,200,239.810124
-240.945892,200,239.938081
-2.732365,200,239.987434
-121.963755,200,240.035512
-353.61704,200,240.082754
-120.85126,200,240.129254
-290.070267,200,240.175537
-121.591659,200,240.223626
-122.042507,200,240.270224
-129.938078,200,240.31642
-124.657398,200,240.363849
-127.437049,200,240.490296
-231.447616,200,240.53748
-234.743734,200,240.584614
-122.823428,200,240.631846
-251.829453,200,240.678806
-245.520252,200,240.724917
-124.299602,200,240.7718
-311.270217,200,240.818296
-127.895295,200,240.865904
-122.786592,200,240.914742
-238.441492,200,241.043284
-238.35567,200,241.090086
-299.019887,200,241.137502
-121.353158,200,241.185628
-121.887279,200,241.232006
-129.553399,200,241.278461
-122.938013,200,241.327563
-123.098418,200,241.375339
-115.724132,200,241.422587
-5.791647,200,241.469096
-234.424193,200,241.599764
-231.627316,200,241.648256
-123.86668,200,241.69585
-117.060882,200,241.742691
-128.670409,200,241.788996
-130.55537,200,241.835226
-123.051841,200,241.881523
-3.037377,200,241.928012
-239.84482,200,241.975337
-123.993436,200,242.022912
-2.774397,200,242.152033
-3.649437,200,242.200694
-122.489826,200,242.248556
-237.715393,200,242.294163
-122.8832,200,242.341086
-3.384127,200,242.386836
-125.810554,200,242.43312
-230.333849,200,242.480727
-127.422581,200,242.527327
-125.376883,200,242.574187
-326.238624,200,242.701228
-123.280525,200,242.748149
-123.925871,200,242.795291
-237.027405,200,242.842145
-236.449853,200,242.889087
-3.328312,200,242.936133
-129.708822,200,242.983007
-349.365888,200,243.030613
-234.531888,200,243.076626
-121.990432,200,243.12301
-125.866902,200,243.248765
-254.663619,200,243.296992
-235.985317,200,243.344016
-120.653337,200,243.391472
-344.16704,200,243.43867
-3.653218,200,243.486811
-125.537407,200,243.533996
-286.982346,200,243.581035
-126.748696,200,243.626926
-319.329776,200,243.673137
-122.745674,200,243.801303
-118.124997,200,243.849266
-249.378893,200,243.894941
-335.264099,200,243.942322
-237.183891,200,243.988162
-125.962502,200,244.035064
-115.657832,200,244.081965
-116.186089,200,244.129331
-122.377472,200,244.176297
-255.326172,200,244.223454
-128.914838,200,244.354278
-123.346359,200,244.401992
-117.806034,200,244.448492
-121.894209,200,244.496644
-123.469378,200,244.545253
-350.548213,200,244.594735
-237.82098,200,244.64386
-244.838908,200,244.691958
-368.504837,200,244.740297
-239.964972,200,244.788235
-3.218702,200,244.920282
-122.29828,200,244.968831
-235.595273,200,245.016849
-121.06366,200,245.064656
-225.854405,200,245.111681
-336.971631,200,245.15929
-334.792431,200,245.206447
-129.02682,200,245.254861
-118.838191,200,245.302623
-289.117124,200,245.348605
-124.0986,200,245.476377
-119.087445,200,245.525419
-363.524792,200,245.574024
-127.268065,200,245.620825
-246.631302,200,245.668467
-238.755521,200,245.71557
-118.388423,200,245.761432
-119.219617,200,245.808369
-130.829088,200,245.855386
-338.845026,200,245.905475
-127.932468,200,246.033025
-125.671663,200,246.103307
-355.515742,200,246.154381
-126.648482,200,246.200391
-125.482679,200,246.245833
-120.847805,200,246.294788
-3.071117,200,246.341927
-118.7949,200,246.392839
-3.649196,200,246.442081
-128.909804,200,246.489658
-230.281704,200,246.616233
-130.333351,200,246.664519
-122.821655,200,246.712546
-125.75811,200,246.759869
-127.553227,200,246.807321
-120.734739,200,246.853926
-3.114183,200,246.900452
-125.263063,200,246.94739
-3.735273,200,246.994483
-4.019416,200,247.042438
-250.834269,200,247.172839
-252.41601,200,247.219666
-346.640731,200,247.266423
-230.451197,200,247.313205
-124.931828,200,247.358947
-224.568677,200,247.406651
-3.06868,200,247.454449
-120.527933,200,247.502481
-240.820102,200,247.550013
-122.301394,200,247.597562
-3.409413,200,247.724838
-361.892903,200,247.772695
-126.000216,200,247.820059
-233.161224,200,247.867691
-129.497928,200,247.914712
-128.491431,200,247.961696
-240.390621,200,248.008377
-358.294682,200,248.055647
-119.738983,200,248.102526
-304.751945,200,248.150023
-243.12929,200,248.278119
-244.669029,200,248.325437
-115.866615,200,248.373582
-118.005072,200,248.419119
-120.348446,200,248.466725
-339.632409,200,248.51499
-2.966726,200,248.563306
-124.235048,200,248.61042
-119.227415,200,248.657778
-4.003196,200,248.704252
-127.859057,200,248.831502
-232.906433,200,248.878429
-124.405286,200,248.925774
-277.37584,200,248.972125
-233.662483,200,249.017441
-130.132351,200,249.063995
-119.500317,200,249.109751
-357.013969,200,249.156848
-244.58705,200,249.202951
-122.529204,200,249.249894
-3.04051,200,249.375779
-327.027972,200,249.424165
-232.398453,200,249.472049
-3.314201,200,249.519982
-126.121931,200,249.567348
-231.035808,200,249.614496
-121.87907,200,249.661172
-119.940893,200,249.708371
-125.250997,200,249.755213
-118.881918,200,249.80236
-4.185926,200,249.930928
-126.981447,200,249.979642
-4.056377,200,250.026269
-123.833215,200,250.071993
-118.550834,200,250.119196
-239.589052,200,250.165525
-124.346794,200,250.212431
-128.662333,200,250.259437
-227.277258,200,250.305839
-126.264611,200,250.35227
-238.844972,200,250.479069
-127.929321,200,250.527815
-119.695577,200,250.574312
-4.829742,200,250.621016
-127.052779,200,250.668129
-2.988031,200,250.715524
-4.533944,200,250.761838
-121.437899,200,250.809482
-119.970135,200,250.857121
-230.159613,200,250.906437
-121.800534,200,251.033444
-126.008806,200,251.08099
-123.325096,200,251.128816
-3.173286,200,251.175849
-119.533371,200,251.222172
-246.89232,200,251.269026
-229.835373,200,251.315284
-121.474255,200,251.360907
-121.17423,200,251.407186
-128.716878,200,251.454102
-236.268784,200,251.582024
-118.611139,200,251.629066
-120.986094,200,251.676321
-122.102912,200,251.723593
-119.276934,200,251.770076
-120.75489,200,251.817207
-124.210986,200,251.86462
-323.047729,200,251.911003
-237.823332,200,251.958144
-118.834921,200,252.004154
-125.565682,200,252.132014
-3.123863,200,252.179687
-120.321502,200,252.226055
-120.957616,200,252.272796
-118.277827,200,252.319067
-125.272381,200,252.36408
-125.450805,200,252.409872
-126.520547,200,252.456969
-122.702119,200,252.50434
-120.74722,200,252.550475
-116.09855,200,252.679986
-117.993579,200,252.72959
-128.068434,200,252.776861
-120.608252,200,252.824653
-127.589756,200,252.872271
-120.717259,200,252.918519
-233.781628,200,252.966322
-120.903962,200,253.014395
-125.438767,200,253.061019
-244.775606,200,253.107931
-126.848671,200,253.236222
-122.38361,200,253.283133
-122.408664,200,253.330402
-121.550889,200,253.377504
-239.611999,200,253.423673
-240.773143,200,253.470384
-332.336241,200,253.51738
-122.823439,200,253.565026
-118.483135,200,253.611506
-117.149287,200,253.658473
-118.800577,200,253.784875
-128.049859,200,253.831941
-120.57221,200,253.877617
-241.327572,200,253.924483
-126.722628,200,253.971842
-239.685119,200,254.019266
-124.186944,200,254.065614
-121.515092,200,254.112876
-127.933078,200,254.15953
-122.191432,200,254.204579
-125.568953,200,254.330958
-125.850487,200,254.379486
-116.668074,200,254.427197
-127.539347,200,254.474029
-240.525429,200,254.521644
-123.231211,200,254.567744
-116.462788,200,254.614216
-2.657098,200,254.6608
-127.774593,200,254.706691
-126.566791,200,254.754207
-118.701053,200,254.88054
-340.536343,200,254.953865
-126.992196,200,255.001857
-332.561894,200,255.04792
-250.6941,200,255.094143
-124.414433,200,255.140269
-119.765065,200,255.186584
-3.27325,200,255.233907
-283.952705,200,255.281137
-119.437424,200,255.327129
-241.092157,200,255.456781
-121.376272,200,255.504542
-126.842559,200,255.552862
-124.136606,200,255.599871
-232.772639,200,255.646603
-233.300432,200,255.691995
-130.089,200,255.739496
-3.263252,200,255.786226
-3.63778,200,255.832668
-340.338778,200,255.88095
-237.155888,200,256.00984
-3.457653,200,256.057323
-3.21114,200,256.105785
-125.353012,200,256.15321
-229.347236,200,256.200643
-3.168232,200,256.246723
-124.478868,200,256.293337
-259.984821,200,256.340767
-275.634754,200,256.386749
-126.741445,200,256.433088
-370.644397,200,256.561472
-122.133591,200,256.609524
-121.911717,200,256.657012
-2.808173,200,256.704594
-319.740978,200,256.751718
-120.601683,200,256.798383
-126.795803,200,256.845787
-309.913096,200,256.892299
-234.157677,200,256.938505
-247.742844,200,256.985346
-120.416399,200,257.113859
-123.417784,200,257.161244
-233.557145,200,257.208483
-122.97372,200,257.255519
-338.486128,200,257.302734
-124.059409,200,257.349923
-2.980655,200,257.396766
-128.289026,200,257.443589
-2.632038,200,257.490226
-126.416776,200,257.537755
-123.040483,200,257.664555
-359.730964,200,257.714013
-242.776885,200,257.761112
-240.224102,200,257.808872
-122.643227,200,257.856172
-238.915474,200,257.902625
-126.87729,200,257.950001
-122.333897,200,257.996226
-116.616839,200,258.043287
-123.249687,200,258.090209
-254.136805,200,258.219979
-127.196743,200,258.268424
-120.680455,200,258.316641
-242.207569,200,258.362935
-321.447587,200,258.409586
-119.769505,200,258.457398
-125.17899,200,258.504977
-495.21495,200,258.553515
-295.453778,200,258.600555
-3.384252,200,258.646482
-128.580417,200,258.772203
-3.08698,200,258.820721
-121.796012,200,258.868049
-122.385917,200,258.915219
-118.35031,200,258.961039
-125.252471,200,259.007804
-371.475802,200,259.054161
-120.738441,200,259.101087
-2.965822,200,259.148788
-115.527601,200,259.196603
-2.952706,200,259.324298
-257.931091,200,259.37203
-238.799928,200,259.419624
-120.853719,200,259.467407
-121.97843,200,259.514789
-120.331058,200,259.561118
-118.93295,200,259.607889
-127.607201,200,259.65572
-127.446229,200,259.702817
-127.101799,200,259.748862
-125.960596,200,259.876612
-127.085574,200,259.924376
-125.132397,200,259.971316
-127.140321,200,260.018236
-3.568583,200,260.065285
-120.659067,200,260.112024
-126.675882,200,260.157959
-129.338623,200,260.205053
-117.758753,200,260.251753
-119.009462,200,260.299039
-3.287146,200,260.425817
-3.310383,200,260.473785
-286.943719,200,260.522233
-233.100668,200,260.569367
-237.337414,200,260.615342
-311.878412,200,260.6611
-127.54731,200,260.708151
-337.865078,200,260.755403
-117.031248,200,260.802492
-121.404191,200,260.849142
-124.11485,200,260.980523
-228.611907,200,261.028584
-119.342977,200,261.076365
-281.496867,200,261.123451
-5.489177,200,261.169296
-125.473799,200,261.216334
-121.975184,200,261.262847
-121.575001,200,261.309832
-121.402072,200,261.356675
-241.393847,200,261.404227
-121.844016,200,261.529813
-127.531096,200,261.578339
-235.139051,200,261.625125
-230.575593,200,261.672751
-230.398735,200,261.720726
-234.442225,200,261.769015
-119.364908,200,261.81689
-119.024159,200,261.864444
-279.980227,200,261.911631
-228.950193,200,261.958909
-128.522184,200,262.086479
-121.658319,200,262.13443
-241.356918,200,262.180304
-232.008777,200,262.227212
-117.677652,200,262.274317
-247.53184,200,262.320786
-243.483084,200,262.3681
-125.360653,200,262.413967
-3.411388,200,262.460933
-235.625496,200,262.506972
-328.092599,200,262.634406
-122.019116,200,262.682363
-122.461849,200,262.729803
-123.897726,200,262.776002
-245.360504,200,262.822546
-2.831759,200,262.870808
-122.214373,200,262.917164
-2.908816,200,262.964416
-232.386619,200,263.011829
-380.195887,200,263.058139
-348.371674,200,263.183951
-120.121953,200,263.230967
-125.169601,200,263.277316
-119.150591,200,263.32384
-116.819402,200,263.369909
-119.894396,200,263.415873
-127.627562,200,263.462152
-129.046963,200,263.509162
-121.4357,200,263.556649
-270.717815,200,263.604569
-126.818177,200,263.734496
-116.670522,200,263.808648
-128.145839,200,263.857053
-125.596308,200,263.903776
-124.064278,200,263.951904
-119.382828,200,263.998531
-120.50585,200,264.045407
-326.455913,200,264.091566
-235.043336,200,264.137629
-120.610449,200,264.184163
-123.718117,200,264.311512
-126.016719,200,264.358812
-128.722483,200,264.406464
-234.977541,200,264.453154
-3.701553,200,264.500171
-122.367663,200,264.546899
-228.865688,200,264.594359
-240.016428,200,264.640894
-118.422946,200,264.687369
-122.73955,200,264.734338
-238.671465,200,264.861358
-120.3839,200,264.90891
-3.266949,200,264.955781
-118.789033,200,265.002425
-3.124893,200,265.049212
-123.680693,200,265.096319
-124.097275,200,265.143343
-3.408743,200,265.190051
-322.598462,200,265.237861
-232.217887,200,265.284444
-120.761098,200,265.4108
-118.190147,200,265.458247
-128.097849,200,265.504903
-120.244736,200,265.552822
-118.733859,200,265.600064
-3.397353,200,265.647795
-2.654487,200,265.694343
-128.658164,200,265.742431
-122.608471,200,265.791194
-230.025998,200,265.838281
-121.886228,200,265.96669
-122.406,200,266.01475
-125.558444,200,266.06115
-3.417422,200,266.108141
-123.498927,200,266.154011
-242.271309,200,266.201344
-250.252496,200,266.247217
-121.61955,200,266.294009
-125.612402,200,266.3406
-121.254053,200,266.387511
-234.190774,200,266.516082
-5.611422,200,266.564689
-295.115628,200,266.611458
-116.724309,200,266.657811
-116.291629,200,266.704597
-118.956341,200,266.750983
-118.391811,200,266.796365
-244.938377,200,266.84349
-119.409562,200,266.889257
-283.141198,200,266.935545
-3.242099,200,267.061753
-2.676352,200,267.110624
-122.612059,200,267.158227
-248.723146,200,267.205491
-237.950857,200,267.251559
-337.088924,200,267.297903
-116.302944,200,267.344089
-120.993837,200,267.390955
-239.792054,200,267.437026
-120.864734,200,267.483689
-124.148676,200,267.609029
-244.389481,200,267.657104
-231.159835,200,267.703995
-126.616702,200,267.751047
-228.719246,200,267.798206
-123.480695,200,267.844821
-2.603482,200,267.891864
-116.209907,200,267.938365
-3.794614,200,267.985236
-122.170451,200,268.031927
-3.09403,200,268.157705
-121.76983,200,268.205462
-118.436557,200,268.252316
-4.386044,200,268.299583
-125.335298,200,268.34553
-119.803215,200,268.391714
-121.550143,200,268.437753
-124.599691,200,268.48387
-119.06261,200,268.529202
-127.231408,200,268.575812
-230.720216,200,268.701556
-126.138972,200,268.749934
-127.345716,200,268.797387
-121.4024,200,268.844239
-124.932159,200,268.891244
-119.756647,200,268.937391
-126.885283,200,268.983206
-122.444619,200,269.029422
-3.178267,200,269.076835
-122.788833,200,269.123563
-115.214091,200,269.252023
-125.152713,200,269.298956
-121.086728,200,269.345153
-122.569627,200,269.392014
-125.036331,200,269.438938
-125.585249,200,269.485185
-3.355289,200,269.531606
-235.979182,200,269.578604
-241.914005,200,269.625245
-125.433329,200,269.671887
-127.610304,200,269.800914
-3.06151,200,269.849506
-127.860257,200,269.896577
-119.558795,200,269.943154
-126.646933,200,269.990093
-125.084013,200,270.037
-120.394464,200,270.083731
-128.138213,200,270.130471
-118.047815,200,270.176978
-122.091847,200,270.223568
-239.53785,200,270.352036
-242.825573,200,270.400376
-126.92959,200,270.447955
-340.281562,200,270.494691
-241.339421,200,270.541713
-118.707091,200,270.588218
-118.397492,200,270.634877
-122.014295,200,270.681449
-4.240164,200,270.727969
-124.701437,200,270.775258
-124.15247,200,270.90575
-236.441904,200,270.953459
-122.724735,200,271.000549
-123.662993,200,271.047897
-128.138176,200,271.094942
-126.982321,200,271.142905
-242.164532,200,271.190233
-310.778053,200,271.237739
-240.583302,200,271.285175
-124.207362,200,271.333023
-119.568043,200,271.459123
-3.470339,200,271.507297
-235.053738,200,271.554872
-126.033717,200,271.602039
-119.479176,200,271.648141
-131.183828,200,271.694836
-119.43179,200,271.740695
-123.640984,200,271.787003
-116.776008,200,271.83408
-125.191642,200,271.881069
-121.17831,200,272.009696
-119.508583,200,272.057583
-126.030429,200,272.105847
-126.634543,200,272.154055
-118.131334,200,272.200762
-126.945287,200,272.247175
-121.249668,200,272.2945
-118.634331,200,272.342333
-232.753983,200,272.390456
-123.977796,200,272.437569
-124.675343,200,272.563814
-241.32635,200,272.63476
-118.943122,200,272.685396
-118.947513,200,272.732735
-120.684637,200,272.780123
-120.359458,200,272.827561
-234.247142,200,272.875443
-243.423191,200,272.92219
-124.427739,200,272.969209
-119.405198,200,273.0167
-244.036167,200,273.144089
-121.846269,200,273.192368
-127.866329,200,273.239888
-123.021322,200,273.287154
-304.408516,200,273.3341
-276.975179,200,273.380559
-334.594581,200,273.427283
-120.823274,200,273.474176
-239.998204,200,273.52168
-118.916989,200,273.568671
-121.815186,200,273.695316
-331.94573,200,273.742381
-124.694647,200,273.790386
-262.922358,200,273.83652
-230.473812,200,273.883253
-232.713299,200,273.929836
-121.732192,200,273.976111
-3.348786,200,274.023781
-243.057887,200,274.069475
-232.980057,200,274.11612
-122.456337,200,274.24167
-233.742125,200,274.29075
-326.862009,200,274.338297
-244.862698,200,274.385699
-4.052126,200,274.432165
-127.111836,200,274.478797
-125.79367,200,274.525308
-2.561988,200,274.576192
-124.285613,200,274.625294
-117.307811,200,274.672966
-125.640273,200,274.805061
-118.761634,200,274.853196
-237.649913,200,274.901391
-128.341136,200,274.950523
-229.195235,200,274.999621
-321.00795,200,275.047816
-6.321274,200,275.09427
-245.133113,200,275.14123
-125.098621,200,275.188372
-239.055449,200,275.236316
-120.550541,200,275.366443
-127.148987,200,275.413614
-126.331271,200,275.460699
-247.525972,200,275.506856
-124.747737,200,275.555882
-121.409443,200,275.604196
-125.708629,200,275.651693
-3.966956,200,275.700309
-120.063886,200,275.747547
-233.867232,200,275.794274
-115.738075,200,275.925637
-2.284125,200,275.972939
-2.715696,200,276.020434
-231.937313,200,276.067362
-237.449463,200,276.113995
-3.013284,200,276.160246
-115.963924,200,276.206932
-118.521231,200,276.253649
-242.96039,200,276.302997
-355.819655,200,276.352509
-126.56636,200,276.483386
-116.528941,200,276.531201
-123.439231,200,276.580113
-128.376842,200,276.627723
-118.278736,200,276.674059
-248.037156,200,276.721128
-123.974967,200,276.767282
-353.956219,200,276.814053
-330.793848,200,276.861057
-242.793151,200,276.907956
-116.396722,200,277.035016
-121.483418,200,277.08173
-119.535548,200,277.129255
-234.495808,200,277.177789
-122.425023,200,277.225137
-120.869039,200,277.273339
-240.721419,200,277.321233
-122.501381,200,277.367134
-302.958126,200,277.413051
-3.010943,200,277.45986
-122.962618,200,277.590133
-337.419601,200,277.637426
-355.470675,200,277.684398
-119.795366,200,277.731777
-247.689239,200,277.779389
-243.408458,200,277.826108
-125.659875,200,277.873522
-3.216565,200,277.921965
-341.21572,200,277.969155
-122.808434,200,278.016244
-115.746292,200,278.144612
-129.159902,200,278.193299
-123.758446,200,278.240322
-118.301081,200,278.287195
-119.035373,200,278.333854
-124.368758,200,278.380276
-116.211956,200,278.426542
-3.421894,200,278.472773
-127.806839,200,278.518942
-129.304435,200,278.565644
-126.772346,200,278.691874
-3.295423,200,278.740168
-2.691834,200,278.787791
-120.254883,200,278.833829
-119.044409,200,278.880682
-124.416069,200,278.927456
-3.56016,200,278.974144
-122.713395,200,279.021204
-117.913591,200,279.067061
-328.157321,200,279.11303
-3.307246,200,279.239029
-126.220862,200,279.286212
-5.669547,200,279.333399
-115.880428,200,279.382629
-120.991631,200,279.431107
-119.685186,200,279.478267
-122.48841,200,279.523875
-131.122985,200,279.570705
-241.039229,200,279.617504
-349.168112,200,279.663964
-228.832802,200,279.790347
-121.240024,200,279.838826
-118.394596,200,279.885855
-239.934623,200,279.931989
-241.850085,200,279.979185
-330.262966,200,280.025913
-233.522708,200,280.072572
-232.499291,200,280.119818
-127.425325,200,280.166721
-124.235472,200,280.214028
-125.350478,200,280.344036
-255.637127,200,280.413694
-236.321464,200,280.462682
-122.542035,200,280.510173
-126.283534,200,280.558949
-3.843062,200,280.605441
-116.6996,200,280.651732
-122.008413,200,280.698045
-124.230868,200,280.744896
-3.073087,200,280.791616
-116.546354,200,280.922215
-127.495575,200,280.969589
-266.285845,200,281.01627
-237.903569,200,281.063702
-122.909073,200,281.110085
-237.797827,200,281.157275
-2.901462,200,281.204015
-121.097149,200,281.251234
-120.377867,200,281.297108
-120.16971,200,281.34281
-3.170928,200,281.46991
-4.108077,200,281.517338
-125.165188,200,281.565862
-121.037946,200,281.612624
-126.900377,200,281.659247
-248.206439,200,281.705557
-128.595884,200,281.751758
-126.907775,200,281.799207
-117.293945,200,281.845227
-119.223236,200,281.890984
-245.680101,200,282.017843
-127.291241,200,282.065486
-125.761326,200,282.111697
-124.020325,200,282.159139
-124.269886,200,282.207229
-127.970649,200,282.253791
-240.508945,200,282.301978
-126.746861,200,282.349035
-126.954564,200,282.395716
-121.088296,200,282.442479
-233.609242,200,282.569803
-245.83097,200,282.616017
-2.972621,200,282.661815
-238.589924,200,282.707441
-118.247498,200,282.754697
-320.836266,200,282.800821
-124.60336,200,282.847458
-250.018551,200,282.893682
-121.463149,200,282.939498
-322.34069,200,282.986393
-123.310614,200,283.11454
-2.661545,200,283.161782
-243.206392,200,283.20863
-348.125623,200,283.255452
-129.587356,200,283.302332
-3.588405,200,283.349871
-348.039199,200,283.396072
-122.927151,200,283.442704
-243.788885,200,283.489469
-240.315953,200,283.535485
-230.959474,200,283.663583
-251.296628,200,283.711567
-121.862006,200,283.759279
-119.137427,200,283.80744
-227.630246,200,283.853689
-120.675816,200,283.901298
-126.610586,200,283.948134
-240.109376,200,283.994449
-252.969989,200,284.041466
-3.001855,200,284.087507
-118.971037,200,284.214
-118.670587,200,284.260767
-124.932309,200,284.308946
-3.139371,200,284.355896
-126.140831,200,284.401454
-227.190819,200,284.447581
-3.303674,200,284.49539
-121.541603,200,284.541392
-243.139648,200,284.588591
-126.613087,200,284.635596
-242.368591,200,284.762337
-118.506728,200,284.809597
-120.556329,200,284.857219
-126.563433,200,284.90406
-123.128902,200,284.951122
-2.841589,200,284.997039
-118.187157,200,285.043422
-124.00005,200,285.090177
-338.700297,200,285.135627
-124.04406,200,285.182772
-126.348815,200,285.30807
-248.27797,200,285.356013
-117.961147,200,285.401744
-243.689371,200,285.448058
-115.98339,200,285.494321
-348.320096,200,285.539395
-330.999989,200,285.585974
-115.932002,200,285.632709
-245.029156,200,285.680207
-3.183804,200,285.726304
-239.806364,200,285.854578
-2.821985,200,285.904664
-238.86402,200,285.95309
-118.685891,200,285.999414
-2.841131,200,286.047886
-2.997445,200,286.094004
-232.139269,200,286.140339
-125.138925,200,286.186405
-233.779928,200,286.233314
-124.661461,200,286.280709
-301.955889,200,286.407357
-331.751902,200,286.454025
-126.315971,200,286.500431
-121.320023,200,286.545941
-127.823222,200,286.592047
-124.54232,200,286.638729
-320.23095,200,286.685021
-274.866645,200,286.732563
-124.048714,200,286.778511
-3.035186,200,286.825411
-243.068903,200,286.951221
-124.590854,200,286.998325
-3.025415,200,287.045083
-237.975673,200,287.092569
-271.700973,200,287.139233
-3.222355,200,287.185122
-240.718188,200,287.232656
-241.228335,200,287.279733
-126.921494,200,287.326454
-126.651501,200,287.372788
-124.99759,200,287.498406
-234.001025,200,287.545683
-230.037002,200,287.592711
-122.843474,200,287.639542
-124.496431,200,287.685817
-126.641711,200,287.732702
-2.605184,200,287.778956
-235.527751,200,287.825781
-238.622828,200,287.872278
-124.66979,200,287.918934
-242.817856,200,288.045933
-238.678139,200,288.093787
-123.039851,200,288.140615
-4.545897,200,288.187135
-128.179053,200,288.234037
-3.610947,200,288.280486
-127.112363,200,288.326082
-2.831771,200,288.373623
-2.749029,200,288.419473
-120.815568,200,288.466525
-124.063813,200,288.595777
-125.228628,200,288.643586
-125.585461,200,288.690883
-324.336134,200,288.737806
-122.106573,200,288.783654
-2.530538,200,288.829266
-246.287399,200,288.876198
-122.455363,200,288.9235
-124.800393,200,288.969696
-123.167604,200,289.015584
-125.767067,200,289.141067
-236.195273,200,289.189681
-122.922397,200,289.236339
-120.835867,200,289.283911
-119.204842,200,289.330912
-127.493953,200,289.377481
-243.656477,200,289.443665
-120.140962,200,289.495833
-120.331518,200,289.542528
-327.620978,200,289.590348
-125.812851,200,289.718887
-125.097293,200,289.765604
-239.383975,200,289.813196
-117.045196,200,289.859774
-2.72595,200,289.907193
-128.677089,200,289.953983
-240.922799,200,290.000739
-124.761066,200,290.047298
-127.431295,200,290.094353
-118.131082,200,290.141815
-228.004657,200,290.269573
-241.368722,200,290.319036
-121.292862,200,290.368273
-120.557489,200,290.416426
-121.638264,200,290.464332
-332.425132,200,290.512014
-121.958743,200,290.558356
-118.026089,200,290.606258
-327.71054,200,290.651297
-127.130878,200,290.698844
-121.176146,200,290.82443
-119.346764,200,290.873657
-2.789621,200,290.923845
-121.250365,200,290.971074
-2.916183,200,291.017537
-123.566675,200,291.064601
-125.926225,200,291.111367
-125.174703,200,291.157703
-115.716774,200,291.204823
-125.68946,200,291.252126
-348.634804,200,291.382447
-123.518235,200,291.430844
-232.452515,200,291.478146
-118.592852,200,291.525074
-241.875857,200,291.572623
-251.886566,200,291.61864
-126.840785,200,291.66596
-126.012066,200,291.712129
-357.753731,200,291.758801
-127.924187,200,291.805646
-123.954173,200,291.934081
-118.167261,200,291.980528
-240.695738,200,292.028142
-128.439846,200,292.075525
-126.091183,200,292.122574
-119.372325,200,292.169536
-245.053934,200,292.217514
-127.219451,200,292.265064
-120.886547,200,292.311885
-5.254582,200,292.358918
-120.078971,200,292.485089
-123.418671,200,292.532768
-228.44596,200,292.580532
-130.443947,200,292.626563
-125.048142,200,292.673253
-126.182085,200,292.719964
-249.939481,200,292.767455
-341.569474,200,292.814684
-123.812058,200,292.861381
-126.356543,200,292.907527
-302.776949,200,293.032916
-360.076115,200,293.079621
-274.210767,200,293.126836
-116.867731,200,293.173789
-2.96554,200,293.221042
-357.125093,200,293.268086
-349.419166,200,293.31459
-126.415467,200,293.361845
-124.829054,200,293.408883
-127.265306,200,293.454593
-120.59581,200,293.582143
-244.851809,200,293.630348
-2.695394,200,293.677341
-125.952496,200,293.724172
-123.673403,200,293.771826
-124.85857,200,293.81798
-4.331828,200,293.864527
-120.76204,200,293.911732
-228.892319,200,293.957312
-120.006421,200,294.003184
-332.008923,200,294.132734
-3.479607,200,294.180619
-298.507625,200,294.229204
-124.433655,200,294.276238
-245.191456,200,294.3231
-240.455045,200,294.37082
-126.793411,200,294.417707
-127.300488,200,294.464652
-241.533842,200,294.511577
-4.164164,200,294.557724
-2.982706,200,294.686049
-3.169253,200,294.733106
-122.304966,200,294.781569
-123.856596,200,294.827581
-124.766029,200,294.875139
-367.382643,200,294.922486
-289.822955,200,294.969977
-328.346146,200,295.017385
-123.361256,200,295.063941
-280.585035,200,295.110643
-129.16671,200,295.237327
-322.370233,200,295.285356
-335.977524,200,295.332661
-118.616669,200,295.379038
-257.108599,200,295.426309
-121.548138,200,295.47262
-116.687742,200,295.51921
-233.449434,200,295.566713
-121.74961,200,295.613362
-123.165268,200,295.660257
-235.510095,200,295.786829
-353.102286,200,295.835133
-366.657937,200,295.884534
-128.289007,200,295.932624
-232.643354,200,295.980059
-124.895758,200,296.02688
-242.26281,200,296.073264
-239.124106,200,296.118968
-241.989543,200,296.165206
-130.364673,200,296.212518
-3.068331,200,296.338275
-126.647457,200,296.385571
-130.544381,200,296.432138
-122.497458,200,296.47894
-126.428253,200,296.52552
-120.637132,200,296.571893
-118.577836,200,296.619444
-324.301923,200,296.666595
-238.884066,200,296.713064
-337.659556,200,296.759066
-2.810922,200,296.888631
-5.282044,200,296.936186
-121.555832,200,296.983773
-116.661322,200,297.030525
-120.215544,200,297.076952
-252.411015,200,297.123529
-115.377618,200,297.169693
-125.744929,200,297.216196
-3.757032,200,297.264376
-125.918586,200,297.310886
-355.7448,200,297.437158
-245.017862,200,297.483363
-125.170783,200,297.531131
-2.758971,200,297.577339
-119.461568,200,297.624394
-116.443235,200,297.671521
-126.013373,200,297.717673
-242.429358,200,297.764726
-3.847107,200,297.811408
-312.760242,200,297.858225
-225.368489,200,297.984352
-2.715913,200,298.032332
-121.678059,200,298.078835
-243.177591,200,298.124821
-3.302018,200,298.171996
-118.457042,200,298.21866
-234.6794,200,298.265722
-124.826383,200,298.312464
-120.901019,200,298.359364
-123.85462,200,298.406881
-241.112459,200,298.556412
-126.655928,200,298.604671
-2.248743,200,298.652674
-2.296314,200,298.699404
-118.195873,200,298.746065
-231.699468,200,298.793304
-121.023475,200,298.839215
-118.057343,200,298.885648
-368.305669,200,298.932622
-123.83753,200,298.979683
-121.025678,200,299.106833
-128.160789,200,299.154309
-246.043169,200,299.200891
-2.795541,200,299.247461
-282.993891,200,299.294036
-122.378006,200,299.341139
-122.773715,200,299.387523
-3.210295,200,299.433831
-124.802341,200,299.478861
-122.876349,200,299.524877
-120.523423,200,299.65447
-238.424254,200,299.70214
-115.856892,200,299.74929
-240.832447,200,299.796295
-127.436021,200,299.843698
-230.339641,200,299.889942
-129.185058,200,299.936805
-128.527095,200,299.983356
-246.15971,200,300.030386
-121.05818,200,300.076137
-3.498192,200,300.203226
-120.947975,200,300.250745
-127.959557,200,300.298978
-220.641911,200,300.345055
-117.941067,200,300.39128
-226.978586,200,300.437996
-224.813512,200,300.484588
-120.720366,200,300.531849
-122.013699,200,300.578269
-117.921895,200,300.624316
-243.006389,200,300.750313
-225.97304,200,300.798596
-233.294998,200,300.846484
-119.191944,200,300.89576
-249.387618,200,300.943774
-238.093654,200,300.989875
-118.616509,200,301.036921
-119.438975,200,301.08347
-121.32633,200,301.129672
-127.521982,200,301.177063
-129.179351,200,301.303514
-344.230193,200,301.352486
-126.979481,200,301.399922
-118.781667,200,301.447634
-239.453605,200,301.495584
-3.687622,200,301.541706
-301.276169,200,301.58856
-118.433656,200,301.637061
-3.016951,200,301.683651
-2.737911,200,301.731264
-118.219655,200,301.858687
-120.545423,200,301.906698
-7.672625,200,301.952842
-117.869228,200,301.999786
-247.747886,200,302.046081
-255.930894,200,302.092306
-124.037835,200,302.141
-2.685047,200,302.187639
-119.414745,200,302.23468
-244.963859,200,302.283675
-262.398362,200,302.41325
-2.428965,200,302.461399
-126.516523,200,302.508679
-123.850211,200,302.555084
-123.13519,200,302.602623
-354.550411,200,302.649411
-125.238645,200,302.697134
-120.889869,200,302.744556
-127.708708,200,302.792327
-336.39397,200,302.839097
-125.524994,200,302.967617
-121.26109,200,303.015724
-120.387067,200,303.062703
-118.10336,200,303.110349
-121.756852,200,303.157484
-121.918362,200,303.202891
-126.362162,200,303.249726
-227.579467,200,303.297255
-243.83891,200,303.344175
-118.216163,200,303.390712
-120.762606,200,303.517012
-3.89605,200,303.56533
-2.452583,200,303.613743
-119.253956,200,303.660499
-3.094437,200,303.707045
-368.249492,200,303.753661
-343.897899,200,303.799983
-235.697192,200,303.846341
-238.832297,200,303.893296
-125.859405,200,303.939859
-2.755757,200,304.066613
-242.188739,200,304.114477
-369.082225,200,304.162256
-2.668942,200,304.208646
-240.724607,200,304.254798
-2.765154,200,304.30046
-235.484654,200,304.348639
-118.47022,200,304.395987
-116.991111,200,304.442557
-238.544403,200,304.488225
-348.417603,200,304.61889
-121.929604,200,304.668032
-126.42017,200,304.716199
-319.592292,200,304.762472
-132.15378,200,304.810632
-2.855873,200,304.858624
-118.730885,200,304.907446
-118.897239,200,304.954665
-123.700013,200,305.001369
-3.247599,200,305.048987
-122.432022,200,305.180455
-121.089297,200,305.229845
-352.911763,200,305.278001
-229.01543,200,305.325528
-123.540685,200,305.371615
-2.961972,200,305.418145
-124.675798,200,305.465978
-3.268709,200,305.513757
-116.314839,200,305.56106
-125.185712,200,305.609045
-237.843555,200,305.735428
-2.720374,200,305.784623
-316.713852,200,305.831967
-124.95698,200,305.880431
-320.288082,200,305.929732
-126.669571,200,305.976309
-243.079351,200,306.023297
-128.495918,200,306.069663
-118.239647,200,306.116232
-236.59778,200,306.162579
-121.111184,200,306.29106
-129.990787,200,306.341584
-123.888797,200,306.392524
-236.326278,200,306.442205
-250.236245,200,306.489391
-122.703453,200,306.536622
-227.924578,200,306.582483
-2.550523,200,306.63128
-251.163644,200,306.678418
-243.825265,200,306.723822
-233.056369,200,306.851293
-127.087764,200,306.898257
-122.601087,200,306.946045
-128.800982,200,306.992853
-332.914416,200,307.040462
-127.304186,200,307.086011
-347.168888,200,307.132813
-242.357227,200,307.178995
-223.925556,200,307.2256
-120.353567,200,307.272357
-127.443569,200,307.424931
-128.647361,200,307.472715
-243.897316,200,307.520402
-123.657186,200,307.568117
-121.318315,200,307.615472
-332.889521,200,307.661913
-115.681688,200,307.708484
-342.295683,200,307.755955
-243.180647,200,307.803802
-3.691193,200,307.850111
-120.49646,200,307.981085
-125.616412,200,308.029123
-242.631635,200,308.075972
-115.688798,200,308.123884
-3.413625,200,308.17135
-234.082852,200,308.217966
-117.080624,200,308.264302
-230.559407,200,308.312098
-244.511096,200,308.358302
-345.861647,200,308.406042
-128.354528,200,308.533997
-125.120428,200,308.581829
-346.247525,200,308.62993
-3.154521,200,308.676256
-3.626765,200,308.723141
-241.607438,200,308.770022
-245.650535,200,308.816289
-3.960145,200,308.862898
-119.997794,200,308.91048
-307.252737,200,308.956922
-117.736661,200,309.082322
-124.94978,200,309.130699
-4.982602,200,309.177614
-344.546294,200,309.224716
-124.608121,200,309.271029
-2.979534,200,309.317808
-119.062377,200,309.364051
-238.594158,200,309.411057
-343.379407,200,309.458183
-117.066726,200,309.504291
-364.606931,200,309.633257
-125.358135,200,309.681769
-248.329303,200,309.728663
-375.738435,200,309.77572
-232.81996,200,309.822072
-123.727792,200,309.869237
-125.766936,200,309.916018
-233.220439,200,309.963672
-244.48739,200,310.01002
-125.339979,200,310.056737
-124.05825,200,310.183793
-119.699534,200,310.23211
-227.478466,200,310.27954
-119.925904,200,310.326626
-3.350162,200,310.373664
-129.92485,200,310.421258
-3.960025,200,310.467034
-353.653751,200,310.514361
-123.717314,200,310.561159
-120.626857,200,310.608252
-257.606408,200,310.73943
-274.077184,200,310.788169
-126.224523,200,310.835914
-124.87368,200,310.884287
-122.687158,200,310.93354
-119.165238,200,310.981298
-123.078719,200,311.027913
-239.453121,200,311.075199
-250.192821,200,311.121723
-3.122042,200,311.168953
-333.401843,200,311.296797
-316.204822,200,311.344345
-128.722161,200,311.392994
-246.686517,200,311.440208
-129.210544,200,311.487916
-120.926312,200,311.534563
-245.291326,200,311.581358
-122.991069,200,311.628905
-124.34565,200,311.675831
-122.583188,200,311.722841
-118.961882,200,311.850845
-3.819516,200,311.899502
-117.970515,200,311.946376
-125.736157,200,311.992903
-303.59748,200,312.040045
-338.760631,200,312.087809
-119.233989,200,312.134486
-346.825121,200,312.18044
-124.680488,200,312.227466
-242.657986,200,312.274599
-122.54833,200,312.404547
-119.419921,200,312.453037
-121.662813,200,312.500273
-241.318325,200,312.54741
-116.543882,200,312.594196
-240.323214,200,312.642086
-122.359232,200,312.689269
-124.245463,200,312.73619
-117.868646,200,312.784002
-236.6435,200,312.83053
-235.287461,200,312.959292
-352.116686,200,313.007084
-336.923506,200,313.054179
-240.011421,200,313.102209
-121.104081,200,313.148349
-127.944401,200,313.19496
-130.536369,200,313.241401
-304.587179,200,313.289195
-126.657746,200,313.335247
-3.465628,200,313.382142
-237.27562,200,313.511554
-3.256047,200,313.5598
-342.066864,200,313.606041
-234.881736,200,313.654798
-122.451729,200,313.701512
-120.822826,200,313.747413
-119.259496,200,313.794671
-120.915875,200,313.841876
-121.423865,200,313.888581
-2.827314,200,313.936396
-125.848882,200,314.062881
-120.689236,200,314.110061
-119.656334,200,314.157657
-266.250054,200,314.205065
-124.258236,200,314.252415
-242.405998,200,314.300218
-230.735667,200,314.347904
-126.207002,200,314.394726
-122.859038,200,314.441402
-249.514855,200,314.488346
-240.297593,200,314.615208
-4.226359,200,314.662717
-126.685817,200,314.708864
-277.78762,200,314.755761
-363.113466,200,314.802765
-120.699173,200,314.84873
-370.537314,200,314.895035
-240.756077,200,314.941017
-3.256564,200,314.987887
-348.599326,200,315.034802
-124.197065,200,315.161772
-122.367301,200,315.209585
-124.452966,200,315.25664
-123.681392,200,315.303547
-116.858115,200,315.35022
-237.041562,200,315.39737
-3.136852,200,315.444312
-118.146915,200,315.490584
-123.720344,200,315.536784
-125.290734,200,315.582576
-122.582147,200,315.709062
-123.777268,200,315.756347
-256.861145,200,315.804304
-121.68386,200,315.851211
-359.461042,200,315.898967
-4.2942,200,315.947572
-247.242456,200,315.993931
-242.972138,200,316.040348
-3.337,200,316.0867
-233.516506,200,316.13308
-120.251112,200,316.288775
-124.435469,200,316.336984
-280.701804,200,316.384335
-124.077877,200,316.43151
-237.04499,200,316.477942
-127.103038,200,316.524392
-120.346552,200,316.571322
-3.096303,200,316.618267
-246.1182,200,316.664866
-232.913373,200,316.712194
-120.582962,200,316.839872
-344.435777,200,316.886711
-297.449499,200,316.933488
-120.545992,200,316.980114
-122.610531,200,317.02684
-122.928449,200,317.074543
-119.504406,200,317.121737
-3.170586,200,317.168587
-127.507191,200,317.215519
-239.215259,200,317.262897
-4.491457,200,317.393248
-118.909838,200,317.440726
-2.843135,200,317.487687
-118.913475,200,317.534825
-352.480677,200,317.58048
-116.283681,200,317.628014
-243.371118,200,317.674695
-127.953875,200,317.721389
-236.387513,200,317.768423
-123.264138,200,317.815097
-123.329019,200,317.941806
-3.542179,200,317.989636
-116.896898,200,318.036104
-128.380608,200,318.08258
-124.33111,200,318.128693
-248.384165,200,318.175033
-124.000164,200,318.222002
-347.134375,200,318.268836
-239.722789,200,318.31478
-118.95751,200,318.361481
-120.145896,200,318.488091
-128.159496,200,318.53635
-125.133052,200,318.583696
-3.286497,200,318.630913
-122.023483,200,318.67739
-126.086825,200,318.723122
-118.522056,200,318.768552
-125.826225,200,318.814872
-119.400994,200,318.861774
-232.386601,200,318.908102
-2.87833,200,319.037689
-124.193824,200,319.085925
-128.48051,200,319.132624
-331.37762,200,319.181236
-265.241056,200,319.228206
-243.897271,200,319.275465
-130.64355,200,319.322734
-119.784782,200,319.36934
-124.434298,200,319.415999
-120.709863,200,319.462701
-124.728057,200,319.590437
-233.9718,200,319.638462
-125.52777,200,319.68689
-121.045322,200,319.733139
-123.764097,200,319.778834
-122.130366,200,319.826231
-244.779383,200,319.87332
-239.481075,200,319.920384
-240.951426,200,319.966186
-119.566137,200,320.013283
-126.514205,200,320.140429
-131.895772,200,320.187993
-3.147363,200,320.235602
-2.968905,200,320.282888
-351.203634,200,320.3299
-122.747454,200,320.376328
-120.633994,200,320.423815
-121.102613,200,320.470382
-3.140842,200,320.517015
-126.183606,200,320.561696
-123.094265,200,320.688953
-119.001793,200,320.737262
-3.219937,200,320.784244
-123.154811,200,320.831587
-116.891216,200,320.878334
-118.523688,200,320.928631
-129.676912,200,320.975731
-247.515169,200,321.022169
-3.295964,200,321.069444
-235.566551,200,321.115996
-235.452512,200,321.244074
-318.858965,200,321.292859
-3.603202,200,321.339432
-118.869521,200,321.385165
-238.630529,200,321.432458
-123.422018,200,321.479411
-124.09093,200,321.525689
-347.704294,200,321.572658
-283.389371,200,321.619709
-123.259374,200,321.667581
-2.589541,200,321.796836
-350.819525,200,321.844125
-232.667367,200,321.891009
-125.431989,200,321.938185
-120.578248,200,321.985268
-270.595602,200,322.031008
-127.562648,200,322.077529
-3.233209,200,322.124918
-242.172153,200,322.17133
-120.282712,200,322.216621
-125.167945,200,322.343956
-241.028985,200,322.392365
-359.89645,200,322.439518
-244.339831,200,322.485249
-124.281625,200,322.532582
-302.93395,200,322.580029
-126.967446,200,322.628075
-118.137087,200,322.674789
-122.98164,200,322.721317
-122.453847,200,322.767884
-120.239727,200,322.894642
-122.330357,200,322.943232
-316.960648,200,322.990145
-239.958355,200,323.03684
-119.70999,200,323.083914
-118.978583,200,323.129812
-236.439793,200,323.176475
-121.743342,200,323.222631
-119.364696,200,323.269861
-2.985873,200,323.315895
-364.596145,200,323.442406
-128.469574,200,323.48979
-116.506949,200,323.537227
-3.785255,200,323.584779
-121.03856,200,323.631852
-122.662133,200,323.679193
-234.630252,200,323.725966
-2.415427,200,323.772794
-117.550105,200,323.818803
-4.640677,200,323.866005
-127.639936,200,323.992707
-127.185309,200,324.04007
-122.439222,200,324.087278
-122.899616,200,324.133423
-302.571915,200,324.179983
-245.747882,200,324.225913
-238.85951,200,324.272143
-245.660916,200,324.318682
-274.849432,200,324.365583
-120.522753,200,324.411745
-2.722275,200,324.541754
-122.455033,200,324.589522
-355.276201,200,324.636721
-240.83509,200,324.684947
-299.826941,200,324.732442
-127.773864,200,324.778777
-268.226079,200,324.825729
-121.072835,200,324.872984
-4.161914,200,324.920029
-122.436441,200,324.96692
-128.457259,200,325.119815
-236.184702,200,325.167277
-347.315479,200,325.214446
-3.158757,200,325.260763
-119.409084,200,325.308359
-116.42634,200,325.356029
-240.453986,200,325.402953
-127.345226,200,325.450575
-115.692227,200,325.498148
-124.284332,200,325.544736
-126.60563,200,325.673362
-248.984965,200,325.720832
-120.624156,200,325.768236
-246.844381,200,325.814082
-235.303712,200,325.860118
-237.76955,200,325.909311
-124.80625,200,325.958503
-127.545257,200,326.004932
-352.125346,200,326.051564
-118.990839,200,326.097263
-126.138781,200,326.225222
-296.719525,200,326.272934
-116.993794,200,326.320404
-125.744432,200,326.367548
-116.688515,200,326.413719
-122.106152,200,326.458963
-3.516545,200,326.505805
-4.170923,200,326.551802
-243.515659,200,326.597244
-126.584499,200,326.64374
-2.862307,200,326.770927
-126.29668,200,326.818915
-232.446443,200,326.866013
-122.468834,200,326.913653
-337.795942,200,326.960726
-246.870704,200,327.007251
-239.438171,200,327.054693
-241.72297,200,327.101693
-242.514467,200,327.148936
-119.033256,200,327.195841
-122.309817,200,327.324951
-121.006184,200,327.373926
-127.739094,200,327.422162
-127.944423,200,327.467512
-126.678398,200,327.514656
-120.664848,200,327.560463
-239.663362,200,327.606819
-127.554944,200,327.653838
-122.517608,200,327.701298
-120.266105,200,327.747904
-247.41533,200,327.876165
-126.796543,200,327.923843
-121.110808,200,327.96979
-240.008469,200,328.016469
-122.458303,200,328.063239
-130.782391,200,328.109831
-119.289459,200,328.156399
-233.193059,200,328.203006
-239.077069,200,328.25
-126.501979,200,328.296172
-123.177475,200,328.422795
-335.724259,200,328.471922
-124.311062,200,328.519067
-236.068057,200,328.566431
-127.425293,200,328.612609
-243.350879,200,328.659363
-3.099181,200,328.706659
-233.786956,200,328.753508
-121.442568,200,328.80052
-2.665687,200,328.847464
-235.473738,200,328.974743
-241.409319,200,329.022546
-124.272006,200,329.068967
-115.311228,200,329.115759
-242.44256,200,329.160934
-127.182037,200,329.207834
-125.210975,200,329.253322
-230.072639,200,329.298971
-122.78051,200,329.345732
-117.343321,200,329.390615
-126.4214,200,329.51671
-239.135219,200,329.564075
-119.587441,200,329.6113
-2.803269,200,329.657807
-120.891932,200,329.705085
-237.58704,200,329.751474
-128.13851,200,329.798591
-276.331204,200,329.845401
-120.261481,200,329.892175
-122.200331,200,329.938505
-124.837758,200,330.068711
-124.362437,200,330.116715
-121.626108,200,330.16432
-300.520922,200,330.20976
-119.026001,200,330.256623
-230.512172,200,330.303008
-227.846686,200,330.349232
-2.480612,200,330.396252
-2.95769,200,330.443647
-2.756819,200,330.490052
-127.580111,200,330.61605
-122.07798,200,330.664316
-228.524029,200,330.711019
-248.589483,200,330.758877
-122.522465,200,330.805867
-242.778638,200,330.853159
-120.988495,200,330.903031
-129.703809,200,330.951325
-128.196318,200,330.997407
-119.935113,200,331.043694
-2.543733,200,331.170769
-118.090947,200,331.217573
-121.713307,200,331.264955
-2.863537,200,331.311035
-124.3129,200,331.357369
-119.47179,200,331.403586
-127.44771,200,331.450725
-241.086249,200,331.498361
-230.360806,200,331.545487
-286.224446,200,331.59262
-6.0959,200,331.720387
-116.670943,200,331.769336
-3.180491,200,331.816374
-121.34679,200,331.862736
-129.829447,200,331.909598
-229.831238,200,331.955717
-310.300477,200,332.002636
-240.37177,200,332.049715
-129.070101,200,332.096155
-125.70923,200,332.142812
-124.011686,200,332.269894
-123.234379,200,332.318722
-123.929732,200,332.365975
-3.667303,200,332.415436
-123.428712,200,332.463086
-121.350551,200,332.509713
-127.438207,200,332.557787
-251.369573,200,332.604987
-124.058503,200,332.651429
-120.682175,200,332.697982
-122.606136,200,332.829979
-239.981442,200,332.878022
-236.96743,200,332.924766
-124.813367,200,332.97144
-130.075806,200,333.017914
-121.28403,200,333.065026
-127.023211,200,333.112302
-229.820505,200,333.159973
-115.713999,200,333.205721
-120.304052,200,333.251547
-121.111771,200,333.378836
-243.310189,200,333.427135
-124.554347,200,333.474616
-125.046714,200,333.52101
-241.80191,200,333.567885
-120.618139,200,333.614589
-235.44414,200,333.661853
-238.020264,200,333.70934
-269.277928,200,333.756757
-121.615067,200,333.80388
-4.445874,200,333.931169
-121.160447,200,334.006161
-238.79468,200,334.05385
-122.382796,200,334.102021
-250.838859,200,334.149128
-237.091146,200,334.196744
-246.84473,200,334.244195
-123.041491,200,334.291131
-230.814058,200,334.336757
-115.116064,200,334.382608
-118.290769,200,334.510698
-126.057422,200,334.564903
-124.504691,200,334.61936
-123.174936,200,334.673008
-2.820594,200,334.720963
-125.293624,200,334.768662
-117.040963,200,334.817489
-118.731456,200,334.865535
-119.450648,200,334.913275
-256.667634,200,334.961085
-120.765133,200,335.092269
-122.704094,200,335.140725
-125.546234,200,335.189772
-351.979835,200,335.238804
-125.602728,200,335.285951
-121.470837,200,335.333411
-122.336494,200,335.380593
-120.60416,200,335.427501
-127.736983,200,335.475303
-123.19467,200,335.521994
-121.086269,200,335.651859
-341.885688,200,335.69982
-125.057254,200,335.74648
-4.572047,200,335.792734
-123.978665,200,335.839483
-117.957441,200,335.886031
-122.944767,200,335.936039
-239.364693,200,335.983721
-234.647916,200,336.031302
-280.971093,200,336.078031
-5.069072,200,336.204746
-295.635032,200,336.252824
-157.085867,200,336.301296
-118.151356,200,336.350324
-120.575323,200,336.401103
-2.232717,200,336.450331
-120.657203,200,336.49757
-124.084367,200,336.544385
-123.810347,200,336.59131
-233.870409,200,336.637917
-2.837301,200,336.765718
-3.103559,200,336.814711
-122.188571,200,336.864387
-125.845557,200,336.911336
-122.779401,200,336.959222
-125.086235,200,337.005461
-125.788516,200,337.052705
-126.911642,200,337.098499
-125.21084,200,337.146181
-121.925276,200,337.193971
-125.688657,200,337.322688
-235.884423,200,337.369799
-116.787397,200,337.417665
-3.408695,200,337.464487
-2.444167,200,337.511582
-4.40758,200,337.558479
-419.028176,200,337.605225
-124.391313,200,337.651794
-319.673289,200,337.699364
-121.072941,200,337.74575
-115.673867,200,337.874653
-116.857591,200,337.921837
-2.796798,200,337.968503
-2.468071,200,338.015434
-238.010434,200,338.061673
-121.314642,200,338.10832
-126.016518,200,338.15396
-355.06876,200,338.201347
-230.432976,200,338.248361
-120.354464,200,338.295168
-122.871157,200,338.423614
-121.096947,200,338.470907
-328.707417,200,338.519072
-120.944338,200,338.565452
-290.842135,200,338.611803
-122.46216,200,338.659346
-117.426476,200,338.706927
-331.838921,200,338.753562
-121.621765,200,338.800026
-121.756899,200,338.846536
-2.501591,200,338.974107
-118.455254,200,339.021252
-121.822547,200,339.068697
-2.561447,200,339.114322
-2.92634,200,339.160892
-3.597985,200,339.2076
-128.04414,200,339.255026
-231.843592,200,339.301813
-121.376688,200,339.3477
-263.771984,200,339.394477
-302.675957,200,339.52206
-2.687272,200,339.570649
-122.897253,200,339.618302
-123.799738,200,339.664253
-122.814785,200,339.711578
-122.205881,200,339.759274
-125.528118,200,339.807066
-122.03076,200,339.85356
-122.907026,200,339.901397
-244.261736,200,339.949323
-126.409256,200,340.076477
-124.660539,200,340.124402
-124.377995,200,340.171142
-2.53105,200,340.218819
-321.89731,200,340.265942
-239.398077,200,340.313194
-241.012886,200,340.359061
-127.138574,200,340.405215
-119.244681,200,340.452001
-118.531284,200,340.498005
-322.160031,200,340.624965
-3.120397,200,340.67412
-125.095092,200,340.720413
-241.299271,200,340.765985
-239.495147,200,340.81263
-125.14675,200,340.858804
-2.919854,200,340.908266
-244.36776,200,340.95824
-3.047294,200,341.004525
-2.471273,200,341.051742
-124.925574,200,341.183
-4.474088,200,341.231062
-242.745985,200,341.279398
-125.960763,200,341.325895
-118.529142,200,341.371319
-346.151791,200,341.418736
-122.85107,200,341.464262
-123.273403,200,341.511676
-357.596834,200,341.558666
-123.20188,200,341.605522
-125.056686,200,341.733662
-119.978938,200,341.781319
-123.360864,200,341.828037
-115.922535,200,341.874241
-121.09987,200,341.921197
-3.093717,200,341.968899
-121.45266,200,342.015251
-225.829393,200,342.0625
-125.280063,200,342.109399
-128.610556,200,342.156336
-118.948531,200,342.282689
-317.729785,200,342.358588
-237.09304,200,342.405303
-122.362141,200,342.453584
-117.294633,200,342.500552
-244.13445,200,342.54835
-124.470312,200,342.5953
-126.301475,200,342.641049
-3.783497,200,342.689426
-3.417471,200,342.736178
-118.685928,200,342.86404
-3.168935,200,342.911403
-356.650945,200,342.959393
-127.880534,200,343.005751
-118.401505,200,343.053043
-238.461966,200,343.09972
-123.021742,200,343.146543
-2.724783,200,343.193535
-123.058907,200,343.239831
-119.297199,200,343.286915
-341.009209,200,343.412543
-119.674296,200,343.460924
-126.749191,200,343.508199
-125.114774,200,343.555832
-127.819884,200,343.603908
-240.527788,200,343.649991
-323.079176,200,343.698773
-319.02319,200,343.747396
-4.967538,200,343.799779
-130.505147,200,343.848104
-243.016401,200,343.980546
-3.748391,200,344.032074
-122.067503,200,344.087603
-124.769371,200,344.142128
-115.12338,200,344.195249
-124.72251,200,344.24781
-230.832648,200,344.300077
-125.500918,200,344.352904
-236.236571,200,344.404786
-126.494983,200,344.4577
-238.684095,200,344.587277
-125.161411,200,344.636228
-241.068619,200,344.684683
-239.512177,200,344.733046
-124.868156,200,344.781445
-126.150132,200,344.829685
-248.309419,200,344.877687
-123.997788,200,344.926661
-117.780733,200,344.973658
-117.906515,200,345.021763
-127.124594,200,345.148495
-251.931181,200,345.199914
-2.883374,200,345.251402
-245.880343,200,345.299995
-2.621578,200,345.346703
-118.851375,200,345.393928
-125.25013,200,345.440575
-129.38418,200,345.488273
-3.706602,200,345.535727
-351.153421,200,345.581495
-123.306794,200,345.70774
-247.067115,200,345.75593
-117.555618,200,345.803172
-247.237418,200,345.84913
-230.907553,200,345.898783
-233.240832,200,345.947547
-124.034243,200,345.994464
-238.557298,200,346.042004
-123.045848,200,346.08893
-123.650471,200,346.137031
-3.115196,200,346.264009
-128.717979,200,346.312522
-301.006706,200,346.359214
-2.852805,200,346.406239
-345.063951,200,346.453043
-116.844044,200,346.499084
-354.873899,200,346.546545
-3.127886,200,346.595112
-124.388091,200,346.64235
-119.584174,200,346.689877
-3.643571,200,346.819554
-280.836349,200,346.868553
-117.564129,200,346.916316
-247.425873,200,346.962849
-122.253184,200,347.00999
-116.818584,200,347.057803
-236.71189,200,347.105393
-350.052377,200,347.153161
-118.964138,200,347.199799
-121.742575,200,347.246165
-3.439603,200,347.372454
-120.791858,200,347.421097
-233.629506,200,347.468923
-339.729622,200,347.515443
-127.133833,200,347.562311
-125.233256,200,347.609756
-248.12213,200,347.656763
-116.269412,200,347.705978
-2.779745,200,347.752673
-2.785633,200,347.800066
-127.766743,200,347.926468
-283.143433,200,347.973864
-347.579752,200,348.020677
-251.501778,200,348.066323
-123.188381,200,348.113803
-3.96665,200,348.160258
-127.354176,200,348.207852
-119.265789,200,348.25495
-3.449155,200,348.301709
-127.264186,200,348.348602
-245.307269,200,348.472904
-375.255359,200,348.520529
-124.030139,200,348.567616
-125.703998,200,348.61473
-127.049923,200,348.662102
-246.670483,200,348.709791
-118.787041,200,348.756211
-324.570385,200,348.802338
-119.868666,200,348.849537
-224.886203,200,348.896207
-127.813562,200,349.02296
-127.11615,200,349.070745
-226.632415,200,349.1173
-117.995481,200,349.164556
-283.400944,200,349.211165
-125.378083,200,349.259204
-319.32745,200,349.305667
-124.46625,200,349.352409
-121.884376,200,349.399964
-3.421004,200,349.4466
-3.385274,200,349.573555
-249.553842,200,349.620479
-120.182688,200,349.666191
-353.482746,200,349.713411
-121.137016,200,349.759553
-123.157914,200,349.806125
-120.380906,200,349.852986
-127.495708,200,349.900366
-125.419601,200,349.947261
-3.91185,200,349.992871
-323.629454,200,350.120889
-233.6222,200,350.169305
-123.514205,200,350.215868
-4.516458,200,350.262232
-127.214373,200,350.308547
-4.185544,200,350.355705
-124.351059,200,350.401574
-119.819958,200,350.448522
-127.045005,200,350.497016
-124.284124,200,350.543501
-120.464363,200,350.669797
-234.802717,200,350.717557
-127.145045,200,350.7656
-250.751251,200,350.811673
-125.359292,200,350.857289
-340.254625,200,350.905937
-236.68804,200,350.953526
-2.926563,200,351.00077
-126.347697,200,351.047422
-240.423433,200,351.09506
-3.439959,200,351.221189
-289.498575,200,351.298817
-239.677091,200,351.349139
-250.430429,200,351.396635
-233.499942,200,351.444535
-128.895628,200,351.491986
-233.736904,200,351.539512
-123.590613,200,351.584975
-122.796021,200,351.632825
-116.113554,200,351.679224
-3.046484,200,351.804602
-127.105504,200,351.852891
-2.943203,200,351.900381
-352.698243,200,351.946756
-123.924214,200,351.992951
-124.93379,200,352.039928
-240.588463,200,352.086665
-3.561771,200,352.133961
-232.712452,200,352.180815
-4.389456,200,352.226679
-125.713577,200,352.355465
-127.208448,200,352.403812
-118.255045,200,352.450643
-122.883345,200,352.499309
-125.424757,200,352.546991
-122.142521,200,352.593462
-129.204876,200,352.641255
-131.190621,200,352.688697
-347.696721,200,352.735467
-125.628889,200,352.781916
-125.483048,200,352.909449
-124.701653,200,352.956669
-116.44222,200,353.003885
-121.468242,200,353.050406
-235.17937,200,353.097317
-121.26653,200,353.14497
-127.029827,200,353.191726
-120.683111,200,353.238696
-120.666044,200,353.285421
-237.603313,200,353.332173
-354.793872,200,353.459707
-117.717944,200,353.508328
-122.157082,200,353.555114
-339.237912,200,353.601652
-118.609563,200,353.648952
-232.960033,200,353.696301
-126.228605,200,353.744139
-123.06078,200,353.790384
-233.842291,200,353.836912
-3.366165,200,353.884099
-5.191731,200,354.012287
-127.800474,200,354.059778
-4.17036,200,354.106041
-116.673971,200,354.151875
-128.962614,200,354.198819
-122.085243,200,354.246016
-125.045447,200,354.294118
-121.203763,200,354.341001
-125.070282,200,354.387723
-338.337905,200,354.433597
-4.063281,200,354.559503
-238.617851,200,354.607684
-244.397533,200,354.654416
-2.68242,200,354.701999
-130.143494,200,354.748568
-124.776925,200,354.795235
-123.419531,200,354.842593
-3.026274,200,354.890029
-239.612709,200,354.936026
-316.812711,200,354.982918
-124.23992,200,355.11169
-122.87044,200,355.161171
-125.501338,200,355.208415
-126.755854,200,355.255053
-119.691632,200,355.301771
-125.72782,200,355.349269
-228.50617,200,355.397759
-125.280732,200,355.444481
-121.473414,200,355.491565
-118.108892,200,355.537833
-122.879566,200,355.666257
-245.890964,200,355.714983
-125.381223,200,355.761541
-121.010961,200,355.809154
-308.539588,200,355.856094
-3.77494,200,355.904615
-259.439126,200,355.953142
-127.460965,200,355.998737
-341.86349,200,356.044364
-250.412802,200,356.090146
-125.319281,200,356.217474
-242.955337,200,356.265269
-124.045951,200,356.31391
-2.949922,200,356.361264
-244.034109,200,356.409247
-238.503086,200,356.456716
-120.577976,200,356.503699
-122.135773,200,356.550157
-127.207569,200,356.597088
-3.67578,200,356.643584
-120.010019,200,356.771397
-244.198957,200,356.819283
-250.427068,200,356.867654
-241.204496,200,356.914678
-126.755137,200,356.96224
-123.208944,200,357.007716
-129.565757,200,357.05449
-121.521172,200,357.101437
-123.224581,200,357.147436
-232.362189,200,357.194734
-120.564782,200,357.320926
-3.263915,200,357.369273
-228.079551,200,357.416577
-128.32345,200,357.463129
-5.876377,200,357.511072
-121.36203,200,357.558972
-121.34943,200,357.605765
-123.327728,200,357.653261
-2.926369,200,357.699562
-119.378084,200,357.746046
-240.092099,200,357.87643
-334.231538,200,357.925266
-3.331691,200,357.972896
-118.896094,200,358.019864
-123.842957,200,358.066781
-124.693738,200,358.118458
-125.594517,200,358.165538
-119.015232,200,358.213019
-124.834639,200,358.259468
-125.208096,200,358.305395
-129.229431,200,358.432976
-127.781433,200,358.480941
-263.189246,200,358.529449
-3.160207,200,358.577436
-235.704269,200,358.623986
-232.020855,200,358.67194
-2.656709,200,358.719997
-124.871644,200,358.767161
-233.791716,200,358.814673
-122.176985,200,358.860861
-2.753538,200,358.987718
-118.663836,200,359.035584
-344.870332,200,359.082985
-246.566064,200,359.129712
-241.26623,200,359.176277
-2.734079,200,359.223722
-122.409922,200,359.271484
-123.99411,200,359.317531
-128.848331,200,359.364418
-232.076452,200,359.411251
-121.470999,200,359.537543
-235.357702,200,359.583786
-356.740507,200,359.630914
-129.941539,200,359.678128
-124.687393,200,359.725638
-117.143077,200,359.773068
-233.825454,200,359.820853
-122.911033,200,359.868854
-123.39556,200,359.914931
-122.716968,200,359.961433
-3.977481,200,360.089363
-329.10053,200,360.137022
-125.577028,200,360.184655
-230.735204,200,360.230727
-292.15477,200,360.277721
-367.421293,200,360.324567
-339.474051,200,360.370184
-125.184455,200,360.417485
-236.846831,200,360.463889
-119.97386,200,360.510684
-244.16606,200,360.66644
-116.748675,200,360.715262
-2.909667,200,360.763358
-126.484812,200,360.810378
-122.351052,200,360.857338
-126.14309,200,360.90599
-122.998781,200,360.95609
-119.250543,200,361.003172
-232.192827,200,361.050236
-293.674673,200,361.096452
-230.277326,200,361.224257
-126.54585,200,361.272736
-5.683083,200,361.319569
-122.750822,200,361.367461
-127.893711,200,361.414704
-125.784206,200,361.461526
-348.429604,200,361.508219
-128.204912,200,361.55712
-238.928555,200,361.60408
-278.874976,200,361.651008
-341.943437,200,361.779989
-123.257097,200,361.82788
-4.630676,200,361.875444
-222.792912,200,361.921775
-122.587812,200,361.967419
-4.417197,200,362.01342
-125.11865,200,362.060708
-301.645461,200,362.109721
-243.055289,200,362.157988
-123.710329,200,362.205963
-123.339429,200,362.33522
-126.672049,200,362.383735
-123.523767,200,362.431547
-347.649641,200,362.478557
-119.820758,200,362.525991
-245.512283,200,362.573986
-116.674619,200,362.6204
-5.873014,200,362.667518
-125.039524,200,362.714923
-120.933254,200,362.762164
-123.395067,200,362.889666
-123.802999,200,362.937712
-117.051043,200,362.985834
-120.335258,200,363.033183
-126.179537,200,363.079821
-128.04895,200,363.12475
-3.369943,200,363.171925
-119.934213,200,363.218733
-117.204518,200,363.264911
-242.710097,200,363.312157
-122.034181,200,363.440803
-119.123505,200,363.488625
-234.194694,200,363.536361
-3.379511,200,363.584078
-122.495012,200,363.630946
-123.395701,200,363.677848
-361.528121,200,363.724828
-122.100971,200,363.771835
-129.034289,200,363.819093
-356.696303,200,363.865571
-122.164972,200,363.992367
-254.316682,200,364.040189
-250.419442,200,364.086691
-125.575422,200,364.133895
-126.358071,200,364.180636
-346.970379,200,364.227757
-127.423074,200,364.274964
-235.279764,200,364.32264
-118.510551,200,364.370402
-119.736274,200,364.417189
-124.375361,200,364.547724
-128.819837,200,364.597607
-243.267437,200,364.646748
-127.476315,200,364.695419
-262.262167,200,364.744099
-2.992673,200,364.791724
-229.829531,200,364.839404
-328.648724,200,364.887778
-117.044069,200,364.935027
-123.840234,200,364.983272
-124.959205,200,365.114516
-119.073807,200,365.163079
-235.927666,200,365.211137
-118.155998,200,365.258579
-122.998769,200,365.305142
-128.724563,200,365.352547
-128.337081,200,365.398495
-126.197771,200,365.446266
-124.484159,200,365.493445
-119.769196,200,365.540881
-244.80926,200,365.66742
-126.512684,200,365.714776
-233.026213,200,365.761884
-122.58284,200,365.808897
-120.820669,200,365.855401
-239.996436,200,365.903536
-127.234065,200,365.951987
-317.920258,200,365.998596
-119.68488,200,366.044722
-240.917332,200,366.090955
-122.890928,200,366.220311
-124.12678,200,366.26759
-127.886444,200,366.318168
-232.57038,200,366.367944
-5.872026,200,366.417607
-117.325271,200,366.464763
-120.640064,200,366.511384
-3.168674,200,366.558273
-123.237206,200,366.605312
-2.515646,200,366.652672
-120.608291,200,366.781419
-126.034788,200,366.828872
-236.140963,200,366.876261
-2.529038,200,366.922136
-237.260106,200,366.969042
-230.027181,200,367.01522
-2.456395,200,367.062364
-128.374207,200,367.108609
-117.032529,200,367.1549
-124.328989,200,367.201099
-116.148879,200,367.327217
-122.064373,200,367.376064
-124.606871,200,367.421885
-4.174123,200,367.468794
-127.860929,200,367.516036
-120.558092,200,367.563799
-124.272747,200,367.609508
-2.438774,200,367.6555
-120.365926,200,367.702334
-248.708219,200,367.749619
-120.827182,200,367.876159
-122.297826,200,367.923751
-233.147608,200,367.971345
-241.842245,200,368.018031
-118.332028,200,368.064898
-123.723165,200,368.111244
-123.284601,200,368.157351
-116.650214,200,368.203615
-124.991315,200,368.250639
-125.672012,200,368.296756
-123.461656,200,368.423474
-2.597873,200,368.471662
-289.605874,200,368.518722
-122.648187,200,368.565548
-124.724633,200,368.611959
-236.476552,200,368.658955
-344.354307,200,368.70485
-122.815525,200,368.752639
-2.49348,200,368.798874
-2.661311,200,368.844358
-338.204398,200,368.974246
-4.296149,200,369.022588
-123.993053,200,369.069513
-245.802525,200,369.115849
-118.509973,200,369.163503
-124.399502,200,369.209705
-122.537189,200,369.25592
-127.691724,200,369.302937
-121.652224,200,369.349521
-247.243268,200,369.396777
-243.213375,200,369.547209
-127.181548,200,369.594238
-237.240908,200,369.64063
-2.881409,200,369.688354
-127.842297,200,369.734562
-237.258668,200,369.781203
-237.294345,200,369.827783
-240.329782,200,369.874535
-233.990748,200,369.922714
-118.373406,200,369.969732
-123.000031,200,370.097044
-322.046894,200,370.143675
-120.189184,200,370.190599
-3.21989,200,370.238029
-5.054786,200,370.28401
-124.290869,200,370.331491
-125.491192,200,370.377286
-2.643409,200,370.424391
-123.178373,200,370.47049
-128.975343,200,370.516494
-125.985304,200,370.642205
-240.071773,200,370.690023
-116.980886,200,370.738893
-122.4113,200,370.78574
-127.300056,200,370.832673
-123.113781,200,370.878596
-308.714275,200,370.928338
-245.337163,200,370.976752
-2.913847,200,371.023736
-126.387523,200,371.070434
-2.542419,200,371.197943
-3.090203,200,371.245207
-238.014589,200,371.292936
-4.626644,200,371.340429
-118.902055,200,371.38754
-119.57591,200,371.435094
-241.389967,200,371.482248
-235.542766,200,371.529412
-120.232232,200,371.576283
-2.810122,200,371.621281
-124.399103,200,371.750253
-121.478148,200,371.799165
-127.65458,200,371.847285
-121.150248,200,371.894686
-4.88244,200,371.940947
-231.255478,200,371.987634
-261.498442,200,372.034781
-120.359025,200,372.080719
-125.110268,200,372.126821
-328.974659,200,372.174023
-123.092282,200,372.301191
-245.896826,200,372.349315
-127.430327,200,372.395281
-122.862117,200,372.441746
-116.869853,200,372.48948
-233.604306,200,372.536471
-281.160144,200,372.583198
-4.101123,200,372.629818
-2.668752,200,372.676506
-342.693698,200,372.722831
-116.434318,200,372.849956
-124.796368,200,372.89693
-126.043867,200,372.943389
-115.802055,200,372.99021
-121.186875,200,373.037749
-130.215922,200,373.084289
-126.622463,200,373.131171
-2.62502,200,373.178233
-120.982633,200,373.224812
-127.776115,200,373.272169
-331.838114,200,373.398999
-2.979701,200,373.446021
-253.640448,200,373.492542
-243.188606,200,373.539603
-276.968678,200,373.585792
-119.147775,200,373.632394
-124.488148,200,373.678433
-127.031292,200,373.726517
-242.763466,200,373.773981
-264.942156,200,373.82008
-4.200681,200,373.945722
-244.623467,200,373.994275
-237.913048,200,374.041719
-240.999339,200,374.08936
-242.995449,200,374.136307
-125.572364,200,374.182474
-125.778961,200,374.22968
-123.498544,200,374.275437
-250.15045,200,374.322878
-250.578054,200,374.367317
-243.577692,200,374.497035
-241.905337,200,374.545529
-125.243496,200,374.592562
-123.331235,200,374.63896
-236.615529,200,374.686469
-124.848054,200,374.73383
-232.585559,200,374.782021
-240.488231,200,374.828684
-125.353189,200,374.874507
-126.904377,200,374.92087
-120.842862,200,375.048465
-127.036046,200,375.096326
-230.442089,200,375.143051
-2.838398,200,375.18978
-123.213399,200,375.235638
-125.107656,200,375.28275
-252.968708,200,375.330745
-242.915414,200,375.378263
-118.875895,200,375.42575
-4.428698,200,375.472642
-119.208122,200,375.600013
-127.222392,200,375.648026
-235.876118,200,375.695535
-126.767994,200,375.743583
-319.168649,200,375.79118
-123.601941,200,375.838691
-2.918317,200,375.884269
-244.340436,200,375.933611
-2.951457,200,375.982547
-127.207643,200,376.03057
-265.374724,200,376.157431
-126.690578,200,376.205395
-124.506011,200,376.252745
-120.285601,200,376.299723
-373.255985,200,376.345873
-4.175039,200,376.392177
-2.747742,200,376.437975
-122.38619,200,376.484115
-125.331989,200,376.531252
-124.60804,200,376.577571
-128.339831,200,376.703888
-116.084797,200,376.751659
-240.276868,200,376.799085
-128.609893,200,376.845393
-123.869274,200,376.89263
-250.669838,200,376.938659
-2.699005,200,376.985201
-121.523525,200,377.031869
-127.085582,200,377.078069
-355.685349,200,377.125938
-129.845491,200,377.255508
-118.103224,200,377.303333
-126.698193,200,377.349985
-3.078781,200,377.396103
-249.922119,200,377.442378
-2.851538,200,377.488256
-127.023568,200,377.536362
-121.2468,200,377.583415
-236.10203,200,377.630534
-3.832229,200,377.677619
-3.83177,200,377.806236
-239.478019,200,377.853882
-128.937059,200,377.901176
-123.617426,200,377.947031
-229.809299,200,377.993814
-131.847363,200,378.041203
-128.744486,200,378.087504
-128.723595,200,378.13447
-2.568994,200,378.181875
-245.583059,200,378.228824
-128.394013,200,378.380634
-125.207111,200,378.428731
-243.489728,200,378.475802
-118.688268,200,378.522858
-3.815993,200,378.57036
-126.706804,200,378.616158
-251.277031,200,378.663633
-124.122973,200,378.710682
-227.268121,200,378.757362
-227.153861,200,378.804194
-125.501268,200,378.932025
-127.59691,200,378.9799
-122.032003,200,379.027435
-125.301228,200,379.073807
-125.300495,200,379.119552
-122.838891,200,379.165972
-126.183441,200,379.212757
-129.163807,200,379.260197
-2.488139,200,379.307024
-124.061514,200,379.353606
-118.727151,200,379.4798
-4.001644,200,379.52707
-125.938843,200,379.574891
-125.517089,200,379.621297
-127.386203,200,379.667842
-115.969257,200,379.715554
-4.528869,200,379.763062
-3.247588,200,379.809488
-128.948703,200,379.855127
-124.57823,200,379.902834
-118.697099,200,380.031867
-3.07318,200,380.079655
-119.820633,200,380.126051
-3.782487,200,380.172464
-248.324423,200,380.218755
-340.656405,200,380.264825
-126.573697,200,380.312251
-124.559185,200,380.359574
-342.707817,200,380.405857
-127.008044,200,380.452394
-116.981814,200,380.579441
-118.382309,200,380.626562
-126.704046,200,380.673766
-120.96226,200,380.720993
-124.307501,200,380.768378
-120.655006,200,380.815747
-129.7141,200,380.862085
-3.052014,200,380.910983
-127.025822,200,380.959596
-119.694938,200,381.00695
-116.500555,200,381.133738
-260.578729,200,381.181951
-129.210071,200,381.229883
-129.725833,200,381.276524
-129.027081,200,381.322865
-3.873631,200,381.369334
-118.510585,200,381.415945
-230.265826,200,381.462642
-341.470406,200,381.509214
-118.854083,200,381.55668
-243.367389,200,381.68242
-3.473186,200,381.729603
-3.930544,200,381.776973
-121.400219,200,381.823896
-229.800707,200,381.871678
-236.130387,200,381.918648
-127.121148,200,381.966274
-250.576766,200,382.013297
-309.44369,200,382.060269
-125.538352,200,382.105982
-234.132253,200,382.232344
-251.189209,200,382.281734
-249.059259,200,382.329705
-125.252797,200,382.375476
-234.58637,200,382.421714
-125.112059,200,382.467888
-238.932413,200,382.514986
-235.543488,200,382.561393
-116.150946,200,382.607676
-243.351178,200,382.655823
-3.049218,200,382.786486
-3.617508,200,382.833835
-125.915279,200,382.881128
-3.91279,200,382.928716
-124.451105,200,382.974737
-129.006005,200,383.022055
-245.541211,200,383.067966
-128.206498,200,383.114746
-127.762656,200,383.161583
-242.567639,200,383.207237
-236.923472,200,383.333384
-236.021125,200,383.381979
-253.346038,200,383.42911
-130.478878,200,383.4755
-122.81126,200,383.521055
-129.06038,200,383.568401
-129.986791,200,383.616427
-279.713728,200,383.66359
-239.388592,200,383.710275
-279.990396,200,383.757973
-353.149966,200,383.885713
-126.310845,200,383.934136
-121.62728,200,383.980317
-4.013158,200,384.027311
-123.782451,200,384.07323
-125.156942,200,384.11998
-245.912711,200,384.166155
-3.238399,200,384.212943
-246.84985,200,384.259165
-243.394456,200,384.305471
-127.96219,200,384.431861
-298.013342,200,384.479458
-117.768529,200,384.526159
-118.063148,200,384.57374
-125.876218,200,384.620434
-127.05513,200,384.666194
-124.432057,200,384.712396
-319.086693,200,384.760432
-124.136293,200,384.807406
-128.879691,200,384.853804
-243.646015,200,384.979448
-237.193282,200,385.027528
-119.454281,200,385.074134
-3.005708,200,385.120538
-127.466799,200,385.165909
-127.298095,200,385.212314
-3.178854,200,385.259687
-121.546682,200,385.305953
-242.964585,200,385.352852
-359.270122,200,385.398333
-346.056968,200,385.526839
-243.470336,200,385.57441
-314.752743,200,385.620499
-4.931504,200,385.669155
-257.092043,200,385.71541
-128.384479,200,385.762285
-120.998473,200,385.809442
-228.848362,200,385.856298
-3.232977,200,385.904443
-122.297378,200,385.954319
-235.042423,200,386.081671
-126.352852,200,386.129753
-237.341433,200,386.177317
-116.92818,200,386.225107
-128.900943,200,386.271165
-4.91682,200,386.319051
-3.822904,200,386.365967
-237.826992,200,386.412994
-309.724016,200,386.459517
-116.89907,200,386.50672
-249.458159,200,386.632402
-122.049829,200,386.680899
-123.4758,200,386.727853
-3.550129,200,386.77498
-118.679207,200,386.82113
-119.510684,200,386.868162
-128.625733,200,386.914912
-123.543591,200,386.961797
-278.678778,200,387.007322
-234.791929,200,387.052446
-121.776102,200,387.178843
-128.641735,200,387.250777
-123.96834,200,387.300071
-123.70674,200,387.347783
-126.074086,200,387.394905
-3.012558,200,387.442444
-247.664048,200,387.489955
-3.534249,200,387.535803
-117.780227,200,387.583394
-127.028068,200,387.629611
-125.241889,200,387.758773
-127.897676,200,387.806868
-246.987075,200,387.853729
-3.311944,200,387.900576
-245.728625,200,387.946917
-119.389334,200,387.993721
-232.674574,200,388.039747
-2.933511,200,388.086165
-234.392473,200,388.133246
-127.096317,200,388.179734
-127.66785,200,388.309949
-3.1623,200,388.35809
-355.605651,200,388.404703
-121.647559,200,388.451759
-304.529644,200,388.498929
-310.290918,200,388.545454
-278.643251,200,388.592638
-115.772495,200,388.639603
-127.772503,200,388.686553
-232.182167,200,388.73405
-118.855385,200,388.864092
-123.967167,200,388.912834
-3.220941,200,388.960349
-124.44843,200,389.007141
-130.670904,200,389.053917
-5.674141,200,389.101179
-116.678787,200,389.148405
-127.422263,200,389.195623
-122.750131,200,389.24117
-2.509001,200,389.287544
-116.92253,200,389.415461
-125.795997,200,389.463789
-3.247411,200,389.511817
-129.958251,200,389.558933
-351.889449,200,389.60597
-120.043639,200,389.652417
-122.412842,200,389.698909
-333.044074,200,389.746416
-343.574176,200,389.794749
-338.639535,200,389.841637
-126.791844,200,389.969077
-240.960043,200,390.018163
-127.785993,200,390.064133
-125.761408,200,390.110952
-123.845471,200,390.158022
-247.769515,200,390.2041
-130.913864,200,390.250526
-125.382536,200,390.297424
-127.47773,200,390.344407
-349.963401,200,390.390619
-126.505093,200,390.515934
-126.019611,200,390.566348
-364.484646,200,390.616293
-4.329172,200,390.663704
-128.398359,200,390.712907
-122.768009,200,390.762503
-7.854209,200,390.8132
-228.761031,200,390.864031
-129.585295,200,390.919071
-2.78064,200,390.975714
-342.666535,200,391.110381
-127.076588,200,391.158786
-116.756973,200,391.20763
-127.987363,200,391.255635
-120.215218,200,391.303658
-339.79771,200,391.351698
-436.79147,200,391.398707
-125.367533,200,391.446145
-125.442855,200,391.495159
-124.933751,200,391.5437
-119.652559,200,391.671042
-127.105192,200,391.71887
-259.190032,200,391.766825
-3.467654,200,391.81406
-240.98497,200,391.861197
-233.881251,200,391.907331
-239.646863,200,391.954388
-128.747828,200,392.000236
-242.634271,200,392.046086
-126.395977,200,392.092937
-235.968264,200,392.217534
-230.63278,200,392.265695
-314.401706,200,392.313709
-125.35666,200,392.361137
-118.523107,200,392.407861
-124.427391,200,392.453965
-124.53156,200,392.501069
-239.818423,200,392.547011
-129.160927,200,392.593167
-250.528998,200,392.6393
-242.67555,200,392.767955
-240.665496,200,392.816065
-4.790311,200,392.864177
-349.473125,200,392.910621
-237.318471,200,392.956695
-122.708112,200,393.003591
-314.984956,200,393.050392
-248.136616,200,393.097203
-129.353343,200,393.143604
-119.224347,200,393.190878
-246.033127,200,393.317192
-241.010847,200,393.364439
-250.110044,200,393.411096
-124.567015,200,393.457272
-243.728474,200,393.504413
-127.596917,200,393.550952
-251.690428,200,393.597233
-339.26079,200,393.642269
-122.718985,200,393.688253
-126.24722,200,393.734255
-117.892992,200,393.865429
-238.975587,200,393.914481
-123.137545,200,393.962412
-247.753791,200,394.010511
-238.217153,200,394.057851
-129.163803,200,394.105161
-3.067341,200,394.151917
-123.519122,200,394.199476
-120.753071,200,394.245722
-232.093937,200,394.293777
-126.631931,200,394.421563
-3.453168,200,394.468947
-127.235508,200,394.515579
-125.717106,200,394.565339
-246.021278,200,394.613945
-117.908104,200,394.662589
-117.822858,200,394.710115
-119.322124,200,394.758009
-127.412711,200,394.806979
-122.326857,200,394.854808
-124.596003,200,394.98452
-239.882396,200,395.033099
-236.825305,200,395.081843
-128.398002,200,395.129472
-126.458964,200,395.177297
-125.292691,200,395.225969
-118.519091,200,395.272641
-3.54589,200,395.318921
-130.301782,200,395.365173
-239.664474,200,395.41254
-123.890125,200,395.539976
-126.241737,200,395.587381
-352.952496,200,395.633717
-347.550252,200,395.680496
-118.702997,200,395.726627
-345.394717,200,395.773954
-117.155484,200,395.822466
-126.512256,200,395.869031
-280.263048,200,395.917207
-129.443113,200,395.965702
-365.690649,200,396.092996
-124.001194,200,396.140422
-117.787499,200,396.187086
-123.682967,200,396.233493
-368.091789,200,396.280642
-124.121239,200,396.330143
-3.216187,200,396.380737
-122.634448,200,396.430238
-241.869067,200,396.477232
-238.494673,200,396.524096
-244.670411,200,396.675034
-3.172467,200,396.722529
-124.607194,200,396.770466
-120.838686,200,396.817922
-127.179897,200,396.865276
-123.781556,200,396.912209
-2.935869,200,396.959263
-2.593167,200,397.006459
-238.450801,200,397.053535
-124.614599,200,397.099784
-120.617653,200,397.227269
-128.478397,200,397.274653
-121.770646,200,397.323288
-280.92532,200,397.37023
-3.015902,200,397.416514
-121.478429,200,397.463415
-230.238804,200,397.509674
-127.333028,200,397.556975
-125.145996,200,397.602917
-119.323889,200,397.650348
-128.304274,200,397.780232
-130.754656,200,397.827396
-2.858957,200,397.875342
-118.779622,200,397.922682
-125.45609,200,397.968492
-340.969346,200,398.015962
-240.671867,200,398.062498
-124.177525,200,398.109936
-122.399282,200,398.155958
-125.210681,200,398.203041
-126.21516,200,398.331464
-250.663078,200,398.378456
-120.785279,200,398.425658
-117.467407,200,398.471778
-239.655128,200,398.51746
-315.951107,200,398.56446
-4.874684,200,398.610649
-119.995401,200,398.657841
-243.086946,200,398.704369
-123.496027,200,398.750408
-127.304264,200,398.878052
-121.115307,200,398.924863
-128.921509,200,398.971249
-121.325437,200,399.018294
-127.208736,200,399.064216
-241.944201,200,399.111259
-124.676841,200,399.15763
-128.163537,200,399.204375
-239.98728,200,399.250818
-244.473721,200,399.296842
-130.773306,200,399.425332
-130.153657,200,399.472843
-117.595363,200,399.519789
-121.715923,200,399.566685
-117.428932,200,399.613005
-3.472878,200,399.658767
-243.33732,200,399.70581
-3.224267,200,399.753023
-126.483638,200,399.800619
-119.635082,200,399.84721
-121.337873,200,399.974003
-235.537615,200,400.02167
-118.617868,200,400.069135
-121.965539,200,400.114742
-361.98724,200,400.162518
-126.912668,200,400.20904
-127.253936,200,400.256407
-6.541045,200,400.302592
-3.907233,200,400.348304
-125.317296,200,400.393721
-230.00872,200,400.520487
-116.536122,200,400.567097
-367.193427,200,400.613488
-122.955619,200,400.661339
-254.097123,200,400.70739
-126.452325,200,400.754154
-329.649789,200,400.800536
-122.688142,200,400.847338
-127.200052,200,400.893541
-228.376639,200,400.941827
-247.190458,200,401.069032
-3.604959,200,401.116036
-120.205252,200,401.163505
-119.327939,200,401.209001
-127.045862,200,401.254307
-303.699132,200,401.30176
-126.335472,200,401.348247
-5.059352,200,401.394484
-3.119635,200,401.439985
-129.788872,200,401.48555
-122.04768,200,401.610643
-253.607299,200,401.658721
-121.992142,200,401.705808
-130.153132,200,401.752334
-302.789033,200,401.799191
-123.010502,200,401.846685
-128.274897,200,401.893715
-122.13898,200,401.940503
-124.94704,200,401.987253
-119.912218,200,402.034031
-117.53517,200,402.162091
-242.810257,200,402.210075
-122.780764,200,402.25755
-119.072546,200,402.305289
-119.988902,200,402.351713
-275.579841,200,402.398921
-118.289419,200,402.445345
-231.606866,200,402.491696
-345.970401,200,402.538224
-3.807592,200,402.585115
-119.433641,200,402.712785
-244.182073,200,402.760941
-242.980218,200,402.809393
-353.599017,200,402.856911
-235.108687,200,402.90298
-127.189371,200,402.950113
-125.744959,200,402.99696
-3.463773,200,403.0436
-240.367959,200,403.089836
-3.67687,200,403.136169
-126.946664,200,403.263382
-244.814541,200,403.311865
-127.825404,200,403.358509
-125.872486,200,403.406216
-3.796406,200,403.454493
-127.061801,200,403.502505
-249.309819,200,403.549776
-230.818245,200,403.597262
-118.936071,200,403.645132
-117.500499,200,403.692557
-4.577881,200,403.820691
-252.735982,200,403.869925
-359.369438,200,403.918072
-124.611232,200,403.965305
-240.058347,200,404.011561
-2.974387,200,404.057688
-126.672346,200,404.104614
-126.890356,200,404.151575
-3.866634,200,404.198232
-336.812885,200,404.244782
-125.088655,200,404.372438
-124.472032,200,404.42043
-233.056291,200,404.466508
-127.449483,200,404.514774
-248.841053,200,404.561314
-118.854293,200,404.608724
-124.881422,200,404.654878
-123.450463,200,404.701529
-122.411464,200,404.747921
-121.755316,200,404.795551
-5.114502,200,404.951742
-127.097647,200,405.001786
-246.456563,200,405.048765
-241.379921,200,405.095805
-121.405659,200,405.142415
-130.609326,200,405.189459
-117.870633,200,405.23675
-118.019359,200,405.284763
-322.551285,200,405.331804
-243.228446,200,405.378533
-121.961648,200,405.507691
-119.255263,200,405.555565
-126.365635,200,405.602264
-125.937864,200,405.648474
-127.49404,200,405.695497
-127.388268,200,405.741713
-235.537742,200,405.788315
-128.71089,200,405.835796
-119.998697,200,405.882725
-127.815962,200,405.931029
-125.780973,200,406.060521
-233.191216,200,406.108808
-128.181964,200,406.155826
-129.270091,200,406.201308
-333.413454,200,406.248606
-128.130864,200,406.295713
-2.891666,200,406.342788
-122.1848,200,406.389629
-126.741421,200,406.436606
-128.082688,200,406.483742
-116.973077,200,406.612608
-121.223339,200,406.660842
-235.929091,200,406.707358
-125.662138,200,406.75471
-126.536109,200,406.802221
-126.39106,200,406.849101
-129.585017,200,406.896353
-116.978997,200,406.942006
-238.782972,200,406.987565
-3.019358,200,407.03398
-124.158869,200,407.159897
-121.889951,200,407.207385
-235.94839,200,407.254161
-127.19109,200,407.301275
-121.468106,200,407.348145
-127.423827,200,407.394318
-123.10086,200,407.441187
-126.363142,200,407.488442
-128.639358,200,407.534352
-6.727161,200,407.581601
-126.985446,200,407.710272
-127.582487,200,407.758064
-119.115012,200,407.80708
-124.190838,200,407.853284
-362.19482,200,407.900109
-332.111529,200,407.945843
-242.564059,200,407.992705
-122.160229,200,408.040206
-238.668908,200,408.086877
-122.510276,200,408.13277
-246.473781,200,408.259968
-122.503963,200,408.30804
-124.6923,200,408.354597
-4.0386,200,408.400865
-126.821505,200,408.448249
-121.563182,200,408.495588
-341.045404,200,408.542533
-240.714833,200,408.588852
-339.294227,200,408.634984
-318.154715,200,408.681333
-264.67454,200,408.807049
-237.358012,200,408.855573
-118.366071,200,408.902609
-321.52019,200,408.950451
-2.233225,200,408.997624
-122.296542,200,409.04333
-236.526015,200,409.089408
-118.073347,200,409.134626
-2.521972,200,409.180798
-3.913649,200,409.227653
-118.433117,200,409.354453
-4.413231,200,409.402086
-123.876975,200,409.449903
-119.661857,200,409.496736
-243.974693,200,409.544409
-223.601082,200,409.590918
-339.71261,200,409.638263
-243.092393,200,409.685236
-242.659241,200,409.732503
-127.120603,200,409.778688
-128.711998,200,409.90606
-2.459938,200,409.952095
-127.024919,200,409.99944
-3.177808,200,410.046601
-304.608399,200,410.093554
-252.837935,200,410.139649
-3.474986,200,410.185408
-128.798434,200,410.232131
-118.851661,200,410.279223
-116.456234,200,410.325495
-125.5256,200,410.454501
-238.608104,200,410.50228
-126.471242,200,410.549144
-234.745562,200,410.595945
-124.395878,200,410.642001
-127.346286,200,410.686984
-2.981156,200,410.733016
-333.932773,200,410.779755
-128.211771,200,410.826421
-125.956755,200,410.872989
-356.429659,200,411.002281
-128.132844,200,411.050155
-350.863,200,411.097368
-232.245486,200,411.144618
-243.79015,200,411.191383
-224.57433,200,411.237708
-116.87327,200,411.283798
-239.741643,200,411.329592
-237.491894,200,411.376081
-336.609129,200,411.421904
-122.488506,200,411.549978
-117.421374,200,411.597931
-126.817431,200,411.644754
-124.09055,200,411.690185
-233.940664,200,411.736226
-3.093975,200,411.78329
-118.517871,200,411.83094
-121.92928,200,411.877566
-127.508322,200,411.924104
-129.210473,200,411.970021
-122.510477,200,412.097078
-3.499416,200,412.145697
-127.495081,200,412.193544
-127.352236,200,412.240651
-322.827234,200,412.287753
-125.254126,200,412.335142
-6.318644,200,412.381419
-309.560893,200,412.42864
-238.434019,200,412.475402
-125.829199,200,412.522243
-256.277665,200,412.64933
-246.248334,200,412.697127
-124.356092,200,412.743605
-126.614952,200,412.791694
-245.891472,200,412.840273
-122.596345,200,412.887132
-126.910853,200,412.933314
-129.393872,200,412.980974
-231.624499,200,413.027645
-126.62722,200,413.073931
-118.576463,200,413.202682
-122.57629,200,413.250594
-127.212758,200,413.297551
-235.186944,200,413.344638
-118.970867,200,413.391735
-3.565342,200,413.438404
-236.776256,200,413.485096
-128.516217,200,413.532421
-117.50869,200,413.578408
-240.525415,200,413.624619
-125.386503,200,413.751734
-2.913654,200,413.828799
-116.971239,200,413.875249
-129.102369,200,413.922607
-247.50843,200,413.96889
-236.97306,200,414.015617
-126.826736,200,414.062244
-123.223493,200,414.110046
-2.886908,200,414.157122
-241.471232,200,414.202886
-118.726482,200,414.331121
-129.704745,200,414.378254
-125.914841,200,414.425243
-251.161821,200,414.472086
-236.294113,200,414.518797
-337.167703,200,414.566101
-3.107698,200,414.613795
-234.985918,200,414.661266
-251.34831,200,414.708641
-2.73709,200,414.754657
-123.822912,200,414.882233
-124.585778,200,414.92945
-128.616148,200,414.975452
-2.934753,200,415.022465
-235.725823,200,415.06934
-126.980473,200,415.117111
-235.365478,200,415.164076
-118.663233,200,415.211316
-243.29609,200,415.257399
-3.659537,200,415.304017
-125.701451,200,415.430127
-235.329173,200,415.47753
-126.017704,200,415.525224
-481.849687,200,415.571861
-126.652621,200,415.618928
-119.510185,200,415.665437
-125.480484,200,415.712189
-122.213946,200,415.759315
-127.659772,200,415.8064
-128.303146,200,415.853324
-121.369029,200,415.985145
-120.488851,200,416.031565
-338.943798,200,416.07803
-126.006915,200,416.125216
-115.928453,200,416.171558
-239.290324,200,416.217391
-239.768292,200,416.264479
-233.179171,200,416.310676
-116.812379,200,416.358548
-3.771029,200,416.405388
-129.192773,200,416.532091
-128.036184,200,416.579955
-125.965094,200,416.625913
-121.338104,200,416.672463
-121.118284,200,416.720104
-124.396788,200,416.767462
-119.932903,200,416.81565
-241.004745,200,416.862267
-227.942603,200,416.909948
-122.867639,200,416.956465
-122.827804,200,417.083786
-242.243981,200,417.130912
-235.738501,200,417.177407
-127.879165,200,417.225027
-3.281105,200,417.271279
-120.970412,200,417.318795
-231.552161,200,417.365636
-124.924236,200,417.411994
-122.744825,200,417.458094
-364.535933,200,417.505038
-4.376904,200,417.630535
-127.491557,200,417.678705
-371.992704,200,417.726809
-116.62369,200,417.773512
-126.562341,200,417.822548
-126.109124,200,417.870221
-122.391411,200,417.917151
-125.581007,200,417.964079
-3.952144,200,418.010967
-122.033584,200,418.05718
-129.345324,200,418.183918
-3.556845,200,418.231216
-116.722593,200,418.279109
-127.58383,200,418.326676
-122.995078,200,418.373106
-118.531082,200,418.42136
-294.984556,200,418.46758
-120.611184,200,418.513874
-247.85993,200,418.561174
-3.278546,200,418.607881
-122.727272,200,418.737143
-244.761813,200,418.785713
-123.095235,200,418.832833
-126.179648,200,418.878813
-507.953996,200,418.924238
-123.24958,200,418.971543
-117.558686,200,419.018066
-3.222706,200,419.064637
-125.793923,200,419.111527
-123.87764,200,419.157935
-123.366423,200,419.284776
-127.114242,200,419.332897
-123.940713,200,419.380289
-123.133765,200,419.427148
-123.012999,200,419.475056
-120.670494,200,419.521987
-290.067301,200,419.567469
-124.951694,200,419.613904
-345.164948,200,419.660672
-3.585276,200,419.706695
-121.466519,200,419.834525
-299.619601,200,419.882266
-128.296178,200,419.929543
-125.378565,200,419.97526
-231.215354,200,420.022754
-239.934488,200,420.070169
-231.086105,200,420.115641
-245.910595,200,420.161773
-121.536782,200,420.208852
-124.931646,200,420.256021
-127.112887,200,420.383212
-121.487781,200,420.430249
-246.662128,200,420.477608
-123.006191,200,420.524642
-120.944912,200,420.571119
-479.132801,200,420.618072
-337.80883,200,420.66458
-128.242592,200,420.711543
-125.108347,200,420.758383
-233.068545,200,420.806729
-332.181422,200,420.935787
-247.515551,200,420.984381
-118.529676,200,421.032327
-126.233617,200,421.079562
-323.687449,200,421.126447
-2.79713,200,421.173004
-239.159934,200,421.218817
-125.557182,200,421.265458
-127.149771,200,421.311914
-123.930338,200,421.357667
-368.610301,200,421.485932
-2.993624,200,421.533234
-239.230497,200,421.580531
-237.244289,200,421.62666
-242.929947,200,421.672743
-128.903318,200,421.71879
-120.572504,200,421.765066
-236.176279,200,421.812255
-344.186846,200,421.859748
-122.94226,200,421.907046
-126.609436,200,422.034291
-340.85506,200,422.080867
-239.070522,200,422.129412
-238.286027,200,422.176162
-2.922742,200,422.223086
-261.923177,200,422.269271
-235.372084,200,422.315939
-123.141593,200,422.362366
-228.971614,200,422.408718
-120.533163,200,422.456864
-129.041125,200,422.582925
-122.385594,200,422.653558
-126.71245,200,422.702939
-236.604422,200,422.748929
-118.840731,200,422.79607
-3.702444,200,422.844854
-121.212222,200,422.891578
-123.912901,200,422.938872
-3.329646,200,422.985686
-125.5243,200,423.031988
-124.132551,200,423.158581
-221.915436,200,423.20616
-121.455448,200,423.253022
-3.890662,200,423.29981
-5.251641,200,423.346319
-129.377987,200,423.391598
-235.610847,200,423.437472
-123.473079,200,423.483699
-242.262816,200,423.529488
-240.448014,200,423.576097
-238.477135,200,423.702932
-119.629658,200,423.750368
-124.863441,200,423.798135
-123.845037,200,423.845346
-233.482323,200,423.891442
-119.816983,200,423.937279
-127.002504,200,423.982874
-3.180194,200,424.029963
-122.529452,200,424.076144
-247.14648,200,424.121452
-241.268442,200,424.25073
-125.841694,200,424.298987
-121.033152,200,424.346529
-230.371392,200,424.392662
-123.948381,200,424.439177
-127.546605,200,424.485849
-351.411514,200,424.532946
-126.934601,200,424.580817
-353.669909,200,424.628876
-8.456716,200,424.675948
-226.143485,200,424.80524
-125.132057,200,424.855123
-128.663315,200,424.903858
-243.332769,200,424.951745
-2.920223,200,424.998495
-121.309805,200,425.04507
-128.435793,200,425.092711
-122.157679,200,425.140025
-127.580616,200,425.186561
-124.833549,200,425.233834
-127.685948,200,425.360995
-121.531112,200,425.409282
-243.324106,200,425.45602
-124.631031,200,425.503173
-244.905316,200,425.548921
-129.098402,200,425.595166
-117.603275,200,425.642239
-122.397364,200,425.688761
-4.745886,200,425.735249
-3.189848,200,425.78223
-3.706272,200,425.909001
-118.882001,200,425.959293
-322.056078,200,426.007223
-226.978018,200,426.055619
-127.468832,200,426.102177
-246.865965,200,426.148499
-299.607723,200,426.195766
-121.540169,200,426.24241
-125.167428,200,426.289939
-4.04177,200,426.339283
-125.417523,200,426.472154
-119.874897,200,426.520071
-4.089978,200,426.567081
-122.594093,200,426.612861
-116.65292,200,426.659106
-119.928765,200,426.705859
-124.182198,200,426.751259
-120.196071,200,426.797248
-343.749593,200,426.844046
-3.235253,200,426.890556
-126.294369,200,427.019423
-228.506322,200,427.065206
-242.71512,200,427.112401
-125.940487,200,427.160346
-119.907221,200,427.206856
-3.486864,200,427.253661
-121.99155,200,427.299773
-128.185589,200,427.3461
-125.32175,200,427.39242
-271.489108,200,427.438141
-124.49951,200,427.56425
-126.759461,200,427.612389
-237.367692,200,427.65812
-124.472488,200,427.704774
-243.525592,200,427.751394
-118.423507,200,427.79807
-122.474574,200,427.84562
-337.304942,200,427.894742
-298.337069,200,427.941736
-4.560541,200,427.989842
-121.749049,200,428.116957
-371.462256,200,428.1651
-118.766959,200,428.211193
-116.959044,200,428.258201
-129.802577,200,428.305658
-315.1385,200,428.352627
-126.381467,200,428.400168
-125.531776,200,428.446027
-243.462394,200,428.492566
-120.438052,200,428.539504
-356.609012,200,428.665636
-357.252617,200,428.713421
-129.015997,200,428.759081
-117.681376,200,428.805577
-253.301713,200,428.853831
-129.35481,200,428.901188
-234.541229,200,428.94763
-125.343562,200,428.99373
-126.221752,200,429.039258
-252.025163,200,429.085369
-118.663444,200,429.210523
-120.608372,200,429.257764
-132.939115,200,429.305657
-123.789522,200,429.352382
-121.89797,200,429.399173
-120.466869,200,429.445623
-356.320578,200,429.492731
-337.409096,200,429.539236
-119.346605,200,429.585315
-364.211247,200,429.632001
-121.854002,200,429.760223
-3.359264,200,429.808716
-239.476553,200,429.855465
-233.59422,200,429.902697
-116.323718,200,429.95036
-248.755622,200,429.997541
-126.980897,200,430.045492
-5.754472,200,430.092182
-314.420178,200,430.138786
-3.413908,200,430.185385
-127.495191,200,430.313456
-121.739882,200,430.362102
-4.288929,200,430.409459
-334.004736,200,430.456724
-122.587364,200,430.503388
-126.769712,200,430.549308
-3.55162,200,430.59655
-244.620251,200,430.643395
-242.521321,200,430.690438
-294.408592,200,430.736899
-3.425594,200,430.865727
-128.274115,200,430.913176
-117.358632,200,430.96315
-122.576766,200,431.010644
-237.640291,200,431.058213
-250.658007,200,431.104833
-121.75559,200,431.150731
-246.51876,200,431.196933
-228.960595,200,431.244228
-126.357986,200,431.291466
-124.455662,200,431.418645
-240.458473,200,431.488814
-128.152424,200,431.537793
-242.031045,200,431.584457
-241.832505,200,431.631681
-293.439706,200,431.677334
-124.394379,200,431.724932
-118.670059,200,431.770972
-358.382539,200,431.817636
-121.632213,200,431.864479
-3.269084,200,431.991694
-242.715928,200,432.037975
-127.78958,200,432.0857
-123.996813,200,432.131808
-127.759458,200,432.178677
-118.915981,200,432.225178
-244.056901,200,432.271153
-237.928481,200,432.318618
-5.826155,200,432.364349
-243.989393,200,432.411013
-122.59688,200,432.541266
-120.315838,200,432.589611
-127.93206,200,432.636371
-127.276429,200,432.683189
-234.797154,200,432.73016
-123.029308,200,432.777174
-125.659024,200,432.823592
-234.856143,200,432.871939
-244.247661,200,432.919207
-118.331619,200,432.965076
-126.731188,200,433.092434
-6.127073,200,433.140767
-230.127022,200,433.188111
-128.660756,200,433.236165
-304.613006,200,433.283854
-243.477129,200,433.330754
-240.354711,200,433.377293
-129.132868,200,433.424674
-127.060169,200,433.471437
-243.597079,200,433.518501
-125.926844,200,433.647552
-127.675393,200,433.695652
-124.302846,200,433.743955
-2.932027,200,433.79098
-241.183075,200,433.837206
-120.712112,200,433.885936
-246.800588,200,433.932541
-128.225451,200,433.979673
-126.231649,200,434.026081
-127.359509,200,434.072913
-2.807104,200,434.200635
-242.57679,200,434.249084
-2.88755,200,434.297003
-126.293462,200,434.344751
-128.915104,200,434.392298
-127.406619,200,434.439889
-120.999457,200,434.486961
-2.77123,200,434.534281
-125.995046,200,434.581246
-332.144396,200,434.628967
-234.489452,200,434.756696
-229.930249,200,434.805494
-118.498556,200,434.853426
-117.014554,200,434.901461
-126.120945,200,434.94861
-127.029316,200,434.996316
-125.621782,200,435.043368
-340.121596,200,435.090203
-128.245658,200,435.137328
-122.72137,200,435.183743
-123.447885,200,435.313006
-3.964945,200,435.360714
-121.363721,200,435.408805
-490.838178,200,435.455527
-232.540765,200,435.503129
-125.062103,200,435.549719
-122.781701,200,435.596976
-128.297942,200,435.643938
-116.306615,200,435.690141
-236.215919,200,435.737003
-126.956885,200,435.865945
-294.268207,200,435.913749
-123.25084,200,435.963348
-121.608343,200,436.011262
-5.790982,200,436.05681
-118.81529,200,436.102446
-127.578585,200,436.149372
-129.48951,200,436.196371
-127.691655,200,436.24215
-3.063408,200,436.287577
-241.38782,200,436.414541
-125.088367,200,436.463623
-121.088888,200,436.510101
-348.869159,200,436.555632
-128.471556,200,436.601661
-116.090154,200,436.648695
-116.22926,200,436.695473
-127.211098,200,436.741545
-126.084041,200,436.787716
-124.57312,200,436.83369
-119.602873,200,436.96093
-236.249219,200,437.009417
-129.001396,200,437.056564
-127.735754,200,437.103588
-121.42752,200,437.149234
-121.248639,200,437.19617
-121.186055,200,437.242899
-122.438632,200,437.288967
-119.557207,200,437.335465
-129.172169,200,437.380834
-123.919502,200,437.508392
-124.673911,200,437.555294
-121.276155,200,437.602116
-123.174343,200,437.648491
-3.340566,200,437.695848
-119.929126,200,437.742064
-326.800199,200,437.789294
-127.03937,200,437.836322
-126.350194,200,437.88518
-123.098384,200,437.932104
-244.67823,200,438.063595
-3.432132,200,438.110505
-246.025805,200,438.156805
-3.910769,200,438.20324
-115.444806,200,438.249367
-248.909224,200,438.296007
-4.413846,200,438.342494
-276.496166,200,438.38882
-127.420273,200,438.434581
-238.7588,200,438.48147
-118.674664,200,438.610079
-126.39305,200,438.658418
-123.760612,200,438.704937
-127.123847,200,438.751587
-121.016083,200,438.799463
-126.111274,200,438.846057
-132.255749,200,438.894011
-243.301916,200,438.940662
-126.280448,200,438.987241
-4.768012,200,439.032969
-242.534343,200,439.159743
-243.825643,200,439.206417
-249.892265,200,439.253918
-247.895474,200,439.300291
-124.937607,200,439.347186
-123.256685,200,439.393453
-118.749514,200,439.439879
-362.508155,200,439.486973
-126.512666,200,439.533893
-351.362183,200,439.579911
-240.598737,200,439.706722
-244.862352,200,439.75495
-120.454281,200,439.802482
-120.659211,200,439.849786
-127.341036,200,439.896878
-127.525207,200,439.943084
-126.225443,200,439.990706
-124.467415,200,440.038338
-248.221281,200,440.085905
-128.643003,200,440.132296
-119.851649,200,440.260047
-126.895781,200,440.333349
-244.696653,200,440.382291
-126.346829,200,440.429904
-237.221222,200,440.476835
-5.495897,200,440.523963
-120.574954,200,440.571364
-116.799127,200,440.617963
-242.740887,200,440.664315
-119.17568,200,440.71161
-296.853026,200,440.842654
-124.084822,200,440.891138
-128.402917,200,440.940693
-127.506067,200,440.988796
-3.460713,200,441.035684
-255.595823,200,441.081605
-128.500828,200,441.128289
-119.335176,200,441.175921
-127.852915,200,441.222266
-118.343568,200,441.268421
-122.11976,200,441.396402
-120.654098,200,441.444817
-128.103518,200,441.492202
-125.477407,200,441.537924
-232.214942,200,441.584354
-318.336895,200,441.630947
-121.815042,200,441.677498
-235.236989,200,441.722943
-130.248386,200,441.768973
-5.008067,200,441.815162
-332.511498,200,441.942283
-363.375338,200,441.989681
-116.917341,200,442.036755
-127.247485,200,442.084246
-253.751897,200,442.130727
-120.211035,200,442.178232
-250.57341,200,442.224955
-3.7459,200,442.270781
-121.019687,200,442.317159
-242.126195,200,442.364116
-116.04795,200,442.491184
-250.047876,200,442.539167
-250.254413,200,442.586442
-121.486851,200,442.633434
-235.616581,200,442.681788
-248.936996,200,442.728865
-238.972517,200,442.77603
-128.235805,200,442.823013
-228.213931,200,442.87098
-129.235461,200,442.91885
-254.177734,200,443.045672
-132.074921,200,443.09424
-127.381819,200,443.140535
-124.775736,200,443.187093
-117.686655,200,443.232926
-122.97514,200,443.278925
-120.459816,200,443.324459
-129.610499,200,443.372165
-122.66861,200,443.41992
-115.683393,200,443.466628
-118.730991,200,443.595276
-242.10371,200,443.644274
-126.192401,200,443.691543
-122.933913,200,443.738594
-123.308432,200,443.785236
-3.104549,200,443.831892
-245.218877,200,443.880268
-246.205501,200,443.926285
-116.965012,200,443.973726
-120.889934,200,444.020216
-248.984418,200,444.146983
-123.845595,200,444.195592
-125.191663,200,444.24269
-238.915083,200,444.289394
-120.754185,200,444.33444
-119.687327,200,444.380124
-127.803753,200,444.426512
-127.726661,200,444.47334
-124.354353,200,444.519126
-3.466086,200,444.565907
-125.373934,200,444.692262
-117.171981,200,444.74067
-126.997887,200,444.787828
-127.856905,200,444.834464
-123.759603,200,444.881767
-242.693565,200,444.928937
-4.532829,200,444.975277
-123.834469,200,445.021935
-252.744102,200,445.067957
-295.20699,200,445.113752
-128.531398,200,445.238876
-129.254139,200,445.286866
-3.195114,200,445.333605
-124.882866,200,445.381445
-128.054549,200,445.427787
-125.873675,200,445.474377
-118.387939,200,445.520765
-3.229244,200,445.566312
-251.877734,200,445.613732
-122.231299,200,445.659922
-247.591314,200,445.786391
-121.102997,200,445.834783
-125.150641,200,445.882535
-121.548201,200,445.930238
-122.912592,200,445.978996
-123.301593,200,446.025081
-352.564204,200,446.071603
-125.579524,200,446.118041
-242.297842,200,446.164301
-127.772242,200,446.209705
-3.245269,200,446.339427
-128.228925,200,446.386754
-120.742174,200,446.434126
-242.597037,200,446.48122
-116.92291,200,446.528848
-321.004364,200,446.575969
-129.71195,200,446.623639
-236.065938,200,446.670034
-119.456476,200,446.716754
-129.098635,200,446.763727
-129.513107,200,446.892063
-131.356945,200,446.939173
-3.876869,200,446.987038
-230.954025,200,447.033597
-125.844316,200,447.080565
-241.833973,200,447.12766
-246.565043,200,447.173798
-232.321087,200,447.22008
-126.82643,200,447.265574
-125.95408,200,447.312325
-127.850769,200,447.43809
-356.240544,200,447.487192
-242.206595,200,447.53305
-123.29637,200,447.578322
-122.701737,200,447.623589
-359.637584,200,447.66993
-2.57715,200,447.715928
-4.096458,200,447.763859
-120.634578,200,447.810602
-125.314905,200,447.857217
-248.402143,200,447.98515
-120.281591,200,448.032851
-238.931403,200,448.080172
-250.087957,200,448.127966
-233.612918,200,448.175108
-124.283836,200,448.222093
-2.663977,200,448.26951
-124.97429,200,448.315216
-3.213012,200,448.361809
-3.398094,200,448.407576
-3.000915,200,448.533938
-4.984581,200,448.580856
-118.941485,200,448.627569
-131.708652,200,448.674668
-236.147198,200,448.720179
-123.319235,200,448.767386
-126.763688,200,448.814944
-126.448702,200,448.861714
-249.151946,200,448.908838
-130.077648,200,448.95493
-121.004951,200,449.084471
-135.303004,200,449.133779
-318.898478,200,449.18112
-128.005236,200,449.227248
-126.780158,200,449.273707
-3.427417,200,449.320679
-127.898852,200,449.36707
-127.569394,200,449.413533
-118.032784,200,449.460862
-3.398659,200,449.506783
-118.958216,200,449.658609
-3.43813,200,449.706238
-126.222482,200,449.753569
-244.612396,200,449.800032
-229.944229,200,449.848162
-338.437737,200,449.894036
-6.336016,200,449.941039
-127.846097,200,449.988854
-121.778108,200,450.034369
-120.711128,200,450.080912
-250.933479,200,450.20783
-122.307874,200,450.255588
-8.292443,200,450.303797
-236.616932,200,450.350051
-123.181304,200,450.397397
-129.482454,200,450.44503
-119.480613,200,450.491738
-129.574885,200,450.538476
-116.924306,200,450.585197
-119.440055,200,450.631514
-126.82668,200,450.758939
-323.758217,200,450.807107
-239.984145,200,450.855364
-236.70966,200,450.90277
-130.067748,200,450.951839
-119.119919,200,450.999935
-2.951332,200,451.0459
-123.017553,200,451.09304
-123.691282,200,451.139723
-126.659185,200,451.186211
-127.854623,200,451.314101
-126.444358,200,451.361852
-247.746065,200,451.407968
-121.254846,200,451.454261
-124.94023,200,451.500301
-355.984646,200,451.547033
-127.908667,200,451.593043
-123.47218,200,451.639844
-239.605972,200,451.686733
-117.294743,200,451.732802
-124.168558,200,451.862743
-124.739082,200,451.910633
-117.990974,200,451.957367
-122.811111,200,452.003583
-126.443415,200,452.050013
-237.395706,200,452.095628
-125.678703,200,452.143698
-238.037286,200,452.193618
-128.174236,200,452.240773
-3.74046,200,452.288363
-123.19231,200,452.416988
-120.869672,200,452.464565
-118.500069,200,452.511913
-116.26232,200,452.558858
-242.135159,200,452.605305
-125.113067,200,452.653136
-322.947965,200,452.699924
-351.650178,200,452.747518
-127.744771,200,452.794993
-117.586368,200,452.842593
-3.190039,200,452.971385
-120.211681,200,453.019848
-122.01146,200,453.068381
-236.325063,200,453.114614
-121.466761,200,453.161357
-125.858528,200,453.208518
-245.885331,200,453.255238
-244.348908,200,453.302062
-121.917039,200,453.349112
-125.633751,200,453.395313
-232.869753,200,453.521598
-239.45285,200,453.569027
-121.336255,200,453.61469
-4.35574,200,453.661664
-246.594381,200,453.708114
-245.26133,200,453.754711
-364.54227,200,453.800572
-239.418287,200,453.848064
-241.81649,200,453.895266
-128.373275,200,453.942123
-341.797976,200,454.069204
-128.676407,200,454.11655
-243.208283,200,454.163045
-126.454618,200,454.209359
-123.430213,200,454.254435
-130.572201,200,454.301467
-120.530684,200,454.348076
-236.734629,200,454.394209
-125.867312,200,454.440094
-119.912607,200,454.486698
-250.902148,200,454.617045
-3.737088,200,454.666943
-116.347211,200,454.716094
-123.490304,200,454.764197
-3.920236,200,454.811755
-119.820909,200,454.859546
-125.058239,200,454.908896
-244.256301,200,454.956019
-237.188964,200,455.002541
-123.470074,200,455.049558
-123.727995,200,455.179567
-124.339346,200,455.22776
-121.001106,200,455.275007
-127.445854,200,455.320934
-128.457674,200,455.367567
-361.153142,200,455.41405
-250.640114,200,455.460614
-120.276074,200,455.507322
-124.205903,200,455.554579
-4.492843,200,455.600309
-3.239537,200,455.726397
-117.153081,200,455.774269
-3.17239,200,455.820816
-237.228302,200,455.867659
-121.842334,200,455.914914
-116.18185,200,455.964181
-117.368483,200,456.012135
-123.132138,200,456.058955
-123.216297,200,456.105572
-359.698715,200,456.152512
-128.435919,200,456.279994
-130.78238,200,456.32959
-236.043627,200,456.380194
-3.366411,200,456.430297
-241.841758,200,456.478521
-126.777902,200,456.525253
-126.295978,200,456.572899
-128.113939,200,456.619407
-340.179965,200,456.665827
-121.073462,200,456.712414
-3.533882,200,456.840078
-129.524762,200,456.887725
-3.438301,200,456.934394
-117.773137,200,456.980741
-128.243035,200,457.027049
-238.672149,200,457.072233
-238.579526,200,457.119472
-128.455142,200,457.166616
-361.756249,200,457.212002
-236.863984,200,457.258275
-362.1689,200,457.41076
-128.286627,200,457.45824
-240.446087,200,457.504475
-126.055694,200,457.551404
-124.174242,200,457.59877
-239.70354,200,457.644128
-369.909311,200,457.691192
-240.922457,200,457.736692
-126.47324,200,457.783838
-247.795923,200,457.831019
-123.598133,200,457.959246
-257.031384,200,458.007956
-129.610837,200,458.055082
-3.897804,200,458.102092
-124.982068,200,458.148822
-126.593479,200,458.194575
-243.772955,200,458.242037
-119.382928,200,458.289867
-117.178701,200,458.336074
-121.55182,200,458.381985
-234.9462,200,458.508792
-231.586654,200,458.55601
-118.934071,200,458.602275
-122.718302,200,458.648768
-237.300128,200,458.695794
-2.689734,200,458.742697
-120.405273,200,458.789708
-247.211071,200,458.836502
-118.672871,200,458.882207
-233.025451,200,458.929363
-123.908849,200,459.056132
-234.096577,200,459.10364
-126.688482,200,459.150218
-247.206062,200,459.195639
-129.246214,200,459.242329
-237.367123,200,459.28896
-124.518734,200,459.335416
-126.246401,200,459.382342
-129.82662,200,459.428386
-2.950241,200,459.474941
-121.027588,200,459.602098
-124.394222,200,459.649944
-128.52062,200,459.696967
-116.500175,200,459.74442
-117.6086,200,459.791845
-117.168402,200,459.83895
-351.400569,200,459.884781
-124.870507,200,459.932797
-128.60456,200,459.979057
-120.106163,200,460.026665
-229.017201,200,460.156491
-246.843448,200,460.204466
-248.776443,200,460.252003
-128.143844,200,460.299572
-2.530396,200,460.347294
-358.384588,200,460.394205
-245.846318,200,460.440945
-234.472627,200,460.488381
-128.574208,200,460.534671
-233.763022,200,460.58181
-311.587583,200,460.709689
-244.663012,200,460.757321
-8.970463,200,460.805367
-119.710422,200,460.853555
-122.018133,200,460.901511
-362.961208,200,460.950354
-337.964619,200,460.999301
-123.75342,200,461.045857
-235.62202,200,461.093207
-248.885748,200,461.140796
-118.095963,200,461.269621
-249.811046,200,461.317798
-120.372563,200,461.364228
-315.430275,200,461.411021
-118.196168,200,461.458458
-123.109857,200,461.505232
-117.824625,200,461.551952
-128.653307,200,461.599525
-121.337474,200,461.644987
-5.981717,200,461.69117
-125.601198,200,461.818099
-122.580266,200,461.866576
-352.363567,200,461.915652
-118.15127,200,461.962419
-126.069641,200,462.010123
-118.394626,200,462.05772
-3.000901,200,462.105533
-236.707655,200,462.152458
-133.525817,200,462.199864
-128.700213,200,462.245611
-125.047503,200,462.373174
-230.120759,200,462.419978
-118.974848,200,462.467088
-125.270356,200,462.515338
-243.356672,200,462.561937
-3.028884,200,462.609208
-233.538508,200,462.655798
-245.826193,200,462.702391
-4.009699,200,462.748051
-127.810753,200,462.795066
-362.610755,200,462.925008
-127.237805,200,462.972295
-241.828816,200,463.02029
-118.269077,200,463.067698
-122.526091,200,463.115149
-125.845385,200,463.162442
-313.423486,200,463.209986
-124.634622,200,463.257307
-119.777337,200,463.302938
-121.196206,200,463.3492
-128.997849,200,463.476651
-3.789996,200,463.523838
-121.986969,200,463.571818
-121.530823,200,463.618298
-126.527928,200,463.66483
-127.02177,200,463.712178
-119.566278,200,463.7591
-274.959653,200,463.806182
-127.05039,200,463.853503
-241.716737,200,463.900952
-240.25483,200,464.028307
-125.675159,200,464.075949
-123.551155,200,464.122291
-126.684324,200,464.169386
-266.779581,200,464.216329
-126.282711,200,464.262563
-2.946076,200,464.308829
-347.468372,200,464.354922
-284.343241,200,464.402364
-117.567655,200,464.449615
-118.74698,200,464.575817
-3.105586,200,464.622645
-268.471816,200,464.668836
-122.539393,200,464.71593
-119.903491,200,464.762811
-230.303251,200,464.808545
-120.25041,200,464.854554
-123.099661,200,464.902879
-122.291272,200,464.949963
-125.303438,200,464.996573
-127.890841,200,465.123227
-120.290742,200,465.171469
-123.030221,200,465.219035
-252.419331,200,465.265214
-125.535725,200,465.311015
-2.978522,200,465.357072
-121.238963,200,465.404231
-126.802078,200,465.450895
-237.08861,200,465.49805
-2.691228,200,465.544547
-240.25179,200,465.672467
-122.095829,200,465.719918
-125.320471,200,465.766164
-128.911157,200,465.813171
-262.851046,200,465.859145
-243.011463,200,465.906013
-127.559115,200,465.954901
-125.180752,200,466.003351
-125.515295,200,466.050342
-128.88274,200,466.096808
-242.954694,200,466.250194
-125.559141,200,466.297901
-130.964946,200,466.345065
-126.628806,200,466.392616
-252.364269,200,466.439078
-237.69182,200,466.485959
-343.957127,200,466.532817
-246.812808,200,466.580042
-121.201074,200,466.625549
-240.487766,200,466.672731
-2.810006,200,466.800184
-127.246764,200,466.847224
-127.698242,200,466.894305
-126.313899,200,466.942573
-124.011989,200,466.989987
-2.996189,200,467.03688
-118.043977,200,467.084186
-118.718582,200,467.131322
-251.998318,200,467.178943
-3.749518,200,467.225077
-128.898101,200,467.352995
-127.282697,200,467.400106
-130.294891,200,467.446701
-117.348721,200,467.493143
-272.567376,200,467.540047
-2.9837,200,467.586708
-2.779185,200,467.633253
-119.128882,200,467.679373
-122.580515,200,467.725438
-117.54652,200,467.771906
-127.504211,200,467.899475
-233.498868,200,467.947286
-116.599694,200,467.994568
-330.980447,200,468.042669
-121.714231,200,468.089698
-230.945807,200,468.136908
-128.438882,200,468.18361
-130.644136,200,468.230268
-244.522107,200,468.277423
-352.903715,200,468.324053
-123.308988,200,468.452584
-237.437415,200,468.500777
-116.390184,200,468.548231
-328.388813,200,468.594887
-244.057808,200,468.641388
-360.560946,200,468.687942
-126.39567,200,468.734899
-3.40451,200,468.782261
-303.836496,200,468.829872
-126.71238,200,468.877312
-124.41094,200,469.005473
-121.894605,200,469.05394
-315.822942,200,469.101477
-126.571939,200,469.148554
-231.241393,200,469.195614
-128.986956,200,469.242813
-117.826421,200,469.289161
-123.451423,200,469.335593
-4.467597,200,469.382125
-119.704321,200,469.428427
-119.555749,200,469.553707
-243.534193,200,469.601459
-127.542315,200,469.648791
-128.334676,200,469.695007
-3.254602,200,469.741101
-121.035164,200,469.788302
-239.297445,200,469.834785
-125.478034,200,469.881863
-248.054582,200,469.928657
-230.764296,200,469.975904
-124.154774,200,470.101336
-117.36527,200,470.149154
-246.245753,200,470.195511
-121.173339,200,470.242043
-128.797153,200,470.287928
-358.909399,200,470.334443
-4.369816,200,470.380808
-120.369483,200,470.427414
-3.436041,200,470.474247
-128.948303,200,470.522121
-357.987096,200,470.649023
-337.726066,200,470.696309
-2.809319,200,470.742891
-247.765221,200,470.790123
-232.089604,200,470.837548
-4.485748,200,470.882709
-221.549456,200,470.930131
-119.167585,200,470.979803
-121.942742,200,471.027898
-126.593486,200,471.074491
-119.33865,200,471.203807
-129.918221,200,471.251005
-121.372238,200,471.298757
-247.598904,200,471.346482
-123.177084,200,471.39269
-124.846679,200,471.439282
-239.617099,200,471.485648
-5.193978,200,471.533114
-129.135533,200,471.579303
-120.025936,200,471.625789
-324.025937,200,471.752808
-123.01287,200,471.801487
-235.438681,200,471.847541
-3.080763,200,471.895022
-122.111262,200,471.942066
-123.073309,200,471.988356
-235.373837,200,472.034089
-125.620089,200,472.080661
-244.642301,200,472.126887
-129.159083,200,472.172728
-130.059669,200,472.299805
-127.464204,200,472.347625
-127.993371,200,472.394283
-317.553132,200,472.441527
-116.975776,200,472.488983
-121.463959,200,472.535309
-121.313546,200,472.580672
-3.07052,200,472.627528
-4.522722,200,472.673349
-250.612758,200,472.720154
-124.080974,200,472.845422
-259.865956,200,472.8925
-327.411515,200,472.939765
-279.308536,200,472.98736
-124.294743,200,473.034212
-122.080382,200,473.082061
-232.023201,200,473.128804
-122.210233,200,473.176232
-118.908896,200,473.222857
-232.642982,200,473.26786
-128.904811,200,473.39414
-122.111384,200,473.440173
-4.211557,200,473.48652
-128.571879,200,473.53297
-117.125347,200,473.579072
-124.355435,200,473.62558
-127.297034,200,473.671114
-124.352972,200,473.717991
-335.818121,200,473.76388
-116.400977,200,473.810612
-242.675216,200,473.940028
-242.667271,200,473.987393
-130.450767,200,474.03412
-4.230005,200,474.080764
-119.507604,200,474.126892
-245.284541,200,474.172909
-123.40728,200,474.219587
-129.590976,200,474.265861
-305.439285,200,474.313062
-238.340428,200,474.358838
-352.658487,200,474.484844
-3.799132,200,474.554757
-129.275992,200,474.605525
-235.295936,200,474.652416
-246.23133,200,474.697415
-358.245128,200,474.743871
-125.946515,200,474.790472
-246.888413,200,474.835715
-123.126154,200,474.882885
-3.854493,200,474.928576
-245.147995,200,475.055553
-312.19495,200,475.103954
-377.029966,200,475.151008
-335.593016,200,475.197725
-130.945874,200,475.244646
-127.849869,200,475.290932
-249.331431,200,475.335849
-126.085868,200,475.38296
-241.531379,200,475.429119
-234.429506,200,475.476167
-121.228605,200,475.602846
-242.664908,200,475.649378
-120.467333,200,475.695206
-128.669663,200,475.742323
-283.712851,200,475.789396
-126.347583,200,475.835408
-347.277078,200,475.881452
-341.475422,200,475.928863
-125.731951,200,475.978831
-126.2093,200,476.026091
-243.888986,200,476.151664
-123.080488,200,476.19988
-128.244462,200,476.246341
-121.364354,200,476.292219
-128.480478,200,476.338885
-124.835119,200,476.385323
-242.25998,200,476.430672
-3.24173,200,476.477428
-128.922812,200,476.523251
-127.860899,200,476.569366
-270.465575,200,476.697605
-127.01213,200,476.745642
-3.526309,200,476.792702
-121.083416,200,476.83937
-119.047682,200,476.887045
-129.129799,200,476.934791
-231.577247,200,476.981847
-129.809622,200,477.028928
-120.834265,200,477.075208
-242.133877,200,477.121929
-235.154867,200,477.248888
-345.902629,200,477.297138
-5.071481,200,477.343766
-124.693474,200,477.392011
-244.405562,200,477.439159
-118.266283,200,477.485052
-119.097443,200,477.532051
-127.757381,200,477.57876
-117.39017,200,477.625089
-128.262655,200,477.672485
-243.588448,200,477.798405
-123.454374,200,477.844836
-238.080085,200,477.891398
-244.054206,200,477.93857
-240.992155,200,477.984463
-127.067645,200,478.030914
-123.449647,200,478.078544
-3.823403,200,478.126248
-126.186242,200,478.172445
-121.106355,200,478.218222
-123.939387,200,478.344086
-127.533443,200,478.391081
-231.497154,200,478.438635
-233.429271,200,478.485578
-4.915318,200,478.531206
-123.725892,200,478.577981
-3.291199,200,478.624752
-3.492867,200,478.67168
-118.758427,200,478.717869
-116.524103,200,478.764134
-119.90887,200,478.891568
-3.275579,200,478.939184
-125.179825,200,478.987535
-126.40658,200,479.03418
-374.384678,200,479.0813
-4.741431,200,479.127405
-132.125001,200,479.175069
-127.199574,200,479.221569
-3.805492,200,479.267766
-124.956645,200,479.313752
-129.858403,200,479.442958
-3.825853,200,479.490748
-3.180677,200,479.537685
-124.461765,200,479.583836
-243.497823,200,479.630585
-123.955675,200,479.677803
-130.48215,200,479.725408
-118.467505,200,479.771517
-366.523021,200,479.819571
-122.924579,200,479.866723
-122.306441,200,479.99725
-3.720086,200,480.045692
-128.353508,200,480.093013
-122.598022,200,480.139771
-123.199627,200,480.187098
-3.141344,200,480.233117
-240.155891,200,480.279534
-126.781331,200,480.327525
-122.440273,200,480.373562
-241.875944,200,480.419842
-118.999186,200,480.545399
-3.698072,200,480.593155
-126.651125,200,480.639655
-3.785536,200,480.685354
-3.107417,200,480.731427
-2.98673,200,480.777351
-124.969539,200,480.824747
-121.408944,200,480.871072
-121.307184,200,480.918431
-3.575415,200,480.967851
-3.740158,200,481.095245
-128.842371,200,481.143867
-234.979486,200,481.192583
-3.402225,200,481.239389
-125.150661,200,481.286618
-122.021607,200,481.33402
-227.98572,200,481.380584
-121.16707,200,481.427533
-125.579067,200,481.47419
-244.913286,200,481.520353
-237.833006,200,481.647093
-122.645648,200,481.694172
-255.442575,200,481.741187
-120.997811,200,481.788145
-236.651597,200,481.833767
-273.546646,200,481.880382
-123.203836,200,481.926843
-342.784134,200,481.975237
-125.073357,200,482.021704
-245.253797,200,482.067527
-130.113094,200,482.200114
-250.89662,200,482.248972
-251.67357,200,482.297455
-126.852226,200,482.344255
-259.489369,200,482.390282
-121.956038,200,482.436436
-120.961443,200,482.483028
-120.033398,200,482.530963
-4.395969,200,482.577975
-125.878316,200,482.624946
-127.674297,200,482.75189
-118.701827,200,482.80071
-242.833094,200,482.84815
-128.946145,200,482.895506
-128.355638,200,482.94308
-126.298252,200,482.989839
-124.342431,200,483.035878
-128.556836,200,483.083076
-122.18554,200,483.130911
-7.965665,200,483.177909
-121.639002,200,483.306546
-235.685632,200,483.354844
-127.23371,200,483.402164
-128.150553,200,483.448649
-235.080687,200,483.494936
-284.234754,200,483.540782
-6.371099,200,483.587262
-129.992182,200,483.634747
-120.823407,200,483.680433
-4.693162,200,483.727302
-127.796317,200,483.880912
-234.183559,200,483.929293
-130.984312,200,483.976472
-129.914085,200,484.02347
-120.417203,200,484.069365
-119.349744,200,484.116727
-121.310234,200,484.163237
-126.940701,200,484.210198
-235.251873,200,484.256629
-4.639489,200,484.30278
-258.728555,200,484.43076
-3.880037,200,484.478374
-123.121305,200,484.524556
-123.011648,200,484.574822
-126.219119,200,484.623574
-244.91436,200,484.672083
-235.625863,200,484.720012
-237.935821,200,484.768107
-265.463624,200,484.815608
-129.366479,200,484.862731
-4.61513,200,484.995364
-121.694734,200,485.044871
-121.844078,200,485.09109
-119.045906,200,485.13863
-119.979707,200,485.186014
-3.04293,200,485.23453
-126.347564,200,485.28119
-120.395475,200,485.32841
-368.992346,200,485.374804
-237.354835,200,485.421548
-3.060658,200,485.547773
-127.623364,200,485.594766
-236.394382,200,485.641024
-118.707706,200,485.688045
-116.05366,200,485.735054
-310.95004,200,485.782679
-123.226944,200,485.829216
-128.633348,200,485.876777
-238.588547,200,485.922882
-332.640292,200,485.972516
-247.607892,200,486.100294
-129.424103,200,486.14806
-118.971481,200,486.194671
-122.950776,200,486.240986
-244.375909,200,486.289068
-234.952531,200,486.337785
-120.621881,200,486.388863
-129.429188,200,486.437702
-122.826349,200,486.483654
-237.792989,200,486.530029
-122.12449,200,486.655938
-255.156605,200,486.703815
-238.72796,200,486.750834
-125.613,200,486.796911
-122.035116,200,486.842846
-246.210749,200,486.890012
-119.618414,200,486.936713
-126.289734,200,486.984668
-237.262267,200,487.031371
-125.136954,200,487.077178
-236.293982,200,487.202143
-3.984102,200,487.248907
-5.548716,200,487.29688
-239.60196,200,487.344484
-126.324193,200,487.390393
-122.979383,200,487.437148
-252.223436,200,487.483909
-120.133346,200,487.529962
-238.868641,200,487.575315
-122.661823,200,487.621223
-125.430271,200,487.750957
-242.886747,200,487.799579
-3.181426,200,487.848874
-118.15887,200,487.894883
-128.710415,200,487.942495
-122.937616,200,487.990125
-120.50793,200,488.037469
-225.591777,200,488.084949
-338.993062,200,488.133187
-238.156676,200,488.180089
-3.393439,200,488.308275
-330.996777,200,488.356202
-121.266039,200,488.403384
-3.816451,200,488.450278
-233.850428,200,488.497863
-241.512167,200,488.545013
-244.517041,200,488.591948
-127.52796,200,488.637343
-4.499121,200,488.683844
-120.118877,200,488.73023
-125.466441,200,488.858226
-6.061053,200,488.905773
-243.933618,200,488.953064
-121.448097,200,489.00001
-121.397237,200,489.047976
-123.433796,200,489.094589
-3.808487,200,489.140052
-240.609894,200,489.186874
-243.08585,200,489.234041
-251.211058,200,489.281051
-123.630832,200,489.408379
-238.212248,200,489.455903
-252.312505,200,489.50282
-242.684423,200,489.550636
-126.015398,200,489.598239
-234.237362,200,489.643636
-127.657575,200,489.69113
-233.990063,200,489.738285
-4.061408,200,489.785684
-267.269711,200,489.832052
-338.098114,200,489.960306
-128.618975,200,490.006518
-294.073207,200,490.054106
-239.647597,200,490.101921
-237.352832,200,490.148298
-229.532492,200,490.195186
-234.228386,200,490.241903
-126.82018,200,490.28855
-3.29142,200,490.334873
-121.951689,200,490.381096
-387.296556,200,490.51198
-3.862691,200,490.559985
-4.569573,200,490.607492
-122.496919,200,490.654287
-230.145253,200,490.701647
-127.993413,200,490.748739
-314.70059,200,490.794811
-128.662505,200,490.842731
-333.720449,200,490.890036
-124.486686,200,490.936707
-119.729667,200,491.066133
-120.257702,200,491.114064
-4.517815,200,491.160508
-240.938276,200,491.207608
-127.338132,200,491.252952
-129.838203,200,491.300194
-126.440151,200,491.347946
-354.286251,200,491.395389
-122.994675,200,491.442294
-5.718235,200,491.488895
-122.944376,200,491.615281
-365.632667,200,491.66265
-4.502735,200,491.710192
-125.62776,200,491.758277
-121.29702,200,491.807182
-311.14046,200,491.855451
-128.635127,200,491.903473
-121.720805,200,491.952133
-117.959508,200,491.999754
-237.082901,200,492.045337
-123.067914,200,492.172828
-4.513877,200,492.220972
-4.856354,200,492.268537
-122.922968,200,492.314974
-118.445845,200,492.361465
-119.503693,200,492.407671
-132.142071,200,492.452863
-234.591071,200,492.498761
-352.967437,200,492.545865
-3.747488,200,492.591959
-233.34339,200,492.741939
-361.289615,200,492.789729
-120.573112,200,492.837271
-128.130953,200,492.883578
-341.57512,200,492.930206
-123.814841,200,492.97664
-5.356399,200,493.02426
-235.817878,200,493.070606
-127.557718,200,493.116631
-4.225979,200,493.16421
-126.378253,200,493.292717
-246.961987,200,493.339936
-3.713435,200,493.388155
-247.684393,200,493.435089
-126.475076,200,493.481271
-4.407176,200,493.528134
-231.101161,200,493.574471
-296.085123,200,493.620433
-338.717482,200,493.667145
-127.707352,200,493.714734
-365.557606,200,493.841627
-123.616855,200,493.890024
-3.774068,200,493.937671
-236.875331,200,493.984749
-237.296813,200,494.031498
-125.637714,200,494.07888
-245.87528,200,494.126178
-4.373554,200,494.172458
-351.518127,200,494.218608
-126.111994,200,494.265835
-119.599624,200,494.394578
-121.483387,200,494.442632
-122.398104,200,494.490102
-120.757973,200,494.536829
-122.134376,200,494.583961
-127.146022,200,494.631208
-127.747249,200,494.677477
-117.380976,200,494.724383
-257.986367,200,494.772033
-243.404056,200,494.818663
-245.447509,200,494.945593
-246.96144,200,494.99566
-123.573917,200,495.043621
-238.65609,200,495.091755
-130.856954,200,495.139555
-127.523941,200,495.185637
-127.339575,200,495.232051
-130.136173,200,495.279642
-125.390161,200,495.326167
-119.490652,200,495.372237
-128.89339,200,495.498282
-240.594337,200,495.545765
-239.295764,200,495.593625
-241.964826,200,495.641713
-241.044815,200,495.689001
-230.846442,200,495.735804
-121.955346,200,495.782695
-253.551871,200,495.829479
-128.420903,200,495.875682
-118.347533,200,495.92222
-344.161764,200,496.054261
-122.054138,200,496.101647
-233.240268,200,496.148258
-120.138141,200,496.195458
-253.921055,200,496.241417
-121.842552,200,496.288811
-236.69401,200,496.335967
-126.305034,200,496.382677
-128.052128,200,496.429279
-239.215577,200,496.474695
-117.129195,200,496.601894
-125.599294,200,496.650214
-3.495714,200,496.697748
-282.469315,200,496.745666
-127.001528,200,496.792377
-231.634815,200,496.840229
-117.661666,200,496.887524
-232.307551,200,496.935151
-229.699986,200,496.982065
-240.244795,200,497.028798
-124.58472,200,497.155619
-357.516722,200,497.203499
-3.920991,200,497.249794
-4.066871,200,497.296959
-119.573385,200,497.343158
-124.002594,200,497.389897
-239.620788,200,497.435304
-246.182352,200,497.481717
-3.939759,200,497.528808
-313.704899,200,497.575437
-123.91575,200,497.702728
-127.118303,200,497.750323
-3.306891,200,497.798468
-239.928341,200,497.84499
-243.2748,200,497.892458
-123.155328,200,497.938905
-119.625581,200,497.985914
-3.399645,200,498.033106
-3.511115,200,498.080109
-118.757197,200,498.126058
-125.580778,200,498.253242
-121.002512,200,498.301575
-121.942274,200,498.347764
-119.185646,200,498.394953
-126.297511,200,498.441309
-125.217862,200,498.488241
-4.139728,200,498.534558
-115.776189,200,498.581398
-372.364559,200,498.627792
-234.966909,200,498.674261
-125.970741,200,498.802636
-120.328682,200,498.849767
-126.067248,200,498.89651
-129.200889,200,498.943594
-122.482977,200,498.990548
-125.033974,200,499.036815
-119.302082,200,499.0832
-246.024353,200,499.130165
-302.562112,200,499.175789
-125.665881,200,499.221333
-127.338717,200,499.348939
-244.111335,200,499.396902
-120.249123,200,499.443842
-124.107154,200,499.490851
-128.686683,200,499.539016
-241.259083,200,499.586548
-4.046033,200,499.633438
-124.166943,200,499.679286
-120.286231,200,499.725822
-126.02458,200,499.771943
-118.310609,200,499.899108
-4.751193,200,499.947172
-4.48377,200,499.993687
-233.563668,200,500.041042
-128.744676,200,500.088313
-228.47302,200,500.133911
-358.946224,200,500.179496
-3.588222,200,500.225862
-3.926818,200,500.272956
-3.974313,200,500.31897
-250.429389,200,500.44459
-125.005054,200,500.492438
-117.915656,200,500.538977
-127.422488,200,500.58587
-124.492206,200,500.632393
-122.127183,200,500.678722
-125.633204,200,500.725312
-122.433962,200,500.772217
-239.526801,200,500.818936
-126.341263,200,500.865001
-116.942018,200,500.996005
-3.551756,200,501.043593
-117.375844,200,501.091126
-127.591148,200,501.137595
-118.848027,200,501.184518
-245.193585,200,501.230788
-127.524646,200,501.276926
-118.058104,200,501.324287
-3.631893,200,501.369773
-129.870222,200,501.416025
-128.197108,200,501.568327
-121.453191,200,501.61582
-125.062506,200,501.663117
-128.488569,200,501.709639
-126.375134,200,501.756591
-116.289256,200,501.803811
-242.348035,200,501.849928
-244.782986,200,501.89606
-3.390943,200,501.942742
-119.42497,200,501.990094
-238.549209,200,502.117864
-3.047501,200,502.16543
-121.76611,200,502.212993
-374.205389,200,502.259058
-121.909398,200,502.305723
-124.109607,200,502.352578
-250.334681,200,502.398878
-125.950327,200,502.445443
-122.746046,200,502.492216
-129.449934,200,502.538444
-7.59467,200,502.665023
-246.396206,200,502.714506
-242.908856,200,502.764436
-240.830239,200,502.813023
-124.276272,200,502.862178
-121.382525,200,502.90996
-311.866073,200,502.957633
-3.684466,200,503.006104
-236.177142,200,503.052399
-118.472209,200,503.098278
-122.031967,200,503.228148
-125.914582,200,503.276483
-124.955452,200,503.326277
-121.263793,200,503.373574
-5.771173,200,503.419231
-130.443615,200,503.466962
-124.1065,200,503.513019
-341.913881,200,503.56042
-129.016975,200,503.606815
-292.421875,200,503.652981
-130.315632,200,503.77826
-247.540771,200,503.826797
-120.827225,200,503.87302
-4.654822,200,503.920151
-212.197282,200,503.966135
-238.24035,200,504.014304
-232.817945,200,504.061867
-123.595242,200,504.108947
-122.323827,200,504.156222
-4.180062,200,504.201701
-127.759655,200,504.329883
-128.183837,200,504.377876
-125.175344,200,504.425385
-247.194371,200,504.471951
-4.228751,200,504.519055
-126.716854,200,504.564381
-4.035323,200,504.610944
-126.607192,200,504.657509
-122.276072,200,504.703599
-235.717043,200,504.750714
-118.525948,200,504.877702
-3.995673,200,504.92567
-5.718995,200,504.972825
-246.128419,200,505.020987
-3.917128,200,505.066638
-117.889751,200,505.113122
-129.207461,200,505.159056
-125.445284,200,505.204908
-121.726019,200,505.250906
-363.15417,200,505.295884
-119.35035,200,505.422784
-122.164781,200,505.469512
-245.052873,200,505.516822
-128.673132,200,505.563239
-233.35888,200,505.611627
-122.167252,200,505.657193
-251.454488,200,505.703611
-3.609797,200,505.750105
-118.02182,200,505.796928
-324.182765,200,505.84331
-239.062831,200,505.972967
-240.298217,200,506.023066
-126.772972,200,506.069908
-122.280221,200,506.115522
-233.658596,200,506.161693
-124.781,200,506.208556
-254.210436,200,506.254953
-127.616999,200,506.302943
-125.910921,200,506.349684
-125.845555,200,506.396717
-239.416117,200,506.521951
-123.627658,200,506.569434
-117.990667,200,506.615864
-3.853586,200,506.662408
-123.33486,200,506.709609
-125.545807,200,506.756086
-238.291067,200,506.802886
-238.904221,200,506.848597
-127.623671,200,506.89501
-119.431324,200,506.942426
-234.517114,200,507.072907
-121.565757,200,507.121317
-4.612821,200,507.168296
-124.472,200,507.215269
-128.635665,200,507.262144
-325.109542,200,507.309031
-3.643964,200,507.354975
-128.373003,200,507.401527
-243.374946,200,507.447944
-126.380836,200,507.494539
-243.662046,200,507.621236
-122.215313,200,507.670406
-116.122668,200,507.717527
-128.49219,200,507.764739
-236.64,200,507.812147
-127.034818,200,507.85869
-119.132215,200,507.905109
-128.157629,200,507.951873
-223.440065,200,507.999865
-4.487048,200,508.046717
-126.431768,200,508.173845
-129.675597,200,508.222458
-127.582754,200,508.270086
-246.411848,200,508.316375
-122.681509,200,508.362869
-374.095171,200,508.410493
-123.950469,200,508.457076
-4.820564,200,508.503683
-233.833903,200,508.550821
-343.387502,200,508.597197
-131.084787,200,508.723436
-234.423533,200,508.771234
-127.704376,200,508.819527
-122.010572,200,508.866873
-120.079596,200,508.913721
-358.487696,200,508.960188
-124.246969,200,509.007386
-120.782301,200,509.05442
-341.997247,200,509.100762
-234.973402,200,509.146767
-123.260702,200,509.272929
-127.210563,200,509.322034
-125.200791,200,509.369508
-121.834405,200,509.415334
-128.2408,200,509.461901
-121.532491,200,509.507178
-126.622491,200,509.553463
-6.139462,200,509.600523
-345.198436,200,509.647312
-3.834153,200,509.694038
-117.269598,200,509.82332
-116.277506,200,509.870664
-125.772112,200,509.918571
-508.262974,200,509.965263
-126.585782,200,510.013397
-313.083195,200,510.060789
-350.496929,200,510.108053
-358.528663,200,510.154741
-125.630928,200,510.200245
-117.928419,200,510.247302
-4.67588,200,510.398717
-123.583808,200,510.445368
-121.342647,200,510.493381
-118.946508,200,510.540225
-123.304656,200,510.58704
-126.796077,200,510.63379
-123.592751,200,510.680243
-124.811463,200,510.725989
-128.355569,200,510.772065
-128.582863,200,510.818691
-129.190008,200,510.946586
-246.982319,200,510.99735
-257.433332,200,511.045529
-3.426388,200,511.092116
-239.733653,200,511.138361
-120.350825,200,511.183623
-237.466151,200,511.230899
-122.938984,200,511.277744
-118.946842,200,511.324426
-245.625701,200,511.371848
-363.617602,200,511.499011
-125.63501,200,511.547043
-119.480215,200,511.59303
-127.325366,200,511.639192
-124.258369,200,511.68476
-236.144283,200,511.73137
-120.247005,200,511.778601
-248.977319,200,511.824259
-127.746024,200,511.870787
-128.913265,200,511.916782
-126.257485,200,512.043115
-128.509297,200,512.091018
-241.458678,200,512.138555
-121.522104,200,512.185431
-118.788043,200,512.231958
-122.552305,200,512.278385
-238.582415,200,512.325423
-121.855232,200,512.372113
-127.938317,200,512.418317
-242.505834,200,512.464592
-124.30679,200,512.59339
-242.755744,200,512.641444
-247.255654,200,512.687938
-123.128633,200,512.735212
-124.415473,200,512.781706
-4.686284,200,512.829731
-128.530791,200,512.877117
-4.440156,200,512.923721
-127.054876,200,512.969762
-125.495255,200,513.016205
-3.182527,200,513.142814
-118.656465,200,513.190864
-123.39916,200,513.238811
-235.905624,200,513.287659
-118.873582,200,513.33527
-118.398545,200,513.382819
-237.973881,200,513.429901
-3.349424,200,513.476688
-3.76756,200,513.523167
-232.100964,200,513.569318
-229.964532,200,513.69719
-125.944348,200,513.746426
-4.102213,200,513.794442
-6.100011,200,513.842114
-6.324736,200,513.888454
-116.911994,200,513.934085
-129.294167,200,513.981603
-5.345331,200,514.02959
-250.094288,200,514.075616
-241.895607,200,514.122293
-240.013878,200,514.249256
-241.977231,200,514.296638
-241.149525,200,514.34339
-334.454081,200,514.389469
-124.023958,200,514.436877
-128.546461,200,514.483032
-123.615887,200,514.530378
-242.028572,200,514.57808
-237.360564,200,514.625736
-236.237459,200,514.672564
-3.325923,200,514.802267
-240.721535,200,514.850752
-129.263963,200,514.899045
-120.480798,200,514.946236
-119.282461,200,514.992505
-349.753167,200,515.040437
-126.825128,200,515.088123
-121.842731,200,515.135338
-4.213937,200,515.182589
-248.557205,200,515.230659
-5.351837,200,515.36144
-332.890135,200,515.408501
-126.857626,200,515.455262
-3.393633,200,515.500921
-119.049632,200,515.547185
-126.647216,200,515.593915
-129.642894,200,515.640251
-333.587678,200,515.685941
-239.444984,200,515.732903
-129.476284,200,515.778638
-373.091658,200,515.905343
-125.726254,200,515.953664
-3.482002,200,516.003483
-385.998915,200,516.051103
-4.086882,200,516.098058
-245.970123,200,516.144233
-125.564774,200,516.190768
-232.543221,200,516.236931
-350.795728,200,516.284539
-121.241856,200,516.332766
-5.414412,200,516.465391
-236.138078,200,516.512117
-3.652585,200,516.559765
-123.735317,200,516.606075
-128.639165,200,516.651186
-4.495211,200,516.697926
-125.767029,200,516.744574
-5.667599,200,516.7906
-122.148966,200,516.837108
-126.761018,200,516.882854
-131.28009,200,517.008839
-124.016947,200,517.056241
-121.698894,200,517.103637
-116.240912,200,517.150824
-124.669924,200,517.197114
-128.254879,200,517.244434
-234.761803,200,517.290595
-247.188394,200,517.338116
-127.448149,200,517.38492
-122.379789,200,517.431942
-122.83317,200,517.559679
-248.791818,200,517.629029
-248.96239,200,517.679097
-121.897774,200,517.726271
-124.530435,200,517.772258
-123.248186,200,517.819244
-123.598098,200,517.866552
-117.828523,200,517.91236
-124.157115,200,517.958367
-128.211958,200,518.00625
-124.025492,200,518.13624
-232.436919,200,518.183571
-122.872696,200,518.231434
-236.611305,200,518.279269
-235.688477,200,518.326841
-123.810323,200,518.374091
-119.698514,200,518.421909
-4.582404,200,518.468981
-240.638911,200,518.513964
-234.029796,200,518.560823
-123.575781,200,518.68817
-232.423374,200,518.736699
-126.524405,200,518.784336
-244.138682,200,518.831817
-235.273472,200,518.878717
-117.247523,200,518.925466
-348.851652,200,518.971958
-248.209237,200,519.018681
-257.764035,200,519.064756
-128.285158,200,519.111552
-241.369669,200,519.239079
-130.988443,200,519.287295
-240.351302,200,519.335042
-127.474783,200,519.382141
-124.345677,200,519.427895
-4.60839,200,519.474
-130.948088,200,519.520257
-3.131109,200,519.566033
-3.249277,200,519.612982
-248.619492,200,519.659399
-124.541691,200,519.786255
-122.307995,200,519.834506
-122.533833,200,519.880168
-132.168093,200,519.927305
-117.585402,200,519.973832
-128.330981,200,520.020211
-238.222268,200,520.067552
-321.304191,200,520.115694
-244.77897,200,520.162105
-125.500412,200,520.209164
-125.9848,200,520.336767
-5.858609,200,520.38538
-118.885896,200,520.43294
-121.199988,200,520.480104
-250.295485,200,520.527165
-233.906261,200,520.574375
-3.748501,200,520.621116
-254.644441,200,520.667498
-228.054201,200,520.714475
-128.074172,200,520.760788
-130.774485,200,520.8905
-3.472343,200,520.938348
-247.369229,200,520.989006
-240.181115,200,521.039462
-5.483314,200,521.085604
-125.352204,200,521.131005
-120.749619,200,521.176772
-126.5257,200,521.223973
-3.961748,200,521.271148
-124.19385,200,521.317844
-334.897077,200,521.444724
-242.190868,200,521.491168
-240.562876,200,521.537029
-126.031403,200,521.58303
-5.575058,200,521.630202
-239.324184,200,521.677455
-126.035203,200,521.72375
-5.559044,200,521.770142
-118.40464,200,521.816699
-121.687265,200,521.863079
-253.08692,200,521.990017
-363.256006,200,522.038433
-239.371193,200,522.087169
-119.242877,200,522.134218
-125.567604,200,522.182162
-128.893983,200,522.228386
-117.34093,200,522.274265
-361.649657,200,522.320888
-3.848268,200,522.367243
-239.175025,200,522.412674
-124.077631,200,522.54053
-331.020336,200,522.588481
-125.918279,200,522.635608
-121.906591,200,522.681974
-116.728024,200,522.730218
-250.588079,200,522.776643
-127.905442,200,522.823909
-125.239349,200,522.87111
-238.313608,200,522.917161
-126.217097,200,522.963059
-128.331903,200,523.091572
-351.100154,200,523.139537
-125.716556,200,523.186425
-117.857418,200,523.232993
-5.104309,200,523.279699
-128.34733,200,523.327931
-254.863854,200,523.375376
-128.338442,200,523.421576
-3.99537,200,523.469352
-122.231957,200,523.515193
-243.630647,200,523.644855
-123.198169,200,523.69284
-236.357048,200,523.740176
-125.636407,200,523.787324
-125.861431,200,523.834848
-122.995175,200,523.881856
-129.215758,200,523.928382
-331.905014,200,523.976613
-244.015939,200,524.023572
-240.48499,200,524.069177
-119.860153,200,524.195574
-4.091848,200,524.244363
-128.823348,200,524.292838
-119.74833,200,524.340817
-127.859362,200,524.386843
-242.624543,200,524.433165
-5.883722,200,524.481831
-128.77648,200,524.52928
-244.698278,200,524.575558
-117.290103,200,524.622093
-128.970692,200,524.751401
-237.050066,200,524.799085
-236.893146,200,524.846159
-128.730337,200,524.893419
-232.835419,200,524.941223
-341.782492,200,524.988423
-3.83381,200,525.03618
-126.758782,200,525.084883
-241.612785,200,525.132302
-128.170659,200,525.178778
-234.677256,200,525.306098
-126.623876,200,525.353226
-125.307621,200,525.399654
-3.61433,200,525.446721
-240.195514,200,525.493518
-116.84986,200,525.539483
-125.510744,200,525.58684
-244.881424,200,525.632531
-343.186471,200,525.679455
-121.045897,200,525.72534
-244.063108,200,525.851795
-3.381769,200,525.901071
-129.310037,200,525.950318
-117.907935,200,525.99996
-129.22183,200,526.04894
-123.199895,200,526.095153
-252.01462,200,526.141361
-231.404568,200,526.189294
-121.126646,200,526.236686
-120.889207,200,526.283714
-4.117418,200,526.413231
-127.400559,200,526.483263
-317.700003,200,526.532267
-244.585452,200,526.579985
-241.881372,200,526.628326
-127.758414,200,526.676367
-121.279259,200,526.723158
-128.488064,200,526.768944
-271.801985,200,526.815639
-125.927236,200,526.861836
-129.1557,200,526.990355
-128.589799,200,527.037942
-128.678213,200,527.085634
-121.23616,200,527.131647
-358.466675,200,527.17805
-126.635131,200,527.224845
-119.43146,200,527.272633
-121.411907,200,527.320346
-4.820645,200,527.366898
-120.216871,200,527.413599
-128.95972,200,527.540127
-116.870292,200,527.587768
-119.86167,200,527.63561
-126.425978,200,527.682361
-126.553701,200,527.728895
-128.568039,200,527.775697
-237.445967,200,527.822219
-244.044803,200,527.869243
-123.456365,200,527.914816
-128.187893,200,527.960534
-362.769376,200,528.087416
-131.280743,200,528.135032
-238.488804,200,528.181023
-124.932082,200,528.227225
-125.679271,200,528.274453
-286.614595,200,528.323395
-128.902797,200,528.370929
-127.33578,200,528.417628
-127.659857,200,528.465094
-269.354215,200,528.51149
-4.673379,200,528.636873
-263.024423,200,528.68414
-3.88432,200,528.731046
-4.55648,200,528.777668
-4.275243,200,528.82467
-4.757186,200,528.870806
-125.958549,200,528.917149
-236.218823,200,528.963523
-125.251338,200,529.009282
-126.582532,200,529.056916
-128.642616,200,529.18565
-254.420471,200,529.23397
-120.03963,200,529.28085
-241.043547,200,529.327792
-128.376683,200,529.375046
-3.668397,200,529.422911
-117.29411,200,529.470001
-127.060029,200,529.515749
-127.115546,200,529.563062
-128.288759,200,529.610202
-236.979896,200,529.73748
-120.695272,200,529.785538
-121.824769,200,529.831071
-121.870013,200,529.877702
-118.71043,200,529.925708
-3.640278,200,529.971942
-370.719643,200,530.018769
-128.181813,200,530.066033
-125.786884,200,530.112984
-286.959336,200,530.159518
-121.4032,200,530.286583
-332.481034,200,530.334211
-128.100604,200,530.381911
-239.591681,200,530.429145
-3.797239,200,530.475178
-241.240637,200,530.520878
-125.035822,200,530.566561
-232.198235,200,530.613816
-130.901601,200,530.661028
-122.315623,200,530.706672
-125.096957,200,530.835838
-225.733063,200,530.88377
-125.591666,200,530.931139
-4.119757,200,530.980457
-4.727914,200,531.029009
-129.624561,200,531.076429
-127.517469,200,531.124287
-127.890628,200,531.17101
-126.660462,200,531.218739
-232.199854,200,531.265556
-128.73755,200,531.392123
-116.737279,200,531.440561
-123.002341,200,531.487311
-242.791142,200,531.534279
-123.722753,200,531.581498
-3.578448,200,531.628178
-234.03481,200,531.674112
-3.827451,200,531.719983
-128.946785,200,531.765544
-3.670041,200,531.811448
-127.593155,200,531.940521
-248.943642,200,531.988162
-119.737365,200,532.036134
-130.89616,200,532.08387
-125.79013,200,532.130188
-235.632548,200,532.176436
-242.415372,200,532.223266
-125.996922,200,532.271268
-233.846474,200,532.317729
-127.961929,200,532.363756
-3.919426,200,532.491671
-129.039332,200,532.539475
-116.597387,200,532.586834
-245.531465,200,532.634335
-4.351028,200,532.68114
-243.100991,200,532.727749
-128.706485,200,532.775039
-124.763725,200,532.822209
-125.947834,200,532.868556
-373.843794,200,532.915256
-124.922939,200,533.043137
-127.938362,200,533.091046
-128.080331,200,533.13893
-239.433106,200,533.186296
-130.322711,200,533.23359
-125.647765,200,533.280259
-131.523148,200,533.327691
-119.887474,200,533.375983
-232.358984,200,533.423075
-251.05997,200,533.470979
-119.851888,200,533.599337
-249.4004,200,533.646478
-118.791667,200,533.694237
-124.52057,200,533.741414
-353.485391,200,533.788153
-121.367511,200,533.83365
-127.849927,200,533.880207
-241.615191,200,533.926809
-254.389586,200,533.972348
-120.896344,200,534.017711
-246.969168,200,534.145284
-3.781371,200,534.193621
-128.707995,200,534.240955
-130.143468,200,534.287259
-363.184379,200,534.334052
-123.980742,200,534.380899
-120.659093,200,534.428257
-236.284372,200,534.474732
-128.331573,200,534.521946
-123.492608,200,534.568977
-129.933534,200,534.698795
-121.755639,200,534.745883
-242.444232,200,534.794794
-259.591142,200,534.842162
-4.814553,200,534.888865
-122.728855,200,534.935913
-125.830004,200,534.982785
-125.070295,200,535.029116
-120.545534,200,535.077021
-241.824925,200,535.123578
-3.685017,200,535.251802
-119.409094,200,535.321605
-122.279676,200,535.369796
-128.219486,200,535.417203
-125.738957,200,535.46527
-352.264791,200,535.512602
-130.771224,200,535.559364
-3.881335,200,535.606573
-241.902905,200,535.65362
-119.198197,200,535.700011
-129.65894,200,535.830129
-124.092738,200,535.877343
-125.081454,200,535.92435
-126.25362,200,535.971865
-127.753048,200,536.020149
-126.308767,200,536.068501
-253.833847,200,536.115689
-246.336318,200,536.163835
-121.905647,200,536.210497
-342.182623,200,536.257994
-117.560716,200,536.386185
-127.972733,200,536.434198
-120.69184,200,536.482772
-120.006565,200,536.529277
-128.96426,200,536.57604
-240.033073,200,536.622265
-117.485515,200,536.668794
-125.527842,200,536.715145
-125.16669,200,536.761413
-127.225413,200,536.808228
-6.661573,200,536.935022
-125.093924,200,536.983283
-246.176166,200,537.032118
-130.081742,200,537.080467
-125.484328,200,537.127677
-285.637645,200,537.175038
-4.250044,200,537.223176
-4.24323,200,537.269073
-125.113915,200,537.315246
-126.586881,200,537.361557
-247.023037,200,537.491077
-121.128767,200,537.538509
-239.910298,200,537.585589
-117.007063,200,537.632919
-125.152562,200,537.67903
-121.968847,200,537.725863
-128.4219,200,537.771507
-4.532364,200,537.818678
-125.346524,200,537.864873
-410.273319,200,537.911206
-128.275244,200,538.038355
-127.754619,200,538.087591
-122.277589,200,538.134833
-126.388354,200,538.182421
-125.992701,200,538.229944
-128.659178,200,538.275582
-129.111299,200,538.322448
-354.832904,200,538.369984
-129.159203,200,538.416682
-127.960654,200,538.462933
-124.945343,200,538.588347
-122.35117,200,538.635823
-237.800184,200,538.683797
-124.753832,200,538.732314
-4.41371,200,538.77841
-242.971185,200,538.824605
-123.764845,200,538.872528
-241.574651,200,538.920081
-118.483231,200,538.967126
-126.672471,200,539.013527
-120.141971,200,539.140692
-117.753199,200,539.187901
-126.059838,200,539.235113
-120.076553,200,539.282155
-131.475407,200,539.329089
-350.361158,200,539.37556
-122.109872,200,539.422026
-122.416563,200,539.469699
-117.985044,200,539.516784
-128.882973,200,539.562978
-126.38128,200,539.689808
-121.532262,200,539.737183
-3.657748,200,539.784948
-241.202594,200,539.831417
-128.23062,200,539.878412
-125.247549,200,539.925195
-119.899098,200,539.972486
-127.335238,200,540.019979
-119.455568,200,540.067906
-119.87876,200,540.114067
-370.471587,200,540.243725
-124.834767,200,540.291352
-239.312635,200,540.340223
-127.946328,200,540.387188
-127.175757,200,540.434293
-127.535728,200,540.480441
-127.635416,200,540.526797
-129.508518,200,540.573532
-126.863902,200,540.620346
-119.381236,200,540.666801
-257.711245,200,540.793395
-126.161797,200,540.840804
-119.312335,200,540.887108
-254.195394,200,540.932876
-239.563881,200,540.982299
-251.03915,200,541.031379
-4.653934,200,541.078361
-124.000376,200,541.124943
-126.771898,200,541.172401
-128.673357,200,541.218933
-127.900863,200,541.345382
-4.269642,200,541.393448
-129.473761,200,541.440994
-126.55642,200,541.487928
-126.50745,200,541.535032
-4.845193,200,541.582776
-127.109694,200,541.630166
-128.205088,200,541.676684
-125.507658,200,541.722986
-121.639864,200,541.769738
-7.454138,200,541.897661
-122.743926,200,541.944733
-129.834927,200,541.991704
-130.486098,200,542.038692
-128.407086,200,542.086512
-4.084207,200,542.135987
-122.178318,200,542.183281
-4.059094,200,542.231659
-129.801411,200,542.278181
-239.663817,200,542.324545
-127.327141,200,542.452629
-118.767909,200,542.499419
-314.890174,200,542.545742
-122.534478,200,542.592252
-4.910647,200,542.639294
-121.954034,200,542.686041
-3.664409,200,542.732442
-124.841412,200,542.778467
-119.450447,200,542.825097
-128.545963,200,542.871781
-126.883193,200,543.001557
-129.095805,200,543.048908
-374.356281,200,543.096808
-3.470315,200,543.144162
-124.394253,200,543.190664
-339.120629,200,543.238263
-130.465018,200,543.284748
-4.020687,200,543.333173
-232.308041,200,543.380631
-4.059746,200,543.429459
-121.251404,200,543.557129
-127.371412,200,543.605558
-126.705811,200,543.652146
-125.806267,200,543.698079
-5.438256,200,543.744434
-122.72229,200,543.790813
-311.036291,200,543.836339
-121.565623,200,543.882451
-253.506893,200,543.930047
-127.025737,200,543.976635
-235.376111,200,544.102719
-121.356774,200,544.17218
-350.856026,200,544.223365
-128.219953,200,544.270451
-240.217113,200,544.316955
-243.961749,200,544.363971
-125.970562,200,544.411229
-242.271957,200,544.457313
-117.899576,200,544.503973
-243.475544,200,544.551093
-123.214758,200,544.680485
-121.540374,200,544.72908
-125.081707,200,544.77715
-128.724669,200,544.82551
-246.158586,200,544.873463
-126.983161,200,544.920104
-120.335604,200,544.965832
-119.159776,200,545.013712
-4.221589,200,545.061324
-229.168643,200,545.107825
-119.061435,200,545.237259
-122.850197,200,545.28466
-125.249371,200,545.331651
-355.26669,200,545.378479
-3.597094,200,545.425703
-120.532411,200,545.471863
-235.447095,200,545.518054
-125.477861,200,545.565967
-121.731307,200,545.612427
-3.577758,200,545.658382
-119.300969,200,545.789885
-129.356841,200,545.83816
-119.653326,200,545.884347
-122.091002,200,545.931415
-242.405935,200,545.980198
-125.559126,200,546.029299
-249.49551,200,546.077181
-126.788946,200,546.123919
-242.299651,200,546.170021
-352.683549,200,546.216321
-355.435368,200,546.347439
-122.928201,200,546.398875
-128.564714,200,546.448084
-241.649148,200,546.496608
-235.071218,200,546.543941
-4.21845,200,546.59055
-124.058003,200,546.636602
-238.18454,200,546.682752
-122.132191,200,546.729387
-128.238168,200,546.775142
-241.033194,200,546.903138
-3.995824,200,546.950113
-4.731588,200,546.998242
-360.17096,200,547.04474
-120.096357,200,547.093088
-3.279726,200,547.139441
-123.622029,200,547.186663
-247.584823,200,547.233881
-4.919214,200,547.279714
-247.714841,200,547.326182
-128.121184,200,547.45315
-123.840381,200,547.501315
-130.721712,200,547.54835
-127.563804,200,547.594802
-123.915855,200,547.641066
-4.950412,200,547.688392
-334.425883,200,547.734959
-4.827134,200,547.780873
-119.759352,200,547.82695
-125.316076,200,547.872431
-4.480213,200,547.998213
-4.476223,200,548.046351
-116.663893,200,548.093199
-124.042507,200,548.140622
-238.007854,200,548.186103
-248.224896,200,548.233565
-121.768474,200,548.280035
-259.417223,200,548.325986
-244.051039,200,548.373217
-248.199798,200,548.420476
-233.865892,200,548.549555
-124.132555,200,548.598294
-235.031474,200,548.645468
-124.448781,200,548.69327
-126.878502,200,548.73983
-3.402245,200,548.787334
-235.440214,200,548.83408
-129.869678,200,548.880631
-237.384366,200,548.927062
-236.284893,200,548.974132
-346.42287,200,549.101163
-120.872951,200,549.149241
-3.737809,200,549.195373
-241.837175,200,549.242531
-231.749308,200,549.289274
-125.528347,200,549.335673
-2.821319,200,549.382237
-125.70557,200,549.428579
-250.293718,200,549.474261
-125.802363,200,549.521227
-238.087234,200,549.647285
-121.651307,200,549.695264
-123.674265,200,549.742252
-123.959637,200,549.790143
-236.394557,200,549.837303
-124.046912,200,549.884178
-122.282168,200,549.931097
-127.765846,200,549.977696
-119.902674,200,550.024562
-3.768327,200,550.070498
-125.814094,200,550.1968
-231.423573,200,550.244031
-125.306584,200,550.291204
-242.514207,200,550.338564
-4.711821,200,550.385528
-122.814834,200,550.431939
-126.915681,200,550.479777
-121.931722,200,550.525468
-384.676586,200,550.571825
-233.060984,200,550.617005
-241.519934,200,550.742454
-125.387854,200,550.79133
-124.019766,200,550.837441
-4.847458,200,550.884492
-262.031152,200,550.931016
-120.164577,200,550.979408
-130.997939,200,551.028335
-121.604916,200,551.076221
-3.491054,200,551.12282
-124.115966,200,551.168763
-119.643236,200,551.297951
-3.853232,200,551.345627
-119.093674,200,551.392371
-127.568553,200,551.438615
-120.531317,200,551.484719
-123.366716,200,551.532799
-241.333226,200,551.580327
-119.321513,200,551.626866
-242.824244,200,551.674507
-119.855502,200,551.721695
-4.935856,200,551.849273
-253.946075,200,551.898359
-237.690627,200,551.9448
-121.009414,200,551.992982
-129.301816,200,552.040918
-127.264858,200,552.088412
-325.461972,200,552.135538
-124.436023,200,552.182722
-130.330274,200,552.230686
-123.325219,200,552.27866
-126.914004,200,552.405917
-129.488156,200,552.453292
-243.27249,200,552.500971
-341.008803,200,552.547505
-127.574367,200,552.594736
-125.311087,200,552.64182
-243.365069,200,552.688909
-126.767772,200,552.734328
-120.852198,200,552.781103
-127.907741,200,552.827615
-367.827782,200,552.954093
-247.518238,200,553.021972
-231.838156,200,553.074527
-3.806854,200,553.120636
-128.094806,200,553.167056
-251.193571,200,553.213193
-126.585789,200,553.259877
-5.110574,200,553.306856
-242.790963,200,553.353324
-244.859822,200,553.400568
-122.489045,200,553.52895
-239.48319,200,553.576263
-4.459897,200,553.623203
-123.719635,200,553.670609
-242.837081,200,553.717252
-122.769393,200,553.764287
-356.777275,200,553.811249
-125.535362,200,553.857707
-124.155467,200,553.904755
-227.732869,200,553.9515
-124.808618,200,554.081463
-126.179094,200,554.127879
-247.258038,200,554.173896
-129.093207,200,554.220891
-120.727582,200,554.267252
-233.206604,200,554.313973
-236.228136,200,554.361043
-230.370699,200,554.409049
-3.577232,200,554.455868
-125.345993,200,554.503566
-126.406717,200,554.629807
-231.085726,200,554.678967
-129.629693,200,554.725515
-124.819077,200,554.77264
-241.385448,200,554.819159
-4.588406,200,554.865782
-297.886693,200,554.912313
-120.216401,200,554.959413
-237.600232,200,555.006959
-117.039873,200,555.053109
-123.722771,200,555.180347
-243.712512,200,555.227749
-131.100909,200,555.276188
-125.667656,200,555.322714
-127.353429,200,555.369477
-121.981073,200,555.416437
-127.573437,200,555.462168
-325.676928,200,555.508289
-121.813498,200,555.554094
-127.952555,200,555.600073
-129.32247,200,555.727621
-123.792944,200,555.774686
-249.342286,200,555.822813
-249.224522,200,555.869748
-247.95089,200,555.916022
-332.282762,200,555.96223
-353.320605,200,556.012887
-127.931969,200,556.059643
-125.933841,200,556.108182
-4.890781,200,556.155194
-242.678574,200,556.282867
-132.668561,200,556.330728
-3.885136,200,556.377532
-4.138707,200,556.425238
-233.65631,200,556.471409
-121.743934,200,556.518226
-125.755303,200,556.564206
-238.390535,200,556.611446
-126.047866,200,556.657192
-124.157871,200,556.704009
-120.882879,200,556.833813
-118.512614,200,556.882565
-240.284312,200,556.929811
-6.41793,200,556.977018
-129.20796,200,557.023612
-244.258205,200,557.069787
-250.612134,200,557.116242
-129.306853,200,557.163597
-241.335653,200,557.209707
-120.407963,200,557.256514
-4.85609,200,557.384054
-241.103457,200,557.431629
-4.492426,200,557.479183
-240.521679,200,557.525983
-241.159999,200,557.573013
-126.032581,200,557.619659
-236.974037,200,557.667043
-502.69744,200,557.713524
-125.761905,200,557.761071
-398.033417,200,557.807217
-124.006558,200,557.932775
-119.361422,200,557.980527
-125.158206,200,558.02782
-129.640756,200,558.075267
-238.023296,200,558.122494
-124.417545,200,558.169927
-123.342088,200,558.216295
-129.410124,200,558.261783
-127.361491,200,558.30738
-129.128774,200,558.352877
-123.992836,200,558.481581
-122.043802,200,558.529036
-128.26772,200,558.57564
-5.00499,200,558.622529
-4.696292,200,558.668773
-124.995063,200,558.715617
-120.248343,200,558.762233
-117.762637,200,558.808133
-242.33207,200,558.853397
-121.786944,200,558.900002
-124.136554,200,559.025299
-5.364566,200,559.072292
-119.702469,200,559.119696
-129.162533,200,559.166173
-4.903815,200,559.21301
-4.201025,200,559.259599
-363.236034,200,559.305385
-242.398794,200,559.351696
-122.01433,200,559.397716
-128.868308,200,559.443644
-247.875513,200,559.571994
-130.677132,200,559.618848
-230.031746,200,559.665956
-311.974575,200,559.714052
-329.906419,200,559.760902
-370.035696,200,559.807172
-349.745679,200,559.854146
-126.310116,200,559.901022
-117.591054,200,559.948133
-127.780436,200,559.996676
-4.38363,200,560.121843
-247.173355,200,560.170169
-120.834702,200,560.216636
-245.076021,200,560.263667
-124.078933,200,560.309801
-119.317328,200,560.356611
-349.534779,200,560.402579
-128.330443,200,560.450085
-234.059122,200,560.49752
-117.883274,200,560.54436
-238.05666,200,560.67051
-129.339006,200,560.718205
-127.697541,200,560.764777
-127.204738,200,560.811745
-247.235788,200,560.85818
-124.888818,200,560.904578
-127.803837,200,560.949741
-414.555812,200,560.99799
-127.957924,200,561.045973
-232.317255,200,561.092981
-129.846356,200,561.219412
-254.636529,200,561.267128
-129.629927,200,561.314308
-128.377405,200,561.360944
-128.886209,200,561.408108
-130.089797,200,561.454877
-237.403592,200,561.501353
-250.204129,200,561.548218
-4.434679,200,561.595162
-122.07792,200,561.641518
-124.010066,200,561.766433
-256.310908,200,561.814512
-128.618163,200,561.861244
-123.902864,200,561.908135
-126.508936,200,561.955716
-232.924101,200,562.001184
-117.984469,200,562.047707
-3.540985,200,562.094823
-235.652143,200,562.141121
-379.036598,200,562.187632
-125.975527,200,562.333318
-121.213056,200,562.380329
-130.082177,200,562.427832
-295.052874,200,562.47521
-367.689734,200,562.522313
-129.070689,200,562.569497
-238.801073,200,562.616428
-125.094957,200,562.663546
-128.527121,200,562.709608
-125.436332,200,562.756155
-236.273874,200,562.883425
-129.280839,200,562.930823
-126.771118,200,562.978465
-238.49279,200,563.024992
-237.022421,200,563.071496
-117.626358,200,563.118853
-4.161483,200,563.166095
-122.968206,200,563.211784
-252.196534,200,563.259818
-128.236325,200,563.307089
-127.488198,200,563.434861
-127.497514,200,563.483901
-117.413969,200,563.532901
-245.036072,200,563.579623
-4.486813,200,563.626437
-235.774577,200,563.67381
-236.405973,200,563.721195
-366.048837,200,563.768362
-355.129313,200,563.81499
-123.213392,200,563.860743
-125.387931,200,563.988107
-120.344693,200,564.034939
-243.233812,200,564.082396
-124.021507,200,564.128949
-121.627233,200,564.175404
-4.909117,200,564.221615
-118.889268,200,564.268499
-121.888424,200,564.31522
-236.880419,200,564.361862
-123.584978,200,564.408567
-7.350066,200,564.536347
-121.44252,200,564.584612
-249.820944,200,564.63276
-359.545766,200,564.679407
-130.034014,200,564.725981
-129.336016,200,564.772857
-124.608275,200,564.819856
-7.539693,200,564.866673
-128.766685,200,564.914026
-239.954872,200,564.961232
-4.800975,200,565.090263
-3.807954,200,565.138245
-7.383391,200,565.184829
-5.189767,200,565.231009
-308.001179,200,565.277886
-4.437999,200,565.325223
-240.151656,200,565.372466
-341.005786,200,565.420352
-3.671387,200,565.467282
-233.43546,200,565.5135
-241.929401,200,565.639971
-248.808126,200,565.686543
-119.716615,200,565.733311
-128.380843,200,565.780909
-236.135594,200,565.828004
-4.42882,200,565.874737
-128.883453,200,565.921819
-323.453315,200,565.96802
-368.435945,200,566.017227
-122.69323,200,566.063953
-127.443752,200,566.19045
-119.819887,200,566.237252
-235.730521,200,566.286087
-363.37643,200,566.333261
-249.024305,200,566.379948
-5.168914,200,566.425869
-377.605688,200,566.4739
-347.062183,200,566.520001
-283.14911,200,566.567874
-273.652908,200,566.614159
-119.61552,200,566.742464
-243.503123,200,566.790874
-122.297882,200,566.838607
-242.105127,200,566.885349
-128.345855,200,566.931311
-118.111547,200,566.977747
-120.949834,200,567.02419
-4.042957,200,567.070333
-7.492569,200,567.118826
-123.82902,200,567.165465
-121.351232,200,567.292584
-125.159822,200,567.340119
-119.183442,200,567.38647
-4.679786,200,567.433051
-123.057493,200,567.479716
-129.04162,200,567.526565
-5.0224,200,567.574268
-128.041634,200,567.620716
-4.042291,200,567.668207
-232.082042,200,567.71472
-266.507775,200,567.845207
-127.764225,200,567.892974
-124.805892,200,567.939789
-118.593216,200,567.987009
-130.592512,200,568.03394
-358.91602,200,568.081484
-127.770073,200,568.129292
-337.023789,200,568.176939
-128.58736,200,568.223071
-250.515839,200,568.268918
-124.634911,200,568.397177
-122.950828,200,568.445845
-242.935719,200,568.49202
-121.622705,200,568.540531
-368.716,200,568.586637
-124.080879,200,568.634434
-128.675855,200,568.680889
-131.977872,200,568.726571
-8.249653,200,568.774124
-243.582731,200,568.821895
-337.799113,200,568.950239
-250.833449,200,568.997502
-237.225598,200,569.045282
-227.089197,200,569.091719
-128.846004,200,569.13954
-123.100326,200,569.186179
-327.817517,200,569.233375
-371.107484,200,569.279554
-235.894211,200,569.325848
-125.440739,200,569.37267
-242.510883,200,569.498256
-119.400969,200,569.546662
-123.652905,200,569.593429
-121.558516,200,569.640604
-242.984869,200,569.687852
-6.428709,200,569.73408
-129.080273,200,569.779187
-250.78144,200,569.825676
-255.154958,200,569.872653
-127.573731,200,569.919722
-128.054389,200,570.047486
-119.688244,200,570.094906
-126.024237,200,570.141649
-248.416948,200,570.188924
-263.822014,200,570.236911
-240.599433,200,570.284368
-246.940396,200,570.331233
-126.860782,200,570.377881
-234.197362,200,570.425199
-131.61895,200,570.472151
-120.281064,200,570.602115
-374.403731,200,570.67553
-120.074186,200,570.723733
-236.805903,200,570.77052
-234.484219,200,570.817731
-241.503181,200,570.864184
-239.959113,200,570.910779
-127.841065,200,570.957576
-120.850169,200,571.006974
-129.648374,200,571.054477
-118.679622,200,571.184174
-347.771794,200,571.23227
-123.83478,200,571.278712
-2.397228,200,571.326781
-123.24432,200,571.373301
-229.435122,200,571.420167
-126.290006,200,571.466804
-2.676835,200,571.512711
-116.440522,200,571.558595
-116.276912,200,571.605813
-245.221062,200,571.732367
-376.157961,200,571.780195
-122.524902,200,571.828233
-119.140606,200,571.87563
-124.919671,200,571.921097
-239.177336,200,571.967515
-131.484409,200,572.014785
-240.131786,200,572.060754
-118.19296,200,572.109147
-122.166684,200,572.156132
-246.692572,200,572.281858
-127.29031,200,572.330147
-124.608095,200,572.378899
-120.693633,200,572.425988
-3.497188,200,572.47237
-2.361678,200,572.518828
-2.304235,200,572.565441
-121.424616,200,572.611104
-122.621481,200,572.658378
-238.318176,200,572.705653
-124.864473,200,572.833006
-123.841265,200,572.88118
-326.625901,200,572.927555
-125.972741,200,572.975115
-331.379962,200,573.021736
-124.632497,200,573.06801
-239.132982,200,573.114848
-227.991972,200,573.162377
-122.523161,200,573.208242
-235.803317,200,573.253739
-118.258064,200,573.383318
-5.334369,200,573.431699
-237.752688,200,573.479084
-327.27387,200,573.527737
-129.449165,200,573.575652
-123.428245,200,573.622309
-4.421031,200,573.669223
-125.137427,200,573.715504
-7.427685,200,573.763646
-116.911101,200,573.80977
-128.98166,200,573.93771
-129.792441,200,573.986272
-246.42906,200,574.033112
-128.990708,200,574.079667
-123.613554,200,574.127149
-247.597686,200,574.173516
-121.643741,200,574.219399
-5.939238,200,574.265597
-245.899028,200,574.312658
-355.835592,200,574.360065
-244.182053,200,574.487118
-117.398343,200,574.534523
-128.679568,200,574.583034
-265.037865,200,574.631431
-128.96566,200,574.679447
-351.147916,200,574.727596
-250.584956,200,574.776081
-247.538907,200,574.823303
-230.911953,200,574.870223
-120.848631,200,574.917692
-128.074719,200,575.04685
-124.212744,200,575.098778
-119.985074,200,575.148894
-128.098903,200,575.198149
-123.476089,200,575.245297
-342.308319,200,575.291784
-244.498911,200,575.337857
-122.032693,200,575.384016
-363.400929,200,575.431036
-128.610305,200,575.477023
-118.421059,200,575.605125
-127.514178,200,575.652542
-5.55742,200,575.699536
-239.948564,200,575.745895
-122.806741,200,575.792732
-121.272021,200,575.839153
-243.886765,200,575.88543
-4.336507,200,575.932314
-126.059531,200,575.980409
-240.487055,200,576.028746
-5.323562,200,576.158376
-130.193562,200,576.206324
-126.717051,200,576.254462
-129.915435,200,576.303414
-247.801011,200,576.35304
-250.185814,200,576.404285
-3.591292,200,576.453606
-126.899162,200,576.49984
-124.765248,200,576.546648
-128.711724,200,576.593522
-237.684052,200,576.720889
-126.408727,200,576.76979
-236.983441,200,576.817352
-128.288677,200,576.86492
-368.447069,200,576.910988
-124.503012,200,576.958164
-130.924508,200,577.005485
-123.790806,200,577.052324
-126.650594,200,577.098716
-234.556983,200,577.145988
-119.953387,200,577.272311
-128.79367,200,577.319746
-119.056681,200,577.367353
-342.265746,200,577.413756
-250.129911,200,577.460601
-234.59494,200,577.506134
-3.594225,200,577.55418
-119.631625,200,577.601894
-334.413221,200,577.648561
-129.630788,200,577.693766
-3.676667,200,577.820207
-127.778299,200,577.868424
-228.337642,200,577.915611
-3.132724,200,577.962697
-241.535845,200,578.008564
-241.736725,200,578.054658
-123.732651,200,578.101163
-125.753204,200,578.149565
-241.409005,200,578.196001
-117.095293,200,578.242876
-326.598736,200,578.370035
-3.55736,200,578.417436
-237.450672,200,578.465397
-125.012114,200,578.511252
-127.783532,200,578.559372
-4.206634,200,578.606909
-123.589938,200,578.652515
-243.351254,200,578.699696
-124.836524,200,578.746072
-238.093755,200,578.792692
-3.632932,200,578.923025
-245.380098,200,578.993477
-247.527983,200,579.04182
-3.695584,200,579.08847
-243.424448,200,579.136619
-265.061254,200,579.183368
-120.019369,200,579.230184
-127.798898,200,579.276955
-245.468607,200,579.323508
-118.560712,200,579.369934
-302.099192,200,579.497868
-241.762893,200,579.545007
-128.398675,200,579.592426
-128.132012,200,579.638616
-125.716978,200,579.685247
-118.85059,200,579.73236
-352.30717,200,579.779621
-239.653506,200,579.826808
-234.828424,200,579.873612
-115.823423,200,579.920881
-122.103503,200,580.048836
-5.030279,200,580.095422
-127.265975,200,580.14309
-128.764906,200,580.18978
-261.710408,200,580.235215
-128.185707,200,580.282051
-124.085649,200,580.329605
-128.088698,200,580.375712
-127.6508,200,580.422066
-244.989123,200,580.468504
-126.846471,200,580.597179
-124.974428,200,580.645007
-128.092695,200,580.692136
-343.766776,200,580.739582
-127.78877,200,580.785639
-237.372617,200,580.832378
-123.354324,200,580.878932
-4.581917,200,580.925598
-118.399272,200,580.971602
-232.983379,200,581.021266
-125.437069,200,581.149351
-128.803606,200,581.196906
-129.276055,200,581.244197
-129.332483,200,581.290567
-5.173842,200,581.337405
-3.672199,200,581.384078
-119.355979,200,581.431107
-130.846874,200,581.477959
-240.005911,200,581.523995
-233.863842,200,581.57
-128.139745,200,581.699928
-365.304619,200,581.748125
-2.771158,200,581.796266
-4.347037,200,581.844587
-122.428351,200,581.891184
-123.268875,200,581.938127
-126.068449,200,581.984226
-123.927422,200,582.031845
-121.611268,200,582.07861
-244.085642,200,582.126328
-3.614155,200,582.253987
-119.532972,200,582.303215
-125.062744,200,582.350731
-4.307856,200,582.396995
-124.449939,200,582.443763
-120.216137,200,582.48933
-118.132763,200,582.535894
-119.79909,200,582.58276
-124.130042,200,582.628309
-120.311914,200,582.67529
-126.833799,200,582.801953
-5.251379,200,582.85027
-236.131947,200,582.897327
-126.961818,200,582.943278
-234.729732,200,582.989588
-128.391415,200,583.035546
-123.381247,200,583.082568
-126.963782,200,583.12939
-122.449564,200,583.176128
-123.431542,200,583.222037
-125.496895,200,583.348753
-117.584331,200,583.396299
-121.20744,200,583.44304
-301.380465,200,583.488763
-126.933815,200,583.534932
-241.087928,200,583.582624
-248.587959,200,583.62887
-246.226816,200,583.675591
-128.289824,200,583.721393
-127.293347,200,583.767469
-123.694387,200,583.893462
-3.314412,200,583.940392
-123.221243,200,583.987048
-126.354944,200,584.034125
-122.870739,200,584.08093
-131.654429,200,584.127202
-239.171086,200,584.174252
-124.845704,200,584.220508
-4.058786,200,584.268145
-126.130743,200,584.315754
-129.717928,200,584.444069
-126.226776,200,584.491405
-128.434216,200,584.538852
-120.81933,200,584.585671
-125.737758,200,584.632691
-6.602753,200,584.67871
-5.828858,200,584.725756
-118.052282,200,584.773118
-125.746042,200,584.820119
-120.885218,200,584.867605
-347.903365,200,584.995411
-242.934853,200,585.042081
-129.321255,200,585.089387
-126.577094,200,585.136321
-245.863523,200,585.18175
-4.454716,200,585.229306
-127.071462,200,585.275358
-4.916823,200,585.322633
-247.886343,200,585.368687
-368.021471,200,585.415902
-245.453289,200,585.542098
-230.599401,200,585.590005
-116.852024,200,585.636769
-4.087565,200,585.683662
-125.897637,200,585.729479
-126.287411,200,585.776198
-127.588542,200,585.822673
-296.47845,200,585.868685
-122.670371,200,585.914504
-126.348455,200,585.960447
-132.064515,200,586.089932
-127.821365,200,586.137882
-129.423869,200,586.183405
-128.807095,200,586.230168
-3.68217,200,586.277599
-127.531452,200,586.323669
-5.017871,200,586.370389
-238.143284,200,586.416601
-4.55007,200,586.461918
-129.082978,200,586.508589
-129.710736,200,586.634142
-250.866105,200,586.681881
-126.370136,200,586.727958
-118.932341,200,586.774997
-241.070522,200,586.821256
-124.677573,200,586.868762
-8.165108,200,586.915491
-255.050648,200,586.961188
-233.368119,200,587.007258
-246.532738,200,587.053756
-307.58506,200,587.182789
-130.082607,200,587.230998
-121.901518,200,587.277154
-128.857882,200,587.323713
-129.571782,200,587.370781
-244.17518,200,587.415913
-117.145817,200,587.463035
-4.558685,200,587.51026
-119.829151,200,587.555758
-245.640542,200,587.600518
-125.993565,200,587.727476
-266.424825,200,587.798526
-129.194984,200,587.846364
-359.532094,200,587.893178
-4.292122,200,587.939528
-358.070831,200,587.986267
-240.870701,200,588.034062
-131.328331,200,588.080679
-384.516932,200,588.127111
-239.406983,200,588.17352
-5.020984,200,588.301025
-128.672658,200,588.348595
-242.979173,200,588.396007
-4.804658,200,588.442394
-116.510175,200,588.488974
-244.009336,200,588.535439
-245.457249,200,588.58232
-124.571297,200,588.62973
-7.918271,200,588.675232
-237.583149,200,588.721072
-4.453065,200,588.84773
-4.55851,200,588.895604
-125.861581,200,588.942971
-239.913622,200,588.99153
-117.746761,200,589.038299
-128.506416,200,589.08608
-248.201079,200,589.131992
-128.717846,200,589.17899
-244.684081,200,589.224737
-246.779751,200,589.270158
-126.600692,200,589.397395
-253.600679,200,589.444662
-232.280077,200,589.492376
-5.1085,200,589.539349
-5.598866,200,589.585782
-231.770931,200,589.632127
-246.875198,200,589.677194
-129.387252,200,589.724575
-5.601514,200,589.771047
-131.438637,200,589.817781
-5.49584,200,589.952868
-241.676043,200,590.000366
-127.870785,200,590.04712
-122.956552,200,590.094534
-128.307334,200,590.140817
-128.204975,200,590.186296
-132.023691,200,590.232818
-127.417523,200,590.280104
-125.229932,200,590.326898
-127.326574,200,590.374002
-228.599483,200,590.503038
-118.03556,200,590.549403
-131.69086,200,590.596958
-233.597383,200,590.645044
-4.282659,200,590.691812
-127.992483,200,590.739418
-127.398227,200,590.78602
-130.181595,200,590.83329
-130.926138,200,590.87992
-4.647934,200,590.926486
-128.49512,200,591.057152
-130.555083,200,591.103814
-361.011147,200,591.151535
-126.037011,200,591.197703
-4.518339,200,591.245037
-4.27165,200,591.291951
-128.316341,200,591.33824
-124.149198,200,591.384195
-249.460522,200,591.430126
-124.332316,200,591.47539
-259.074568,200,591.603157
-124.694044,200,591.651526
-128.044293,200,591.70011
-118.588497,200,591.746475
-117.184186,200,591.793366
-247.860601,200,591.839145
-120.630742,200,591.88498
-127.046583,200,591.931994
-123.680875,200,591.979675
-127.055488,200,592.025547
-121.633816,200,592.15154
-123.050688,200,592.198724
-5.243517,200,592.246505
-4.6492,200,592.293195
-121.921045,200,592.339953
-128.940756,200,592.386854
-4.109319,200,592.434042
-130.575235,200,592.481273
-4.392388,200,592.528039
-363.833281,200,592.574681
-129.980746,200,592.70379
-270.557763,200,592.752234
-244.732045,200,592.801528
-262.585433,200,592.849022
-229.870036,200,592.896608
-126.1068,200,592.943504
-126.466189,200,592.990856
-255.305973,200,593.038852
-125.962804,200,593.08602
-4.085614,200,593.132407
-128.930909,200,593.261828
-258.182666,200,593.310962
-133.131516,200,593.356932
-464.059853,200,593.404093
-6.938509,200,593.450929
-127.1629,200,593.497623
-242.820242,200,593.544036
-125.340535,200,593.591292
-117.374734,200,593.639942
-5.245106,200,593.686709
-241.960388,200,593.814115
-128.968655,200,593.86199
-237.611392,200,593.908929
-129.406059,200,593.955913
-124.839849,200,594.002986
-131.640042,200,594.050508
-9.256858,200,594.097481
-118.328694,200,594.144597
-122.098376,200,594.191796
-344.603717,200,594.239782
-131.085138,200,594.367259
-130.6092,200,594.414496
-120.707466,200,594.461359
-123.308076,200,594.507872
-239.526079,200,594.554157
-126.617728,200,594.600506
-129.055479,200,594.646544
-238.183233,200,594.693136
-8.852799,200,594.739991
-6.16853,200,594.786534
-244.084663,200,594.913155
-123.034521,200,594.961377
-122.73479,200,595.008663
-340.281761,200,595.05584
-129.957683,200,595.103205
-234.530035,200,595.150231
-126.013483,200,595.197379
-121.444719,200,595.244165
-123.7199,200,595.291152
-124.562087,200,595.338222
-125.557528,200,595.469269
-129.623639,200,595.517416
-248.78003,200,595.565318
-228.280728,200,595.612124
-234.999667,200,595.658187
-124.606955,200,595.706204
-238.383208,200,595.752498
-126.153379,200,595.799869
-127.556256,200,595.846498
-243.840329,200,595.893426
-124.875532,200,596.024154
-128.796167,200,596.072294
-136.377463,200,596.120024
-233.898003,200,596.166428
-243.623154,200,596.213545
-128.673369,200,596.25999
-3.213518,200,596.307125
-127.630494,200,596.353194
-323.392941,200,596.399996
-123.19519,200,596.447232
-127.601783,200,596.574933
-4.060216,200,596.623261
-246.932408,200,596.67022
-127.173605,200,596.717999
-126.877121,200,596.765401
-129.036602,200,596.812821
-251.718438,200,596.860075
-123.219193,200,596.906444
-128.02133,200,596.953106
-119.087392,200,596.999548
-122.940244,200,597.151324
-237.874395,200,597.198469
-132.427227,200,597.245464
-127.537914,200,597.291458
-122.942535,200,597.337694
-120.768993,200,597.384291
-239.382707,200,597.430693
-118.376307,200,597.477401
-127.952625,200,597.523973
-238.789286,200,597.569565
-129.476289,200,597.696628
-123.630279,200,597.744742
-233.436037,200,597.792269
-246.097479,200,597.839594
-124.690148,200,597.886143
-127.405856,200,597.9325
-124.356934,200,597.977188
-126.85615,200,598.023507
-126.045184,200,598.070268
-245.913776,200,598.116334
-239.107135,200,598.246386
-241.402771,200,598.294548
-246.884408,200,598.342538
-124.672037,200,598.390078
-127.998569,200,598.436921
-121.640995,200,598.483729
-355.283899,200,598.53168
-244.798195,200,598.577091
-120.610013,200,598.624763
-119.947213,200,598.672857
-129.094613,200,598.80064
-128.389814,200,598.84831
-239.332343,200,598.894256
-116.858725,200,598.940958
-246.192769,200,598.98738
-241.795502,200,599.033862
-249.889203,200,599.080039
-127.754112,200,599.127931
-229.579407,200,599.176716
-123.946401,200,599.222918
-358.297042,200,599.350338
-365.618746,200,599.397511
-5.238391,200,599.443722
-243.520331,200,599.49122
-247.904501,200,599.539231
-242.837349,200,599.586733
-239.419292,200,599.63254
-128.823678,200,599.678585
-121.428923,200,599.724478
-5.953954,200,599.771291
-118.929199,200,599.897952
-435.1406,200,599.945953
-242.770079,200,599.992865
-125.144322,200,600.039244
-239.296399,200,600.086549
-119.869484,200,600.132756
-357.794232,200,600.178996
-127.126559,200,600.22559
-118.832813,200,600.27267
-357.883184,200,600.319575
-118.679774,200,600.446325
-243.784624,200,600.492765
-245.234824,200,600.539209
-129.60079,200,600.585508
-343.34525,200,600.631582
-126.978089,200,600.678289
-271.441003,200,600.724926
-251.013676,200,600.770981
-123.282098,200,600.817232
-129.350003,200,600.862934
-127.308105,200,600.994213
-236.272413,200,601.043608
-123.698999,200,601.092201
-121.085369,200,601.138372
-119.568694,200,601.184857
-120.662399,200,601.232064
-119.700331,200,601.279355
-120.239574,200,601.325389
-4.611932,200,601.37319
-236.388337,200,601.419688
-129.224466,200,601.5467
-124.478165,200,601.593932
-123.727024,200,601.640941
-120.386178,200,601.688623
-366.477218,200,601.733777
-121.864218,200,601.780996
-249.58685,200,601.827473
-238.236044,200,601.873696
-130.527106,200,601.919454
-129.782158,200,601.967118
-125.842377,200,602.096374
-7.564958,200,602.146705
-122.189745,200,602.19551
-126.329118,200,602.24311
-122.660497,200,602.289001
-123.628967,200,602.336329
-128.534896,200,602.383234
-238.941738,200,602.429111
-121.146919,200,602.476018
-129.207348,200,602.522408
-117.611405,200,602.649588
-246.996919,200,602.69742
-122.666233,200,602.744262
-128.134209,200,602.791647
-232.243926,200,602.839023
-4.987573,200,602.88602
-242.351392,200,602.931607
-255.063744,200,602.977494
-335.916773,200,603.02257
-119.507923,200,603.068782
-242.138326,200,603.194958
-126.219994,200,603.243713
-4.743474,200,603.292194
-121.653845,200,603.339306
-121.80877,200,603.386163
-126.966554,200,603.431209
-123.836131,200,603.476339
-242.24092,200,603.521831
-3.914774,200,603.568344
-120.04067,200,603.615299
-242.975223,200,603.74613
-124.723674,200,603.794735
-122.10744,200,603.842711
-248.158008,200,603.889248
-245.943428,200,603.937382
-4.330495,200,603.984285
-117.366079,200,604.031067
-124.184705,200,604.078499
-361.714187,200,604.125107
-126.294798,200,604.170981
-236.995473,200,604.297612
-128.421814,200,604.344414
-123.755756,200,604.391529
-6.130455,200,604.43787
-4.236824,200,604.483909
-126.518885,200,604.531721
-118.220949,200,604.58046
-118.314011,200,604.62827
-126.419275,200,604.675654
-236.143638,200,604.723123
-129.588639,200,604.854664
-127.124975,200,604.903358
-230.543651,200,604.951501
-130.602181,200,604.999351
-127.97967,200,605.046658
-121.552931,200,605.093493
-128.982158,200,605.140882
-250.254797,200,605.190051
-4.505569,200,605.238332
-122.482062,200,605.284423
-127.691347,200,605.413336
-5.472351,200,605.460685
-239.364083,200,605.506893
-125.53894,200,605.55316
-4.773023,200,605.599973
-124.771085,200,605.646789
-125.557234,200,605.692936
-4.744634,200,605.739438
-355.188207,200,605.785257
-237.39332,200,605.830812
-118.207759,200,605.983468
-124.865959,200,606.034105
-120.559597,200,606.0812
-125.184396,200,606.127104
-5.260457,200,606.173988
-234.107594,200,606.220656
-127.68481,200,606.268551
-128.330562,200,606.317042
-121.745347,200,606.36746
-125.697875,200,606.416741
-126.048552,200,606.54735
-5.164708,200,606.595113
-5.409236,200,606.642662
-125.687293,200,606.689929
-119.464279,200,606.738399
-123.859527,200,606.785665
-126.768983,200,606.83275
-248.656773,200,606.879566
-129.796388,200,606.927017
-126.282715,200,606.973892
-358.240129,200,607.102305
-130.866525,200,607.149988
-237.41023,200,607.197984
-123.036991,200,607.245759
-131.664672,200,607.293515
-232.646878,200,607.341014
-319.172596,200,607.387611
-367.835587,200,607.43493
-5.049003,200,607.481202
-370.129872,200,607.528589
-244.701605,200,607.656988
-354.594198,200,607.704959
-234.504194,200,607.752367
-127.561213,200,607.799339
-130.84234,200,607.846832
-123.876971,200,607.894024
-131.943613,200,607.940989
-125.220773,200,607.988227
-125.959491,200,608.035151
-248.743776,200,608.080875
-120.328986,200,608.209274
-253.834724,200,608.257544
-237.571188,200,608.304799
-5.824519,200,608.352232
-131.009989,200,608.399254
-390.284381,200,608.44601
-5.485976,200,608.4921
-122.875762,200,608.539311
-237.138704,200,608.585946
-125.283446,200,608.632302
-127.830127,200,608.762568
-123.765598,200,608.811408
-249.332031,200,608.859231
-6.376968,200,608.907522
-120.860378,200,608.955116
-125.658764,200,609.002484
-244.705779,200,609.049211
-251.872451,200,609.096176
-356.200807,200,609.143261
-125.218658,200,609.190259
-246.30221,200,609.321819
-121.129277,200,609.369193
-122.894164,200,609.416782
-246.411035,200,609.46357
-244.868532,200,609.510315
-117.32343,200,609.556793
-121.486457,200,609.603322
-253.134553,200,609.650712
-119.758126,200,609.697805
-334.242091,200,609.744494
-3.845338,200,609.871855
-246.654754,200,609.920394
-128.496875,200,609.967891
-116.915285,200,610.014931
-122.643285,200,610.061783
-129.357528,200,610.108514
-3.91353,200,610.154249
-126.748606,200,610.203683
-121.403852,200,610.250677
-239.30377,200,610.297813
-229.194668,200,610.425019
-3.544227,200,610.473007
-124.16486,200,610.520988
-121.836804,200,610.568754
-121.965668,200,610.614936
-120.812317,200,610.661448
-122.945927,200,610.708223
-242.109083,200,610.754901
-363.358269,200,610.801726
-125.569151,200,610.847951
-369.136523,200,610.974841
-239.140642,200,611.025879
-249.167553,200,611.073479
-6.093611,200,611.119772
-247.601051,200,611.166254
-3.498956,200,611.213197
-239.832877,200,611.258715
-257.104708,200,611.306533
-117.740374,200,611.353953
-126.723046,200,611.401412
-117.756631,200,611.528706
-3.087389,200,611.577219
-129.448847,200,611.623589
-238.125711,200,611.670796
-248.564749,200,611.716955
-128.17614,200,611.761968
-120.881605,200,611.810009
-122.752243,200,611.857806
-128.159558,200,611.904308
-127.5311,200,611.951884
-128.582195,200,612.08135
-7.103925,200,612.128093
-122.426774,200,612.174342
-122.183863,200,612.221144
-121.174451,200,612.266642
-253.99461,200,612.312817
-131.477034,200,612.359788
-131.997906,200,612.405782
-125.431056,200,612.451515
-336.571787,200,612.497701
-5.679908,200,612.623814
-5.648208,200,612.671544
-249.675639,200,612.719275
-122.560512,200,612.766858
-123.226972,200,612.813499
-344.911734,200,612.859225
-242.709831,200,612.90555
-5.32761,200,612.952235
-240.881346,200,612.998131
-124.932275,200,613.04524
-9.453341,200,613.172059
-6.680933,200,613.21969
-236.253523,200,613.266695
-124.626476,200,613.314006
-124.583336,200,613.361326
-245.038172,200,613.407808
-123.186471,200,613.454782
-4.693528,200,613.502357
-250.789826,200,613.549934
-6.582408,200,613.596999
-128.265332,200,613.725415
-126.797836,200,613.773729
-132.292553,200,613.821677
-121.556951,200,613.868383
-128.701909,200,613.915787
-247.766249,200,613.962763
-129.602141,200,614.011157
-131.461181,200,614.057687
-118.693847,200,614.104353
-233.795313,200,614.150877
-7.890852,200,614.278079
-240.55839,200,614.324512
-126.236202,200,614.371015
-121.399033,200,614.41778
-123.726211,200,614.464649
-127.952643,200,614.510931
-241.562575,200,614.557808
-129.853029,200,614.604713
-125.636567,200,614.650614
-124.510371,200,614.696495
-237.026193,200,614.849725
-119.002336,200,614.897103
-4.281574,200,614.94433
-120.086031,200,614.992005
-233.036552,200,615.038918
-244.324035,200,615.084396
-127.904421,200,615.131379
-370.997358,200,615.177141
-125.414789,200,615.224395
-120.980899,200,615.271468
-242.351601,200,615.399445
-235.678211,200,615.447774
-126.197241,200,615.494743
-120.006707,200,615.540333
-123.428595,200,615.585905
-121.930554,200,615.632226
-4.112568,200,615.678163
-329.279389,200,615.724808
-339.659471,200,615.771723
-254.48132,200,615.817566
-123.328816,200,615.943199
-252.154235,200,615.992259
-118.75026,200,616.041809
-128.707913,200,616.088352
-333.854828,200,616.13561
-338.023885,200,616.181748
-334.769565,200,616.229221
-131.305542,200,616.276101
-128.801473,200,616.321804
-234.579498,200,616.368856
-125.137703,200,616.496108
-117.125416,200,616.543134
-235.017946,200,616.589829
-127.920364,200,616.636253
-253.58538,200,616.68303
-241.485244,200,616.728997
-236.721816,200,616.775225
-4.224474,200,616.822406
-120.842204,200,616.868832
-233.225201,200,616.914718
-121.70867,200,617.039534
-270.024857,200,617.086363
-119.302357,200,617.132827
-246.212859,200,617.178415
-241.832902,200,617.224823
-122.573264,200,617.270825
-119.774868,200,617.31801
-127.174415,200,617.364271
-4.791823,200,617.410607
-232.911667,200,617.458166
-121.312537,200,617.586559
-6.025354,200,617.633773
-256.395438,200,617.680251
-240.973607,200,617.727338
-239.945027,200,617.773642
-5.135324,200,617.820792
-238.852299,200,617.868125
-243.439478,200,617.913986
-121.613113,200,617.960878
-5.121796,200,618.007894
-127.591032,200,618.133778
-129.735968,200,618.182186
-5.940942,200,618.22939
-129.764493,200,618.275652
-130.516906,200,618.321245
-121.952674,200,618.367043
-129.210388,200,618.412768
-7.242872,200,618.459033
-123.647174,200,618.505638
-241.781967,200,618.551483
-345.681444,200,618.675106
-118.583048,200,618.722572
-126.905453,200,618.770238
-243.067287,200,618.816965
-354.346059,200,618.864718
-121.485202,200,618.91076
-234.739253,200,618.958239
-128.08763,200,619.005359
-6.212937,200,619.051784
-7.876291,200,619.097403
-241.992745,200,619.224889
-128.234585,200,619.272304
-8.52798,200,619.319646
-121.955,200,619.365394
-129.488565,200,619.412117
-124.091386,200,619.458897
-129.230855,200,619.505703
-124.486186,200,619.551509
-122.880516,200,619.597212
-239.902391,200,619.643624
-130.58798,200,619.769217
-118.34536,200,619.816071
-237.114234,200,619.862231
-120.485726,200,619.907825
-247.208754,200,619.953601
-315.800839,200,620.000536
-8.680295,200,620.046915
-131.507101,200,620.093046
-125.847678,200,620.140178
-132.631496,200,620.18735
-288.493483,200,620.318937
-235.119829,200,620.365767
-130.559609,200,620.413359
-132.103589,200,620.460032
-246.106121,200,620.506672
-130.536574,200,620.55366
-240.942995,200,620.601321
-249.231815,200,620.64941
-123.979488,200,620.695776
-239.391546,200,620.742417
-245.105725,200,620.871216
-5.340001,200,620.918884
-125.618948,200,620.966606
-127.369392,200,621.015182
-8.930274,200,621.063158
-129.779658,200,621.110236
-256.130212,200,621.157521
-243.629771,200,621.205355
-131.726093,200,621.252149
-130.775956,200,621.298861
-242.232633,200,621.427284
-121.36858,200,621.476504
-239.390427,200,621.524252
-295.937484,200,621.5718
-120.624305,200,621.618063
-124.18208,200,621.664956
-127.163206,200,621.712008
-261.762931,200,621.759035
-5.833521,200,621.806407
-6.453326,200,621.853052
-239.437307,200,621.980704
-348.270368,200,622.029098
-122.221646,200,622.077431
-233.377582,200,622.123377
-128.57933,200,622.170321
-120.994009,200,622.216547
-242.148844,200,622.262979
-9.791751,200,622.309413
-6.225459,200,622.355486
-127.177913,200,622.402293
-357.087179,200,622.529163
-216.460732,200,622.577608
-127.306253,200,622.625325
-132.295426,200,622.672421
-241.071341,200,622.720051
-242.092014,200,622.766118
-245.747887,200,622.814681
-125.062142,200,622.861894
-6.431833,200,622.90882
-121.096605,200,622.956335
-126.890839,200,623.086107
-382.092878,200,623.133568
-254.662938,200,623.180568
-123.050488,200,623.228377
-246.328903,200,623.276163
-5.116619,200,623.323926
-128.332758,200,623.370964
-127.428936,200,623.417496
-6.129657,200,623.463908
-124.936656,200,623.510878
-355.910353,200,623.637375
-123.596656,200,623.710732
-129.511873,200,623.75787
-251.067525,200,623.806516
-123.132623,200,623.853441
-5.472844,200,623.899556
-235.072717,200,623.947345
-117.479765,200,623.993979
-355.610132,200,624.040748
-233.821544,200,624.088127
-246.628167,200,624.21694
-129.810991,200,624.263887
-232.819829,200,624.310845
-122.707612,200,624.35776
-123.888546,200,624.40336
-124.365225,200,624.450115
-6.958736,200,624.497303
-248.533016,200,624.543605
-235.948133,200,624.589554
-372.972476,200,624.635399
-243.869175,200,624.763407
-124.059457,200,624.811541
-124.610587,200,624.858577
-258.965857,200,624.90529
-396.988324,200,624.951174
-5.917816,200,624.997199
-236.730131,200,625.043489
-5.166402,200,625.089534
-233.677778,200,625.13508
-253.375982,200,625.18156
-124.920643,200,625.309248
-128.621187,200,625.356075
-226.719385,200,625.403491
-130.448203,200,625.449957
-4.296192,200,625.498112
-130.869871,200,625.544994
-130.182216,200,625.59142
-127.596502,200,625.637725
-129.324067,200,625.684081
-127.04207,200,625.731377
-126.827323,200,625.862232
-128.102108,200,625.910877
-127.407088,200,625.959032
-355.117492,200,626.00746
-126.07348,200,626.055692
-128.352267,200,626.103157
-236.841083,200,626.149459
-121.70213,200,626.196435
-126.505773,200,626.244049
-4.071517,200,626.290791
-126.840036,200,626.418574
-245.229852,200,626.465728
-126.875664,200,626.513266
-123.010108,200,626.561177
-118.54519,200,626.608065
-237.704165,200,626.656307
-124.606772,200,626.704356
-345.649774,200,626.751381
-232.734179,200,626.799333
-247.904015,200,626.846687
-356.121796,200,626.972721
-242.728468,200,627.020648
-4.19162,200,627.068444
-240.274747,200,627.115724
-344.126368,200,627.162718
-128.207823,200,627.211154
-300.669335,200,627.258565
-239.431475,200,627.305451
-124.28533,200,627.35144
-123.765034,200,627.398149
-4.210888,200,627.526528
-245.137498,200,627.574354
-118.008426,200,627.621309
-343.003584,200,627.668453
-125.784185,200,627.716114
-128.543959,200,627.762891
-237.598271,200,627.809814
-3.895062,200,627.857091
-123.384082,200,627.903976
-121.936002,200,627.950896
-121.897607,200,628.078404
-248.615177,200,628.126206
-3.140428,200,628.17404
-232.568518,200,628.221717
-127.92464,200,628.26919
-3.856671,200,628.315542
-118.57842,200,628.362001
-124.016688,200,628.408208
-3.378852,200,628.454838
-129.314607,200,628.500384
-125.897284,200,628.631638
-132.087997,200,628.679072
-356.952373,200,628.726587
-120.932162,200,628.774199
-127.363649,200,628.823441
-133.555928,200,628.870214
-238.772275,200,628.917572
-121.437933,200,628.964741
-3.423075,200,629.011512
-123.354606,200,629.057855
-126.017037,200,629.185831
-4.857796,200,629.234467
-6.783483,200,629.28109
-236.161904,200,629.329552
-241.253277,200,629.376018
-125.817141,200,629.422363
-3.168045,200,629.470201
-119.260967,200,629.517372
-121.37512,200,629.564503
-129.768379,200,629.611203
-123.090158,200,629.739123
-239.72113,200,629.786562
-3.979429,200,629.834323
-120.123882,200,629.88025
-128.600398,200,629.927246
-125.95599,200,629.975037
-128.010156,200,630.022992
-242.437709,200,630.070921
-4.665399,200,630.11693
-373.676324,200,630.163902
-122.168628,200,630.291651
-365.301272,200,630.339212
-128.317321,200,630.386054
-119.020537,200,630.433139
-124.953539,200,630.48044
-3.323461,200,630.526671
-366.265069,200,630.574006
-129.362677,200,630.621521
-129.367945,200,630.668077
-363.778013,200,630.715207
-122.129057,200,630.842255
-126.294898,200,630.890172
-128.772221,200,630.93697
-129.094532,200,630.983931
-125.449265,200,631.034378
-314.00464,200,631.08127
-128.449605,200,631.128207
-245.706138,200,631.174534
-125.832246,200,631.222549
-128.590203,200,631.26967
-124.119148,200,631.401035
-120.606098,200,631.448985
-126.704658,200,631.496485
-121.628829,200,631.543842
-127.268705,200,631.590061
-242.393414,200,631.637882
-128.514576,200,631.684892
-245.74775,200,631.731472
-4.248448,200,631.778989
-119.340167,200,631.825254
-124.729945,200,631.953083
-126.336429,200,632.001422
-127.468296,200,632.049044
-236.107419,200,632.096539
-243.521618,200,632.143348
-127.012167,200,632.189791
-121.707431,200,632.236892
-128.624444,200,632.283766
-417.758694,200,632.331332
-234.907302,200,632.378779
-128.282028,200,632.504738
-123.250639,200,632.579344
-120.792108,200,632.627892
-127.926583,200,632.674492
-116.574707,200,632.721793
-125.310499,200,632.769544
-123.864817,200,632.815895
-252.098043,200,632.862444
-3.476065,200,632.910193
-124.833911,200,632.958019
-127.762852,200,633.086203
-129.346416,200,633.135637
-230.268836,200,633.183259
-126.659627,200,633.23084
-123.066092,200,633.276791
-3.681907,200,633.32468
-120.963567,200,633.371664
-127.574837,200,633.418843
-127.829204,200,633.465828
-124.223968,200,633.512684
-3.787049,200,633.640924
-127.166668,200,633.688563
-375.239262,200,633.735834
-124.486082,200,633.783011
-126.195069,200,633.831818
-247.210094,200,633.879606
-366.025642,200,633.927029
-126.659131,200,633.973682
-118.20765,200,634.020313
-126.094981,200,634.066883
-124.592901,200,634.19625
-4.954704,200,634.244094
-237.331767,200,634.292141
-235.131123,200,634.339961
-126.75536,200,634.38731
-447.928679,200,634.435687
-125.064758,200,634.482672
-128.143277,200,634.531838
-129.753197,200,634.586675
-122.719907,200,634.640233
-117.481398,200,634.773668
-117.076643,200,634.823186
-386.976639,200,634.871666
-124.108057,200,634.919406
-8.392364,200,634.966809
-352.415676,200,635.013361
-123.025312,200,635.061945
-6.317133,200,635.110045
-128.147157,200,635.155583
-121.1872,200,635.202552
-237.630064,200,635.331328
-242.574701,200,635.379009
-127.293823,200,635.426822
-125.425425,200,635.472906
-123.132555,200,635.520175
-239.734637,200,635.566315
-123.454051,200,635.614153
-249.226799,200,635.661361
-121.224188,200,635.709119
-358.840566,200,635.755472
-124.378521,200,635.8825
-122.215944,200,635.930795
-247.118386,200,635.978155
-122.48964,200,636.028838
-129.125265,200,636.077684
-6.005724,200,636.124274
-128.691948,200,636.171776
-122.981025,200,636.218977
-121.169489,200,636.266783
-244.105626,200,636.314648
-130.723849,200,636.447881
-121.860338,200,636.496298
-251.643154,200,636.545946
-240.818076,200,636.595419
-127.890718,200,636.64288
-245.295677,200,636.690472
-243.673626,200,636.737729
-7.167188,200,636.785216
-125.333695,200,636.831947
-235.312896,200,636.878383
-4.182241,200,637.009651
-119.240151,200,637.057439
-121.357404,200,637.104821
-237.013757,200,637.152459
-235.117061,200,637.200041
-355.870925,200,637.248049
-124.576082,200,637.294714
-356.203191,200,637.342842
-368.736928,200,637.389772
-131.099274,200,637.438175
-259.315026,200,637.568111
-128.333047,200,637.615611
-127.958457,200,637.664055
-123.936407,200,637.712507
-120.643971,200,637.758966
-121.019754,200,637.806803
-232.646514,200,637.854912
-128.487365,200,637.902275
-357.160857,200,637.949045
-4.752298,200,637.995426
-359.578738,200,638.12392
-124.343913,200,638.171286
-247.95583,200,638.219511
-128.039646,200,638.267031
-118.695971,200,638.314036
-130.003738,200,638.359876
-11.134223,200,638.406425
-296.865849,200,638.452617
-123.059552,200,638.499321
-122.163194,200,638.545229
-132.370898,200,638.672015
-122.049041,200,638.719538
-248.073616,200,638.767867
-251.57189,200,638.815678
-126.043721,200,638.864129
-364.741417,200,638.910805
-122.915823,200,638.957709
-122.735372,200,639.005313
-235.05009,200,639.052474
-125.308299,200,639.099396
-127.731392,200,639.225903
-128.78841,200,639.274557
-246.968347,200,639.321955
-239.053744,200,639.368619
-128.445266,200,639.41545
-118.942261,200,639.460668
-130.236754,200,639.50715
-237.971624,200,639.554175
-127.868237,200,639.599761
-248.091063,200,639.645085
-7.837034,200,639.774667
-128.263236,200,639.823514
-123.665084,200,639.871962
-341.841234,200,639.91963
-367.627508,200,639.966049
-242.3196,200,640.013292
-121.046437,200,640.061665
-123.318273,200,640.107852
-123.978011,200,640.154527
-124.237923,200,640.201216
-245.582543,200,640.32837
-359.536545,200,640.399711
-7.429227,200,640.449403
-121.298306,200,640.496928
-126.879508,200,640.543631
-126.595524,200,640.591162
-128.348409,200,640.637265
-4.850043,200,640.684398
-116.593751,200,640.731205
-121.525966,200,640.778565
-325.14364,200,640.906657
-238.065503,200,640.953202
-122.928626,200,641.001451
-128.112924,200,641.05041
-122.114646,200,641.097949
-123.856009,200,641.14476
-249.730771,200,641.191205
-128.339702,200,641.239006
-129.717955,200,641.285866
-119.414691,200,641.331626
-122.493409,200,641.459102
-120.814455,200,641.506439
-121.088773,200,641.553615
-126.816701,200,641.601007
-246.195526,200,641.646871
-128.566976,200,641.693064
-129.673453,200,641.740973
-125.549472,200,641.789532
-126.047642,200,641.836865
-127.595358,200,641.884705
-5.043252,200,642.011573
-239.504465,200,642.060366
-241.300257,200,642.105971
-237.186233,200,642.151939
-125.771699,200,642.198408
-130.552887,200,642.245186
-4.219576,200,642.292109
-123.718683,200,642.339381
-234.236215,200,642.385824
-123.364482,200,642.431445
-125.46074,200,642.560399
-128.938287,200,642.607848
-252.308802,200,642.654836
-3.962362,200,642.701667
-282.217317,200,642.748116
-127.43494,200,642.795199
-126.588367,200,642.842505
-4.882684,200,642.888898
-121.871611,200,642.935792
-235.282036,200,642.982711
-236.199281,200,643.111541
-126.079897,200,643.15836
-125.872024,200,643.205265
-8.599501,200,643.252713
-323.458753,200,643.299035
-371.191161,200,643.345076
-249.741249,200,643.391743
-244.277457,200,643.43829
-4.307965,200,643.484656
-270.659516,200,643.531241
-125.076627,200,643.658544
-244.75341,200,643.706711
-123.716554,200,643.753939
-4.106396,200,643.801885
-118.416065,200,643.850515
-121.939383,200,643.898244
-241.73678,200,643.945076
-123.586314,200,643.991478
-4.031536,200,644.03796
-231.174987,200,644.084578
-130.269575,200,644.211985
-126.243522,200,644.259744
-248.001323,200,644.307505
-5.001548,200,644.354582
-4.174438,200,644.401852
-244.336152,200,644.449635
-122.305175,200,644.495584
-3.472391,200,644.54239
-5.010911,200,644.588824
-128.016872,200,644.634976
-124.575607,200,644.762887
-128.801111,200,644.811026
-3.593279,200,644.85935
-119.166889,200,644.90553
-121.549012,200,644.951293
-119.949655,200,644.998587
-128.86856,200,645.044439
-242.654808,200,645.091372
-240.537974,200,645.137752
-3.86024,200,645.182903
-125.08441,200,645.313559
-127.761781,200,645.361328
-252.585567,200,645.408079
-118.851875,200,645.455007
-320.841982,200,645.501182
-248.152571,200,645.547803
-241.773983,200,645.593685
-4.671344,200,645.640381
-257.151067,200,645.687357
-308.27906,200,645.733091
-7.426918,200,645.862509
-242.935837,200,645.910475
-119.002837,200,645.957576
-3.332339,200,646.00516
-123.659442,200,646.054611
-277.2609,200,646.102073
-119.230244,200,646.149045
-125.732657,200,646.196914
-231.36575,200,646.243394
-126.169511,200,646.290597
-235.922288,200,646.419122
-328.220486,200,646.466794
-235.856213,200,646.512969
-126.979741,200,646.560814
-239.507209,200,646.607015
-126.861866,200,646.653338
-127.714947,200,646.699334
-117.628133,200,646.746981
-128.672092,200,646.793502
-265.705099,200,646.840058
-252.507464,200,646.967783
-124.921052,200,647.015155
-132.138875,200,647.062506
-3.526695,200,647.108831
-121.642123,200,647.155432
-123.609224,200,647.203153
-121.999905,200,647.250231
-122.421651,200,647.297772
-126.406833,200,647.344186
-123.794904,200,647.390674
-5.245212,200,647.517478
-129.880828,200,647.565118
-123.890619,200,647.612683
-246.172914,200,647.658922
-120.393348,200,647.70584
-125.470193,200,647.75252
-126.068263,200,647.798017
-128.902241,200,647.844245
-124.337223,200,647.89093
-241.413118,200,647.938238
-129.084972,200,648.067695
-239.08764,200,648.113861
-131.252979,200,648.16101
-251.562946,200,648.208265
-244.836903,200,648.255214
-360.57115,200,648.302003
-123.141084,200,648.349173
-124.462589,200,648.396594
-129.929289,200,648.442589
-302.867557,200,648.488753
-126.951236,200,648.617252
-119.220383,200,648.665354
-237.150078,200,648.712098
-123.123513,200,648.75886
-243.728639,200,648.806691
-4.750833,200,648.8536
-241.098776,200,648.900857
-122.576512,200,648.947398
-6.61909,200,648.994345
-126.380208,200,649.041168
-124.179107,200,649.168389
-130.181198,200,649.216061
-4.932688,200,649.263471
-121.877961,200,649.310928
-251.692383,200,649.357981
-126.755178,200,649.40423
-380.632387,200,649.450605
-147.307622,200,649.498361
-5.507005,200,649.544662
-239.767743,200,649.591222
-4.618213,200,649.739005
-121.008937,200,649.786934
-125.394141,200,649.83472
-121.735085,200,649.880993
-118.593073,200,649.928173
-10.256451,200,649.975285
-304.819264,200,650.021845
-236.182319,200,650.068533
-119.284573,200,650.115982
-243.347462,200,650.162592
-242.219522,200,650.290922
-253.70368,200,650.337698
-125.984805,200,650.38392
-305.896867,200,650.43152
-243.29768,200,650.478972
-6.014634,200,650.525631
-124.188865,200,650.570973
-5.893065,200,650.618371
-252.569663,200,650.664994
-241.239647,200,650.710782
-120.613036,200,650.839655
-123.684408,200,650.886556
-121.868031,200,650.933602
-6.502171,200,650.981912
-7.439001,200,651.030966
-271.598237,200,651.078057
-365.586162,200,651.125981
-244.629822,200,651.173249
-5.65307,200,651.220395
-6.817422,200,651.267947
-123.655666,200,651.395484
-6.445947,200,651.443124
-242.325386,200,651.490338
-130.464658,200,651.537504
-124.064403,200,651.5843
-120.710861,200,651.629841
-239.186484,200,651.676857
-236.615261,200,651.723999
-129.0018,200,651.770412
-123.005721,200,651.817103
-124.754471,200,651.945799
-119.921871,200,651.994548
-125.902173,200,652.041661
-7.322895,200,652.089836
-121.197391,200,652.138194
-120.709432,200,652.185408
-239.772941,200,652.232074
-9.301383,200,652.278802
-125.308832,200,652.326114
-126.40714,200,652.372745
-126.144178,200,652.501032
-251.312629,200,652.549357
-129.425207,200,652.596918
-131.084795,200,652.644786
-370.488041,200,652.691995
-246.029549,200,652.739522
-247.64938,200,652.786545
-4.723817,200,652.833373
-120.018903,200,652.880257
-123.029363,200,652.926477
-120.678338,200,653.055028
-251.164579,200,653.103708
-124.22388,200,653.151739
-125.242979,200,653.198943
-128.586773,200,653.246419
-330.292729,200,653.295
-251.340252,200,653.342067
-125.154948,200,653.388984
-381.256279,200,653.435395
-129.149731,200,653.481426
-246.051101,200,653.611883
-129.705903,200,653.660449
-238.88274,200,653.708471
-124.174367,200,653.755049
-4.417303,200,653.801161
-322.198264,200,653.848851
-126.864043,200,653.895829
-117.46145,200,653.944054
-268.126595,200,653.991213
-127.779861,200,654.03833
-128.152263,200,654.166073
-232.19702,200,654.212971
-127.986402,200,654.259928
-4.65331,200,654.306504
-122.014262,200,654.353611
-117.022516,200,654.400071
-248.697159,200,654.448218
-8.166296,200,654.495477
-241.475183,200,654.542862
-354.951646,200,654.590657
-126.642251,200,654.719285
-135.586399,200,654.767486
-4.517773,200,654.815039
-237.683571,200,654.862106
-238.196851,200,654.909053
-122.933789,200,654.956339
-127.449023,200,655.002988
-129.949087,200,655.049105
-120.156473,200,655.096303
-124.23601,200,655.143374
-127.896094,200,655.272045
-124.615983,200,655.321278
-243.95154,200,655.368629
-129.386675,200,655.415771
-124.665032,200,655.462366
-239.510503,200,655.509971
-127.582782,200,655.556912
-4.856471,200,655.604009
-243.378061,200,655.651077
-125.779634,200,655.698537
-238.548899,200,655.826755
-122.117919,200,655.873858
-5.14637,200,655.920479
-240.87596,200,655.966979
-122.826198,200,656.016017
-125.035423,200,656.06438
-128.81704,200,656.111145
-127.208756,200,656.158598
-124.726514,200,656.2041
-257.299035,200,656.250061
-242.128328,200,656.382736
-128.540329,200,656.43035
-119.522691,200,656.477522
-128.108365,200,656.524352
-127.614087,200,656.570089
-322.795174,200,656.617074
-124.433092,200,656.662812
-122.291563,200,656.709522
-130.809991,200,656.756322
-245.623124,200,656.802418
-347.952539,200,656.930461
-128.41689,200,656.978251
-119.895942,200,657.02512
-122.29923,200,657.071399
-124.903601,200,657.117668
-7.300573,200,657.164014
-276.759498,200,657.211153
-121.51806,200,657.258602
-123.094809,200,657.305707
-124.199778,200,657.35387
-246.15709,200,657.481245
-301.708563,200,657.526789
-128.188976,200,657.573996
-5.937938,200,657.621014
-129.665082,200,657.667431
-252.698279,200,657.713872
-246.218753,200,657.760153
-131.297773,200,657.807007
-242.253503,200,657.853038
-236.867652,200,657.899577
-244.009693,200,658.02614
-119.407882,200,658.073653
-6.683841,200,658.122384
-233.752716,200,658.168823
-126.191029,200,658.215946
-232.09393,200,658.261846
-238.984636,200,658.309408
-355.232719,200,658.356534
-125.979648,200,658.402621
-121.908591,200,658.448971
-251.462699,200,658.601297
-130.112664,200,658.648727
-122.568005,200,658.695722
-129.783536,200,658.741248
-359.762319,200,658.786697
-5.244959,200,658.834102
-250.063667,200,658.880015
-126.353014,200,658.926581
-119.875575,200,658.974325
-121.431101,200,659.02212
-122.317762,200,659.152398
-126.222626,200,659.199925
-118.90913,200,659.246562
-348.59816,200,659.293872
-118.500198,200,659.34017
-235.116299,200,659.387256
-241.219102,200,659.433916
-236.198651,200,659.48094
-240.608246,200,659.528692
-116.67745,200,659.576937
-116.634079,200,659.704455
-240.883294,200,659.753076
-355.221262,200,659.801101
-328.703672,200,659.848568
-124.229674,200,659.895788
-237.415424,200,659.941735
-3.190804,200,659.989469
-133.682883,200,660.036526
-127.084447,200,660.083637
-122.199193,200,660.130251
-273.687278,200,660.256864
-125.978745,200,660.305281
-120.958449,200,660.352826
-121.307806,200,660.400048
-234.065174,200,660.447254
-2.87037,200,660.494135
-122.561802,200,660.540833
-118.750026,200,660.589072
-231.362294,200,660.635205
-123.751313,200,660.681539
-126.263166,200,660.809078
-127.762698,200,660.856744
-124.517041,200,660.903631
-268.223735,200,660.951143
-367.753441,200,660.997945
-3.815936,200,661.048868
-117.317279,200,661.096998
-237.569642,200,661.144573
-119.814754,200,661.191229
-3.142587,200,661.237079
-126.14859,200,661.366606
-236.447099,200,661.41419
-117.631426,200,661.461624
-284.764112,200,661.50903
-123.67166,200,661.555468
-122.625705,200,661.602813
-240.018167,200,661.649776
-129.47781,200,661.697384
-124.621476,200,661.744147
-1.830352,200,661.788993
-127.034116,200,661.918808
-365.113846,200,661.96691
-121.352118,200,662.013691
-310.978857,200,662.060783
-116.82268,200,662.108901
-119.182303,200,662.157186
-122.792171,200,662.203858
-5.63644,200,662.25125
-237.588247,200,662.298681
-246.471947,200,662.345114
-288.609609,200,662.473094
-126.65186,200,662.520845
-239.54581,200,662.568376
-121.970228,200,662.615232
-253.491419,200,662.661623
-127.558918,200,662.707999
-245.694032,200,662.754489
-299.764818,200,662.802236
-128.901386,200,662.849289
-4.608908,200,662.896594
-245.065233,200,663.026309
-4.569146,200,663.074573
-129.431032,200,663.12168
-8.009334,200,663.168999
-126.041301,200,663.215932
-237.927474,200,663.262394
-122.601371,200,663.31016
-355.647551,200,663.358744
-5.314922,200,663.405003
-241.588763,200,663.451831
-117.970898,200,663.578892
-124.713076,200,663.626621
-237.241813,200,663.67508
-330.97667,200,663.721639
-123.939728,200,663.768122
-118.132081,200,663.815749
-125.932562,200,663.86347
-4.28408,200,663.909931
-246.044974,200,663.9559
-126.256595,200,664.003359
-128.841014,200,664.131485
-126.750839,200,664.179876
-244.66636,200,664.227612
-118.243443,200,664.274179
-259.984058,200,664.322372
-331.218597,200,664.369112
-121.28269,200,664.415018
-372.525275,200,664.462508
-349.24886,200,664.508602
-128.312119,200,664.55882
-127.318054,200,664.692924
-125.560196,200,664.742465
-236.116852,200,664.790934
-238.157389,200,664.839223
-128.556767,200,664.888292
-5.569969,200,664.935824
-4.012873,200,664.984444
-122.945447,200,665.032549
-236.701685,200,665.079925
-131.475829,200,665.126176
-239.276732,200,665.257051
-128.472029,200,665.305153
-117.348859,200,665.35225
-124.671212,200,665.399282
-253.359153,200,665.445898
-255.613049,200,665.493214
-235.597012,200,665.539796
-125.724227,200,665.586027
-122.655075,200,665.632663
-257.027385,200,665.678994
-238.238302,200,665.807934
-243.888433,200,665.855021
-227.786471,200,665.903187
-127.457137,200,665.949612
-123.015443,200,665.996624
-2.980312,200,666.047718
-244.044639,200,666.095501
-4.654443,200,666.142415
-126.129237,200,666.190858
-233.472996,200,666.238009
-127.16547,200,666.372399
-4.00538,200,666.423593
-125.353665,200,666.471527
-246.540964,200,666.518166
-250.106666,200,666.565043
-268.540031,200,666.612179
-249.893068,200,666.659066
-120.933541,200,666.705989
-119.681918,200,666.752802
-277.951788,200,666.799214
-359.812059,200,666.928128
-3.353959,200,666.976799
-234.801454,200,667.02507
-246.176799,200,667.071878
-3.512991,200,667.119713
-122.461607,200,667.16634
-129.114793,200,667.213204
-125.371396,200,667.259734
-124.488352,200,667.306689
-121.662512,200,667.352236
-126.886966,200,667.504525
-246.911764,200,667.552239
-327.924515,200,667.598554
-130.81894,200,667.645438
-248.702285,200,667.692392
-127.435998,200,667.739199
-126.302067,200,667.786657
-122.858397,200,667.83298
-128.870267,200,667.879973
-132.502223,200,667.9258
-263.394683,200,668.053814
-240.124226,200,668.102002
-5.192569,200,668.14979
-242.067316,200,668.197049
-127.948514,200,668.243535
-6.105593,200,668.290901
-129.975987,200,668.337333
-7.202879,200,668.384016
-127.279685,200,668.430669
-119.905471,200,668.477063
-121.580762,200,668.603076
-245.010922,200,668.650663
-233.934818,200,668.69691
-121.577585,200,668.743953
-6.212997,200,668.789968
-128.418108,200,668.836495
-295.083553,200,668.88283
-120.319825,200,668.928671
-129.710693,200,668.976362
-126.147377,200,669.025139
-127.557593,200,669.152702
-124.82919,200,669.201848
-129.232059,200,669.252012
-246.103233,200,669.301544
-244.281121,200,669.349937
-253.939747,200,669.396201
-127.272201,200,669.442701
-6.596075,200,669.489661
-120.561447,200,669.537128
-128.488701,200,669.583494
-346.347233,200,669.709197
-6.203081,200,669.756724
-131.737481,200,669.804154
-131.495882,200,669.851897
-5.83094,200,669.898551
-244.237024,200,669.944893
-128.098608,200,669.990715
-334.614276,200,670.036809
-511.698793,200,670.082764
-129.173454,200,670.129914
-124.43233,200,670.260511
-6.914114,200,670.310194
-128.227728,200,670.357068
-121.154182,200,670.404376
-127.877494,200,670.451214
-128.790983,200,670.498219
-119.708373,200,670.545367
-361.707685,200,670.59246
-249.605379,200,670.639367
-129.105465,200,670.68617
-242.985492,200,670.813128
-124.201471,200,670.8611
-258.465147,200,670.908249
-128.765046,200,670.955578
-264.053322,200,671.002243
-128.770877,200,671.05157
-128.436369,200,671.098696
-243.63709,200,671.144604
-122.420024,200,671.191534
-237.758562,200,671.238129
-363.05525,200,671.365358
-242.55603,200,671.413351
-129.177731,200,671.460704
-5.831808,200,671.509807
-132.094144,200,671.556678
-125.364017,200,671.603755
-128.611372,200,671.650755
-127.31544,200,671.698181
-122.375666,200,671.745052
-130.946094,200,671.792047
-241.456845,200,671.919959
-125.183749,200,671.968216
-119.127405,200,672.01411
-120.591583,200,672.061134
-245.157686,200,672.10774
-252.185499,200,672.153863
-357.365943,200,672.20084
-125.802664,200,672.247507
-312.582077,200,672.295266
-369.825995,200,672.341207
-240.549903,200,672.467043
-235.591314,200,672.515556
-123.168772,200,672.562263
-121.675313,200,672.609493
-247.384758,200,672.656756
-242.950907,200,672.702936
-125.504916,200,672.749811
-124.041644,200,672.797574
-122.631285,200,672.844596
-245.107758,200,672.890378
-253.976134,200,673.021879
-129.525959,200,673.069121
-119.439088,200,673.116381
-126.325796,200,673.162737
-130.390837,200,673.209503
-4.139374,200,673.255301
-129.245797,200,673.301988
-252.398248,200,673.348919
-227.878485,200,673.395388
-263.094703,200,673.44165
-117.848297,200,673.568528
-3.869729,200,673.615911
-4.388067,200,673.662651
-128.406392,200,673.710327
-126.944936,200,673.758305
-120.143446,200,673.804581
-126.815399,200,673.85191
-130.596169,200,673.899314
-232.995484,200,673.946037
-132.014845,200,673.992484
-238.711264,200,674.12056
-238.837047,200,674.168644
-121.845589,200,674.215862
-250.132717,200,674.2626
-124.103183,200,674.310745
-122.740446,200,674.357536
-356.549456,200,674.404355
-369.759421,200,674.451007
-243.466199,200,674.497718
-124.894589,200,674.544426
-120.681568,200,674.670237
-5.97958,200,674.717586
-129.01939,200,674.764455
-3.656894,200,674.811413
-122.986793,200,674.85793
-128.264461,200,674.904715
-243.232498,200,674.952301
-122.568598,200,674.99941
-4.726349,200,675.045418
-125.657306,200,675.092674
-240.699135,200,675.219169
-234.838246,200,675.267297
-239.923026,200,675.315323
-129.174799,200,675.362316
-365.029781,200,675.408152
-6.11853,200,675.453768
-389.306468,200,675.499796
-131.888607,200,675.547385
-122.333889,200,675.593627
-121.492653,200,675.638529
-127.791819,200,675.768111
-129.532218,200,675.815892
-232.374811,200,675.862776
-243.325938,200,675.909767
-123.424167,200,675.957188
-5.360803,200,676.004676
-127.378862,200,676.054423
-125.837083,200,676.100604
-236.954977,200,676.147044
-5.651564,200,676.192993
-121.792758,200,676.320408
-128.754875,200,676.39719
-122.709784,200,676.444076
-6.438012,200,676.491701
-124.834295,200,676.538593
-128.8684,200,676.585367
-121.027072,200,676.63098
-129.671026,200,676.677353
-372.859223,200,676.723564
-125.146544,200,676.769508
-129.729589,200,676.897226
-3.74722,200,676.944189
-122.511228,200,676.991612
-120.695768,200,677.038705
-124.285286,200,677.085026
-120.377157,200,677.131687
-253.319943,200,677.177643
-237.547081,200,677.22483
-246.622533,200,677.270435
-125.411229,200,677.318224
-128.296552,200,677.445355
-121.355516,200,677.492439
-4.5494,200,677.540383
-3.436526,200,677.585534
-122.128773,200,677.633529
-245.710743,200,677.679876
-4.073685,200,677.725933
-247.476877,200,677.772302
-129.150182,200,677.819365
-429.482464,200,677.864873
-123.689965,200,677.992175
-123.727367,200,678.039872
-129.177667,200,678.087209
-117.509313,200,678.13353
-6.684764,200,678.180672
-120.043459,200,678.228252
-5.578073,200,678.275591
-120.524498,200,678.322667
-129.109626,200,678.370523
-299.116598,200,678.41781
-4.89901,200,678.547374
-130.025922,200,678.594472
-241.309983,200,678.639933
-126.939876,200,678.68571
-241.660999,200,678.732811
-125.193325,200,678.779433
-122.435597,200,678.825239
-127.164602,200,678.872303
-6.273747,200,678.91942
-238.14002,200,678.965964
-117.515223,200,679.093679
-273.502298,200,679.140748
-238.504755,200,679.187484
-281.59617,200,679.235136
-126.699566,200,679.281843
-241.09755,200,679.328887
-120.484768,200,679.376217
-121.686917,200,679.423642
-2.216918,200,679.469484
-270.050016,200,679.516494
-131.139766,200,679.642919
-237.987098,200,679.689927
-3.469511,200,679.736574
-238.446717,200,679.783864
-128.399433,200,679.83137
-4.910024,200,679.878075
-126.733751,200,679.925434
-122.829537,200,679.971257
-128.366,200,680.017955
-123.300478,200,680.064576
-121.025612,200,680.190569
-4.816988,200,680.238412
-256.527198,200,680.287297
-126.200933,200,680.334192
-234.052298,200,680.381396
-128.804752,200,680.429219
-130.794441,200,680.474876
-239.81022,200,680.522374
-243.48194,200,680.568923
-5.683545,200,680.616335
-129.921534,200,680.741642
-130.62284,200,680.79005
-241.243573,200,680.837026
-3.002349,200,680.88367
-129.522383,200,680.93005
-250.124675,200,680.97659
-125.271261,200,681.024157
-123.114369,200,681.071394
-235.016595,200,681.117336
-4.359182,200,681.164633
-121.628609,200,681.29288
-236.319318,200,681.34057
-242.340057,200,681.388171
-7.620306,200,681.434485
-132.215406,200,681.480886
-136.659651,200,681.528086
-5.948203,200,681.573716
-5.760594,200,681.620745
-5.871033,200,681.668067
-6.278331,200,681.713859
-247.923792,200,681.83977
-118.593372,200,681.888253
-129.484214,200,681.935689
-124.513185,200,681.982373
-244.668758,200,682.028282
-131.122485,200,682.075048
-130.041133,200,682.122392
-245.55731,200,682.170249
-123.512774,200,682.216535
-121.586668,200,682.261583
-246.206205,200,682.390414
-120.835939,200,682.438526
-125.428391,200,682.486111
-5.007263,200,682.533749
-361.732802,200,682.580642
-8.61568,200,682.627979
-121.873117,200,682.674378
-7.974789,200,682.720413
-244.757319,200,682.766025
-129.441501,200,682.811862
-6.417972,200,682.938267
-130.580573,200,682.985265
-118.234089,200,683.032283
-251.339642,200,683.079066
-249.072594,200,683.126374
-245.86948,200,683.172699
-250.478609,200,683.218469
-128.512434,200,683.264698
-123.885668,200,683.311098
-119.369449,200,683.358138
-121.436343,200,683.484031
-4.957042,200,683.531831
-131.887623,200,683.579671
-254.295207,200,683.626395
-126.188648,200,683.673106
-243.61628,200,683.71861
-7.627685,200,683.76432
-124.775969,200,683.810715
-126.348163,200,683.857947
-239.006841,200,683.903662
-125.508328,200,684.033069
-129.167262,200,684.081741
-129.886522,200,684.128188
-130.982135,200,684.175039
-123.043077,200,684.22208
-243.813884,200,684.269158
-130.843723,200,684.315565
-119.443703,200,684.363078
-3.697158,200,684.410261
-237.054329,200,684.459146
-127.616369,200,684.587271
-118.027422,200,684.636708
-124.888768,200,684.685183
-117.96986,200,684.731626
-127.186974,200,684.778373
-130.490493,200,684.825671
-121.523051,200,684.872723
-123.068008,200,684.918565
-130.607398,200,684.965281
-244.780319,200,685.011685
-230.393699,200,685.138481
-120.73284,200,685.209367
-256.137948,200,685.260065
-4.676466,200,685.307543
-129.523065,200,685.354396
-4.239182,200,685.401121
-243.654886,200,685.446864
-119.07946,200,685.492936
-122.574532,200,685.537887
-124.744812,200,685.584769
-131.011221,200,685.711851
-121.26385,200,685.758855
-244.823906,200,685.806712
-128.560371,200,685.853873
-121.223853,200,685.900643
-121.374345,200,685.947857
-124.62803,200,685.994903
-4.662148,200,686.045547
-234.02128,200,686.093964
-4.395869,200,686.140326
-125.880678,200,686.265387
-4.404661,200,686.313781
-125.692608,200,686.362131
-4.30464,200,686.409166
-357.671892,200,686.455248
-118.567688,200,686.503642
-129.792167,200,686.551175
-125.23624,200,686.5992
-130.747008,200,686.646762
-122.845395,200,686.6928
-120.251194,200,686.820637
-232.241729,200,686.868359
-357.280712,200,686.916778
-4.221953,200,686.964336
-248.701416,200,687.011435
-123.966525,200,687.057709
-250.104734,200,687.103897
-4.284948,200,687.15063
-132.167121,200,687.198289
-4.766945,200,687.245437
-238.480038,200,687.37298
-240.265045,200,687.420064
-3.322665,200,687.466733
-130.734201,200,687.514714
-124.10066,200,687.560028
-246.154711,200,687.60616
-120.129149,200,687.652609
-248.449564,200,687.698891
-6.327484,200,687.745693
-265.922597,200,687.793337
-130.46081,200,687.918682
-126.364785,200,687.967158
-356.945637,200,688.014605
-239.424642,200,688.062064
-238.475926,200,688.108073
-235.38938,200,688.154775
-5.920247,200,688.200257
-127.141559,200,688.2468
-232.286581,200,688.293853
-125.924366,200,688.340602
-127.32672,200,688.467206
-125.215324,200,688.515773
-122.386576,200,688.562693
-122.710855,200,688.609311
-124.64266,200,688.656795
-242.614935,200,688.703748
-252.207048,200,688.75083
-364.059631,200,688.797582
-123.5362,200,688.843835
-119.761381,200,688.89025
-242.111441,200,689.015996
-127.041962,200,689.063766
-240.327732,200,689.111602
-129.054395,200,689.158894
-240.238816,200,689.204957
-235.33504,200,689.251605
-330.927103,200,689.298242
-4.86461,200,689.345897
-6.84471,200,689.392998
-255.188956,200,689.439843
-6.129766,200,689.5668
-130.446045,200,689.613959
-360.737856,200,689.661074
-122.230155,200,689.709159
-248.295427,200,689.7563
-118.319251,200,689.80311
-127.304182,200,689.850183
-249.242602,200,689.896946
-126.337676,200,689.944852
-242.009594,200,689.991674
-124.378796,200,690.117658
-122.519195,200,690.164925
-123.18001,200,690.21276
-244.10862,200,690.260258
-236.014116,200,690.308087
-262.50395,200,690.355446
-249.67402,200,690.401698
-126.598589,200,690.448031
-126.000743,200,690.494735
-248.382164,200,690.541127
-128.515917,200,690.668899
-115.34255,200,690.717267
-125.989392,200,690.764599
-128.091275,200,690.812058
-126.938955,200,690.858911
-129.739066,200,690.9041
-5.910147,200,690.950437
-120.606526,200,690.996495
-4.434984,200,691.046221
-128.116361,200,691.093566
-235.038374,200,691.220759
-236.236573,200,691.268591
-119.977302,200,691.317558
-128.407989,200,691.365696
-243.544015,200,691.412351
-237.909091,200,691.458744
-256.376182,200,691.505492
-253.396758,200,691.552393
-127.399259,200,691.599359
-119.73394,200,691.645927
-119.940328,200,691.774813
-387.565929,200,691.823046
-253.969386,200,691.870587
-5.602394,200,691.917925
-127.755045,200,691.964847
-245.660954,200,692.011318
-193.974781,200,692.058295
-125.093911,200,692.106336
-129.152639,200,692.1538
-120.625288,200,692.201142
-3.088701,200,692.332273
-256.748496,200,692.381335
-392.643866,200,692.428243
-251.295986,200,692.474607
-118.096249,200,692.521356
-4.632748,200,692.569124
-127.116872,200,692.617834
-125.12146,200,692.665356
-238.532373,200,692.713011
-248.679983,200,692.759024
-245.410658,200,692.888106
-234.018427,200,692.934951
-263.21927,200,692.982903
-123.432028,200,693.030072
-250.124085,200,693.077399
-121.264496,200,693.123527
-249.837144,200,693.1716
-369.559478,200,693.218666
-235.625022,200,693.265555
-126.412829,200,693.312647
-128.824521,200,693.441684
-128.468463,200,693.490322
-127.178509,200,693.538714
-282.360914,200,693.585796
-128.765744,200,693.632621
-230.018086,200,693.679237
-4.122555,200,693.725391
-238.414082,200,693.772026
-333.052534,200,693.818825
-129.591306,200,693.865989
-246.267546,200,693.993061
-125.413913,200,694.041255
-129.808928,200,694.089502
-118.352636,200,694.138033
-281.978446,200,694.18519
-121.692671,200,694.233129
-6.877272,200,694.279693
-355.119893,200,694.327899
-362.084945,200,694.374414
-242.07463,200,694.420209
-250.990075,200,694.576051
-242.382028,200,694.627159
-243.310143,200,694.675982
-126.540916,200,694.72486
-127.654872,200,694.772761
-252.148403,200,694.82128
-265.609796,200,694.869325
-117.072814,200,694.917234
-240.315696,200,694.965058
-126.359272,200,695.012596
-120.92289,200,695.145282
-251.167757,200,695.194496
-128.702575,200,695.242104
-125.004203,200,695.289147
-122.768205,200,695.337367
-244.116774,200,695.385018
-128.648768,200,695.432014
-130.751926,200,695.480213
-122.364151,200,695.527251
-122.009431,200,695.573567
-264.775485,200,695.702478
-124.70899,200,695.749535
-128.168958,200,695.797005
-123.58951,200,695.844739
-131.156814,200,695.891549
-235.07529,200,695.937845
-253.281848,200,695.985481
-232.423927,200,696.033867
-130.830083,200,696.081888
-129.271155,200,696.130071
-129.528988,200,696.258621
-255.587995,200,696.309247
-238.78692,200,696.35892
-5.852664,200,696.410534
-129.71003,200,696.459193
-129.406453,200,696.505941
-123.554931,200,696.553082
-129.31209,200,696.600619
-7.435045,200,696.648455
-252.389139,200,696.694726
-127.115453,200,696.82329
-129.818363,200,696.87118
-237.816619,200,696.918617
-127.985642,200,696.966051
-123.20826,200,697.013177
-128.406152,200,697.059772
-122.048337,200,697.105894
-124.902645,200,697.152406
-122.56789,200,697.1988
-241.130441,200,697.246049
-128.361545,200,697.375949
-129.395182,200,697.422568
-120.88075,200,697.46906
-128.722496,200,697.515425
-244.876721,200,697.562102
-126.244988,200,697.608736
-120.205346,200,697.65663
-129.420892,200,697.704522
-116.937816,200,697.751056
-244.065366,200,697.797972
-237.60791,200,697.93141
-3.538421,200,697.979788
-241.271381,200,698.027251
-125.02528,200,698.074277
-127.025238,200,698.122142
-231.117425,200,698.168508
-3.344204,200,698.215314
-340.811344,200,698.262197
-130.89298,200,698.307991
-244.297433,200,698.355326
-362.707765,200,698.482478
-2.938707,200,698.529885
-124.362477,200,698.577728
-129.333377,200,698.62471
-120.016131,200,698.672272
-238.215114,200,698.718763
-125.096742,200,698.765518
-117.299268,200,698.812495
-123.912535,200,698.859694
-121.80976,200,698.906683
-122.014008,200,699.034296
-368.26475,200,699.081526
-233.235022,200,699.129068
-127.410208,200,699.176272
-242.450516,200,699.223801
-125.491799,200,699.27163
-121.704764,200,699.318307
-123.584229,200,699.365918
-119.206519,200,699.413115
-125.37071,200,699.458817
-118.534181,200,699.586599
-116.239247,200,699.634737
-118.539297,200,699.681413
-127.275756,200,699.727587
-117.710219,200,699.775005
-129.286589,200,699.822078
-3.119167,200,699.868309
-129.583557,200,699.915338
-129.306535,200,699.962743
-3.484388,200,700.0086
-125.092512,200,700.136826
-126.482619,200,700.185502
-236.954024,200,700.232622
-237.535753,200,700.279148
-133.855878,200,700.326101
-121.316553,200,700.374587
-3.357092,200,700.421755
-363.916445,200,700.469321
-244.546733,200,700.515941
-129.458533,200,700.563384
-347.308713,200,700.692063
-237.687629,200,700.740546
-123.355348,200,700.789879
-232.557128,200,700.837026
-130.653544,200,700.884329
-237.091194,200,700.931524
-236.191831,200,700.977912
-353.772133,200,701.025982
-129.613447,200,701.075498
-287.336403,200,701.121886
-6.473152,200,701.250918
-235.883243,200,701.299968
-126.128338,200,701.347697
-120.871677,200,701.395653
-124.087432,200,701.442102
-227.798848,200,701.488918
-120.553957,200,701.536353
-6.983403,200,701.58318
-231.703579,200,701.630067
-130.37566,200,701.676354
-3.940561,200,701.803687
-126.970664,200,701.873443
-124.56938,200,701.925414
-128.505175,200,701.972821
-120.033176,200,702.01964
-126.5245,200,702.066826
-242.581014,200,702.112875
-128.664013,200,702.160053
-117.596933,200,702.205733
-243.194909,200,702.25269
-124.37493,200,702.382221
-3.347181,200,702.429631
-3.915305,200,702.477325
-128.845415,200,702.524109
-120.765699,200,702.570227
-356.728676,200,702.61662
-123.701311,200,702.663122
-3.255829,200,702.709917
-120.442568,200,702.756713
-3.81189,200,702.802607
-122.082757,200,702.929682
-256.655286,200,702.977033
-412.90335,200,703.023478
-238.166095,200,703.069891
-127.681014,200,703.115103
-130.58986,200,703.161978
-117.915053,200,703.208233
-254.801408,200,703.255281
-126.084994,200,703.302731
-235.538675,200,703.350273
-125.285075,200,703.480783
-245.89062,200,703.527444
-120.454013,200,703.573522
-272.465526,200,703.620075
-127.364287,200,703.666509
-128.031755,200,703.712895
-125.217435,200,703.760328
-125.14195,200,703.807077
-243.792722,200,703.852802
-3.798769,200,703.898873
-241.189489,200,704.027194
-243.882308,200,704.076189
-293.625157,200,704.123575
-129.80442,200,704.171631
-4.592779,200,704.219259
-345.903509,200,704.267295
-130.666075,200,704.314366
-126.603301,200,704.361959
-259.395733,200,704.409094
-119.166265,200,704.456436
-126.969361,200,704.584561
-245.811316,200,704.633242
-277.756853,200,704.680305
-248.578721,200,704.726915
-130.382291,200,704.774192
-3.876269,200,704.820894
-259.452997,200,704.868486
-3.693399,200,704.916096
-5.895757,200,704.962714
-239.548402,200,705.010148
-127.830506,200,705.137954
-3.540521,200,705.18612
-4.691105,200,705.2334
-129.086909,200,705.279838
-129.172901,200,705.327095
-126.648538,200,705.375341
-249.190217,200,705.422584
-123.893043,200,705.469962
-129.300324,200,705.515574
-357.138264,200,705.56214
-122.687717,200,705.689429
-123.205768,200,705.736813
-332.236986,200,705.78502
-123.43802,200,705.831605
-121.281497,200,705.879112
-127.722172,200,705.925738
-347.85891,200,705.972959
-127.958825,200,706.02109
-118.490728,200,706.070327
-127.060062,200,706.117552
-130.16635,200,706.247911
-5.467375,200,706.295055
-250.066538,200,706.343121
-128.08989,200,706.391381
-247.391347,200,706.437309
-126.430953,200,706.484062
-130.515438,200,706.530238
-236.568904,200,706.576981
-120.791478,200,706.622196
-238.383666,200,706.668398
-125.706242,200,706.795403
-126.049282,200,706.84326
-131.211396,200,706.890388
-123.070879,200,706.937922
-252.043149,200,706.984322
-117.588884,200,707.031715
-129.329685,200,707.078155
-123.334944,200,707.124899
-130.360937,200,707.171259
-243.766414,200,707.218993
-128.022516,200,707.346028
-122.449484,200,707.39392
-247.387213,200,707.441223
-132.933368,200,707.488008
-129.824679,200,707.534431
-125.329097,200,707.581953
-127.504664,200,707.628375
-126.907052,200,707.675455
-125.763109,200,707.721845
-239.127712,200,707.768769
-246.805253,200,707.896914
-124.469289,200,707.944469
-126.695861,200,707.993055
-333.354804,200,708.039673
-127.510196,200,708.086625
-122.654135,200,708.133629
-6.569366,200,708.181334
-251.065509,200,708.227795
-11.725693,200,708.274292
-121.038322,200,708.320937
-5.794619,200,708.449368
-128.457416,200,708.49687
-130.547975,200,708.544108
-334.892523,200,708.591806
-252.703729,200,708.638943
-121.043293,200,708.686312
-235.971688,200,708.733251
-117.796343,200,708.780506
-473.37794,200,708.828986
-132.325236,200,708.875802
-129.070421,200,709.006041
-250.38511,200,709.053725
-237.081729,200,709.101553
-120.270674,200,709.148514
-129.35615,200,709.196601
-248.095364,200,709.242847
-1.637919,200,709.289626
-115.429695,200,709.336046
-122.547854,200,709.383568
-241.021748,200,709.429884
-122.048505,200,709.559149
-129.57499,200,709.607071
-117.88895,200,709.653709
-119.012804,200,709.700305
-371.220225,200,709.746399
-128.319091,200,709.792662
-124.052859,200,709.839558
-245.846465,200,709.886729
-126.425355,200,709.933481
-234.299409,200,709.980422
-121.63891,200,710.108331
-126.764206,200,710.155186
-116.063191,200,710.202536
-245.165754,200,710.249998
-118.304732,200,710.296682
-118.747062,200,710.343242
-242.107232,200,710.39074
-125.141991,200,710.437934
-1.89118,200,710.485726
-239.595241,200,710.532186
-117.811656,200,710.66078
-422.605542,200,710.733089
-116.640481,200,710.782013
-123.666749,200,710.828672
-265.36948,200,710.876559
-118.950606,200,710.922983
-123.733047,200,710.970434
-127.823392,200,711.018809
-225.556018,200,711.069087
-123.19877,200,711.11765
-120.232181,200,711.245525
-127.202277,200,711.293752
-229.444563,200,711.341199
-125.724848,200,711.388933
-123.213195,200,711.435597
-126.637734,200,711.481853
-251.98613,200,711.528357
-121.900185,200,711.57499
-4.506218,200,711.621028
-261.932413,200,711.666955
-3.402786,200,711.800265
-5.443957,200,711.847963
-239.25112,200,711.895515
-123.862067,200,711.943201
-240.530246,200,711.988983
-247.995169,200,712.03533
-231.473011,200,712.081874
-131.567098,200,712.12864
-120.199211,200,712.176071
-3.868087,200,712.223072
-122.688528,200,712.350947
-235.241651,200,712.400168
-7.25713,200,712.447746
-234.056057,200,712.494883
-121.181015,200,712.541851
-4.589608,200,712.588242
-120.243149,200,712.635154
-130.37498,200,712.682276
-6.381326,200,712.728566
-127.128138,200,712.775554
-234.956733,200,712.903768
-238.262328,200,712.952386
-127.922908,200,712.998494
-119.004947,200,713.044934
-256.846864,200,713.091083
-367.554227,200,713.13771
-4.983415,200,713.184467
-235.022493,200,713.232596
-245.314126,200,713.278695
-130.2443,200,713.324714
-5.849665,200,713.452277
-225.594021,200,713.499771
-130.969165,200,713.546454
-350.1795,200,713.593288
-236.600954,200,713.640866
-119.891473,200,713.687879
-125.955535,200,713.734494
-125.966834,200,713.781617
-122.565706,200,713.828503
-121.960936,200,713.874381
-123.631086,200,714.000495
-129.608742,200,714.047272
-242.184096,200,714.094129
-124.193398,200,714.141216
-234.547911,200,714.188133
-237.617264,200,714.235995
-125.963662,200,714.282559
-125.646823,200,714.330189
-123.874735,200,714.377774
-124.627798,200,714.423916
-120.346154,200,714.552434
-249.566713,200,714.599841
-4.14524,200,714.646606
-121.488771,200,714.69384
-243.39319,200,714.741183
-4.325812,200,714.787832
-243.614741,200,714.835746
-127.491145,200,714.883139
-3.129211,200,714.929537
-123.259791,200,714.975888
-126.815861,200,715.10528
-124.390739,200,715.152798
-281.884507,200,715.200148
-120.718638,200,715.247477
-127.151757,200,715.294583
-128.281945,200,715.341371
-122.48945,200,715.39046
-4.605528,200,715.437624
-127.379603,200,715.484027
-236.335586,200,715.530714
-361.056642,200,715.657723
-230.294973,200,715.706676
-243.300079,200,715.753811
-130.751872,200,715.800025
-127.26696,200,715.846446
-116.404853,200,715.892981
-127.394521,200,715.939862
-4.557861,200,715.986662
-249.569366,200,716.034564
-4.113983,200,716.083033
-123.543933,200,716.21186
-130.586903,200,716.259286
-3.374253,200,716.307713
-125.28048,200,716.354106
-242.98676,200,716.401347
-124.270614,200,716.447654
-130.365219,200,716.495038
-122.148945,200,716.541398
-274.275507,200,716.588687
-126.065309,200,716.635489
-127.553567,200,716.762528
-123.017679,200,716.81067
-5.317007,200,716.857544
-119.208895,200,716.904344
-127.421502,200,716.951731
-121.072494,200,716.998166
-125.602787,200,717.045659
-273.0927,200,717.092064
-128.30748,200,717.138262
-3.981086,200,717.185844
-126.699942,200,717.316794
-127.565416,200,717.365431
-237.013623,200,717.413502
-122.061897,200,717.460186
-254.985741,200,717.506325
-119.565934,200,717.551675
-127.683874,200,717.59811
-131.741003,200,717.645024
-124.769937,200,717.692283
-107.998516,200,717.73861
-127.457532,200,717.866775
-129.012733,200,717.913875
-239.38336,200,717.960614
-128.431996,200,718.006935
-117.398868,200,718.053394
-232.952921,200,718.100421
-302.73602,200,718.147136
-128.546391,200,718.193092
-127.621484,200,718.240337
-125.251603,200,718.286633
-132.083446,200,718.413474
-123.422503,200,718.459719
-243.556015,200,718.507421
-6.81462,200,718.554498
-311.527092,200,718.601309
-247.203835,200,718.64813
-239.743142,200,718.694704
-4.734591,200,718.741706
-274.205257,200,718.788416
-253.055173,200,718.833986
-130.203314,200,718.960155
-126.539894,200,719.007851
-236.780748,200,719.054553
-353.794662,200,719.101428
-129.500828,200,719.148525
-283.760481,200,719.196274
-120.321853,200,719.24455
-304.843185,200,719.29112
-5.051917,200,719.337747
-122.481096,200,719.384359
-4.983842,200,719.512113
-121.128539,200,719.55943
-246.714709,200,719.606251
-5.694977,200,719.677108
-129.263117,200,719.725756
-129.655631,200,719.773841
-6.230186,200,719.820651
-130.193511,200,719.867377
-125.010033,200,719.914087
-128.908439,200,719.960793
-236.848564,200,720.092733
-250.490494,200,720.140523
-128.170134,200,720.188512
-125.882919,200,720.235852
-118.383959,200,720.283005
-127.104027,200,720.329705
-129.286078,200,720.375716
-127.690446,200,720.424111
-125.933962,200,720.471386
-128.909315,200,720.518996
-235.818803,200,720.646527
-267.457771,200,720.693996
-240.526116,200,720.740264
-239.92262,200,720.786483
-121.178987,200,720.833163
-130.392626,200,720.880835
-121.997138,200,720.927614
-124.35197,200,720.973687
-127.873107,200,721.022137
-119.86934,200,721.072611
-128.808921,200,721.199479
-245.46516,200,721.246616
-117.805775,200,721.29459
-246.432776,200,721.340098
-4.120454,200,721.386668
-128.26115,200,721.433939
-125.262804,200,721.479817
-3.251565,200,721.526345
-237.398134,200,721.573349
-4.957003,200,721.619333
-250.414909,200,721.746455
-5.847535,200,721.794773
-124.650376,200,721.842006
-126.353857,200,721.889863
-366.133784,200,721.935764
-128.540869,200,721.982826
-238.497033,200,722.029577
-4.608283,200,722.076599
-245.297517,200,722.12474
-119.954233,200,722.172507
-265.619497,200,722.300747
-124.070678,200,722.349356
-119.419702,200,722.398112
-277.986468,200,722.445555
-235.865192,200,722.493188
-3.606277,200,722.539143
-127.011106,200,722.585958
-236.155127,200,722.632338
-127.718136,200,722.679552
-254.538051,200,722.726669
-5.700344,200,722.858144
-344.449586,200,722.90685
-241.659993,200,722.954874
-6.451675,200,723.001376
-121.396195,200,723.047534
-123.382635,200,723.094336
-124.914699,200,723.142197
-128.769386,200,723.189135
-131.83242,200,723.237374
-243.417233,200,723.284341
-246.005761,200,723.412537
-127.794706,200,723.460097
-5.357883,200,723.50808
-129.308165,200,723.554913
-4.60286,200,723.601944
-239.506306,200,723.649229
-131.677808,200,723.695913
-234.591471,200,723.74298
-133.741412,200,723.79019
-127.897353,200,723.836527
-130.945769,200,723.964307
-293.389959,200,724.012339
-128.956451,200,724.059713
-122.157539,200,724.108628
-237.932752,200,724.156203
-234.988393,200,724.20263
-118.112655,200,724.249407
-125.189031,200,724.299434
-238.197762,200,724.346495
-5.194493,200,724.394601
-238.917067,200,724.522141
-129.315433,200,724.573539
-233.444198,200,724.622884
-346.519308,200,724.671941
-4.367107,200,724.720373
-129.347573,200,724.768072
-122.704615,200,724.816821
-227.713206,200,724.86433
-126.654929,200,724.911872
-131.140253,200,724.959389
-125.972656,200,725.089742
-7.537752,200,725.139003
-122.457242,200,725.187295
-356.18449,200,725.236546
-127.692881,200,725.28282
-239.335662,200,725.330923
-404.563263,200,725.378088
-125.030732,200,725.426129
-233.755262,200,725.472465
-121.010715,200,725.51908
-238.008498,200,725.650226
-127.617354,200,725.698451
-4.645219,200,725.745807
-238.211073,200,725.792042
-237.588872,200,725.838974
-235.503143,200,725.885822
-246.884124,200,725.932904
-126.376845,200,725.979559
-338.162653,200,726.026756
-122.368179,200,726.076825
-134.09533,200,726.205854
-118.817168,200,726.253715
-126.376088,200,726.302596
-242.557518,200,726.35065
-238.173386,200,726.402084
-117.590071,200,726.451527
-119.500427,200,726.498428
-124.824379,200,726.545588
-240.117245,200,726.592922
-127.70291,200,726.639014
-127.114991,200,726.766468
-351.625877,200,726.813964
-129.401318,200,726.860256
-120.171122,200,726.907312
-122.720533,200,726.954516
-3.200653,200,727.00104
-126.992901,200,727.048826
-241.96364,200,727.095395
-281.706956,200,727.143294
-124.893185,200,727.190905
-127.459302,200,727.31865
-129.988631,200,727.367258
-348.398526,200,727.415057
-128.497204,200,727.461838
-247.266883,200,727.508985
-128.94806,200,727.556991
-236.997438,200,727.603519
-257.45001,200,727.649762
-123.673835,200,727.695947
-260.555249,200,727.742589
-124.139108,200,727.870648
-127.625063,200,727.918087
-245.876553,200,727.965304
-239.173331,200,728.012039
-128.88876,200,728.058866
-3.348176,200,728.10379
-124.88478,200,728.150982
-120.365684,200,728.198566
-119.809739,200,728.245749
-125.281854,200,728.291987
-242.522872,200,728.422959
-230.13159,200,728.470866
-127.339917,200,728.517172
-250.044855,200,728.56372
-254.466249,200,728.610272
-124.042051,200,728.656843
-252.160805,200,728.703794
-417.284914,200,728.749998
-130.552177,200,728.798219
-357.717161,200,728.845044
-124.167658,200,728.996784
-248.856902,200,729.043987
-233.050318,200,729.09189
-253.065116,200,729.138106
-265.151145,200,729.185634
-126.350442,200,729.23254
-129.836474,200,729.279094
-128.846519,200,729.326549
-126.863063,200,729.374066
-247.601742,200,729.421549
-119.979685,200,729.550356
-125.195124,200,729.597386
-126.144011,200,729.645916
-132.573741,200,729.693218
-242.606652,200,729.739373
-129.648753,200,729.785242
-126.253166,200,729.830366
-254.43085,200,729.877182
-121.767079,200,729.923424
-236.71707,200,729.970441
-342.822726,200,730.097113
-250.460069,200,730.144648
-123.492972,200,730.192237
-129.248924,200,730.238561
-123.432239,200,730.28455
-129.778745,200,730.330435
-124.6247,200,730.377343
-122.836986,200,730.424332
-6.76181,200,730.470213
-126.272554,200,730.517298
-319.213325,200,730.643958
-130.08455,200,730.691915
-249.391685,200,730.738182
-123.206161,200,730.785159
-247.406211,200,730.831414
-255.890266,200,730.877846
-241.870853,200,730.924223
-124.396184,200,730.97084
-6.031775,200,731.018279
-8.50396,200,731.067206
-117.97786,200,731.197701
-122.797207,200,731.246112
-399.952932,200,731.292596
-249.514184,200,731.338938
-129.927159,200,731.385713
-127.615319,200,731.43339
-129.411226,200,731.481313
-231.543638,200,731.527046
-245.836726,200,731.573928
-130.057281,200,731.619857
-262.281589,200,731.747082
-268.138359,200,731.795368
-158.763317,200,731.842213
-127.285665,200,731.889168
-373.583883,200,731.935659
-234.800447,200,731.982631
-368.179871,200,732.029608
-130.707571,200,732.076114
-236.032114,200,732.122372
-127.267182,200,732.168928
-372.504663,200,732.296522
-120.09004,200,732.342317
-246.722414,200,732.389517
-250.054914,200,732.436023
-121.979603,200,732.481873
-6.882513,200,732.529636
-133.49651,200,732.575186
-117.816256,200,732.621455
-259.327021,200,732.66759
-125.1341,200,732.714219
-248.539114,200,732.840355
-123.168151,200,732.888755
-121.721613,200,732.936003
-120.435127,200,732.981592
-121.775718,200,733.028481
-130.491754,200,733.075855
-124.522464,200,733.122248
-7.940017,200,733.169266
-253.667407,200,733.21595
-126.055353,200,733.262594
-501.334819,200,733.3899
-130.555361,200,733.438404
-130.39255,200,733.485766
-244.45275,200,733.53271
-344.540082,200,733.579219
-125.922711,200,733.62703
-5.687982,200,733.674695
-123.275951,200,733.72092
-131.565352,200,733.76728
-122.484702,200,733.813626
-126.75084,200,733.945354
-127.43836,200,733.993332
-122.869338,200,734.040407
-358.88144,200,734.086653
-123.865362,200,734.133552
-250.661911,200,734.180047
-11.30462,200,734.226297
-310.965215,200,734.273809
-122.548452,200,734.32305
-126.798275,200,734.371537
-126.604416,200,734.500619
-131.346818,200,734.548813
-243.776139,200,734.596175
-6.207026,200,734.64291
-123.694045,200,734.689972
-235.37533,200,734.7372
-254.096282,200,734.785279
-122.793762,200,734.832923
-264.114472,200,734.879967
-4.312692,200,734.925635
-373.101335,200,735.056197
-129.151462,200,735.103768
-128.548064,200,735.151346
-251.823519,200,735.198704
-123.224087,200,735.247878
-243.032796,200,735.294889
-244.275563,200,735.34178
-123.638211,200,735.388023
-241.137969,200,735.43528
-122.008496,200,735.483595
-126.97849,200,735.611883
-127.827815,200,735.659171
-246.215388,200,735.705658
-127.828498,200,735.751652
-340.064445,200,735.798187
-246.478984,200,735.844058
-128.922763,200,735.891085
-8.499384,200,735.937581
-126.905437,200,735.982536
-3.127988,200,736.030278
-4.603151,200,736.1613
-130.147846,200,736.209412
-125.022976,200,736.256928
-240.57174,200,736.304277
-120.767134,200,736.350624
-123.526507,200,736.396549
-132.990259,200,736.444281
-124.149741,200,736.49045
-128.360271,200,736.537865
-133.541114,200,736.584644
-127.768337,200,736.714429
-249.907388,200,736.7621
-119.648655,200,736.810801
-128.465481,200,736.858613
-118.169517,200,736.906079
-125.410027,200,736.953613
-125.933724,200,737.001507
-122.24631,200,737.049073
-242.819071,200,737.096694
-126.639616,200,737.143559
-239.85336,200,737.271434
-125.764866,200,737.320374
-123.969593,200,737.367903
-0.971831,200,737.416318
-2.933013,200,737.464038
-1.950621,200,737.510843
-125.500052,200,737.557175
-246.014387,200,737.603766
-244.989857,200,737.649545
-121.71497,200,737.696981
-344.459372,200,737.851321
-118.781424,200,737.898559
-120.531095,200,737.947341
-118.013104,200,737.994303
-1.129912,200,738.041261
-127.196957,200,738.089863
-350.180085,200,738.1369
-122.329769,200,738.184194
-123.895981,200,738.231106
-356.538506,200,738.278144
-124.055508,200,738.407313
-118.157492,200,738.455522
-2.368348,200,738.503617
-121.67501,200,738.550895
-237.583502,200,738.598019
-116.829103,200,738.643991
-124.500373,200,738.689848
-114.636018,200,738.737399
-121.549972,200,738.784909
-240.076598,200,738.831613
-121.440893,200,738.959255
-226.142444,200,739.00789
-121.71598,200,739.055527
-126.33015,200,739.102715
-125.465074,200,739.149504
-240.393277,200,739.196143
-123.00444,200,739.242751
-123.017629,200,739.288855
-225.967198,200,739.336248
-117.677312,200,739.385005
-249.645683,200,739.515272
-125.076891,200,739.562865
-125.299437,200,739.610735
-128.570271,200,739.657122
-123.235421,200,739.704344
-232.721062,200,739.750743
-116.937953,200,739.797132
-127.748423,200,739.843998
-119.120187,200,739.890096
-126.695601,200,739.936527
-124.464299,200,740.064117
-123.794391,200,740.111295
-126.271104,200,740.158266
-249.323982,200,740.20371
-249.266923,200,740.249282
-230.56385,200,740.29662
-232.559956,200,740.344243
-116.885763,200,740.391188
-123.986601,200,740.438804
-123.559472,200,740.486223
-122.518734,200,740.612746
-240.895013,200,740.66053
-237.565162,200,740.707596
-126.512375,200,740.75403
-243.907422,200,740.800381
-233.906953,200,740.847732
-126.782237,200,740.89387
-125.910976,200,740.939923
-123.54604,200,740.986217
-115.336343,200,741.033392
-4.19979,200,741.16233
-259.486085,200,741.209368
-245.015697,200,741.256531
-128.951467,200,741.304723
-2.44742,200,741.353067
-247.358343,200,741.400428
-126.993147,200,741.44927
-356.081757,200,741.496832
-285.786958,200,741.545065
-248.917734,200,741.591295
-234.867131,200,741.71926
-261.559056,200,741.76652
-236.774041,200,741.813686
-125.679466,200,741.860361
-332.697914,200,741.905985
-123.533461,200,741.952791
-116.990337,200,741.999646
-128.800022,200,742.045432
-127.348837,200,742.091976
-2.217531,200,742.138448
-119.281797,200,742.268868
-340.16944,200,742.317545
-250.887082,200,742.365304
-121.004966,200,742.41186
-3.797234,200,742.459253
-128.113186,200,742.505185
-5.862162,200,742.552041
-304.030221,200,742.598895
-119.134356,200,742.646288
-116.787152,200,742.69217
-338.509785,200,742.819921
-126.888718,200,742.866891
-245.746051,200,742.91336
-250.553894,200,742.960958
-122.459809,200,743.007833
-133.266826,200,743.054179
-5.396294,200,743.1008
-252.571853,200,743.147319
-123.359072,200,743.194157
-248.303345,200,743.240458
-121.561221,200,743.36707
-130.223431,200,743.415372
-244.494133,200,743.462758
-124.198271,200,743.509788
-352.047799,200,743.556268
-244.699944,200,743.603184
-126.566806,200,743.6504
-245.02073,200,743.696746
-250.09424,200,743.744014
-123.233744,200,743.791084
-8.273652,200,743.918483
-126.465626,200,743.965719
-119.84123,200,744.012504
-235.146257,200,744.058917
-241.696677,200,744.10382
-249.761045,200,744.150363
-132.083323,200,744.197008
-238.359753,200,744.243679
-244.854779,200,744.28959
-120.348907,200,744.335859
-247.0641,200,744.465431
-125.004707,200,744.513663
-248.727793,200,744.560159
-124.553799,200,744.60746
-127.350209,200,744.654185
-124.488477,200,744.700766
-124.603838,200,744.7479
-368.44074,200,744.795001
-122.050569,200,744.841104
-125.53035,200,744.888138
-124.274517,200,745.018349
-123.886541,200,745.066054
-128.39162,200,745.113952
-124.741969,200,745.161497
-129.250577,200,745.209337
-119.149258,200,745.256762
-4.291172,200,745.302513
-124.109417,200,745.349582
-125.471604,200,745.395576
-128.094771,200,745.442332
-123.983829,200,745.570053
-122.588111,200,745.617692
-239.186362,200,745.665115
-247.352167,200,745.712133
-124.109501,200,745.758876
-117.535205,200,745.805708
-126.500219,200,745.853036
-285.4937,200,745.899254
-123.674033,200,745.945011
-4.564013,200,745.992558
-240.437277,200,746.120692
-2.954426,200,746.168136
-242.120014,200,746.2157
-237.091689,200,746.262528
-127.165461,200,746.309304
-4.197946,200,746.356022
-225.598225,200,746.403066
-337.285461,200,746.450596
-123.369071,200,746.496912
-128.884083,200,746.542765
-124.007303,200,746.669939
-2.769222,200,746.742112
-125.024917,200,746.790166
-128.404143,200,746.835533
-120.628394,200,746.881227
-240.007566,200,746.927158
-130.881381,200,746.974143
-128.132749,200,747.021115
-331.703174,200,747.067329
-6.789224,200,747.113577
-126.336067,200,747.240983
-247.641832,200,747.289212
-122.88504,200,747.336514
-116.177545,200,747.38386
-120.675202,200,747.430764
-125.085913,200,747.478709
-6.814094,200,747.524922
-230.165738,200,747.571297
-122.292518,200,747.617058
-231.402627,200,747.66344
-238.896529,200,747.794097
-117.941491,200,747.843245
-119.475792,200,747.895079
-131.348219,200,747.943934
-127.097558,200,747.992295
-124.295267,200,748.038657
-261.92375,200,748.085226
-131.93479,200,748.131961
-251.638641,200,748.178801
-237.567831,200,748.225792
-127.323853,200,748.354671
-247.120743,200,748.401994
-119.865529,200,748.449395
-237.108082,200,748.496316
-352.084696,200,748.543477
-129.470186,200,748.590552
-122.453789,200,748.638531
-120.532935,200,748.686131
-240.886892,200,748.731758
-354.567451,200,748.777634
-240.962099,200,748.905606
-122.031707,200,748.953095
-125.986728,200,748.999725
-231.848372,200,749.046235
-244.167379,200,749.09316
-124.629669,200,749.139849
-122.424191,200,749.185716
-247.6938,200,749.232715
-125.974025,200,749.283437
-235.716466,200,749.338643
-338.512528,200,749.467471
-2.530117,200,749.515602
-256.104553,200,749.563154
-130.159608,200,749.60817
-126.010509,200,749.655397
-355.670433,200,749.702168
-4.42672,200,749.74901
-117.661127,200,749.795058
-248.220732,200,749.840899
-129.764001,200,749.887858
-243.090888,200,750.014282
-126.844206,200,750.061842
-244.305129,200,750.1103
-4.623097,200,750.158959
-128.820389,200,750.207565
-118.475399,200,750.256086
-123.46399,200,750.303972
-3.869243,200,750.35222
-5.999172,200,750.39946
-131.307425,200,750.448017
-250.723804,200,750.579349
-4.283657,200,750.626585
-126.175251,200,750.674219
-128.836263,200,750.72157
-240.836959,200,750.769065
-129.631264,200,750.816113
-251.233664,200,750.86232
-239.584345,200,750.907586
-128.736664,200,750.955061
-239.241494,200,751.001168
-8.227571,200,751.13067
-126.11516,200,751.179747
-253.14247,200,751.22699
-123.631626,200,751.27572
-254.934515,200,751.321544
-130.844382,200,751.368317
-125.046912,200,751.415108
-125.586166,200,751.462802
-245.408311,200,751.509618
-123.588757,200,751.556928
-250.564984,200,751.685308
-120.183875,200,751.731781
-123.414057,200,751.779247
-234.594776,200,751.826009
-124.79877,200,751.873738
-135.112329,200,751.920619
-129.808799,200,751.967642
-128.808527,200,752.014225
-130.619786,200,752.060922
-244.8324,200,752.107591
-247.389519,200,752.233863
-239.767378,200,752.282397
-7.591528,200,752.32872
-130.045537,200,752.37506
-240.808746,200,752.420805
-317.338666,200,752.469551
-338.044562,200,752.51614
-122.737391,200,752.561373
-362.221955,200,752.607879
-124.390548,200,752.654279
-246.989729,200,752.779999
-130.521802,200,752.82724
-6.817718,200,752.873645
-238.102815,200,752.920047
-121.92868,200,752.965852
-243.504405,200,753.011149
-122.850458,200,753.05704
-125.806837,200,753.10356
-125.45434,200,753.149338
-125.882692,200,753.195256
-227.797008,200,753.324459
-126.191182,200,753.372209
-118.926941,200,753.41921
-121.452091,200,753.466377
-249.792529,200,753.514008
-332.705154,200,753.560868
-123.555501,200,753.607888
-130.774046,200,753.654883
-252.335493,200,753.701188
-126.299804,200,753.747963
-129.186394,200,753.876235
-238.256125,200,753.923621
-235.947674,200,753.971104
-10.589004,200,754.018642
-239.893977,200,754.064848
-128.834022,200,754.111004
-126.161961,200,754.158153
-125.506144,200,754.203979
-6.746658,200,754.251388
-238.601705,200,754.297108
-243.638231,200,754.426481
-243.664993,200,754.476038
-234.759687,200,754.522612
-296.181161,200,754.572453
-242.947646,200,754.621747
-237.510429,200,754.668774
-123.451969,200,754.716506
-6.045085,200,754.764441
-6.378507,200,754.812397
-126.015137,200,754.860162
-239.519156,200,754.990226
-123.524693,200,755.038922
-130.640571,200,755.087307
-252.875781,200,755.133565
-125.950584,200,755.181038
-125.145926,200,755.229211
-125.273959,200,755.275218
-121.245121,200,755.322313
-123.957008,200,755.369451
-135.081892,200,755.415582
-131.172558,200,755.541989
-128.842422,200,755.611298
-346.148011,200,755.662612
-126.350438,200,755.709869
-8.871117,200,755.756711
-118.046588,200,755.803773
-235.097746,200,755.849802
-241.149879,200,755.896528
-123.710372,200,755.943356
-373.766799,200,755.991106
-119.97567,200,756.125149
-129.3627,200,756.172683
-247.923849,200,756.21949
-117.795083,200,756.266507
-116.375733,200,756.315427
-126.950022,200,756.366161
-121.637932,200,756.415548
-249.439795,200,756.4631
-125.311284,200,756.510426
-124.079557,200,756.556241
-122.284669,200,756.683572
-240.2636,200,756.730369
-245.781965,200,756.776851
-329.65268,200,756.82379
-119.159725,200,756.870064
-248.013091,200,756.916951
-122.663468,200,756.963455
-127.096509,200,757.010608
-1.547747,200,757.056945
-2.256788,200,757.102298
-120.945174,200,757.229027
-1.688171,200,757.276689
-242.298074,200,757.323387
-251.143759,200,757.369394
-358.415547,200,757.415148
-125.573922,200,757.461552
-370.700095,200,757.508114
-116.124979,200,757.554027
-0.838369,200,757.599777
-124.275021,200,757.647133
-127.485265,200,757.777673
-127.624141,200,757.825624
-3.141133,200,757.872461
-238.156948,200,757.918865
-125.943035,200,757.964932
-242.932184,200,758.01245
-120.826694,200,758.05909
-3.916076,200,758.104714
-128.651719,200,758.150896
-120.976068,200,758.196452
-115.704327,200,758.322629
-241.318231,200,758.37084
-237.624012,200,758.41694
-243.333857,200,758.464738
-122.317384,200,758.510845
-235.89546,200,758.556905
-247.302596,200,758.603321
-236.551813,200,758.650069
-127.469676,200,758.69649
-126.312691,200,758.743173
-127.909338,200,758.872626
-127.895931,200,758.923618
-321.874566,200,758.971311
-124.365519,200,759.017707
-231.64889,200,759.064049
-4.995632,200,759.110238
-3.690076,200,759.15716
-126.798654,200,759.202784
-120.168959,200,759.249506
-361.301642,200,759.294094
-237.266429,200,759.42222
-123.380189,200,759.472542
-253.750225,200,759.520382
-3.462712,200,759.566653
-124.319709,200,759.612852
-116.801081,200,759.660015
-232.130185,200,759.70586
-123.067607,200,759.752787
-121.575607,200,759.79843
-247.409679,200,759.844366
-374.259866,200,759.971039
-125.767451,200,760.018607
-128.64244,200,760.06537
-3.706679,200,760.111113
-122.568459,200,760.157552
-252.445339,200,760.204081
-336.665773,200,760.251297
-371.873117,200,760.297887
-234.397995,200,760.343182
-4.520119,200,760.38876
-125.330924,200,760.514497
-8.128493,200,760.561084
-131.886556,200,760.606853
-124.446671,200,760.653398
-245.145266,200,760.69929
-3.468501,200,760.745469
-234.402425,200,760.791523
-126.030629,200,760.838626
-127.597501,200,760.884071
-120.306969,200,760.931072
-125.502126,200,761.058673
-246.223706,200,761.107902
-251.140766,200,761.156009
-244.027405,200,761.202037
-232.830639,200,761.248728
-119.099831,200,761.293865
-330.419028,200,761.339781
-117.695118,200,761.38589
-127.846553,200,761.431356
-127.882899,200,761.477822
-5.57818,200,761.607361
-338.008081,200,761.655403
-128.007114,200,761.704079
-271.445225,200,761.751252
-128.989668,200,761.798179
-131.252862,200,761.845651
-123.891047,200,761.892335
-3.889157,200,761.940097
-129.034567,200,761.987016
-124.947083,200,762.033491
-118.893378,200,762.161373
-129.7381,200,762.210248
-244.305272,200,762.257638
-244.706814,200,762.305062
-124.492415,200,762.35188
-124.848042,200,762.398162
-237.165574,200,762.444423
-235.490496,200,762.491277
-5.253124,200,762.537484
-241.897074,200,762.583875
-129.274653,200,762.711883
-229.656301,200,762.760606
-233.481066,200,762.808285
-6.343766,200,762.854954
-254.97722,200,762.901975
-5.866523,200,762.947588
-132.376707,200,762.995635
-261.290055,200,763.042778
-129.257225,200,763.090163
-310.825035,200,763.13679
-3.982513,200,763.263102
-250.067411,200,763.336349
-234.248213,200,763.385488
-120.163022,200,763.43332
-351.001187,200,763.480775
-129.885555,200,763.527523
-4.683101,200,763.574637
-127.772978,200,763.619825
-120.493974,200,763.666513
-4.317001,200,763.714445
-255.787669,200,763.843552
-121.857173,200,763.892075
-366.261371,200,763.93898
-239.901971,200,763.986368
-127.931524,200,764.03309
-244.253892,200,764.08012
-129.187716,200,764.126197
-3.919576,200,764.173487
-120.707038,200,764.218929
-119.258859,200,764.265707
-126.855884,200,764.397271
-346.80617,200,764.445667
-3.893434,200,764.495306
-3.642672,200,764.543639
-129.345691,200,764.590787
-2.961821,200,764.638011
-238.218762,200,764.68478
-122.859184,200,764.732582
-123.846543,200,764.779464
-122.62462,200,764.826202
-250.668337,200,764.954874
-118.236579,200,765.00305
-125.241309,200,765.04987
-239.99273,200,765.09717
-363.130135,200,765.145054
-229.353686,200,765.19269
-375.787432,200,765.238514
-120.33872,200,765.285233
-118.345827,200,765.331164
-124.418171,200,765.37665
-117.439732,200,765.505137
-332.590899,200,765.553038
-238.800747,200,765.599816
-242.507164,200,765.64689
-238.629279,200,765.69425
-126.781812,200,765.741652
-128.274924,200,765.788429
-318.942297,200,765.83562
-117.798705,200,765.882215
-135.4953,200,765.928114
-120.62508,200,766.056722
-2.637513,200,766.107788
-129.871352,200,766.15475
-122.694693,200,766.2017
-332.699045,200,766.249049
-240.321688,200,766.29515
-5.032188,200,766.340939
-127.068875,200,766.387675
-127.553976,200,766.434599
-129.700353,200,766.48224
-239.932731,200,766.608793
-3.776101,200,766.655967
-229.625615,200,766.703532
-121.431141,200,766.749844
-342.179104,200,766.796868
-124.059106,200,766.842335
-124.000211,200,766.889124
-245.659903,200,766.935961
-117.266172,200,766.98252
-126.97861,200,767.028763
-118.890591,200,767.158739
-246.749994,200,767.2066
-122.173654,200,767.254007
-114.487371,200,767.300947
-125.220508,200,767.34685
-121.78438,200,767.393056
-125.840864,200,767.439897
-114.569785,200,767.487077
-273.107769,200,767.533938
-127.097455,200,767.579609
-116.657575,200,767.706957
-346.082327,200,767.753739
-126.353224,200,767.802301
-127.912956,200,767.848797
-3.022294,200,767.895893
-115.120955,200,767.942703
-121.133812,200,767.988877
-241.639907,200,768.036509
-227.112202,200,768.083902
-126.554998,200,768.130629
-1.758401,200,768.256631
-122.730794,200,768.304907
-236.770029,200,768.351941
-1.109229,200,768.398873
-122.360271,200,768.446327
-246.321892,200,768.493112
-1.361382,200,768.540759
-127.388587,200,768.587294
-1.162544,200,768.634145
-116.963881,200,768.680172
-119.914687,200,768.80731
-128.194076,200,768.854363
-121.160823,200,768.901377
-239.509401,200,768.948137
-123.246586,200,768.994352
-2.233742,200,769.041262
-126.941958,200,769.088673
-1.62347,200,769.13479
-239.670892,200,769.181399
-119.619713,200,769.228051
-233.150793,200,769.355815
-239.982584,200,769.404517
-118.096463,200,769.452003
-0.889362,200,769.500463
-123.219718,200,769.547071
-246.20207,200,769.593858
-264.349322,200,769.640432
-127.532673,200,769.687853
-126.414883,200,769.733513
-119.035777,200,769.780579
-126.534876,200,769.911195
-244.927591,200,769.959136
-116.130316,200,770.006324
-327.258649,200,770.053839
-114.971653,200,770.101148
-4.633927,200,770.146979
-126.0074,200,770.193281
-116.301216,200,770.240274
-128.605855,200,770.287468
-3.470882,200,770.333926
-124.4147,200,770.461664
-3.937091,200,770.510194
-247.080985,200,770.557066
-354.973665,200,770.604447
-239.608333,200,770.652016
-127.285048,200,770.698516
-235.370621,200,770.745538
-118.68484,200,770.792562
-231.449126,200,770.839157
-118.270244,200,770.886891
-236.091144,200,771.015386
-245.121757,200,771.064663
-120.897803,200,771.113181
-127.175778,200,771.16089
-236.645879,200,771.207587
-125.585934,200,771.253331
-127.851748,200,771.300446
-129.001922,200,771.347755
-122.454862,200,771.3942
-356.724714,200,771.441664
-246.90681,200,771.570881
-230.316731,200,771.619371
-119.247086,200,771.66643
-125.341797,200,771.71314
-4.36324,200,771.759771
-121.894262,200,771.806261
-354.246018,200,771.852967
-262.224116,200,771.899814
-245.694169,200,771.946868
-250.011776,200,771.993349
-251.936186,200,772.120692
-126.775167,200,772.189627
-3.574917,200,772.239758
-243.913428,200,772.286651
-127.151198,200,772.333713
-124.875417,200,772.380594
-117.465378,200,772.427143
-127.600321,200,772.47456
-3.662922,200,772.523267
-123.888275,200,772.570109
-129.66864,200,772.701265
-120.106759,200,772.749588
-130.058215,200,772.798123
-129.288437,200,772.844513
-128.690655,200,772.89061
-5.186137,200,772.937215
-257.842627,200,772.984215
-132.311637,200,773.031678
-238.394857,200,773.079448
-128.749847,200,773.126096
-247.082701,200,773.253393
-130.924053,200,773.301121
-130.380365,200,773.348286
-132.678399,200,773.395254
-244.161902,200,773.442641
-325.287601,200,773.490538
-239.944575,200,773.537703
-123.348572,200,773.584666
-128.547037,200,773.630724
-126.151243,200,773.677781
-129.762364,200,773.805357
-317.343029,200,773.852839
-130.081733,200,773.899838
-119.678373,200,773.947041
-126.551933,200,773.994299
-115.967286,200,774.040703
-371.252147,200,774.087935
-237.322988,200,774.134066
-125.224841,200,774.180503
-369.337517,200,774.226405
-3.809857,200,774.354751
-124.847491,200,774.402662
-131.452585,200,774.45072
-241.007686,200,774.499197
-246.46293,200,774.547522
-128.569952,200,774.594718
-131.953472,200,774.641806
-247.920635,200,774.688491
-6.48044,200,774.73509
-243.189236,200,774.782234
-121.220782,200,774.910054
-126.738002,200,774.956681
-128.969027,200,775.003151
-122.031473,200,775.048766
-127.903175,200,775.095151
-122.202006,200,775.142347
-236.741888,200,775.189137
-121.597099,200,775.235454
-392.288804,200,775.281713
-130.155195,200,775.328971
-126.028915,200,775.460474
-127.201672,200,775.508356
-247.635622,200,775.555007
-248.326344,200,775.600846
-240.042744,200,775.646918
-231.127456,200,775.693016
-273.302501,200,775.740231
-233.136865,200,775.786179
-235.021113,200,775.83278
-243.493019,200,775.877742
-124.924867,200,776.004069
-121.828693,200,776.05359
-122.947234,200,776.10266
-255.556316,200,776.148733
-242.579571,200,776.195833
-241.57681,200,776.242669
-3.361607,200,776.28863
-238.010486,200,776.335604
-4.289408,200,776.381952
-124.047447,200,776.427707
-249.75331,200,776.554435
-118.568647,200,776.601609
-118.720164,200,776.648066
-4.278915,200,776.694257
-121.290198,200,776.740993
-3.384041,200,776.786839
-125.764551,200,776.832809
-120.887987,200,776.879651
-120.769026,200,776.926447
-117.93966,200,776.972427
-123.590539,200,777.098706
-237.713393,200,777.146033
-118.189969,200,777.193292
-246.176707,200,777.240277
-343.728292,200,777.286379
-127.812888,200,777.333596
-126.456682,200,777.379931
-130.092167,200,777.426245
-236.369692,200,777.472848
-353.733425,200,777.52008
-230.014117,200,777.645825
-233.904022,200,777.693472
-132.267908,200,777.739521
-122.369395,200,777.785423
-127.356655,200,777.831212
-129.14285,200,777.878054
-3.853395,200,777.92338
-4.928718,200,777.969517
-125.87279,200,778.01695
-126.683513,200,778.062837
-124.248111,200,778.193132
-120.789611,200,778.241338
-4.968046,200,778.289
-364.690902,200,778.334968
-6.010901,200,778.381847
-129.080819,200,778.429235
-327.886693,200,778.475515
-8.488025,200,778.522268
-240.473304,200,778.569265
-123.057932,200,778.614498
-347.829611,200,778.74392
-240.672937,200,778.792658
-235.113854,200,778.840371
-130.086732,200,778.887837
-120.312811,200,778.93425
-236.007152,200,778.981333
-127.687376,200,779.029666
-239.646005,200,779.077015
-127.437202,200,779.122397
-127.459785,200,779.169379
-3.058381,200,779.297337
-125.455861,200,779.345715
-119.345022,200,779.392451
-127.098578,200,779.439013
-236.221222,200,779.485739
-127.757182,200,779.533348
-126.449822,200,779.581104
-242.483558,200,779.628086
-238.983266,200,779.674698
-119.931858,200,779.72162
-128.069726,200,779.850045
-248.705899,200,779.898482
-5.378097,200,779.945309
-123.569742,200,779.994065
-231.836106,200,780.04076
-120.03272,200,780.087288
-6.564094,200,780.135099
-5.709518,200,780.181531
-128.447764,200,780.228225
-129.488721,200,780.274725
-6.47876,200,780.404587
-120.96435,200,780.453975
-241.554771,200,780.502554
-133.698985,200,780.549257
-6.650033,200,780.596479
-245.270546,200,780.644267
-252.924065,200,780.691696
-237.749337,200,780.73834
-117.065097,200,780.785422
-255.174938,200,780.832259
-3.921959,200,780.962567
-118.442981,200,781.036182
-127.412532,200,781.087001
-3.079334,200,781.135359
-117.623495,200,781.182278
-124.698144,200,781.230406
-358.64685,200,781.27895
-123.940002,200,781.325304
-125.708901,200,781.372675
-2.752791,200,781.418858
-235.383616,200,781.54814
-236.462951,200,781.595666
-2.836907,200,781.642702
-222.524947,200,781.689858
-1.096086,200,781.736038
-127.741067,200,781.78356
-246.015467,200,781.830462
-120.546918,200,781.876706
-365.699194,200,781.924297
-127.646641,200,781.969955
-233.33362,200,782.097074
-130.294825,200,782.14702
-244.969656,200,782.194815
-343.235602,200,782.242331
-235.694033,200,782.290724
-122.102909,200,782.338428
-124.42138,200,782.38456
-126.191182,200,782.43178
-113.923519,200,782.477866
-1.656721,200,782.525923
-243.46482,200,782.653794
-262.46645,200,782.700805
-235.195085,200,782.748726
-7.3995,200,782.795216
-125.138302,200,782.842298
-120.123652,200,782.889003
-3.493361,200,782.934679
-118.648838,200,782.980158
-238.375622,200,783.027088
-226.128363,200,783.073235
-373.541449,200,783.201388
-338.203885,200,783.249603
-127.05041,200,783.297804
-126.590714,200,783.344481
-249.953172,200,783.390897
-242.332484,200,783.437759
-118.181463,200,783.484107
-230.708845,200,783.532455
-134.337113,200,783.577959
-368.151794,200,783.62458
-4.864126,200,783.755808
-229.923471,200,783.804208
-130.16172,200,783.851623
-129.452063,200,783.898739
-239.171338,200,783.945273
-123.053069,200,783.992463
-120.66198,200,784.039326
-124.726763,200,784.085934
-129.54773,200,784.132888
-240.95877,200,784.180353
-127.259102,200,784.308535
-337.494889,200,784.355126
-130.904627,200,784.401703
-317.037779,200,784.448411
-7.23872,200,784.494695
-240.900492,200,784.544444
-118.269271,200,784.59435
-124.493943,200,784.642656
-246.169138,200,784.690315
-125.439194,200,784.737359
-126.840176,200,784.868365
-127.9807,200,784.917833
-128.91511,200,784.964835
-259.329148,200,785.013475
-243.51497,200,785.060335
-303.987329,200,785.10788
-126.300218,200,785.154961
-232.720673,200,785.203118
-120.282585,200,785.251767
-131.064404,200,785.298265
-243.03403,200,785.427538
-116.624685,200,785.476252
-128.911926,200,785.523782
-127.028071,200,785.570521
-132.911707,200,785.616632
-125.605458,200,785.662809
-120.897431,200,785.709041
-241.144923,200,785.755278
-368.134398,200,785.801414
-123.410166,200,785.848648
-122.728276,200,785.975827
-124.714965,200,786.023472
-122.940668,200,786.081179
-283.661128,200,786.129928
-230.803563,200,786.176302
-118.836114,200,786.222529
-363.053398,200,786.269602
-239.291103,200,786.318618
-128.942385,200,786.369439
-253.122656,200,786.419814
-2.16417,200,786.550587
-6.034586,200,786.599021
-123.608667,200,786.646721
-121.922546,200,786.69436
-349.105046,200,786.740649
-239.093678,200,786.787787
-231.884562,200,786.835153
-232.73574,200,786.882918
-3.193098,200,786.929845
-245.227593,200,786.975894
-124.077876,200,787.103857
-124.541991,200,787.151874
-241.336174,200,787.198765
-346.865549,200,787.24531
-241.429579,200,787.296064
-126.864932,200,787.343144
-358.780544,200,787.389336
-125.892526,200,787.435996
-119.115548,200,787.482492
-119.057305,200,787.529974
-3.861145,200,787.657765
-116.475683,200,787.706452
-3.092934,200,787.754084
-116.811731,200,787.801786
-120.691804,200,787.847967
-2.507827,200,787.894022
-118.894662,200,787.940834
-238.899179,200,787.98848
-129.790439,200,788.034623
-2.750572,200,788.080958
-351.860693,200,788.208116
-249.268745,200,788.255458
-125.720606,200,788.303199
-278.721168,200,788.349788
-123.956628,200,788.397371
-123.033563,200,788.444661
-126.302666,200,788.490671
-4.685858,200,788.538214
-1.537158,200,788.584036
-122.900698,200,788.629967
-241.603555,200,788.755857
-123.431845,200,788.804744
-233.059483,200,788.852202
-121.913577,200,788.898686
-125.674166,200,788.945549
-238.828402,200,788.99179
-243.950286,200,789.038484
-357.384786,200,789.084268
-234.371104,200,789.131093
-231.317329,200,789.177391
-120.473342,200,789.307921
-2.908316,200,789.355833
-114.798485,200,789.402446
-128.091363,200,789.449882
-358.755716,200,789.496498
-239.306321,200,789.542151
-237.838201,200,789.5887
-231.920239,200,789.635659
-121.881869,200,789.682566
-117.920191,200,789.728842
-238.895742,200,789.857795
-2.116632,200,789.905896
-117.505312,200,789.952345
-117.583254,200,789.998537
-118.091798,200,790.045155
-127.459802,200,790.091092
-126.073662,200,790.137264
-124.957141,200,790.184778
-118.684056,200,790.231877
-233.125639,200,790.277253
-252.326842,200,790.429591
-124.600687,200,790.477134
-2.459938,200,790.524287
-129.968085,200,790.571677
-125.942184,200,790.61786
-356.440805,200,790.663393
-126.911477,200,790.710113
-2.642477,200,790.75676
-125.350066,200,790.802848
-237.524266,200,790.850019
-125.620285,200,790.977398
-244.691735,200,791.025113
-126.458006,200,791.074845
-121.731581,200,791.123707
-232.154184,200,791.169907
-120.890185,200,791.216423
-230.735788,200,791.264108
-123.167758,200,791.311447
-237.572335,200,791.357216
-126.828841,200,791.403543
-122.859542,200,791.53171
-129.567045,200,791.578424
-4.023634,200,791.624604
-122.619374,200,791.669759
-121.531167,200,791.716162
-241.413657,200,791.763144
-250.481349,200,791.809414
-114.47969,200,791.856077
-120.141226,200,791.901975
-116.482063,200,791.947729
-279.284647,200,792.077543
-268.188059,200,792.125683
-235.758075,200,792.173773
-230.878644,200,792.220865
-127.39689,200,792.266443
-262.176795,200,792.31415
-115.976585,200,792.362268
-242.698019,200,792.408866
-118.133876,200,792.45561
-123.827833,200,792.50191
-2.644243,200,792.629692
-121.012018,200,792.676237
-126.706268,200,792.723349
-307.685268,200,792.770095
-120.945299,200,792.816942
-120.298029,200,792.86316
-241.914751,200,792.909711
-124.626729,200,792.956618
-122.506381,200,793.003494
-120.008779,200,793.048408
-118.295236,200,793.174952
-337.791164,200,793.221706
-116.949446,200,793.269223
-233.609553,200,793.316527
-125.729764,200,793.362872
-120.766999,200,793.409414
-2.593866,200,793.456099
-119.031816,200,793.502001
-275.211093,200,793.549413
-123.740102,200,793.596608
-121.775521,200,793.723529
-242.990547,200,793.77215
-2.903976,200,793.819218
-237.704213,200,793.865699
-264.685125,200,793.912245
-118.585904,200,793.95897
-358.293525,200,794.005645
-118.306109,200,794.052437
-4.274672,200,794.099158
-124.847628,200,794.144934
-122.632362,200,794.271528
-125.376986,200,794.318935
-123.882524,200,794.36608
-120.092499,200,794.412499
-115.794608,200,794.458935
-341.241177,200,794.505559
-125.070298,200,794.553428
-116.579452,200,794.602141
-1.531896,200,794.648377
-114.288629,200,794.695211
-238.712395,200,794.825478
-116.085322,200,794.874585
-1.288412,200,794.921959
-245.94141,200,794.969461
-123.560116,200,795.016564
-2.477167,200,795.063739
-126.588975,200,795.110687
-340.288897,200,795.157775
-2.666765,200,795.20412
-346.532006,200,795.250547
-127.228375,200,795.378724
-124.735168,200,795.426536
-124.067582,200,795.474176
-117.277402,200,795.520687
-4.18627,200,795.568942
-125.063024,200,795.61561
-366.288106,200,795.661745
-4.18032,200,795.708907
-122.359104,200,795.754544
-120.924055,200,795.800682
-127.572382,200,795.927371
-1.989515,200,795.974243
-119.765058,200,796.020815
-235.670454,200,796.069511
-120.241528,200,796.117497
-254.349928,200,796.164474
-122.13852,200,796.212148
-121.123858,200,796.259435
-117.651051,200,796.306457
-335.038234,200,796.352256
-128.014903,200,796.479738
-126.129472,200,796.527927
-119.464151,200,796.57609
-231.355834,200,796.621867
-238.763881,200,796.668845
-120.270136,200,796.716292
-239.250088,200,796.762992
-228.156641,200,796.809185
-3.248959,200,796.856471
-127.031537,200,796.903152
-3.308156,200,797.030986
-1.983702,200,797.078999
-256.025813,200,797.125649
-352.258174,200,797.172487
-2.022226,200,797.219895
-117.933592,200,797.266912
-2.872848,200,797.313435
-115.245708,200,797.360487
-236.392992,200,797.408479
-122.25983,200,797.455918
-127.683279,200,797.587108
-118.116922,200,797.635452
-238.781036,200,797.681588
-122.084499,200,797.729173
-120.700282,200,797.777051
-249.129352,200,797.823172
-117.606539,200,797.869429
-3.448454,200,797.915516
-240.703828,200,797.962295
-233.645206,200,798.008688
-3.2558,200,798.137043
-242.638145,200,798.184954
-4.392009,200,798.231849
-118.921333,200,798.279382
-118.998033,200,798.327024
-118.670288,200,798.374545
-119.401586,200,798.421091
-129.800987,200,798.46787
-128.122394,200,798.51439
-240.591579,200,798.561156
-232.107763,200,798.688359
-243.590946,200,798.736296
-234.12965,200,798.783561
-116.742685,200,798.831092
-121.255036,200,798.877609
-233.904853,200,798.923589
-118.352816,200,798.969197
-129.140547,200,799.016658
-1.001088,200,799.063606
-127.426622,200,799.110368
-349.890284,200,799.263909
-236.761274,200,799.31329
-244.557019,200,799.360911
-5.141369,200,799.407138
-236.502817,200,799.452305
-118.439821,200,799.49939
-127.033814,200,799.546365
-119.003466,200,799.593041
-274.725277,200,799.64133
-3.02608,200,799.688031
-239.114879,200,799.814884
-121.524461,200,799.861534
-126.872367,200,799.908349
-124.471335,200,799.954857
-255.922715,200,800.001471
-128.220914,200,800.048479
-116.431843,200,800.094377
-117.5985,200,800.143193
-128.377932,200,800.190176
-121.531267,200,800.237246
-121.307864,200,800.369528
-128.263248,200,800.42319
-121.497663,200,800.473987
-1.342016,200,800.521626
-5.314379,200,800.570867
-126.850705,200,800.621316
-119.160135,200,800.66887
-128.133413,200,800.717147
-124.057519,200,800.764313
-241.585493,200,800.812409
-122.607465,200,800.94243
-120.695124,200,800.990865
-237.405342,200,801.037721
-119.35835,200,801.089288
-128.653769,200,801.138244
-127.987327,200,801.185205
-243.212502,200,801.231883
-238.304012,200,801.279245
-238.080879,200,801.325571
-120.850472,200,801.373544
-349.992867,200,801.501541
-117.897965,200,801.549671
-329.269987,200,801.596142
-128.633782,200,801.642975
-117.908296,200,801.689783
-117.378811,200,801.736226
-117.303859,200,801.781893
-119.285562,200,801.828968
-119.517396,200,801.875635
-117.246176,200,801.922635
-1.629393,200,802.05476
-122.586218,200,802.102921
-122.693984,200,802.149536
-324.082249,200,802.195956
-242.608286,200,802.242596
-119.765947,200,802.288549
-129.203175,200,802.33619
-236.410414,200,802.382767
-353.429001,200,802.429626
-237.911124,200,802.476544
-116.725166,200,802.605222
-117.665514,200,802.653253
-248.203615,200,802.699912
-115.973878,200,802.746239
-122.181317,200,802.793455
-123.983539,200,802.840687
-3.296629,200,802.889407
-263.889053,200,802.937103
-2.630253,200,802.985269
-4.367554,200,803.032615
-118.867905,200,803.161057
-4.990499,200,803.208979
-127.368526,200,803.255474
-4.867446,200,803.301309
-120.423812,200,803.348898
-128.813342,200,803.395279
-129.311228,200,803.44221
-344.461862,200,803.490048
-129.548459,200,803.538172
-127.052276,200,803.59012
-117.545504,200,803.724004
-353.557553,200,803.773567
-345.296469,200,803.825111
-5.022119,200,803.874467
-362.937177,200,803.923605
-5.582288,200,803.971422
-126.257985,200,804.018484
-123.056881,200,804.062803
-3.214633,200,804.109696
-349.947897,200,804.15713
-121.618128,200,804.284066
-127.323297,200,804.332197
-121.029131,200,804.380083
-129.227869,200,804.426345
-3.046676,200,804.473696
-122.4102,200,804.519424
-121.810886,200,804.568214
-126.489849,200,804.616466
-129.2558,200,804.664218
-129.635158,200,804.711307
-123.375075,200,804.837571
-277.039658,200,804.884444
-121.211606,200,804.931814
-129.618561,200,804.978243
-123.936578,200,805.025378
-129.308128,200,805.071539
-122.736567,200,805.118569
-124.049488,200,805.16488
-231.447454,200,805.212416
-114.145549,200,805.259322
-125.958476,200,805.385432
-369.171218,200,805.432163
-126.203601,200,805.478423
-341.046002,200,805.524598
-256.170046,200,805.571907
-125.38931,200,805.618055
-128.163183,200,805.664618
-123.733997,200,805.71078
-120.749947,200,805.756872
-3.983588,200,805.803403
-119.77027,200,805.931565
-353.63803,200,805.978418
-3.173221,200,806.025397
-130.336702,200,806.074901
-375.787815,200,806.122612
-238.477293,200,806.168699
-119.843327,200,806.215926
-370.313235,200,806.262382
-2.214813,200,806.309021
-233.292566,200,806.355423
-235.739637,200,806.482868
-336.259493,200,806.531156
-370.554293,200,806.579618
-121.268031,200,806.626506
-255.065477,200,806.671799
-121.738607,200,806.717805
-124.85368,200,806.764862
-122.119102,200,806.811537
-238.156541,200,806.858685
-261.172889,200,806.904808
-355.209635,200,807.030738
-120.579562,200,807.077837
-119.636681,200,807.124271
-122.218718,200,807.1706
-241.26436,200,807.217602
-116.470476,200,807.264687
-119.552425,200,807.311975
-242.976746,200,807.358533
-0.923971,200,807.404065
-1.587477,200,807.450797
-2.687282,200,807.577778
-327.169645,200,807.624762
-123.750978,200,807.670825
-243.881306,200,807.717394
-227.956525,200,807.76448
-119.594755,200,807.809731
-119.478921,200,807.856057
-275.629448,200,807.902456
-231.108426,200,807.948506
-227.143495,200,807.994263
-124.536525,200,808.144911
-122.089692,200,808.191372
-242.294658,200,808.237364
-326.017874,200,808.283638
-118.215611,200,808.330261
-127.339539,200,808.37749
-238.26546,200,808.423694
-122.621425,200,808.47057
-117.386267,200,808.515869
-243.334956,200,808.562379
-124.640669,200,808.691298
-117.332917,200,808.738694
-122.045627,200,808.78693
-123.697682,200,808.834273
-119.288149,200,808.879797
-117.789094,200,808.926389
-120.851869,200,808.973201
-128.689039,200,809.018766
-1.446944,200,809.065632
-124.285249,200,809.112314
-124.38954,200,809.239912
-127.293847,200,809.287344
-240.33785,200,809.334995
-120.557417,200,809.381908
-335.636264,200,809.429361
-253.410045,200,809.47684
-125.052568,200,809.524635
-125.653727,200,809.572106
-126.270028,200,809.618107
-122.647836,200,809.664965
-239.539872,200,809.794184
-1.89067,200,809.842956
-117.389518,200,809.890042
-247.175273,200,809.936353
-330.404006,200,809.98376
-124.635628,200,810.029768
-3.560324,200,810.076011
-237.892964,200,810.122599
-4.477141,200,810.168943
-246.456486,200,810.214481
-316.419396,200,810.342644
-117.890047,200,810.390053
-117.196823,200,810.437782
-118.400022,200,810.484979
-235.490901,200,810.532551
-126.867215,200,810.580451
-120.269669,200,810.627037
-239.967815,200,810.673303
-118.384809,200,810.719671
-2.530851,200,810.765788
-119.120831,200,810.893451
-128.111261,200,810.940732
-124.523775,200,810.987483
-241.796935,200,811.032992
-224.403213,200,811.082577
-126.984057,200,811.129961
-243.211871,200,811.177269
-238.979059,200,811.224094
-335.030907,200,811.270947
-124.671262,200,811.317095
-127.096623,200,811.447643
-1.879618,200,811.494719
-238.191732,200,811.542175
-129.169563,200,811.589927
-364.337749,200,811.63753
-124.126007,200,811.683765
-124.44312,200,811.730159
-246.494191,200,811.778569
-117.216354,200,811.826516
-2.307693,200,811.873207
-124.897727,200,812.000012
-1.624229,200,812.046828
-127.781444,200,812.093987
-126.063118,200,812.141062
-121.762938,200,812.188171
-250.049509,200,812.233634
-242.515369,200,812.279143
-250.213001,200,812.325757
-126.475772,200,812.372258
-3.567209,200,812.41794
-122.376597,200,812.545263
-115.857939,200,812.594739
-249.512062,200,812.642229
-251.768263,200,812.68967
-230.459494,200,812.737288
-120.62986,200,812.782376
-363.08001,200,812.829291
-119.003847,200,812.874888
-245.057154,200,812.921642
-125.434749,200,812.968945
-351.958581,200,813.096134
-241.346807,200,813.144091
-123.650972,200,813.19145
-121.583831,200,813.238089
-117.08687,200,813.284831
-126.689758,200,813.331522
-232.248993,200,813.378381
-126.470128,200,813.424493
-129.063083,200,813.470757
-348.309258,200,813.518288
-129.779809,200,813.64563
-118.228847,200,813.693538
-352.458884,200,813.739461
-3.236522,200,813.786078
-116.229225,200,813.832337
-127.874243,200,813.87917
-119.852202,200,813.926397
-116.735179,200,813.973496
-124.798469,200,814.020619
-234.36929,200,814.066868
-4.298989,200,814.196768
-6.627718,200,814.244518
-121.134252,200,814.292025
-126.912353,200,814.33923
-122.970142,200,814.386326
-6.727913,200,814.432685
-127.957793,200,814.480214
-123.363935,200,814.526994
-239.003861,200,814.57619
-5.970455,200,814.623125
-123.793728,200,814.756295
-121.080667,200,814.805395
-127.225258,200,814.854527
-122.370728,200,814.902754
-125.570195,200,814.951353
-126.432009,200,814.998323
-126.302878,200,815.04576
-305.136971,200,815.093445
-346.550736,200,815.140828
-117.931905,200,815.188791
-125.319113,200,815.317897
-127.918022,200,815.365084
-240.116839,200,815.412488
-374.193369,200,815.459817
-126.334967,200,815.507856
-238.041698,200,815.554595
-129.200045,200,815.601637
-239.927843,200,815.648482
-123.501172,200,815.694987
-118.431227,200,815.741261
-121.049332,200,815.868542
-319.818744,200,815.915048
-242.348038,200,815.962236
-125.401738,200,816.009438
-231.413418,200,816.055671
-127.869101,200,816.104593
-119.115046,200,816.151077
-120.566012,200,816.197789
-237.252386,200,816.244886
-130.208984,200,816.293233
-2.95455,200,816.428357
-124.192379,200,816.476301
-253.805717,200,816.523674
-129.893438,200,816.570091
-241.017944,200,816.617993
-384.348883,200,816.664797
-313.106003,200,816.711154
-123.523726,200,816.758446
-119.390427,200,816.80521
-123.451204,200,816.851624
-127.688874,200,817.005849
-118.992154,200,817.053733
-121.308512,200,817.101362
-235.260177,200,817.147132
-124.648129,200,817.193787
-242.031826,200,817.241416
-125.307227,200,817.289339
-2.015179,200,817.33598
-233.988216,200,817.381252
-233.570146,200,817.428005
-126.324366,200,817.554573
-121.546726,200,817.602216
-126.283494,200,817.650257
-117.586366,200,817.69664
-239.248919,200,817.742604
-232.264171,200,817.791157
-235.055507,200,817.836816
-237.988083,200,817.884549
-2.863075,200,817.930554
-122.345008,200,817.976985
-346.724669,200,818.103099
-126.284463,200,818.150621
-236.570192,200,818.198274
-119.997154,200,818.244988
-118.677395,200,818.291215
-128.036454,200,818.337617
-235.153209,200,818.384079
-241.152342,200,818.430556
-124.761147,200,818.476678
-242.040696,200,818.522644
-126.304757,200,818.65025
-355.999434,200,818.697473
-119.691253,200,818.745229
-122.08236,200,818.791878
-129.381978,200,818.837414
-234.179515,200,818.883634
-358.138007,200,818.9306
-122.564255,200,818.976442
-2.824567,200,819.023498
-234.419979,200,819.068946
-126.378461,200,819.195263
-2.066262,200,819.243374
-242.048076,200,819.290375
-122.772919,200,819.337207
-121.911414,200,819.383228
-128.287039,200,819.431152
-121.070783,200,819.47585
-127.110205,200,819.522684
-117.71486,200,819.570385
-231.02282,200,819.616775
-1.579208,200,819.747559
-234.660336,200,819.795511
-118.35734,200,819.842327
-119.642532,200,819.889338
-230.7202,200,819.936127
-125.235177,200,819.983063
-117.838547,200,820.02974
-237.746459,200,820.077257
-124.451295,200,820.124536
-117.936857,200,820.171365
-118.30814,200,820.299143
-115.865117,200,820.347359
-123.13765,200,820.395103
-116.810465,200,820.444781
-254.000314,200,820.493458
-239.279021,200,820.540263
-126.53867,200,820.587593
-127.337151,200,820.636114
-127.208317,200,820.683567
-119.490489,200,820.731323
-121.198099,200,820.858821
-370.906212,200,820.906875
-2.189911,200,820.952413
-5.319086,200,820.999299
-244.535526,200,821.046131
-248.336083,200,821.095367
-124.574299,200,821.143026
-254.333148,200,821.190766
-123.879093,200,821.237292
-1.698671,200,821.284731
-117.449214,200,821.41238
-127.212667,200,821.459234
-129.184336,200,821.5064
-234.777689,200,821.553702
-126.514111,200,821.599927
-118.163709,200,821.647295
-4.549379,200,821.693634
-366.546506,200,821.741178
-118.367051,200,821.787456
-119.741079,200,821.834164
-119.777912,200,821.961397
-129.461909,200,822.008365
-131.033982,200,822.057583
-232.345067,200,822.104963
-125.221188,200,822.151515
-259.473152,200,822.198819
-238.913433,200,822.245399
-268.680823,200,822.293434
-116.735954,200,822.338909
-264.079801,200,822.384839
-125.5,200,822.514756
-124.388994,200,822.56347
-122.866868,200,822.612404
-128.170071,200,822.659586
-122.994187,200,822.706044
-117.293019,200,822.75335
-228.686156,200,822.800155
-2.828684,200,822.846957
-120.019269,200,822.893936
-4.096962,200,822.939526
-3.481481,200,823.066059
-123.162869,200,823.112832
-128.011776,200,823.16067
-126.665111,200,823.208009
-4.60076,200,823.254962
-232.338704,200,823.300729
-124.602215,200,823.346286
-248.493386,200,823.394312
-341.634128,200,823.440375
-233.467562,200,823.485976
-352.713579,200,823.614124
-225.254746,200,823.660398
-254.512504,200,823.707799
-124.42425,200,823.754595
-337.529597,200,823.800639
-126.527014,200,823.846969
-3.012812,200,823.893027
-117.125702,200,823.938838
-124.340712,200,823.984587
-6.904398,200,824.030888
-249.876604,200,824.156646
-246.208655,200,824.204077
-325.903679,200,824.251626
-242.230464,200,824.298392
-124.032018,200,824.34547
-127.829411,200,824.391914
-245.445844,200,824.437765
-130.886296,200,824.484063
-116.857607,200,824.529983
-244.524301,200,824.576951
-245.752791,200,824.704163
-247.280651,200,824.753632
-249.181613,200,824.801969
-123.730584,200,824.850087
-125.22072,200,824.89678
-126.164943,200,824.943815
-121.714691,200,824.989443
-128.951377,200,825.037111
-126.491251,200,825.083495
-239.557386,200,825.129675
-124.716638,200,825.258504
-122.59249,200,825.331548
-244.40913,200,825.38016
-250.183396,200,825.427047
-128.828328,200,825.473813
-239.275137,200,825.520201
-3.251777,200,825.567113
-126.744255,200,825.613793
-127.133673,200,825.659463
-342.96707,200,825.706031
-123.814451,200,825.833486
-127.333861,200,825.879857
-248.11415,200,825.926364
-126.21759,200,825.972582
-122.707931,200,826.019943
-2.023853,200,826.068167
-125.431194,200,826.117619
-244.592757,200,826.165261
-253.685185,200,826.213389
-122.993682,200,826.259855
-245.45649,200,826.388133
-123.787617,200,826.436236
-369.419029,200,826.482978
-126.311271,200,826.529541
-127.820309,200,826.575747
-278.603809,200,826.623025
-124.312203,200,826.669214
-118.922277,200,826.715592
-1.874278,200,826.762469
-125.027526,200,826.808819
-239.746975,200,826.936328
-120.73841,200,826.98322
-1.586346,200,827.031294
-238.688399,200,827.077071
-1.297074,200,827.124191
-373.637257,200,827.171007
-1.635548,200,827.216598
-120.60223,200,827.263107
-240.498899,200,827.308758
-360.900305,200,827.354896
-125.848031,200,827.482355
-239.754936,200,827.529368
-3.216952,200,827.576074
-3.229196,200,827.622804
-120.513006,200,827.669271
-243.30511,200,827.715673
-284.74542,200,827.762806
-233.236067,200,827.808634
-125.3131,200,827.855145
-116.229055,200,827.901798
-128.203768,200,828.031997
-124.776215,200,828.079417
-264.23643,200,828.126954
-119.871043,200,828.173493
-117.725309,200,828.21891
-119.989792,200,828.265505
-122.829178,200,828.311844
-240.760289,200,828.35865
-126.287482,200,828.40631
-238.396464,200,828.452526
-0.561123,200,828.579694
-242.918884,200,828.628059
-117.889497,200,828.675513
-235.882531,200,828.722574
-1.549362,200,828.769666
-118.907904,200,828.817197
-121.960787,200,828.863336
-120.012318,200,828.910019
-115.144347,200,828.957421
-126.327824,200,829.004712
-126.953619,200,829.13144
-245.473766,200,829.177879
-2.789087,200,829.225938
-117.746669,200,829.273715
-124.56417,200,829.32023
-258.558524,200,829.367375
-236.743654,200,829.41365
-122.39615,200,829.460024
-123.25468,200,829.507129
-240.171797,200,829.554449
-127.3088,200,829.681632
-240.271915,200,829.729192
-119.363483,200,829.778213
-117.832892,200,829.826423
-240.32091,200,829.873339
-127.356035,200,829.91962
-117.329722,200,829.966279
-117.569432,200,830.012596
-244.087594,200,830.059915
-114.09281,200,830.106984
-1.962803,200,830.234691
-124.304007,200,830.282818
-234.661738,200,830.329559
-114.120779,200,830.377483
-2.836397,200,830.424914
-127.089266,200,830.471376
-2.038912,200,830.517555
-123.110982,200,830.564006
-121.666511,200,830.610794
-119.022432,200,830.656932
-127.437063,200,830.787009
-125.472271,200,830.834705
-125.856408,200,830.882243
-123.316072,200,830.92916
-3.448229,200,830.976261
-237.1567,200,831.022192
-240.30097,200,831.069341
-126.796786,200,831.118679
-239.475232,200,831.165871
-119.379864,200,831.213385
-128.446858,200,831.341906
-250.785672,200,831.38865
-245.83035,200,831.435792
-232.21942,200,831.48327
-117.324348,200,831.529431
-123.155562,200,831.576301
-4.372436,200,831.624249
-365.239203,200,831.670849
-386.300777,200,831.717522
-124.321746,200,831.764481
-245.807091,200,831.892736
-239.732464,200,831.939933
-118.503123,200,831.987637
-2.101579,200,832.033774
-307.053996,200,832.079751
-128.083961,200,832.125233
-124.300165,200,832.172638
-127.805875,200,832.220218
-116.692131,200,832.267105
-125.385949,200,832.31325
-116.963306,200,832.439452
-128.382015,200,832.487742
-116.677083,200,832.534903
-377.056837,200,832.582448
-238.007219,200,832.629205
-356.819586,200,832.675716
-117.678818,200,832.721245
-242.535912,200,832.768525
-117.519163,200,832.815451
-129.862617,200,832.862579
-247.141405,200,832.98968
-129.470618,200,833.037999
-126.966445,200,833.085235
-119.005321,200,833.132956
-231.396773,200,833.179778
-248.013925,200,833.226834
-130.809484,200,833.273612
-128.458638,200,833.320275
-230.898502,200,833.366793
-253.466411,200,833.413978
-2.480717,200,833.543228
-247.005309,200,833.591296
-261.591507,200,833.638561
-236.49187,200,833.685581
-120.475414,200,833.732665
-125.311095,200,833.779116
-334.540732,200,833.826451
-242.744713,200,833.87331
-126.797201,200,833.920516
-118.272326,200,833.967244
-3.370063,200,834.096829
-115.019718,200,834.145563
-119.864661,200,834.193687
-123.178284,200,834.241973
-128.59869,200,834.288092
-124.282905,200,834.334732
-127.266234,200,834.381854
-126.115651,200,834.42821
-235.172369,200,834.474905
-3.884324,200,834.521158
-128.32041,200,834.672732
-372.403858,200,834.721258
-121.584311,200,834.767506
-318.51013,200,834.816609
-123.083391,200,834.864273
-233.289889,200,834.910689
-361.705922,200,834.957726
-116.374202,200,835.004264
-121.446407,200,835.051356
-3.124374,200,835.097454
-1.361933,200,835.225074
-2.816848,200,835.272676
-5.840255,200,835.320232
-259.838795,200,835.367174
-121.033696,200,835.413186
-125.722865,200,835.458744
-246.963253,200,835.506136
-128.488189,200,835.552017
-127.896485,200,835.598889
-125.25921,200,835.646318
-124.981567,200,835.773628
-118.414517,200,835.821948
-1.91242,200,835.868872
-118.154986,200,835.916602
-123.533459,200,835.963251
-127.454909,200,836.011068
-128.117818,200,836.0581
-126.330636,200,836.108019
-127.60554,200,836.156212
-231.912835,200,836.203153
-126.365786,200,836.332731
-125.541778,200,836.381283
-237.963363,200,836.429489
-125.309656,200,836.475288
-125.283424,200,836.522269
-244.531711,200,836.569084
-119.921542,200,836.615722
-120.399275,200,836.661406
-299.818521,200,836.707999
-125.653605,200,836.75524
-250.820522,200,836.883729
-227.903887,200,836.931162
-126.3113,200,836.977953
-3.143239,200,837.025627
-125.709716,200,837.072397
-121.687663,200,837.118555
-127.014058,200,837.164191
-119.412742,200,837.210152
-121.661367,200,837.256388
-4.158291,200,837.303513
-122.720851,200,837.43117
-129.66015,200,837.478474
-251.370009,200,837.525713
-352.547135,200,837.571965
-239.151312,200,837.618063
-120.429951,200,837.66481
-1.772977,200,837.711695
-117.383462,200,837.758202
-126.044136,200,837.805508
-252.966692,200,837.85134
-118.586275,200,837.979338
-128.870447,200,838.026594
-362.232078,200,838.073175
-127.237954,200,838.121039
-251.789799,200,838.166842
-240.201177,200,838.213135
-119.737107,200,838.259306
-3.395105,200,838.306076
-122.147421,200,838.352997
-243.81257,200,838.399015
-297.554136,200,838.525231
-118.857162,200,838.573551
-126.849035,200,838.620617
-233.535521,200,838.667957
-4.512918,200,838.714148
-126.789553,200,838.760832
-357.195413,200,838.807461
-120.726762,200,838.853887
-128.123146,200,838.900367
-118.819314,200,838.949135
-231.92664,200,839.079905
-236.203575,200,839.129188
-119.61222,200,839.176655
-2.444217,200,839.228424
-116.153005,200,839.276464
-2.428843,200,839.322671
-119.843677,200,839.368487
-127.284292,200,839.415087
-125.861886,200,839.46145
-243.638473,200,839.50819
-128.268882,200,839.635878
-128.581894,200,839.684696
-2.623787,200,839.731805
-119.82009,200,839.778408
-118.11393,200,839.826492
-114.932882,200,839.873009
-230.066531,200,839.920007
-121.440396,200,839.965568
-126.553537,200,840.012803
-128.583949,200,840.059349
-124.701573,200,840.188135
-121.987024,200,840.238575
-125.956643,200,840.288951
-121.26052,200,840.337211
-125.137002,200,840.384899
-347.162641,200,840.432121
-129.433401,200,840.478656
-122.822111,200,840.52423
-245.068827,200,840.571973
-124.685167,200,840.618616
-229.71882,200,840.746704
-126.638332,200,840.795078
-260.390187,200,840.842235
-337.640693,200,840.889281
-258.36261,200,840.936459
-123.507001,200,840.984231
-255.771191,200,841.032161
-2.323547,200,841.081289
-313.496599,200,841.129673
-252.078159,200,841.177316
-247.874094,200,841.305323
-337.006388,200,841.354093
-128.475852,200,841.400921
-120.262412,200,841.446987
-128.089691,200,841.493866
-233.581009,200,841.540704
-376.309793,200,841.587221
-361.26905,200,841.634598
-240.732783,200,841.682108
-133.863471,200,841.728392
-360.35734,200,841.858852
-116.578187,200,841.906334
-117.587085,200,841.952745
-353.78107,200,842.000401
-267.07662,200,842.046312
-119.539542,200,842.09301
-131.252106,200,842.141271
-246.068756,200,842.188201
-340.871988,200,842.234274
-128.177009,200,842.281492
-126.909409,200,842.408697
-233.273858,200,842.456364
-122.512142,200,842.50292
-118.06358,200,842.549107
-125.073753,200,842.595787
-129.975342,200,842.64253
-123.574989,200,842.691074
-122.916243,200,842.738089
-237.214808,200,842.784213
-247.577876,200,842.830286
-127.266345,200,842.958636
-321.145181,200,843.006685
-126.826747,200,843.054235
-119.144093,200,843.100947
-248.313179,200,843.146568
-355.215432,200,843.192097
-6.551433,200,843.238769
-3.040138,200,843.286053
-116.289967,200,843.333391
-122.310725,200,843.37959
-227.034761,200,843.507082
-128.606279,200,843.578434
-128.110307,200,843.628728
-2.671889,200,843.675346
-128.386177,200,843.723005
-126.528254,200,843.770295
-125.062701,200,843.815909
-244.20056,200,843.862485
-337.266011,200,843.908771
-2.630338,200,843.954872
-123.154923,200,844.082651
-119.457136,200,844.129983
-239.321721,200,844.177399
-125.298561,200,844.223061
-130.677466,200,844.269352
-126.503828,200,844.315066
-373.33732,200,844.362325
-124.679484,200,844.40954
-127.434757,200,844.456031
-236.064584,200,844.502019
-120.080263,200,844.635603
-2.93772,200,844.684339
-3.903919,200,844.73329
-124.912739,200,844.78165
-116.880549,200,844.830297
-127.747598,200,844.879968
-120.104186,200,844.928929
-117.231918,200,844.976691
-252.066755,200,845.023916
-246.755981,200,845.071899
-240.394569,200,845.203261
-122.237411,200,845.25187
-128.378055,200,845.300249
-238.841825,200,845.347466
-238.52211,200,845.393911
-124.037027,200,845.441306
-122.209222,200,845.488495
-0.844678,200,845.535543
-127.795164,200,845.582514
-122.471023,200,845.628856
-128.233574,200,845.756993
-2.731827,200,845.804843
-3.003889,200,845.851102
-4.543275,200,845.897087
-117.471806,200,845.94342
-302.760093,200,845.989765
-243.641235,200,846.035984
-125.268361,200,846.083967
-125.592079,200,846.133327
-123.868948,200,846.18109
-116.882091,200,846.312235
-234.236877,200,846.362738
-128.054771,200,846.414419
-1.954563,200,846.46365
-125.909853,200,846.510911
-2.710669,200,846.559399
-331.882822,200,846.60555
-244.543356,200,846.653485
-128.9507,200,846.701309
-252.610032,200,846.748753
-123.512005,200,846.877843
-127.223535,200,846.926351
-121.068516,200,846.973104
-127.593429,200,847.021046
-125.146222,200,847.068439
-121.24681,200,847.11532
-124.415943,200,847.160872
-116.884825,200,847.208282
-124.124798,200,847.255697
-1.004067,200,847.301823
-115.906095,200,847.431263
-121.323566,200,847.478724
-117.25078,200,847.525932
-244.042995,200,847.571937
-117.024166,200,847.617654
-2.924162,200,847.664605
-123.721101,200,847.711122
-240.304834,200,847.758254
-129.434864,200,847.805006
-248.9826,200,847.852146
-1.422584,200,847.979883
-251.835271,200,848.027641
-128.417561,200,848.074333
-1.209367,200,848.121351
-118.814773,200,848.169964
-1.24638,200,848.217392
-245.684582,200,848.262968
-360.211462,200,848.310176
-226.422632,200,848.356666
-2.068576,200,848.403107
-123.601931,200,848.529842
-374.455052,200,848.577182
-351.507562,200,848.623041
-1.264819,200,848.670094
-243.111602,200,848.716691
-242.610157,200,848.763836
-126.195736,200,848.811525
-123.780592,200,848.858095
-128.200461,200,848.904348
-126.705039,200,848.952083
-230.420853,200,849.079584
-243.104226,200,849.127401
-247.371741,200,849.173285
-121.146951,200,849.220912
-122.731027,200,849.2673
-128.199926,200,849.313929
-126.775129,200,849.360516
-121.836144,200,849.407786
-123.414984,200,849.453547
-116.170043,200,849.499608
-242.328711,200,849.625446
-119.302132,200,849.672103
-125.458333,200,849.719677
-347.668631,200,849.766083
-3.419214,200,849.812217
-2.478415,200,849.859564
-232.546639,200,849.907122
-123.461483,200,849.953776
-128.445684,200,849.999691
-127.577127,200,850.046012
-235.051234,200,850.175725
-1.582797,200,850.222076
-129.01979,200,850.268706
-2.107573,200,850.316008
-306.13596,200,850.363652
-115.030069,200,850.410589
-121.756917,200,850.45747
-117.765038,200,850.50374
-128.216342,200,850.550106
-119.856712,200,850.595895
-126.547839,200,850.723108
-121.537302,200,850.771717
-119.622477,200,850.81953
-355.842149,200,850.866086
-118.058844,200,850.913001
-118.374771,200,850.959298
-239.194104,200,851.00671
-1.848779,200,851.053805
-253.591576,200,851.102967
-120.951912,200,851.151122
-122.269351,200,851.279069
-119.448785,200,851.326477
-114.637093,200,851.374027
-123.714179,200,851.421172
-237.321054,200,851.467993
-122.471906,200,851.51377
-1.907588,200,851.560474
-121.309168,200,851.60686
-128.992324,200,851.655004
-123.36021,200,851.701005
-122.585058,200,851.829177
-333.506189,200,851.877347
-117.655108,200,851.924084
-341.882943,200,851.970748
-125.175328,200,852.01792
-119.767205,200,852.0638
-118.575074,200,852.110159
-124.880172,200,852.157931
-232.669901,200,852.203813
-233.552515,200,852.250887
-236.38029,200,852.378775
-233.527622,200,852.449957
-127.787913,200,852.497912
-246.921784,200,852.545255
-127.153365,200,852.59232
-122.308497,200,852.638783
-123.384579,200,852.68688
-1.603373,200,852.736503
-126.319735,200,852.783133
-2.336934,200,852.829808
-126.17105,200,852.960039
-240.087568,200,853.00683
-123.710464,200,853.054067
-115.770308,200,853.102469
-328.608284,200,853.150785
-124.133423,200,853.19937
-235.299053,200,853.246434
-1.757573,200,853.292932
-236.781835,200,853.341213
-238.084713,200,853.388327
-119.918961,200,853.516056
-115.452673,200,853.56399
-121.926651,200,853.611636
-227.538134,200,853.657769
-0.887711,200,853.70432
-122.091013,200,853.750767
-127.738135,200,853.797262
-127.930359,200,853.844194
-365.948966,200,853.889364
-487.26525,200,853.936047
-121.633375,200,854.062265
-253.096667,200,854.109045
-127.937676,200,854.156268
-4.253209,200,854.202329
-127.583721,200,854.249152
-127.050583,200,854.294903
-235.075171,200,854.340642
-244.584095,200,854.386215
-237.01495,200,854.43278
-120.416694,200,854.47877
-117.093196,200,854.606388
-121.995641,200,854.654339
-241.883061,200,854.700881
-239.2278,200,854.747784
-237.542985,200,854.794498
-341.079218,200,854.840379
-2.846202,200,854.889312
-242.488274,200,854.936661
-4.140501,200,854.98378
-125.315249,200,855.029933
-241.243948,200,855.156238
-127.99512,200,855.203911
-3.497104,200,855.25147
-254.911477,200,855.298405
-119.68703,200,855.34478
-247.48321,200,855.389788
-237.1541,200,855.436907
-4.090424,200,855.484001
-353.436148,200,855.52951
-127.082907,200,855.5756
-122.47501,200,855.706639
-232.390566,200,855.755247
-244.730612,200,855.802994
-320.208429,200,855.851193
-116.540574,200,855.898216
-2.748763,200,855.943671
-241.510148,200,855.990837
-114.808635,200,856.038088
-2.170601,200,856.087049
-350.344356,200,856.134976
-117.901426,200,856.263514
-120.294688,200,856.311453
-124.861505,200,856.358589
-119.737112,200,856.404544
-3.481645,200,856.450886
-121.602817,200,856.498473
-125.455323,200,856.546645
-119.635858,200,856.593022
-244.623056,200,856.639921
-248.930749,200,856.687114
-124.58129,200,856.815715
-348.282632,200,856.862985
-4.005396,200,856.908717
-128.686951,200,856.955665
-126.519446,200,857.002784
-129.121428,200,857.048709
-118.76188,200,857.094724
-235.165017,200,857.142595
-120.334257,200,857.189432
-127.7335,200,857.236466
-238.883337,200,857.364439
-118.637513,200,857.412325
-120.446524,200,857.459981
-3.318707,200,857.505949
-117.081678,200,857.552135
-244.415618,200,857.599672
-375.057315,200,857.646307
-3.572724,200,857.693233
-5.438568,200,857.739648
-238.430355,200,857.785922
-5.172754,200,857.914846
-118.821955,200,857.962163
-122.247592,200,858.008969
-248.629459,200,858.056078
-373.511016,200,858.103289
-126.45105,200,858.14961
-128.755906,200,858.196744
-336.306549,200,858.242808
-247.708042,200,858.289323
-239.914939,200,858.335065
-122.654713,200,858.465416
-124.45096,200,858.513338
-317.025346,200,858.560047
-121.030486,200,858.606759
-119.471158,200,858.654578
-126.719706,200,858.702876
-272.803368,200,858.749766
-124.94397,200,858.797149
-226.243844,200,858.843792
-243.156315,200,858.890289
-235.440984,200,859.01798
-123.407631,200,859.064818
-2.04172,200,859.111165
-248.649321,200,859.157626
-228.247303,200,859.20382
-233.704335,200,859.251429
-121.717565,200,859.298267
-120.680295,200,859.343221
-231.307793,200,859.389357
-243.712306,200,859.435897
-115.409662,200,859.564296
-125.542852,200,859.611301
-239.510771,200,859.659128
-126.97043,200,859.706223
-3.453935,200,859.753286
-251.90715,200,859.800597
-240.931076,200,859.847707
-234.682643,200,859.89497
-339.174273,200,859.944042
-126.30951,200,859.991634
-118.294903,200,860.118764
-2.671241,200,860.165691
-4.700546,200,860.213135
-345.72972,200,860.260209
-127.538939,200,860.307174
-345.235426,200,860.353459
-310.802149,200,860.399878
-128.162859,200,860.446899
-236.24247,200,860.493156
-126.101451,200,860.539691
-117.015638,200,860.667942
-128.515226,200,860.716181
-243.766316,200,860.76362
-1.982746,200,860.810961
-237.849147,200,860.857789
-121.490731,200,860.903611
-125.996556,200,860.949869
-130.238007,200,860.996439
-116.546724,200,861.042783
-1.733477,200,861.091386
-252.783805,200,861.223819
-115.142408,200,861.298284
-119.453117,200,861.345244
-120.231536,200,861.39211
-116.506657,200,861.438342
-241.555766,200,861.485058
-121.866444,200,861.531273
-122.222991,200,861.578086
-124.796624,200,861.624515
-3.129575,200,861.671616
-234.49003,200,861.799731
-118.277271,200,861.847933
-126.226738,200,861.894723
-2.231875,200,861.942009
-125.952625,200,861.987797
-241.08128,200,862.034328
-120.934771,200,862.080428
-124.167781,200,862.126749
-123.414829,200,862.172969
-121.805944,200,862.218663
-345.074877,200,862.347589
-255.711199,200,862.395997
-115.883053,200,862.442716
-128.978668,200,862.489842
-125.387232,200,862.536682
-234.553264,200,862.583182
-121.685631,200,862.629125
-128.179474,200,862.676191
-126.801738,200,862.722377
-239.728262,200,862.768625
-236.534801,200,862.896244
-125.69423,200,862.94293
-118.621603,200,862.990478
-238.677401,200,863.037077
-237.588804,200,863.083732
-233.979828,200,863.12909
-130.121334,200,863.175573
-127.067117,200,863.221179
-128.617619,200,863.267197
-4.478224,200,863.314703
-4.727946,200,863.441523
-128.673329,200,863.489014
-129.20493,200,863.536873
-122.17204,200,863.583294
-122.268775,200,863.630012
-241.614104,200,863.677019
-128.373132,200,863.723211
-124.025631,200,863.769639
-125.431132,200,863.817409
-119.807077,200,863.863642
-119.47533,200,863.992911
-238.842834,200,864.039916
-237.769065,200,864.086773
-124.909146,200,864.132468
-119.277596,200,864.178959
-128.66714,200,864.226359
-124.541896,200,864.27353
-120.367351,200,864.320807
-120.305393,200,864.367882
-120.824638,200,864.413893
-231.513528,200,864.53987
-2.780213,200,864.587534
-237.90763,200,864.634609
-125.622347,200,864.680986
-2.910784,200,864.727334
-128.893325,200,864.774239
-243.66868,200,864.821573
-245.028432,200,864.86851
-124.522174,200,864.914892
-3.915194,200,864.961919
-122.207903,200,865.087357
-237.459846,200,865.13534
-184.599582,200,865.182933
-325.921783,200,865.229426
-118.183621,200,865.274535
-122.105732,200,865.320186
-119.977758,200,865.367179
-230.969468,200,865.41434
-3.773854,200,865.460812
-121.509219,200,865.507257
-124.905121,200,865.634117
-240.136077,200,865.682697
-125.681554,200,865.728937
-121.140279,200,865.775566
-243.336905,200,865.821978
-296.680114,200,865.868279
-231.358891,200,865.914244
-230.277734,200,865.959642
-235.548854,200,866.006624
-128.908101,200,866.052107
-124.980418,200,866.179644
-126.645281,200,866.226591
-118.930113,200,866.273938
-124.528932,200,866.321405
-124.591919,200,866.368659
-241.560231,200,866.4154
-123.020476,200,866.46133
-3.06404,200,866.507223
-2.312626,200,866.553626
-120.907393,200,866.598797
-3.584999,200,866.729302
-127.229438,200,866.776629
-126.182773,200,866.823681
-128.559067,200,866.870935
-115.968246,200,866.917405
-250.229207,200,866.964228
-339.800547,200,867.011446
-239.60721,200,867.057865
-121.885044,200,867.104506
-122.534934,200,867.151213
-386.775223,200,867.279688
-128.597595,200,867.327845
-3.143967,200,867.374195
-238.135473,200,867.42154
-128.328402,200,867.468754
-124.373806,200,867.516098
-127.265153,200,867.56325
-233.888077,200,867.609752
-118.436237,200,867.656317
-124.849436,200,867.704502
-1.679988,200,867.832137
-342.514228,200,867.879881
-336.858781,200,867.927061
-127.33703,200,867.973202
-239.924737,200,868.020226
-2.336116,200,868.067037
-116.836663,200,868.113505
-348.006801,200,868.160099
-127.53092,200,868.207085
-127.171235,200,868.253841
-257.790555,200,868.381312
-126.290408,200,868.429706
-260.545548,200,868.477606
-241.398721,200,868.524522
-229.151177,200,868.57138
-124.278462,200,868.618771
-248.431942,200,868.665696
-248.677979,200,868.71281
-124.781312,200,868.758359
-237.089848,200,868.80512
-1.420025,200,868.934104
-118.57879,200,868.982121
-2.959478,200,869.028748
-119.050187,200,869.075358
-125.108388,200,869.122973
-5.019301,200,869.169955
-119.417247,200,869.217502
-123.89343,200,869.263246
-125.603815,200,869.310822
-120.920114,200,869.357299
-5.159485,200,869.487167
-120.688089,200,869.534179
-119.714654,200,869.580943
-235.10314,200,869.627518
-128.378087,200,869.674922
-121.606488,200,869.722088
-118.810063,200,869.76865
-2.0146,200,869.815295
-121.308095,200,869.861996
-119.089865,200,869.908318
-233.48246,200,870.03813
-115.584724,200,870.109896
-125.71147,200,870.15818
-125.691538,200,870.205847
-126.969959,200,870.252889
-277.829165,200,870.299551
-121.839884,200,870.3462
-247.191829,200,870.393038
-121.313549,200,870.439923
-126.215498,200,870.486307
-127.723436,200,870.615575
-118.827279,200,870.663535
-242.749302,200,870.711319
-244.569528,200,870.758193
-1.174074,200,870.805447
-239.569867,200,870.852534
-126.035955,200,870.89816
-244.636267,200,870.944921
-251.18046,200,870.991008
-126.328183,200,871.037871
-125.11812,200,871.168763
-310.162954,200,871.216979
-237.475786,200,871.263427
-2.670108,200,871.311299
-124.870003,200,871.358838
-122.028035,200,871.405531
-117.775181,200,871.453413
-120.344246,200,871.500275
-119.409948,200,871.546998
-229.762427,200,871.594666
-115.023159,200,871.723637
-128.228422,200,871.771942
-118.996883,200,871.820713
-116.122648,200,871.867418
-116.484372,200,871.914559
-329.252715,200,871.960695
-128.41429,200,872.007263
-126.748304,200,872.054181
-128.838235,200,872.099933
-125.412217,200,872.145818
-228.210054,200,872.27748
-128.995163,200,872.325259
-122.602548,200,872.371958
-127.204866,200,872.419885
-123.969763,200,872.466982
-118.311119,200,872.513614
-114.831505,200,872.56082
-128.587365,200,872.608003
-116.165106,200,872.654436
-118.520307,200,872.701921
-244.397418,200,872.829461
-128.887354,200,872.877313
-239.50208,200,872.924064
-239.016172,200,872.970055
-243.043964,200,873.016018
-116.408314,200,873.06303
-252.247677,200,873.109253
-127.372044,200,873.155887
-315.602755,200,873.201537
-353.055674,200,873.248686
-122.541483,200,873.376452
-230.056623,200,873.42381
-124.12768,200,873.471614
-2.966155,200,873.519453
-2.526129,200,873.56689
-237.456961,200,873.612959
-128.431041,200,873.659861
-231.576421,200,873.70736
-239.757442,200,873.753711
-124.990379,200,873.80155
-126.52728,200,873.9279
-233.161074,200,873.975806
-3.708708,200,874.02231
-125.433348,200,874.068754
-244.628423,200,874.114608
-244.017455,200,874.160666
-365.484308,200,874.207382
-125.562309,200,874.254241
-3.998372,200,874.302864
-247.213229,200,874.348985
-236.432671,200,874.476218
-119.306579,200,874.524286
-240.77185,200,874.572597
-248.597414,200,874.620805
-6.644608,200,874.668292
-127.970706,200,874.715875
-119.440726,200,874.763736
-1.030402,200,874.81208
-361.260385,200,874.85945
-243.020349,200,874.906819
-124.18068,200,875.040391
-124.601119,200,875.088791
-231.266885,200,875.136327
-127.799379,200,875.183344
-230.850326,200,875.231042
-124.131437,200,875.277501
-2.422851,200,875.324085
-126.860004,200,875.370378
-243.880862,200,875.417176
-287.651333,200,875.462951
-124.204248,200,875.591041
-116.422294,200,875.639239
-119.753564,200,875.686026
-242.96807,200,875.7324
-123.755161,200,875.779395
-228.196509,200,875.825745
-119.964147,200,875.872618
-117.046057,200,875.918529
-127.489201,200,875.964596
-250.714938,200,876.009747
-125.545138,200,876.139447
-123.972794,200,876.188061
-3.445165,200,876.235415
-6.733322,200,876.283642
-125.004485,200,876.332665
-234.022888,200,876.3832
-245.281576,200,876.43289
-115.396216,200,876.47975
-126.425044,200,876.527683
-239.045928,200,876.57519
-222.422069,200,876.702723
-119.232346,200,876.751292
-271.094465,200,876.798086
-236.303385,200,876.844739
-3.456646,200,876.892457
-120.013395,200,876.93871
-116.901427,200,876.985282
-120.714559,200,877.032119
-252.083753,200,877.077962
-374.584843,200,877.124243
-121.760508,200,877.252102
-234.951321,200,877.301025
-3.313941,200,877.348391
-116.940036,200,877.395084
-236.26821,200,877.441945
-124.017673,200,877.488404
-126.437256,200,877.536011
-126.378091,200,877.583012
-128.938438,200,877.629669
-3.525677,200,877.674001
-115.93146,200,877.806091
-115.506732,200,877.880023
-4.104038,200,877.928627
-232.52686,200,877.976149
-237.300035,200,878.023173
-235.072131,200,878.069247
-2.239182,200,878.11707
-118.752604,200,878.16388
-122.208139,200,878.210066
-240.298752,200,878.257435
-125.107466,200,878.386528
-117.027397,200,878.434065
-236.013973,200,878.480623
-126.341368,200,878.527004
-119.732719,200,878.573931
-241.479933,200,878.620277
-2.693026,200,878.667559
-250.016512,200,878.715277
-3.769575,200,878.760755
-1.04794,200,878.808561
-241.75619,200,878.935948
-127.986221,200,878.984001
-2.96086,200,879.031175
-125.145957,200,879.078392
-125.971228,200,879.124494
-1.962018,200,879.171666
-239.606271,200,879.218389
-3.325449,200,879.265245
-118.58085,200,879.311228
-115.968605,200,879.357169
-239.71792,200,879.483848
-246.987251,200,879.530883
-124.42757,200,879.578395
-1.446492,200,879.625717
-244.915646,200,879.672357
-122.147929,200,879.720151
-125.109076,200,879.767392
-235.926404,200,879.815649
-126.168742,200,879.862366
-232.777499,200,879.909282
-3.862524,200,880.037924
-121.604243,200,880.08511
-359.716388,200,880.132495
-123.734464,200,880.179234
-2.643336,200,880.225878
-123.256261,200,880.272422
-126.887807,200,880.319146
-231.038604,200,880.36551
-1.004714,200,880.41235
-382.284717,200,880.45959
-233.015261,200,880.589713
-126.104958,200,880.637573
-3.021372,200,880.685258
-235.078989,200,880.732167
-123.546953,200,880.77876
-255.976552,200,880.825342
-119.237132,200,880.871933
-264.256192,200,880.918876
-233.567299,200,880.965179
-4.223202,200,881.011117
-127.425411,200,881.142358
-241.229137,200,881.190117
-242.38801,200,881.237774
-236.010437,200,881.283751
-237.172291,200,881.330117
-126.370353,200,881.377632
-4.449942,200,881.423584
-337.138928,200,881.470907
-235.403681,200,881.51804
-5.618159,200,881.564589
-127.41371,200,881.693125
-117.984827,200,881.740836
-244.343859,200,881.788759
-118.724263,200,881.836848
-126.259697,200,881.883494
-121.485912,200,881.93222
-127.934061,200,881.982384
-120.21439,200,882.030413
-237.936825,200,882.07721
-2.106404,200,882.123421
-126.268007,200,882.251655
-310.478992,200,882.300066
-120.706179,200,882.346323
-359.828463,200,882.392503
-240.093067,200,882.439084
-123.385673,200,882.48545
-1.295316,200,882.532477
-230.311456,200,882.580068
-121.471744,200,882.62588
-253.088218,200,882.67124
-306.788083,200,882.799654
-123.197572,200,882.848601
-2.735047,200,882.895592
-1.845748,200,882.942221
-235.809889,200,882.988392
-250.913292,200,883.035054
-120.508064,200,883.081798
-121.841112,200,883.12859
-4.139349,200,883.175431
-240.781396,200,883.222287
-126.095215,200,883.353518
-244.888808,200,883.401748
-234.450825,200,883.448116
-132.504013,200,883.494088
-116.302023,200,883.540154
-316.712261,200,883.586647
-3.367267,200,883.633336
-120.151671,200,883.681947
-3.212439,200,883.728702
-123.817207,200,883.775692
-387.625652,200,883.905354
-232.550442,200,883.953603
-309.323878,200,884.000247
-246.242171,200,884.047177
-249.77907,200,884.093821
-128.629779,200,884.14275
-5.633758,200,884.19315
-132.373034,200,884.240071
-127.293804,200,884.286044
-238.055195,200,884.334096
-121.872227,200,884.463256
-123.217264,200,884.511503
-246.215838,200,884.558651
-119.055839,200,884.605546
-127.178564,200,884.65191
-118.004829,200,884.699725
-235.248779,200,884.74704
-127.124748,200,884.795278
-127.784537,200,884.841669
-3.906512,200,884.88851
-248.377847,200,885.016942
-2.508926,200,885.066878
-243.984371,200,885.113707
-237.171967,200,885.160351
-238.300651,200,885.208218
-120.54955,200,885.25486
-120.169866,200,885.302036
-123.111793,200,885.349047
-127.595658,200,885.394824
-127.205222,200,885.442225
-122.423166,200,885.569407
-127.386636,200,885.61557
-243.184345,200,885.664425
-288.915173,200,885.711718
-235.885861,200,885.758066
-116.488072,200,885.804792
-6.373705,200,885.850595
-302.934372,200,885.897201
-123.535531,200,885.943502
-126.263463,200,885.990207
-124.097994,200,886.122505
-334.999009,200,886.172459
-116.90918,200,886.220006
-129.097675,200,886.266828
-118.354385,200,886.31339
-120.236752,200,886.360416
-125.299856,200,886.406125
-241.024173,200,886.453487
-243.472696,200,886.499019
-122.83811,200,886.545757
-118.160406,200,886.672614
-124.79682,200,886.741848
-121.033263,200,886.792717
-124.013737,200,886.840311
-244.452498,200,886.886582
-125.980226,200,886.932816
-118.424593,200,886.979139
-124.091554,200,887.026206
-117.997422,200,887.072574
-241.172526,200,887.118647
-122.677025,200,887.246058
-123.507508,200,887.293241
-124.040613,200,887.34024
-370.619115,200,887.388222
-127.674242,200,887.435119
-3.037742,200,887.482033
-125.011869,200,887.529215
-119.113773,200,887.576431
-233.424402,200,887.623278
-122.691208,200,887.668914
-121.467395,200,887.79898
-125.942709,200,887.847035
-124.22248,200,887.89384
-230.866093,200,887.94078
-229.661143,200,887.986919
-127.512879,200,888.033066
-240.824136,200,888.080438
-239.753682,200,888.127282
-254.893397,200,888.173429
-126.052696,200,888.219646
-116.700335,200,888.346715
-123.035303,200,888.393865
-253.836003,200,888.440902
-127.744809,200,888.487476
-1.878272,200,888.533378
-270.171412,200,888.579598
-124.484385,200,888.62686
-237.068675,200,888.672031
-235.510776,200,888.71999
-1.112142,200,888.76595
-381.158185,200,888.895914
-239.995308,200,888.942996
-122.649325,200,888.989157
-123.046923,200,889.037021
-118.891017,200,889.083099
-350.190995,200,889.129763
-119.89968,200,889.175997
-122.963748,200,889.223452
-233.046502,200,889.270047
-266.168554,200,889.31651
-121.409785,200,889.445024
-2.041125,200,889.49068
-0.919385,200,889.537959
-243.805973,200,889.584634
-242.465812,200,889.63094
-122.2479,200,889.676904
-236.500546,200,889.725221
-1.282177,200,889.773608
-117.722272,200,889.819333
-347.680514,200,889.866116
-127.864946,200,889.992841
-119.374383,200,890.041813
-128.120216,200,890.089771
-244.137842,200,890.135736
-119.09623,200,890.181856
-124.317792,200,890.227524
-346.901118,200,890.273637
-115.541647,200,890.321015
-1.412017,200,890.367787
-119.676267,200,890.414968
-275.658109,200,890.542365
-335.560382,200,890.589606
-350.643276,200,890.63702
-122.475739,200,890.68393
-301.651129,200,890.730419
-236.658947,200,890.777094
-244.89695,200,890.824596
-243.502866,200,890.871787
-240.711415,200,890.918202
-126.171846,200,890.96431
-117.226137,200,891.091894
-391.529547,200,891.141926
-125.596179,200,891.188231
-127.124353,200,891.234555
-126.677378,200,891.280856
-2.429486,200,891.326692
-305.566536,200,891.37273
-235.961356,200,891.419033
-258.50184,200,891.466525
-238.009667,200,891.511685
-127.131938,200,891.641125
-122.479975,200,891.688873
-1.975037,200,891.736337
-120.398443,200,891.784067
-241.388357,200,891.830726
-3.110141,200,891.877335
-129.132418,200,891.923176
-123.028621,200,891.969924
-229.778306,200,892.017158
-126.752685,200,892.063509
-126.936846,200,892.191667
-6.714638,200,892.238835
-126.940908,200,892.28794
-127.840451,200,892.335159
-255.605445,200,892.381814
-120.73996,200,892.426768
-1.196698,200,892.473943
-3.142116,200,892.519846
-2.266945,200,892.56574
-326.620251,200,892.612159
-245.794089,200,892.738974
-122.827265,200,892.787528
-338.985971,200,892.83492
-233.500849,200,892.881999
-2.450259,200,892.929817
-330.929608,200,892.975416
-117.472441,200,893.023301
-1.907092,200,893.070094
-123.788212,200,893.116525
-127.613876,200,893.162466
-233.778216,200,893.291404
-332.055985,200,893.339949
-118.984478,200,893.387985
-236.866056,200,893.433617
-243.345264,200,893.480987
-122.213785,200,893.526697
-128.647481,200,893.573348
-121.708022,200,893.620547
-269.641977,200,893.667744
-126.112162,200,893.71511
-116.488152,200,893.842255
-3.680459,200,893.889887
-238.933371,200,893.936066
-124.523007,200,893.982709
-313.790416,200,894.028819
-129.679209,200,894.07447
-132.247514,200,894.121185
-130.051062,200,894.167927
-257.170213,200,894.214887
-330.687955,200,894.260629
-121.2111,200,894.390204
-127.062979,200,894.437168
-243.894254,200,894.483871
-125.315555,200,894.530967
-119.824892,200,894.577699
-295.594446,200,894.623886
-119.207584,200,894.669797
-129.785675,200,894.716983
-126.304883,200,894.763431
-122.443766,200,894.810391
-238.805745,200,894.93776
-122.564907,200,894.986202
-131.643497,200,895.03292
-122.194337,200,895.080912
-123.32994,200,895.127323
-123.118703,200,895.174186
-3.283056,200,895.220836
-5.373804,200,895.267862
-7.944156,200,895.314513
-243.420637,200,895.361613
-333.293699,200,895.488992
-251.855203,200,895.560094
-247.285697,200,895.60848
-130.449145,200,895.655201
-134.462592,200,895.701986
-128.576758,200,895.74907
-127.702638,200,895.795864
-122.700819,200,895.841339
-364.397918,200,895.888025
-130.020881,200,895.933759
-121.11498,200,896.059499
-124.580651,200,896.110151
-124.977677,200,896.159506
-238.998933,200,896.205668
-127.83822,200,896.253074
-127.547302,200,896.301231
-4.157997,200,896.347199
-9.422763,200,896.394522
-131.335412,200,896.441264
-228.831652,200,896.487445
-128.688304,200,896.615079
-6.394838,200,896.661381
-118.774667,200,896.707809
-123.612262,200,896.754788
-130.762902,200,896.801306
-254.259958,200,896.848515
-128.135737,200,896.895032
-3.166923,200,896.941322
-6.414498,200,896.986955
-127.360314,200,897.033572
-122.859383,200,897.161706
-235.157215,200,897.20982
-235.165357,200,897.257379
-115.910161,200,897.304674
-124.881357,200,897.351952
-116.74941,200,897.399565
-122.736794,200,897.447148
-3.272994,200,897.494278
-336.105928,200,897.540432
-123.066317,200,897.587207
-121.582443,200,897.713698
-346.62349,200,897.762027
-1.911582,200,897.81061
-117.945864,200,897.857811
-1.007417,200,897.904645
-128.803311,200,897.951824
-123.41647,200,897.998344
-121.754336,200,898.046032
-123.06989,200,898.093027
-233.263992,200,898.13991
-116.125894,200,898.266134
-242.172298,200,898.312761
-354.208921,200,898.360248
-121.350308,200,898.407487
-119.241224,200,898.453177
-128.077237,200,898.499249
-338.365858,200,898.544957
-127.850408,200,898.591102
-8.266825,200,898.638416
-125.684884,200,898.684169
-359.543276,200,898.812197
-121.436861,200,898.859651
-3.512307,200,898.906627
-128.182008,200,898.953046
-125.31838,200,898.999192
-239.348381,200,899.046658
-130.746915,200,899.092764
-127.429841,200,899.139389
-123.940328,200,899.186134
-119.045364,200,899.232458
-126.106479,200,899.360953
-240.398821,200,899.409031
-126.067667,200,899.457098
-245.819301,200,899.504134
-126.495002,200,899.551184
-120.321533,200,899.59739
-340.453806,200,899.645051
-124.878062,200,899.691235
-252.440424,200,899.73886
-124.806936,200,899.786661
-345.104356,200,899.916508
-236.670638,200,899.964453
-126.961022,200,900.012832
-301.770178,200,900.059783
-238.786485,200,900.107653
-126.917602,200,900.154976
-122.54172,200,900.201171
-3.985564,200,900.249167
-239.593623,200,900.296683
-116.380334,200,900.34287
-249.422595,200,900.470429
-127.256726,200,900.517061
-132.49694,200,900.563516
-127.115805,200,900.609256
-376.691311,200,900.654728
-127.298593,200,900.702367
-128.095407,200,900.749976
-124.51571,200,900.797119
-124.549396,200,900.843783
-247.01248,200,900.891295
-124.328574,200,901.017989
-249.712695,200,901.065266
-6.185417,200,901.114346
-126.306057,200,901.163708
-119.026173,200,901.209992
-128.09613,200,901.25648
-115.680858,200,901.303602
-122.745251,200,901.350133
-229.023594,200,901.397226
-231.49942,200,901.444571
-127.102926,200,901.572965
-251.108532,200,901.619805
-116.51775,200,901.666421
-3.450614,200,901.71305
-365.625025,200,901.759139
-2.233228,200,901.806114
-257.937362,200,901.852428
-123.264761,200,901.899685
-124.852796,200,901.945844
-119.349392,200,901.992522
-363.492,200,902.120917
-115.628655,200,902.169
-129.737995,200,902.215716
-128.347266,200,902.262955
-127.053425,200,902.309969
-5.507051,200,902.356047
-121.16968,200,902.402538
-4.072826,200,902.449768
-3.893529,200,902.496275
-229.371337,200,902.542722
-119.016126,200,902.671765
-256.531845,200,902.719081
-240.963686,200,902.765503
-3.907333,200,902.813148
-128.159015,200,902.860345
-371.458808,200,902.907572
-2.511345,200,902.953986
-227.147813,200,903.000251
-127.195424,200,903.047095
-120.764447,200,903.093691
-228.023162,200,903.222266
-269.271104,200,903.270553
-122.595905,200,903.318407
-125.765774,200,903.364327
-122.238438,200,903.41094
-234.257419,200,903.457651
-127.134724,200,903.504898
-125.390151,200,903.551869
-281.513534,200,903.598013
-117.205752,200,903.644582
-240.505768,200,903.772133
-121.553651,200,903.819752
-127.009621,200,903.866656
-126.186307,200,903.913646
-124.200827,200,903.960431
-370.434527,200,904.008236
-118.175213,200,904.055115
-127.362207,200,904.101019
-359.745477,200,904.147964
-2.447519,200,904.193819
-382.302315,200,904.320249
-371.032263,200,904.368257
-128.498345,200,904.415785
-116.757678,200,904.461806
-237.39343,200,904.509008
-124.888741,200,904.557536
-233.648609,200,904.605345
-128.320528,200,904.653301
-241.674225,200,904.700159
-124.704463,200,904.778938
-349.795351,200,904.910792
-120.220772,200,904.960133
-129.781387,200,905.008374
-4.766016,200,905.055556
-123.281628,200,905.102732
-124.471949,200,905.151051
-125.480141,200,905.198444
-365.748826,200,905.248394
-366.742773,200,905.295564
-242.64682,200,905.342074
-239.834473,200,905.470477
-123.571358,200,905.517883
-3.596722,200,905.564623
-129.246725,200,905.611388
-236.7463,200,905.658512
-126.665669,200,905.705738
-236.080056,200,905.754708
-2.964457,200,905.803292
-122.235012,200,905.849913
-124.005394,200,905.895981
-125.922451,200,906.023741
-312.363554,200,906.072752
-238.357893,200,906.121708
-246.936938,200,906.169137
-247.81231,200,906.21574
-123.27152,200,906.261939
-234.097634,200,906.309239
-3.204403,200,906.357573
-123.398926,200,906.408264
-125.287396,200,906.455891
-122.64743,200,906.582704
-126.538636,200,906.629819
-118.001388,200,906.676362
-253.671918,200,906.722907
-243.684598,200,906.769794
-253.127815,200,906.816065
-233.015189,200,906.861915
-124.407942,200,906.907666
-224.4495,200,906.953546
-128.04797,200,906.999797
-247.363371,200,907.125816
-119.224772,200,907.173704
-128.221687,200,907.220447
-121.712325,200,907.266985
-376.37547,200,907.313465
-123.376118,200,907.359252
-125.658051,200,907.40556
-238.287918,200,907.451659
-331.98913,200,907.497436
-122.007811,200,907.543693
-117.396447,200,907.669613
-232.507389,200,907.716892
-127.91318,200,907.763736
-125.221007,200,907.810958
-238.2426,200,907.857691
-3.890629,200,907.903873
-127.961214,200,907.949139
-3.799926,200,907.995289
-120.817028,200,908.041362
-120.467966,200,908.087631
-253.614924,200,908.216572
-127.240235,200,908.264566
-241.358497,200,908.312433
-127.702457,200,908.358199
-3.11525,200,908.405142
-224.794947,200,908.451016
-6.159631,200,908.497735
-128.994705,200,908.544686
-119.421585,200,908.590717
-230.996329,200,908.637493
-130.323428,200,908.764727
-124.186387,200,908.812936
-5.493436,200,908.860247
-353.732863,200,908.907987
-122.428317,200,908.955024
-237.584031,200,909.00107
-126.052556,200,909.047031
-119.843568,200,909.092896
-240.706536,200,909.139059
-126.632049,200,909.184002
-117.092174,200,909.310067
-126.008708,200,909.357217
-246.960147,200,909.404077
-122.214716,200,909.451241
-128.472908,200,909.49737
-127.127945,200,909.543105
-119.624424,200,909.588525
-120.209482,200,909.634663
-125.504607,200,909.681449
-241.715178,200,909.72779
-238.636321,200,909.855078
-4.156852,200,909.902163
-116.599681,200,909.948864
-124.097654,200,909.995613
-117.967246,200,910.042056
-128.861905,200,910.089938
-273.92726,200,910.136748
-118.293624,200,910.184404
-4.390742,200,910.2303
-124.063292,200,910.275376
-117.92137,200,910.402013
-241.9538,200,910.450086
-122.593262,200,910.497713
-120.287697,200,910.54523
-115.513693,200,910.592416
-242.735943,200,910.638577
-121.708639,200,910.685963
-126.027504,200,910.732504
-352.829269,200,910.780119
-128.738147,200,910.826515
-121.687028,200,910.956948
-121.003892,200,911.006234
-249.004326,200,911.054493
-241.512988,200,911.101539
-125.689666,200,911.151041
-329.271083,200,911.196921
-120.408554,200,911.243211
-369.303093,200,911.29095
-117.435122,200,911.337969
-119.764255,200,911.384315
-126.980971,200,911.510014
-365.165519,200,911.558101
-117.34299,200,911.605432
-117.228463,200,911.652593
-126.283592,200,911.699804
-127.199702,200,911.74797
-233.81237,200,911.794063
-121.321645,200,911.840438
-120.175844,200,911.887002
-261.076386,200,911.932729
-126.957701,200,912.059486
-128.49379,200,912.106975
-127.99219,200,912.154161
-238.996518,200,912.201085
-254.228196,200,912.247158
-245.069757,200,912.293609
-126.897493,200,912.338955
-235.644343,200,912.385094
-114.688984,200,912.431435
-122.596322,200,912.47712
-241.013551,200,912.603491
-233.124938,200,912.651483
-121.35231,200,912.698348
-369.344874,200,912.745487
-126.180714,200,912.792305
-247.811824,200,912.838377
-120.321823,200,912.884618
-123.446176,200,912.932939
-119.91309,200,912.978846
-239.399303,200,913.024175
-118.429033,200,913.152078
-123.288666,200,913.199348
-124.992293,200,913.246693
-117.247575,200,913.29337
-6.862159,200,913.340256
-235.971013,200,913.386321
-4.759667,200,913.433734
-118.950966,200,913.481053
-119.355445,200,913.526728
-3.141316,200,913.573246
-118.520011,200,913.726978
-239.902422,200,913.776491
-126.261482,200,913.824146
-126.579254,200,913.87131
-126.109205,200,913.918186
-4.367546,200,913.965097
-241.585922,200,914.012289
-126.60217,200,914.058195
-233.734829,200,914.10546
-236.776408,200,914.153068
-231.313168,200,914.281339
-123.238573,200,914.328761
-358.427824,200,914.377045
-233.423285,200,914.423946
-4.584517,200,914.4711
-1.971027,200,914.517986
-236.825689,200,914.565575
-127.830762,200,914.612487
-127.871656,200,914.660805
-127.462762,200,914.707154
-335.033756,200,914.833945
-4.173864,200,914.882434
-230.059748,200,914.930387
-116.849004,200,914.977583
-329.940452,200,915.024641
-327.506087,200,915.072068
-121.992216,200,915.119838
-122.940008,200,915.167078
-126.728226,200,915.215465
-1.550308,200,915.262369
-129.376944,200,915.389633
-117.477008,200,915.438295
-121.147228,200,915.485716
-127.282555,200,915.532122
-117.688594,200,915.578793
-123.677433,200,915.625593
-126.343592,200,915.671529
-122.796499,200,915.717949
-240.824891,200,915.765568
-125.627915,200,915.81182
-124.554614,200,915.939496
-123.045555,200,915.986529
-123.768531,200,916.033135
-326.317802,200,916.079226
-1.349699,200,916.128569
-237.046544,200,916.177344
-123.451624,200,916.224608
-1.95765,200,916.270762
-233.004125,200,916.317003
-125.994885,200,916.363143
-118.447058,200,916.492605
-124.836264,200,916.539757
-123.349305,200,916.586691
-127.69641,200,916.633015
-127.202764,200,916.678998
-124.957392,200,916.725831
-243.894151,200,916.772731
-389.499887,200,916.82052
-1.030154,200,916.867426
-122.135369,200,916.914621
-121.335516,200,917.041613
-255.160518,200,917.088666
-306.41674,200,917.135502
-239.138332,200,917.182212
-3.581799,200,917.228551
-119.845232,200,917.27594
-245.506858,200,917.322366
-119.249697,200,917.368962
-124.53821,200,917.415236
-122.769547,200,917.461803
-127.122816,200,917.587495
-232.116963,200,917.635362
-245.663279,200,917.682593
-241.321369,200,917.728349
-2.652744,200,917.775068
-366.308616,200,917.823589
-118.589898,200,917.870735
-117.510178,200,917.917454
-243.958588,200,917.964166
-121.121783,200,918.01045
-121.064752,200,918.135602
-247.836392,200,918.182456
-124.923325,200,918.229921
-120.407414,200,918.276628
-127.91833,200,918.322722
-126.493804,200,918.370156
-2.503021,200,918.416309
-120.469685,200,918.463722
-375.731122,200,918.51044
-123.481346,200,918.555983
-124.048991,200,918.683485
-123.437005,200,918.730233
-122.916345,200,918.778805
-120.105887,200,918.82552
-127.078478,200,918.871953
-123.626851,200,918.917817
-126.625839,200,918.963853
-353.406132,200,919.009933
-3.42878,200,919.056576
-124.993501,200,919.101747
-1.405062,200,919.231075
-244.085516,200,919.279657
-235.883876,200,919.326869
-315.957757,200,919.37387
-240.618901,200,919.420617
-118.569264,200,919.468474
-126.480865,200,919.515038
-122.760378,200,919.561455
-119.621357,200,919.607371
-121.383699,200,919.653732
-359.127139,200,919.782597
-251.600019,200,919.830665
-257.270526,200,919.877688
-245.059847,200,919.92532
-118.652193,200,919.971693
-3.407659,200,920.017803
-118.678862,200,920.064075
-1.29868,200,920.110458
-120.40231,200,920.156119
-236.301908,200,920.204123
-126.642188,200,920.331339
-122.353482,200,920.378134
-118.585319,200,920.42597
-123.396779,200,920.470951
-126.012172,200,920.518444
-232.238792,200,920.564777
-117.866112,200,920.611939
-121.645067,200,920.658403
-116.290882,200,920.704411
-341.693272,200,920.750038
-127.365214,200,920.877095
-3.084858,200,920.923934
-117.574361,200,920.971151
-124.950959,200,921.017422
-116.563027,200,921.063452
-340.469505,200,921.110743
-234.12749,200,921.159457
-114.636302,200,921.20543
-241.162096,200,921.252142
-237.33703,200,921.297907
-2.774976,200,921.425593
-229.838663,200,921.473993
-128.049421,200,921.521291
-127.159226,200,921.568121
-1.3223,200,921.614326
-231.812224,200,921.660347
-363.789262,200,921.707724
-123.19906,200,921.753969
-119.421473,200,921.802011
-227.553753,200,921.848592
-118.67612,200,921.977633
-239.783328,200,922.025253
-116.130694,200,922.071688
-120.106855,200,922.118745
-121.293886,200,922.164905
-2.035107,200,922.211594
-2.186122,200,922.257507
-126.271312,200,922.304703
-116.591808,200,922.352428
-126.398328,200,922.399346
-2.630311,200,922.525258
-3.670665,200,922.598641
-127.885572,200,922.646438
-349.393527,200,922.692448
-119.797126,200,922.738073
-344.321196,200,922.784706
-125.687067,200,922.831104
-247.146201,200,922.879689
-231.403885,200,922.927107
-233.700162,200,922.973411
-379.789038,200,923.109282
-2.049514,200,923.157041
-124.25273,200,923.20487
-124.684897,200,923.25239
-241.676154,200,923.300292
-235.153246,200,923.347211
-119.892446,200,923.392611
-364.187484,200,923.438211
-238.321515,200,923.485023
-258.092317,200,923.532626
-242.485899,200,923.659854
-127.355223,200,923.707313
-124.172742,200,923.753723
-240.776803,200,923.800803
-233.290104,200,923.847428
-122.465496,200,923.893395
-124.14357,200,923.940258
-124.024145,200,923.987258
-123.05186,200,924.033365
-114.766052,200,924.079672
-120.747519,200,924.207284
-120.724103,200,924.255263
-235.063517,200,924.302455
-120.080889,200,924.348662
-118.379878,200,924.394828
-123.92572,200,924.441525
-247.545872,200,924.487488
-116.816268,200,924.534257
-127.760894,200,924.580577
-120.149053,200,924.626202
-355.117327,200,924.75496
-123.589352,200,924.803069
-125.897181,200,924.849449
-122.285066,200,924.896373
-120.746992,200,924.943688
-2.975937,200,924.990614
-237.650135,200,925.037024
-125.258016,200,925.084263
-351.000979,200,925.130781
-125.541189,200,925.177878
-126.084717,200,925.30701
-242.878076,200,925.354914
-249.766491,200,925.40172
-240.32184,200,925.448713
-118.936452,200,925.495834
-0.647573,200,925.542118
-117.479217,200,925.588002
-259.095369,200,925.63506
-127.9116,200,925.680941
-258.797382,200,925.727665
-3.277717,200,925.855768
-239.110547,200,925.90317
-3.914933,200,925.950135
-121.437125,200,925.997011
-239.749707,200,926.042989
-245.894949,200,926.089624
-126.017129,200,926.138839
-3.111034,200,926.185508
-123.918963,200,926.232437
-120.245614,200,926.27966
-254.904736,200,926.414254
-128.06618,200,926.468488
-231.898636,200,926.518352
-126.849162,200,926.566738
-243.705086,200,926.612851
-123.753465,200,926.659468
-125.508719,200,926.706619
-126.977549,200,926.752882
-2.479437,200,926.801991
-237.754916,200,926.848905
-124.212824,200,926.976211
-125.854703,200,927.023419
-120.817488,200,927.071042
-234.311263,200,927.117305
-128.296622,200,927.164284
-371.274292,200,927.212196
-118.898995,200,927.25874
-122.961053,200,927.306511
-373.111885,200,927.353034
-120.476955,200,927.39888
-244.324506,200,927.530469
-120.319922,200,927.577806
-127.400414,200,927.625551
-360.987131,200,927.671987
-129.249067,200,927.719359
-118.022194,200,927.767218
-241.882848,200,927.816444
-119.619838,200,927.862963
-119.705578,200,927.909931
-118.554529,200,927.956771
-228.114253,200,928.085541
-119.776742,200,928.135266
-239.459221,200,928.183246
-4.720026,200,928.230082
-239.800931,200,928.277478
-120.30454,200,928.324911
-231.106311,200,928.372602
-115.807369,200,928.419613
-234.648856,200,928.466705
-126.387566,200,928.512857
-230.498127,200,928.640638
-126.425643,200,928.688185
-371.454078,200,928.735488
-243.003415,200,928.78384
-120.061637,200,928.830487
-281.192046,200,928.876988
-127.502769,200,928.92444
-5.820514,200,928.970897
-125.972689,200,929.018375
-246.608955,200,929.064693
-118.809205,200,929.19176
-119.650423,200,929.240595
-119.705215,200,929.289297
-119.267474,200,929.336298
-240.089626,200,929.384091
-1.279634,200,929.431863
-128.141221,200,929.479249
-328.518946,200,929.526608
-5.409146,200,929.573537
-122.670213,200,929.620444
-125.452796,200,929.747449
-276.089369,200,929.796776
-128.545971,200,929.844448
-124.668932,200,929.891174
-4.920459,200,929.938245
-2.8302,200,929.98551
-127.97687,200,930.031292
-120.03128,200,930.078186
-116.982331,200,930.124193
-122.448697,200,930.170284
-239.384027,200,930.302374
-119.279639,200,930.350054
-124.906442,200,930.397944
-1.948526,200,930.444921
-125.750729,200,930.491307
-126.056495,200,930.538545
-119.023195,200,930.585663
-122.919745,200,930.632594
-352.521008,200,930.678951
-234.937772,200,930.725168
-124.89942,200,930.855046
-0.644677,200,930.902408
-125.704354,200,930.948736
-114.047659,200,930.995456
-331.694614,200,931.042724
-126.007398,200,931.088856
-228.697028,200,931.138481
-235.59596,200,931.186708
-274.724087,200,931.232354
-124.470519,200,931.278517
-239.922272,200,931.405392
-233.610263,200,931.473422
-121.083681,200,931.522827
-251.105873,200,931.570036
-252.728693,200,931.617572
-125.152426,200,931.664891
-117.869036,200,931.713316
-386.859337,200,931.760408
-122.480356,200,931.808895
-244.595368,200,931.856536
-341.475638,200,931.98498
-121.02059,200,932.033623
-249.884045,200,932.081503
-118.074748,200,932.128625
-121.133372,200,932.174805
-127.90419,200,932.220821
-117.943512,200,932.26819
-3.569542,200,932.316148
-121.329106,200,932.363691
-2.223365,200,932.409934
-118.806875,200,932.538607
-120.644318,200,932.587047
-124.057633,200,932.634588
-254.110448,200,932.68102
-239.961221,200,932.727298
-231.901188,200,932.774879
-242.495383,200,932.823631
-122.869732,200,932.870951
-120.680119,200,932.918275
-122.97665,200,932.966687
-126.164275,200,933.098836
-3.149829,200,933.146331
-3.055937,200,933.192578
-126.405884,200,933.23906
-2.410061,200,933.28601
-231.853384,200,933.333238
-121.186652,200,933.379413
-127.224009,200,933.425231
-121.500139,200,933.471958
-126.091751,200,933.519045
-124.652157,200,933.647026
-123.411725,200,933.695541
-1.848098,200,933.743745
-125.948013,200,933.791336
-124.114776,200,933.838073
-246.009811,200,933.884603
-234.277824,200,933.93086
-241.684002,200,933.977849
-124.147847,200,934.025028
-249.012829,200,934.070922
-230.868922,200,934.198854
-244.185214,200,934.246456
-125.473811,200,934.295364
-124.317346,200,934.341497
-238.767806,200,934.389167
-125.599428,200,934.436337
-119.5996,200,934.484154
-120.81384,200,934.532361
-237.832326,200,934.58737
-127.687679,200,934.640181
-0.994324,200,934.774593
-126.618099,200,934.826337
-367.288176,200,934.875062
-130.033318,200,934.922579
-2.47798,200,934.969595
-426.918922,200,935.016866
-236.842629,200,935.06324
-322.334472,200,935.145788
-120.317246,200,935.252353
-128.485802,200,935.307408
-116.028072,200,935.437156
-121.304787,200,935.485397
-124.148829,200,935.532378
-414.664302,200,935.579768
-2.805184,200,935.626926
-2.349126,200,935.674362
-130.613829,200,935.721001
-125.955857,200,935.768154
-307.17414,200,935.815891
-2.474245,200,935.86175
-254.1485,200,935.99193
-255.441657,200,936.040025
-6.433084,200,936.086162
-319.537884,200,936.135311
-244.558422,200,936.183121
-331.617466,200,936.229619
-124.217111,200,936.277311
-238.851757,200,936.326368
-5.826568,200,936.375358
-248.491626,200,936.425866
-254.397333,200,936.556318
-119.950324,200,936.606182
-130.933568,200,936.684176
-117.528282,200,936.732763
-128.087364,200,936.779465
-257.797272,200,936.826784
-125.203606,200,936.874668
-3.725321,200,936.921731
-239.669534,200,936.967273
-123.169527,200,937.013721
-360.215821,200,937.14376
-122.844538,200,937.191547
-346.095816,200,937.238352
-241.071942,200,937.285084
-126.844703,200,937.332114
-126.420547,200,937.379093
-126.141603,200,937.425625
-235.346509,200,937.472238
-248.704422,200,937.517757
-122.289478,200,937.564784
-120.980185,200,937.693596
-122.082872,200,937.741751
-118.300306,200,937.789868
-5.824681,200,937.839506
-1.888734,200,937.886396
-4.098096,200,937.933716
-300.470842,200,937.980161
-128.170076,200,938.026671
-5.927344,200,938.073449
-238.536064,200,938.121114
-124.225274,200,938.251886
-246.533016,200,938.300317
-292.275519,200,938.347661
-126.412545,200,938.394294
-247.980675,200,938.44095
-4.940398,200,938.488252
-242.379578,200,938.534981
-358.618138,200,938.582457
-240.849798,200,938.629127
-101.362035,200,938.67666
-119.290897,200,938.80792
-118.024409,200,938.856263
-122.997838,200,938.902988
-117.630158,200,938.949996
-242.828456,200,938.995224
-120.806738,200,939.041269
-127.482262,200,939.086565
-123.18474,200,939.13286
-3.021922,200,939.17936
-121.784057,200,939.22554
-124.501648,200,939.354092
-238.116194,200,939.4012
-117.993062,200,939.448644
-127.434947,200,939.496546
-117.948538,200,939.542549
-252.333462,200,939.589394
-245.640428,200,939.636101
-125.073287,200,939.683689
-119.713637,200,939.730008
-233.13892,200,939.776715
-251.80249,200,939.905723
-6.728631,200,939.980307
-254.782765,200,940.028157
-127.037562,200,940.074908
-3.538345,200,940.122196
-3.980894,200,940.168791
-231.512493,200,940.215324
-235.909781,200,940.261631
-124.871781,200,940.310391
-124.468131,200,940.356693
-2.365248,200,940.483294
-128.339317,200,940.531155
-123.23093,200,940.578257
-118.638722,200,940.625449
-119.971648,200,940.672989
-245.895449,200,940.720407
-127.933087,200,940.76783
-119.563354,200,940.814809
-127.960189,200,940.860902
-116.690235,200,940.907124
-326.459755,200,941.034856
-129.86066,200,941.082692
-115.699231,200,941.131095
-118.664416,200,941.180094
-234.886223,200,941.226859
-229.070217,200,941.274255
-238.982209,200,941.321028
-117.013683,200,941.368776
-126.255427,200,941.415697
-229.756333,200,941.462252
-248.340675,200,941.592479
-127.696075,200,941.641666
-385.456135,200,941.688034
-237.029332,200,941.734979
-369.509973,200,941.782212
-119.879902,200,941.829331
-123.094007,200,941.875214
-5.62021,200,941.922512
-341.327155,200,941.969935
-235.802602,200,942.016851
-3.682734,200,942.14518
-238.772516,200,942.192087
-237.610485,200,942.238998
-116.67532,200,942.285348
-128.230536,200,942.332013
-116.033003,200,942.378914
-125.595122,200,942.426289
-119.044281,200,942.47289
-245.099393,200,942.519846
-252.291362,200,942.566046
-127.366317,200,942.69382
-2.925452,200,942.742066
-126.857694,200,942.789892
-245.547535,200,942.837216
-129.280385,200,942.885627
-239.656615,200,942.934949
-237.159888,200,942.982326
-119.679378,200,943.028875
-237.105647,200,943.076179
-4.775772,200,943.122739
-6.932737,200,943.251347
-116.120619,200,943.299433
-117.169597,200,943.347969
-2.774212,200,943.394674
-122.339258,200,943.440837
-117.644361,200,943.487683
-122.072236,200,943.534534
-245.227307,200,943.58135
-129.064432,200,943.628109
-344.968818,200,943.673816
-4.468217,200,943.800843
-115.142462,200,943.849329
-120.027626,200,943.896471
-120.22617,200,943.943442
-128.646683,200,943.990195
-249.080628,200,944.037327
-124.470056,200,944.084144
-238.327448,200,944.129599
-121.325668,200,944.17741
-127.390905,200,944.223342
-125.702894,200,944.354636
-120.667727,200,944.402211
-234.947509,200,944.449715
-229.980767,200,944.496544
-4.359597,200,944.543093
-126.508196,200,944.589198
-341.393019,200,944.636685
-125.275488,200,944.683111
-244.750143,200,944.729892
-120.335686,200,944.777518
-2.234607,200,944.906005
-127.009976,200,944.954699
-123.848401,200,945.003722
-119.97083,200,945.049943
-126.320229,200,945.096731
-2.775497,200,945.144253
-236.956736,200,945.191916
-243.687453,200,945.23882
-123.389863,200,945.286359
-236.392932,200,945.334848
-118.180356,200,945.46154
-345.381406,200,945.508771
-128.084239,200,945.555368
-247.034589,200,945.601749
-116.466637,200,945.647464
-124.409577,200,945.694365
-117.807947,200,945.741046
-252.951994,200,945.789123
-120.155717,200,945.836433
-120.545291,200,945.882554
-365.001288,200,946.010867
-126.958756,200,946.058504
-123.895535,200,946.105883
-5.905673,200,946.155616
-118.551473,200,946.202797
-118.93909,200,946.24953
-129.616244,200,946.297108
-245.327655,200,946.344307
-243.366957,200,946.391018
-119.917753,200,946.437672
-126.070752,200,946.566457
-117.048099,200,946.614364
-119.236435,200,946.662797
-121.31631,200,946.710478
-127.796679,200,946.758345
-127.361752,200,946.805846
-121.415583,200,946.854325
-127.767304,200,946.901896
-126.438159,200,946.949602
-2.295955,200,946.996268
-335.696935,200,947.12733
-238.675006,200,947.175459
-4.137479,200,947.222325
-253.23614,200,947.268713
-245.945378,200,947.315679
-120.008043,200,947.362196
-334.530523,200,947.408264
-356.341327,200,947.455228
-120.63428,200,947.50167
-117.676349,200,947.548844
-128.292731,200,947.676543
-2.102404,200,947.724602
-122.459148,200,947.771926
-352.728429,200,947.818775
-126.867427,200,947.866622
-119.762524,200,947.913832
-243.798216,200,947.960426
-125.593248,200,948.007502
-118.473984,200,948.05483
-242.980933,200,948.101348
-127.80153,200,948.228874
-239.687342,200,948.27719
-120.375203,200,948.324224
-123.226871,200,948.370992
-124.873267,200,948.416916
-127.12479,200,948.463331
-127.930013,200,948.509979
-121.651903,200,948.557051
-117.954655,200,948.604488
-127.59281,200,948.650946
-3.555621,200,948.778752
-116.820333,200,948.826779
-118.883171,200,948.874223
-3.916955,200,948.921974
-2.611776,200,948.968429
-126.626094,200,949.016036
-128.360371,200,949.063202
-127.208292,200,949.10989
-116.34005,200,949.156792
-128.024057,200,949.20246
-126.15897,200,949.354971
-2.632583,200,949.403348
-121.767416,200,949.450808
-241.385173,200,949.498466
-354.542508,200,949.546478
-125.809956,200,949.592982
-5.328219,200,949.641911
-125.589712,200,949.688415
-120.175923,200,949.735398
-232.472616,200,949.782201
-117.574227,200,949.914501
-125.14668,200,949.962382
-122.426276,200,950.009947
-235.097831,200,950.057016
-125.987323,200,950.104604
-119.470164,200,950.151536
-119.642591,200,950.198942
-264.676746,200,950.24662
-234.162545,200,950.293791
-331.088734,200,950.339323
-246.371477,200,950.467275
-127.1819,200,950.515609
-3.722986,200,950.56237
-121.8086,200,950.609376
-120.860039,200,950.655792
-246.938916,200,950.703516
-3.507051,200,950.75145
-119.820979,200,950.798705
-358.276092,200,950.845553
-120.536538,200,950.891796
-135.112906,200,951.019154
-116.60856,200,951.066946
-126.613545,200,951.114684
-117.099751,200,951.16448
-1.708952,200,951.210966
-118.062736,200,951.258655
-119.124718,200,951.306075
-331.969825,200,951.354045
-128.342119,200,951.401569
-118.827601,200,951.449008
-232.661408,200,951.577152
-120.452613,200,951.624953
-117.666545,200,951.673691
-116.750763,200,951.720962
-130.040849,200,951.767618
-121.924653,200,951.813451
-234.869044,200,951.860182
-129.74474,200,951.90752
-122.564328,200,951.954861
-127.583175,200,952.00128
-126.092698,200,952.12938
-115.907282,200,952.177029
-233.232248,200,952.223662
-267.574451,200,952.270433
-118.258877,200,952.317252
-3.418642,200,952.364435
-340.751928,200,952.411187
-235.869506,200,952.45889
-119.537131,200,952.506058
-248.767641,200,952.552218
-124.942625,200,952.68202
-116.430047,200,952.729896
-234.519986,200,952.776792
-119.15864,200,952.824312
-129.012115,200,952.87123
-119.171183,200,952.917479
-119.737483,200,952.964169
-3.374981,200,953.010618
-116.889462,200,953.057984
-120.368273,200,953.105716
-122.970151,200,953.232673
-246.347839,200,953.28134
-120.01025,200,953.329154
-123.434535,200,953.376464
-127.552979,200,953.423681
-119.374119,200,953.470851
-3.139852,200,953.517307
-125.575681,200,953.565219
-118.180322,200,953.612552
-245.39544,200,953.659459
-245.271154,200,953.78781
-232.143329,200,953.836457
-256.631754,200,953.884606
-118.554815,200,953.932058
-120.65426,200,953.978426
-3.58807,200,954.025591
-232.063756,200,954.072665
-349.535471,200,954.119777
-347.715348,200,954.166664
-230.445304,200,954.212735
-119.038588,200,954.341907
-2.417848,200,954.390073
-121.676806,200,954.438189
-253.712133,200,954.484068
-227.97941,200,954.530767
-129.147981,200,954.577458
-240.917064,200,954.624014
-122.58084,200,954.671746
-128.223835,200,954.71812
-356.868293,200,954.765295
-126.126841,200,954.895061
-1.676248,200,954.943571
-123.557219,200,954.990867
-126.631671,200,955.037124
-248.66142,200,955.084062
-4.264575,200,955.130014
-127.162038,200,955.177121
-3.694233,200,955.223823
-238.390872,200,955.270558
-127.731375,200,955.316702
-3.446165,200,955.446538
-117.584667,200,955.493683
-125.222719,200,955.540206
-116.586535,200,955.58713
-120.427126,200,955.633927
-236.721202,200,955.680853
-239.586109,200,955.72666
-123.09644,200,955.772931
-120.58061,200,955.819717
-242.177201,200,955.867969
-255.939739,200,955.995116
-126.873478,200,956.04232
-119.959283,200,956.089187
-116.753415,200,956.137727
-234.257794,200,956.186215
-128.960945,200,956.23388
-120.879705,200,956.280641
-122.347108,200,956.327474
-242.197353,200,956.37468
-128.874846,200,956.421408
-127.127842,200,956.550779
-372.764376,200,956.598073
-125.733935,200,956.644111
-4.47929,200,956.690571
-118.842974,200,956.737622
-118.492883,200,956.784411
-125.51792,200,956.832197
-234.224015,200,956.878676
-0.926595,200,956.9262
-233.424866,200,956.972466
-2.508408,200,957.100005
-117.063843,200,957.14767
-128.336075,200,957.194292
-230.667947,200,957.241317
-118.979141,200,957.288055
-121.274771,200,957.334727
-119.848222,200,957.381297
-1.250409,200,957.428778
-236.427547,200,957.475537
-250.271592,200,957.520933
-245.246277,200,957.647146
-251.552982,200,957.694055
-123.960489,200,957.740183
-242.461131,200,957.785634
-127.045498,200,957.832942
-122.759157,200,957.879368
-2.293254,200,957.925515
-124.951161,200,957.972103
-120.085375,200,958.017757
-122.498409,200,958.065059
-1.991703,200,958.221565
-2.193562,200,958.269446
-125.80202,200,958.316607
-235.512103,200,958.364164
-120.103807,200,958.410935
-252.865481,200,958.456535
-125.191683,200,958.504033
-250.191245,200,958.550606
-233.076122,200,958.59797
-120.233679,200,958.644163
-4.334783,200,958.772758
-124.031035,200,958.820014
-378.92851,200,958.869203
-236.354631,200,958.915533
-254.332576,200,958.9622
-122.283527,200,959.008992
-232.043618,200,959.055603
-129.488745,200,959.102719
-377.773001,200,959.148412
-126.057317,200,959.194758
-234.235116,200,959.32146
-128.717601,200,959.370089
-239.850078,200,959.416958
-120.56874,200,959.46343
-124.203698,200,959.508111
-126.770564,200,959.553953
-237.340551,200,959.600462
-116.098135,200,959.647276
-130.299295,200,959.693413
-258.731194,200,959.73886
-122.385092,200,959.866531
-128.736538,200,959.914942
-4.644034,200,959.960873
-3.035406,200,960.007956
-244.521893,200,960.054206
-125.99647,200,960.099917
-119.294538,200,960.145486
-251.797186,200,960.191158
-3.545815,200,960.237841
-122.773665,200,960.28376
-333.018422,200,960.41277
-242.153644,200,960.460126
-368.410345,200,960.507688
-128.16592,200,960.554242
-226.781543,200,960.600577
-2.903993,200,960.646395
-126.553708,200,960.692415
-118.589462,200,960.738978
-2.831757,200,960.785636
-236.728321,200,960.83254
-245.977691,200,960.962249
-128.163287,200,961.009433
-125.807465,200,961.056115
-238.623744,200,961.103338
-289.812912,200,961.151273
-119.814237,200,961.198984
-120.120701,200,961.245295
-3.034316,200,961.292069
-125.139141,200,961.339098
-244.000306,200,961.386548
-117.179423,200,961.513856
-231.407046,200,961.560525
-238.141193,200,961.608958
-4.807337,200,961.655102
-126.690644,200,961.701876
-234.528939,200,961.748543
-249.396145,200,961.79403
-119.820805,200,961.841683
-3.828745,200,961.887743
-127.220456,200,961.934917
-351.852963,200,962.0617
-122.796473,200,962.109849
-230.647045,200,962.158302
-119.817897,200,962.205733
-121.306305,200,962.251832
-118.679914,200,962.299174
-3.87151,200,962.345416
-124.613466,200,962.391732
-121.437796,200,962.437912
-337.61179,200,962.484329
-124.171303,200,962.611026
-121.152729,200,962.658841
-126.659883,200,962.705591
-242.10877,200,962.752609
-127.37976,200,962.798361
-116.979667,200,962.844988
-126.919297,200,962.891566
-127.765149,200,962.939007
-242.212637,200,962.985647
-243.79882,200,963.034403
-124.884037,200,963.160188
-3.185404,200,963.208382
-117.821169,200,963.254084
-6.510146,200,963.301217
-4.387526,200,963.348005
-253.037757,200,963.394482
-116.290955,200,963.441159
-116.526745,200,963.487559
-229.921696,200,963.53413
-277.95905,200,963.57973
-2.793846,200,963.710158
-252.843224,200,963.758501
-124.291854,200,963.806559
-238.392396,200,963.85404
-241.489542,200,963.901635
-128.670207,200,963.947636
-239.376277,200,963.995964
-243.721109,200,964.042534
-125.078906,200,964.08914
-122.240013,200,964.136497
-127.504828,200,964.264413
-234.060841,200,964.312558
-128.515008,200,964.359064
-116.984207,200,964.40642
-228.6059,200,964.453379
-255.153537,200,964.500041
-3.693803,200,964.547401
-124.082645,200,964.596543
-242.480296,200,964.645462
-234.575646,200,964.694259
-126.777704,200,964.826998
-311.725823,200,964.877103
-126.84654,200,964.925443
-259.678158,200,964.97453
-3.599837,200,965.022394
-239.276146,200,965.070684
-126.374473,200,965.118526
-319.275343,200,965.16629
-124.814268,200,965.214103
-122.096395,200,965.261617
-356.630182,200,965.391168
-128.438971,200,965.44048
-124.625695,200,965.488107
-123.407043,200,965.53474
-230.537955,200,965.582274
-123.256706,200,965.629663
-121.884215,200,965.676858
-126.917639,200,965.72525
-116.527429,200,965.772331
-127.07268,200,965.819259
-126.671157,200,965.948255
-127.592772,200,965.996517
-238.054581,200,966.043739
-120.674408,200,966.090971
-234.703923,200,966.140089
-236.828169,200,966.189223
-227.948626,200,966.237189
-3.374072,200,966.285738
-125.32327,200,966.335192
-128.091628,200,966.385931
-125.496517,200,966.519194
-4.654951,200,966.567855
-126.983613,200,966.615465
-126.479151,200,966.662531
-126.17147,200,966.709252
-118.419974,200,966.756381
-129.50724,200,966.803141
-241.820018,200,966.851043
-121.839065,200,966.898313
-4.001843,200,966.945168
-2.862812,200,967.099076
-241.469818,200,967.146836
-117.839596,200,967.192825
-336.261898,200,967.24019
-344.74404,200,967.287573
-125.921697,200,967.334496
-125.976781,200,967.381339
-117.087824,200,967.428759
-368.552506,200,967.475892
-126.447017,200,967.522687
-256.347781,200,967.649153
-117.745142,200,967.69644
-126.573248,200,967.742556
-126.666625,200,967.789912
-124.075272,200,967.836599
-118.693453,200,967.885075
-250.470709,200,967.931938
-122.588161,200,967.978585
-118.694742,200,968.024891
-124.002316,200,968.070415
-128.194946,200,968.198383
-123.122712,200,968.244658
-229.558488,200,968.291143
-237.356286,200,968.337124
-122.820011,200,968.383228
-238.170601,200,968.429716
-243.959177,200,968.476731
-119.705715,200,968.526287
-119.794824,200,968.573556
-386.814877,200,968.619767
-256.74862,200,968.746735
-245.286492,200,968.794608
-119.567051,200,968.8423
-117.965874,200,968.891236
-2.727104,200,968.938494
-120.802422,200,968.985863
-242.594219,200,969.034464
-2.413762,200,969.081556
-127.715702,200,969.13022
-242.222527,200,969.177157
-117.566581,200,969.308538
-124.030077,200,969.356262
-2.678962,200,969.403525
-241.978625,200,969.449547
-226.392264,200,969.495611
-252.635851,200,969.54199
-242.179888,200,969.589188
-120.60655,200,969.635281
-3.023037,200,969.68151
-116.220935,200,969.7271
-123.793515,200,969.856178
-4.357239,200,969.903554
-128.421039,200,969.950079
-125.488692,200,969.995431
-251.43934,200,970.041954
-2.816228,200,970.088184
-4.520488,200,970.134809
-121.377302,200,970.182367
-121.977112,200,970.229268
-243.88187,200,970.27575
-316.034167,200,970.40255
-234.394183,200,970.452392
-125.775721,200,970.499222
-247.222373,200,970.544524
-2.165129,200,970.592
-127.317158,200,970.637954
-120.942115,200,970.685146
-116.274045,200,970.732472
-129.330673,200,970.778305
-227.235492,200,970.825083
-120.996245,200,970.953652
-118.242187,200,971.001742
-121.474941,200,971.049931
-2.028178,200,971.096201
-2.521699,200,971.145618
-3.192149,200,971.193889
-242.841075,200,971.239632
-4.431275,200,971.285434
-246.435364,200,971.331947
-117.449989,200,971.378192
-355.172995,200,971.504933
-237.115668,200,971.552602
-238.244539,200,971.601143
-374.361931,200,971.648356
-336.210885,200,971.693525
-127.082694,200,971.740604
-251.93528,200,971.78771
-129.048438,200,971.833292
-121.262171,200,971.881191
-240.113953,200,971.927915
-3.685691,200,972.058133
-355.017719,200,972.104955
-246.590279,200,972.152232
-126.000724,200,972.198684
-125.480114,200,972.245456
-236.23684,200,972.291584
-233.680615,200,972.336397
-121.74552,200,972.383099
-119.54281,200,972.431365
-125.557577,200,972.477906
-123.578872,200,972.606516
-125.516539,200,972.654377
-125.290512,200,972.701042
-347.066009,200,972.748745
-121.319106,200,972.79445
-325.604323,200,972.842027
-237.051642,200,972.890541
-243.096479,200,972.937393
-242.210187,200,972.9846
-235.323865,200,973.030994
-125.117373,200,973.158937
-116.624018,200,973.20719
-117.096931,200,973.254315
-117.977814,200,973.301197
-2.170353,200,973.347936
-239.62793,200,973.395004
-118.437657,200,973.441018
-333.413493,200,973.487826
-238.982444,200,973.534021
-117.409212,200,973.581245
-120.816354,200,973.708746
-239.869356,200,973.757328
-228.208825,200,973.805024
-230.969207,200,973.852425
-234.437467,200,973.900234
-124.777841,200,973.947057
-122.60501,200,973.993962
-376.125507,200,974.040793
-2.811467,200,974.086705
-120.921908,200,974.133825
-127.831384,200,974.261375
-239.76816,200,974.309824
-127.966203,200,974.356734
-242.530944,200,974.402908
-2.962539,200,974.450512
-120.209707,200,974.497667
-122.831801,200,974.544492
-2.879212,200,974.591412
-128.257439,200,974.63745
-128.614863,200,974.684089
-125.870326,200,974.814202
-128.396686,200,974.862676
-338.029494,200,974.911806
-119.127355,200,974.957969
-229.286359,200,975.005038
-267.298944,200,975.052129
-323.937428,200,975.097912
-129.016937,200,975.145853
-118.853203,200,975.193312
-257.029473,200,975.239763
-124.833508,200,975.368443
-243.811048,200,975.416739
-4.006194,200,975.464285
-126.188216,200,975.510708
-239.903561,200,975.557287
-326.619005,200,975.604282
-127.617875,200,975.649976
-128.242906,200,975.696672
-125.315005,200,975.743377
-126.204812,200,975.790385
-1.392116,200,975.942024
-126.527562,200,975.990392
-255.11669,200,976.038206
-121.317921,200,976.085128
-129.167436,200,976.134116
-122.332162,200,976.183945
-117.436423,200,976.230944
-123.447202,200,976.277392
-402.46012,200,976.323828
-2.701662,200,976.370833
-127.1914,200,976.499445
-125.241243,200,976.546726
-127.790347,200,976.59416
-125.990858,200,976.640813
-126.360837,200,976.687278
-121.379973,200,976.73312
-116.774724,200,976.779916
-250.988733,200,976.825866
-116.741097,200,976.872508
-3.022535,200,976.919895
-127.440656,200,977.047558
-251.657685,200,977.095195
-126.722117,200,977.14145
-126.517638,200,977.188801
-233.880434,200,977.235102
-128.393069,200,977.282911
-125.143479,200,977.329702
-240.957857,200,977.377135
-119.993482,200,977.423756
-122.639149,200,977.470648
-121.113058,200,977.60081
-373.85148,200,977.648152
-129.180541,200,977.6956
-119.360444,200,977.743105
-121.717375,200,977.790703
-330.635542,200,977.838024
-245.278682,200,977.885657
-116.244124,200,977.932229
-121.50619,200,977.979352
-120.37027,200,978.025856
-124.297237,200,978.152936
-131.411785,200,978.200605
-125.138174,200,978.247217
-126.380106,200,978.294685
-248.0872,200,978.34131
-117.219997,200,978.387923
-235.448688,200,978.435203
-2.777969,200,978.481644
-235.394491,200,978.528749
-126.196274,200,978.576206
-2.882566,200,978.704263
-4.088542,200,978.752062
-323.85685,200,978.800959
-247.682518,200,978.847931
-119.754456,200,978.89573
-123.032208,200,978.942754
-129.798576,200,978.99031
-381.291138,200,979.03602
-125.495649,200,979.083607
-2.131749,200,979.130564
-118.665046,200,979.258544
-246.944956,200,979.306922
-128.161453,200,979.354596
-116.529233,200,979.401484
-231.692438,200,979.447952
-227.179157,200,979.493888
-3.206114,200,979.540859
-235.916558,200,979.586883
-122.788374,200,979.633816
-367.036969,200,979.680036
-236.246106,200,979.808576
-127.530268,200,979.856417
-3.537866,200,979.905264
-241.852166,200,979.953019
-124.697077,200,979.999422
-120.187533,200,980.046614
-230.169314,200,980.093474
-246.233419,200,980.139331
-3.771597,200,980.186427
-2.372295,200,980.232745
-116.876526,200,980.363082
-116.723649,200,980.410071
-126.821843,200,980.456819
-121.891065,200,980.50536
-129.09544,200,980.552487
-119.406654,200,980.600082
-126.509085,200,980.647547
-124.091891,200,980.693937
-124.456217,200,980.740802
-125.906358,200,980.787673
-117.465446,200,980.916897
-123.904087,200,980.964031
-368.017384,200,981.011133
-124.651207,200,981.058204
-227.421062,200,981.105469
-242.317627,200,981.154686
-117.998446,200,981.203364
-118.050329,200,981.251735
-4.331831,200,981.300023
-118.814993,200,981.345897
-124.212758,200,981.473855
-336.422091,200,981.522867
-118.564141,200,981.569978
-2.79305,200,981.618256
-121.370773,200,981.664435
-118.046136,200,981.710245
-3.38203,200,981.756531
-121.699618,200,981.803189
-228.188877,200,981.850538
-121.914593,200,981.896644
-116.184054,200,982.024284
-253.03093,200,982.072027
-238.779508,200,982.11837
-238.193015,200,982.165213
-248.241715,200,982.211156
-3.539353,200,982.257348
-127.228964,200,982.304364
-117.171601,200,982.351369
-117.6346,200,982.398292
-126.061698,200,982.444749
-125.387464,200,982.573222
-4.761068,200,982.620991
-250.23596,200,982.667904
-234.492184,200,982.714947
-3.162791,200,982.761794
-125.092917,200,982.807715
-123.492969,200,982.853816
-128.120666,200,982.901256
-124.230911,200,982.947116
-118.874264,200,982.994253
-3.736528,200,983.12368
-119.864028,200,983.170683
-127.405125,200,983.216725
-331.349065,200,983.265372
-333.761301,200,983.313195
-354.497518,200,983.35947
-229.87378,200,983.405405
-121.785912,200,983.45183
-124.08393,200,983.499656
-3.30118,200,983.545805
-247.669244,200,983.672374
-128.608042,200,983.720528
-118.633581,200,983.767381
-245.732898,200,983.814528
-236.844753,200,983.86171
-2.373665,200,983.908588
-120.677348,200,983.955001
-128.976031,200,984.001688
-125.237702,200,984.04866
-118.696847,200,984.095224
-237.854712,200,984.223291
-2.939945,200,984.271003
-120.629063,200,984.318619
-127.156038,200,984.365163
-128.079125,200,984.412694
-122.435149,200,984.460258
-124.666384,200,984.507106
-323.777716,200,984.553751
-117.698798,200,984.60071
-2.023269,200,984.646211
-121.098224,200,984.786677
-257.041483,200,984.848469
-126.603292,200,984.896567
-117.291612,200,984.943234
-120.718807,200,984.990569
-116.693422,200,985.036502
-124.099935,200,985.083047
-2.038978,200,985.128919
-250.959742,200,985.175166
-234.39072,200,985.222393
-127.118147,200,985.350835
-121.896232,200,985.398805
-126.743564,200,985.446081
-123.740553,200,985.493495
-235.982794,200,985.540442
-121.007758,200,985.58712
-236.094437,200,985.633979
-125.02175,200,985.680594
-117.5409,200,985.727798
-117.5033,200,985.773466
-240.555673,200,985.905002
-118.330653,200,985.953094
-3.725671,200,985.999594
-244.009012,200,986.047674
-2.786011,200,986.095047
-238.307564,200,986.145066
-126.282079,200,986.194414
-123.998058,200,986.241347
-119.692757,200,986.287986
-243.225015,200,986.334868
-349.288144,200,986.462943
-128.50911,200,986.510022
-359.00447,200,986.557239
-128.208363,200,986.604218
-121.918002,200,986.652498
-2.754049,200,986.699129
-122.054923,200,986.745304
-120.346807,200,986.792814
-123.287444,200,986.839127
-3.52669,200,986.88607
-125.457815,200,987.013366
-5.67146,200,987.061818
-250.93778,200,987.109101
-123.785617,200,987.155271
-3.520601,200,987.201287
-338.575609,200,987.247925
-128.059343,200,987.294823
-236.745615,200,987.341399
-233.974104,200,987.388679
-126.687634,200,987.434927
-115.627376,200,987.56135
-124.668528,200,987.608098
-126.210176,200,987.656046
-122.712418,200,987.702862
-238.603066,200,987.750269
-116.708825,200,987.795879
-123.068456,200,987.843602
-119.467157,200,987.890237
-123.396404,200,987.93686
-234.832772,200,987.984313
-120.077518,200,988.110854
-251.987956,200,988.158198
-4.74235,200,988.205098
-243.301077,200,988.251514
-236.539706,200,988.297897
-122.676999,200,988.344025
-123.166911,200,988.391096
-322.10612,200,988.436285
-122.478441,200,988.482057
-2.69932,200,988.528688
-242.280544,200,988.657439
-2.543276,200,988.704932
-331.421322,200,988.75258
-243.069169,200,988.800211
-228.839366,200,988.847409
-240.402588,200,988.894569
-120.565877,200,988.940969
-119.124365,200,988.988375
-238.128056,200,989.034553
-122.232655,200,989.079789
-118.76039,200,989.205832
-236.857797,200,989.253878
-2.941309,200,989.301127
-124.193519,200,989.348594
-235.354091,200,989.395927
-121.65598,200,989.444142
-118.703884,200,989.490925
-127.333804,200,989.537449
-3.046203,200,989.582075
-120.792086,200,989.629213
-122.847304,200,989.754355
-125.953523,200,989.803885
-247.906625,200,989.849655
-336.457156,200,989.896242
-125.31856,200,989.942415
-128.174184,200,989.9899
-393.06987,200,990.036786
-129.670525,200,990.082444
-247.020324,200,990.128828
-124.276685,200,990.175445
-125.38321,200,990.301851
-125.950601,200,990.349239
-122.276237,200,990.395147
-123.261106,200,990.442221
-2.673204,200,990.488371
-236.359423,200,990.536279
-239.014178,200,990.582403
-360.849253,200,990.628833
-120.029651,200,990.675403
-129.203814,200,990.720763
-239.928082,200,990.848039
-123.60932,200,990.894969
-125.500904,200,990.941724
-252.460387,200,990.988771
-128.534738,200,991.03552
-119.097666,200,991.082925
-115.838977,200,991.130118
-123.145075,200,991.179163
-123.964884,200,991.225874
-117.965874,200,991.272055
-251.22456,200,991.40272
-116.759003,200,991.449399
-124.286947,200,991.496151
-239.632262,200,991.542659
-127.913577,200,991.588607
-124.701213,200,991.636467
-4.892763,200,991.682503
-254.930922,200,991.729228
-117.532776,200,991.775653
-251.902608,200,991.820839
-122.583714,200,991.94871
-3.401399,200,991.995901
-242.1142,200,992.043141
-127.389564,200,992.090052
-128.084093,200,992.135567
-126.968604,200,992.182914
-118.198748,200,992.228802
-238.86607,200,992.275574
-120.573987,200,992.322301
-251.491334,200,992.367774
-126.655385,200,992.494135
-255.539379,200,992.54243
-3.694749,200,992.589784
-364.173674,200,992.636584
-120.149618,200,992.683385
-229.332823,200,992.728557
-117.899977,200,992.774673
-118.38752,200,992.821595
-122.0744,200,992.867586
-236.534758,200,992.914794
-245.887074,200,993.040953
-116.290601,200,993.088539
-3.52617,200,993.134701
-125.413422,200,993.18128
-245.742628,200,993.227659
-127.829728,200,993.273621
-119.362281,200,993.319595
-3.425224,200,993.36654
-2.433001,200,993.414503
-126.117867,200,993.460532
-123.674312,200,993.587527
-125.191217,200,993.657707
-364.171465,200,993.706942
-118.497584,200,993.753747
-350.969277,200,993.80079
-127.747335,200,993.846356
-128.33136,200,993.892745
-127.136794,200,993.939724
-3.561252,200,993.985598
-126.264786,200,994.03264
-127.387497,200,994.163537
-119.226823,200,994.211265
-124.015265,200,994.257653
-332.376454,200,994.304875
-360.318618,200,994.351617
-240.626579,200,994.398019
-343.865544,200,994.444037
-228.346165,200,994.490638
-2.661793,200,994.538835
-124.517766,200,994.587148
-244.943677,200,994.716895
-123.187989,200,994.7648
-126.091579,200,994.814273
-121.373685,200,994.862758
-126.765053,200,994.911425
-5.218312,200,994.959171
-122.981716,200,995.006464
-355.911576,200,995.053108
-122.668923,200,995.09973
-119.601721,200,995.146066
-118.793122,200,995.275528
-337.432347,200,995.323726
-230.678088,200,995.369717
-118.753809,200,995.417374
-123.37312,200,995.465573
-253.558206,200,995.512286
-124.79584,200,995.559756
-128.668867,200,995.606978
-7.582791,200,995.652618
-241.842503,200,995.699019
-2.957386,200,995.826876
-3.404096,200,995.874266
-128.096485,200,995.921865
-3.162783,200,995.969028
-119.949275,200,996.015321
-119.795818,200,996.062383
-227.689446,200,996.108943
-348.553012,200,996.158608
-358.951532,200,996.206394
-127.392107,200,996.253067
-239.841668,200,996.386462
-116.761989,200,996.436803
-2.842873,200,996.484442
-128.204808,200,996.531315
-227.816605,200,996.577116
-128.26837,200,996.623705
-129.815567,200,996.670016
-123.976023,200,996.715623
-355.159515,200,996.762413
-124.310958,200,996.809025
-371.774367,200,996.93896
-2.897209,200,996.986462
-248.300267,200,997.034098
-3.47887,200,997.080181
-120.327192,200,997.127744
-242.956873,200,997.173792
-122.863527,200,997.220569
-2.825043,200,997.267398
-121.050134,200,997.314019
-2.98559,200,997.360084
-2.544051,200,997.488698
-4.131157,200,997.535706
-246.412636,200,997.583001
-251.712644,200,997.630171
-120.56224,200,997.676552
-3.021948,200,997.722617
-126.370301,200,997.768977
-127.119391,200,997.815461
-2.445776,200,997.861207
-3.229733,200,997.908286
-117.279775,200,998.034786
-4.527438,200,998.082636
-125.79381,200,998.129578
-2.690008,200,998.176058
-125.682914,200,998.221827
-128.091651,200,998.267768
-241.293728,200,998.313836
-116.580729,200,998.360996
-119.247106,200,998.407164
-4.558469,200,998.453264
-368.30979,200,998.580036
-127.643137,200,998.627445
-120.958608,200,998.674386
-268.897001,200,998.720621
-120.455095,200,998.766619
-116.792233,200,998.81378
-120.881666,200,998.86096
-3.482533,200,998.907311
-328.166959,200,998.953559
-117.089955,200,999.000188
-3.593758,200,999.1282
-247.186739,200,999.176103
-125.909361,200,999.222957
-127.476486,200,999.269809
-117.470055,200,999.315872
-117.032632,200,999.362582
-118.916246,200,999.409525
-236.851842,200,999.455658
-235.683798,200,999.501137
-127.551593,200,999.547652
-240.658366,200,999.677443
-121.011427,200,999.725234
-241.603298,200,999.772302
-346.176282,200,999.81979
-238.505537,200,999.866183
-120.957567,200,999.913379
-2.372446,200,999.960925
-116.542182,200,1000.008026
-121.520333,200,1000.054202
-118.978859,200,1000.10147
-244.321443,200,1000.228533
-125.100888,200,1000.277092
-245.903663,200,1000.324929
-232.353453,200,1000.372089
-120.435984,200,1000.418517
-3.016485,200,1000.465099
-118.755301,200,1000.511723
-3.28605,200,1000.559012
-237.507482,200,1000.607809
-3.389795,200,1000.655332
-248.849193,200,1000.783254
-373.240482,200,1000.830557
-236.84632,200,1000.877748
-245.041877,200,1000.92532
-130.244387,200,1000.971991
-250.156011,200,1001.01837
-118.436413,200,1001.065252
-122.436323,200,1001.11246
-127.833633,200,1001.160901
-125.700094,200,1001.208995
-3.346862,200,1001.336021
-2.588886,200,1001.383442
-121.407499,200,1001.431102
-258.265698,200,1001.478169
-121.270768,200,1001.524219
-123.530639,200,1001.572065
-237.033574,200,1001.618539
-3.006393,200,1001.66494
-246.705092,200,1001.711656
-126.454044,200,1001.75823
-238.833791,200,1001.886017
-125.231318,200,1001.958375
-126.034583,200,1002.006855
-123.040413,200,1002.054106
-125.121704,200,1002.100698
-233.231046,200,1002.146459
-237.103787,200,1002.192881
-126.39602,200,1002.239154
-361.944785,200,1002.284389
-227.130542,200,1002.330629
-249.769912,200,1002.461215
-121.449297,200,1002.509398
-127.498137,200,1002.556327
-125.35213,200,1002.602894
-117.955637,200,1002.650519
-124.724229,200,1002.697098
-127.552582,200,1002.744078
-245.955138,200,1002.791427
-236.068411,200,1002.839366
-234.802801,200,1002.886021
-3.431195,200,1003.014056
-239.527168,200,1003.06045
-262.187935,200,1003.107909
-121.085693,200,1003.155798
-127.173435,200,1003.202906
-246.85692,200,1003.250242
-129.876642,200,1003.296579
-233.714706,200,1003.343605
-3.702143,200,1003.391072
-119.999731,200,1003.439289
-238.902849,200,1003.567181
-125.402127,200,1003.615736
-128.070252,200,1003.663142
-125.008392,200,1003.709834
-116.468103,200,1003.755567
-123.455157,200,1003.801711
-130.493533,200,1003.847752
-235.348345,200,1003.895344
-119.855106,200,1003.944535
-125.988293,200,1003.990666
-122.529757,200,1004.117816
-126.33831,200,1004.165858
-130.278208,200,1004.214135
-122.051,200,1004.264705
-126.226288,200,1004.312866
-129.10856,200,1004.360002
-129.350268,200,1004.407123
-242.010287,200,1004.454236
-123.945627,200,1004.500387
-122.094684,200,1004.547024
-120.849433,200,1004.674011
-351.457956,200,1004.720544
-237.535272,200,1004.767587
-237.207783,200,1004.815563
-2.955655,200,1004.862575
-129.68932,200,1004.909832
-123.19765,200,1004.956937
-406.893799,200,1005.005093
-236.554721,200,1005.052696
-124.107139,200,1005.099501
-123.4132,200,1005.229609
-122.255804,200,1005.278464
-234.230645,200,1005.324791
-245.021471,200,1005.371918
-3.032189,200,1005.419016
-117.793597,200,1005.465502
-123.326345,200,1005.512268
-120.672949,200,1005.558636
-2.258273,200,1005.607138
-3.243107,200,1005.654037
-242.774094,200,1005.782722
-3.617406,200,1005.829954
-126.149369,200,1005.876639
-118.916826,200,1005.923669
-2.795959,200,1005.971787
-237.468654,200,1006.018181
-4.098463,200,1006.064241
-227.239168,200,1006.112484
-250.726048,200,1006.161287
-125.114815,200,1006.20979
-126.207306,200,1006.33724
-124.781511,200,1006.384226
-126.911325,200,1006.431781
-125.259779,200,1006.47897
-125.459507,200,1006.526374
-244.651777,200,1006.573054
-245.404129,200,1006.618399
-127.911512,200,1006.665679
-238.341618,200,1006.712345
-233.937762,200,1006.759312
-233.468342,200,1006.887088
-121.51341,200,1006.935163
-128.462757,200,1006.983836
-256.888901,200,1007.03036
-129.773285,200,1007.07684
-2.539536,200,1007.123756
-2.524122,200,1007.171596
-4.122447,200,1007.218654
-119.441286,200,1007.264737
-120.768976,200,1007.311767
-239.775345,200,1007.440149
-126.993762,200,1007.488084
-118.006304,200,1007.536291
-120.263761,200,1007.583839
-249.596529,200,1007.631335
-231.15489,200,1007.678972
-124.96991,200,1007.726042
-122.963569,200,1007.772678
-120.186066,200,1007.819048
-118.919258,200,1007.866612
-126.877975,200,1007.997607
-332.540398,200,1008.044892
-255.820463,200,1008.092283
-243.236068,200,1008.139188
-3.07755,200,1008.18687
-248.514557,200,1008.233688
-126.812077,200,1008.280932
-124.026775,200,1008.32741
-232.406035,200,1008.375001
-118.923907,200,1008.421265
-122.790589,200,1008.54832
-5.743075,200,1008.596825
-242.205614,200,1008.644599
-128.895161,200,1008.692088
-2.626673,200,1008.738627
-125.375069,200,1008.785484
-241.712008,200,1008.832424
-127.340761,200,1008.878905
-121.059407,200,1008.92605
-118.987317,200,1008.973797
-125.989198,200,1009.100665
-2.691199,200,1009.146902
-124.314938,200,1009.194089
-3.180757,200,1009.240662
-115.82178,200,1009.287522
-237.815123,200,1009.334339
-226.631501,200,1009.380764
-243.827031,200,1009.427574
-118.796221,200,1009.475045
-237.437763,200,1009.52219
-227.378209,200,1009.650002
-282.136655,200,1009.697194
-3.025538,200,1009.744506
-246.50572,200,1009.791579
-5.160403,200,1009.838945
-115.837758,200,1009.886063
-126.791295,200,1009.933249
-129.420454,200,1009.979316
-370.51136,200,1010.026247
-240.319078,200,1010.071436
-236.1308,200,1010.198176
-128.364126,200,1010.246534
-243.276485,200,1010.294906
-124.645315,200,1010.342185
-125.938599,200,1010.388755
-122.409149,200,1010.436202
-244.135259,200,1010.484038
-118.136671,200,1010.531207
-125.105655,200,1010.577655
-129.206162,200,1010.624987
-116.75375,200,1010.757005
-118.706792,200,1010.827943
-236.905725,200,1010.877078
-2.722255,200,1010.925129
-243.400538,200,1010.971127
-255.793307,200,1011.018761
-127.413943,200,1011.064743
-126.372214,200,1011.11176
-125.529073,200,1011.161298
-4.328298,200,1011.210804
-128.154379,200,1011.339336
-123.438493,200,1011.387238
-253.020902,200,1011.433791
-238.639906,200,1011.480548
-337.387409,200,1011.526167
-121.279247,200,1011.572949
-116.370675,200,1011.619348
-120.954087,200,1011.666089
-122.790025,200,1011.712807
-245.116208,200,1011.760586
-116.944945,200,1011.889623
-126.661575,200,1011.938307
-126.467445,200,1011.985116
-241.891025,200,1012.032927
-122.676806,200,1012.079768
-332.751227,200,1012.125981
-125.816208,200,1012.172668
-128.07457,200,1012.220797
-2.459702,200,1012.268119
-238.849159,200,1012.31387
-118.756378,200,1012.441238
-128.21882,200,1012.490465
-441.662927,200,1012.538013
-229.709458,200,1012.584831
-5.374845,200,1012.630758
-3.475202,200,1012.676621
-248.417653,200,1012.723484
-123.229934,200,1012.769937
-128.326291,200,1012.816959
-239.400886,200,1012.862719
-240.417839,200,1012.991645
-247.241548,200,1013.040026
-118.470637,200,1013.08691
-233.244238,200,1013.133033
-359.288834,200,1013.18004
-240.516936,200,1013.22735
-128.99703,200,1013.274077
-232.785454,200,1013.320151
-3.393528,200,1013.366631
-245.70943,200,1013.412278
-2.979638,200,1013.541779
-240.700776,200,1013.590007
-3.720632,200,1013.637368
-118.753546,200,1013.68404
-2.68789,200,1013.731833
-362.773779,200,1013.779606
-251.150903,200,1013.826445
-7.161598,200,1013.874108
-236.928422,200,1013.92164
-128.19908,200,1013.969605
-125.601095,200,1014.097041
-235.712104,200,1014.143932
-2.747539,200,1014.19093
-384.274575,200,1014.23697
-5.265252,200,1014.28471
-254.061203,200,1014.330303
-318.205231,200,1014.377164
-128.773655,200,1014.423932
-117.45621,200,1014.46963
-368.370803,200,1014.516495
-125.515525,200,1014.643399
-4.520479,200,1014.691999
-125.983874,200,1014.740254
-117.770585,200,1014.788146
-7.634814,200,1014.834664
-121.007952,200,1014.882109
-123.447102,200,1014.928268
-239.674661,200,1014.975911
-124.976161,200,1015.023066
-333.062692,200,1015.070022
-117.113615,200,1015.198183
-373.675361,200,1015.246322
-123.697358,200,1015.293504
-3.4272,200,1015.340009
-127.146371,200,1015.386135
-235.38248,200,1015.433348
-235.790338,200,1015.479406
-355.257488,200,1015.526937
-127.157438,200,1015.572866
-242.214766,200,1015.619483
-128.810707,200,1015.748531
-239.27554,200,1015.796922
-5.596336,200,1015.843826
-3.284778,200,1015.8903
-3.547406,200,1015.937612
-248.208712,200,1015.984418
-124.314154,200,1016.031039
-124.665284,200,1016.07726
-237.750669,200,1016.123854
-239.194953,200,1016.172672
-2.891887,200,1016.303497
-120.71892,200,1016.352016
-240.676504,200,1016.399432
-238.966427,200,1016.446144
-3.412987,200,1016.492862
-125.376945,200,1016.538883
-122.241567,200,1016.584649
-117.798832,200,1016.631785
-123.686745,200,1016.678348
-127.383311,200,1016.724792
-125.082351,200,1016.852947
-353.335347,200,1016.900057
-3.993842,200,1016.94798
-123.819246,200,1016.994422
-3.669089,200,1017.041269
-120.562764,200,1017.088204
-3.315994,200,1017.134699
-126.477689,200,1017.181976
-115.68074,200,1017.227847
-117.612854,200,1017.273825
-248.533636,200,1017.401093
-121.163632,200,1017.448302
-3.053643,200,1017.495072
-129.641925,200,1017.542092
-233.412961,200,1017.588992
-123.334689,200,1017.635974
-240.399143,200,1017.681283
-240.283197,200,1017.728046
-123.772911,200,1017.775388
-125.090834,200,1017.823776
-118.187255,200,1017.950807
-236.98668,200,1017.997991
-127.693109,200,1018.044932
-3.022703,200,1018.091915
-247.368526,200,1018.139054
-441.060729,200,1018.184706
-4.3404,200,1018.230538
-121.745841,200,1018.276891
-242.348953,200,1018.323574
-120.206146,200,1018.369694
-127.634839,200,1018.495863
-364.926434,200,1018.543172
-119.895606,200,1018.591206
-116.626445,200,1018.637242
-124.716459,200,1018.684524
-124.840261,200,1018.732056
-237.859686,200,1018.778865
-123.737854,200,1018.826124
-124.4297,200,1018.872085
-126.285287,200,1018.917991
-247.861506,200,1019.048343
-127.839596,200,1019.096456
-249.136265,200,1019.143027
-234.128368,200,1019.189357
-129.456067,200,1019.235412
-124.715858,200,1019.282812
-122.32718,200,1019.331192
-122.421487,200,1019.377177
-122.467621,200,1019.42402
-249.508485,200,1019.470061
-127.262866,200,1019.596914
-121.691242,200,1019.644635
-126.140716,200,1019.691181
-130.835092,200,1019.737419
-131.486988,200,1019.784998
-238.046975,200,1019.856133
-118.523204,200,1019.904259
-238.176446,200,1019.952749
-331.580827,200,1019.999405
-331.63815,200,1020.045819
-233.336336,200,1020.172523
-225.959749,200,1020.220079
-127.694988,200,1020.267686
-128.37147,200,1020.314695
-118.13886,200,1020.361578
-126.983158,200,1020.408551
-116.561473,200,1020.455255
-122.335676,200,1020.501913
-125.917073,200,1020.548331
-123.141777,200,1020.595216
-121.074404,200,1020.723547
-2.889733,200,1020.773191
-126.231481,200,1020.820126
-243.290835,200,1020.867347
-118.413509,200,1020.913186
-123.95203,200,1020.961522
-115.987302,200,1021.007592
-127.95827,200,1021.054059
-120.787487,200,1021.099867
-235.097727,200,1021.145718
-2.740741,200,1021.274322
-2.591182,200,1021.321565
-120.837438,200,1021.367839
-125.038811,200,1021.413497
-2.749742,200,1021.460003
-230.147785,200,1021.507044
-126.915719,200,1021.552763
-130.517621,200,1021.598539
-4.411863,200,1021.644441
-118.670468,200,1021.691575
-123.083871,200,1021.821792
-125.203421,200,1021.869708
-273.607058,200,1021.916088
-229.81916,200,1021.96315
-363.902435,200,1022.010303
-125.563028,200,1022.05663
-2.856415,200,1022.103519
-121.38572,200,1022.152032
-245.111037,200,1022.198947
-126.978699,200,1022.245641
-122.005449,200,1022.373502
-127.447569,200,1022.420763
-124.286934,200,1022.468069
-344.187845,200,1022.515977
-121.897433,200,1022.561761
-247.89243,200,1022.607924
-119.790174,200,1022.655669
-369.584923,200,1022.703141
-466.479395,200,1022.749981
-338.625938,200,1022.797228
-126.362395,200,1022.925933
-127.352285,200,1022.974717
-241.37953,200,1023.022189
-248.037938,200,1023.069431
-122.084153,200,1023.115706
-128.704492,200,1023.162016
-124.579875,200,1023.209722
-245.230991,200,1023.257832
-3.13804,200,1023.304721
-124.367246,200,1023.351492
-2.53164,200,1023.479166
-118.924667,200,1023.526764
-2.162824,200,1023.574658
-234.663944,200,1023.621387
-3.707607,200,1023.667257
-236.227196,200,1023.713034
-119.042378,200,1023.759733
-237.020979,200,1023.806048
-230.534839,200,1023.852986
-240.602972,200,1023.900951
-127.772772,200,1024.027384
-237.265949,200,1024.075064
-255.520299,200,1024.122628
-126.259478,200,1024.170695
-266.870748,200,1024.217221
-116.725932,200,1024.263096
-238.798486,200,1024.309519
-120.968234,200,1024.356212
-124.264696,200,1024.402432
-118.089791,200,1024.448715
-3.988788,200,1024.579792
-127.331725,200,1024.629595
-128.492453,200,1024.679178
-348.885776,200,1024.727477
-117.87322,200,1024.775757
-124.540317,200,1024.824306
-232.699744,200,1024.87227
-115.632687,200,1024.920461
-127.589944,200,1024.969565
-121.1037,200,1025.017137
-374.301603,200,1025.1494
-124.783601,200,1025.198742
-119.865523,200,1025.246603
-243.463246,200,1025.293169
-246.539955,200,1025.338629
-126.151839,200,1025.385263
-128.104443,200,1025.430876
-127.833502,200,1025.477318
-235.905468,200,1025.526104
-3.725909,200,1025.572809
-125.456074,200,1025.70115
-120.030531,200,1025.748829
-122.641358,200,1025.79708
-254.2016,200,1025.843873
-233.556746,200,1025.891145
-125.324817,200,1025.937388
-127.382887,200,1025.984476
-127.182592,200,1026.031623
-128.496861,200,1026.078761
-237.799633,200,1026.12542
-128.989302,200,1026.255399
-127.531361,200,1026.305175
-125.677463,200,1026.355767
-3.189017,200,1026.405758
-228.172514,200,1026.455249
-241.047585,200,1026.502788
-239.46339,200,1026.550336
-121.876198,200,1026.597789
-5.571518,200,1026.642953
-117.645863,200,1026.689081
-237.102837,200,1026.816128
-118.256297,200,1026.863362
-241.117798,200,1026.910571
-3.75955,200,1026.957141
-246.356424,200,1027.003561
-245.622555,200,1027.050752
-236.581813,200,1027.098371
-125.813728,200,1027.145494
-3.040808,200,1027.191603
-124.933509,200,1027.238817
-128.811991,200,1027.369521
-238.836892,200,1027.415859
-236.034575,200,1027.462379
-121.057563,200,1027.509429
-122.322956,200,1027.555648
-125.500605,200,1027.602911
-242.650695,200,1027.649817
-235.580179,200,1027.695841
-124.960014,200,1027.742772
-125.616599,200,1027.790182
-4.168985,200,1027.918329
-237.017652,200,1027.967216
-232.082239,200,1028.013355
-127.482896,200,1028.060265
-234.867141,200,1028.107905
-237.134835,200,1028.154281
-360.763328,200,1028.200816
-241.814685,200,1028.247283
-117.026416,200,1028.294016
-240.632319,200,1028.340244
-124.920591,200,1028.46868
-226.854331,200,1028.51669
-128.450079,200,1028.564188
-130.484092,200,1028.611582
-127.677295,200,1028.65769
-4.023055,200,1028.704115
-126.679305,200,1028.750345
-127.116332,200,1028.798689
-2.812546,200,1028.845558
-233.994552,200,1028.892663
-121.582621,200,1029.045603
-126.157975,200,1029.092938
-127.327592,200,1029.139805
-237.613108,200,1029.186363
-268.887704,200,1029.233558
-121.815223,200,1029.28106
-118.305831,200,1029.327834
-119.156027,200,1029.374973
-126.401753,200,1029.421456
-242.125412,200,1029.469
-126.100374,200,1029.597609
-245.225341,200,1029.6463
-243.349865,200,1029.691575
-238.683056,200,1029.73839
-374.150343,200,1029.785529
-128.311195,200,1029.832857
-127.769417,200,1029.880399
-234.848889,200,1029.926851
-4.224632,200,1029.974242
-117.565278,200,1030.020083
-234.536152,200,1030.150172
-235.377721,200,1030.197852
-116.835741,200,1030.244999
-117.592611,200,1030.291248
-241.209299,200,1030.338957
-123.838129,200,1030.385182
-239.611102,200,1030.432578
-126.744349,200,1030.479013
-4.197044,200,1030.526375
-235.418063,200,1030.573646
-368.467267,200,1030.702771
-122.525432,200,1030.752659
-2.475709,200,1030.800226
-126.773537,200,1030.84719
-269.279429,200,1030.894516
-123.091835,200,1030.942614
-3.210347,200,1030.990216
-2.858729,200,1031.037404
-125.596356,200,1031.082299
-2.197669,200,1031.128993
-2.398441,200,1031.260778
-237.363731,200,1031.309078
-242.738501,200,1031.355951
-121.047425,200,1031.40134
-126.942772,200,1031.447649
-120.470807,200,1031.493601
-125.910311,200,1031.541055
-122.954386,200,1031.588169
-248.649988,200,1031.634905
-355.094417,200,1031.680648
-124.315773,200,1031.807879
-233.581041,200,1031.854979
-126.990177,200,1031.901636
-128.277334,200,1031.948074
-127.637903,200,1031.995626
-231.191009,200,1032.043311
-336.364637,200,1032.09027
-236.33034,200,1032.137522
-129.822378,200,1032.18372
-125.505949,200,1032.22987
-121.224727,200,1032.35892
-123.345978,200,1032.406953
-232.537765,200,1032.454008
-240.649501,200,1032.499624
-128.327881,200,1032.545758
-232.494019,200,1032.592416
-238.800507,200,1032.639166
-3.430849,200,1032.685773
-2.479189,200,1032.732313
-245.256437,200,1032.780311
-124.388679,200,1032.911703
-121.83076,200,1032.959299
-119.836405,200,1033.007348
-236.233221,200,1033.056166
-323.996074,200,1033.104297
-4.380109,200,1033.15096
-121.111315,200,1033.197909
-375.338008,200,1033.244512
-118.007822,200,1033.291807
-226.657872,200,1033.338853
-242.838486,200,1033.466517
-118.77592,200,1033.514829
-120.30984,200,1033.561927
-126.390876,200,1033.61035
-128.058217,200,1033.656724
-235.616777,200,1033.703245
-226.267494,200,1033.750838
-128.377478,200,1033.797047
-230.933156,200,1033.843899
-2.616988,200,1033.889711
-231.502045,200,1034.018215
-237.302467,200,1034.065944
-127.240646,200,1034.113959
-123.527084,200,1034.161458
-124.196682,200,1034.208807
-243.780858,200,1034.254892
-116.269154,200,1034.301482
-253.284603,200,1034.348863
-243.892859,200,1034.395401
-127.675778,200,1034.441077
-329.773367,200,1034.568387
-227.208985,200,1034.61668
-117.836788,200,1034.664224
-239.412308,200,1034.710916
-126.339154,200,1034.757183
-239.056215,200,1034.803464
-378.670369,200,1034.850029
-121.514427,200,1034.897131
-124.650132,200,1034.94357
-7.498149,200,1034.991962
-224.975013,200,1035.11923
-124.5442,200,1035.16748
-115.347778,200,1035.214758
-119.530933,200,1035.262664
-228.727893,200,1035.309521
-3.934853,200,1035.355043
-120.182108,200,1035.400703
-121.292422,200,1035.448008
-126.353109,200,1035.49473
-129.848446,200,1035.542591
-228.717639,200,1035.673222
-245.485067,200,1035.721081
-119.543138,200,1035.769134
-307.841485,200,1035.817414
-235.669379,200,1035.863396
-2.610178,200,1035.91196
-120.16835,200,1035.958805
-241.151264,200,1036.00654
-3.250058,200,1036.053541
-118.730887,200,1036.099033
-378.144539,200,1036.228996
-228.549402,200,1036.277963
-239.31893,200,1036.326137
-123.549689,200,1036.373514
-3.133989,200,1036.420617
-5.236992,200,1036.467313
-124.418827,200,1036.513937
-239.901513,200,1036.561592
-257.061026,200,1036.608739
-242.949977,200,1036.656616
-123.82146,200,1036.784157
-118.966279,200,1036.832566
-117.079115,200,1036.879585
-240.163587,200,1036.927072
-117.499309,200,1036.973632
-121.488254,200,1037.02132
-3.577886,200,1037.067798
-242.644067,200,1037.115871
-3.188074,200,1037.162006
-240.209749,200,1037.208419
-124.440208,200,1037.336239
-126.251034,200,1037.38298
-123.163692,200,1037.429823
-121.266964,200,1037.476669
-128.211,200,1037.523997
-3.164019,200,1037.571118
-331.581297,200,1037.617982
-120.565854,200,1037.665551
-121.326688,200,1037.712119
-3.250356,200,1037.75931
-3.085888,200,1037.887492
-331.715885,200,1037.936097
-122.610759,200,1037.983649
-4.157569,200,1038.03128
-127.458391,200,1038.077402
-124.75734,200,1038.125491
-127.382108,200,1038.172313
-4.292761,200,1038.219453
-345.898225,200,1038.266283
-123.53799,200,1038.313736
-245.726942,200,1038.468239
-4.623257,200,1038.515361
-126.139412,200,1038.562415
-241.464447,200,1038.60901
-119.510507,200,1038.65657
-3.386035,200,1038.703155
-3.032278,200,1038.750429
-126.288592,200,1038.796734
-119.880656,200,1038.843612
-253.997024,200,1038.890759
-121.604668,200,1039.020181
-122.795532,200,1039.067491
-128.214598,200,1039.114431
-244.880345,200,1039.161423
-315.394359,200,1039.208531
-374.346216,200,1039.253776
-127.357539,200,1039.300142
-124.298296,200,1039.347217
-127.985451,200,1039.39491
-226.659603,200,1039.441342
-5.173145,200,1039.569215
-129.184929,200,1039.617895
-121.784235,200,1039.664229
-116.417025,200,1039.712256
-243.907574,200,1039.759596
-242.239633,200,1039.806575
-129.089867,200,1039.852766
-125.775046,200,1039.899591
-120.101352,200,1039.94601
-239.620884,200,1039.992578
-241.67812,200,1040.121267
-124.287545,200,1040.168942
-242.065748,200,1040.216841
-226.279046,200,1040.264672
-5.039301,200,1040.312286
-122.10466,200,1040.359995
-128.858004,200,1040.406517
-4.040774,200,1040.453634
-4.387062,200,1040.500512
-239.451759,200,1040.547503
-5.516087,200,1040.676948
-122.355949,200,1040.724827
-233.587127,200,1040.773046
-127.495418,200,1040.821734
-127.595938,200,1040.868551
-123.858799,200,1040.914583
-123.829352,200,1040.960787
-120.400437,200,1041.007974
-231.841163,200,1041.05462
-5.443074,200,1041.101564
-4.074747,200,1041.233691
-237.513391,200,1041.282646
-226.898281,200,1041.330274
-239.027723,200,1041.376801
-3.988313,200,1041.423875
-241.659378,200,1041.470811
-245.197614,200,1041.517384
-119.299006,200,1041.565031
-242.333022,200,1041.612546
-246.28843,200,1041.659012
-120.225272,200,1041.78589
-124.257529,200,1041.833351
-129.675139,200,1041.880891
-240.209564,200,1041.92727
-122.240603,200,1041.973245
-127.999582,200,1042.02031
-2.986722,200,1042.065589
-253.514518,200,1042.111674
-125.299488,200,1042.158451
-122.396964,200,1042.204698
-8.309227,200,1042.3315
-127.871874,200,1042.37988
-128.433583,200,1042.425951
-124.89322,200,1042.473684
-129.315024,200,1042.520296
-125.469242,200,1042.567671
-127.204062,200,1042.614511
-235.250312,200,1042.660986
-123.906391,200,1042.707281
-124.258442,200,1042.753495
-126.885905,200,1042.880793
-346.187722,200,1042.929118
-122.550374,200,1042.975527
-123.700936,200,1043.022062
-236.688796,200,1043.068496
-376.440109,200,1043.114751
-119.700976,200,1043.161068
-127.73646,200,1043.207638
-124.601429,200,1043.253779
-117.792295,200,1043.29966
-127.62626,200,1043.426402
-128.714054,200,1043.473831
-3.433311,200,1043.521291
-124.79235,200,1043.567792
-6.340236,200,1043.613542
-4.812456,200,1043.660901
-118.71561,200,1043.708434
-119.609714,200,1043.755344
-235.430971,200,1043.801779
-120.777091,200,1043.848167
-232.885977,200,1043.978794
-124.239285,200,1044.02704
-4.086178,200,1044.074697
-122.301601,200,1044.12131
-4.18971,200,1044.168062
-125.826204,200,1044.214615
-4.215255,200,1044.261369
-235.262311,200,1044.307692
-121.703931,200,1044.355831
-127.83497,200,1044.402612
-376.900517,200,1044.530625
-125.441395,200,1044.577319
-119.290663,200,1044.624665
-125.954378,200,1044.670552
-128.081952,200,1044.716405
-3.771827,200,1044.763158
-127.780845,200,1044.810535
-129.2624,200,1044.856508
-390.260484,200,1044.901756
-127.183839,200,1044.948484
-3.820948,200,1045.077012
-117.525401,200,1045.124491
-254.160211,200,1045.17075
-120.950787,200,1045.216283
-119.244658,200,1045.262516
-120.322046,200,1045.30883
-3.460895,200,1045.354691
-242.928298,200,1045.401435
-2.793236,200,1045.447566
-343.416058,200,1045.493792
-119.503451,200,1045.62077
-3.019491,200,1045.6689
-118.830208,200,1045.715989
-236.941528,200,1045.763019
-239.463177,200,1045.811434
-4.92755,200,1045.858765
-233.002167,200,1045.907042
-120.563718,200,1045.954359
-125.85484,200,1046.000828
-5.34549,200,1046.04781
-3.862875,200,1046.179567
-121.595384,200,1046.228248
-126.621891,200,1046.27681
-122.577548,200,1046.323874
-127.909552,200,1046.371225
-332.064122,200,1046.418813
-3.162688,200,1046.465101
-240.928557,200,1046.512786
-119.312999,200,1046.558939
-126.94374,200,1046.604423
-234.048467,200,1046.734968
-128.634664,200,1046.784602
-127.242013,200,1046.832328
-124.300573,200,1046.879756
-233.188814,200,1046.92674
-4.262013,200,1046.973545
-246.851913,200,1047.021366
-128.574529,200,1047.069941
-236.621108,200,1047.115705
-126.842451,200,1047.16277
-3.346719,200,1047.316243
-311.501173,200,1047.363573
-128.472362,200,1047.411368
-124.667678,200,1047.458739
-122.080424,200,1047.506041
-238.995746,200,1047.553291
-126.480584,200,1047.599909
-116.770467,200,1047.646778
-3.762255,200,1047.69373
-129.702469,200,1047.740147
-127.163852,200,1047.86787
-343.421745,200,1047.914883
-129.037114,200,1047.961678
-123.819023,200,1048.008658
-233.733326,200,1048.054757
-126.670396,200,1048.101368
-126.106034,200,1048.149389
-244.184904,200,1048.196201
-118.746625,200,1048.242211
-241.608621,200,1048.289935
-2.993768,200,1048.418494
-120.229418,200,1048.464861
-116.350326,200,1048.510951
-236.038473,200,1048.55657
-125.951452,200,1048.602636
-127.561797,200,1048.648734
-118.932101,200,1048.6947
-127.127108,200,1048.741774
-129.013107,200,1048.788466
-121.087823,200,1048.83469
-121.890328,200,1048.963151
-126.121631,200,1049.010837
-122.806918,200,1049.058043
-241.443406,200,1049.105092
-242.239572,200,1049.15043
-353.694328,200,1049.196704
-230.307956,200,1049.24241
-125.909538,200,1049.289995
-356.607338,200,1049.336417
-125.519997,200,1049.382561
-258.496984,200,1049.512508
-126.127235,200,1049.559388
-4.602356,200,1049.606086
-125.362342,200,1049.653854
-234.758564,200,1049.700081
-128.004006,200,1049.746815
-3.145174,200,1049.794402
-4.454661,200,1049.842166
-120.549204,200,1049.888252
-241.865296,200,1049.933854
-128.607862,200,1050.063453
-121.029872,200,1050.110868
-256.471895,200,1050.157931
-3.60302,200,1050.204724
-119.07505,200,1050.250174
-125.232618,200,1050.297212
-3.467628,200,1050.34434
-240.945849,200,1050.392031
-123.878981,200,1050.439069
-115.901885,200,1050.487446
-126.094742,200,1050.614998
-238.706644,200,1050.663546
-3.71821,200,1050.710631
-263.917761,200,1050.756714
-239.906007,200,1050.803802
-243.32923,200,1050.851029
-354.585786,200,1050.89878
-121.395905,200,1050.946158
-129.379364,200,1050.992775
-121.822944,200,1051.040285
-126.147156,200,1051.169339
-119.158495,200,1051.218093
-236.806803,200,1051.264976
-115.345804,200,1051.312171
-245.267995,200,1051.358577
-2.498473,200,1051.405215
-239.978457,200,1051.451824
-120.776703,200,1051.499082
-126.436193,200,1051.546103
-118.678323,200,1051.593257
-128.001827,200,1051.721912
-6.132838,200,1051.769236
-3.077992,200,1051.816424
-3.449759,200,1051.862936
-127.84691,200,1051.909909
-128.260204,200,1051.956405
-2.059952,200,1052.003843
-119.3647,200,1052.051569
-243.130774,200,1052.097497
-124.645939,200,1052.143304
-125.508299,200,1052.275036
-124.047036,200,1052.322804
-249.57564,200,1052.37127
-128.315461,200,1052.418214
-3.418992,200,1052.464756
-120.109848,200,1052.512523
-255.170509,200,1052.559149
-126.377992,200,1052.606071
-229.491311,200,1052.652139
-119.411498,200,1052.698175
-243.974783,200,1052.826713
-121.961855,200,1052.875335
-239.864717,200,1052.923119
-234.762943,200,1052.970314
-118.587376,200,1053.018037
-120.661662,200,1053.064091
-232.311847,200,1053.111031
-127.084431,200,1053.157311
-127.07784,200,1053.2042
-241.943823,200,1053.251414
-3.104592,200,1053.379657
-121.15522,200,1053.426512
-5.693372,200,1053.473638
-367.588136,200,1053.519918
-125.527753,200,1053.56649
-116.387004,200,1053.612933
-126.017017,200,1053.658676
-117.037654,200,1053.706204
-235.368512,200,1053.752998
-123.009146,200,1053.800512
-3.352611,200,1053.928097
-118.124437,200,1053.9754
-2.185575,200,1054.02357
-4.02958,200,1054.070239
-122.024183,200,1054.11639
-3.63665,200,1054.162938
-226.889099,200,1054.209109
-120.848404,200,1054.255693
-117.79334,200,1054.302968
-128.309332,200,1054.349608
-346.626671,200,1054.477309
-117.833036,200,1054.525562
-252.284029,200,1054.575317
-3.010238,200,1054.623534
-243.52308,200,1054.670476
-126.947174,200,1054.717696
-127.070943,200,1054.765011
-2.41948,200,1054.813432
-230.299122,200,1054.8614
-250.060415,200,1054.908305
-370.329457,200,1055.041702
-122.245634,200,1055.0895
-120.228423,200,1055.136981
-351.028516,200,1055.184763
-125.479723,200,1055.232059
-231.804743,200,1055.27774
-125.965208,200,1055.32407
-227.034821,200,1055.370998
-119.181914,200,1055.417328
-124.281144,200,1055.463633
-119.505789,200,1055.592336
-120.230729,200,1055.641012
-118.018788,200,1055.687447
-127.047953,200,1055.734508
-252.134271,200,1055.782584
-237.982035,200,1055.830102
-128.515045,200,1055.878472
-122.213062,200,1055.925387
-226.237427,200,1055.971277
-239.559165,200,1056.018369
-229.996149,200,1056.175741
-245.491903,200,1056.225221
-127.391665,200,1056.273012
-252.542904,200,1056.323048
-370.255546,200,1056.374778
-3.129747,200,1056.423388
-239.820826,200,1056.470341
-243.098742,200,1056.517247
-251.101284,200,1056.563765
-126.419538,200,1056.610534
-241.337706,200,1056.73967
-4.246115,200,1056.787772
-122.136292,200,1056.834498
-330.438264,200,1056.881606
-236.81864,200,1056.929409
-129.998215,200,1056.976032
-2.585328,200,1057.023918
-129.313641,200,1057.069845
-238.922319,200,1057.117723
-255.533863,200,1057.164769
-119.622065,200,1057.293953
-132.341918,200,1057.341328
-127.069592,200,1057.387643
-2.961979,200,1057.433645
-235.912471,200,1057.480426
-129.616855,200,1057.527402
-2.70319,200,1057.574299
-118.812849,200,1057.621474
-129.871325,200,1057.667929
-356.924584,200,1057.714451
-117.811965,200,1057.846727
-117.050771,200,1057.894089
-243.645867,200,1057.941942
-238.27197,200,1057.988999
-128.135405,200,1058.036392
-127.936479,200,1058.084521
-123.13286,200,1058.13135
-119.263239,200,1058.178679
-245.091582,200,1058.225829
-238.992512,200,1058.271546
-126.731143,200,1058.400241
-241.58702,200,1058.447308
-120.075993,200,1058.493846
-126.377384,200,1058.540361
-250.067829,200,1058.587453
-125.048679,200,1058.634876
-126.479351,200,1058.681848
-233.073781,200,1058.72862
-2.148967,200,1058.775232
-116.791104,200,1058.821741
-358.680942,200,1058.94947
-239.125396,200,1058.997112
-117.22022,200,1059.043748
-125.372712,200,1059.090117
-125.268559,200,1059.136977
-3.843147,200,1059.183365
-241.736581,200,1059.229471
-124.190671,200,1059.276428
-128.929066,200,1059.322683
-244.574805,200,1059.36896
-366.57809,200,1059.495669
-130.672048,200,1059.542788
-121.340717,200,1059.589368
-126.411064,200,1059.635907
-118.716814,200,1059.681354
-118.793227,200,1059.727427
-274.123593,200,1059.774811
-4.092725,200,1059.821483
-129.604651,200,1059.867475
-119.59769,200,1059.91359
-240.609366,200,1060.042326
-122.804151,200,1060.08966
-126.956265,200,1060.136838
-122.017494,200,1060.182995
-237.456631,200,1060.230214
-123.839653,200,1060.27759
-4.232467,200,1060.323591
-6.743289,200,1060.369367
-119.121106,200,1060.415677
-117.983136,200,1060.461732
-128.487449,200,1060.591114
-3.438029,200,1060.639206
-3.759139,200,1060.68682
-236.167776,200,1060.734258
-129.430794,200,1060.780954
-128.845137,200,1060.826855
-130.431,200,1060.874471
-124.159442,200,1060.921226
-122.655462,200,1060.968123
-252.247425,200,1061.014803
-236.527628,200,1061.144363
-117.993568,200,1061.194836
-122.763911,200,1061.242961
-120.208468,200,1061.29119
-236.508337,200,1061.337839
-230.388827,200,1061.384021
-122.59683,200,1061.430845
-3.078456,200,1061.47796
-235.87109,200,1061.525034
-3.456751,200,1061.571778
-121.86472,200,1061.700494
-124.336312,200,1061.74846
-126.26243,200,1061.795979
-125.417337,200,1061.843356
-127.888996,200,1061.890193
-125.4257,200,1061.936542
-126.785499,200,1061.98371
-123.190852,200,1062.030688
-120.004965,200,1062.076938
-251.826307,200,1062.123288
-119.686309,200,1062.25238
-292.215576,200,1062.300284
-2.701717,200,1062.346582
-118.69693,200,1062.393332
-116.610442,200,1062.440955
-123.041927,200,1062.487909
-126.106851,200,1062.536487
-364.872074,200,1062.58345
-236.695698,200,1062.630107
-357.927601,200,1062.67599
-126.781013,200,1062.803838
-2.902127,200,1062.851857
-122.295049,200,1062.899575
-125.379562,200,1062.946758
-246.842579,200,1062.993643
-3.1683,200,1063.0411
-116.940536,200,1063.088525
-128.053288,200,1063.13505
-121.297388,200,1063.182024
-127.635034,200,1063.227707
-127.015552,200,1063.358071
-242.751803,200,1063.405737
-359.222281,200,1063.453093
-126.218372,200,1063.501001
-119.864379,200,1063.547417
-128.39164,200,1063.594135
-121.212952,200,1063.640664
-126.441956,200,1063.687099
-118.875977,200,1063.734183
-226.610737,200,1063.78004
-121.486944,200,1063.909123
-129.610586,200,1063.956895
-229.982556,200,1064.003764
-239.316992,200,1064.051544
-127.265572,200,1064.09847
-239.439542,200,1064.145227
-127.083655,200,1064.189999
-116.553847,200,1064.236102
-3.478039,200,1064.283439
-127.745439,200,1064.330672
-116.535801,200,1064.457769
-4.373372,200,1064.530152
-115.946225,200,1064.579798
-3.713319,200,1064.626883
-120.86676,200,1064.673869
-121.141637,200,1064.720661
-239.365908,200,1064.766407
-128.173103,200,1064.812796
-122.653439,200,1064.86002
-2.516905,200,1064.907479
-123.405443,200,1065.037157
-122.306604,200,1065.08497
-118.900114,200,1065.13064
-121.831541,200,1065.177651
-126.996012,200,1065.224481
-125.049191,200,1065.272379
-123.855591,200,1065.319262
-124.478086,200,1065.365138
-241.481017,200,1065.41218
-125.938889,200,1065.459338
-126.747485,200,1065.587812
-117.193658,200,1065.635439
-123.010931,200,1065.682601
-125.331247,200,1065.730536
-238.112473,200,1065.780273
-126.095056,200,1065.828004
-126.244064,200,1065.876244
-116.578839,200,1065.923701
-127.065405,200,1065.971491
-349.419713,200,1066.01784
-119.144677,200,1066.14937
-120.119985,200,1066.199876
-242.958538,200,1066.247438
-117.05194,200,1066.294324
-493.405467,200,1066.34105
-127.507809,200,1066.388405
-245.982861,200,1066.435432
-126.409864,200,1066.482682
-119.61001,200,1066.529131
-122.775157,200,1066.57551
-257.672881,200,1066.704667
-255.261134,200,1066.752451
-364.183982,200,1066.80011
-358.201423,200,1066.846767
-123.702794,200,1066.892636
-2.866472,200,1066.937822
-354.110037,200,1066.984022
-251.793618,200,1067.031119
-121.448463,200,1067.077794
-119.565547,200,1067.124889
-133.117613,200,1067.250944
-242.034444,200,1067.29823
-121.921825,200,1067.345126
-5.027209,200,1067.391986
-2.48356,200,1067.437966
-338.823979,200,1067.484639
-115.587752,200,1067.530391
-262.460326,200,1067.577081
-126.416718,200,1067.622892
-251.912122,200,1067.670173
-250.504399,200,1067.79679
-8.600709,200,1067.844307
-121.650295,200,1067.891271
-126.975459,200,1067.938624
-122.091869,200,1067.985529
-249.398077,200,1068.031524
-118.705545,200,1068.0782
-119.18053,200,1068.12435
-6.061651,200,1068.170642
-127.727564,200,1068.216643
-235.406297,200,1068.343345
-124.999763,200,1068.39008
-242.621005,200,1068.436387
-127.518403,200,1068.481989
-255.680111,200,1068.528515
-116.67661,200,1068.576056
-244.980941,200,1068.623436
-353.061243,200,1068.669996
-121.506729,200,1068.715769
-238.177542,200,1068.762024
-117.894584,200,1068.894131
-8.73394,200,1068.942416
-255.57358,200,1068.989594
-126.343348,200,1069.036622
-121.649263,200,1069.083092
-117.14811,200,1069.13096
-122.464812,200,1069.178136
-136.091131,200,1069.22432
-243.675368,200,1069.271364
-5.212128,200,1069.318917
-125.098499,200,1069.447379
-245.307906,200,1069.494958
-311.903123,200,1069.541473
-8.049225,200,1069.58891
-125.513053,200,1069.635934
-132.431257,200,1069.682092
-245.851285,200,1069.728111
-124.067913,200,1069.773882
-127.732572,200,1069.821713
-234.316996,200,1069.868787
-124.554006,200,1069.998781
-121.980045,200,1070.047397
-127.175741,200,1070.094604
-319.310955,200,1070.141341
-128.347419,200,1070.188381
-131.637047,200,1070.235521
-124.45511,200,1070.282549
-231.490198,200,1070.330004
-230.513941,200,1070.376681
-123.83342,200,1070.424871
-242.171972,200,1070.551981
-124.653785,200,1070.599939
-121.200868,200,1070.647719
-122.190302,200,1070.69432
-128.352736,200,1070.740176
-369.306913,200,1070.786173
-119.281373,200,1070.833372
-3.589158,200,1070.879333
-249.415403,200,1070.925434
-125.132158,200,1070.971904
-120.319658,200,1071.100968
-127.157977,200,1071.148973
-125.710638,200,1071.199183
-238.783259,200,1071.247343
-239.504675,200,1071.293544
-252.709198,200,1071.340394
-123.114502,200,1071.386684
-122.972698,200,1071.433669
-128.532428,200,1071.480396
-243.667968,200,1071.527688
-118.343676,200,1071.657461
-127.634515,200,1071.704985
-126.207448,200,1071.751565
-128.192636,200,1071.79896
-129.214696,200,1071.845962
-125.163681,200,1071.891976
-235.887476,200,1071.938234
-309.570062,200,1071.985218
-239.463392,200,1072.031935
-117.750204,200,1072.079337
-120.219587,200,1072.207129
-260.299114,200,1072.254356
-131.165686,200,1072.301588
-2.216321,200,1072.34853
-374.612174,200,1072.395667
-277.580293,200,1072.442572
-121.484895,200,1072.488233
-116.695366,200,1072.535248
-126.439054,200,1072.58134
-2.224672,200,1072.628416
-116.028885,200,1072.755368
-127.05225,200,1072.802952
-128.97365,200,1072.851037
-311.218751,200,1072.899218
-239.857092,200,1072.946282
-127.401266,200,1072.993991
-126.623258,200,1073.041909
-126.09682,200,1073.089153
-117.818303,200,1073.135162
-5.686422,200,1073.181573
-232.42518,200,1073.308604
-360.219686,200,1073.379288
-122.875426,200,1073.427716
-1.972289,200,1073.474573
-125.170787,200,1073.520638
-2.643015,200,1073.566529
-121.762835,200,1073.613574
-121.378448,200,1073.659888
-245.818753,200,1073.706196
-131.522401,200,1073.752283
-118.331588,200,1073.881043
-231.857534,200,1073.927459
-122.749849,200,1073.974274
-237.16243,200,1074.019503
-121.039152,200,1074.067369
-123.631358,200,1074.114672
-123.101626,200,1074.160064
-131.092177,200,1074.207084
-115.649518,200,1074.253393
-238.520391,200,1074.29992
-123.505919,200,1074.429803
-121.574809,200,1074.476826
-127.72698,200,1074.524365
-121.686677,200,1074.571755
-125.748684,200,1074.618383
-230.598943,200,1074.665547
-120.386552,200,1074.712765
-122.341764,200,1074.759629
-120.23383,200,1074.806562
-124.07045,200,1074.854496
-4.252098,200,1074.981739
-126.767664,200,1075.030117
-123.229658,200,1075.077369
-117.949481,200,1075.123258
-235.81207,200,1075.170275
-237.160819,200,1075.215179
-237.824166,200,1075.260984
-125.643188,200,1075.307974
-237.399128,200,1075.354842
-127.031914,200,1075.400938
-121.0581,200,1075.529323
-123.178633,200,1075.577942
-301.092314,200,1075.625138
-118.546033,200,1075.67251
-127.935083,200,1075.718386
-127.75517,200,1075.765331
-116.451222,200,1075.812069
-250.551046,200,1075.85881
-127.589474,200,1075.905252
-236.909459,200,1075.95307
-122.152117,200,1076.081786
-129.858823,200,1076.129374
-128.94169,200,1076.178042
-3.417991,200,1076.226447
-237.721122,200,1076.273331
-239.429268,200,1076.3206
-247.662287,200,1076.367077
-5.567045,200,1076.414266
-123.012383,200,1076.461091
-2.80214,200,1076.507023
-127.3774,200,1076.634414
-129.60952,200,1076.681974
-116.633541,200,1076.730673
-123.024387,200,1076.778391
-231.1529,200,1076.825749
-129.885693,200,1076.871175
-122.6951,200,1076.918264
-117.519941,200,1076.965601
-118.193457,200,1077.011482
-6.004059,200,1077.059559
-264.712338,200,1077.190663
-119.818784,200,1077.238474
-2.928629,200,1077.286509
-122.376282,200,1077.333775
-124.094661,200,1077.380986
-126.968752,200,1077.42812
-127.989851,200,1077.47549
-127.661053,200,1077.523249
-117.509665,200,1077.569359
-127.789302,200,1077.615467
-123.818873,200,1077.743515
-246.60957,200,1077.791878
-233.114329,200,1077.838423
-326.228091,200,1077.884686
-2.959193,200,1077.930751
-247.655452,200,1077.977049
-244.509981,200,1078.023488
-121.439228,200,1078.071614
-124.589315,200,1078.117949
-121.29569,200,1078.164852
-126.863802,200,1078.291097
-125.910135,200,1078.339118
-119.740918,200,1078.386156
-127.651655,200,1078.432292
-127.655392,200,1078.479085
-116.755457,200,1078.525045
-2.988686,200,1078.570918
-234.33363,200,1078.618195
-2.54845,200,1078.664626
-121.307453,200,1078.709641
-123.54757,200,1078.837028
-126.862024,200,1078.885196
-120.491559,200,1078.932929
-124.560979,200,1078.979845
-127.195124,200,1079.026716
-248.661737,200,1079.073557
-126.366103,200,1079.120382
-127.596405,200,1079.167558
-121.867416,200,1079.21377
-118.78827,200,1079.260476
-128.032795,200,1079.387978
-120.597015,200,1079.436218
-243.447374,200,1079.483157
-126.790776,200,1079.528927
-125.888629,200,1079.575217
-3.425189,200,1079.621515
-3.788125,200,1079.667099
-337.76935,200,1079.714385
-2.175475,200,1079.761164
-236.883424,200,1079.808702
-119.020997,200,1079.939056
-237.543404,200,1079.987645
-127.003394,200,1080.035355
-372.095129,200,1080.083063
-120.811069,200,1080.129891
-130.40608,200,1080.176338
-366.48283,200,1080.221928
-372.247396,200,1080.268816
-239.886336,200,1080.315777
-126.67688,200,1080.36211
-128.05403,200,1080.489741
-226.504151,200,1080.537402
-238.323895,200,1080.584645
-115.591212,200,1080.630954
-238.596991,200,1080.677872
-229.05039,200,1080.723661
-2.706159,200,1080.770105
-3.133266,200,1080.818453
-237.634781,200,1080.864558
-119.176242,200,1080.911247
-238.008238,200,1081.038831
-118.27677,200,1081.086778
-254.389735,200,1081.134892
-127.304497,200,1081.186147
-243.519934,200,1081.234389
-128.398139,200,1081.281869
-238.833922,200,1081.327431
-234.573813,200,1081.373998
-120.267676,200,1081.420892
-122.752164,200,1081.467042
-258.708398,200,1081.59429
-123.720694,200,1081.64217
-250.436458,200,1081.68954
-2.477275,200,1081.736101
-126.48221,200,1081.783776
-119.086388,200,1081.830126
-119.047363,200,1081.876667
-118.366785,200,1081.922583
-2.662414,200,1081.969043
-351.356658,200,1082.016736
-240.917088,200,1082.146352
-315.792643,200,1082.195015
-125.931595,200,1082.242941
-129.218211,200,1082.289265
-123.227696,200,1082.335136
-121.563325,200,1082.381179
-128.503459,200,1082.427244
-122.758889,200,1082.47385
-127.590289,200,1082.519409
-246.607442,200,1082.565643
-284.337888,200,1082.720447
-123.16835,200,1082.768536
-4.099271,200,1082.816061
-236.979337,200,1082.863837
-123.828112,200,1082.9113
-243.91591,200,1082.957934
-121.686875,200,1083.005403
-232.30977,200,1083.052056
-130.678921,200,1083.099716
-252.669213,200,1083.145958
-237.772213,200,1083.274579
-226.710752,200,1083.323033
-126.018995,200,1083.370886
-3.684609,200,1083.417728
-126.977639,200,1083.46401
-253.837005,200,1083.509758
-123.962077,200,1083.556701
-7.580537,200,1083.602744
-237.017846,200,1083.648903
-359.295995,200,1083.695666
-123.885217,200,1083.823878
-134.61996,200,1083.871858
-116.155906,200,1083.919157
-239.71059,200,1083.967169
-4.574192,200,1084.013034
-124.911899,200,1084.059799
-231.090934,200,1084.107814
-118.126097,200,1084.154009
-236.897776,200,1084.200369
-235.227612,200,1084.246853
-127.720986,200,1084.375887
-239.676576,200,1084.424057
-363.027867,200,1084.470297
-244.457852,200,1084.51694
-125.929248,200,1084.566249
-130.403114,200,1084.614999
-122.920555,200,1084.663097
-123.009646,200,1084.711043
-243.031209,200,1084.758938
-129.827081,200,1084.806887
-126.589706,200,1084.937927
-124.804561,200,1084.987955
-3.33741,200,1085.036551
-3.220572,200,1085.085246
-244.045366,200,1085.1323
-126.861284,200,1085.179821
-235.887454,200,1085.228958
-221.55924,200,1085.276847
-373.998142,200,1085.324746
-235.643731,200,1085.372788
-126.935698,200,1085.504926
-237.728556,200,1085.551922
-304.206141,200,1085.598393
-121.384634,200,1085.645437
-3.449141,200,1085.692996
-123.751043,200,1085.739796
-126.394111,200,1085.78741
-127.368086,200,1085.834359
-365.775904,200,1085.880328
-120.048849,200,1085.926364
-125.217604,200,1086.055241
-232.916504,200,1086.10397
-118.457138,200,1086.15049
-371.656303,200,1086.201206
-128.929019,200,1086.249479
-128.890272,200,1086.299104
-127.169305,200,1086.347288
-126.278373,200,1086.398602
-3.611687,200,1086.447547
-121.325393,200,1086.494919
-244.62032,200,1086.622724
-119.533237,200,1086.670544
-125.384475,200,1086.717671
-249.309592,200,1086.765233
-237.227544,200,1086.812892
-127.632199,200,1086.860329
-119.602338,200,1086.908982
-125.636437,200,1086.956385
-3.138323,200,1087.003821
-121.55105,200,1087.050401
-117.627443,200,1087.179176
-126.570909,200,1087.226793
-247.500751,200,1087.272854
-117.794313,200,1087.320232
-126.418753,200,1087.365923
-118.808611,200,1087.412799
-2.928288,200,1087.459459
-3.341353,200,1087.506601
-120.39234,200,1087.554137
-128.224105,200,1087.600569
-246.41273,200,1087.728577
-237.461827,200,1087.777216
-126.059888,200,1087.824376
-126.429139,200,1087.870583
-333.601598,200,1087.916565
-244.67261,200,1087.963107
-241.937638,200,1088.00955
-128.360907,200,1088.057254
-130.187774,200,1088.104972
-3.501581,200,1088.153226
-245.253574,200,1088.283174
-289.20403,200,1088.33114
-230.891183,200,1088.37813
-260.111857,200,1088.424761
-237.290228,200,1088.471304
-122.108982,200,1088.519291
-129.872227,200,1088.565452
-119.789724,200,1088.612054
-119.084604,200,1088.658727
-244.443099,200,1088.706265
-118.011281,200,1088.834321
-120.207666,200,1088.882138
-128.088694,200,1088.930255
-121.277908,200,1088.976533
-244.181509,200,1089.024131
-120.766412,200,1089.071791
-240.770847,200,1089.119428
-120.826205,200,1089.165453
-236.278885,200,1089.212206
-236.12476,200,1089.260102
-126.589625,200,1089.389658
-118.89572,200,1089.437371
-122.865205,200,1089.485132
-325.764462,200,1089.531433
-123.067219,200,1089.576858
-127.291838,200,1089.623879
-127.370075,200,1089.671676
-4.519388,200,1089.718759
-365.374985,200,1089.766026
-238.881223,200,1089.813191
-248.218456,200,1089.940798
-125.800829,200,1089.987937
-131.165952,200,1090.035461
-234.028205,200,1090.083498
-245.614998,200,1090.130826
-4.246994,200,1090.177363
-125.543395,200,1090.223667
-125.984679,200,1090.271455
-232.641437,200,1090.318136
-120.799612,200,1090.365711
-127.361649,200,1090.494471
-3.742439,200,1090.5425
-229.707496,200,1090.590715
-118.841323,200,1090.637866
-118.082896,200,1090.68527
-128.479459,200,1090.732479
-240.914863,200,1090.779755
-118.680921,200,1090.826182
-3.637429,200,1090.873339
-123.432019,200,1090.921211
-128.700399,200,1091.052139
-126.326895,200,1091.100187
-249.270443,200,1091.14747
-3.076374,200,1091.197014
-127.683444,200,1091.246795
-119.026639,200,1091.294026
-121.999918,200,1091.340504
-244.424139,200,1091.387571
-122.051806,200,1091.434462
-121.403557,200,1091.480959
-4.506987,200,1091.634041
-3.476,200,1091.681983
-124.587218,200,1091.729685
-248.531184,200,1091.776343
-125.212976,200,1091.824064
-126.60097,200,1091.87226
-128.194092,200,1091.920313
-227.743497,200,1091.97126
-119.853921,200,1092.022098
-128.038629,200,1092.070388
-120.478275,200,1092.200648
-125.08189,200,1092.247517
-2.835781,200,1092.294687
-122.832146,200,1092.341913
-276.462228,200,1092.389137
-118.068633,200,1092.434969
-117.833472,200,1092.48157
-2.143437,200,1092.529191
-3.739387,200,1092.575953
-234.228615,200,1092.622778
-1.879579,200,1092.749527
-235.158011,200,1092.798121
-5.155791,200,1092.846187
-226.354522,200,1092.893592
-241.898649,200,1092.940024
-122.541487,200,1092.987706
-127.38061,200,1093.035795
-3.417342,200,1093.082087
-125.332269,200,1093.129129
-124.010124,200,1093.176601
-239.813179,200,1093.305407
-126.726891,200,1093.352658
-125.162396,200,1093.399816
-235.193108,200,1093.446354
-240.752821,200,1093.492981
-125.331442,200,1093.53985
-128.026226,200,1093.586461
-122.915145,200,1093.633713
-2.670757,200,1093.679892
-126.614703,200,1093.726898
-233.589959,200,1093.859026
-125.445279,200,1093.906583
-239.450976,200,1093.953492
-2.910706,200,1094.00059
-118.259953,200,1094.047001
-124.829771,200,1094.093707
-3.684156,200,1094.141931
-119.439151,200,1094.190884
-240.145298,200,1094.238863
-353.101553,200,1094.286242
-356.04152,200,1094.416372
-121.22393,200,1094.463432
-118.399017,200,1094.510891
-121.813416,200,1094.557801
-118.828293,200,1094.60458
-352.136646,200,1094.651417
-243.086586,200,1094.698946
-121.799067,200,1094.745822
-126.188349,200,1094.793485
-121.335843,200,1094.84038
-6.682295,200,1094.966474
-126.325712,200,1095.01494
-250.689233,200,1095.063755
-127.451632,200,1095.11121
-125.053425,200,1095.158342
-240.724299,200,1095.206131
-127.855083,200,1095.253746
-2.000028,200,1095.300893
-125.869812,200,1095.347859
-125.875078,200,1095.394635
-116.818512,200,1095.522204
-3.765995,200,1095.569933
-240.932342,200,1095.617721
-4.522766,200,1095.664679
-124.17011,200,1095.712186
-234.550911,200,1095.76018
-118.964578,200,1095.806851
-120.499979,200,1095.853218
-119.289106,200,1095.899769
-250.582051,200,1095.945843
-129.584236,200,1096.073959
-245.854693,200,1096.122284
-228.124092,200,1096.169797
-120.002915,200,1096.21917
-2.6735,200,1096.265905
-224.440561,200,1096.313513
-2.504034,200,1096.359704
-118.503782,200,1096.405635
-2.980052,200,1096.450505
-227.536728,200,1096.497752
-126.107764,200,1096.627921
-253.157356,200,1096.675957
-241.180282,200,1096.72331
-350.369031,200,1096.771202
-118.012512,200,1096.817215
-330.796801,200,1096.864102
-241.464431,200,1096.91095
-121.130035,200,1096.957617
-287.041321,200,1097.00392
-357.295957,200,1097.0514
-122.033527,200,1097.179503
-120.495877,200,1097.227056
-125.009479,200,1097.274083
-239.718503,200,1097.321645
-245.489337,200,1097.370481
-4.060148,200,1097.417002
-239.492522,200,1097.462352
-121.845738,200,1097.510102
-226.50194,200,1097.556563
-120.225045,200,1097.60289
-2.846271,200,1097.730475
-119.831185,200,1097.778118
-122.028168,200,1097.825276
-3.227219,200,1097.87311
-246.404061,200,1097.919339
-117.851887,200,1097.965123
-246.692627,200,1098.011957
-124.692653,200,1098.058764
-121.711784,200,1098.105514
-340.804751,200,1098.15358
-237.69553,200,1098.281638
-121.247075,200,1098.328595
-128.462604,200,1098.376063
-248.307482,200,1098.422806
-234.495071,200,1098.470224
-241.369529,200,1098.517491
-114.99874,200,1098.563826
-242.369022,200,1098.61048
-244.695074,200,1098.658564
-350.693921,200,1098.706152
-120.185826,200,1098.834183
-127.876777,200,1098.8818
-2.152678,200,1098.929088
-123.531623,200,1098.9764
-125.978524,200,1099.022336
-128.125448,200,1099.06876
-124.236524,200,1099.116876
-122.079854,200,1099.163849
-3.140866,200,1099.210213
-3.230535,200,1099.25719
-120.297268,200,1099.388647
-118.650933,200,1099.436912
-240.510597,200,1099.484249
-226.209313,200,1099.530435
-368.403937,200,1099.57804
-234.404172,200,1099.623881
-127.746165,200,1099.670622
-119.079996,200,1099.717075
-364.004193,200,1099.76444
-124.657814,200,1099.811526
-4.737029,200,1099.942666
-127.812937,200,1099.990722
-118.269542,200,1100.039195
-228.572135,200,1100.086164
-127.732691,200,1100.133949
-126.879157,200,1100.17995
-128.270982,200,1100.227122
-236.293978,200,1100.274212
-244.707072,200,1100.320963
-349.127613,200,1100.368787
-127.925788,200,1100.523551
-234.675761,200,1100.57201
-119.291084,200,1100.619379
-117.151953,200,1100.665275
-232.002088,200,1100.711948
-121.293432,200,1100.758761
-245.299207,200,1100.805413
-124.076089,200,1100.851236
-127.897579,200,1100.897698
-129.766986,200,1100.942818
-124.946907,200,1101.071588
-123.481587,200,1101.120305
-241.768951,200,1101.168864
-125.408256,200,1101.218082
-119.671736,200,1101.265528
-118.883082,200,1101.311626
-2.676688,200,1101.357421
-126.622553,200,1101.403211
-227.502434,200,1101.449504
-123.399739,200,1101.496343
-116.895174,200,1101.623314
-127.57229,200,1101.670343
-127.022452,200,1101.717606
-118.346403,200,1101.763865
-126.728266,200,1101.81009
-3.39351,200,1101.857691
-115.125369,200,1101.904187
-127.715706,200,1101.950568
-123.850936,200,1101.997201
-120.229334,200,1102.043432
-127.003733,200,1102.174482
-379.931225,200,1102.222154
-247.461075,200,1102.26897
-248.024197,200,1102.317607
-234.944383,200,1102.364243
-361.201689,200,1102.41232
-224.959563,200,1102.46019
-121.014481,200,1102.507237
-124.304461,200,1102.555088
-260.655469,200,1102.602368
-117.428476,200,1102.731418
-231.767558,200,1102.780583
-115.443865,200,1102.82753
-121.152711,200,1102.874636
-118.701192,200,1102.922018
-126.317201,200,1102.968116
-2.709617,200,1103.014635
-4.255569,200,1103.060541
-2.479787,200,1103.107237
-313.410289,200,1103.154368
-250.57021,200,1103.281774
-122.795297,200,1103.329933
-366.680597,200,1103.377107
-121.485443,200,1103.423883
-242.211731,200,1103.470353
-252.451513,200,1103.51787
-120.83646,200,1103.565115
-130.053413,200,1103.612149
-127.300175,200,1103.659146
-122.449182,200,1103.706738
-244.607288,200,1103.834225
-354.034626,200,1103.881336
-247.807213,200,1103.928718
-120.57453,200,1103.975429
-123.223871,200,1104.021824
-128.678789,200,1104.067941
-230.716759,200,1104.115188
-336.63069,200,1104.162745
-237.0667,200,1104.209122
-119.375814,200,1104.255171
-126.660523,200,1104.382171
-247.18834,200,1104.431019
-241.867809,200,1104.479092
-236.933659,200,1104.526598
-242.418585,200,1104.573673
-121.922312,200,1104.619561
-118.060551,200,1104.665921
-127.830798,200,1104.713584
-238.533745,200,1104.7603
-126.387612,200,1104.807225
-124.108752,200,1104.938463
-120.684753,200,1104.985107
-123.736724,200,1105.032981
-233.90775,200,1105.080354
-116.47388,200,1105.128233
-121.280375,200,1105.174362
-125.08428,200,1105.2218
-128.292639,200,1105.269008
-3.89946,200,1105.315518
-130.303814,200,1105.362148
-127.554041,200,1105.489642
-119.612967,200,1105.537134
-358.347255,200,1105.583933
-119.585023,200,1105.630833
-230.986948,200,1105.677748
-121.406373,200,1105.725044
-237.544044,200,1105.77224
-119.353958,200,1105.818642
-119.998937,200,1105.865652
-235.251636,200,1105.912589
-4.14286,200,1106.040804
-232.552241,200,1106.089606
-356.30521,200,1106.136457
-120.949645,200,1106.186138
-118.023625,200,1106.235599
-128.257402,200,1106.282876
-128.003275,200,1106.330244
-127.14991,200,1106.376941
-238.811393,200,1106.423648
-119.205723,200,1106.469742
-128.094193,200,1106.599795
-125.512941,200,1106.647459
-124.893012,200,1106.694163
-123.629013,200,1106.741251
-120.833783,200,1106.787886
-249.036331,200,1106.834616
-128.492438,200,1106.881545
-126.270009,200,1106.92765
-124.003571,200,1106.973842
-127.578481,200,1107.020263
-121.713955,200,1107.149288
-117.39244,200,1107.197097
-124.929024,200,1107.244667
-385.970524,200,1107.291855
-118.748981,200,1107.338636
-243.380104,200,1107.384167
-353.452694,200,1107.430763
-126.559676,200,1107.477801
-128.092381,200,1107.523338
-120.891369,200,1107.569671
-128.69124,200,1107.699539
-3.957446,200,1107.747639
-245.748071,200,1107.795562
-121.26138,200,1107.842391
-116.57234,200,1107.888483
-233.807412,200,1107.936395
-3.750042,200,1107.98367
-233.291587,200,1108.029944
-117.840673,200,1108.076337
-243.008875,200,1108.122543
-264.585229,200,1108.251405
-120.422206,200,1108.299132
-241.081878,200,1108.345587
-2.69675,200,1108.391888
-3.276103,200,1108.438674
-124.757102,200,1108.483837
-118.54416,200,1108.530304
-3.148263,200,1108.576853
-233.454741,200,1108.623187
-247.050417,200,1108.669402
-121.141276,200,1108.796139
-3.868877,200,1108.844695
-128.213094,200,1108.892029
-237.093611,200,1108.940167
-238.821168,200,1108.987279
-118.199129,200,1109.032991
-129.089747,200,1109.079968
-124.166256,200,1109.126947
-127.568729,200,1109.173001
-119.887771,200,1109.218876
-119.035092,200,1109.3464
-123.913951,200,1109.41929
-119.461131,200,1109.466593
-126.57228,200,1109.515972
-277.795643,200,1109.565136
-125.895783,200,1109.614289
-237.226217,200,1109.662777
-120.874835,200,1109.711246
-124.096153,200,1109.759238
-231.608117,200,1109.806948
-4.379076,200,1109.939883
-376.461028,200,1109.989326
-231.479081,200,1110.037242
-236.9417,200,1110.085126
-121.566102,200,1110.131981
-129.047981,200,1110.178532
-305.584052,200,1110.225263
-124.099855,200,1110.271484
-118.560951,200,1110.318665
-127.413698,200,1110.364676
-253.905535,200,1110.495897
-126.2541,200,1110.543783
-118.866723,200,1110.591007
-122.913538,200,1110.637473
-125.037402,200,1110.683636
-238.619054,200,1110.730689
-124.388833,200,1110.778223
-4.34788,200,1110.825532
-234.118768,200,1110.872365
-250.045615,200,1110.91867
-236.574573,200,1111.046304
-125.95114,200,1111.094072
-238.119326,200,1111.141346
-123.313362,200,1111.189789
-119.937227,200,1111.238548
-127.404895,200,1111.286413
-342.00817,200,1111.333921
-127.756194,200,1111.380745
-126.8702,200,1111.427668
-127.556834,200,1111.474531
-2.466937,200,1111.601171
-125.981588,200,1111.648573
-127.184175,200,1111.696039
-120.580217,200,1111.742901
-3.210297,200,1111.791082
-1.942834,200,1111.837594
-125.491256,200,1111.884843
-120.496574,200,1111.932372
-237.931798,200,1111.978567
-233.935094,200,1112.025312
-121.348559,200,1112.153687
-125.81378,200,1112.201072
-120.989721,200,1112.247273
-120.493553,200,1112.294091
-3.16746,200,1112.34219
-116.347961,200,1112.38903
-245.721326,200,1112.436153
-118.994414,200,1112.482748
-116.875341,200,1112.528927
-121.878538,200,1112.574945
-364.982108,200,1112.702864
-127.695616,200,1112.750797
-127.867386,200,1112.798736
-240.870596,200,1112.845277
-122.947652,200,1112.890739
-124.238895,200,1112.937928
-246.008343,200,1112.985001
-126.877115,200,1113.032422
-252.972508,200,1113.078926
-122.55642,200,1113.127106
-241.187651,200,1113.255967
-2.79267,200,1113.304629
-3.490432,200,1113.352299
-118.709418,200,1113.398472
-117.719261,200,1113.445776
-121.163833,200,1113.493632
-4.491253,200,1113.541236
-3.42061,200,1113.589096
-297.660451,200,1113.635985
-117.531636,200,1113.682564
-239.097656,200,1113.810781
-226.989913,200,1113.858354
-119.61749,200,1113.905841
-123.72542,200,1113.953566
-121.330864,200,1114.000522
-124.732079,200,1114.047341
-125.643102,200,1114.094199
-234.092301,200,1114.141039
-358.924489,200,1114.188062
-119.322627,200,1114.234148
-123.558091,200,1114.361413
-247.549808,200,1114.410086
-235.438301,200,1114.456387
-122.534759,200,1114.503231
-235.989343,200,1114.552502
-239.410218,200,1114.601649
-240.891391,200,1114.649178
-228.472523,200,1114.697123
-240.355357,200,1114.744735
-243.303132,200,1114.792553
-226.353673,200,1114.925469
-357.780592,200,1114.973636
-128.026305,200,1115.022083
-4.187742,200,1115.070608
-123.432376,200,1115.117885
-3.51794,200,1115.166521
-249.677712,200,1115.215427
-119.993011,200,1115.262165
-335.516872,200,1115.308873
-126.536484,200,1115.355096
-121.84387,200,1115.482194
-127.548934,200,1115.531288
-124.150044,200,1115.578397
-124.645453,200,1115.624917
-116.369049,200,1115.671413
-3.935911,200,1115.718079
-128.26455,200,1115.765232
-129.014392,200,1115.812872
-241.238439,200,1115.858961
-129.141832,200,1115.905091
-117.671868,200,1116.034615
-128.073585,200,1116.084147
-236.603831,200,1116.133254
-117.902316,200,1116.182458
-124.893008,200,1116.231592
-119.080616,200,1116.280146
-122.598232,200,1116.329814
-128.545504,200,1116.37994
-1.564469,200,1116.429335
-115.199366,200,1116.476689
-127.224858,200,1116.605554
-348.393947,200,1116.65213
-124.396527,200,1116.700141
-2.965258,200,1116.747076
-121.249746,200,1116.796395
-125.25802,200,1116.842178
-127.468753,200,1116.889109
-238.256371,200,1116.936207
-234.656472,200,1116.983248
-2.339901,200,1117.029058
-126.897561,200,1117.158523
-282.129081,200,1117.205634
-119.602745,200,1117.253268
-127.282217,200,1117.300363
-236.42463,200,1117.346069
-243.172103,200,1117.393521
-2.725044,200,1117.43982
-228.686746,200,1117.485779
-121.363634,200,1117.533296
-236.674098,200,1117.580642
-247.384862,200,1117.708994
-127.373112,200,1117.757286
-121.283126,200,1117.804818
-120.397974,200,1117.851955
-244.352038,200,1117.899407
-231.130445,200,1117.945839
-121.323381,200,1117.992812
-128.75002,200,1118.039201
-2.198115,200,1118.085825
-265.363694,200,1118.132263
-383.069875,200,1118.286497
-243.613614,200,1118.33453
-124.711045,200,1118.38136
-115.341628,200,1118.428285
-237.517517,200,1118.475196
-119.633714,200,1118.521547
-127.396697,200,1118.567641
-369.091295,200,1118.613945
-3.267762,200,1118.66036
-230.922561,200,1118.706911
-307.714579,200,1118.837657
-117.695112,200,1118.88589
-121.687648,200,1118.933818
-238.534482,200,1118.980622
-238.451734,200,1119.027056
-222.118525,200,1119.073147
-2.898978,200,1119.119358
-1.81834,200,1119.166438
-123.087189,200,1119.213312
-126.815542,200,1119.259517
-122.411469,200,1119.387958
-2.797395,200,1119.43579
-256.77901,200,1119.48423
-122.36912,200,1119.531
-126.09316,200,1119.578029
-244.684892,200,1119.62441
-126.979437,200,1119.670641
-127.252268,200,1119.71764
-238.944116,200,1119.765147
-250.684935,200,1119.811329
-122.916473,200,1119.939738
-121.773658,200,1119.98727
-118.167731,200,1120.035619
-117.657328,200,1120.08242
-237.818339,200,1120.129798
-123.130847,200,1120.176545
-125.996907,200,1120.223274
-117.926791,200,1120.27036
-125.799659,200,1120.317972
-252.17273,200,1120.364106
-128.090707,200,1120.493001
-118.069637,200,1120.541459
-124.328521,200,1120.587914
-125.240927,200,1120.635995
-120.449674,200,1120.682633
-347.28602,200,1120.728565
-238.292221,200,1120.775918
-123.557955,200,1120.822102
-363.518883,200,1120.86894
-243.012536,200,1120.915573
-243.417638,200,1121.043375
-354.438114,200,1121.091923
-230.962972,200,1121.141926
-259.240221,200,1121.191201
-126.932099,200,1121.240676
-119.151392,200,1121.287162
-126.479986,200,1121.334106
-344.689548,200,1121.380838
-252.141533,200,1121.42734
-3.68552,200,1121.474158
-124.603637,200,1121.605098
-238.440934,200,1121.652407
-120.940914,200,1121.699826
-116.432098,200,1121.746148
-3.07612,200,1121.794127
-122.936389,200,1121.841086
-118.163539,200,1121.887846
-125.016627,200,1121.934469
-316.819864,200,1121.981544
-238.99761,200,1122.028388
-122.63923,200,1122.157567
-2.233761,200,1122.20568
-126.715033,200,1122.252171
-248.564349,200,1122.29938
-126.620315,200,1122.346114
-365.042511,200,1122.392338
-253.685486,200,1122.436892
-243.262012,200,1122.483524
-228.142583,200,1122.530308
-243.983631,200,1122.577314
-358.24413,200,1122.705155
-118.856024,200,1122.752488
-235.318088,200,1122.801372
-119.177767,200,1122.848674
-1.852049,200,1122.895509
-117.663806,200,1122.941919
-121.998975,200,1122.987754
-238.883969,200,1123.034698
-4.311427,200,1123.081851
-233.749912,200,1123.128326
-240.492846,200,1123.257648
-236.422941,200,1123.305649
-121.465051,200,1123.353755
-226.848878,200,1123.400015
-125.090574,200,1123.447177
-446.183257,200,1123.495031
-119.788468,200,1123.541744
-122.578735,200,1123.587988
-244.619613,200,1123.634311
-123.212666,200,1123.680247
-116.414544,200,1123.807994
-242.146443,200,1123.855205
-126.347573,200,1123.901929
-122.489664,200,1123.94928
-236.82422,200,1123.995692
-127.448384,200,1124.043818
-229.473237,200,1124.089603
-237.709158,200,1124.135265
-126.218327,200,1124.181756
-251.632579,200,1124.227466
-1.518168,200,1124.358696
-3.158481,200,1124.405519
-248.194433,200,1124.452906
-126.820911,200,1124.500864
-128.36448,200,1124.547196
-257.695271,200,1124.593892
-369.77696,200,1124.642014
-126.77577,200,1124.689021
-124.931375,200,1124.735224
-117.559386,200,1124.78168
-127.555071,200,1124.910137
-116.85542,200,1124.95792
-1.750416,200,1125.005087
-3.012075,200,1125.052148
-122.546267,200,1125.098338
-128.210039,200,1125.143958
-382.889273,200,1125.191761
-121.171137,200,1125.238588
-123.753748,200,1125.286156
-236.149222,200,1125.332738
-125.013669,200,1125.459455
-125.468652,200,1125.507853
-127.01384,200,1125.55545
-3.629449,200,1125.602279
-236.962428,200,1125.648552
-119.879502,200,1125.694913
-120.315617,200,1125.741238
-125.655435,200,1125.78766
-234.061424,200,1125.83414
-115.567714,200,1125.880506
-5.089725,200,1126.006777
-122.26464,200,1126.054267
-123.038046,200,1126.101304
-127.789243,200,1126.148179
-244.930599,200,1126.198669
-126.272176,200,1126.247002
-131.117931,200,1126.292562
-127.059735,200,1126.339236
-129.237063,200,1126.385353
-121.3801,200,1126.431813
-363.379893,200,1126.559178
-126.583134,200,1126.606842
-128.262599,200,1126.65241
-255.512147,200,1126.698623
-119.281308,200,1126.744197
-127.733658,200,1126.790976
-370.003936,200,1126.837463
-6.964355,200,1126.884075
-125.990343,200,1126.930023
-118.647226,200,1126.976386
-123.591937,200,1127.134664
-248.867685,200,1127.182292
-240.120183,200,1127.229918
-120.105803,200,1127.27674
-252.902271,200,1127.323849
-126.887342,200,1127.370177
-121.919573,200,1127.416915
-361.23032,200,1127.463062
-244.211928,200,1127.510056
-234.217934,200,1127.558002
-126.609026,200,1127.687638
-438.81866,200,1127.73508
-339.485088,200,1127.782657
-128.294016,200,1127.829063
-127.746671,200,1127.875957
-123.573385,200,1127.922988
-235.417961,200,1127.969432
-358.066117,200,1128.015775
-128.439743,200,1128.062136
-257.881934,200,1128.107803
-119.105252,200,1128.234526
-238.593963,200,1128.282407
-242.023718,200,1128.328764
-305.643316,200,1128.375792
-117.863817,200,1128.422954
-124.123867,200,1128.470449
-239.400348,200,1128.517927
-5.719524,200,1128.565509
-120.599594,200,1128.611571
-116.611096,200,1128.658073
-4.752988,200,1128.784795
-246.448258,200,1128.832403
-243.64802,200,1128.879848
-240.249076,200,1128.925262
-122.998975,200,1128.972129
-2.889446,200,1129.019023
-244.816427,200,1129.065317
-127.30751,200,1129.112404
-122.058187,200,1129.159985
-375.706189,200,1129.206995
-121.169457,200,1129.334494
-296.690269,200,1129.382274
-237.03626,200,1129.429115
-126.914567,200,1129.475223
-3.67116,200,1129.521714
-4.090898,200,1129.568904
-122.13307,200,1129.614628
-301.727098,200,1129.661538
-236.048553,200,1129.707573
-3.854496,200,1129.753369
-247.843552,200,1129.884388
-117.72646,200,1129.931416
-121.740703,200,1129.978944
-121.216726,200,1130.026715
-121.864202,200,1130.073961
-128.983248,200,1130.120819
-3.919702,200,1130.16744
-238.028711,200,1130.21426
-251.026716,200,1130.260576
-357.734866,200,1130.308287
-125.939488,200,1130.435475
-126.51698,200,1130.482057
-125.590502,200,1130.528356
-124.272715,200,1130.5752
-374.563515,200,1130.621877
-121.966693,200,1130.66806
-121.438504,200,1130.715436
-122.340621,200,1130.761252
-130.344275,200,1130.808251
-5.010836,200,1130.854691
-121.281297,200,1130.981444
-124.613078,200,1131.030046
-378.131321,200,1131.077762
-122.13743,200,1131.125689
-6.647997,200,1131.173903
-5.044212,200,1131.225297
-132.145841,200,1131.273255
-244.664803,200,1131.321162
-269.994933,200,1131.367778
-130.925784,200,1131.415054
-241.691506,200,1131.544626
-120.454674,200,1131.593463
-250.677498,200,1131.64076
-125.407132,200,1131.685758
-243.642706,200,1131.732455
-247.231251,200,1131.778816
-128.282961,200,1131.82458
-348.001895,200,1131.870528
-118.955352,200,1131.917328
-128.180907,200,1131.962611
-125.066106,200,1132.089558
-121.830132,200,1132.137371
-236.200777,200,1132.183718
-128.881745,200,1132.231189
-346.031542,200,1132.276895
-118.836547,200,1132.323011
-241.141569,200,1132.368813
-127.141402,200,1132.41455
-4.954266,200,1132.460397
-128.95816,200,1132.505624
-320.018762,200,1132.635536
-118.935988,200,1132.682677
-127.014956,200,1132.728999
-230.298978,200,1132.776461
-126.735459,200,1132.823566
-232.551871,200,1132.870836
-123.732915,200,1132.917291
-127.523373,200,1132.963179
-233.868503,200,1133.010074
-122.491216,200,1133.05713
-126.146326,200,1133.186941
-2.930536,200,1133.234362
-123.747081,200,1133.280647
-128.625864,200,1133.328623
-121.14327,200,1133.37582
-130.344398,200,1133.4224
-126.746023,200,1133.47018
-119.712076,200,1133.51624
-240.340462,200,1133.56417
-117.170461,200,1133.609812
-240.753389,200,1133.739491
-256.909416,200,1133.787574
-125.337124,200,1133.83538
-249.766715,200,1133.881496
-340.559102,200,1133.929207
-225.54212,200,1133.977125
-123.451665,200,1134.024655
-2.748775,200,1134.072094
-240.262108,200,1134.118953
-348.851012,200,1134.166646
-264.16065,200,1134.295048
-378.732623,200,1134.343103
-117.543557,200,1134.38982
-3.169464,200,1134.435987
-121.435,200,1134.48222
-125.816395,200,1134.52948
-251.985163,200,1134.576756
-127.734267,200,1134.624139
-244.854212,200,1134.670081
-119.367737,200,1134.716064
-374.981571,200,1134.844505
-125.761321,200,1134.89213
-332.602255,200,1134.938826
-234.034111,200,1134.98584
-126.416604,200,1135.03242
-3.173333,200,1135.078695
-121.66815,200,1135.12565
-129.881502,200,1135.172603
-2.832412,200,1135.219861
-236.531555,200,1135.265921
-127.102409,200,1135.395473
-307.852806,200,1135.467775
-309.686542,200,1135.51657
-238.271919,200,1135.56301
-2.550996,200,1135.609571
-5.405941,200,1135.657171
-128.211831,200,1135.704517
-129.591951,200,1135.751616
-119.521338,200,1135.799589
-122.907073,200,1135.846355
-126.94833,200,1135.976644
-232.121702,200,1136.024418
-128.577328,200,1136.071766
-122.219311,200,1136.118447
-115.338185,200,1136.165737
-128.167271,200,1136.216844
-226.832458,200,1136.264122
-119.892005,200,1136.309997
-116.021389,200,1136.357388
-125.888598,200,1136.404047
-229.442653,200,1136.532931
-253.274778,200,1136.582675
-233.491101,200,1136.630015
-124.583488,200,1136.676711
-241.243117,200,1136.7228
-352.50246,200,1136.769866
-125.235072,200,1136.816705
-291.100769,200,1136.863258
-118.891257,200,1136.909969
-124.790208,200,1136.9565
-124.111601,200,1137.084433
-117.737625,200,1137.131524
-126.878572,200,1137.179081
-119.589028,200,1137.226529
-128.118498,200,1137.273417
-240.050048,200,1137.321353
-400.96361,200,1137.368012
-122.037136,200,1137.414133
-118.95977,200,1137.461479
-244.240996,200,1137.508382
-116.87462,200,1137.635342
-117.012596,200,1137.682583
-119.388815,200,1137.730555
-246.573742,200,1137.778001
-242.037704,200,1137.82473
-237.770241,200,1137.870778
-2.468881,200,1137.917254
-4.240723,200,1137.963557
-126.529431,200,1138.010431
-5.517059,200,1138.05759
-128.43549,200,1138.188582
-117.598083,200,1138.235891
-3.064948,200,1138.28333
-291.201032,200,1138.330697
-228.265883,200,1138.377567
-128.368294,200,1138.424967
-246.732011,200,1138.470915
-230.829972,200,1138.517174
-244.902391,200,1138.563807
-128.807184,200,1138.609914
-127.827174,200,1138.73894
-232.177641,200,1138.78645
-239.499512,200,1138.834636
-238.226978,200,1138.881103
-239.740136,200,1138.927651
-235.461163,200,1138.973573
-239.711632,200,1139.019265
-5.930633,200,1139.065703
-119.359395,200,1139.111723
-126.4466,200,1139.15773
-119.423609,200,1139.286294
-3.894574,200,1139.333808
-242.794184,200,1139.379887
-5.109157,200,1139.426652
-4.167507,200,1139.473937
-233.943982,200,1139.519795
-363.485225,200,1139.565347
-121.19778,200,1139.611681
-127.358068,200,1139.65756
-236.256125,200,1139.703969
-4.125321,200,1139.830977
-120.396842,200,1139.87866
-125.35048,200,1139.925866
-128.486199,200,1139.971833
-354.286626,200,1140.019651
-3.890053,200,1140.065675
-363.21271,200,1140.111986
-122.603723,200,1140.158944
-129.457636,200,1140.206843
-233.982446,200,1140.254526
-121.574554,200,1140.381712
-3.667895,200,1140.42896
-239.946366,200,1140.475543
-127.602499,200,1140.522403
-1.02038,200,1140.569245
-5.959661,200,1140.615361
-254.658245,200,1140.661172
-117.229409,200,1140.706496
-127.45124,200,1140.752363
-318.693323,200,1140.79874
-127.009397,200,1140.928558
-236.471786,200,1140.976678
-126.140891,200,1141.024683
-118.744885,200,1141.071666
-120.353874,200,1141.118899
-128.450278,200,1141.164853
-229.71157,200,1141.21465
-126.569506,200,1141.264468
-237.173479,200,1141.31179
-255.861423,200,1141.358296
-123.511625,200,1141.486154
-3.906221,200,1141.533789
-127.22415,200,1141.58067
-3.005426,200,1141.626712
-126.673464,200,1141.673927
-123.604486,200,1141.720932
-126.227199,200,1141.768567
-118.735677,200,1141.816305
-128.390947,200,1141.862246
-350.983098,200,1141.909983
-237.26757,200,1142.037264
-234.036042,200,1142.08527
-122.675069,200,1142.134396
-126.251137,200,1142.181242
-126.945511,200,1142.228997
-121.355171,200,1142.275361
-262.845427,200,1142.322401
-119.048815,200,1142.369043
-126.573862,200,1142.414557
-121.023105,200,1142.461627
-116.665186,200,1142.589371
-126.092229,200,1142.637578
-128.797016,200,1142.685006
-119.920784,200,1142.731304
-122.437946,200,1142.776237
-115.785192,200,1142.823892
-3.966026,200,1142.870066
-126.571042,200,1142.916428
-123.762465,200,1142.963025
-126.64832,200,1143.009253
-364.741512,200,1143.136203
-123.920905,200,1143.183869
-126.663709,200,1143.230639
-224.224203,200,1143.276873
-127.483251,200,1143.323581
-120.495813,200,1143.370152
-3.529905,200,1143.416786
-130.080471,200,1143.463679
-129.521189,200,1143.510121
-244.072085,200,1143.556793
-252.763951,200,1143.688354
-123.567872,200,1143.736118
-128.68728,200,1143.783323
-260.698701,200,1143.830511
-244.243481,200,1143.8778
-235.047219,200,1143.924084
-4.623078,200,1143.969902
-238.674854,200,1144.016741
-129.943456,200,1144.063128
-117.180065,200,1144.109492
-238.497714,200,1144.237031
-241.926665,200,1144.285291
-134.439797,200,1144.333826
-127.110551,200,1144.381086
-124.317113,200,1144.427859
-6.446514,200,1144.500267
-5.791057,200,1144.550002
-128.820698,200,1144.597705
-119.841214,200,1144.64647
-233.053867,200,1144.694965
-259.141813,200,1144.825983
-120.705773,200,1144.874255
-122.324306,200,1144.922831
-223.966741,200,1144.970217
-240.075899,200,1145.017628
-127.956753,200,1145.064314
-129.367351,200,1145.111215
-128.901833,200,1145.156786
-6.072855,200,1145.20482
-117.932831,200,1145.253614
-129.919407,200,1145.381471
-246.389074,200,1145.429586
-123.406768,200,1145.477786
-250.65084,200,1145.524844
-197.333507,200,1145.57239
-127.034721,200,1145.618004
-123.658022,200,1145.665452
-237.269122,200,1145.713334
-128.988203,200,1145.759535
-128.089719,200,1145.805896
-232.50142,200,1145.933386
-4.562011,200,1145.982358
-6.755947,200,1146.028909
-231.073624,200,1146.075831
-125.571145,200,1146.123145
-128.425773,200,1146.169361
-125.434315,200,1146.219064
-124.959348,200,1146.269861
-1.10404,200,1146.318702
-5.396573,200,1146.370954
-246.13471,200,1146.505344
-123.598953,200,1146.553413
-129.17273,200,1146.600931
-329.741496,200,1146.648415
-239.533161,200,1146.695306
-121.614565,200,1146.742308
-120.457955,200,1146.790042
-125.385203,200,1146.837591
-121.870111,200,1146.883874
-125.114599,200,1146.931139
-119.550826,200,1147.058852
-3.052371,200,1147.105522
-339.086034,200,1147.153015
-240.786648,200,1147.200829
-127.054653,200,1147.247624
-238.144198,200,1147.294784
-128.386207,200,1147.340276
-118.312434,200,1147.386473
-128.857222,200,1147.433355
-246.299756,200,1147.480236
-123.196358,200,1147.608013
-265.575029,200,1147.655661
-297.420771,200,1147.703808
-246.903563,200,1147.750467
-4.172023,200,1147.798013
-238.639344,200,1147.845066
-123.080207,200,1147.893047
-129.371198,200,1147.939621
-3.50078,200,1147.986111
-238.937095,200,1148.032244
-122.790626,200,1148.158952
-123.508421,200,1148.207646
-127.928036,200,1148.254176
-127.930413,200,1148.301957
-4.884763,200,1148.347603
-240.083463,200,1148.393235
-127.898562,200,1148.439079
-353.271369,200,1148.486397
-120.88946,200,1148.532728
-237.747419,200,1148.579394
-241.613011,200,1148.706245
-237.38028,200,1148.754994
-237.672492,200,1148.802743
-242.079247,200,1148.849797
-4.568087,200,1148.896413
-121.032409,200,1148.943706
-250.849534,200,1148.989446
-261.630834,200,1149.036851
-123.59485,200,1149.082779
-129.498819,200,1149.13035
-129.698176,200,1149.261198
-126.659338,200,1149.309836
-126.898987,200,1149.356506
-127.18347,200,1149.402924
-247.185416,200,1149.448832
-120.484354,200,1149.495164
-129.156278,200,1149.541849
-126.691221,200,1149.58884
-251.006866,200,1149.634879
-117.417839,200,1149.681818
-119.657746,200,1149.807743
-120.394126,200,1149.854365
-119.011516,200,1149.902015
-114.222072,200,1149.948687
-4.841209,200,1149.995575
-119.000297,200,1150.043402
-117.575147,200,1150.09
-249.761049,200,1150.136463
-129.504694,200,1150.183568
-6.910035,200,1150.231119
-241.341548,200,1150.3594
-129.229836,200,1150.406532
-230.640431,200,1150.453923
-268.951254,200,1150.501515
-127.246449,200,1150.548497
-129.136608,200,1150.595035
-233.54054,200,1150.641739
-128.302695,200,1150.687748
-121.561018,200,1150.733851
-5.172286,200,1150.78006
-120.333202,200,1150.907349
-120.775836,200,1150.953631
-1.531504,200,1151.001685
-116.243887,200,1151.047769
-304.802943,200,1151.095643
-126.040651,200,1151.142286
-125.868232,200,1151.190055
-118.888856,200,1151.239533
-125.335941,200,1151.28786
-243.003968,200,1151.335113
-120.794343,200,1151.463351
-119.852747,200,1151.510812
-121.224463,200,1151.55867
-4.741493,200,1151.605187
-126.194113,200,1151.651942
-380.336649,200,1151.698254
-255.74612,200,1151.743931
-126.877714,200,1151.79105
-123.841793,200,1151.838702
-124.826577,200,1151.884931
-4.125086,200,1152.015872
-127.465307,200,1152.063642
-131.594579,200,1152.110925
-6.684222,200,1152.157937
-246.87053,200,1152.205213
-122.292807,200,1152.251648
-237.775291,200,1152.298968
-243.138145,200,1152.345563
-2.27066,200,1152.392175
-251.083422,200,1152.438762
-237.79966,200,1152.566926
-238.193578,200,1152.614399
-129.25959,200,1152.661258
-126.227878,200,1152.707745
-234.471271,200,1152.754718
-235.809129,200,1152.801924
-375.667294,200,1152.84836
-127.23363,200,1152.895345
-236.874339,200,1152.942212
-232.375711,200,1152.989085
-119.935996,200,1153.141485
-119.951232,200,1153.188916
-2.766271,200,1153.23679
-128.282062,200,1153.283941
-231.899281,200,1153.331168
-4.133171,200,1153.377819
-249.219246,200,1153.42436
-6.67449,200,1153.471404
-249.035816,200,1153.516341
-126.568536,200,1153.562935
-243.08882,200,1153.690779
-122.515502,200,1153.738481
-239.119794,200,1153.785515
-129.482581,200,1153.830824
-129.94183,200,1153.87814
-236.104901,200,1153.924984
-117.567699,200,1153.972094
-238.595437,200,1154.019241
-343.99264,200,1154.065817
-130.270134,200,1154.112418
-127.975232,200,1154.241071
-125.682099,200,1154.288343
-121.734737,200,1154.336044
-120.976712,200,1154.384575
-129.258122,200,1154.430878
-121.941145,200,1154.477176
-120.689859,200,1154.5245
-233.374288,200,1154.572622
-126.160401,200,1154.619031
-242.291925,200,1154.66557
-246.314426,200,1154.796833
-327.570275,200,1154.844899
-126.350541,200,1154.89129
-120.720599,200,1154.938388
-120.273309,200,1154.985181
-121.701632,200,1155.031842
-118.446186,200,1155.078297
-117.91755,200,1155.125782
-241.407109,200,1155.17239
-130.788399,200,1155.219881
-126.791892,200,1155.34896
-125.949119,200,1155.395258
-120.918517,200,1155.441961
-116.232586,200,1155.488796
-251.909073,200,1155.536189
-128.121008,200,1155.583022
-237.028332,200,1155.629754
-244.635024,200,1155.675616
-239.109538,200,1155.722495
-246.106709,200,1155.769716
-116.761312,200,1155.898471
-126.454473,200,1155.946482
-119.960397,200,1155.99386
-240.149441,200,1156.041441
-116.374774,200,1156.087166
-259.787327,200,1156.133415
-4.139262,200,1156.181487
-120.752395,200,1156.231044
-361.109018,200,1156.278363
-2.488535,200,1156.325765
-461.950062,200,1156.453348
-130.037682,200,1156.500701
-126.84875,200,1156.547886
-4.781431,200,1156.593755
-120.657911,200,1156.639383
-117.693953,200,1156.686368
-128.368996,200,1156.733696
-368.910484,200,1156.780374
-125.007062,200,1156.826963
-126.663576,200,1156.873629
-126.054823,200,1157.001086
-126.401762,200,1157.049159
-127.431209,200,1157.097271
-241.48555,200,1157.143192
-125.17749,200,1157.189394
-364.373444,200,1157.236279
-243.645165,200,1157.282894
-2.70806,200,1157.329735
-120.145728,200,1157.373806
-119.440671,200,1157.420373
-125.177757,200,1157.550932
-5.96567,200,1157.597624
-129.828342,200,1157.643547
-233.336851,200,1157.689893
-245.920267,200,1157.73693
-244.754848,200,1157.782973
-121.602261,200,1157.829795
-3.382681,200,1157.876061
-126.366739,200,1157.922101
-125.571265,200,1157.968634
-122.000284,200,1158.09775
-126.039454,200,1158.145405
-292.896226,200,1158.19293
-130.750753,200,1158.239938
-123.951596,200,1158.287179
-236.872695,200,1158.334007
-127.85421,200,1158.3803
-121.277254,200,1158.426758
-226.353439,200,1158.473326
-119.779747,200,1158.520498
-121.209048,200,1158.655296
-248.47395,200,1158.710655
-117.659569,200,1158.76325
-126.72716,200,1158.812778
-123.027162,200,1158.860384
-248.026006,200,1158.908774
-230.363882,200,1158.956663
-4.292754,200,1159.004638
-127.408603,200,1159.051474
-269.713729,200,1159.09943
-125.39368,200,1159.228394
-126.153171,200,1159.277005
-253.585713,200,1159.325279
-119.292281,200,1159.371703
-244.934319,200,1159.417699
-128.611819,200,1159.463664
-118.114978,200,1159.509855
-2.770357,200,1159.556646
-123.133858,200,1159.604132
-234.898706,200,1159.650092
-122.770863,200,1159.778851
-239.334527,200,1159.826508
-228.786339,200,1159.873666
-241.403717,200,1159.920287
-228.055032,200,1159.966561
-239.01704,200,1160.013917
-123.981823,200,1160.060404
-128.255882,200,1160.107517
-239.61981,200,1160.154507
-237.541963,200,1160.200784
-127.969123,200,1160.331249
-2.446014,200,1160.37906
-125.978919,200,1160.426073
-246.303235,200,1160.473372
-119.788419,200,1160.521641
-123.833128,200,1160.569412
-129.30862,200,1160.6162
-125.92121,200,1160.664121
-126.005179,200,1160.711494
-125.1748,200,1160.75752
-1.960725,200,1160.885625
-3.438518,200,1160.932926
-236.460731,200,1160.979781
-126.912681,200,1161.026514
-230.667972,200,1161.073174
-1.736933,200,1161.119202
-232.707561,200,1161.166438
-226.414498,200,1161.215079
-122.055505,200,1161.264147
-5.92353,200,1161.31257
-114.804365,200,1161.442829
-122.245833,200,1161.490033
-115.985899,200,1161.536862
-236.064416,200,1161.582881
-126.812663,200,1161.631019
-128.20726,200,1161.678249
-117.855298,200,1161.725584
-125.680278,200,1161.772668
-243.153624,200,1161.81932
-126.283155,200,1161.866629
-125.818399,200,1162.02125
-126.212237,200,1162.068352
-119.842687,200,1162.115735
-229.348304,200,1162.162743
-247.17361,200,1162.209656
-132.498175,200,1162.257318
-2.636358,200,1162.304099
-3.069718,200,1162.351442
-127.384446,200,1162.398483
-242.585863,200,1162.444252
-126.716306,200,1162.572812
-115.28559,200,1162.621054
-242.642524,200,1162.669065
-124.068859,200,1162.715184
-246.649066,200,1162.762747
-122.69682,200,1162.810423
-4.121035,200,1162.856927
-227.372416,200,1162.903744
-273.65452,200,1162.949837
-250.28685,200,1162.995636
-356.180356,200,1163.126622
-120.116261,200,1163.173991
-126.260499,200,1163.221669
-2.029675,200,1163.269155
-119.86283,200,1163.31647
-250.384888,200,1163.361701
-125.434342,200,1163.409026
-3.245208,200,1163.456602
-6.294769,200,1163.502408
-120.696807,200,1163.548791
-129.08945,200,1163.678375
-129.122826,200,1163.725658
-130.119993,200,1163.772291
-245.486655,200,1163.819435
-4.642613,200,1163.866592
-125.458472,200,1163.913744
-121.546909,200,1163.960332
-125.939882,200,1164.006761
-128.445025,200,1164.05379
-126.467089,200,1164.099844
-126.006444,200,1164.229238
-128.531666,200,1164.278613
-4.120997,200,1164.325092
-124.695302,200,1164.371126
-247.790968,200,1164.417866
-1.600724,200,1164.463646
-325.381954,200,1164.510903
-244.444548,200,1164.557435
-115.842497,200,1164.603206
-235.739781,200,1164.650002
-2.517557,200,1164.778998
-121.933554,200,1164.826925
-331.570296,200,1164.873611
-240.824098,200,1164.920706
-125.498537,200,1164.966874
-3.209731,200,1165.014248
-2.618702,200,1165.060416
-130.867868,200,1165.108737
-126.117734,200,1165.155071
-129.495148,200,1165.201831
-369.875518,200,1165.330557
-127.604961,200,1165.378491
-128.009156,200,1165.424745
-2.521683,200,1165.4709
-3.634428,200,1165.517621
-122.979602,200,1165.565025
-356.157991,200,1165.610849
-3.572412,200,1165.657041
-436.97692,200,1165.703219
-232.606102,200,1165.749422
-4.242504,200,1165.880271
-242.944482,200,1165.927653
-126.898797,200,1165.974959
-249.529494,200,1166.022945
-5.635265,200,1166.069521
-119.204719,200,1166.116629
-127.107899,200,1166.163613
-237.873637,200,1166.213349
-252.774217,200,1166.263103
-238.118583,200,1166.309729
-129.202241,200,1166.440825
-126.662439,200,1166.488118
-125.28694,200,1166.535878
-2.339383,200,1166.582615
-127.545247,200,1166.630218
-248.810942,200,1166.676069
-128.460096,200,1166.723289
-381.488048,200,1166.770135
-234.93312,200,1166.816714
-119.856138,200,1166.86311
-127.770107,200,1166.991306
-226.96846,200,1167.039307
-245.580662,200,1167.086254
-118.422859,200,1167.133413
-333.765331,200,1167.180433
-240.767907,200,1167.227473
-4.759435,200,1167.274568
-125.080725,200,1167.322515
-236.552987,200,1167.36823
-251.830724,200,1167.413827
-122.888669,200,1167.542311
-229.43598,200,1167.589394
-391.03087,200,1167.636449
-119.669928,200,1167.683313
-390.991884,200,1167.730454
-127.587481,200,1167.77551
-5.84139,200,1167.823905
-122.793051,200,1167.870454
-127.576243,200,1167.917791
-244.60639,200,1167.964738
-229.05034,200,1168.092736
-121.931803,200,1168.141699
-120.366021,200,1168.189138
-243.051852,200,1168.237764
-245.18573,200,1168.285722
-249.52478,200,1168.332959
-4.024165,200,1168.379301
-3.244837,200,1168.427342
-4.270688,200,1168.474285
-126.903171,200,1168.521084
-7.518351,200,1168.651101
-122.958216,200,1168.699238
-127.095671,200,1168.745533
-119.390669,200,1168.792512
-123.748795,200,1168.839765
-123.755052,200,1168.886932
-361.895224,200,1168.934376
-251.84869,200,1168.981229
-3.861747,200,1169.028511
-384.11936,200,1169.075604
-127.583081,200,1169.203282
-122.935949,200,1169.252266
-306.020421,200,1169.300761
-127.129103,200,1169.347447
-3.547776,200,1169.393659
-118.093221,200,1169.44068
-123.465666,200,1169.487432
-123.772089,200,1169.534965
-240.425514,200,1169.581671
-233.544647,200,1169.628104
-127.228598,200,1169.756977
-229.106976,200,1169.805054
-126.112047,200,1169.85177
-126.533446,200,1169.898371
-129.497918,200,1169.943868
-128.910953,200,1169.992046
-122.360611,200,1170.03859
-239.892057,200,1170.085688
-123.647757,200,1170.132552
-237.110579,200,1170.178602
-3.576605,200,1170.307676
-3.440369,200,1170.355708
-126.940926,200,1170.402575
-240.677594,200,1170.448253
-237.906933,200,1170.495377
-126.796259,200,1170.541196
-329.033621,200,1170.587818
-127.239345,200,1170.634732
-126.581274,200,1170.681159
-126.826142,200,1170.728173
-3.360442,200,1170.856849
-241.673573,200,1170.930589
-121.224344,200,1170.977977
-123.764776,200,1171.025286
-127.535383,200,1171.071263
-126.970146,200,1171.118507
-239.42387,200,1171.164876
-366.070715,200,1171.212504
-2.106928,200,1171.262172
-238.68597,200,1171.309553
-129.316126,200,1171.441661
-249.488616,200,1171.488788
-117.377419,200,1171.536254
-231.825523,200,1171.583533
-119.412886,200,1171.629666
-122.380405,200,1171.676737
-234.006408,200,1171.723288
-6.154466,200,1171.770815
-127.013893,200,1171.817839
-232.890419,200,1171.865048
-128.038298,200,1171.991336
-237.683551,200,1172.038636
-238.848994,200,1172.08569
-119.660634,200,1172.131975
-122.491458,200,1172.179174
-129.099292,200,1172.226205
-120.346788,200,1172.274223
-242.21214,200,1172.321274
-235.566957,200,1172.36766
-246.619506,200,1172.414394
-118.953987,200,1172.541486
-237.790518,200,1172.587592
-2.702285,200,1172.633122
-236.535157,200,1172.679853
-244.201433,200,1172.726624
-250.742813,200,1172.772455
-248.155454,200,1172.819194
-118.285316,200,1172.866338
-3.875709,200,1172.911598
-291.197145,200,1172.95875
-129.475967,200,1173.085841
-121.770638,200,1173.13364
-128.219618,200,1173.181028
-233.165819,200,1173.227037
-233.310692,200,1173.273874
-377.110798,200,1173.321004
-242.698363,200,1173.367863
-252.389385,200,1173.414213
-4.189065,200,1173.459957
-242.32247,200,1173.505565
-241.142828,200,1173.633165
-3.226306,200,1173.67974
-122.730364,200,1173.727079
-238.313817,200,1173.772399
-118.590675,200,1173.820167
-119.163501,200,1173.867035
-246.72985,200,1173.91317
-4.008338,200,1173.959371
-3.810997,200,1174.005058
-245.095193,200,1174.052086
-120.634597,200,1174.18157
-252.231367,200,1174.229421
-236.372775,200,1174.278255
-240.524149,200,1174.326131
-5.492243,200,1174.372564
-259.870649,200,1174.418754
-3.267709,200,1174.465498
-121.919833,200,1174.513367
-116.980934,200,1174.562049
-240.028329,200,1174.609416
-240.555766,200,1174.73946
-255.331225,200,1174.789406
-119.021562,200,1174.836746
-119.124294,200,1174.885382
-118.583184,200,1174.933177
-1.984498,200,1174.97962
-128.428161,200,1175.02637
-123.992309,200,1175.073667
-127.275117,200,1175.120432
-121.156079,200,1175.167248
-126.727452,200,1175.297583
-1.733548,200,1175.345773
-130.345027,200,1175.393275
-128.792075,200,1175.440288
-477.834476,200,1175.485686
-246.526893,200,1175.531861
-120.380335,200,1175.578784
-114.808878,200,1175.625228
-118.909521,200,1175.671452
-116.85131,200,1175.718328
-121.33383,200,1175.846861
-126.606004,200,1175.894594
-328.585055,200,1175.941618
-128.227079,200,1175.988296
-323.906692,200,1176.034609
-118.621609,200,1176.081001
-126.964903,200,1176.127688
-122.435245,200,1176.174581
-124.026521,200,1176.223224
-1.694796,200,1176.272461
-125.917608,200,1176.410613
-246.015789,200,1176.45897
-120.336138,200,1176.506443
-129.779388,200,1176.552531
-121.356212,200,1176.598844
-3.687776,200,1176.644967
-118.012478,200,1176.691203
-122.343514,200,1176.737548
-127.325004,200,1176.783696
-128.543238,200,1176.830598
-125.98549,200,1176.960467
-131.766175,200,1177.008859
-2.015239,200,1177.055774
-230.639219,200,1177.103407
-126.637213,200,1177.150406
-123.986254,200,1177.197276
-128.295673,200,1177.244039
-228.298379,200,1177.291894
-126.600633,200,1177.338989
-242.755157,200,1177.385242
-121.099878,200,1177.513934
-120.539434,200,1177.562633
-125.317956,200,1177.610022
-119.42675,200,1177.656516
-250.364767,200,1177.702819
-237.984864,200,1177.75015
-368.334585,200,1177.796463
-125.324513,200,1177.843734
-120.116189,200,1177.89019
-274.471914,200,1177.936272
-234.088609,200,1178.06519
-8.896309,200,1178.112141
-122.669238,200,1178.159328
-123.781815,200,1178.20664
-245.146166,200,1178.253944
-127.196522,200,1178.302076
-120.639875,200,1178.350102
-127.759562,200,1178.396582
-125.305083,200,1178.442489
-126.980086,200,1178.488715
-341.184931,200,1178.616752
-127.250442,200,1178.690104
-128.620362,200,1178.738599
-120.207985,200,1178.78536
-121.042883,200,1178.831961
-1.801919,200,1178.879862
-120.842493,200,1178.926562
-255.245001,200,1178.972538
-120.72302,200,1179.019495
-125.396541,200,1179.065876
-131.345579,200,1179.194219
-241.238773,200,1179.24219
-125.738363,200,1179.290244
-235.017259,200,1179.336938
-2.092719,200,1179.383227
-127.993481,200,1179.430268
-251.441283,200,1179.476299
-125.016275,200,1179.52351
-243.980478,200,1179.571737
-236.839203,200,1179.618523
-227.43505,200,1179.748301
-326.684857,200,1179.796493
-5.985684,200,1179.844253
-235.090021,200,1179.892345
-127.068653,200,1179.938392
-123.858898,200,1179.985312
-250.29605,200,1180.031329
-244.569333,200,1180.07767
-6.722614,200,1180.124471
-126.159443,200,1180.171222
-128.761931,200,1180.298722
-347.654867,200,1180.346392
-4.84969,200,1180.393275
-126.090203,200,1180.440469
-5.951225,200,1180.487865
-241.891001,200,1180.535179
-129.304903,200,1180.583286
-123.751401,200,1180.628639
-233.512854,200,1180.675756
-117.205049,200,1180.722384
-264.644304,200,1180.848685
-247.177251,200,1180.897508
-118.422108,200,1180.944921
-235.250962,200,1180.991675
-268.534639,200,1181.037621
-124.911001,200,1181.083556
-120.660706,200,1181.130628
-116.906502,200,1181.177314
-1.98583,200,1181.225548
-241.108593,200,1181.273749
-371.87282,200,1181.401134
-236.687793,200,1181.449731
-1.66297,200,1181.496369
-368.206864,200,1181.541752
-120.473451,200,1181.587782
-1.623782,200,1181.634238
-122.582211,200,1181.681303
-243.752477,200,1181.727743
-120.681118,200,1181.773849
-244.932212,200,1181.819572
-122.519605,200,1181.946193
-239.974795,200,1181.993794
-254.627955,200,1182.039812
-121.955703,200,1182.085988
-120.923277,200,1182.131722
-126.774212,200,1182.178802
-132.618055,200,1182.224627
-367.781522,200,1182.271643
-337.036876,200,1182.317678
-123.393934,200,1182.364656
-240.769289,200,1182.492936
-2.377931,200,1182.541067
-236.784934,200,1182.588426
-246.676098,200,1182.634626
-125.132157,200,1182.681238
-118.004423,200,1182.727346
-235.250251,200,1182.774145
-225.137199,200,1182.821287
-122.445493,200,1182.866754
-2.305609,200,1182.913785
-228.950626,200,1183.040219
-228.637864,200,1183.087554
-1.712394,200,1183.134839
-116.358557,200,1183.181768
-121.469303,200,1183.228028
-240.72078,200,1183.275642
-129.234143,200,1183.322574
-5.971472,200,1183.369901
-118.986513,200,1183.416117
-263.696064,200,1183.463252
-4.767445,200,1183.591427
-366.549627,200,1183.638655
-235.558946,200,1183.685756
-123.481707,200,1183.734664
-236.552636,200,1183.781466
-230.896346,200,1183.82671
-128.094268,200,1183.873981
-118.39031,200,1183.920398
-128.885885,200,1183.966509
-129.938651,200,1184.013013
-125.991522,200,1184.140528
-244.775636,200,1184.188618
-125.770892,200,1184.236061
-116.306525,200,1184.283131
-129.138516,200,1184.329447
-120.413709,200,1184.375796
-355.243606,200,1184.422752
-120.602313,200,1184.470294
-118.906683,200,1184.516505
-115.055298,200,1184.562116
-240.652957,200,1184.689448
-115.942272,200,1184.737047
-367.923306,200,1184.784569
-133.18733,200,1184.830619
-243.761267,200,1184.876635
-259.946377,200,1184.922061
-124.774769,200,1184.968455
-5.492259,200,1185.015142
-129.864148,200,1185.061715
-6.226779,200,1185.107875
-6.723271,200,1185.23781
-233.01051,200,1185.287348
-119.842003,200,1185.334988
-229.665849,200,1185.382748
-350.217653,200,1185.429537
-125.583318,200,1185.476601
-348.165199,200,1185.523481
-132.190432,200,1185.571279
-130.296611,200,1185.617235
-118.293838,200,1185.664645
-4.036814,200,1185.792654
-236.424757,200,1185.839716
-338.029255,200,1185.886522
-126.990887,200,1185.93288
-236.170224,200,1185.979429
-125.131017,200,1186.025751
-336.680703,200,1186.072357
-3.983948,200,1186.119787
-228.83995,200,1186.166712
-121.192212,200,1186.214215
-131.150429,200,1186.344924
-4.252979,200,1186.392599
-233.554077,200,1186.441265
-243.815548,200,1186.488489
-123.276384,200,1186.534889
-120.153167,200,1186.582382
-119.731025,200,1186.630567
-124.487843,200,1186.676735
-129.150127,200,1186.723889
-118.824802,200,1186.769856
-129.730605,200,1186.898289
-243.530565,200,1186.945509
-121.961198,200,1186.992188
-118.027821,200,1187.040051
-127.229867,200,1187.086505
-128.95587,200,1187.133973
-1.827716,200,1187.181072
-121.920686,200,1187.2278
-123.39822,200,1187.274603
-126.138237,200,1187.322173
-227.83209,200,1187.44963
-238.109341,200,1187.521003
-338.684092,200,1187.568848
-242.958933,200,1187.615621
-125.849737,200,1187.662842
-128.021277,200,1187.708986
-122.59665,200,1187.75604
-245.601797,200,1187.803411
-130.050546,200,1187.850602
-123.637642,200,1187.896543
-119.681752,200,1188.026507
-129.929526,200,1188.073632
-127.83041,200,1188.124198
-126.758444,200,1188.172496
-122.459333,200,1188.219766
-129.142101,200,1188.266565
-123.195879,200,1188.313144
-237.433636,200,1188.359669
-124.373122,200,1188.406284
-237.453359,200,1188.452874
-122.022786,200,1188.581697
-1.214293,200,1188.628929
-126.560587,200,1188.67625
-367.800405,200,1188.723276
-118.409299,200,1188.770556
-247.322615,200,1188.81735
-125.965883,200,1188.864874
-250.725547,200,1188.911897
-121.191659,200,1188.958703
-334.232038,200,1189.00545
-126.42009,200,1189.132932
-126.230273,200,1189.180142
-363.967822,200,1189.226858
-127.665166,200,1189.274441
-127.258587,200,1189.322034
-1.894112,200,1189.368064
-116.082713,200,1189.414975
-1.375857,200,1189.461053
-115.918028,200,1189.508658
-236.947575,200,1189.554409
-127.184241,200,1189.681544
-122.725831,200,1189.728809
-118.01529,200,1189.776699
-121.87121,200,1189.823512
-122.632258,200,1189.868709
-241.608756,200,1189.91581
-119.342823,200,1189.963327
-220.870228,200,1190.008844
-116.890868,200,1190.055234
-235.112155,200,1190.101489
-125.023735,200,1190.229011
-126.237618,200,1190.276059
-4.699364,200,1190.32386
-120.420982,200,1190.371873
-360.348495,200,1190.417865
-3.697564,200,1190.463371
-126.369122,200,1190.510683
-262.153411,200,1190.55741
-130.584679,200,1190.605105
-237.206266,200,1190.65091
-121.766178,200,1190.780575
-126.607397,200,1190.828203
-124.816393,200,1190.875138
-253.416248,200,1190.922094
-355.480074,200,1190.969118
-0.74529,200,1191.016317
-236.658415,200,1191.062687
-1.740994,200,1191.109237
-121.408501,200,1191.15624
-240.816479,200,1191.202687
-225.976695,200,1191.334229
-120.787087,200,1191.381543
-321.110085,200,1191.429286
-122.861675,200,1191.477515
-126.060844,200,1191.524618
-122.372039,200,1191.572217
-242.298019,200,1191.619726
-227.727768,200,1191.66589
-120.570497,200,1191.713288
-369.041118,200,1191.760433
-120.137387,200,1191.88882
-118.763629,200,1191.936761
-121.336445,200,1191.98416
-361.328636,200,1192.031972
-258.663352,200,1192.078703
-340.231912,200,1192.125734
-317.997411,200,1192.17232
-367.14285,200,1192.220289
-279.319299,200,1192.26658
-248.221236,200,1192.314125
-118.77566,200,1192.443298
-235.380625,200,1192.490659
-239.491339,200,1192.537424
-118.232815,200,1192.584789
-251.572057,200,1192.632281
-124.385767,200,1192.678461
-125.596064,200,1192.726067
-118.314701,200,1192.773515
-264.2654,200,1192.8204
-2.978998,200,1192.867877
-1.455601,200,1192.995665
-126.447705,200,1193.042678
-122.942921,200,1193.089884
-230.449416,200,1193.136297
-124.059269,200,1193.182773
-122.620367,200,1193.229631
-4.403625,200,1193.276692
-126.444933,200,1193.325558
-246.189317,200,1193.373163
-258.562552,200,1193.419149
-424.529285,200,1193.54997
-245.146302,200,1193.598137
-120.888234,200,1193.645276
-126.575753,200,1193.691208
-239.002383,200,1193.738016
-5.194744,200,1193.783606
-243.286848,200,1193.829733
-336.715445,200,1193.876466
-126.34925,200,1193.922721
-1.770368,200,1193.970268
-123.098364,200,1194.099866
-123.953292,200,1194.147142
-237.58631,200,1194.193697
-120.326758,200,1194.241337
-120.099351,200,1194.289217
-245.177106,200,1194.336241
-121.15578,200,1194.384557
-248.844695,200,1194.431398
-118.493153,200,1194.47891
-114.93117,200,1194.526064
-125.726357,200,1194.655361
-123.439104,200,1194.702927
-118.142431,200,1194.750358
-7.733746,200,1194.796672
-125.100411,200,1194.84265
-2.237165,200,1194.889419
-6.619828,200,1194.936576
-126.160339,200,1194.981357
-115.181261,200,1195.028833
-1.854227,200,1195.076482
-244.52506,200,1195.204347
-2.007161,200,1195.253087
-252.123889,200,1195.301382
-126.61796,200,1195.349636
-129.133543,200,1195.396726
-239.415848,200,1195.442745
-248.02942,200,1195.489309
-228.5615,200,1195.535921
-122.658431,200,1195.581301
-129.079802,200,1195.627234
-235.906565,200,1195.75378
-239.85724,200,1195.800735
-118.769306,200,1195.846997
-235.551099,200,1195.894314
-119.269819,200,1195.941017
-128.615783,200,1195.98766
-128.014711,200,1196.034856
-1.054659,200,1196.081142
-352.164917,200,1196.127847
-126.279294,200,1196.173694
-119.691713,200,1196.307106
-230.283176,200,1196.354358
-122.542947,200,1196.401833
-245.396162,200,1196.448251
-122.410437,200,1196.497089
-127.086852,200,1196.543638
-115.679176,200,1196.591359
-128.248816,200,1196.639456
-128.741393,200,1196.686782
-122.386786,200,1196.734984
-127.256001,200,1196.892064
-125.583752,200,1196.940859
-121.213828,200,1196.987517
-126.897567,200,1197.034028
-120.28412,200,1197.080783
-2.201014,200,1197.127944
-128.544857,200,1197.175911
-237.91373,200,1197.223163
-129.689428,200,1197.270548
-346.694923,200,1197.318791
-117.943039,200,1197.450133
-124.755589,200,1197.498436
-116.699889,200,1197.545875
-336.724207,200,1197.592572
-353.598979,200,1197.638947
-124.147846,200,1197.686417
-121.085507,200,1197.732506
-117.484495,200,1197.779779
-117.503676,200,1197.825975
-126.436991,200,1197.872189
-229.522821,200,1198.000647
-352.823331,200,1198.048406
-125.748455,200,1198.095257
-253.914455,200,1198.141982
-117.727265,200,1198.188212
-118.774324,200,1198.234283
-245.60926,200,1198.279413
-245.996889,200,1198.326533
-120.489632,200,1198.373162
-230.63354,200,1198.419605
-381.897021,200,1198.547266
-127.24225,200,1198.594453
-359.026127,200,1198.640419
-241.296443,200,1198.687348
-236.359912,200,1198.734352
-126.913687,200,1198.780321
-1.838954,200,1198.827165
-116.30822,200,1198.874439
-122.968881,200,1198.920196
-116.01667,200,1198.966194
-236.237541,200,1199.096427
-245.305394,200,1199.144976
-3.377097,200,1199.19173
-122.387489,200,1199.237943
-228.503204,200,1199.284764
-126.943866,200,1199.331868
-235.057337,200,1199.378096
-127.475237,200,1199.424389
-126.601463,200,1199.46934
-126.909338,200,1199.516296
-1.691591,200,1199.643863
-125.482554,200,1199.691114
-4.834648,200,1199.738657
-225.857453,200,1199.785483
-123.651436,200,1199.832127
-126.154901,200,1199.879568
-122.700048,200,1199.927286
-122.920597,200,1199.974609
-125.450768,200,1200.020865
-117.141096,200,1200.068154
-358.399009,200,1200.196275
-123.184845,200,1200.244196
-235.776762,200,1200.292252
-2.070006,200,1200.340004
-128.525136,200,1200.387748
-349.022007,200,1200.43458
-121.023896,200,1200.480395
-121.940972,200,1200.527414
-125.911809,200,1200.574875
-123.47482,200,1200.621781
-125.977508,200,1200.749181
-117.592735,200,1200.796878
-121.846517,200,1200.844048
-7.157279,200,1200.891049
-242.242789,200,1200.937184
-8.242438,200,1200.983485
-123.277619,200,1201.030227
-230.491765,200,1201.077233
-300.366621,200,1201.123322
-354.485799,200,1201.169468
-120.277959,200,1201.301662
-235.167272,200,1201.348708
-236.482915,200,1201.394987
-237.627512,200,1201.442446
-130.595497,200,1201.489284
-119.750298,200,1201.53679
-245.405473,200,1201.583644
-125.962666,200,1201.630624
-371.487446,200,1201.676902
-123.678406,200,1201.723878
-4.531042,200,1201.855108
-3.872658,200,1201.902992
-124.364498,200,1201.950135
-232.695513,200,1201.996609
-128.873733,200,1202.043253
-3.79854,200,1202.090242
-251.574044,200,1202.140449
-123.689306,200,1202.18758
-120.025557,200,1202.235219
-124.414081,200,1202.281616
-116.717513,200,1202.410524
-120.464671,200,1202.458458
-115.933997,200,1202.504723
-373.960325,200,1202.551005
-233.602186,200,1202.596874
-117.282368,200,1202.64356
-118.076099,200,1202.689501
-125.841597,200,1202.736792
-122.410172,200,1202.784166
-121.024457,200,1202.830886
-227.887121,200,1202.958059
-365.047802,200,1203.006476
-126.686833,200,1203.053007
-116.921237,200,1203.100946
-120.939684,200,1203.148743
-120.910964,200,1203.195614
-1.581524,200,1203.242405
-227.062386,200,1203.291116
-116.212587,200,1203.338023
-235.48208,200,1203.385632
-125.826235,200,1203.514391
-125.566783,200,1203.562943
-1.444507,200,1203.610617
-126.975932,200,1203.658368
-127.310926,200,1203.706792
-255.153297,200,1203.754382
-115.894954,200,1203.802164
-122.211407,200,1203.848802
-2.544348,200,1203.896363
-238.412301,200,1203.943016
-3.050009,200,1204.071592
-121.542749,200,1204.119359
-239.618961,200,1204.165345
-124.91942,200,1204.213075
-231.649269,200,1204.261044
-243.600145,200,1204.309063
-124.199809,200,1204.355907
-128.520736,200,1204.40342
-345.918407,200,1204.450146
-120.006294,200,1204.496369
-335.413222,200,1204.629524
-120.193303,200,1204.678275
-126.505811,200,1204.727387
-126.748314,200,1204.775312
-121.966731,200,1204.824146
-116.566868,200,1204.87251
-248.533942,200,1204.919992
-123.873589,200,1204.967848
-121.01447,200,1205.014585
-242.075108,200,1205.061592
-1.72002,200,1205.193143
-1.094128,200,1205.241948
-121.532486,200,1205.289626
-122.654535,200,1205.335562
-341.378285,200,1205.382352
-364.586003,200,1205.428188
-128.697126,200,1205.474638
-115.692312,200,1205.521004
-119.650303,200,1205.567675
-306.799023,200,1205.614803
-124.977637,200,1205.773099
-115.083612,200,1205.821643
-120.593245,200,1205.869409
-116.077353,200,1205.915755
-1.500175,200,1205.962941
-233.2157,200,1206.009716
-229.120013,200,1206.05654
-118.10252,200,1206.102779
-1.840274,200,1206.149835
-125.460865,200,1206.196104
-2.69272,200,1206.329298
-120.157379,200,1206.379059
-125.826886,200,1206.428962
-124.388797,200,1206.477054
-122.176878,200,1206.524445
-345.840024,200,1206.573052
-246.7074,200,1206.619383
-126.512598,200,1206.665877
-126.965177,200,1206.713211
-114.334652,200,1206.761008
-232.555756,200,1206.890724
-249.862066,200,1206.938479
-231.653974,200,1206.986273
-127.353366,200,1207.033274
-127.798385,200,1207.080904
-249.104314,200,1207.126783
-124.529156,200,1207.173373
-122.005068,200,1207.219253
-2.49039,200,1207.265743
-1.396967,200,1207.312818
-247.161125,200,1207.443248
-0.794398,200,1207.491469
-124.65966,200,1207.539873
-337.526786,200,1207.587459
-236.428069,200,1207.635653
-116.210783,200,1207.681464
-125.980702,200,1207.729125
-116.481985,200,1207.775809
-344.115959,200,1207.822398
-246.737189,200,1207.869426
-116.794905,200,1207.999158
-126.785167,200,1208.046871
-119.679735,200,1208.093594
-230.819355,200,1208.140366
-121.252862,200,1208.187745
-262.39552,200,1208.236305
-2.531111,200,1208.283059
-127.652658,200,1208.33089
-0.847613,200,1208.377459
-116.804636,200,1208.424992
-127.310414,200,1208.55333
-350.9352,200,1208.601649
-126.182899,200,1208.648895
-238.957585,200,1208.695199
-125.118784,200,1208.742067
-116.464034,200,1208.789445
-228.429971,200,1208.83502
-236.308089,200,1208.88141
-123.712241,200,1208.928735
-124.506929,200,1208.976147
-125.471865,200,1209.105006
-231.899178,200,1209.152634
-123.72796,200,1209.200161
-326.335158,200,1209.246439
-243.603397,200,1209.29438
-120.490281,200,1209.341709
-114.665138,200,1209.388771
-122.519017,200,1209.435441
-236.941501,200,1209.482345
-122.337109,200,1209.529774
-246.562154,200,1209.657835
-117.563061,200,1209.705652
-248.196002,200,1209.751862
-131.577144,200,1209.798643
-125.738109,200,1209.845451
-0.904224,200,1209.892405
-124.848567,200,1209.939352
-280.540886,200,1209.985268
-125.359552,200,1210.032347
-126.996505,200,1210.079323
-125.394977,200,1210.210861
-344.706995,200,1210.257998
-117.144802,200,1210.305594
-121.615879,200,1210.35223
-124.264119,200,1210.398704
-5.396566,200,1210.444198
-116.566593,200,1210.490895
-120.46044,200,1210.538602
-254.251674,200,1210.586518
-130.564902,200,1210.632105
-342.408077,200,1210.760556
-126.286615,200,1210.807887
-125.155593,200,1210.855501
-119.733231,200,1210.902243
-118.048265,200,1210.949192
-118.64686,200,1210.996901
-243.645133,200,1211.04284
-120.124322,200,1211.090095
-125.539202,200,1211.135945
-233.466741,200,1211.183278
-1.830121,200,1211.314281
-118.990076,200,1211.362536
-334.779771,200,1211.409649
-238.124245,200,1211.456025
-239.90716,200,1211.502506
-5.468395,200,1211.549557
-235.271932,200,1211.597874
-335.353384,200,1211.645249
-119.518052,200,1211.691519
-5.196817,200,1211.737414
-118.588204,200,1211.86646
-119.96154,200,1211.914423
-125.595098,200,1211.961988
-124.067712,200,1212.008423
-239.418999,200,1212.055027
-239.49246,200,1212.102285
-239.086157,200,1212.148809
-117.954818,200,1212.195674
-231.795946,200,1212.242097
-126.925884,200,1212.289054
-243.372255,200,1212.417057
-3.290527,200,1212.463742
-122.025695,200,1212.510374
-240.673826,200,1212.556584
-120.218384,200,1212.603284
-232.621837,200,1212.65029
-119.007089,200,1212.696496
-118.837379,200,1212.743514
-125.838252,200,1212.790984
-1.158187,200,1212.836711
-119.021882,200,1212.967123
-234.952773,200,1213.01401
-119.264329,200,1213.061401
-2.168568,200,1213.109065
-119.356191,200,1213.155519
-225.413372,200,1213.201803
-235.714606,200,1213.248414
-127.451758,200,1213.294835
-123.695376,200,1213.341217
-125.385594,200,1213.387807
-127.80497,200,1213.51605
-127.677152,200,1213.563956
-240.881177,200,1213.610363
-241.228531,200,1213.657502
-130.494246,200,1213.704732
-347.359998,200,1213.751137
-236.570321,200,1213.797437
-117.915588,200,1213.843218
-123.707133,200,1213.890627
-122.05461,200,1213.936499
-118.05767,200,1214.064071
-234.153256,200,1214.111026
-118.442562,200,1214.157774
-235.726615,200,1214.204433
-120.124318,200,1214.250759
-3.644044,200,1214.297643
-243.162114,200,1214.345389
-1.164185,200,1214.393205
-365.582773,200,1214.439083
-367.274236,200,1214.484891
-126.148217,200,1214.6118
-2.679123,200,1214.685161
-128.894861,200,1214.732148
-127.420121,200,1214.778621
-243.520662,200,1214.824765
-123.842751,200,1214.871653
-351.432394,200,1214.918477
-248.637997,200,1214.964824
-253.279051,200,1215.011704
-129.778211,200,1215.058038
-3.482773,200,1215.185712
-116.30275,200,1215.232094
-230.297256,200,1215.278908
-334.737047,200,1215.325873
-362.049319,200,1215.372101
-3.047264,200,1215.419149
-124.553965,200,1215.465147
-124.098912,200,1215.512592
-126.77786,200,1215.558743
-239.711923,200,1215.604879
-246.017342,200,1215.734394
-119.295364,200,1215.781176
-121.012171,200,1215.828807
-2.112678,200,1215.876329
-241.398176,200,1215.922491
-308.342971,200,1215.967658
-127.576484,200,1216.013782
-248.964828,200,1216.060393
-118.61041,200,1216.107538
-119.031849,200,1216.154962
-126.750392,200,1216.28758
-237.068449,200,1216.336152
-122.310103,200,1216.383775
-127.231918,200,1216.431283
-257.073576,200,1216.478076
-239.030379,200,1216.525438
-122.442871,200,1216.573563
-126.896376,200,1216.621787
-248.277438,200,1216.669596
-117.942493,200,1216.715865
-228.230278,200,1216.844166
-123.622532,200,1216.891256
-122.259336,200,1216.937747
-368.48603,200,1216.984253
-126.951753,200,1217.032514
-121.540246,200,1217.078708
-4.054052,200,1217.124305
-248.59007,200,1217.170666
-122.425494,200,1217.217342
-345.137737,200,1217.263416
-233.515401,200,1217.391657
-242.011629,200,1217.440124
-126.18435,200,1217.488416
-226.002948,200,1217.534713
-355.005115,200,1217.580344
-239.539123,200,1217.626416
-233.774796,200,1217.673636
-119.571815,200,1217.720209
-117.547704,200,1217.766598
-122.087428,200,1217.813224
-3.914561,200,1217.940825
-128.1556,200,1217.988656
-376.873406,200,1218.036074
-126.010546,200,1218.082309
-119.318863,200,1218.128922
-240.957017,200,1218.175478
-123.087692,200,1218.222486
-116.655611,200,1218.268495
-115.876764,200,1218.314246
-122.90575,200,1218.361593
-124.693682,200,1218.491516
-127.644268,200,1218.540162
-242.342509,200,1218.586247
-233.237877,200,1218.632611
-1.813994,200,1218.679019
-221.776139,200,1218.725163
-121.733912,200,1218.772394
-227.505573,200,1218.818735
-239.712301,200,1218.865433
-118.62199,200,1218.912172
-229.610529,200,1219.039905
-124.238878,200,1219.087662
-129.921765,200,1219.132876
-120.928736,200,1219.178801
-2.777405,200,1219.225448
-122.90788,200,1219.272447
-256.619685,200,1219.320011
-122.202281,200,1219.367793
-322.14427,200,1219.415569
-2.216888,200,1219.463528
-123.624538,200,1219.592044
-250.744785,200,1219.640655
-125.521873,200,1219.688121
-118.984824,200,1219.734742
-126.795554,200,1219.780627
-241.64586,200,1219.82707
-1.531735,200,1219.873771
-121.019119,200,1219.920935
-124.739945,200,1219.966973
-125.862434,200,1220.014223
-246.3334,200,1220.141139
-126.484133,200,1220.188351
-115.185747,200,1220.234637
-126.948715,200,1220.280677
-243.198029,200,1220.328521
-231.691929,200,1220.375391
-123.11115,200,1220.42267
-2.761165,200,1220.469686
-117.976337,200,1220.515558
-124.644461,200,1220.562361
-115.958412,200,1220.690182
-124.996109,200,1220.737448
-228.009116,200,1220.785164
-240.506162,200,1220.831913
-118.548375,200,1220.877806
-234.583147,200,1220.923773
-244.025172,200,1220.970551
-380.152505,200,1221.016718
-123.073663,200,1221.063221
-117.319433,200,1221.109288
-3.778272,200,1221.241167
-127.591586,200,1221.290621
-236.937913,200,1221.338156
-229.84103,200,1221.385377
-124.776742,200,1221.432132
-242.07907,200,1221.478052
-3.192494,200,1221.524892
-363.471416,200,1221.571045
-128.171345,200,1221.618967
-121.254632,200,1221.666015
-325.931662,200,1221.795167
-228.079243,200,1221.842667
-125.202961,200,1221.890721
-128.665409,200,1221.938617
-241.461709,200,1221.985207
-126.765539,200,1222.031712
-125.791055,200,1222.079066
-301.58361,200,1222.125251
-124.812268,200,1222.171981
-127.775613,200,1222.218673
-2.532667,200,1222.349313
-123.625,200,1222.397631
-119.289709,200,1222.445125
-118.27175,200,1222.492775
-126.534779,200,1222.538924
-117.834159,200,1222.585914
-129.210678,200,1222.632639
-350.746447,200,1222.680731
-225.373186,200,1222.726898
-123.312107,200,1222.772599
-5.497743,200,1222.901157
-125.071921,200,1222.947881
-240.06076,200,1222.995666
-117.418203,200,1223.042497
-367.095589,200,1223.089469
-123.462804,200,1223.135953
-126.434819,200,1223.182624
-234.22087,200,1223.22964
-127.63925,200,1223.275984
-118.549023,200,1223.322822
-1.790424,200,1223.452142
-124.823463,200,1223.520981
-253.162096,200,1223.571183
-124.186557,200,1223.618184
-241.820805,200,1223.664776
-119.527262,200,1223.711625
-235.397613,200,1223.758202
-236.373731,200,1223.805151
-230.588387,200,1223.851467
-127.630875,200,1223.89815
-298.094468,200,1224.029916
-122.586943,200,1224.077522
-246.610377,200,1224.124625
-122.649847,200,1224.1713
-127.814577,200,1224.218589
-361.227574,200,1224.265789
-4.413687,200,1224.313003
-127.239238,200,1224.360888
-120.766615,200,1224.40911
-125.430646,200,1224.456005
-124.715381,200,1224.584402
-238.118248,200,1224.631158
-122.695625,200,1224.678181
-128.438017,200,1224.72519
-117.149851,200,1224.771521
-236.86367,200,1224.818732
-123.141018,200,1224.866064
-124.732148,200,1224.911919
-126.869281,200,1224.958263
-123.348299,200,1225.005007
-229.714847,200,1225.134388
-123.417091,200,1225.182165
-317.490249,200,1225.229676
-280.556599,200,1225.276878
-120.447257,200,1225.323163
-1.349145,200,1225.371476
-127.025863,200,1225.418833
-1.468035,200,1225.465117
-121.454755,200,1225.511185
-116.644149,200,1225.556689
-116.938905,200,1225.6848
-124.66345,200,1225.733132
-122.675757,200,1225.781369
-233.836261,200,1225.829549
-126.053844,200,1225.876729
-125.567146,200,1225.923477
-232.781587,200,1225.969857
-122.388571,200,1226.016931
-2.812623,200,1226.063895
-234.883497,200,1226.110684
-2.453718,200,1226.241089
-5.442524,200,1226.291184
-3.737495,200,1226.340027
-129.47501,200,1226.387951
-122.177007,200,1226.434525
-247.330476,200,1226.480415
-126.304013,200,1226.526924
-373.391657,200,1226.573493
-243.289438,200,1226.620314
-119.851315,200,1226.668416
-233.176443,200,1226.800256
-238.833244,200,1226.848428
-263.088116,200,1226.895815
-237.95567,200,1226.942722
-124.030954,200,1226.989698
-116.980306,200,1227.037853
-124.444314,200,1227.084589
-237.085543,200,1227.132425
-126.688764,200,1227.181124
-122.616657,200,1227.228066
-242.665536,200,1227.357736
-233.007902,200,1227.405271
-240.985933,200,1227.453946
-124.924059,200,1227.500732
-116.485351,200,1227.548743
-123.638877,200,1227.595341
-247.391154,200,1227.642071
-118.248281,200,1227.6892
-236.433831,200,1227.735477
-128.341737,200,1227.782497
-2.307671,200,1227.910427
-126.43816,200,1227.958175
-119.378859,200,1228.006025
-120.386671,200,1228.052862
-119.262121,200,1228.099251
-125.221421,200,1228.146669
-126.029847,200,1228.193652
-246.385387,200,1228.24025
-122.557366,200,1228.28666
-3.130882,200,1228.334034
-231.120004,200,1228.461335
-115.144959,200,1228.509337
-358.306936,200,1228.556568
-127.524125,200,1228.603645
-127.038102,200,1228.650554
-2.485651,200,1228.697851
-125.559631,200,1228.745304
-121.129169,200,1228.792521
-230.884037,200,1228.838527
-114.89929,200,1228.885027
-244.536148,200,1229.012795
-119.979727,200,1229.060427
-3.317488,200,1229.107462
-126.507364,200,1229.154649
-241.669334,200,1229.20225
-124.959321,200,1229.248791
-1.972955,200,1229.294821
-245.253804,200,1229.341196
-117.787077,200,1229.38753
-126.817558,200,1229.434173
-231.849194,200,1229.564663
-114.896455,200,1229.612604
-121.649541,200,1229.659751
-119.352671,200,1229.706987
-241.053344,200,1229.753785
-116.026135,200,1229.802014
-126.332422,200,1229.849632
-126.617926,200,1229.896858
-125.961902,200,1229.94311
-223.331821,200,1229.990106
-239.738465,200,1230.118549
-238.163737,200,1230.166634
-344.077538,200,1230.214934
-235.152882,200,1230.26005
-284.519031,200,1230.308269
-241.505888,200,1230.35566
-131.02389,200,1230.402768
-125.828121,200,1230.44901
-340.907279,200,1230.495607
-240.592198,200,1230.541429
-119.515743,200,1230.668811
-121.256973,200,1230.717271
-241.295018,200,1230.764065
-2.639094,200,1230.812298
-243.637273,200,1230.860024
-232.435502,200,1230.906155
-120.854369,200,1230.952064
-122.067645,200,1230.998408
-116.668507,200,1231.044302
-123.932179,200,1231.090526
-350.705393,200,1231.219266
-231.616396,200,1231.269245
-364.782435,200,1231.317746
-126.720452,200,1231.365433
-123.622201,200,1231.413012
-131.855953,200,1231.459248
-118.436752,200,1231.506016
-245.265557,200,1231.55283
-123.563062,200,1231.599458
-360.897202,200,1231.647193
-119.35853,200,1231.775361
-121.351745,200,1231.823386
-225.447656,200,1231.87
-125.183403,200,1231.917284
-123.927105,200,1231.964488
-126.538578,200,1232.011672
-242.034186,200,1232.05872
-121.926029,200,1232.106276
-121.618739,200,1232.152542
-129.541659,200,1232.197932
-122.431848,200,1232.328629
-229.283895,200,1232.403253
-118.39761,200,1232.451224
-237.820642,200,1232.498187
-1.44076,200,1232.545355
-125.58292,200,1232.593052
-128.226208,200,1232.640304
-238.750432,200,1232.688049
-125.435847,200,1232.73449
-123.265227,200,1232.78178
-233.349725,200,1232.910933
-127.24699,200,1232.95879
-236.686484,200,1233.006817
-117.018525,200,1233.053967
-121.720715,200,1233.101449
-118.756222,200,1233.14851
-248.146702,200,1233.195391
-119.817162,200,1233.241541
-117.724644,200,1233.289462
-3.074172,200,1233.335215
-240.329268,200,1233.463496
-235.871201,200,1233.511735
-129.291096,200,1233.558949
-121.471267,200,1233.605307
-126.84501,200,1233.652203
-127.78055,200,1233.699153
-365.528999,200,1233.744987
-120.808737,200,1233.790903
-129.84506,200,1233.837869
-241.414726,200,1233.88411
-118.71908,200,1234.011099
-1.894242,200,1234.058845
-242.571303,200,1234.10612
-323.951223,200,1234.152434
-127.18774,200,1234.198544
-1.634571,200,1234.243883
-362.518782,200,1234.291383
-120.143228,200,1234.338009
-118.798214,200,1234.385544
-122.596991,200,1234.432731
-120.568999,200,1234.5688
-126.250645,200,1234.623424
-122.093589,200,1234.677377
-6.575535,200,1234.724959
-124.777413,200,1234.773076
-232.269146,200,1234.822409
-224.092023,200,1234.870855
-229.92622,200,1234.91852
-116.370845,200,1234.966439
-123.920945,200,1235.014262
-252.77581,200,1235.148468
-123.626506,200,1235.196973
-6.904135,200,1235.245998
-352.229617,200,1235.293373
-516.888676,200,1235.34022
-247.20219,200,1235.387507
-259.877047,200,1235.434853
-2.652219,200,1235.480828
-126.905862,200,1235.52753
-233.104757,200,1235.574491
-1.33398,200,1235.703674
-129.533781,200,1235.752265
-312.918761,200,1235.800894
-233.949479,200,1235.847003
-231.827807,200,1235.893927
-129.658337,200,1235.939781
-126.266417,200,1235.985938
-229.735186,200,1236.031339
-121.144409,200,1236.078103
-1.875193,200,1236.125275
-118.23336,200,1236.255315
-127.58057,200,1236.306871
-123.778224,200,1236.357718
-122.62949,200,1236.408682
-347.161946,200,1236.457984
-4.1947,200,1236.505042
-130.773616,200,1236.551222
-4.282439,200,1236.598729
-125.185016,200,1236.646545
-244.809541,200,1236.694603
-119.62523,200,1236.822792
-3.95324,200,1236.870298
-123.608305,200,1236.917811
-235.781694,200,1236.963243
-125.750778,200,1237.009648
-121.693931,200,1237.056989
-120.623223,200,1237.104058
-123.80214,200,1237.151019
-225.319368,200,1237.197366
-4.258798,200,1237.243417
-126.554414,200,1237.372914
-121.00602,200,1237.420685
-125.281691,200,1237.468035
-121.179836,200,1237.515017
-327.952083,200,1237.561889
-1.891769,200,1237.609019
-125.722056,200,1237.656333
-124.061827,200,1237.703084
-244.619363,200,1237.749639
-359.522334,200,1237.796213
-121.100757,200,1237.925983
-129.861155,200,1237.97287
-124.8441,200,1238.020396
-131.176288,200,1238.067289
-238.687603,200,1238.114582
-231.8224,200,1238.162435
-119.56667,200,1238.209227
-121.703602,200,1238.257376
-122.368772,200,1238.304571
-248.966438,200,1238.352274
-130.598575,200,1238.481862
-263.325413,200,1238.529259
-251.231389,200,1238.576212
-123.625617,200,1238.623432
-5.076916,200,1238.670902
-130.471684,200,1238.716015
-129.156466,200,1238.763178
-0.926319,200,1238.810332
-8.0205,200,1238.856175
-129.482063,200,1238.903191
-129.61784,200,1239.030941
-131.684784,200,1239.079573
-247.741357,200,1239.124913
-248.530186,200,1239.170965
-6.968879,200,1239.217577
-130.212967,200,1239.264401
-118.343567,200,1239.310538
-252.301424,200,1239.357495
-245.859848,200,1239.404723
-123.098997,200,1239.45127
-126.543367,200,1239.577573
-129.697481,200,1239.625512
-130.877669,200,1239.671813
-129.022377,200,1239.71834
-234.411833,200,1239.764471
-127.421077,200,1239.811918
-251.45349,200,1239.858514
-133.852961,200,1239.905585
-6.877424,200,1239.952911
-127.957844,200,1240.000112
-244.476877,200,1240.127489
-8.581272,200,1240.198024
-245.778567,200,1240.250634
-241.463656,200,1240.298647
-124.890134,200,1240.345147
-131.080197,200,1240.393238
-351.57909,200,1240.441344
-129.284004,200,1240.487933
-126.668941,200,1240.533718
-126.134391,200,1240.579992
-246.304575,200,1240.71146
-336.735192,200,1240.759426
-129.24378,200,1240.807456
-127.309663,200,1240.854521
-124.927963,200,1240.900655
-118.729853,200,1240.947811
-125.835664,200,1240.993912
-301.24623,200,1241.040714
-125.218543,200,1241.08739
-245.791608,200,1241.134805
-122.475398,200,1241.266958
-124.334372,200,1241.315656
-122.339601,200,1241.363965
-236.332053,200,1241.412399
-242.478135,200,1241.459711
-338.932175,200,1241.50734
-252.711266,200,1241.555156
-309.62341,200,1241.602406
-117.879206,200,1241.650341
-5.115516,200,1241.69829
-116.274602,200,1241.827585
-125.216742,200,1241.875409
-125.684569,200,1241.922612
-120.123181,200,1241.969477
-245.626765,200,1242.016474
-125.222726,200,1242.062914
-232.961547,200,1242.109134
-120.703771,200,1242.155565
-236.639898,200,1242.201938
-243.320637,200,1242.248487
-126.962809,200,1242.376218
-116.348772,200,1242.423569
-232.377671,200,1242.471165
-120.280103,200,1242.517705
-117.297464,200,1242.565754
-3.557944,200,1242.612325
-344.40994,200,1242.658659
-244.078656,200,1242.705507
-236.299168,200,1242.753483
-123.302363,200,1242.800501
-230.212397,200,1242.928541
-124.39087,200,1242.977135
-243.89317,200,1243.023348
-232.361921,200,1243.069569
-125.711263,200,1243.116221
-246.110087,200,1243.162606
-126.351454,200,1243.209334
-3.229511,200,1243.255954
-126.122644,200,1243.302331
-3.264487,200,1243.350017
-127.598849,200,1243.481917
-127.073155,200,1243.528383
-240.055239,200,1243.577186
-120.17188,200,1243.625231
-251.993115,200,1243.672295
-240.811111,200,1243.720284
-125.011335,200,1243.767991
-129.611534,200,1243.815968
-125.303852,200,1243.864056
-126.326146,200,1243.910019
-119.417396,200,1244.039547
-122.432864,200,1244.087095
-129.614828,200,1244.134286
-119.991887,200,1244.181867
-126.064145,200,1244.230197
-116.14854,200,1244.27742
-245.248774,200,1244.324561
-124.663799,200,1244.371407
-234.902304,200,1244.418869
-225.278816,200,1244.4653
-128.937017,200,1244.593329
-1.745364,200,1244.640968
-125.375378,200,1244.687893
-3.423999,200,1244.735597
-129.219901,200,1244.782825
-260.599755,200,1244.829423
-245.275338,200,1244.876808
-245.187744,200,1244.923812
-230.350668,200,1244.970102
-120.62402,200,1245.018076
-278.85617,200,1245.145457
-114.153685,200,1245.193478
-127.302496,200,1245.240788
-238.533133,200,1245.286869
-122.95485,200,1245.33417
-120.354568,200,1245.381242
-124.836429,200,1245.427852
-252.649723,200,1245.474807
-126.100207,200,1245.520621
-125.134331,200,1245.56791
-2.17215,200,1245.696251
-125.122393,200,1245.744625
-125.696819,200,1245.792317
-227.148107,200,1245.838408
-120.277135,200,1245.886353
-253.111602,200,1245.933769
-1.349064,200,1245.98025
-233.110498,200,1246.027115
-1.795818,200,1246.073791
-123.33947,200,1246.119796
-121.720453,200,1246.253471
-238.371718,200,1246.304325
-245.343376,200,1246.352235
-238.608247,200,1246.399341
-126.506518,200,1246.444458
-125.578112,200,1246.490332
-252.137156,200,1246.536941
-231.72999,200,1246.584166
-118.899645,200,1246.631698
-126.632977,200,1246.67841
-252.546338,200,1246.806856
-127.795317,200,1246.853641
-120.274326,200,1246.902204
-245.021311,200,1246.949616
-129.603512,200,1246.995593
-124.170693,200,1247.042911
-127.38739,200,1247.089423
-2.653048,200,1247.136243
-335.274809,200,1247.182972
-127.022269,200,1247.229264
-1.954691,200,1247.356484
-127.051701,200,1247.40442
-262.483246,200,1247.451897
-229.555329,200,1247.499651
-240.262129,200,1247.546932
-249.989686,200,1247.59319
-121.992694,200,1247.639171
-251.516518,200,1247.686524
-237.365629,200,1247.732533
-124.206205,200,1247.778523
-380.908363,200,1247.90557
-121.577489,200,1247.952968
-120.695084,200,1247.99949
-4.125799,200,1248.045852
-126.064315,200,1248.092501
-126.060456,200,1248.138867
-1.150757,200,1248.184895
-240.993058,200,1248.231527
-120.876039,200,1248.27789
-127.023414,200,1248.324065
-233.651746,200,1248.452641
-241.484069,200,1248.500074
-1.115651,200,1248.546566
-125.603078,200,1248.593533
-127.521823,200,1248.639505
-124.703196,200,1248.686185
-128.879877,200,1248.731583
-127.806161,200,1248.778047
-127.381965,200,1248.824011
-126.010453,200,1248.869618
-118.996978,200,1248.998277
-1.93717,200,1249.046938
-122.761535,200,1249.093163
-124.273681,200,1249.139769
-124.856859,200,1249.186782
-123.966917,200,1249.234067
-125.320773,200,1249.280605
-120.084631,200,1249.327241
-226.237917,200,1249.374439
-254.408532,200,1249.423251
-2.607655,200,1249.569972
-239.713703,200,1249.620732
-252.927729,200,1249.669638
-125.889414,200,1249.717851
-129.48918,200,1249.764808
-116.41071,200,1249.812193
-124.732166,200,1249.859175
-243.743687,200,1249.905996
-122.985662,200,1249.952388
-2.330834,200,1249.998829
-2.866595,200,1250.125997
-121.69828,200,1250.173502
-250.434368,200,1250.220265
-123.225389,200,1250.267085
-122.892513,200,1250.314429
-228.821431,200,1250.3609
-118.43214,200,1250.409693
-124.418112,200,1250.45594
-126.990727,200,1250.50285
-116.168364,200,1250.549314
-243.605601,200,1250.677504
-233.263748,200,1250.725163
-243.791568,200,1250.77133
-126.358796,200,1250.818783
-123.758747,200,1250.866305
-124.761232,200,1250.912937
-231.676371,200,1250.959392
-4.309301,200,1251.006099
-331.436576,200,1251.051339
-120.686754,200,1251.0971
-130.173407,200,1251.225424
-127.530856,200,1251.276184
-124.21781,200,1251.323353
-2.67072,200,1251.370075
-304.996648,200,1251.417647
-238.847888,200,1251.463336
-229.984373,200,1251.510376
-238.659377,200,1251.557102
-126.710177,200,1251.603444
-235.710728,200,1251.650279
-352.921185,200,1251.783055
-115.407343,200,1251.830951
-1.977658,200,1251.878833
-4.913396,200,1251.926109
-119.153717,200,1251.972591
-249.702711,200,1252.019641
-233.616573,200,1252.066026
-246.705712,200,1252.112848
-126.448461,200,1252.158928
-231.168896,200,1252.20558
-1.560237,200,1252.333456
-116.671587,200,1252.381082
-239.381771,200,1252.428676
-122.41488,200,1252.475772
-124.127944,200,1252.522723
-126.274872,200,1252.570199
-242.525062,200,1252.618111
-239.807098,200,1252.663931
-2.189689,200,1252.710279
-240.035461,200,1252.756221
-123.887027,200,1252.884429
-288.070339,200,1252.932156
-1.299106,200,1252.97947
-119.986076,200,1253.026075
-127.178031,200,1253.073645
-233.670984,200,1253.120226
-233.996342,200,1253.166539
-120.869273,200,1253.212939
-128.102553,200,1253.258417
-364.417612,200,1253.304971
-230.913459,200,1253.431682
-232.066814,200,1253.478544
-124.633694,200,1253.525696
-119.845075,200,1253.572181
-267.19582,200,1253.619456
-118.2722,200,1253.665525
-4.989261,200,1253.712576
-125.097677,200,1253.757658
-117.302782,200,1253.80545
-231.784866,200,1253.851721
-245.540293,200,1253.978378
-124.491615,200,1254.026173
-126.076424,200,1254.072418
-257.615837,200,1254.119607
-316.823772,200,1254.166475
-120.263954,200,1254.21283
-120.533135,200,1254.260141
-124.736656,200,1254.307027
-126.755243,200,1254.353947
-230.159498,200,1254.401669
-1.870902,200,1254.532508
-123.956328,200,1254.581425
-120.992461,200,1254.627601
-119.420161,200,1254.674781
-1.133339,200,1254.721523
-233.163399,200,1254.768292
-118.510997,200,1254.815042
-120.001381,200,1254.862248
-124.757643,200,1254.908896
-119.384095,200,1254.955108
-129.159297,200,1255.082831
-119.830868,200,1255.13051
-117.578964,200,1255.177389
-365.750289,200,1255.222968
-116.338157,200,1255.26966
-245.920198,200,1255.317488
-118.668416,200,1255.363953
-126.057302,200,1255.411537
-119.813602,200,1255.458282
-130.076261,200,1255.504702
-230.079424,200,1255.632843
-131.024118,200,1255.680254
-121.637138,200,1255.728075
-3.11975,200,1255.774354
-124.450266,200,1255.820593
-240.207753,200,1255.867998
-120.363853,200,1255.914951
-127.040864,200,1255.961587
-4.997828,200,1256.008474
-119.814135,200,1256.055611
-129.960579,200,1256.183734
-121.153219,200,1256.232416
-343.299367,200,1256.283149
-121.399118,200,1256.330446
-245.034338,200,1256.376772
-355.960696,200,1256.424519
-125.939884,200,1256.471904
-125.710964,200,1256.517599
-247.022545,200,1256.564752
-129.592341,200,1256.611298
-356.364944,200,1256.738664
-129.035242,200,1256.787976
-120.746383,200,1256.83531
-5.134823,200,1256.882518
-235.327521,200,1256.929593
-125.568808,200,1256.977049
-121.8859,200,1257.024809
-122.428213,200,1257.071717
-122.311526,200,1257.11926
-232.552371,200,1257.165123
-127.98734,200,1257.295152
-4.166483,200,1257.34215
-122.429064,200,1257.388122
-127.488074,200,1257.436503
-233.827957,200,1257.484541
-242.376158,200,1257.531461
-121.744499,200,1257.578743
-128.829283,200,1257.625606
-248.605523,200,1257.672035
-121.972396,200,1257.718603
-118.717669,200,1257.846303
-125.642207,200,1257.894287
-126.536336,200,1257.942769
-124.533885,200,1257.988787
-1.088995,200,1258.03624
-356.355974,200,1258.083558
-242.288065,200,1258.129909
-231.86305,200,1258.176643
-224.675485,200,1258.222519
-125.155389,200,1258.269351
-231.969797,200,1258.423691
-235.498451,200,1258.471445
-242.288097,200,1258.518837
-125.931177,200,1258.565199
-247.913993,200,1258.611995
-2.55788,200,1258.659358
-237.558613,200,1258.706457
-239.124189,200,1258.753417
-128.599615,200,1258.800006
-234.575108,200,1258.846003
-356.795435,200,1258.97346
-242.192368,200,1259.020198
-239.520468,200,1259.067182
-121.067607,200,1259.115005
-124.785285,200,1259.161805
-124.385145,200,1259.20959
-4.706451,200,1259.255792
-234.482592,200,1259.301694
-126.221094,200,1259.348429
-116.868555,200,1259.396092
-128.11453,200,1259.524388
-1.638332,200,1259.571328
-239.255911,200,1259.617605
-124.620386,200,1259.665414
-127.177889,200,1259.712855
-120.019129,200,1259.760047
-240.512349,200,1259.80726
-126.835076,200,1259.853723
-242.058166,200,1259.900371
-117.818133,200,1259.947418
-367.282494,200,1260.079068
-118.428353,200,1260.126007
-231.133409,200,1260.17266
-380.673067,200,1260.219674
-118.715263,200,1260.266517
-1.010208,200,1260.312904
-122.281851,200,1260.359171
-1.130841,200,1260.406711
-242.942344,200,1260.452721
-129.252732,200,1260.499097
-120.397709,200,1260.626625
-258.36065,200,1260.674433
-351.795291,200,1260.721141
-125.735399,200,1260.768688
-270.635523,200,1260.815905
-124.490572,200,1260.86255
-117.933028,200,1260.907667
-2.644606,200,1260.954013
-2.164679,200,1260.999394
-121.91944,200,1261.044931
-119.62106,200,1261.172648
-232.324037,200,1261.219484
-124.318975,200,1261.269569
-127.007887,200,1261.317606
-126.079565,200,1261.363119
-127.06897,200,1261.410275
-121.533842,200,1261.457971
-4.440607,200,1261.50491
-244.412638,200,1261.551419
-344.363462,200,1261.597512
-128.90463,200,1261.725381
-119.285538,200,1261.772675
-115.416709,200,1261.821867
-123.139944,200,1261.86954
-117.365976,200,1261.915664
-244.984573,200,1261.962495
-228.641885,200,1262.008498
-127.432513,200,1262.056276
-233.014997,200,1262.103217
-123.784815,200,1262.150864
-126.70507,200,1262.279492
-236.047406,200,1262.328315
-115.6207,200,1262.374934
-3.300349,200,1262.422655
-122.228319,200,1262.469693
-119.896392,200,1262.516572
-2.548995,200,1262.563698
-124.842386,200,1262.610604
-369.657172,200,1262.656735
-120.360824,200,1262.7029
-346.541144,200,1262.833693
-128.969571,200,1262.881422
-130.003863,200,1262.928243
-236.399826,200,1262.974869
-126.898942,200,1263.02166
-125.566754,200,1263.068399
-119.47141,200,1263.114866
-128.476061,200,1263.161812
-243.458685,200,1263.20828
-230.655973,200,1263.25434
-123.273505,200,1263.383509
-128.619296,200,1263.431195
-118.49178,200,1263.478939
-3.222084,200,1263.526099
-236.707337,200,1263.572672
-246.08238,200,1263.618789
-232.447343,200,1263.664298
-1.247844,200,1263.710742
-247.4514,200,1263.758886
-120.268357,200,1263.805616
-128.642434,200,1263.933752
-132.688595,200,1263.98162
-240.683498,200,1264.02914
-235.094315,200,1264.075605
-118.683323,200,1264.123453
-243.71717,200,1264.170042
-238.964056,200,1264.216267
-122.976657,200,1264.263016
-374.638953,200,1264.309816
-126.701981,200,1264.355345
-124.106129,200,1264.48286
-123.562886,200,1264.530792
-4.904522,200,1264.578991
-8.192896,200,1264.627734
-116.891183,200,1264.675535
-126.5442,200,1264.723122
-350.66162,200,1264.770404
-4.433293,200,1264.818676
-126.024808,200,1264.86657
-6.097815,200,1264.914069
-129.924916,200,1265.04527
-248.142541,200,1265.095004
-123.052435,200,1265.143618
-1.937412,200,1265.192385
-127.840262,200,1265.239269
-125.33182,200,1265.287139
-371.367862,200,1265.334744
-245.527004,200,1265.382247
-229.675409,200,1265.429258
-122.523211,200,1265.475894
-129.653358,200,1265.606402
-125.231189,200,1265.654142
-251.89376,200,1265.700712
-238.841861,200,1265.747253
-319.263454,200,1265.79474
-1.584603,200,1265.841713
-236.707148,200,1265.888992
-237.386068,200,1265.936427
-249.168992,200,1265.983073
-231.953574,200,1266.030496
-121.98747,200,1266.158944
-223.101855,200,1266.206678
-125.734327,200,1266.256792
-1.033956,200,1266.308756
-119.927831,200,1266.359054
-130.24129,200,1266.408796
-127.93832,200,1266.458144
-3.509444,200,1266.50409
-1.020373,200,1266.551655
-127.726514,200,1266.599388
-116.938428,200,1266.730141
-125.465603,200,1266.778102
-254.798558,200,1266.826367
-121.495702,200,1266.873713
-235.598915,200,1266.919822
-123.627694,200,1266.966065
-124.800551,200,1267.012178
-124.673136,200,1267.059374
-364.994688,200,1267.106282
-335.033433,200,1267.153447
-121.630213,200,1267.307086
-125.053402,200,1267.355568
-248.209069,200,1267.402981
-223.373909,200,1267.449943
-116.966765,200,1267.496444
-120.414956,200,1267.54328
-121.778612,200,1267.589961
-325.782921,200,1267.637123
-250.288669,200,1267.682277
-243.22897,200,1267.728951
-125.114992,200,1267.858725
-244.899247,200,1267.906878
-121.396447,200,1267.953745
-128.337703,200,1268.00202
-118.488055,200,1268.050208
-124.485416,200,1268.096709
-319.929282,200,1268.142998
-229.340653,200,1268.189401
-134.013008,200,1268.236242
-121.68357,200,1268.28275
-123.803783,200,1268.415171
-119.962624,200,1268.464098
-241.078515,200,1268.510061
-243.048911,200,1268.556785
-124.538587,200,1268.603982
-240.224218,200,1268.649897
-129.849862,200,1268.695634
-4.807348,200,1268.742921
-126.124429,200,1268.789203
-129.290922,200,1268.835519
-236.664372,200,1268.965811
-5.320692,200,1269.013792
-367.148067,200,1269.060681
-126.48262,200,1269.106784
-122.845322,200,1269.153581
-241.272706,200,1269.200441
-122.299812,200,1269.248009
-5.682948,200,1269.295867
-9.732419,200,1269.342139
-130.293579,200,1269.388573
-127.447984,200,1269.518028
-245.150783,200,1269.566629
-119.409958,200,1269.612989
-251.186416,200,1269.659844
-126.823884,200,1269.707439
-125.922531,200,1269.754209
-117.874349,200,1269.801175
-122.099701,200,1269.848367
-127.21665,200,1269.896366
-233.6801,200,1269.94319
-126.824581,200,1270.071242
-237.771196,200,1270.119133
-228.477949,200,1270.166798
-118.600945,200,1270.213668
-127.344039,200,1270.260194
-134.193753,200,1270.306196
-126.704088,200,1270.352303
-240.082753,200,1270.399237
-342.65961,200,1270.446618
-127.18133,200,1270.492756
-357.835047,200,1270.621082
-235.962196,200,1270.668399
-115.091308,200,1270.715949
-120.956323,200,1270.762703
-234.876118,200,1270.809545
-4.174367,200,1270.855615
-2.296713,200,1270.902386
-123.518795,200,1270.948568
-238.907338,200,1270.995418
-118.341657,200,1271.042235
-248.064408,200,1271.17313
-240.832863,200,1271.221057
-2.349704,200,1271.270336
-127.832772,200,1271.318268
-0.961704,200,1271.364736
-236.160459,200,1271.410359
-227.024861,200,1271.457905
-121.925891,200,1271.504467
-128.924173,200,1271.551698
-119.02976,200,1271.598424
-130.067207,200,1271.725274
-243.459523,200,1271.773649
-128.88676,200,1271.820919
-236.078809,200,1271.869396
-120.166423,200,1271.915743
-122.736463,200,1271.962982
-129.30153,200,1272.009461
-247.366138,200,1272.054579
-118.453319,200,1272.100599
-121.993577,200,1272.147367
-122.189188,200,1272.275137
-123.541805,200,1272.32377
-1.905893,200,1272.37073
-228.206146,200,1272.417358
-232.347743,200,1272.464877
-310.702163,200,1272.51144
-248.881731,200,1272.557662
-121.81265,200,1272.604581
-228.407804,200,1272.651174
-356.071132,200,1272.698051
-244.486867,200,1272.826159
-226.449374,200,1272.872826
-243.272209,200,1272.91877
-242.126536,200,1272.965367
-0.76824,200,1273.012166
-237.86085,200,1273.058679
-120.309293,200,1273.104245
-126.173761,200,1273.150686
-121.859375,200,1273.197633
-3.846234,200,1273.243381
-242.022313,200,1273.370851
-125.784685,200,1273.418796
-123.987412,200,1273.466361
-116.186162,200,1273.512995
-127.442221,200,1273.558565
-241.885091,200,1273.604864
-244.977553,200,1273.65101
-127.364212,200,1273.697912
-244.795457,200,1273.743986
-3.013935,200,1273.791097
-116.896658,200,1273.921253
-118.970235,200,1273.968552
-129.319588,200,1274.016034
-124.398887,200,1274.062779
-238.587282,200,1274.109026
-118.605449,200,1274.154099
-248.308248,200,1274.200452
-370.37071,200,1274.248081
-230.175532,200,1274.295155
-252.283864,200,1274.342123
-369.927662,200,1274.469751
-339.914238,200,1274.517585
-239.038954,200,1274.564838
-127.387188,200,1274.612097
-129.162781,200,1274.658607
-128.527479,200,1274.705316
-242.329339,200,1274.751406
-122.427869,200,1274.798928
-250.171631,200,1274.845035
-122.859047,200,1274.890758
-121.615235,200,1275.018248
-128.32391,200,1275.065164
-119.476369,200,1275.112286
-118.795507,200,1275.159063
-116.164844,200,1275.206927
-349.127254,200,1275.254019
-118.580354,200,1275.300575
-301.989941,200,1275.347982
-122.312301,200,1275.395872
-126.945877,200,1275.441608
-246.825092,200,1275.569147
-2.778768,200,1275.616237
-124.566383,200,1275.664086
-244.567141,200,1275.711027
-245.040744,200,1275.758626
-118.413813,200,1275.805687
-127.303741,200,1275.852017
-243.069326,200,1275.898857
-117.335316,200,1275.945633
-126.16107,200,1275.991864
-3.14901,200,1276.145123
-120.797518,200,1276.192354
-233.510103,200,1276.240378
-229.976314,200,1276.290293
-126.748762,200,1276.336561
-121.216758,200,1276.383684
-263.461847,200,1276.430646
-244.057118,200,1276.47864
-1.119974,200,1276.525072
-120.484725,200,1276.571258
-3.958095,200,1276.702798
-231.195046,200,1276.750654
-239.185833,200,1276.79874
-1.981415,200,1276.845485
-121.563301,200,1276.893957
-239.804773,200,1276.941328
-3.735945,200,1276.988085
-127.051692,200,1277.034993
-127.049435,200,1277.080932
-0.867542,200,1277.126795
-121.955363,200,1277.254863
-116.540285,200,1277.30322
-229.42626,200,1277.350525
-249.661404,200,1277.397322
-123.844599,200,1277.445328
-120.192033,200,1277.491769
-244.200384,200,1277.537833
-118.923629,200,1277.583013
-241.138013,200,1277.628754
-127.754424,200,1277.676832
-350.068582,200,1277.805174
-118.823038,200,1277.852965
-243.380055,200,1277.900206
-253.889943,200,1277.947097
-117.870393,200,1277.992561
-244.823081,200,1278.037782
-235.39674,200,1278.085213
-226.773129,200,1278.131134
-124.585508,200,1278.177415
-124.494628,200,1278.225364
-242.692118,200,1278.353903
-120.266894,200,1278.402011
-127.050921,200,1278.45068
-117.331176,200,1278.498709
-121.157828,200,1278.546604
-120.995715,200,1278.592739
-119.83178,200,1278.640188
-123.149545,200,1278.686627
-320.325676,200,1278.733535
-347.930712,200,1278.779036
-117.73087,200,1278.908705
-232.329861,200,1278.95589
-232.174886,200,1279.003139
-382.560922,200,1279.050116
-128.178093,200,1279.097509
-128.698831,200,1279.144107
-119.731366,200,1279.189824
-357.106745,200,1279.235746
-240.028194,200,1279.282234
-244.303841,200,1279.329105
-249.051956,200,1279.460214
-120.336318,200,1279.50727
-246.779985,200,1279.553822
-116.559608,200,1279.600298
-122.864114,200,1279.647979
-122.573149,200,1279.69526
-116.847906,200,1279.742217
-325.634593,200,1279.789297
-234.414738,200,1279.837179
-241.530719,200,1279.883044
-127.168339,200,1280.010867
-240.007103,200,1280.059766
-124.805828,200,1280.108226
-128.155429,200,1280.154146
-118.13955,200,1280.199935
-125.924319,200,1280.246855
-128.477738,200,1280.293804
-125.953636,200,1280.340922
-231.408892,200,1280.38722
-232.799513,200,1280.434183
-125.531977,200,1280.562091
-118.122979,200,1280.610199
-121.180417,200,1280.657654
-229.632521,200,1280.70481
-125.122169,200,1280.74992
-3.465909,200,1280.796897
-227.319009,200,1280.84427
-123.784651,200,1280.890876
-263.60735,200,1280.937588
-117.485167,200,1280.983892
-239.69551,200,1281.112538
-123.751253,200,1281.160286
-121.566036,200,1281.207194
-241.425673,200,1281.255199
-124.288949,200,1281.304197
-129.883907,200,1281.352152
-2.098876,200,1281.398041
-388.165922,200,1281.444161
-115.731538,200,1281.491493
-119.680582,200,1281.538713
-117.768979,200,1281.667172
-253.652249,200,1281.715226
-128.461192,200,1281.763098
-249.294006,200,1281.811018
-1.626068,200,1281.857376
-122.972033,200,1281.905968
-226.581085,200,1281.953028
-307.990894,200,1282.000425
-2.100659,200,1282.048222
-239.637056,200,1282.0959
-127.633309,200,1282.228093
-227.361323,200,1282.276604
-121.770079,200,1282.325386
-125.735746,200,1282.371257
-125.035415,200,1282.417818
-1.892023,200,1282.465654
-253.914609,200,1282.512301
-249.360108,200,1282.557869
-253.747525,200,1282.605179
-115.358505,200,1282.6523
-367.854004,200,1282.780366
-1.509794,200,1282.827344
-344.681081,200,1282.873996
-2.814983,200,1282.920151
-350.68397,200,1282.967011
-230.326587,200,1283.013743
-127.618436,200,1283.060616
-115.815572,200,1283.108142
-117.216382,200,1283.155188
-117.523092,200,1283.202929
-231.403979,200,1283.332332
-126.766322,200,1283.38006
-4.215384,200,1283.42911
-245.642078,200,1283.476302
-8.108525,200,1283.522709
-1.36012,200,1283.570324
-1.355154,200,1283.616128
-123.483941,200,1283.662339
-239.143073,200,1283.709708
-126.752394,200,1283.756575
-124.35272,200,1283.886079
-239.340423,200,1283.933735
-243.479149,200,1283.981073
-117.697177,200,1284.028373
-127.94774,200,1284.074876
-1.355993,200,1284.122298
-4.257847,200,1284.169235
-126.039693,200,1284.21648
-117.099747,200,1284.262119
-237.718817,200,1284.309499
-235.746263,200,1284.438353
-117.286862,200,1284.486704
-236.723269,200,1284.534993
-126.251045,200,1284.580837
-6.885797,200,1284.627992
-129.103529,200,1284.67462
-125.801975,200,1284.721895
-125.432967,200,1284.768139
-117.498699,200,1284.814644
-2.944903,200,1284.861345
-126.413527,200,1285.019318
-127.741355,200,1285.066964
-230.614817,200,1285.114562
-124.533211,200,1285.161027
-122.340543,200,1285.207843
-364.975663,200,1285.253917
-0.830029,200,1285.301589
-3.227768,200,1285.347949
-123.868529,200,1285.394548
-126.856941,200,1285.441244
-118.544923,200,1285.573467
-125.935163,200,1285.62124
-117.242554,200,1285.668212
-343.123363,200,1285.714083
-245.977361,200,1285.760203
-349.541837,200,1285.806445
-127.335894,200,1285.855216
-250.587798,200,1285.901834
-243.087917,200,1285.948681
-121.197565,200,1285.995141
-233.439435,200,1286.122997
-3.98182,200,1286.170658
-119.67231,200,1286.217734
-127.869103,200,1286.2664
-2.154272,200,1286.315889
-126.803248,200,1286.362451
-400.115353,200,1286.40973
-119.862376,200,1286.456284
-228.959098,200,1286.504441
-127.374553,200,1286.551333
-121.241862,200,1286.680147
-127.654292,200,1286.727524
-128.993614,200,1286.773503
-114.978034,200,1286.821213
-239.971128,200,1286.867288
-121.732696,200,1286.915338
-120.559162,200,1286.962426
-2.226185,200,1287.00983
-224.971312,200,1287.056272
-2.401591,200,1287.103272
-240.103269,200,1287.230092
-126.309999,200,1287.278163
-119.398205,200,1287.324853
-127.872621,200,1287.371623
-125.480871,200,1287.41775
-350.609017,200,1287.464004
-239.8196,200,1287.510631
-236.242515,200,1287.55653
-123.024125,200,1287.602979
-234.142108,200,1287.65011
-3.275572,200,1287.781165
-117.250483,200,1287.827975
-244.685455,200,1287.87524
-231.287911,200,1287.921716
-233.389451,200,1287.968524
-235.671075,200,1288.014761
-117.593128,200,1288.061407
-1.003885,200,1288.107352
-2.23077,200,1288.154321
-234.397254,200,1288.20151
-119.461739,200,1288.328949
-2.24182,200,1288.376013
-245.722686,200,1288.422435
-115.740527,200,1288.469541
-129.712989,200,1288.515785
-261.171557,200,1288.562541
-1.214975,200,1288.609035
-242.213847,200,1288.65527
-2.476573,200,1288.702172
-116.515219,200,1288.74784
-124.316283,200,1288.875897
-245.315453,200,1288.925134
-236.929441,200,1288.971327
-244.548905,200,1289.018162
-126.43283,200,1289.064715
-243.862018,200,1289.111213
-125.738684,200,1289.158015
-339.017663,200,1289.205249
-229.522499,200,1289.252371
-118.413916,200,1289.299296
-126.940867,200,1289.427791
-128.840412,200,1289.476129
-122.590335,200,1289.523186
-124.441012,200,1289.569554
-123.368133,200,1289.615707
-119.946471,200,1289.66214
-120.790408,200,1289.709649
-124.873556,200,1289.756571
-121.714345,200,1289.803795
-247.747526,200,1289.850188
-235.143689,200,1289.977656
-129.343631,200,1290.025523
-125.657254,200,1290.073386
-437.532623,200,1290.120131
-125.379848,200,1290.167082
-122.198492,200,1290.213529
-127.187328,200,1290.259999
-1.884596,200,1290.30678
-117.083569,200,1290.353389
-128.592712,200,1290.399724
-236.782396,200,1290.531527
-121.857027,200,1290.579796
-124.080696,200,1290.627062
-115.638728,200,1290.673695
-233.447568,200,1290.721725
-121.249902,200,1290.770083
-123.929685,200,1290.816901
-2.221864,200,1290.864075
-341.801661,200,1290.910973
-235.587494,200,1290.963736
-130.472731,200,1291.098486
-228.419497,200,1291.149221
-301.956137,200,1291.198252
-114.666558,200,1291.248571
-119.259955,200,1291.300587
-337.857471,200,1291.348393
-127.51078,200,1291.396191
-116.931175,200,1291.442722
-121.753185,200,1291.490086
-242.769474,200,1291.537084
-1.065191,200,1291.665966
-234.225766,200,1291.714245
-127.762233,200,1291.762455
-300.904666,200,1291.808368
-125.276208,200,1291.854589
-237.599921,200,1291.901078
-122.503767,200,1291.948738
-232.42396,200,1291.995148
-116.580999,200,1292.042995
-124.518799,200,1292.089219
-1.056034,200,1292.217472
-226.221175,200,1292.265552
-120.69114,200,1292.312526
-121.71672,200,1292.358616
-129.733519,200,1292.406086
-243.000614,200,1292.453394
-127.19897,200,1292.501206
-237.574514,200,1292.548221
-233.341179,200,1292.594617
-359.127823,200,1292.641221
-121.833105,200,1292.767763
-115.018856,200,1292.816253
-123.310234,200,1292.8624
-115.997975,200,1292.909558
-119.309825,200,1292.954751
-229.242221,200,1293.001408
-247.216237,200,1293.046957
-238.466348,200,1293.093644
-123.150975,200,1293.140004
-227.277922,200,1293.187657
-227.095323,200,1293.318068
-247.283611,200,1293.365145
-247.051795,200,1293.411734
-116.229804,200,1293.458179
-123.064788,200,1293.506324
-120.542942,200,1293.553288
-130.116221,200,1293.59979
-235.76793,200,1293.646937
-122.782126,200,1293.694035
-125.640485,200,1293.740277
-231.717864,200,1293.869189
-126.922978,200,1293.944593
-1.742464,200,1293.991811
-232.552136,200,1294.039762
-124.668044,200,1294.086249
-127.085804,200,1294.132851
-337.482109,200,1294.178685
-125.852312,200,1294.22585
-307.401066,200,1294.273228
-124.931974,200,1294.319807
-128.967559,200,1294.449287
-235.493249,200,1294.497479
-122.441736,200,1294.552338
-121.265901,200,1294.60252
-125.716159,200,1294.651507
-124.76991,200,1294.7
-279.126359,200,1294.748501
-121.490866,200,1294.79601
-280.945671,200,1294.843511
-247.900756,200,1294.891653
-122.392085,200,1295.024432
-0.959682,200,1295.073525
-125.314877,200,1295.121486
-127.48829,200,1295.169513
-0.845578,200,1295.218038
-120.456135,200,1295.265946
-240.248193,200,1295.312481
-227.136145,200,1295.360366
-121.786909,200,1295.407385
-224.179221,200,1295.454526
-116.575251,200,1295.58487
-2.578388,200,1295.633508
-235.105323,200,1295.681264
-233.218379,200,1295.728715
-241.46906,200,1295.774576
-1.549473,200,1295.821181
-117.82292,200,1295.867791
-254.923861,200,1295.915098
-128.048747,200,1295.961143
-343.008858,200,1296.007846
-124.897532,200,1296.139567
-121.167841,200,1296.187919
-114.688753,200,1296.235819
-256.967954,200,1296.288422
-2.972102,200,1296.338829
-338.993958,200,1296.389293
-118.621032,200,1296.438517
-117.337749,200,1296.486364
-350.591993,200,1296.533042
-126.423576,200,1296.579262
-1.463776,200,1296.708456
-1.566181,200,1296.755814
-233.37573,200,1296.803283
-121.065041,200,1296.850518
-337.417929,200,1296.896695
-117.072787,200,1296.943285
-115.788729,200,1296.990162
-1.194759,200,1297.037469
-122.151059,200,1297.0845
-232.13381,200,1297.130791
-124.400506,200,1297.259195
-235.188708,200,1297.306789
-127.570971,200,1297.353575
-125.745624,200,1297.399283
-122.185171,200,1297.446609
-127.519031,200,1297.4942
-121.514343,200,1297.540445
-115.380015,200,1297.587627
-124.403242,200,1297.633308
-125.42017,200,1297.680455
-126.936643,200,1297.808954
-122.988945,200,1297.856665
-239.807912,200,1297.9035
-244.864085,200,1297.949545
-129.668847,200,1297.995798
-360.442841,200,1298.04166
-288.177551,200,1298.087175
-239.024231,200,1298.13415
-1.555378,200,1298.180837
-227.488875,200,1298.226627
-0.85254,200,1298.355553
-232.242378,200,1298.403654
-228.218274,200,1298.451038
-125.784003,200,1298.49914
-125.949978,200,1298.546585
-124.60666,200,1298.594063
-118.958467,200,1298.641441
-117.337852,200,1298.689449
-120.762892,200,1298.736993
-234.705195,200,1298.783294
-125.531828,200,1298.914647
-123.978863,200,1298.963628
-239.313608,200,1299.010067
-247.035353,200,1299.057176
-124.72937,200,1299.102832
-127.137914,200,1299.14935
-0.682655,200,1299.196371
-334.292045,200,1299.243913
-117.778251,200,1299.29122
-3.834493,200,1299.338146
-124.495128,200,1299.467498
-115.896086,200,1299.515919
-232.144991,200,1299.562759
-2.798624,200,1299.609211
-124.228024,200,1299.656242
-241.68035,200,1299.702655
-120.800692,200,1299.748881
-1.879046,200,1299.79637
-241.009765,200,1299.843577
-352.455523,200,1299.891976
-1.824257,200,1300.020767
-253.596932,200,1300.067827
-121.020275,200,1300.115199
-242.122449,200,1300.162184
-234.81411,200,1300.208718
-118.232249,200,1300.256574
-237.708572,200,1300.303606
-114.522394,200,1300.351063
-256.976982,200,1300.398236
-5.070039,200,1300.445005
-116.244667,200,1300.574415
-119.835884,200,1300.621206
-118.365197,200,1300.668044
-123.773177,200,1300.714825
-125.763577,200,1300.761722
-116.994348,200,1300.808521
-337.875565,200,1300.854729
-126.059506,200,1300.901565
-128.516415,200,1300.947932
-121.21269,200,1300.995346
-338.686118,200,1301.123557
-116.251015,200,1301.169831
-237.612218,200,1301.216456
-381.522734,200,1301.264071
-118.092057,200,1301.312901
-238.086494,200,1301.360069
-117.115384,200,1301.40634
-127.419479,200,1301.452709
-127.359863,200,1301.499444
-0.757539,200,1301.545937
-117.75872,200,1301.675209
-242.196795,200,1301.722722
-382.970676,200,1301.768552
-126.412867,200,1301.81528
-241.403819,200,1301.862406
-126.668851,200,1301.909237
-123.935996,200,1301.954403
-232.282919,200,1302.002794
-115.621029,200,1302.050227
-118.26267,200,1302.096943
-122.101068,200,1302.22456
-239.302124,200,1302.297003
-254.719078,200,1302.345502
-1.417888,200,1302.393278
-235.402131,200,1302.440272
-122.610252,200,1302.487662
-233.483191,200,1302.535835
-127.201919,200,1302.582694
-230.214431,200,1302.629447
-340.629826,200,1302.675931
-249.226594,200,1302.803686
-232.314078,200,1302.85059
-2.102136,200,1302.896944
-116.641086,200,1302.942801
-6.898994,200,1302.989101
-126.75352,200,1303.036186
-6.818612,200,1303.083122
-236.242971,200,1303.129181
-1.65042,200,1303.17545
-119.380366,200,1303.221251
-234.406659,200,1303.348343
-124.531617,200,1303.395679
-116.449261,200,1303.441776
-125.130135,200,1303.487818
-124.211398,200,1303.534656
-120.812418,200,1303.581859
-114.559703,200,1303.627395
-254.620629,200,1303.673876
-266.185701,200,1303.720758
-251.480856,200,1303.766538
-238.260599,200,1303.892943
-125.067438,200,1303.941508
-117.655989,200,1303.986969
-342.024202,200,1304.033773
-236.764493,200,1304.080785
-118.587477,200,1304.127843
-235.75348,200,1304.17556
-1.33018,200,1304.221849
-235.309103,200,1304.268817
-241.645642,200,1304.315789
-117.406039,200,1304.44858
-121.672016,200,1304.495899
-123.636814,200,1304.542293
-115.671856,200,1304.590134
-356.41502,200,1304.63633
-234.575353,200,1304.68256
-1.891286,200,1304.72962
-234.251226,200,1304.776453
-234.92735,200,1304.822625
-229.144265,200,1304.869815
-125.060149,200,1304.998817
-127.368654,200,1305.047054
-120.226839,200,1305.095543
-127.275547,200,1305.143346
-241.475554,200,1305.189756
-125.47311,200,1305.236034
-126.517865,200,1305.282146
-230.25609,200,1305.328682
-125.303187,200,1305.373977
-125.590888,200,1305.42047
-238.547168,200,1305.549261
-119.003819,200,1305.596733
-331.665785,200,1305.644029
-121.241784,200,1305.690345
-313.527139,200,1305.737246
-0.875683,200,1305.784574
-1.046904,200,1305.831282
-117.140504,200,1305.876884
-236.450562,200,1305.924466
-243.045529,200,1305.971139
-3.153172,200,1306.098365
-120.319288,200,1306.145935
-241.488808,200,1306.192564
-1.615528,200,1306.240471
-248.108862,200,1306.289956
-114.444339,200,1306.337987
-314.575961,200,1306.384197
-126.439354,200,1306.430962
-253.821437,200,1306.477745
-245.205571,200,1306.525166
-121.549038,200,1306.652147
-257.580917,200,1306.699616
-243.064098,200,1306.746366
-120.965716,200,1306.793855
-118.276964,200,1306.83952
-239.319264,200,1306.885444
-254.112975,200,1306.93131
-127.535974,200,1306.978192
-1.153028,200,1307.025441
-122.97543,200,1307.071819
-244.82813,200,1307.20223
-121.545013,200,1307.25022
-241.872178,200,1307.297322
-121.844815,200,1307.343756
-123.481975,200,1307.390093
-241.112536,200,1307.43596
-116.668636,200,1307.481692
-252.956536,200,1307.528984
-125.052257,200,1307.576185
-127.188385,200,1307.622366
-117.835118,200,1307.750621
-346.989867,200,1307.799185
-125.182449,200,1307.84552
-382.733257,200,1307.891455
-234.852856,200,1307.93833
-116.356223,200,1307.98434
-233.439375,200,1308.030901
-1.53519,200,1308.077634
-120.901417,200,1308.124297
-235.420604,200,1308.171297
-241.935015,200,1308.298739
-241.20937,200,1308.346489
-128.610935,200,1308.39399
-3.362915,200,1308.441642
-229.4037,200,1308.489451
-282.900958,200,1308.536449
-234.592093,200,1308.582639
-245.399119,200,1308.629485
-127.6726,200,1308.677725
-122.830151,200,1308.725164
-131.760583,200,1308.853349
-118.282208,200,1308.901102
-230.621328,200,1308.94814
-124.740655,200,1308.996453
-118.399115,200,1309.042616
-1.861768,200,1309.08891
-121.294629,200,1309.135037
-241.979863,200,1309.182289
-123.56023,200,1309.228927
-231.711971,200,1309.27533
-3.857586,200,1309.40353
-233.70677,200,1309.450718
-122.502281,200,1309.498114
-235.958274,200,1309.545974
-126.668884,200,1309.592416
-122.106544,200,1309.637383
-242.611999,200,1309.68263
-115.081716,200,1309.729262
-117.242648,200,1309.775583
-115.0427,200,1309.822888
-127.672628,200,1309.954325
-119.865975,200,1310.000741
-1.371613,200,1310.047546
-120.480556,200,1310.094122
-120.811628,200,1310.140785
-237.986689,200,1310.186207
-115.503458,200,1310.233274
-1.611495,200,1310.279949
-2.666018,200,1310.326266
-337.583754,200,1310.37304
-125.332215,200,1310.500463
-116.341097,200,1310.549438
-342.934375,200,1310.595801
-124.77251,200,1310.642134
-123.266274,200,1310.688342
-126.614911,200,1310.734587
-117.094298,200,1310.780407
-118.066408,200,1310.828118
-1.604063,200,1310.87467
-127.181066,200,1310.922417
-126.528367,200,1311.049991
-239.539613,200,1311.121944
-120.674626,200,1311.170835
-127.135262,200,1311.217961
-126.315498,200,1311.266731
-122.278524,200,1311.316411
-233.483452,200,1311.362733
-119.507715,200,1311.409717
-115.497099,200,1311.456324
-2.01261,200,1311.502902
-246.055567,200,1311.632471
-1.561533,200,1311.680279
-236.486974,200,1311.728365
-122.709625,200,1311.774848
-119.053949,200,1311.822176
-245.066753,200,1311.868491
-119.353873,200,1311.915007
-235.304659,200,1311.961858
-125.106347,200,1312.007199
-125.669749,200,1312.056507
-245.718043,200,1312.184396
-118.788164,200,1312.231287
-1.071353,200,1312.278292
-120.25343,200,1312.324018
-123.620335,200,1312.370511
-116.949334,200,1312.417681
-118.722741,200,1312.464534
-251.566565,200,1312.512894
-120.633124,200,1312.560684
-125.884102,200,1312.607556
-119.178815,200,1312.738904
-115.731387,200,1312.78711
-0.575107,200,1312.833528
-232.586915,200,1312.881796
-128.977322,200,1312.928366
-121.449338,200,1312.975837
-482.981679,200,1313.021312
-2.793688,200,1313.068117
-241.615071,200,1313.114861
-125.756574,200,1313.161329
-117.169245,200,1313.289346
-117.801083,200,1313.336196
-237.855633,200,1313.381942
-122.620123,200,1313.42877
-0.949684,200,1313.475099
-121.415737,200,1313.521268
-126.860728,200,1313.567254
-123.436748,200,1313.613859
-118.985358,200,1313.65986
-116.444314,200,1313.70644
-116.921162,200,1313.834686
-5.229541,200,1313.882061
-116.85707,200,1313.929457
-239.461919,200,1313.976393
-125.007897,200,1314.02255
-0.880347,200,1314.069343
-247.500496,200,1314.115191
-241.500173,200,1314.162665
-345.200019,200,1314.208091
-127.149509,200,1314.253777
-116.884665,200,1314.381212
-130.228811,200,1314.428972
-127.353738,200,1314.477141
-126.553592,200,1314.524508
-123.458649,200,1314.572111
-250.966634,200,1314.619611
-231.385601,200,1314.66595
-252.627712,200,1314.712932
-126.74006,200,1314.759018
-236.338137,200,1314.80549
-360.319372,200,1314.932501
-123.322759,200,1314.980153
-2.858294,200,1315.026601
-248.792443,200,1315.072901
-126.14058,200,1315.118959
-123.489523,200,1315.164814
-128.091641,200,1315.211069
-1.880521,200,1315.258113
-118.490694,200,1315.304423
-124.019325,200,1315.349811
-2.867981,200,1315.479631
-126.760278,200,1315.52653
-124.900221,200,1315.574623
-121.278374,200,1315.622032
-238.402352,200,1315.668722
-120.50239,200,1315.714906
-1.978888,200,1315.761369
-127.542606,200,1315.807308
-121.670634,200,1315.85414
-121.317233,200,1315.900203
-235.879416,200,1316.028388
-116.931081,200,1316.075059
-309.22729,200,1316.121577
-238.786277,200,1316.168632
-233.274836,200,1316.214023
-236.961528,200,1316.261683
-120.341978,200,1316.311819
-119.374968,200,1316.358294
-1.241493,200,1316.403743
-234.642238,200,1316.450163
-233.53817,200,1316.579221
-1.324793,200,1316.626807
-236.004987,200,1316.672747
-124.601756,200,1316.720245
-114.607847,200,1316.767811
-115.398441,200,1316.814391
-237.228963,200,1316.860991
-126.860474,200,1316.907497
-115.025013,200,1316.953232
-238.650896,200,1316.998417
-117.60064,200,1317.12648
-240.951581,200,1317.174728
-130.951836,200,1317.222556
-250.034836,200,1317.269371
-127.573036,200,1317.316749
-224.558675,200,1317.364062
-340.558503,200,1317.409755
-232.772967,200,1317.455909
-116.271387,200,1317.501301
-125.811345,200,1317.54796
-117.011268,200,1317.676155
-125.743782,200,1317.723683
-123.335605,200,1317.7699
-129.707091,200,1317.816786
-122.183022,200,1317.863505
-122.472164,200,1317.909317
-125.507776,200,1317.955339
-239.653642,200,1318.001939
-3.221273,200,1318.04798
-123.943198,200,1318.094198
-126.076549,200,1318.223912
-237.221799,200,1318.271405
-125.455702,200,1318.318782
-1.264318,200,1318.365775
-116.132989,200,1318.412148
-2.846295,200,1318.458921
-233.76544,200,1318.504796
-127.206433,200,1318.552204
-269.633563,200,1318.599012
-1.044841,200,1318.647063
-126.439069,200,1318.782791
-2.116554,200,1318.830331
-6.967817,200,1318.877408
-121.406821,200,1318.923791
-126.672565,200,1318.972396
-124.28713,200,1319.01951
-230.574353,200,1319.066114
-125.928914,200,1319.11273
-116.339544,200,1319.159986
-0.966055,200,1319.206059
-126.898558,200,1319.334783
-4.637861,200,1319.382386
-239.656725,200,1319.429576
-123.924012,200,1319.476908
-122.60634,200,1319.524613
-241.657841,200,1319.572462
-125.281396,200,1319.618821
-241.906848,200,1319.665402
-234.647157,200,1319.711955
-125.4852,200,1319.75792
-129.120789,200,1319.889116
-1.03785,200,1319.939023
-115.5337,200,1320.016816
-248.873282,200,1320.064276
-118.825304,200,1320.111858
-120.116501,200,1320.158645
-118.622152,200,1320.20497
-229.806576,200,1320.251817
-236.323011,200,1320.298325
-127.491171,200,1320.344103
-125.452626,200,1320.472809
-367.436535,200,1320.520318
-127.659081,200,1320.567542
-125.267607,200,1320.614767
-126.328221,200,1320.661354
-4.027494,200,1320.708591
-123.850715,200,1320.755647
-233.857605,200,1320.803414
-120.493513,200,1320.850171
-120.155644,200,1320.896817
-117.349667,200,1321.027437
-234.555935,200,1321.074521
-127.587281,200,1321.121655
-126.431154,200,1321.167834
-124.832468,200,1321.214427
-123.85171,200,1321.262488
-244.276656,200,1321.311943
-233.127694,200,1321.358078
-125.600582,200,1321.405016
-247.703474,200,1321.451978
-5.043845,200,1321.58144
-124.11993,200,1321.629777
-121.325333,200,1321.678508
-128.015591,200,1321.725354
-126.598704,200,1321.772262
-123.558243,200,1321.819088
-122.206502,200,1321.865227
-131.77887,200,1321.912323
-124.82736,200,1321.958866
-126.060873,200,1322.004838
-119.911467,200,1322.134242
-128.119923,200,1322.18297
-125.45397,200,1322.230517
-120.290098,200,1322.277664
-128.054393,200,1322.32468
-346.809315,200,1322.371588
-118.090839,200,1322.417531
-129.774791,200,1322.465103
-238.704808,200,1322.511766
-231.881104,200,1322.559319
-129.319933,200,1322.687767
-1.943503,200,1322.736806
-121.835649,200,1322.784709
-126.718724,200,1322.829733
-127.567497,200,1322.87646
-126.286821,200,1322.921901
-236.807124,200,1322.968516
-122.803092,200,1323.014276
-1.584886,200,1323.060637
-128.144945,200,1323.107176
-120.467573,200,1323.234291
-129.434634,200,1323.282121
-116.926552,200,1323.329642
-119.989653,200,1323.376368
-120.142907,200,1323.42312
-126.794819,200,1323.468745
-116.22935,200,1323.516323
-121.232973,200,1323.56355
-253.165018,200,1323.610282
-245.238546,200,1323.656923
-126.411864,200,1323.786629
-124.189366,200,1323.83405
-121.564273,200,1323.88208
-125.117355,200,1323.929777
-233.501624,200,1323.976402
-130.308372,200,1324.023103
-128.265941,200,1324.069799
-131.474043,200,1324.116054
-118.690322,200,1324.1616
-223.517678,200,1324.207543
-351.781887,200,1324.334201
-118.771005,200,1324.382375
-1.586649,200,1324.428506
-119.434079,200,1324.475572
-126.886859,200,1324.521549
-126.429716,200,1324.571977
-119.918434,200,1324.620633
-233.984995,200,1324.668855
-343.804952,200,1324.716617
-233.451291,200,1324.764626
-116.824278,200,1324.895396
-126.357634,200,1324.944152
-128.488197,200,1324.99141
-123.51072,200,1325.038951
-3.010711,200,1325.085946
-124.417339,200,1325.132735
-242.741857,200,1325.180264
-124.424278,200,1325.22847
-127.031298,200,1325.276363
-240.272946,200,1325.322757
-235.357371,200,1325.451782
-120.113261,200,1325.499537
-236.863225,200,1325.547325
-128.549538,200,1325.595251
-125.618762,200,1325.641357
-120.643804,200,1325.688301
-127.423022,200,1325.735412
-118.430516,200,1325.78174
-234.463495,200,1325.82858
-117.597189,200,1325.874525
-119.165191,200,1326.000464
-125.084308,200,1326.048425
-241.050103,200,1326.096342
-240.473304,200,1326.14122
-2.969203,200,1326.188113
-127.185161,200,1326.235042
-127.711142,200,1326.2869
-120.10654,200,1326.337788
-1.562447,200,1326.388316
-126.163531,200,1326.436704
-246.336703,200,1326.567834
-2.315086,200,1326.615099
-1.987174,200,1326.662092
-236.52773,200,1326.70925
-126.507127,200,1326.756168
-124.037385,200,1326.803965
-248.501444,200,1326.850542
-227.24369,200,1326.897331
-120.919916,200,1326.943232
-234.867848,200,1326.989258
-250.340677,200,1327.11843
-245.294096,200,1327.165373
-123.535177,200,1327.212334
-127.873522,200,1327.258596
-231.480099,200,1327.304412
-245.823956,200,1327.351237
-126.198085,200,1327.396934
-125.839066,200,1327.443767
-239.117315,200,1327.489932
-125.864847,200,1327.536589
-121.48697,200,1327.663415
-129.259306,200,1327.710619
-125.503075,200,1327.757691
-1.30647,200,1327.804148
-124.952285,200,1327.85085
-128.437227,200,1327.896455
-235.968565,200,1327.9442
-120.57224,200,1327.991288
-123.637454,200,1328.037799
-116.577618,200,1328.083781
-365.708412,200,1328.211055
-328.036691,200,1328.259356
-126.519322,200,1328.306913
-1.640603,200,1328.354626
-232.43746,200,1328.402034
-242.741939,200,1328.449292
-240.860861,200,1328.496087
-124.346877,200,1328.544098
-322.88032,200,1328.591211
-121.073991,200,1328.637284
-120.280083,200,1328.764703
-355.897591,200,1328.812916
-125.811686,200,1328.859698
-117.73143,200,1328.906408
-119.528843,200,1328.952626
-123.164286,200,1328.999843
-3.506783,200,1329.045758
-1.705394,200,1329.091591
-120.212926,200,1329.138136
-126.353197,200,1329.184867
-1.428138,200,1329.335476
-118.848444,200,1329.384355
-118.701196,200,1329.431538
-239.535476,200,1329.478215
-115.055109,200,1329.524994
-3.593164,200,1329.571915
-118.95291,200,1329.61823
-224.7085,200,1329.665287
-2.207342,200,1329.712028
-120.971447,200,1329.759123
-238.303288,200,1329.887488
-233.000255,200,1329.93495
-124.395748,200,1329.981911
-123.386305,200,1330.029684
-331.152958,200,1330.076021
-2.081923,200,1330.123363
-121.443721,200,1330.169247
-234.06658,200,1330.216072
-126.132916,200,1330.262915
-116.918681,200,1330.309701
-121.486658,200,1330.437682
-247.190524,200,1330.485302
-1.312001,200,1330.53207
-346.120063,200,1330.580628
-230.509414,200,1330.62684
-126.462242,200,1330.672315
-117.123181,200,1330.719925
-271.60306,200,1330.767253
-118.880331,200,1330.812145
-345.664535,200,1330.85862
-1.897824,200,1330.98527
-125.941117,200,1331.033162
-241.009682,200,1331.080156
-122.364244,200,1331.125815
-239.381715,200,1331.1724
-123.086999,200,1331.21809
-238.088943,200,1331.266399
-238.169159,200,1331.31577
-227.74564,200,1331.362458
-121.496471,200,1331.408432
-120.232526,200,1331.53568
-328.999096,200,1331.584048
-117.308024,200,1331.631336
-121.69926,200,1331.678793
-128.063724,200,1331.724269
-121.734557,200,1331.770683
-257.431491,200,1331.817106
-125.541444,200,1331.86457
-120.563397,200,1331.911234
-125.031533,200,1331.958012
-127.553578,200,1332.088155
-127.377617,200,1332.136616
-123.753323,200,1332.18328
-338.132905,200,1332.230019
-247.11096,200,1332.277504
-119.335612,200,1332.324796
-121.949742,200,1332.371297
-126.79269,200,1332.417917
-126.843895,200,1332.464718
-236.338774,200,1332.511373
-125.173427,200,1332.640479
-241.889395,200,1332.688077
-126.897136,200,1332.735133
-236.370275,200,1332.781631
-118.668623,200,1332.829205
-1.187568,200,1332.876112
-123.31839,200,1332.922724
-367.093519,200,1332.970118
-1.654066,200,1333.01732
-126.562047,200,1333.064383
-1.578707,200,1333.190991
-1.203236,200,1333.238516
-116.150205,200,1333.285976
-119.52981,200,1333.332451
-127.403246,200,1333.379357
-239.910904,200,1333.426583
-125.502442,200,1333.473603
-128.076752,200,1333.520779
-120.858529,200,1333.568244
-120.474362,200,1333.614029
-122.447564,200,1333.741847
-267.077604,200,1333.789797
-119.503307,200,1333.83888
-298.232711,200,1333.88492
-236.49888,200,1333.931172
-2.109011,200,1333.978392
-242.629186,200,1334.024252
-127.14679,200,1334.07014
-338.051941,200,1334.117443
-125.230574,200,1334.164556
-119.464523,200,1334.2931
-0.479869,200,1334.340849
-126.157898,200,1334.387415
-120.189379,200,1334.433999
-0.913983,200,1334.479867
-271.150496,200,1334.525546
-125.098663,200,1334.57402
-124.850911,200,1334.620862
-127.036635,200,1334.667749
-124.275952,200,1334.71392
-125.99296,200,1334.844094
-3.422428,200,1334.892454
-126.326489,200,1334.940613
-232.179213,200,1334.988269
-122.650292,200,1335.036426
-251.712488,200,1335.083266
-3.868403,200,1335.129364
-1.518729,200,1335.176245
-356.093203,200,1335.223354
-118.511498,200,1335.270591
-242.767604,200,1335.400959
-0.642757,200,1335.447065
-117.704356,200,1335.493995
-237.718842,200,1335.541477
-234.309499,200,1335.589641
-233.725858,200,1335.63678
-1.807617,200,1335.6843
-257.20052,200,1335.73047
-126.921494,200,1335.778086
-1.630298,200,1335.825046
-0.81883,200,1335.954981
-245.386762,200,1336.002253
-115.351028,200,1336.049855
-125.838896,200,1336.096316
-128.324704,200,1336.143318
-3.616434,200,1336.190236
-120.804188,200,1336.237565
-128.146904,200,1336.287318
-128.888536,200,1336.336195
-123.476863,200,1336.382481
-238.804386,200,1336.510556
-244.39591,200,1336.559215
-126.385782,200,1336.607653
-240.892406,200,1336.653382
-264.418923,200,1336.699649
-125.85218,200,1336.747956
-246.952245,200,1336.794453
-129.801339,200,1336.84119
-243.958093,200,1336.88789
-234.034118,200,1336.935119
-120.439558,200,1337.063407
-231.086736,200,1337.111337
-118.666955,200,1337.160603
-119.676278,200,1337.207143
-238.237431,200,1337.254381
-265.111179,200,1337.301902
-120.670858,200,1337.349108
-119.486716,200,1337.39636
-115.130053,200,1337.443296
-233.291085,200,1337.490113
-126.376337,200,1337.620307
-242.876734,200,1337.692937
-310.769398,200,1337.742107
-128.313235,200,1337.788723
-237.210583,200,1337.835045
-120.505076,200,1337.882959
-248.349888,200,1337.93123
-242.403235,200,1337.978468
-126.861869,200,1338.025194
-244.420582,200,1338.071737
-238.199994,200,1338.200395
-122.778907,200,1338.24756
-126.798182,200,1338.295706
-115.309667,200,1338.342728
-128.296392,200,1338.390201
-126.904334,200,1338.436943
-3.756378,200,1338.484438
-130.004217,200,1338.531982
-245.982253,200,1338.579708
-122.527176,200,1338.626801
-129.307638,200,1338.754255
-327.912711,200,1338.801552
-119.420829,200,1338.848343
-240.340111,200,1338.896232
-254.044151,200,1338.94324
-126.343006,200,1338.990815
-2.7674,200,1339.037535
-127.092816,200,1339.084558
-256.394092,200,1339.130714
-128.312907,200,1339.176915
-124.184698,200,1339.305433
-1.933821,200,1339.353825
-120.344665,200,1339.401003
-123.532829,200,1339.448408
-254.168195,200,1339.495003
-120.983413,200,1339.541363
-119.284467,200,1339.589776
-127.124288,200,1339.636915
-237.192972,200,1339.683374
-121.476838,200,1339.730872
-128.961167,200,1339.860248
-2.698184,200,1339.908845
-118.432932,200,1339.955821
-128.524396,200,1340.002513
-3.340006,200,1340.049718
-120.510288,200,1340.097203
-338.145673,200,1340.144177
-283.413551,200,1340.190586
-243.694026,200,1340.236574
-128.289532,200,1340.283552
-3.030641,200,1340.41596
-121.579246,200,1340.463184
-300.789406,200,1340.511448
-2.144828,200,1340.558461
-128.039393,200,1340.607013
-119.836615,200,1340.653908
-236.870629,200,1340.700322
-117.565496,200,1340.747244
-119.348536,200,1340.794147
-230.678091,200,1340.840439
-364.080294,200,1340.968831
-126.699755,200,1341.017874
-120.313739,200,1341.066467
-123.941793,200,1341.113444
-353.024361,200,1341.162089
-127.853965,200,1341.209132
-243.769836,200,1341.256049
-233.049575,200,1341.30614
-125.539604,200,1341.353975
-247.196348,200,1341.401486
-230.676279,200,1341.531003
-127.838244,200,1341.579555
-232.87613,200,1341.627738
-352.874984,200,1341.673907
-122.402842,200,1341.720687
-288.295108,200,1341.767566
-125.740936,200,1341.814508
-124.264085,200,1341.860571
-125.725233,200,1341.906991
-243.594558,200,1341.953929
-117.946679,200,1342.082378
-243.692631,200,1342.130463
-230.320167,200,1342.179061
-1.064799,200,1342.226995
-114.484581,200,1342.273552
-0.584057,200,1342.320459
-361.285831,200,1342.367673
-129.131719,200,1342.414848
-375.566232,200,1342.46038
-128.42412,200,1342.507834
-3.107796,200,1342.635624
-117.85082,200,1342.683568
-121.953087,200,1342.73274
-124.266961,200,1342.780056
-376.769997,200,1342.827132
-119.549116,200,1342.873423
-226.328373,200,1342.919456
-239.042903,200,1342.966082
-238.981285,200,1343.012346
-125.013542,200,1343.060158
-125.781248,200,1343.19219
-227.827898,200,1343.239757
-113.65393,200,1343.286699
-124.240352,200,1343.333727
-126.477234,200,1343.379394
-127.345475,200,1343.426029
-124.924006,200,1343.47288
-118.236217,200,1343.519827
-241.553842,200,1343.567321
-121.087213,200,1343.61426
-125.97519,200,1343.743103
-232.112567,200,1343.790403
-117.869238,200,1343.838802
-121.617018,200,1343.885743
-115.927224,200,1343.932357
-118.056209,200,1343.97838
-128.150017,200,1344.025235
-121.555203,200,1344.07239
-357.546897,200,1344.119031
-120.447246,200,1344.16555
-238.515727,200,1344.293641
-4.620166,200,1344.341284
-117.02769,200,1344.388248
-122.378971,200,1344.435362
-120.084306,200,1344.482615
-126.900252,200,1344.530073
-261.979131,200,1344.576755
-223.111855,200,1344.623329
-236.157072,200,1344.669221
-3.532454,200,1344.71634
-237.853232,200,1344.844394
-115.487649,200,1344.892064
-115.7703,200,1344.939171
-119.203774,200,1344.986974
-128.222284,200,1345.033802
-237.15065,200,1345.080613
-127.89577,200,1345.126741
-116.658441,200,1345.174264
-123.909231,200,1345.220386
-1.417632,200,1345.267272
-117.000912,200,1345.395141
-121.10971,200,1345.443384
-127.08915,200,1345.490152
-0.992203,200,1345.536663
-245.009675,200,1345.584165
-234.715292,200,1345.630843
-365.848827,200,1345.677791
-2.317823,200,1345.724732
-125.797945,200,1345.771154
-127.287475,200,1345.816936
-117.797817,200,1345.947419
-234.675232,200,1345.994789
-118.898818,200,1346.041671
-124.257085,200,1346.088864
-118.464112,200,1346.136245
-123.708427,200,1346.182633
-243.633136,200,1346.228897
-124.977287,200,1346.277989
-231.205775,200,1346.327337
-123.631232,200,1346.37503
-124.915353,200,1346.505286
-127.11439,200,1346.578906
-123.385391,200,1346.626654
-2.054887,200,1346.673385
-242.740635,200,1346.720195
-119.23718,200,1346.766032
-121.297075,200,1346.814138
-122.686054,200,1346.86039
-124.785571,200,1346.905626
-117.929447,200,1346.95176
-1.273481,200,1347.081192
-122.950693,200,1347.130277
-336.811776,200,1347.178757
-229.6515,200,1347.225815
-224.138468,200,1347.272993
-119.903536,200,1347.319633
-127.513876,200,1347.366387
-127.249535,200,1347.414784
-116.823713,200,1347.462093
-237.151709,200,1347.509379
-122.956274,200,1347.638079
-115.137818,200,1347.685795
-118.181313,200,1347.733172
-121.427665,200,1347.77933
-249.989678,200,1347.826539
-232.152975,200,1347.873728
-120.219117,200,1347.919212
-119.1079,200,1347.965083
-123.868011,200,1348.01161
-118.520811,200,1348.056825
-117.34813,200,1348.183676
-118.466002,200,1348.230673
-117.201524,200,1348.277065
-126.750116,200,1348.32385
-120.216116,200,1348.370819
-122.298668,200,1348.417691
-126.104877,200,1348.464689
-3.489544,200,1348.510422
-121.450394,200,1348.556721
-119.239698,200,1348.603549
-121.522904,200,1348.733714
-3.346581,200,1348.781505
-125.995972,200,1348.828774
-1.099223,200,1348.875668
-240.929265,200,1348.921841
-125.575234,200,1348.968771
-239.197729,200,1349.015629
-123.177278,200,1349.06259
-243.294393,200,1349.109183
-116.474412,200,1349.157055
-3.645352,200,1349.284535
-120.852757,200,1349.333293
-123.660993,200,1349.379696
-250.098358,200,1349.425664
-119.697483,200,1349.472996
-364.403512,200,1349.51982
-349.859944,200,1349.566897
-125.523821,200,1349.61288
-247.991847,200,1349.65969
-121.192067,200,1349.706917
-122.793339,200,1349.834593
-124.240241,200,1349.883075
-236.446748,200,1349.930678
-122.315009,200,1349.978005
-117.092347,200,1350.025305
-116.423402,200,1350.073397
-127.56959,200,1350.120174
-1.448094,200,1350.16657
-244.204492,200,1350.212699
-131.262215,200,1350.25873
-246.713617,200,1350.386384
-114.524577,200,1350.434476
-232.369042,200,1350.480999
-124.921948,200,1350.52797
-119.628027,200,1350.574627
-125.198856,200,1350.6224
-2.018618,200,1350.669337
-125.350773,200,1350.716763
-239.66478,200,1350.763551
-120.63285,200,1350.80969
-125.661545,200,1350.938477
-4.789448,200,1350.986806
-4.131414,200,1351.033669
-1.855014,200,1351.080329
-115.847147,200,1351.126231
-122.82489,200,1351.174289
-120.182719,200,1351.221894
-127.489012,200,1351.269189
-346.276322,200,1351.318599
-127.115031,200,1351.366159
-122.717445,200,1351.496948
-241.09245,200,1351.544527
-119.544515,200,1351.59159
-234.846475,200,1351.637847
-126.106442,200,1351.68561
-116.45163,200,1351.731114
-119.82037,200,1351.778262
-236.45471,200,1351.825715
-236.106688,200,1351.872381
-116.351483,200,1351.919694
-237.056869,200,1352.048339
-114.622994,200,1352.096218
-240.090924,200,1352.143611
-260.859822,200,1352.191861
-2.748667,200,1352.240474
-122.673985,200,1352.289305
-116.192042,200,1352.33944
-236.207296,200,1352.385567
-123.522535,200,1352.432036
-284.635973,200,1352.478993
-124.201304,200,1352.608248
-120.120042,200,1352.654664
-125.486316,200,1352.701634
-120.228618,200,1352.747935
-125.72664,200,1352.795246
-122.212014,200,1352.841225
-238.180247,200,1352.887915
-122.3897,200,1352.934615
-119.02391,200,1352.980955
-127.335896,200,1353.027266
-243.068677,200,1353.154376
-357.542341,200,1353.202175
-240.302306,200,1353.248389
-119.851229,200,1353.295672
-0.868762,200,1353.343232
-323.192332,200,1353.390719
-128.152306,200,1353.437264
-121.055932,200,1353.484173
-374.590751,200,1353.530977
-117.298936,200,1353.577511
-121.758405,200,1353.705723
-126.452297,200,1353.75421
-126.778256,200,1353.802176
-334.403005,200,1353.848456
-121.046301,200,1353.895475
-124.005133,200,1353.941743
-122.494097,200,1353.988415
-118.637116,200,1354.035814
-232.509348,200,1354.082177
-123.13174,200,1354.128931
-120.651929,200,1354.259806
-121.312517,200,1354.307775
-378.978127,200,1354.354098
-242.272398,200,1354.400338
-246.238052,200,1354.447415
-120.078863,200,1354.494812
-236.266915,200,1354.544285
-0.899581,200,1354.593259
-122.737109,200,1354.641045
-235.757998,200,1354.688305
-234.14159,200,1354.820459
-2.122909,200,1354.868507
-1.212433,200,1354.916839
-127.70725,200,1354.964873
-230.803379,200,1355.011574
-128.858616,200,1355.058332
-119.133,200,1355.105744
-238.794935,200,1355.152991
-126.381524,200,1355.200516
-125.899335,200,1355.24905
-1.657411,200,1355.37836
-124.753844,200,1355.452874
-235.072069,200,1355.502218
-330.344852,200,1355.549024
-116.363435,200,1355.596527
-122.649125,200,1355.643092
-125.785816,200,1355.690562
-247.492563,200,1355.736604
-1.005131,200,1355.784649
-124.60681,200,1355.831349
-3.450599,200,1355.960369
-126.601792,200,1356.007938
-241.802939,200,1356.0549
-115.741284,200,1356.102553
-120.982112,200,1356.149183
-243.749291,200,1356.19756
-1.001635,200,1356.244103
-1.607325,200,1356.296305
-245.04147,200,1356.34649
-115.510807,200,1356.397634
-243.068294,200,1356.527667
-1.162847,200,1356.575544
-127.325355,200,1356.623312
-1.689682,200,1356.670105
-116.059006,200,1356.717348
-116.206584,200,1356.763857
-125.21253,200,1356.810205
-116.252996,200,1356.857321
-124.858041,200,1356.905011
-240.180282,200,1356.951781
-117.109149,200,1357.082657
-1.163053,200,1357.13103
-118.987661,200,1357.178413
-247.681549,200,1357.226357
-126.215371,200,1357.27395
-126.650061,200,1357.321398
-115.929166,200,1357.367823
-335.89323,200,1357.414006
-233.523497,200,1357.460019
-231.895053,200,1357.506638
-121.922966,200,1357.634962
-121.886106,200,1357.682429
-118.503054,200,1357.729503
-127.721033,200,1357.776542
-122.605094,200,1357.82215
-125.801757,200,1357.869849
-118.696217,200,1357.917639
-4.446713,200,1357.965093
-243.90231,200,1358.012325
-118.079737,200,1358.058924
-116.05417,200,1358.187058
-352.787467,200,1358.235108
-240.660304,200,1358.283252
-223.867903,200,1358.330223
-120.355572,200,1358.376998
-116.149336,200,1358.423883
-240.993019,200,1358.470774
-2.213535,200,1358.517073
-233.142415,200,1358.563919
-118.820627,200,1358.61133
-0.662524,200,1358.741041
-115.873392,200,1358.788523
-128.237416,200,1358.835795
-323.083481,200,1358.883558
-126.037309,200,1358.931218
-233.877646,200,1358.978709
-233.590232,200,1359.026151
-225.692233,200,1359.072171
-123.564799,200,1359.11886
-123.794825,200,1359.163943
-236.078912,200,1359.291481
-127.148608,200,1359.339029
-120.33129,200,1359.387053
-243.358276,200,1359.433157
-242.190129,200,1359.479327
-247.873197,200,1359.526269
-120.47201,200,1359.573139
-121.754392,200,1359.619652
-231.513484,200,1359.666912
-0.451997,200,1359.713444
-124.12874,200,1359.844796
-117.273489,200,1359.89219
-122.022411,200,1359.940583
-125.115601,200,1359.986126
-127.337013,200,1360.032019
-120.457143,200,1360.079418
-119.049111,200,1360.124816
-125.645339,200,1360.172661
-241.851458,200,1360.218843
-297.724064,200,1360.265417
-238.941608,200,1360.394026
-118.11018,200,1360.441245
-126.534324,200,1360.489038
-125.127222,200,1360.5374
-123.700034,200,1360.583428
-125.854584,200,1360.631348
-241.464485,200,1360.678227
-234.732515,200,1360.725168
-245.184492,200,1360.771448
-125.070072,200,1360.81755
-1.406342,200,1360.946387
-118.817954,200,1360.993
-127.869504,200,1361.04099
-1.904831,200,1361.089103
-122.789673,200,1361.137394
-118.322347,200,1361.184884
-234.447528,200,1361.231384
-0.987493,200,1361.279816
-246.871535,200,1361.329821
-246.739486,200,1361.37685
-248.793671,200,1361.506286
-123.618877,200,1361.554942
-125.996613,200,1361.602635
-121.702226,200,1361.649834
-346.449312,200,1361.697144
-226.564457,200,1361.744472
-121.890137,200,1361.791663
-330.149434,200,1361.838547
-353.626121,200,1361.886379
-1.265515,200,1361.933864
-120.309981,200,1362.06173
-127.5679,200,1362.107915
-238.788325,200,1362.155358
-119.178826,200,1362.202545
-241.435876,200,1362.249961
-234.785601,200,1362.296041
-1.999975,200,1362.341548
-119.276547,200,1362.388079
-121.017961,200,1362.434029
-127.52176,200,1362.480198
-126.787522,200,1362.611456
-227.315393,200,1362.659699
-122.85548,200,1362.707473
-117.489846,200,1362.753778
-120.881166,200,1362.800718
-330.840411,200,1362.847072
-230.331791,200,1362.892323
-120.064611,200,1362.939231
-122.175155,200,1362.985191
-120.279279,200,1363.031055
-124.069388,200,1363.159526
-119.507657,200,1363.23095
-253.264089,200,1363.280843
-125.83962,200,1363.329128
-311.40679,200,1363.376658
-116.528341,200,1363.423209
-358.62635,200,1363.469841
-1.659147,200,1363.516211
-318.484516,200,1363.563332
-241.086634,200,1363.610808
-120.725591,200,1363.740993
-1.022014,200,1363.788464
-122.308984,200,1363.836411
-125.629529,200,1363.88185
-123.651857,200,1363.928407
-114.257138,200,1363.974774
-243.713662,200,1364.020493
-245.309606,200,1364.0681
-363.352846,200,1364.115647
-126.809106,200,1364.162012
-260.065464,200,1364.289711
-122.276583,200,1364.337366
-126.811795,200,1364.383577
-127.838221,200,1364.429443
-127.120793,200,1364.474161
-242.321441,200,1364.520659
-245.160825,200,1364.56621
-115.739188,200,1364.612838
-242.125443,200,1364.659425
-125.928867,200,1364.706114
-240.963568,200,1364.834513
-119.070178,200,1364.882556
-372.036142,200,1364.929787
-116.313556,200,1364.97614
-2.127814,200,1365.024429
-127.41175,200,1365.071446
-233.76746,200,1365.118048
-124.553565,200,1365.163789
-248.617545,200,1365.209301
-119.747639,200,1365.254664
-359.843162,200,1365.386037
-127.877094,200,1365.434439
-231.878017,200,1365.481435
-123.027841,200,1365.527974
-235.372562,200,1365.57423
-352.800631,200,1365.621649
-122.478782,200,1365.668238
-123.713379,200,1365.715163
-240.670461,200,1365.761837
-126.533267,200,1365.809145
-245.617304,200,1365.938776
-239.658141,200,1365.986016
-224.978821,200,1366.033563
-116.571172,200,1366.080804
-117.786608,200,1366.126558
-341.54554,200,1366.172812
-230.185476,200,1366.219257
-126.236216,200,1366.26654
-1.022231,200,1366.31643
-244.773917,200,1366.364011
-116.452835,200,1366.493228
-235.852766,200,1366.540542
-122.41283,200,1366.587312
-116.977757,200,1366.635297
-119.377879,200,1366.682623
-117.719039,200,1366.729777
-250.30806,200,1366.776188
-240.673202,200,1366.823903
-123.352359,200,1366.871573
-242.966758,200,1366.91777
-236.146382,200,1367.046026
-122.936809,200,1367.094443
-119.862276,200,1367.141944
-125.923924,200,1367.189666
-121.04912,200,1367.237139
-231.804562,200,1367.285687
-119.758631,200,1367.333031
-240.139287,200,1367.379207
-121.030077,200,1367.426253
-231.672432,200,1367.473786
-248.075264,200,1367.603158
-228.653061,200,1367.650413
-0.636119,200,1367.697913
-1.55875,200,1367.745043
-235.600926,200,1367.791041
-122.091188,200,1367.838113
-124.26733,200,1367.885878
-354.369996,200,1367.932706
-267.363892,200,1367.979233
-125.051179,200,1368.026111
-118.975262,200,1368.158317
-2.570581,200,1368.206527
-0.877255,200,1368.254062
-236.066503,200,1368.300836
-2.978489,200,1368.346842
-124.796561,200,1368.394312
-3.29091,200,1368.441766
-123.261776,200,1368.489133
-124.855698,200,1368.535875
-118.019531,200,1368.581133
-123.848515,200,1368.70973
-118.816708,200,1368.757741
-122.328664,200,1368.805803
-228.9947,200,1368.853675
-256.582856,200,1368.900944
-120.602022,200,1368.947568
-244.33908,200,1368.993414
-240.430083,200,1369.040194
-123.006065,200,1369.086536
-342.061174,200,1369.133792
-126.133711,200,1369.26366
-357.800725,200,1369.312287
-225.862301,200,1369.359894
-8.169829,200,1369.407387
-1.337832,200,1369.454023
-123.754731,200,1369.502078
-121.757866,200,1369.548019
-331.104326,200,1369.595995
-232.782732,200,1369.643999
-127.238993,200,1369.689718
-257.822734,200,1369.816728
-125.188508,200,1369.863901
-124.482929,200,1369.911719
-121.305485,200,1369.958708
-126.759847,200,1370.005512
-243.33509,200,1370.052292
-238.391015,200,1370.098652
-129.063205,200,1370.144706
-125.652291,200,1370.190794
-119.989213,200,1370.237262
-125.182827,200,1370.365617
-237.522214,200,1370.41434
-348.736575,200,1370.461249
-120.716917,200,1370.507898
-121.999359,200,1370.554742
-231.426558,200,1370.601986
-240.859465,200,1370.650032
-118.929336,200,1370.696866
-118.274188,200,1370.742888
-343.033273,200,1370.789474
