#{"t_start": 1789055567.052265, "env_id": "Pendulum-v1"}
r,l,t
-1609.451669,200,0.432014
-1676.192627,200,1.276057
-1806.409827,200,2.119473
-1457.332877,200,2.952339
-1612.052742,200,3.78401
-1493.942959,200,4.757081
-1487.045474,200,5.665894
-1477.447974,200,6.531651
-1347.515288,200,7.496598
-1246.22543,200,8.32381
-1276.951698,200,9.430318
-1129.086574,200,10.360274
-1051.568565,200,11.195363
-640.387373,200,12.026564
-1014.647665,200,12.856814
-915.885386,200,13.849709
-1052.025848,200,14.683467
-1119.629988,200,15.624961
-1003.057896,200,16.559953
-385.332783,200,17.390508
-245.399111,200,18.407296
-122.718246,200,19.391467
-4.047641,200,20.222539
-256.722628,200,21.067263
-248.760006,200,21.913529
-1.517519,200,22.946426
-122.732017,200,23.821697
-248.662368,200,24.772455
-2.246058,200,25.601484
-127.537345,200,26.433501
-124.489796,200,27.621568
-119.610171,200,28.456469
-258.399044,200,29.284791
-254.147545,200,30.117734
-366.978377,200,30.988051
-123.534001,200,31.947582
-115.640975,200,32.907638
-239.533731,200,33.863661
-232.792932,200,34.851477
-121.271291,200,35.689056
-236.379557,200,36.654315
-0.590926,200,37.492686
-232.246844,200,38.499313
-117.724939,200,39.369921
-123.808682,200,40.199188
-121.997061,200,41.24985
-124.581052,200,42.079826
-121.256208,200,42.905669
-1.552577,200,43.74691
-0.644215,200,44.757857
-0.661845,200,45.716188
-118.64216,200,46.553565
-364.610087,200,47.381589
-120.214462,200,48.208727
-124.096559,200,49.214783
-235.070495,200,50.075783
-122.068732,200,51.105461
-1.244069,200,51.94052
-126.144235,200,52.780542
-125.648191,200,53.609117
-227.691505,200,54.573989
-116.473639,200,55.562638
-120.939792,200,56.405892
-0.860173,200,57.236854
-118.56699,200,58.074143
-120.571253,200,59.120293
-2.92188,200,60.048973
-128.619501,200,60.945377
-121.977636,200,61.77717
-118.405503,200,62.606825
-126.674918,200,63.564208
-120.180095,200,64.400028
-242.503073,200,65.227407
-239.767023,200,66.055452
-121.244728,200,66.989357
-126.453731,200,67.935948
-236.595047,200,68.766882
-121.040814,200,69.596609
-333.064498,200,70.424822
-126.845454,200,71.252705
-241.617652,200,72.237508
-121.138332,200,73.085257
-236.583381,200,73.920137
-344.733895,200,74.752232
-3.143428,200,75.800877
-118.460248,200,76.644546
-124.225154,200,77.756969
-121.105458,200,78.586472
-123.940611,200,79.407979
-0.614434,200,80.237643
-0.790314,200,81.210338
-1.71784,200,82.046128
-125.605164,200,82.874121
-346.969253,200,83.7116
-116.400893,200,84.704691
-125.874784,200,85.535747
-232.019355,200,86.366334
-1.752258,200,87.196755
-123.122195,200,88.025104
-122.401779,200,88.854283
-117.047831,200,89.810895
-244.358621,200,90.646329
-235.609581,200,91.474939
-123.731821,200,92.304035
-125.655262,200,93.36902
-247.547024,200,94.201883
-229.914268,200,95.031806
-232.57766,200,95.862066
-236.75445,200,96.691482
-118.076806,200,97.520869
-124.376057,200,98.483648
-0.813022,200,99.324313
-122.941869,200,100.154061
-117.951078,200,100.984658
-2.621329,200,101.82335
-121.716226,200,102.806615
-117.304569,200,103.679419
-120.017144,200,104.695135
-227.245415,200,105.526563
-238.001661,200,106.355814
-242.38406,200,107.313697
-130.620626,200,108.149773
-120.048096,200,108.978768
-125.42238,200,109.811353
-127.440798,200,110.815064
-127.476157,200,111.658222
-2.712824,200,112.489607
-4.057519,200,113.543407
-116.433395,200,114.374798
-330.154621,200,115.204486
-338.769907,200,116.16396
-120.450996,200,116.999141
-127.616689,200,117.829059
-125.183693,200,118.676744
-235.178586,200,119.660077
-117.701912,200,120.490204
-237.207248,200,121.320089
-128.327984,200,122.151492
-119.980338,200,122.980839
-229.866678,200,123.810055
-328.001519,200,124.774482
-124.107454,200,125.614903
-241.407419,200,126.444028
-239.229972,200,127.271666
-126.545212,200,128.10256
-115.502088,200,129.152794
-231.181679,200,129.986429
-232.612435,200,130.815898
-123.568929,200,131.644567
-124.407207,200,132.470124
-1.015082,200,133.433292
-123.527009,200,134.269174
-339.52859,200,135.100276
-237.511338,200,135.930233
-237.578219,200,136.878011
-123.745222,200,137.812455
-1.91841,200,138.644406
-244.929987,200,139.474446
-295.733508,200,140.306129
-125.887177,200,141.151644
-352.766767,200,142.112549
-122.96962,200,142.948831
-121.700015,200,143.779979
-127.693198,200,144.610102
-318.504484,200,145.659686
-126.082829,200,146.49438
-117.784897,200,147.325794
-232.054914,200,148.159154
-120.299072,200,148.990994
-118.897935,200,149.822173
-231.731099,200,150.781987
-120.670846,200,151.617018
-228.684271,200,152.447065
-125.399264,200,153.281792
-121.333324,200,154.333186
-113.732389,200,155.168052
-226.86738,200,155.999712
-117.243073,200,156.830371
-4.144484,200,157.660554
-120.531538,200,158.49969
-225.100255,200,159.495942
-127.84522,200,160.332822
-120.690907,200,161.16277
-117.277442,200,161.996004
-232.617281,200,163.051738
-123.335564,200,163.884521
-242.272108,200,164.720254
-118.243253,200,165.551748
-121.178247,200,166.381885
-240.511483,200,167.211978
-225.574475,200,168.170603
-230.595206,200,169.006689
-124.793852,200,169.841639
-225.917831,200,170.677959
-124.000385,200,171.73935
-2.057254,200,172.585324
-0.481602,200,173.43579
-238.977824,200,174.273489
-119.134498,200,175.106243
-119.490838,200,175.939716
-124.53151,200,176.902985
-124.427671,200,177.740846
-124.249015,200,178.57252
-118.178776,200,179.450157
-124.918042,200,180.4321
-226.873987,200,181.265393
-114.439683,200,182.09627
-0.319532,200,182.927066
-126.057831,200,183.757487
-122.338414,200,184.588085
-118.229913,200,185.546187
-227.563924,200,186.382715
-228.062611,200,187.212905
-117.504175,200,188.056997
-0.304104,200,189.114274
-113.624028,200,189.948247
-122.676637,200,190.780211
-124.858486,200,191.618011
-119.267008,200,192.451021
-121.429778,200,193.294626
-0.350064,200,194.256008
-126.640258,200,195.096567
-126.312528,200,195.930491
-251.835077,200,196.763954
-124.80924,200,197.770257
-127.306372,200,198.607155
-123.405325,200,199.455208
-241.455799,200,200.507294
-125.761056,200,201.355641
-122.578771,200,202.190414
-120.415391,200,203.154213
-229.272552,200,203.997737
-0.470276,200,204.833174
-3.092452,200,205.672668
-119.589701,200,206.668966
-124.453311,200,207.501917
-341.288274,200,208.332538
-247.796751,200,209.164637
-126.880487,200,209.994772
-124.238383,200,210.836749
-125.96624,200,211.797597
-0.596888,200,212.645036
-224.268085,200,213.484179
-118.293285,200,214.322341
-113.905647,200,215.38919
-126.305331,200,216.225175
-114.49264,200,217.056969
-121.412391,200,217.885851
-129.74449,200,218.714687
-124.294032,200,219.541919
-241.757548,200,220.508726
-129.927861,200,221.346476
-121.233854,200,222.181466
-230.293631,200,223.078915
-231.371746,200,224.101255
-120.716299,200,224.932382
-326.349502,200,225.979426
-129.90892,200,226.820459
-0.511118,200,227.648136
-114.868036,200,228.477679
-232.174813,200,229.437116
-238.682321,200,230.273087
-1.48153,200,231.118112
-118.005352,200,231.953629
-118.904188,200,232.950653
-117.245984,200,233.783581
-334.349892,200,234.615286
-229.821546,200,235.445233
-337.928055,200,236.274611
-227.034785,200,237.103712
-240.188486,200,238.062509
-226.57887,200,238.899283
-121.362965,200,239.732824
-125.376567,200,240.562532
-332.64805,200,241.612706
-124.278753,200,242.446844
-1.162815,200,243.277581
-124.289827,200,244.110646
-0.707204,200,244.941164
-116.380589,200,245.771022
-0.468973,200,246.729818
-126.876202,200,247.566335
-1.790931,200,248.396495
-123.099069,200,249.227005
-240.142275,200,250.276073
-223.984746,200,251.109011
-120.864872,200,251.938734
-247.760917,200,252.776817
-0.694844,200,253.606831
-235.92677,200,254.435727
-256.283989,200,255.395308
-121.023775,200,256.232244
-125.025355,200,257.063171
-0.630013,200,257.895634
-120.60435,200,258.952118
-117.189216,200,259.78521
-225.497551,200,260.617535
-126.092763,200,261.46231
-121.47727,200,262.289436
-114.15964,200,263.119287
-129.598768,200,264.080288
-117.742767,200,264.929723
-231.614248,200,265.779844
-233.684148,200,266.715541
-1.721083,200,267.705769
-2.695984,200,268.561663
-1.350506,200,269.415012
-0.864395,200,270.264827
-349.848039,200,271.113135
-128.359961,200,271.98325
-233.079224,200,272.974249
-121.34729,200,273.811066
-128.212776,200,274.640583
-122.849633,200,275.493995
-121.908423,200,276.49368
-115.312438,200,277.427786
-127.219916,200,278.307197
-1.886603,200,279.141508
-119.844757,200,279.999965
-116.849847,200,280.840336
-123.350099,200,281.826098
-227.596804,200,282.784117
-126.704622,200,283.62815
-236.058584,200,284.558833
-234.007923,200,285.574075
-331.806138,200,286.494125
-122.420791,200,287.424885
-249.954827,200,288.2815
-237.576345,200,289.120467
-338.025453,200,289.962534
-122.610684,200,290.962464
-243.686945,200,291.808532
-114.290484,200,292.649736
-121.900316,200,293.485348
-288.684473,200,294.558352
-1.164657,200,295.398851
-0.77162,200,296.2444
-115.059148,200,297.078724
-0.428974,200,297.910401
-123.997849,200,298.750411
-235.282483,200,299.794777
-114.319832,200,300.656182
-2.672486,200,301.518255
-248.407889,200,302.404673
-237.31171,200,303.517324
-232.069805,200,304.406573
-242.177694,200,305.261697
-0.606204,200,306.114816
-127.898585,200,306.974774
-228.375218,200,307.837812
-242.989376,200,308.807201
-128.03425,200,309.67268
-226.441935,200,310.554025
-126.261811,200,311.475936
-0.520524,200,312.525895
-236.932742,200,313.379674
-116.446934,200,314.267942
-125.830814,200,315.109039
-116.326924,200,315.940899
-233.50767,200,316.773608
-122.529593,200,317.735398
-117.966296,200,318.571724
-127.282506,200,319.402632
-233.842153,200,320.2436
-124.148131,200,321.286696
-231.294408,200,322.119562
-235.066134,200,322.962777
-348.263656,200,323.801857
-119.518727,200,324.647382
-126.192117,200,325.508886
-125.524546,200,326.47658
-249.649912,200,327.348266
-127.563009,200,328.215245
-127.423356,200,329.056571
-123.597494,200,330.098862
-124.340415,200,330.957111
-118.199833,200,331.804724
-124.384243,200,332.665466
-123.100718,200,333.548498
-125.236064,200,334.417679
-121.36622,200,335.462158
-124.099851,200,336.301654
-246.668967,200,337.135442
-240.785233,200,337.973985
-123.51359,200,339.013697
-229.234012,200,339.868226
-118.323406,200,340.715678
-300.163275,200,341.551887
-226.572148,200,342.385473
-2.429881,200,343.261379
-125.335244,200,344.247967
-125.136907,200,345.106345
-245.123277,200,345.958368
-121.428362,200,346.841108
-124.366376,200,347.876044
-126.276815,200,348.728018
-123.056533,200,349.682335
-127.669849,200,350.716152
-122.17105,200,351.585982
-0.311455,200,352.424343
-119.350113,200,353.423992
-125.190763,200,354.296954
-125.839534,200,355.367485
-243.385097,200,356.261279
-126.787132,200,357.258425
-238.316839,200,358.100731
-115.649402,200,358.948137
-0.36455,200,359.78491
-362.156068,200,360.660008
-129.457787,200,361.508071
-125.996479,200,362.471641
-126.007443,200,363.350992
-126.865258,200,364.18917
-127.655876,200,365.036345
-8.216323,200,366.094388
-125.028905,200,366.930207
-2.845842,200,367.766684
-1.205036,200,368.619132
-122.636096,200,369.454858
-354.198192,200,370.287962
-228.34926,200,371.250348
-320.87807,200,372.087513
-241.9116,200,372.925649
-230.299814,200,373.758575
-117.655766,200,374.756318
-128.755601,200,375.589508
-0.575333,200,376.427283
-243.446231,200,377.261142
-240.290304,200,378.091928
-242.25548,200,378.921139
-125.620893,200,379.881978
-120.866111,200,380.72086
-120.804725,200,381.566997
-126.414714,200,382.463254
-128.459413,200,383.476475
-251.649071,200,384.308573
-115.830022,200,385.140843
-122.189027,200,385.97012
-228.111348,200,386.804837
-231.798465,200,387.635288
-117.169111,200,388.609852
-245.453821,200,389.45299
-127.152113,200,390.28517
-124.209934,200,391.117386
-125.314368,200,392.004198
-331.792169,200,392.849974
-125.170411,200,393.682758
-1.260708,200,394.515013
-235.949019,200,395.579023
-324.66517,200,396.440691
-380.979835,200,397.588583
-242.519168,200,398.425355
-123.51227,200,399.257407
-238.22046,200,400.174826
-125.603757,200,401.147034
-225.188796,200,401.979124
-0.416642,200,402.915862
-120.12817,200,403.747332
-226.907069,200,404.577392
-119.199349,200,405.407166
-118.387592,200,406.365913
-226.66835,200,407.20318
-114.70827,200,408.033633
-0.435517,200,408.865077
-125.840349,200,409.860491
-0.38855,200,410.695306
-240.602658,200,411.542527
-120.299058,200,412.373912
-245.760505,200,413.213559
-125.4826,200,414.044699
-120.520289,200,415.003822
-121.485662,200,415.84073
-126.250421,200,416.679634
-121.852009,200,417.525869
-123.78254,200,418.588913
-122.101413,200,419.431048
-124.465555,200,420.262767
-120.43677,200,421.092579
-117.590118,200,421.928997
-1.401797,200,422.761684
-244.009696,200,423.722375
-236.96605,200,424.560447
-127.67769,200,425.39163
-123.296904,200,426.222759
-238.881325,200,427.234871
-123.520516,200,428.0721
-115.988508,200,428.904789
-120.098585,200,429.735652
-126.510435,200,430.565951
-237.804335,200,431.395736
-228.149468,200,432.353747
-121.173881,200,433.197872
-1.841955,200,434.029305
-1.201804,200,434.862941
-226.510863,200,435.919521
-235.393011,200,436.771169
-1.879392,200,437.636568
-127.822839,200,438.469479
-118.029683,200,439.301558
-0.785103,200,440.150939
-120.855976,200,441.225543
-1.451643,200,442.066058
-125.300506,200,442.916804
-120.092643,200,443.795715
-234.957177,200,444.924792
-116.400822,200,445.770048
-131.682468,200,446.630069
-125.224258,200,447.527479
-228.659756,200,448.391212
-124.03108,200,449.245389
-125.545272,200,450.232698
-3.20878,200,451.123688
-120.385613,200,452.112447
-128.770741,200,452.987075
-117.654841,200,454.109879
-114.71828,200,454.967434
-117.329775,200,455.817759
-2.999828,200,456.670295
-131.547406,200,457.514156
-230.222889,200,458.36113
-117.974072,200,459.342393
-120.178499,200,460.194599
-225.986438,200,461.061137
-126.096864,200,461.925863
-237.84818,200,462.979583
-124.152299,200,463.823223
-1.638262,200,464.667408
-235.613591,200,465.507838
-114.432965,200,466.407058
-125.133177,200,467.296352
-226.001366,200,468.291964
-120.13971,200,469.196479
-242.116459,200,470.116568
-126.4341,200,471.072705
-1.082187,200,472.14361
-120.704586,200,473.05419
-248.529555,200,473.927175
-232.766757,200,474.830656
-323.652873,200,475.707192
-0.36153,200,476.566488
-124.973298,200,477.572835
-237.433843,200,478.42231
-120.084615,200,479.294698
-224.843898,200,480.154581
-130.763339,200,481.243179
-221.569667,200,482.078892
-114.763017,200,482.912522
-239.412581,200,483.744299
-125.179398,200,484.585317
-127.829441,200,485.427554
-122.31695,200,486.393846
-233.347683,200,487.239088
-118.625389,200,488.069956
-0.277587,200,488.899622
-232.918087,200,489.946881
-124.50898,200,490.778587
-2.108274,200,491.621801
-0.811885,200,492.456223
-232.666249,200,493.302907
-0.903953,200,494.137065
-125.361794,200,495.103894
-121.579883,200,495.94224
-119.586027,200,496.805907
-119.596978,200,497.734748
-240.291559,200,498.73402
-122.328488,200,499.567354
-122.104101,200,500.405887
-228.730965,200,501.252487
-115.584894,200,502.114594
-116.563364,200,502.962328
-119.612353,200,503.928066
-1.868208,200,504.788471
-255.751214,200,505.622294
-118.201774,200,506.54267
-127.326073,200,507.538586
-245.973842,200,508.370698
-121.995748,200,509.202542
-118.118481,200,510.041902
-250.496553,200,510.890726
-119.714362,200,511.731204
-119.13796,200,512.71298
-0.416635,200,513.568233
-117.661105,200,514.404214
-234.429217,200,515.359931
-117.003426,200,516.36332
-244.23652,200,517.196522
-227.312006,200,518.04805
-0.870535,200,518.93104
-117.044404,200,519.791356
-243.265814,200,520.640075
-328.246816,200,521.628802
-232.178131,200,522.532076
-235.185979,200,523.441175
-247.097268,200,524.326859
-308.451692,200,525.390957
-118.474446,200,526.271239
-127.280839,200,527.128483
-126.056207,200,528.018194
-117.150511,200,528.899046
-129.207764,200,529.800387
-114.299245,200,530.773114
-240.484938,200,531.627921
-240.7299,200,532.460912
-116.813908,200,533.315301
-117.147507,200,534.29705
-1.946681,200,535.129343
-248.410802,200,535.960304
-245.879525,200,536.790707
-0.373978,200,537.621539
-124.215703,200,538.451249
-1.014564,200,539.416557
-122.379641,200,540.254164
-237.068414,200,541.087004
-3.049578,200,541.925621
-238.169898,200,542.970164
-232.968273,200,543.803858
-119.491124,200,544.638813
-116.123231,200,545.470033
-2.577526,200,546.301139
-120.814205,200,547.132507
-3.790877,200,548.099702
-123.069533,200,548.941175
-117.841478,200,549.771698
-223.492256,200,550.601481
-114.9032,200,551.433546
-120.960435,200,552.482457
-120.797033,200,553.429415
-1.850763,200,554.405496
-224.384502,200,555.237237
-119.541242,200,556.068429
-114.42047,200,557.028918
-228.070768,200,557.866587
-231.497121,200,558.695751
-117.846267,200,559.527626
-125.895781,200,560.520025
-116.265421,200,561.354504
-230.720797,200,562.186638
-230.114916,200,563.02014
-118.911606,200,563.85204
-122.464948,200,564.682275
-264.874716,200,565.641064
-2.51196,200,566.480436
-0.438562,200,567.311507
-129.521368,200,568.143334
-124.773913,200,569.193739
-119.746142,200,570.028507
-123.185175,200,570.85833
-123.041718,200,571.689922
-124.386557,200,572.521025
-113.422245,200,573.361263
-122.048403,200,574.319648
-123.149941,200,575.158306
-319.505835,200,575.98868
-1.105592,200,576.835982
-224.265808,200,577.880335
-224.025055,200,578.713447
-222.143695,200,579.644748
-120.346095,200,580.483186
-126.411402,200,581.315027
-121.324943,200,582.144435
-240.832591,200,583.104403
-128.687482,200,583.941133
-225.732363,200,584.772586
-247.560894,200,585.604027
-126.025593,200,586.662568
-238.089904,200,587.49667
-128.16298,200,588.328605
-114.610988,200,589.161195
-229.399549,200,589.992852
-126.822243,200,590.826175
-122.6777,200,591.819678
-241.436872,200,592.67651
-1.033261,200,593.531798
-117.891877,200,594.475957
-244.12014,200,595.369294
-0.666982,200,596.203582
-220.3681,200,597.037772
-114.267676,200,597.869895
-226.455529,200,598.70055
-2.135696,200,599.536876
-246.283464,200,600.497131
-224.830585,200,601.335237
-239.295995,200,602.167009
-127.963391,200,602.99928
-121.787188,200,604.05166
-115.755514,200,604.886727
-0.590321,200,605.722075
-123.496914,200,606.55352
-123.398184,200,607.385893
-120.727787,200,608.216731
-349.195857,200,609.185553
-121.890727,200,610.022013
-123.93993,200,610.853816
-129.472342,200,611.685343
-125.868246,200,612.713659
-236.50716,200,613.5493
-233.203134,200,614.382513
-122.891969,200,615.215892
-122.79882,200,616.046461
-0.658407,200,616.877801
-226.800013,200,617.83882
-118.430697,200,618.678399
-117.394579,200,619.511324
-125.330374,200,620.344225
-227.188385,200,621.184866
-117.699213,200,622.227245
-117.129905,200,623.062265
-123.156453,200,623.895775
-127.105347,200,624.726614
-121.255853,200,625.557082
-244.566462,200,626.519428
-0.677471,200,627.357348
-302.839365,200,628.188326
-122.03617,200,629.022394
-113.843721,200,630.021417
-125.965966,200,630.854969
-329.489324,200,631.688466
-119.564394,200,632.521741
-127.282113,200,633.364853
-244.561026,200,634.19653
-246.508079,200,635.15689
-120.962811,200,635.994205
-227.99798,200,636.827145
-126.107781,200,637.669898
-119.788971,200,638.713256
-242.136069,200,639.548606
-118.055783,200,640.381877
-235.916601,200,641.216988
-121.54571,200,642.047574
-116.00566,200,642.877559
-117.621472,200,643.839201
-123.835579,200,644.677872
-127.379858,200,645.509192
-119.499856,200,646.375368
-236.903164,200,647.430249
-244.494795,200,648.263517
-123.988935,200,649.096605
-120.30339,200,649.929167
-121.366907,200,650.760319
-116.613351,200,651.591581
-122.698145,200,652.552445
-125.736267,200,653.395223
-125.989264,200,654.227556
-128.272249,200,655.060611
-248.070768,200,656.056686
-123.00642,200,656.891946
-242.847799,200,657.72645
-115.62007,200,658.55965
-125.521443,200,659.393695
-243.0401,200,660.223655
-114.760112,200,661.190737
-119.994773,200,662.026991
-117.438415,200,662.863396
-116.057942,200,663.697023
-350.39703,200,664.746719
-117.760289,200,665.584227
-225.623609,200,666.546335
-114.059937,200,667.420047
-229.494883,200,668.253355
-114.681742,200,669.231492
-122.966135,200,670.234285
-124.817488,200,671.072784
-4.244937,200,671.906898
-233.477986,200,672.746941
-117.286911,200,673.744599
-231.322672,200,674.578427
-3.806244,200,675.411946
-118.850029,200,676.245488
-121.232312,200,677.077351
-120.300659,200,677.908649
-232.33982,200,678.870492
-231.409995,200,679.708708
-239.257853,200,680.540206
-328.095563,200,681.390596
-124.188299,200,682.431127
-123.644619,200,683.2662
-117.358779,200,684.098187
-125.571638,200,684.931765
-1.336797,200,685.762738
-319.988869,200,686.59535
-124.969547,200,687.559315
-121.918105,200,688.398664
-1.097635,200,689.233825
-114.015728,200,690.104216
-240.044342,200,691.06736
-126.841534,200,691.90112
-121.568171,200,692.736988
-120.909637,200,693.571628
-122.29984,200,694.403315
-123.478461,200,695.234924
-226.308757,200,696.195471
-118.531133,200,697.034364
-119.255507,200,697.867989
-121.11464,200,698.717849
-1.642782,200,699.759837
-121.356183,200,700.595736
-118.109638,200,701.42992
-128.08002,200,702.264854
-117.076603,200,703.094386
-121.253981,200,703.927121
-117.395394,200,704.887828
-126.216437,200,705.726993
-293.67797,200,706.557959
-126.752073,200,707.40856
-118.508079,200,708.447258
-1.141079,200,709.282396
-236.526642,200,710.116473
-116.141166,200,710.949465
-128.324189,200,711.797635
-222.595076,200,712.64017
-117.409663,200,713.611152
-2.623759,200,714.450903
-1.89022,200,715.284613
-1.699956,200,716.117145
-235.856733,200,717.213427
-126.756095,200,718.050422
-273.608191,200,718.883329
-229.475949,200,719.725468
-334.523582,200,720.558201
-122.272596,200,721.390368
-119.575661,200,722.352697
-230.921723,200,723.190306
-234.112019,200,724.022522
-223.290644,200,724.904121
-236.768,200,725.94684
-122.595319,200,726.780551
-239.354082,200,727.61411
-222.230057,200,728.444893
-118.01181,200,729.27706
-116.646589,200,730.107869
-225.79379,200,731.06826
-358.059895,200,731.906548
-125.024367,200,732.746867
-223.582884,200,733.576438
-125.427398,200,734.546888
-1.080753,200,735.407121
-119.088214,200,736.240379
-238.470409,200,737.073922
-223.916272,200,737.905337
-1.925242,200,738.736165
-121.157312,200,739.698191
-127.110665,200,740.53667
-123.388196,200,741.370169
-123.9923,200,742.202695
-115.645672,200,743.2479
-293.062462,200,744.091141
-121.144093,200,744.923812
-237.930386,200,745.754941
-241.799939,200,746.586879
-118.38167,200,747.418918
-123.514805,200,748.383842
-231.634742,200,749.230406
-123.214344,200,750.06317
-115.434482,200,750.897531
-4.159683,200,751.946918
-304.54183,200,752.794118
-231.231166,200,753.628728
-118.587378,200,754.462024
-243.918733,200,755.29434
-121.76437,200,756.12569
-252.573713,200,757.087002
-284.47704,200,757.92434
-247.001717,200,758.756968
-119.666954,200,759.590576
-118.665319,200,760.585551
-2.590876,200,761.420604
-4.819561,200,762.251618
-127.974734,200,763.083651
-115.467249,200,763.915154
-224.6096,200,764.747902
-124.402834,200,765.710896
-221.192244,200,766.550132
-120.044252,200,767.381316
-298.090621,200,768.229298
-230.678353,200,769.276925
-118.927638,200,770.110997
-120.614509,200,770.945175
-125.170004,200,771.778076
-2.477132,200,772.610989
-116.435468,200,773.451142
-239.978487,200,774.412072
-1.874331,200,775.251546
-253.032656,200,776.083011
-118.115388,200,776.915393
-0.82136,200,777.908472
-225.531036,200,778.74372
-123.458821,200,779.583632
-228.239518,200,780.417529
-234.655976,200,781.249627
-322.915407,200,782.082196
-114.737815,200,783.043454
-6.90043,200,783.883462
-114.707535,200,784.716411
-114.551765,200,785.549254
-224.1933,200,786.59162
-227.189182,200,787.426575
-1.46715,200,788.258651
-345.781667,200,789.091971
-230.440859,200,789.923423
-220.494114,200,790.753985
-125.226112,200,791.715243
-243.731674,200,792.550506
-121.057836,200,793.393984
-119.553299,200,794.224575
-271.756547,200,795.27759
-240.551309,200,796.112133
-275.645734,200,796.945108
-227.647065,200,797.77631
-127.850975,200,798.607241
-227.907563,200,799.438889
-240.009711,200,800.399978
-119.501167,200,801.237699
-2.124247,200,802.072328
-1.018452,200,802.944651
-237.280492,200,803.909358
-253.930518,200,804.779863
-123.860215,200,805.619906
-235.92789,200,806.452972
-124.718936,200,807.285269
-122.73263,200,808.115733
-115.070952,200,809.076976
-238.135481,200,809.920536
-115.66465,200,810.753246
-119.489673,200,811.586992
-120.421925,200,812.643195
-292.861448,200,813.483883
-126.386615,200,814.317193
-223.356427,200,815.150115
-118.446427,200,815.982643
-124.673579,200,816.814711
-122.307132,200,817.777953
-115.391313,200,818.617079
-2.055138,200,819.450141
-232.101216,200,820.283127
-1.009971,200,821.319198
-127.585813,200,822.154946
-224.757038,200,822.988648
-127.621336,200,823.822657
-114.9556,200,824.657845
-122.304745,200,825.489019
-123.635255,200,826.451052
-1.771461,200,827.290524
-293.62755,200,828.123955
-1.157792,200,828.96969
-124.415121,200,830.042898
-121.615397,200,830.8847
-245.07577,200,831.719481
-0.718698,200,832.555205
-121.248331,200,833.399325
-115.070903,200,834.234227
-116.526312,200,835.19618
-247.140128,200,836.039992
-116.212553,200,836.877694
-1.075816,200,837.712348
-120.643742,200,838.756195
-120.169958,200,839.60051
-122.40511,200,840.438754
-255.417235,200,841.286301
-223.029787,200,842.134374
-117.664667,200,842.969622
-116.29988,200,843.932813
-237.493382,200,844.773306
-229.273748,200,845.606021
-233.488677,200,846.537979
-230.298829,200,847.516861
-120.504303,200,848.351104
-123.464357,200,849.18642
-123.489939,200,850.019402
-239.431564,200,850.937747
-121.035132,200,851.798892
-227.876559,200,852.793865
-229.05838,200,853.651688
-126.241994,200,854.495529
-1.200599,200,855.328964
-117.134133,200,856.33118
-115.556893,200,857.181923
-124.376215,200,858.028347
-223.509287,200,858.987906
-127.110843,200,859.894823
-1.024932,200,860.787737
-120.576229,200,861.784588
-117.425221,200,862.639475
-235.093081,200,863.492192
-124.960992,200,864.455627
-247.857622,200,865.435749
-238.417722,200,866.282918
-123.462302,200,867.127047
-118.126065,200,867.973364
-227.482468,200,868.811211
-117.398966,200,869.65948
-122.408875,200,870.634718
-236.568632,200,871.474749
-121.628032,200,872.306708
-119.347245,200,873.224853
-238.281918,200,874.232613
-0.865864,200,875.083189
-1.259103,200,875.93837
-236.505711,200,876.799352
-117.357507,200,877.644798
-116.558725,200,878.530697
-2.601551,200,879.504126
-118.399517,200,880.360384
-122.800365,200,881.214617
-123.252207,200,882.066624
-223.147188,200,883.369616
-0.6165,200,884.244205
-241.004818,200,885.385471
-122.11236,200,886.240669
-115.616671,200,887.115919
-0.573506,200,887.95585
-114.031725,200,888.921621
-243.666392,200,889.879103
-115.653847,200,890.738058
-123.110879,200,891.616968
-1.170895,200,892.681521
-2.253182,200,893.58721
-118.990507,200,894.449111
-117.544093,200,895.306143
-119.291419,200,896.163298
-125.714347,200,897.025036
-233.730466,200,898.004855
-252.424609,200,898.865545
-224.797257,200,899.720108
-120.370872,200,900.56036
-113.573379,200,901.680905
-123.207826,200,902.559582
-116.400112,200,903.471972
-117.175716,200,904.367106
-116.606693,200,905.226696
-117.435569,200,906.103971
-307.81319,200,907.073199
-219.963416,200,907.921102
-0.413153,200,908.800152
-116.70053,200,909.769734
-118.270825,200,910.750584
-125.071913,200,911.587494
-227.998354,200,912.428457
-285.036798,200,913.340917
-121.759727,200,914.186558
-117.238386,200,915.019562
-117.905018,200,915.982489
-123.629141,200,916.822639
-121.545257,200,917.655037
-118.96241,200,918.487615
-251.426365,200,919.543225
-120.975132,200,920.378738
-125.621772,200,921.22724
-275.157346,200,922.062366
-122.229483,200,922.894006
-127.889476,200,923.725628
-127.27628,200,924.701849
-122.329818,200,925.687781
-350.743215,200,926.541301
-0.737748,200,927.524027
-250.117874,200,928.496478
-227.554155,200,929.331873
-126.225203,200,930.164792
-120.959704,200,930.995895
-126.984449,200,931.826707
-246.775901,200,932.664325
-224.234844,200,933.632279
-119.662648,200,934.471
-119.79873,200,935.32603
-122.713002,200,936.26931
-119.899639,200,937.226921
-127.602383,200,938.059796
-125.336867,200,938.893379
-118.889502,200,939.727842
-119.954357,200,940.560055
-236.200191,200,941.391267
-121.850126,200,942.351225
-0.701406,200,943.188616
-119.145299,200,944.020447
-1.064185,200,944.920256
-122.760529,200,945.881588
-119.411823,200,946.716167
-128.505025,200,947.551032
-120.688878,200,948.386833
-221.267342,200,949.219263
-121.4072,200,950.051763
-234.382556,200,951.026943
-241.575996,200,951.867826
-123.425464,200,952.711524
-119.414264,200,953.545472
-123.137705,200,954.644365
-122.603239,200,955.479821
-234.60815,200,956.312329
-222.686781,200,957.145468
-223.789647,200,957.976937
-121.187131,200,958.81976
-240.372115,200,959.790071
-119.75274,200,960.630022
-119.715767,200,961.463556
-123.869851,200,962.294283
-117.053915,200,963.353057
-119.010699,200,964.187386
-124.170636,200,965.01981
-237.78643,200,965.851604
-242.676566,200,966.682979
-124.445339,200,967.514011
-126.528046,200,968.476831
-120.075065,200,969.313982
-125.93025,200,970.145756
-227.393771,200,970.996218
-123.737427,200,971.969633
-280.255872,200,972.811474
-122.046192,200,973.644656
-120.070406,200,974.477448
-124.471583,200,975.309255
-242.894669,200,976.14034
-239.633691,200,977.101128
-249.642039,200,977.938878
-119.608933,200,978.770673
-125.734343,200,979.676302
-126.438478,200,980.69326
-119.054907,200,981.542667
-227.801177,200,982.374698
-121.477174,200,983.206271
-124.509388,200,984.036996
-232.002543,200,984.868182
-120.919592,200,985.836053
-116.754719,200,986.686455
-356.340129,200,987.520805
-222.092559,200,988.378198
-228.983329,200,989.36057
-122.527919,200,990.193003
-0.986498,200,991.027134
-118.198686,200,991.883957
-120.994201,200,992.818988
-251.141564,200,993.656481
-222.574811,200,994.623699
-226.337656,200,995.473614
-240.118608,200,996.328774
-123.307201,200,997.180521
-123.396252,200,998.161136
-2.465764,200,999.176882
-228.853259,200,1000.04688
-0.425747,200,1000.911659
-126.818931,200,1001.753162
-120.361271,200,1002.594482
-124.909698,200,1003.558491
-245.443185,200,1004.397233
-120.156321,200,1005.228124
-245.343055,200,1006.096873
-120.885094,200,1007.189073
-120.070411,200,1008.034734
-0.634443,200,1008.871576
-1.137352,200,1009.704504
-122.002429,200,1010.536704
-235.204851,200,1011.385539
-119.288843,200,1012.34908
-122.015703,200,1013.192811
-239.417922,200,1014.058888
-128.779397,200,1014.934304
-118.757225,200,1015.951641
-118.486264,200,1016.797189
-124.27526,200,1017.643482
-245.235475,200,1018.507888
-120.888364,200,1019.358266
-234.381653,200,1020.214294
-246.89793,200,1021.188647
-223.939958,200,1022.027139
-120.22607,200,1022.865987
-117.111186,200,1023.742893
-116.128992,200,1024.822308
-0.998486,200,1025.676618
-120.411295,200,1026.515725
-2.751385,200,1027.349586
-119.660523,200,1028.20895
-226.153691,200,1029.055067
-227.786531,200,1030.036383
-257.645996,200,1030.89141
-1.577923,200,1031.729648
-120.426264,200,1032.606161
-123.618835,200,1033.740678
-371.613799,200,1034.58632
-123.358368,200,1035.442043
-228.842513,200,1036.303074
-117.125361,200,1037.146858
-114.662937,200,1037.993512
-127.166248,200,1038.997756
-120.210664,200,1039.840116
-114.744502,200,1040.716898
-119.67349,200,1041.594801
-123.577997,200,1042.632519
-119.369347,200,1043.481107
-224.401482,200,1044.339512
-227.231806,200,1045.197322
-113.938388,200,1046.039445
-242.86516,200,1046.873525
-233.266854,200,1047.848526
-121.620648,200,1048.691527
-128.061992,200,1049.530588
-120.704075,200,1050.365966
-119.68964,200,1051.44469
-121.399745,200,1052.288947
-123.469359,200,1053.159491
-119.420907,200,1054.05415
-1.600518,200,1054.898553
-349.986747,200,1055.745159
-118.672328,200,1056.712745
-120.205243,200,1057.550899
-118.679513,200,1058.384726
-123.782207,200,1059.225053
-117.830344,200,1060.232943
-120.710244,200,1061.070075
-121.28855,200,1061.902353
-118.642388,200,1062.744876
-1.606923,200,1063.577126
-225.573575,200,1064.407865
-0.465183,200,1065.367579
-121.370096,200,1066.205564
-0.291579,200,1067.037918
-120.64595,200,1067.875739
-119.961684,200,1068.918301
-225.803601,200,1069.813901
-124.456494,200,1070.661138
-119.922224,200,1071.532515
-119.176861,200,1072.376822
-123.351244,200,1073.236435
-118.831383,200,1074.218591
-238.986376,200,1075.088499
-123.351897,200,1075.941892
-4.001432,200,1076.791433
-119.061073,200,1077.843749
-230.529707,200,1078.730038
-247.03946,200,1079.582558
-126.519068,200,1080.425554
-224.44073,200,1081.280955
-117.278448,200,1082.117795
-241.528506,200,1083.088579
-120.436442,200,1083.938233
-121.642403,200,1084.794993
-126.989676,200,1085.644274
-3.606765,200,1086.702617
-120.437363,200,1087.546712
-221.931903,200,1088.396657
-121.759207,200,1089.240562
-1.128883,200,1090.097649
-232.043018,200,1090.980333
-0.668481,200,1091.967381
-120.398487,200,1092.829619
-120.464391,200,1093.690039
-1.093164,200,1094.648246
-113.64812,200,1095.590757
-118.304071,200,1096.4468
-2.07306,200,1097.28525
-125.737865,200,1098.149063
-124.704432,200,1099.003375
-116.759897,200,1099.842016
-1.403272,200,1100.83339
-224.444113,200,1101.709192
-1.285053,200,1102.55835
-220.281013,200,1103.46411
-121.719181,200,1104.317529
-0.669018,200,1105.307379
-1.771929,200,1106.253031
-125.433462,200,1107.256549
-124.384584,200,1108.116335
-330.534234,200,1108.961645
-227.111619,200,1109.958482
-226.144712,200,1110.800831
-121.287954,200,1111.632094
-243.119627,200,1112.462947
-114.284124,200,1113.516449
-125.806596,200,1114.35212
-118.438928,200,1115.185321
-119.454275,200,1116.017492
-237.159166,200,1116.850053
-244.273785,200,1117.700289
-121.030662,200,1118.711182
-116.481336,200,1119.556427
-126.304065,200,1120.39013
-1.110701,200,1121.228941
-123.335712,200,1122.254378
-243.855446,200,1123.089422
-239.610949,200,1123.923652
-118.855734,200,1124.758223
-124.552133,200,1125.591452
-119.396897,200,1126.424399
-232.26507,200,1127.385633
-120.731418,200,1128.223436
-119.439255,200,1129.060477
-230.839255,200,1129.894335
-229.96409,200,1130.965192
-119.357304,200,1131.801337
-130.227863,200,1132.638649
-121.39296,200,1133.47696
-0.195097,200,1134.329866
-243.044405,200,1135.178193
-119.328195,200,1136.14608
-129.443946,200,1136.99477
-127.961487,200,1137.831579
-116.985106,200,1138.681421
-238.288014,200,1139.728377
-225.917142,200,1140.576704
-222.858514,200,1141.424521
-378.929268,200,1142.265432
-226.421686,200,1143.10897
-119.014642,200,1143.957568
-124.96273,200,1144.923815
-250.628793,200,1145.775463
-237.225132,200,1146.623395
-235.584042,200,1147.570428
-225.205433,200,1148.542151
-126.694428,200,1149.396608
-237.514218,200,1150.239036
-119.526743,200,1151.120016
-240.493978,200,1151.961622
-117.573116,200,1152.807393
-118.051162,200,1153.787265
-280.310775,200,1154.642789
-120.664916,200,1155.500595
-0.189858,200,1156.386325
-114.232873,200,1157.370454
-241.23637,200,1158.207528
-122.08939,200,1159.051404
-118.252885,200,1159.883746
-230.732184,200,1160.729121
-121.435539,200,1161.577438
-235.244331,200,1162.539419
-120.447821,200,1163.377757
-123.745214,200,1164.209656
-121.524926,200,1165.05222
-226.199427,200,1166.09991
-227.221229,200,1166.94865
-117.484175,200,1167.781441
-125.997612,200,1168.617734
-123.697328,200,1169.450319
-125.900154,200,1170.294236
-1.615472,200,1171.282086
-230.817063,200,1172.124963
-120.773403,200,1172.965297
-229.30186,200,1173.83175
-234.364095,200,1174.923324
-230.366255,200,1175.79047
-127.72731,200,1176.636301
-126.035632,200,1177.468759
-288.528582,200,1178.301432
-0.749331,200,1179.141584
-2.31684,200,1180.113076
-245.731971,200,1180.969917
-1.569114,200,1181.829068
-249.71012,200,1182.664831
-123.025354,200,1183.754942
-127.56932,200,1184.601217
-127.378176,200,1185.436397
-122.220004,200,1186.282205
-120.94156,200,1187.141284
-127.643308,200,1187.997645
-120.779998,200,1188.971334
-129.624247,200,1189.822935
-116.234966,200,1190.672366
-232.704967,200,1191.527121
-233.618834,200,1192.596887
-119.967407,200,1193.468975
-300.860045,200,1194.322386
-1.281797,200,1195.19591
-116.147669,200,1196.081646
-123.237622,200,1196.944965
-120.332565,200,1197.921696
-229.772202,200,1198.822421
-114.10024,200,1199.686859
-2.030254,200,1200.528993
-125.92357,200,1201.83794
-2.250589,200,1202.87041
-1.265509,200,1203.769598
-227.304505,200,1204.638941
-117.434158,200,1205.480794
-223.871309,200,1206.441074
-297.919143,200,1207.606301
-128.15221,200,1208.540058
-117.648178,200,1209.458331
-234.185607,200,1210.42913
-124.630297,200,1211.35758
-124.986429,200,1212.201639
-127.392048,200,1213.036489
-122.052322,200,1213.871189
-1.423903,200,1214.705579
-122.286719,200,1215.547516
-223.517639,200,1216.511878
-127.240536,200,1217.350486
-127.427854,200,1218.269091
-242.715376,200,1219.221943
-233.020204,200,1220.295965
-116.254447,200,1221.25114
-115.984373,200,1222.240643
-323.70159,200,1223.251337
-121.149219,200,1224.374266
-118.799311,200,1225.23737
-230.241383,200,1226.207876
-246.411501,200,1227.048675
-253.772151,200,1227.882286
-125.070338,200,1228.72955
-122.283878,200,1229.783796
-236.167099,200,1230.620294
-1.399886,200,1231.452348
-118.000253,200,1232.288469
-119.001152,200,1233.127518
-247.61852,200,1233.961805
-125.777577,200,1234.923847
-120.498542,200,1235.764672
-118.684359,200,1236.615039
-122.715743,200,1237.471048
-119.754776,200,1238.561399
-119.829382,200,1239.500138
-119.666512,200,1240.564741
-2.241064,200,1241.412865
-122.200406,200,1242.288482
-1.847713,200,1243.120623
-129.838863,200,1244.08872
-127.391116,200,1244.947584
-124.456016,200,1245.789807
-120.357231,200,1246.64514
-127.088788,200,1247.704288
-227.912421,200,1248.54085
-119.907837,200,1249.382087
-120.195668,200,1250.214346
-120.126747,200,1251.055547
-3.353731,200,1251.885504
-1.216881,200,1252.858219
-123.975259,200,1253.696175
-120.802818,200,1254.528295
-126.657405,200,1255.360592
-128.040078,200,1256.411697
-118.197987,200,1257.248327
-120.240802,200,1258.086163
-132.025096,200,1258.925818
-241.581471,200,1259.762305
-122.942722,200,1260.603347
-240.484757,200,1261.574528
-124.80171,200,1262.414083
-5.544689,200,1263.246235
-126.832643,200,1264.103051
-121.155975,200,1265.093815
-243.24332,200,1265.927948
-221.757862,200,1266.761353
-1.406303,200,1267.594766
-119.135152,200,1268.436296
-239.250961,200,1269.271429
-223.810612,200,1270.231736
-232.821187,200,1271.06982
-114.109412,200,1271.89846
-127.20036,200,1272.738944
-300.794438,200,1273.797333
-128.147277,200,1274.632342
-114.953471,200,1275.465406
-119.055245,200,1276.299676
-241.02045,200,1277.132459
-120.385257,200,1277.964013
-225.858465,200,1278.924268
-115.087814,200,1279.765133
-118.879733,200,1280.597668
-116.739962,200,1281.466103
-126.412322,200,1282.440881
-118.348304,200,1283.27493
-239.324375,200,1284.108823
-119.660938,200,1284.942814
-115.918902,200,1285.775175
-124.829511,200,1286.608165
-117.059999,200,1287.569462
-226.703633,200,1288.409466
-126.74993,200,1289.242826
-119.281801,200,1290.075244
-235.647011,200,1291.123012
-123.687559,200,1291.958561
-2.285431,200,1292.80426
-222.541815,200,1293.636211
-120.636002,200,1294.469393
-115.53058,200,1295.300914
-125.243278,200,1296.265824
-219.787962,200,1297.103887
-123.828797,200,1297.936588
-126.399742,200,1298.829736
-244.807454,200,1299.869953
-224.693147,200,1300.846265
-2.85412,200,1301.720478
-119.207637,200,1302.553869
-118.712929,200,1303.387667
-237.93687,200,1304.220735
-119.72063,200,1305.182888
-119.472801,200,1306.025574
-287.905141,200,1306.858962
-1.364459,200,1307.691311
-234.570644,200,1308.740887
-237.544972,200,1309.578114
-121.225297,200,1310.412795
-220.879447,200,1311.268295
-230.568133,200,1312.108349
-0.553856,200,1313.020947
-241.9943,200,1313.986839
-120.629973,200,1314.82663
-226.195622,200,1315.66
-240.509915,200,1316.497949
-120.773408,200,1317.526059
-124.857222,200,1318.361584
-2.920856,200,1319.203642
-230.631955,200,1320.03716
-225.709822,200,1320.87149
-1.871281,200,1321.703485
-120.602566,200,1322.670141
-118.254051,200,1323.510115
-224.877041,200,1324.348738
-118.731206,200,1325.186967
-229.204004,200,1326.240747
-121.346839,200,1327.079405
-0.412032,200,1327.94092
-227.194744,200,1328.946435
-120.814675,200,1329.781989
-117.995375,200,1330.619599
-1.305214,200,1331.583664
-129.015448,200,1332.422339
-226.241719,200,1333.264196
-121.331075,200,1334.097564
-0.599444,200,1335.042166
-240.009945,200,1335.99051
-124.535688,200,1336.825856
-311.019136,200,1337.659548
-258.264257,200,1338.494217
-114.582814,200,1339.329565
-119.720572,200,1340.292084
-117.162129,200,1341.147172
-118.584391,200,1341.981979
-0.994496,200,1342.830548
-230.935663,200,1343.843944
-245.061159,200,1344.680631
-117.75105,200,1345.517471
-115.53163,200,1346.356777
-1.866159,200,1347.19153
-1.451204,200,1348.024676
-250.913423,200,1348.99252
-121.393717,200,1349.831454
-125.773185,200,1350.665189
-118.576327,200,1351.505845
-125.639103,200,1352.605389
-225.163427,200,1353.453862
-117.71579,200,1354.296313
-0.711178,200,1355.145251
-115.13928,200,1355.98916
-223.183513,200,1356.826713
-235.393279,200,1357.797125
-118.312863,200,1358.642108
-0.511325,200,1359.478729
-0.808899,200,1360.312105
-121.483608,200,1361.324555
-115.572749,200,1362.163517
-120.704899,200,1362.999183
-117.529708,200,1363.833256
-118.472163,200,1364.666147
-120.197607,200,1365.499437
-245.120986,200,1366.461617
-120.163602,200,1367.306923
-226.289771,200,1368.138483
-223.781134,200,1368.977234
-120.305553,200,1370.023317
-0.953115,200,1370.868802
-113.12624,200,1371.710725
-125.047555,200,1372.543137
-0.535381,200,1373.378834
-128.89089,200,1374.210841
-226.365419,200,1375.174973
-224.167339,200,1376.012113
-1.540419,200,1376.844828
-1.300188,200,1377.694409
-116.884399,200,1378.674953
-222.473999,200,1379.516698
-125.659371,200,1380.368075
-120.733845,200,1381.206333
-119.534124,200,1382.067602
-119.937848,200,1382.912035
-0.550512,200,1383.888849
-121.976539,200,1384.746778
-121.445717,200,1385.607762
-231.202285,200,1386.553247
-230.5831,200,1387.572029
-115.956155,200,1388.405345
-1.450431,200,1389.263039
-1.035026,200,1390.116607
-228.354924,200,1390.957012
-2.415319,200,1391.796115
-114.998814,200,1392.757165
-121.720354,200,1393.618818
-121.589064,200,1394.466237
-221.606718,200,1395.309245
-116.157547,200,1396.302344
-128.780858,200,1397.135654
-228.099072,200,1397.966038
-227.764348,200,1398.823423
-126.335109,200,1399.657345
-226.985381,200,1400.530414
-1.871297,200,1401.540187
-116.749593,200,1402.393247
-299.910427,200,1403.241919
-0.345721,200,1404.216577
-125.018539,200,1405.245777
-2.516013,200,1406.086131
-114.039056,200,1406.933267
-229.769148,200,1407.784798
-240.245367,200,1408.618509
-254.049925,200,1409.450796
-124.148426,200,1410.413176
-119.438109,200,1411.262722
-250.990713,200,1412.099335
-0.442917,200,1412.933187
-0.941052,200,1413.931138
-119.230257,200,1414.767653
-126.10502,200,1415.603585
-222.725673,200,1416.450121
-225.392634,200,1417.283452
-370.353289,200,1418.136474
-239.207298,200,1419.10723
-122.911896,200,1419.969687
-355.295238,200,1420.806486
-120.450606,200,1421.648675
-118.391548,200,1422.698758
-233.260501,200,1423.536733
-119.481486,200,1424.370616
-120.684466,200,1425.204645
-120.244645,200,1426.043013
-1.332429,200,1426.875582
-237.702375,200,1427.839265
-235.341748,200,1428.677812
-0.383274,200,1429.510715
-126.671865,200,1430.426052
-126.194523,200,1431.43442
-223.730537,200,1432.281564
-233.998258,200,1433.128003
-117.764873,200,1433.961297
-122.930529,200,1434.795931
-124.889054,200,1435.639194
-123.114784,200,1436.615103
-119.338162,200,1437.463527
-125.941667,200,1438.313666
-122.220966,200,1439.173196
-244.517133,200,1440.178327
-1.072614,200,1441.017987
-2.064945,200,1441.85174
-0.840874,200,1442.68828
-124.942518,200,1443.521536
-0.405698,200,1444.354703
-119.626722,200,1445.316374
-228.676744,200,1446.15475
-124.596272,200,1447.005447
-125.463969,200,1447.844554
-126.033969,200,1448.984118
-230.933745,200,1449.910774
-220.954589,200,1450.757563
-122.331641,200,1451.685617
-305.72488,200,1452.518268
-247.40884,200,1453.368187
-119.908571,200,1454.339385
-119.226648,200,1455.187163
-121.197217,200,1456.024584
-119.135004,200,1456.864665
-240.202264,200,1457.926644
-120.710898,200,1458.774385
-235.393408,200,1459.613019
-0.516077,200,1460.451512
-243.467767,200,1461.299434
-128.30029,200,1462.131705
-0.638913,200,1463.112471
-226.114443,200,1463.959944
-113.943524,200,1464.813457
-0.574285,200,1465.668027
-124.731862,200,1466.742659
-118.338596,200,1467.58903
-115.098416,200,1468.441058
-120.924948,200,1469.304806
-128.747585,200,1470.154535
-124.962429,200,1471.008582
-120.338784,200,1471.982414
-218.185327,200,1472.848111
-227.335256,200,1473.699886
-126.946139,200,1474.641593
-2.512356,200,1475.546473
-127.745562,200,1476.39342
-232.750113,200,1477.227797
-227.493368,200,1478.070449
-118.574069,200,1478.927636
-235.808799,200,1479.794501
-224.137756,200,1480.783294
-121.305416,200,1481.625189
-123.285848,200,1482.474147
-117.280073,200,1483.368449
-127.247024,200,1484.403107
-229.318106,200,1485.23935
-116.823509,200,1486.095852
-223.360464,200,1487.021347
-238.769427,200,1487.870893
-229.776459,200,1488.718522
-118.650055,200,1489.689216
-0.556542,200,1490.529011
-128.790573,200,1491.384061
-223.178174,200,1492.260398
-123.873201,200,1493.281591
-121.814708,200,1494.15013
-239.830782,200,1495.035063
-119.497966,200,1495.920938
-117.678132,200,1496.794807
-120.181772,200,1497.66536
-120.423337,200,1498.65095
-126.557624,200,1499.505944
-0.63378,200,1500.367622
-119.172113,200,1501.262582
-120.282988,200,1502.407046
-119.291597,200,1503.26322
-226.871898,200,1504.123099
-120.813905,200,1504.994315
-227.624563,200,1505.885115
-119.69671,200,1506.802177
-122.123498,200,1507.795968
-347.027678,200,1508.655524
-126.914338,200,1509.503693
-223.483666,200,1510.511712
-0.461362,200,1511.51349
-229.283984,200,1512.369029
-0.651055,200,1513.216356
-122.208889,200,1514.049427
-231.022885,200,1514.884643
-119.212978,200,1515.718106
-230.570094,200,1516.681908
-0.875646,200,1517.52249
-232.664009,200,1518.356206
-120.101646,200,1519.189848
-121.9194,200,1520.21732
-127.012556,200,1521.069827
-120.900712,200,1521.914993
-126.788177,200,1522.749608
-230.638402,200,1523.582672
-114.686169,200,1524.421421
-119.283448,200,1525.400762
-284.619018,200,1526.243131
-116.757403,200,1527.079429
-301.353686,200,1527.913929
-231.40071,200,1528.952905
-117.869807,200,1529.78914
-224.713914,200,1530.623894
-117.385432,200,1531.458409
-224.765637,200,1532.297674
-120.053481,200,1533.140754
-237.793176,200,1534.103817
-224.84185,200,1534.944092
-244.884115,200,1535.777645
-249.177075,200,1536.610972
-125.705245,200,1537.672675
-225.627873,200,1538.514372
-114.904832,200,1539.352993
-0.798961,200,1540.187993
-120.857903,200,1541.020758
-233.739133,200,1541.847174
-117.966729,200,1542.815211
-119.60597,200,1543.653035
-267.739076,200,1544.50151
-223.16813,200,1545.431405
-230.969568,200,1546.335102
-117.578055,200,1547.177719
-120.75512,200,1548.260635
-117.076448,200,1549.095728
-131.761685,200,1549.933072
-123.876231,200,1550.798254
-129.56364,200,1551.776592
-120.782866,200,1552.627565
-125.671474,200,1553.479144
-118.079033,200,1554.312932
-234.830097,200,1555.308095
-120.893612,200,1556.145999
-118.72421,200,1557.006983
-5.283337,200,1557.924357
-239.579629,200,1558.760487
-117.210562,200,1559.613746
-127.199639,200,1560.617603
-248.26757,200,1561.479268
-0.317022,200,1562.363331
-0.400313,200,1563.249643
-3.515503,200,1564.370465
-239.166523,200,1565.262056
-1.468807,200,1566.162825
-1.029443,200,1567.017939
-230.419246,200,1567.889143
-124.722067,200,1568.772215
-115.985035,200,1569.762557
-254.809447,200,1570.631503
-2.912015,200,1571.52891
-126.390046,200,1572.495557
-121.808822,200,1573.527709
-122.130653,200,1574.444624
-229.206038,200,1575.349842
-0.470327,200,1576.248053
-126.563884,200,1577.088591
-235.66678,200,1577.922736
-123.155518,200,1578.891334
-230.28503,200,1579.729382
-118.695831,200,1580.565191
-364.270237,200,1581.414198
-126.916206,200,1582.441965
-239.915074,200,1583.284094
-232.317528,200,1584.119198
-129.842169,200,1584.952744
-126.111987,200,1585.786
-118.7417,200,1586.617667
-0.498976,200,1587.579094
-254.087706,200,1588.418908
-3.498598,200,1589.254023
-118.381891,200,1590.0883
-117.818456,200,1591.181353
-118.535517,200,1592.016571
-240.46427,200,1592.860612
-228.107161,200,1593.704781
-242.951877,200,1594.54644
-130.847703,200,1595.38225
-121.740724,200,1596.355762
-121.639842,200,1597.195596
-123.914056,200,1598.037261
-119.561316,200,1598.869837
-227.195448,200,1599.897178
-246.053905,200,1600.743947
-118.84228,200,1601.589978
-119.864092,200,1602.465955
-117.22725,200,1603.310255
-125.405519,200,1604.147491
-120.513385,200,1605.156013
-228.617819,200,1606.013653
-127.640727,200,1606.852978
-236.343998,200,1607.774173
-228.087639,200,1608.748143
-114.268045,200,1609.606195
-226.352544,200,1610.460455
-235.214143,200,1611.35833
-243.964692,200,1612.196325
-124.375243,200,1613.049514
-122.212851,200,1614.010225
-247.490398,200,1614.867525
-0.988888,200,1615.761556
-227.09807,200,1616.663639
-234.828707,200,1617.646367
-113.883247,200,1618.496707
-323.797841,200,1619.334815
-116.988897,200,1620.16954
-119.245157,200,1621.002806
-125.250897,200,1621.835016
-231.693475,200,1622.796435
-0.393407,200,1623.710109
-248.672042,200,1624.565721
-126.032911,200,1625.487618
-1.425535,200,1626.542324
-123.796463,200,1627.423151
-115.194785,200,1628.302098
-117.323386,200,1629.185962
-120.674798,200,1630.091299
-129.123416,200,1630.958004
-121.050633,200,1631.959363
-123.148841,200,1632.834959
-119.290209,200,1633.673496
-128.302039,200,1634.550937
-234.247396,200,1635.574621
-117.803132,200,1636.472296
-119.135411,200,1637.519596
-222.249672,200,1638.409962
-228.505459,200,1639.275345
-114.240923,200,1640.114194
-125.45713,200,1641.104556
-232.321732,200,1641.947575
-0.79246,200,1642.782596
-125.436488,200,1643.621471
-223.57643,200,1644.719282
-234.532483,200,1645.555831
-228.122849,200,1646.390035
-119.969518,200,1647.224459
-126.202166,200,1648.0678
-1.367314,200,1648.914898
-242.705579,200,1649.879461
-231.468529,200,1650.720371
-113.836048,200,1651.554897
-228.473725,200,1652.387756
-234.790188,200,1653.462143
-228.822158,200,1654.29858
-224.574552,200,1655.145292
-236.629867,200,1655.983683
-223.107608,200,1656.818356
-248.040157,200,1657.651941
-223.386519,200,1658.615073
-119.738007,200,1659.458083
-115.048995,200,1660.289445
-118.287124,200,1661.199185
-230.859318,200,1662.18156
-116.616218,200,1663.014868
-121.082381,200,1663.85266
-119.51385,200,1664.688709
-126.443247,200,1665.514551
-227.541852,200,1666.34461
-123.39333,200,1667.309415
-117.982056,200,1668.149593
-124.422929,200,1668.982594
-123.863082,200,1669.837125
-290.477804,200,1670.831831
-118.231092,200,1671.67466
-122.621167,200,1672.511252
-116.578808,200,1673.374451
-116.2952,200,1674.208857
-115.120493,200,1675.046821
-256.92801,200,1676.012305
-233.827863,200,1676.853445
-131.538524,200,1677.688048
-119.085847,200,1678.530126
-116.495035,200,1679.585422
-225.504392,200,1680.426164
-219.662621,200,1681.262448
-220.522956,200,1682.097951
-115.713037,200,1682.957766
-121.745821,200,1683.796002
-120.509256,200,1684.761471
-118.243761,200,1685.599653
-127.367195,200,1686.439078
-116.355702,200,1687.278788
-241.528464,200,1688.391042
-0.363689,200,1689.23924
-118.531236,200,1690.08287
-117.647579,200,1690.932293
-226.099771,200,1691.787469
-129.237708,200,1692.665286
-118.40116,200,1693.645572
-228.594664,200,1694.48842
-127.959748,200,1695.329741
-232.037775,200,1696.258323
-4.636513,200,1697.260335
-119.685427,200,1698.103493
-220.960136,200,1698.967058
-221.932484,200,1699.822876
-123.396279,200,1700.675389
-114.487369,200,1701.555273
-120.422879,200,1702.539672
-123.769923,200,1703.379342
-121.97957,200,1704.210686
-123.247209,200,1705.083733
-118.829696,200,1706.175729
-236.123714,200,1707.015601
-242.503937,200,1707.858726
-121.96082,200,1708.713968
-116.982089,200,1709.565418
-126.101601,200,1710.426162
-1.994082,200,1711.408987
-280.471254,200,1712.275438
-1.419513,200,1713.184322
-125.102608,200,1714.086614
-114.583155,200,1715.124565
-121.203624,200,1715.999423
-237.987945,200,1716.891738
-118.326997,200,1717.759184
-125.637784,200,1718.602604
-114.786645,200,1719.460145
-123.080138,200,1720.445713
-240.357612,200,1721.325961
-116.196241,200,1722.184571
-290.667371,200,1723.122792
-126.120868,200,1724.130158
-2.427749,200,1724.981983
-117.100083,200,1725.828257
-3.637227,200,1726.71107
-228.907104,200,1727.552021
-1.72116,200,1728.386176
-2.062538,200,1729.351459
-225.422543,200,1730.192096
-240.874776,200,1731.039842
-117.883024,200,1731.877045
-117.211355,200,1732.940119
-119.146091,200,1733.777592
-129.311922,200,1734.612681
-124.908717,200,1735.446789
-2.444959,200,1736.278796
-120.983916,200,1737.109891
-228.86712,200,1738.07184
-128.742415,200,1738.910919
-305.873725,200,1739.75004
-119.768538,200,1740.582896
-125.366994,200,1741.59002
-3.157401,200,1742.426352
-120.617412,200,1743.259989
-122.002172,200,1744.094653
-118.566953,200,1744.928874
-122.545901,200,1745.762218
-124.228232,200,1746.723782
-2.852815,200,1747.561746
-125.082055,200,1748.394082
-251.257416,200,1749.301366
-127.681049,200,1750.285455
-117.937294,200,1751.119327
-236.442369,200,1751.953091
-118.530934,200,1752.795506
-131.779393,200,1753.627026
-2.509354,200,1754.459174
-125.724334,200,1755.421799
-349.242449,200,1756.259744
-238.343363,200,1757.093415
-119.541973,200,1757.925989
-248.53948,200,1758.919254
-232.210062,200,1759.750482
-4.976106,200,1760.583661
-119.760481,200,1761.432986
-120.882061,200,1762.266899
-234.102325,200,1763.099519
-307.316165,200,1764.066865
-123.555099,200,1764.906988
-1.911573,200,1765.742727
-115.721381,200,1766.577087
-116.965833,200,1767.695244
-229.468588,200,1768.532773
-1.420343,200,1769.369555
-119.626959,200,1770.205563
-123.667754,200,1771.039686
-2.644441,200,1771.873442
-230.941362,200,1772.844687
-121.783728,200,1773.685035
-127.314536,200,1774.519412
-227.568585,200,1775.431717
-2.763338,200,1776.414935
-126.307154,200,1777.25128
-222.521789,200,1778.103159
-129.197795,200,1779.130527
-128.484628,200,1780.002983
-117.882454,200,1780.893996
-127.949844,200,1781.866928
-227.734202,200,1782.709833
-119.913431,200,1783.543081
-123.1568,200,1784.397029
-119.010754,200,1785.375251
-118.580097,200,1786.215846
-127.341583,200,1787.052382
-272.019415,200,1787.894508
-226.917402,200,1788.729835
-228.742082,200,1789.564069
-2.003269,200,1790.526741
-362.785979,200,1791.379408
-131.102591,200,1792.213264
-230.375167,200,1793.0625
-2.532923,200,1794.111638
-124.438474,200,1794.946159
-226.027725,200,1795.780907
-118.801508,200,1796.615395
-127.395036,200,1797.448927
-120.128394,200,1798.280713
-123.91394,200,1799.24683
-1.785225,200,1800.085133
-124.445427,200,1800.919954
-227.324859,200,1801.76462
-122.551316,200,1802.745863
-236.519053,200,1803.580118
-124.649968,200,1804.421026
-222.538086,200,1805.260796
-120.077227,200,1806.093361
-121.309061,200,1806.932077
-231.558096,200,1807.892269
-298.015733,200,1808.730825
-231.004394,200,1809.576664
-353.388225,200,1810.442453
-226.166976,200,1811.470124
-229.868897,200,1812.302663
-115.238752,200,1813.136257
-123.134998,200,1813.96768
-120.610987,200,1814.79994
-1.823135,200,1815.632084
-308.030438,200,1816.595122
-121.164342,200,1817.43441
-120.811141,200,1818.266516
-3.25254,200,1819.129844
-127.051226,200,1820.14639
-235.058374,200,1820.992267
-123.59897,200,1821.827229
-234.165465,200,1822.660634
-239.119682,200,1823.492273
-123.123129,200,1824.339284
-126.729765,200,1825.331934
-230.614039,200,1826.186083
-120.111126,200,1827.029734
-1.839624,200,1827.874968
-118.297936,200,1828.935926
-307.484306,200,1829.783153
-251.575299,200,1830.644463
-124.027169,200,1831.495634
-218.80782,200,1832.356199
-120.729416,200,1833.203719
-124.329713,200,1834.176182
-115.97286,200,1835.054401
-120.186656,200,1835.899469
-125.017964,200,1836.797362
-227.129861,200,1837.765044
-2.541714,200,1838.632649
-1.564619,200,1839.46969
-114.889029,200,1840.320988
-306.756184,200,1841.155461
-225.429403,200,1842.009587
-225.733378,200,1843.076048
-118.872119,200,1843.939334
-225.918888,200,1844.8065
-120.105404,200,1845.806912
-295.710762,200,1846.805944
-1.306596,200,1847.650522
-1.610137,200,1848.498558
-126.938983,200,1849.381187
-115.33097,200,1850.274543
-128.185211,200,1851.183622
-119.930297,200,1852.213513
-1.622353,200,1853.076363
-236.747862,200,1853.942338
-1.80241,200,1854.788175
-129.657502,200,1855.85704
-118.631095,200,1856.711181
-116.694668,200,1857.55357
-117.632761,200,1858.389545
-124.369567,200,1859.235337
-296.478719,200,1860.074085
-119.199024,200,1861.048896
-124.801737,200,1861.906955
-128.024614,200,1862.772057
-119.369452,200,1863.620573
-115.637837,200,1864.674513
-127.507118,200,1865.52028
-118.900041,200,1866.41362
-119.202374,200,1867.284472
-121.529495,200,1868.127319
-116.56219,200,1868.967084
-229.762149,200,1869.931647
-1.312461,200,1870.779358
-128.181591,200,1871.619226
-119.042548,200,1872.450596
-113.969315,200,1873.54427
-219.908494,200,1874.413562
-126.719485,200,1875.247796
-120.778205,200,1876.085262
-121.116469,200,1876.924477
-232.9043,200,1877.756228
-321.680697,200,1878.718036
-119.638623,200,1879.560483
-118.902249,200,1880.415025
-223.618154,200,1881.412859
-129.033655,200,1882.309032
-233.145034,200,1883.152341
-122.148909,200,1883.986602
-119.89176,200,1884.818281
-117.387863,200,1885.649808
-118.747228,200,1886.480603
-128.592369,200,1887.459939
-123.275486,200,1888.297804
-124.540502,200,1889.129783
-229.149313,200,1889.961397
-0.48173,200,1891.001629
-128.384203,200,1891.857763
-224.086515,200,1892.700527
-125.634034,200,1893.554707
-119.062469,200,1894.409387
-123.601424,200,1895.291701
-124.965645,200,1896.282934
-0.480849,200,1897.132083
-249.733955,200,1897.963497
-222.410318,200,1898.795978
-115.651837,200,1899.831283
-123.885341,200,1900.686675
-128.188891,200,1901.528847
-0.509863,200,1902.375939
-226.445537,200,1903.20824
-126.308241,200,1904.06617
-125.076335,200,1905.028665
-120.141788,200,1905.866636
-117.607512,200,1906.758466
-127.583164,200,1907.950481
-227.128564,200,1909.018555
-1.330055,200,1909.85065
-124.969597,200,1910.685851
-241.489822,200,1911.53803
-130.000642,200,1912.389604
-244.7578,200,1913.23543
-119.717807,200,1914.22018
-120.732894,200,1915.063799
-116.080031,200,1915.956861
-128.182784,200,1916.822314
-118.624973,200,1917.818732
-240.982072,200,1918.664884
-317.48535,200,1919.525269
-243.484274,200,1920.402854
-295.810357,200,1921.262078
-241.336897,200,1922.103414
-126.155252,200,1923.081546
-221.675266,200,1923.926476
-238.137381,200,1924.780626
-124.277175,200,1925.623434
-123.977937,200,1926.700751
-0.81051,200,1927.542009
-123.379294,200,1928.398111
-114.678193,200,1929.250565
-225.298708,200,1930.125615
-124.809445,200,1930.977804
-121.958351,200,1931.951198
-116.389909,200,1932.808687
-117.670959,200,1933.65368
-232.110396,200,1934.501041
-220.762507,200,1935.564345
-123.925682,200,1936.420821
-124.73709,200,1937.296988
-120.699346,200,1938.127349
-126.515328,200,1938.959814
-249.396645,200,1939.792291
-121.499364,200,1940.760725
-119.198582,200,1941.631076
-119.610438,200,1942.470197
-222.310213,200,1943.306801
-235.696952,200,1944.342149
-126.211425,200,1945.176353
-325.021794,200,1946.02052
-239.282026,200,1946.86367
-233.998029,200,1947.704805
-219.844522,200,1948.544441
-134.562645,200,1949.504813
-116.169875,200,1950.343302
-121.159634,200,1951.173935
-126.672693,200,1952.006167
-120.741282,200,1953.063503
-127.812087,200,1953.928937
-221.407785,200,1954.763202
-120.483703,200,1955.59698
-131.492072,200,1956.438231
-123.688286,200,1957.304098
-122.398308,200,1958.30587
-0.477891,200,1959.143163
-120.582888,200,1959.974981
-0.865248,200,1960.815073
-114.384082,200,1961.929083
-124.902728,200,1962.777429
-114.62676,200,1963.615036
-255.069288,200,1964.451894
-127.421139,200,1965.287922
-224.569772,200,1966.122441
-2.469644,200,1967.083847
-248.011264,200,1967.918964
-113.654834,200,1968.750789
-118.834221,200,1969.582511
-123.063899,200,1970.5787
-249.662818,200,1971.427501
-247.331476,200,1972.258812
-235.081774,200,1973.10274
-114.649851,200,1973.937179
-116.93821,200,1974.769858
-129.353215,200,1975.729814
-0.658069,200,1976.558085
-123.287498,200,1977.393458
-123.615166,200,1978.243189
-119.143936,200,1979.280783
-123.104221,200,1980.124584
-220.788093,200,1980.972921
-115.7539,200,1981.826755
-235.327387,200,1982.677097
-115.38821,200,1983.527754
-116.38175,200,1984.527153
-0.530372,200,1985.385322
-0.573087,200,1986.250694
-127.400415,200,1987.433109
-245.299852,200,1988.54451
-250.796914,200,1989.511846
-228.827384,200,1990.627405
-118.409738,200,1991.491049
-228.417571,200,1992.344136
-116.923362,200,1993.298262
-124.416083,200,1994.338768
-226.626943,200,1995.191648
-239.852135,200,1996.042284
-124.573811,200,1996.899273
-127.738893,200,1997.953761
-123.299025,200,1998.945304
-117.221869,200,1999.789727
-246.440802,200,2000.623212
-229.275189,200,2001.484671
-296.076615,200,2002.346803
-232.833882,200,2003.321438
-1.001176,200,2004.16424
-122.441911,200,2005.011097
-232.535429,200,2005.854927
-3.599112,200,2006.958715
-119.481,200,2007.820348
-124.585172,200,2008.667672
-1.353484,200,2009.520919
-225.788551,200,2010.354226
-240.00834,200,2011.188972
-114.697914,200,2012.173194
-226.651507,200,2013.043542
-118.403103,200,2013.889393
-242.693917,200,2014.74554
-225.823126,200,2015.807585
-128.162948,200,2016.648525
-126.409321,200,2017.503963
-246.626494,200,2018.3522
-225.982628,200,2019.189513
-117.206887,200,2020.046211
-124.84819,200,2021.028336
-1.521868,200,2021.900891
-116.628493,200,2022.80449
-128.144995,200,2023.654274
-126.431213,200,2024.681288
-246.197983,200,2025.518535
-126.819722,200,2026.3516
-124.42743,200,2027.244161
-228.898741,200,2028.143724
-128.286328,200,2029.009828
-253.048824,200,2030.014819
-2.561587,200,2030.895427
-244.650451,200,2031.771891
-1.876157,200,2032.731702
-313.628479,200,2033.757603
-113.475265,200,2034.637089
-119.442242,200,2035.512511
-238.826601,200,2036.364164
-229.393628,200,2037.221932
-128.967961,200,2038.078246
-123.231021,200,2039.059053
-1.238807,200,2039.930746
-242.929925,200,2040.802382
-218.176146,200,2041.66652
-1.878028,200,2042.705097
-1.161529,200,2043.539752
-122.289311,200,2044.381513
-223.013798,200,2045.224626
-232.778965,200,2046.056297
-273.839238,200,2046.887483
-0.918895,200,2047.846189
-299.218936,200,2048.683543
-122.256939,200,2049.515785
-251.697971,200,2050.349057
-120.623467,200,2051.409487
-127.086717,200,2052.242843
-245.986209,200,2053.088584
-227.862796,200,2053.923714
-123.937904,200,2054.757866
-232.994847,200,2055.591474
-122.143812,200,2056.552021
-119.38019,200,2057.390978
-221.795885,200,2058.223319
-305.500539,200,2059.071954
-125.43452,200,2060.130768
-281.552885,200,2060.968374
-249.283439,200,2061.802259
-118.529784,200,2062.635015
-2.271553,200,2063.467284
-126.553695,200,2064.301897
-117.74044,200,2065.26393
-227.955505,200,2066.101927
-3.346577,200,2066.932997
-127.404704,200,2067.784139
-126.680485,200,2068.777053
-238.954937,200,2069.611743
-249.032806,200,2070.452253
-125.295537,200,2071.289605
-121.160469,200,2072.122391
-3.571637,200,2072.964716
-0.542045,200,2073.928882
-234.224319,200,2074.767424
-1.820427,200,2075.59978
-0.705807,200,2076.434429
-259.036367,200,2077.490669
-223.530542,200,2078.333484
-238.069696,200,2079.16737
-118.437082,200,2080.001271
-233.700284,200,2080.861522
-132.117773,200,2081.753003
-230.098581,200,2082.788279
-121.209168,200,2083.67805
-0.885197,200,2084.51307
-222.205582,200,2085.496479
-121.424406,200,2086.417895
-118.523084,200,2087.274102
-219.204404,200,2088.116056
-120.84881,200,2088.948748
-126.482752,200,2089.802744
-237.605594,200,2090.672612
-116.109755,200,2091.663983
-0.451535,200,2092.502751
-116.591344,200,2093.342433
-125.567279,200,2094.175299
-0.815317,200,2095.229092
-0.982793,200,2096.064067
-126.302897,200,2096.896637
-218.901932,200,2097.729143
-118.38872,200,2098.559474
-114.131333,200,2099.395287
-226.173991,200,2100.355849
-122.943635,200,2101.194923
-124.984072,200,2102.02711
-126.968457,200,2102.859151
-118.164024,200,2103.914672
-119.351489,200,2104.784834
-118.616647,200,2105.619068
-228.647066,200,2106.455218
-114.716824,200,2107.287107
-117.115428,200,2108.118657
-116.718782,200,2109.080871
-125.814002,200,2109.919667
-119.118804,200,2110.750527
-245.294415,200,2111.582646
-0.769134,200,2112.692913
-120.733404,200,2113.531532
-239.468906,200,2114.364161
-120.195751,200,2115.197814
-124.665561,200,2116.02992
-221.728851,200,2116.861782
-218.708583,200,2117.821783
-119.638832,200,2118.660157
-117.838911,200,2119.492568
-218.810796,200,2120.332396
-117.419476,200,2121.395081
-124.240038,200,2122.230428
-228.059605,200,2123.063548
-124.512079,200,2123.895595
-0.567039,200,2124.728036
-238.86894,200,2125.560037
-231.574434,200,2126.52105
-243.429198,200,2127.358925
-118.062362,200,2128.190336
-118.802043,200,2129.021877
-127.036384,200,2130.017455
-117.662102,200,2130.85515
-126.918589,200,2131.690841
-256.414227,200,2132.525988
-118.259163,200,2133.370199
-0.623696,200,2134.201656
-114.573642,200,2135.160811
-122.178453,200,2135.99989
-374.297405,200,2136.832288
-124.814262,200,2137.663871
-125.42261,200,2138.720739
-114.056071,200,2139.555864
-231.441661,200,2140.389196
-221.869729,200,2141.222803
-125.899751,200,2142.053012
-113.702294,200,2142.88313
-117.214006,200,2143.843845
-237.50556,200,2144.682558
-0.695925,200,2145.515824
-115.509801,200,2146.347518
-226.678637,200,2147.406071
-0.679101,200,2148.241541
-117.925097,200,2149.075662
-228.070838,200,2149.90903
-117.135177,200,2150.740776
-225.875216,200,2151.572723
-286.05847,200,2152.533579
-234.685278,200,2153.377959
-232.731997,200,2154.210745
-121.935355,200,2155.044724
-120.090323,200,2156.051457
-230.331228,200,2156.885551
-1.531825,200,2157.718832
-121.085104,200,2158.551274
-297.647392,200,2159.388472
-128.466835,200,2160.310485
-232.846658,200,2161.271833
-123.067057,200,2162.111087
-241.94102,200,2162.942774
-122.613197,200,2163.776779
-233.545139,200,2164.828944
-2.568436,200,2165.663181
-119.453703,200,2166.499059
-247.044079,200,2167.333962
-233.1475,200,2168.167415
-121.14366,200,2168.998364
-0.944538,200,2169.959086
-117.700164,200,2170.796324
-0.638477,200,2171.628422
-123.602763,200,2172.456302
-116.031548,200,2173.517104
-234.365429,200,2174.351676
-123.706877,200,2175.185347
-117.521984,200,2176.017943
-125.592478,200,2176.850227
-128.506548,200,2177.681344
-242.37772,200,2178.641752
-126.453016,200,2179.479816
-118.263912,200,2180.312197
-120.779908,200,2181.142056
-123.191906,200,2182.195485
-123.994247,200,2183.032629
-123.669954,200,2183.866554
-224.697947,200,2184.700286
-225.875027,200,2185.532753
-231.967505,200,2186.366904
-2.196625,200,2187.328588
-120.793693,200,2188.166246
-239.344341,200,2188.999457
-119.167579,200,2189.842152
-118.983322,200,2190.826442
-117.255701,200,2191.661426
-130.30366,200,2192.496138
-114.306904,200,2193.342805
-128.920074,200,2194.176023
-128.015249,200,2195.008786
-0.792416,200,2195.969356
-228.369391,200,2196.809098
-112.918794,200,2197.643122
-122.3664,200,2198.476209
-223.088475,200,2199.532888
-127.587207,200,2200.401062
-119.382821,200,2201.235118
-125.334067,200,2202.067624
-227.475132,200,2202.898821
-119.953932,200,2203.73094
-127.506773,200,2204.696215
-368.574952,200,2205.533353
-119.465247,200,2206.369419
-230.45606,200,2207.204395
-241.222585,200,2208.203407
-222.279499,200,2209.038543
-118.698886,200,2209.872609
-334.112775,200,2210.705559
-0.427374,200,2211.604101
-117.933859,200,2212.591216
-124.796461,200,2213.564599
-120.743349,200,2214.404206
-117.028032,200,2215.237211
-353.917586,200,2216.068295
-120.767694,200,2217.097708
-325.639008,200,2217.930362
-218.817974,200,2218.763137
-2.634323,200,2219.601543
-117.246071,200,2220.433409
-264.193144,200,2221.264122
-117.307664,200,2222.226114
-122.522978,200,2223.064527
-125.049375,200,2223.897433
-120.154764,200,2224.729796
-119.013468,200,2225.781436
-123.047121,200,2226.618918
-120.784054,200,2227.455725
-117.97606,200,2228.454843
-224.067155,200,2229.355689
-236.041879,200,2230.213925
-242.750405,200,2231.190129
-4.032301,200,2232.033758
-120.062316,200,2232.91176
-229.717737,200,2233.795574
-226.882531,200,2234.92969
-124.918348,200,2235.79292
-239.757165,200,2236.682122
-1.251568,200,2237.521611
-125.982973,200,2238.358152
-232.939,200,2239.203252
-118.81311,200,2240.168209
-123.358459,200,2241.004461
-123.536201,200,2241.836351
-237.165269,200,2242.668954
-118.097799,200,2243.665436
-129.097209,200,2244.564518
-120.869771,200,2245.39791
-237.079193,200,2246.28126
-123.663586,200,2247.157787
-118.443781,200,2248.173774
-0.606737,200,2249.364241
-115.708462,200,2250.258738
-115.243602,200,2251.238746
-125.314908,200,2252.410547
-244.68922,200,2253.655856
-301.548768,200,2254.663263
-0.98682,200,2255.758513
-127.239749,200,2256.629043
-1.02643,200,2257.470251
-118.13234,200,2258.307698
-118.948622,200,2259.302454
-125.677353,200,2260.17013
-226.161258,200,2261.029165
-117.29817,200,2261.899431
-127.217909,200,2262.928487
-2.533971,200,2263.798861
-120.638613,200,2264.667868
-120.721075,200,2265.539099
-123.122221,200,2266.406407
-120.996526,200,2267.326277
-242.39884,200,2268.333499
-225.253158,200,2269.269351
-254.438737,200,2270.376274
-3.3054,200,2271.475668
-120.735158,200,2272.570208
-117.339768,200,2273.457124
-128.236332,200,2274.326254
-238.359317,200,2275.205824
-125.230197,200,2276.136655
-115.105887,200,2277.023512
-308.598187,200,2277.999771
-116.898764,200,2278.852759
-225.963526,200,2279.692716
-121.396444,200,2280.524684
-1.018401,200,2281.504089
-0.766699,200,2282.33978
-251.814186,200,2283.171747
-317.367473,200,2284.004415
-1.866029,200,2284.836754
-219.323561,200,2285.669602
-0.53402,200,2286.631642
-119.952983,200,2287.467148
-124.855279,200,2288.298405
-125.580087,200,2289.22829
-125.478487,200,2290.267656
-1.082243,200,2291.100257
-226.855121,200,2291.935197
-118.349033,200,2292.820016
-126.817533,200,2293.650304
-119.25273,200,2294.480177
-230.224445,200,2295.439832
-223.649475,200,2296.276562
-118.457922,200,2297.106837
-128.52292,200,2297.945123
-120.724334,200,2298.937056
-229.872092,200,2299.770419
-118.378605,200,2300.602685
-125.957566,200,2301.434759
-128.918559,200,2302.265177
-224.879476,200,2303.095359
-225.511507,200,2304.056253
-218.560933,200,2304.894764
-249.928443,200,2305.726708
-118.890907,200,2306.564165
-128.278018,200,2307.653455
-122.257276,200,2308.490213
-123.112288,200,2309.321692
-233.895369,200,2310.156456
-230.55297,200,2311.05991
-123.877453,200,2311.892515
-120.143276,200,2312.863088
-237.598679,200,2313.722596
-126.175824,200,2314.55875
-124.893594,200,2315.393689
-119.127643,200,2316.448667
-121.793814,200,2317.28387
-124.260417,200,2318.116851
-242.294809,200,2318.946925
-127.194303,200,2319.778042
-229.716327,200,2320.606779
-120.56253,200,2321.566131
-118.984151,200,2322.400353
-126.572007,200,2323.23102
-129.928447,200,2324.059761
-122.127247,200,2325.086098
-121.347089,200,2325.917969
-118.396946,200,2326.749944
-119.562571,200,2327.680311
-307.998705,200,2328.511475
-119.909957,200,2329.340969
-126.235184,200,2330.298388
-124.885041,200,2331.135589
-217.442561,200,2331.965697
-119.05143,200,2332.822076
-127.393987,200,2333.864145
-245.477758,200,2334.696914
-118.925681,200,2335.527468
-225.868735,200,2336.359426
-3.809012,200,2337.190893
-125.333786,200,2338.022514
-0.56262,200,2338.988698
-115.367817,200,2339.827681
-121.999196,200,2340.658922
-117.013157,200,2341.550009
-114.2004,200,2342.524382
-124.776783,200,2343.356745
-113.180968,200,2344.18555
-240.111234,200,2345.016324
-125.762555,200,2345.847872
-117.896753,200,2346.677686
-124.321557,200,2347.637528
-123.69546,200,2348.475271
-126.450854,200,2349.306137
-228.519509,200,2350.242036
-1.566652,200,2351.265945
-125.229983,200,2352.100591
-120.432361,200,2352.943676
-120.190515,200,2353.777278
-125.959982,200,2354.608776
-125.802855,200,2355.440674
-1.751185,200,2356.402254
-113.600365,200,2357.240469
-232.742928,200,2358.071698
-0.522674,200,2358.904077
-122.719407,200,2359.898734
-261.609118,200,2360.731968
-118.467274,200,2361.564373
-315.422354,200,2362.397236
-120.629947,200,2363.228434
-125.787274,200,2364.059868
-126.517719,200,2365.017868
-125.931041,200,2365.856853
-123.704388,200,2366.688518
-1.654177,200,2367.528235
-116.785789,200,2368.57172
-116.140939,200,2369.40459
-127.437494,200,2370.235483
-219.01557,200,2371.065374
-124.797956,200,2371.896331
-117.262682,200,2372.736872
-229.847995,200,2373.695159
-116.930881,200,2374.532747
-121.101425,200,2375.36328
-120.307666,200,2376.198712
-230.442371,200,2377.227332
-119.12858,200,2378.060687
-0.386929,200,2378.890883
-118.883253,200,2379.720774
-235.887316,200,2380.54969
-122.746634,200,2381.380437
-126.180453,200,2382.340332
-3.709508,200,2383.17831
-0.415354,200,2384.009679
-118.311428,200,2384.842561
-128.794745,200,2385.897377
-121.37191,200,2386.732295
-124.967379,200,2387.565336
-125.55794,200,2388.397189
-225.502041,200,2389.228339
-0.468249,200,2390.059474
-1.075152,200,2391.018699
-124.62257,200,2391.857516
-238.951573,200,2392.698618
-118.453695,200,2393.542522
-2.065966,200,2394.540346
-227.562754,200,2395.374296
-120.294071,200,2396.204565
-122.996896,200,2397.037243
-120.395537,200,2397.868482
-218.066075,200,2398.698716
-121.223077,200,2399.665813
-249.508375,200,2400.504411
-118.623619,200,2401.335844
-120.478814,200,2402.16685
-118.209657,200,2403.216132
-120.424952,200,2404.048443
-125.104192,200,2404.879274
-0.526946,200,2405.709139
-118.69851,200,2406.540922
-236.038934,200,2407.372429
-2.288419,200,2408.334521
-120.456241,200,2409.172799
-118.784571,200,2410.003943
-224.039284,200,2410.907532
-116.600463,200,2411.890003
-217.132236,200,2412.733316
-121.2595,200,2413.56618
-119.270461,200,2414.39742
-0.527914,200,2415.225799
-223.316967,200,2416.055571
-120.704324,200,2417.01733
-126.82802,200,2417.855978
-231.476615,200,2418.686185
-125.586593,200,2419.517263
-227.857944,200,2420.509428
-119.08836,200,2421.343649
-116.229645,200,2422.177015
-1.252484,200,2423.010234
-241.641222,200,2423.842888
-121.379358,200,2424.673299
-222.857611,200,2425.639667
-125.351689,200,2426.485067
-346.623812,200,2427.315094
-248.090344,200,2428.145616
-1.022073,200,2429.039984
-118.390483,200,2430.024274
-124.770207,200,2430.896823
-1.513814,200,2431.879884
-221.928487,200,2432.724725
-117.598411,200,2433.555308
-232.847027,200,2434.515906
-232.421079,200,2435.35481
-237.10913,200,2436.184244
-125.785453,200,2437.014769
-0.912513,200,2438.065567
-217.651262,200,2438.899883
-128.453785,200,2439.733002
-127.494014,200,2440.564577
-1.876535,200,2441.394899
-0.408081,200,2442.224033
-222.989846,200,2443.181058
-229.260826,200,2444.018784
-116.841762,200,2444.849415
-225.710435,200,2445.679354
-221.576731,200,2446.678193
-0.683642,200,2447.51201
-123.843407,200,2448.344656
-119.80047,200,2449.17707
-226.695159,200,2450.008512
-125.657788,200,2450.838682
-121.581756,200,2451.799071
-229.696995,200,2452.641472
-245.031587,200,2453.479521
-125.085493,200,2454.309033
-222.578586,200,2455.424228
-250.156232,200,2456.257658
-275.166154,200,2457.09018
-124.810979,200,2457.921449
-126.528419,200,2458.752905
-242.202987,200,2459.590089
-117.213992,200,2460.549731
-116.563631,200,2461.388743
-115.549911,200,2462.218947
-222.630152,200,2463.053319
-226.48375,200,2464.049641
-0.456537,200,2464.880978
-129.835241,200,2465.713662
-118.014695,200,2466.545925
-222.196843,200,2467.375956
-224.134208,200,2468.206379
-240.236344,200,2469.164086
-236.311045,200,2470.002868
-120.404318,200,2470.834919
-226.832672,200,2471.665369
-119.383198,200,2472.711459
-119.228663,200,2473.545785
-247.771424,200,2474.377338
-123.96069,200,2475.20995
-118.999381,200,2476.04162
-117.171076,200,2476.87295
-234.134498,200,2477.832559
-126.474298,200,2478.668483
-126.652375,200,2479.499295
-115.760535,200,2480.330923
-119.320752,200,2481.378592
-223.383432,200,2482.212456
-365.667453,200,2483.044364
-231.00776,200,2483.876075
-231.003628,200,2484.706326
-124.803853,200,2485.536619
-320.057405,200,2486.494828
-125.464296,200,2487.331316
-0.529285,200,2488.161784
-247.273563,200,2488.992069
-116.707992,200,2490.040267
-118.304029,200,2490.873196
-118.659213,200,2491.704939
-127.809965,200,2492.539752
-229.528349,200,2493.38112
-229.250987,200,2494.211343
-115.633462,200,2495.228336
-124.872782,200,2496.067474
-268.477135,200,2496.899152
-115.083268,200,2497.740831
-218.813826,200,2498.778782
-223.137674,200,2499.612666
-124.924322,200,2500.443353
-224.085699,200,2501.275226
-217.490345,200,2502.105606
-130.532623,200,2502.933298
-237.821161,200,2503.893591
-117.529407,200,2504.729526
-0.567966,200,2505.559539
-229.736847,200,2506.476831
-118.900119,200,2507.445385
-123.862778,200,2508.276916
-120.913948,200,2509.108592
-234.591221,200,2509.939945
-129.771863,200,2510.769879
-1.023498,200,2511.599916
-0.512697,200,2512.560684
-223.400465,200,2513.405699
-0.86925,200,2514.237168
-122.974065,200,2515.069217
-117.112995,200,2516.119397
-126.034986,200,2516.954355
-247.053057,200,2517.786659
-113.93456,200,2518.619076
-0.883954,200,2519.464817
-121.095093,200,2520.298518
-222.300362,200,2521.260902
-128.781106,200,2522.099105
-237.180657,200,2522.929588
-279.936202,200,2523.759871
-114.300611,200,2524.785987
-229.314122,200,2525.620849
-120.406968,200,2526.453413
-222.806166,200,2527.285798
-253.144647,200,2528.117862
-6.171232,200,2528.956067
-124.295898,200,2529.916655
-115.125674,200,2530.791123
-230.504154,200,2531.622425
-317.423031,200,2532.451
-121.099149,200,2533.509664
-118.707402,200,2534.343704
-116.421638,200,2535.174386
-116.403815,200,2536.008085
-226.931312,200,2536.838585
-120.739128,200,2537.669557
-122.539783,200,2538.630361
-117.585293,200,2539.468646
-121.94774,200,2540.299903
-117.863272,200,2541.132773
-117.562137,200,2542.12693
-124.134914,200,2542.959373
-251.063018,200,2543.790574
-221.596635,200,2544.622169
-119.405094,200,2545.454099
-121.760637,200,2546.286391
-119.153305,200,2547.246887
-128.170265,200,2548.084208
-232.463418,200,2548.915182
-123.685613,200,2549.746186
-116.216396,200,2550.790923
-114.349122,200,2551.626411
-222.592016,200,2552.459549
-0.514427,200,2553.302931
-306.281692,200,2554.134146
-2.609656,200,2554.964162
-113.990747,200,2555.925366
-118.409204,200,2556.761812
-232.763866,200,2557.592473
-0.473362,200,2558.487278
-0.37953,200,2559.487852
-236.05253,200,2560.320381
-121.28076,200,2561.152499
-220.739298,200,2561.981959
-233.023392,200,2562.812212
-121.106536,200,2563.643395
-238.512676,200,2564.605683
-117.549834,200,2565.442859
-115.980719,200,2566.273185
-120.996601,200,2567.103779
-123.105199,200,2568.100488
-125.216132,200,2568.932631
-115.138117,200,2569.765106
-287.112598,200,2570.597438
-119.767981,200,2571.427541
-249.346958,200,2572.259071
-227.6001,200,2573.230841
-125.072868,200,2574.069194
-125.479239,200,2574.90003
-119.353199,200,2575.824368
-228.073768,200,2576.815288
-296.254915,200,2577.647995
-118.133557,200,2578.479067
-237.334702,200,2579.315519
-119.831472,200,2580.156064
-123.736837,200,2580.996688
-127.159506,200,2581.980583
-118.890606,200,2582.835161
-340.890798,200,2583.698656
-113.201115,200,2584.534226
-2.44503,200,2585.378768
-0.656469,200,2586.227009
-115.224713,200,2587.292851
-1.581108,200,2588.254156
-118.617767,200,2589.1702
-118.771979,200,2590.024666
-4.636359,200,2591.008438
-126.187552,200,2591.850349
-114.276605,200,2592.699661
-126.142992,200,2593.554641
-241.937884,200,2594.631521
-286.702644,200,2595.477738
-114.671862,200,2596.333094
-121.118054,200,2597.187171
-230.683687,200,2598.040704
-120.76354,200,2598.891851
-118.123872,200,2599.875141
-122.06141,200,2600.730946
-127.861405,200,2601.574346
-0.673028,200,2602.439472
-115.906509,200,2603.535985
-117.912904,200,2604.41235
-120.379573,200,2605.269902
-230.176854,200,2606.121066
-114.44726,200,2606.995582
-119.425291,200,2607.841605
-124.397978,200,2608.882211
-119.42617,200,2609.734089
-117.992006,200,2610.589869
-119.573597,200,2611.459435
-0.949678,200,2612.592571
-124.123344,200,2613.564053
-126.559031,200,2614.42624
-117.709031,200,2615.308603
-126.068186,200,2616.186413
-2.099348,200,2617.071212
-219.436702,200,2618.094407
-126.292132,200,2618.954689
-118.320185,200,2619.803306
-324.653307,200,2620.645741
-240.286795,200,2621.629974
-117.317222,200,2622.461516
-2.256936,200,2623.293264
-1.547141,200,2624.128962
-124.611724,200,2624.960276
-216.676721,200,2625.790395
-121.470262,200,2626.750845
-120.77219,200,2627.588528
-119.322516,200,2628.419664
-121.225571,200,2629.257746
-224.852096,200,2630.301817
-118.129557,200,2631.135152
-120.294673,200,2631.96831
-120.814944,200,2632.812224
-0.424514,200,2633.669008
-0.420376,200,2634.500113
-227.672687,200,2635.459823
-120.776085,200,2636.298286
-121.907907,200,2637.128699
-227.217113,200,2637.957332
-116.83388,200,2639.004052
-119.050035,200,2639.845016
-114.695184,200,2640.67722
-221.431168,200,2641.510233
-231.199417,200,2642.342004
-119.053391,200,2643.17243
-296.113583,200,2644.140196
-225.564853,200,2644.97837
-323.548615,200,2645.81523
-117.548357,200,2646.697816
-248.35584,200,2647.704013
-228.230246,200,2648.537919
-123.092702,200,2649.381426
-121.785777,200,2650.539576
-130.862537,200,2651.453186
-310.596634,200,2652.286651
-119.960386,200,2653.257052
-0.988352,200,2654.101275
-346.470342,200,2654.937612
-0.413998,200,2655.783606
-131.175424,200,2656.803867
-227.888163,200,2657.650119
-283.144816,200,2658.487091
-1.403112,200,2659.321902
-120.119408,200,2660.154234
-117.462883,200,2661.002944
-121.759544,200,2661.967196
-125.247936,200,2662.834286
-114.699425,200,2663.676662
-130.562648,200,2664.575708
-115.19803,200,2665.618576
-117.032825,200,2666.46303
-118.225143,200,2667.353878
-122.660106,200,2668.32739
-117.870882,200,2669.171466
-0.523795,200,2670.024496
-119.755567,200,2670.991936
-126.475572,200,2671.840233
-235.709737,200,2672.685072
-219.068269,200,2673.532469
-0.659649,200,2674.648565
-220.742681,200,2675.501501
-302.068474,200,2676.36473
-222.912517,200,2677.248659
-262.191285,200,2678.191153
-0.752454,200,2679.051519
-120.022653,200,2680.024444
-115.338489,200,2680.905556
-124.930626,200,2681.752769
-233.813958,200,2682.597942
-120.140818,200,2683.44402
-221.507557,200,2684.2905
-126.052999,200,2685.132077
-123.727469,200,2685.978921
-123.661907,200,2686.828487
-308.23247,200,2687.672995
-117.164889,200,2688.649818
-115.202865,200,2689.512616
-121.561232,200,2690.36254
-120.778092,200,2691.233942
-115.881566,200,2692.0889
-228.550622,200,2692.951602
-0.740928,200,2693.812233
-1.985208,200,2694.91867
-122.793141,200,2695.770639
-231.117108,200,2696.628963
-221.729714,200,2697.759001
-122.828277,200,2698.615565
-129.279928,200,2699.472294
-341.312533,200,2700.444135
-125.116381,200,2701.422683
-119.35294,200,2702.340001
-283.738568,200,2703.185078
-0.857442,200,2704.02009
-128.759201,200,2704.896611
-115.485186,200,2705.768002
-125.431743,200,2706.754809
-119.545943,200,2707.620449
-0.446218,200,2708.478478
-117.957977,200,2709.361244
-126.031876,200,2710.443583
-118.654728,200,2711.385881
-114.214028,200,2712.227379
-227.552394,200,2713.07105
-242.874725,200,2713.903482
-230.573428,200,2714.738364
-239.847957,200,2715.702103
-227.32485,200,2716.543492
-236.222994,200,2717.377442
-1.180826,200,2718.210089
-125.871726,200,2719.264257
-125.962937,200,2720.101722
-117.113426,200,2720.949618
-121.095544,200,2721.784789
-0.543725,200,2722.618408
-119.143696,200,2723.451028
-4.249181,200,2724.413057
-232.060043,200,2725.252101
-129.36925,200,2726.084885
-2.81476,200,2726.916549
-123.483083,200,2727.976224
-292.94723,200,2728.812567
-117.099306,200,2729.648378
-121.817239,200,2730.483657
-225.623353,200,2731.317276
-125.311607,200,2732.1503
-1.939803,200,2733.115741
-227.74519,200,2733.955922
-233.951369,200,2734.78827
-115.466908,200,2735.621226
-0.423813,200,2736.619202
-221.465686,200,2737.459842
-126.366286,200,2738.296036
-226.166226,200,2739.136947
-128.461741,200,2739.973457
-227.158794,200,2740.807018
-118.22424,200,2741.768849
-0.475778,200,2742.605289
-120.781532,200,2743.484518
-125.072839,200,2744.412345
-122.851362,200,2745.391769
-226.607712,200,2746.248665
-231.026254,200,2747.111639
-124.191883,200,2747.949446
-234.427318,200,2748.790288
-123.368454,200,2749.636017
-124.099242,200,2750.608936
-117.11823,200,2751.461887
-248.057122,200,2752.362805
-224.303299,200,2753.215089
-121.556436,200,2754.26375
-1.134024,200,2755.120274
-124.760986,200,2755.964406
-121.079634,200,2756.800012
-0.529562,200,2757.640194
-119.939795,200,2758.491152
-120.528292,200,2759.486012
-113.724429,200,2760.326494
-129.045798,200,2761.177122
-117.644827,200,2762.02231
-228.444459,200,2763.093647
-1.650197,200,2763.982254
-222.730558,200,2764.82663
-331.144842,200,2765.683034
-125.802291,200,2766.539715
-123.053658,200,2767.395747
-256.775951,200,2768.380992
-123.056558,200,2769.252357
-123.469892,200,2770.099165
-117.352424,200,2770.939158
-226.64635,200,2771.916173
-121.062763,200,2772.875497
-226.383991,200,2773.727552
-119.13798,200,2774.561856
-128.223165,200,2775.394134
-123.04912,200,2776.227553
-121.502287,200,2777.19757
-322.95136,200,2778.055402
-1.015375,200,2778.911969
-119.806238,200,2779.74598
-121.849961,200,2780.586606
-125.116176,200,2781.445636
-129.159629,200,2782.28656
-125.37156,200,2783.118264
-0.444942,200,2784.109987
-118.822569,200,2785.004437
-124.058021,200,2786.042288
-126.439242,200,2786.908416
-124.749494,200,2787.756265
-221.087686,200,2788.696309
-126.842778,200,2789.681702
-124.232827,200,2790.548773
-130.406753,200,2791.407477
-231.84583,200,2792.250645
-126.600609,200,2793.115051
-119.258373,200,2793.966031
-2.946344,200,2794.952735
-126.800633,200,2795.810168
-117.3238,200,2796.654221
-236.199136,200,2797.500449
-221.544183,200,2798.578392
-127.925062,200,2799.434288
-126.898916,200,2800.280926
-125.316179,200,2801.145727
-125.474016,200,2801.978826
-231.802149,200,2802.825923
-118.841307,200,2803.817517
-220.410752,200,2804.672069
-114.588149,200,2805.504892
-120.596171,200,2806.389051
-116.412676,200,2807.360643
-288.574019,200,2808.256219
-118.807286,200,2809.130963
-225.730224,200,2809.988684
-218.037092,200,2810.861381
-124.489039,200,2811.742937
-297.867729,200,2812.757653
-220.174266,200,2813.661195
-120.774276,200,2814.561564
-123.616546,200,2815.58899
-1.213666,200,2816.562168
-229.434942,200,2817.444167
-0.622152,200,2818.330713
-115.143751,200,2819.181621
-225.524997,200,2820.024124
-300.875056,200,2820.857899
-220.578571,200,2821.823899
-126.764731,200,2822.666278
-256.685162,200,2823.503651
-227.908422,200,2824.357844
-128.793504,200,2825.380738
-238.464494,200,2826.232504
-124.882131,200,2827.111767
-307.212208,200,2827.946021
-124.385655,200,2828.778708
-115.055587,200,2829.610124
-118.055316,200,2830.570721
-0.529755,200,2831.409914
-118.979925,200,2832.261817
-129.20931,200,2833.11365
-118.253454,200,2834.182662
-118.296624,200,2835.038648
-216.572914,200,2835.887309
-0.427787,200,2836.741554
-120.098885,200,2837.597143
-126.145794,200,2838.448362
-221.691644,200,2839.420986
-115.677225,200,2840.267913
-118.776942,200,2841.12476
-219.546246,200,2841.989468
-128.222401,200,2842.975052
-0.36442,200,2843.844578
-368.265034,200,2844.691301
-123.882784,200,2845.554699
-230.336583,200,2846.407279
-119.578718,200,2847.246308
-119.286787,200,2848.215106
-115.482153,200,2849.074037
-121.085969,200,2849.949017
-226.564405,200,2850.781107
-0.519128,200,2851.840655
-118.82825,200,2852.698244
-123.110601,200,2853.549534
-122.099298,200,2854.39213
-118.545086,200,2855.231302
-127.443526,200,2856.080854
-125.162082,200,2857.063654
-0.854024,200,2857.916361
-119.826223,200,2858.766685
-127.54416,200,2859.601436
-222.50417,200,2860.674221
-122.354747,200,2861.535837
-122.020366,200,2862.407264
-0.537493,200,2863.269456
-225.821105,200,2864.116992
-122.151485,200,2864.998768
-246.786199,200,2865.990264
-226.456465,200,2866.853409
-221.827798,200,2867.723328
-1.124055,200,2868.586239
-115.238488,200,2869.427772
-250.684254,200,2870.414199
-0.492697,200,2871.262485
-0.499993,200,2872.309059
-228.388196,200,2873.153463
-124.44385,200,2873.988219
-0.906987,200,2874.948147
-226.56775,200,2875.785465
-114.277594,200,2876.617856
-122.170508,200,2877.450962
-1.982192,200,2878.481479
-117.514085,200,2879.31842
-230.777403,200,2880.150558
-120.876604,200,2880.983717
-223.441772,200,2881.816066
-236.144962,200,2882.646618
-130.515556,200,2883.606991
-229.963676,200,2884.444258
-235.673145,200,2885.276088
-119.169807,200,2886.10774
-1.281354,200,2887.154739
-126.222625,200,2887.989708
-228.30034,200,2888.821259
-223.330321,200,2889.653661
-119.295308,200,2890.485122
-117.730448,200,2891.317097
-228.301099,200,2892.27813
-127.960797,200,2893.119908
-126.010197,200,2893.951794
-114.297629,200,2894.781696
-117.236049,200,2895.836749
-118.667035,200,2896.674288
-120.40339,200,2897.508662
-124.15773,200,2898.342394
-119.440594,200,2899.173872
-0.648307,200,2900.00553
-312.908227,200,2900.976804
-5.163982,200,2901.815756
-127.551838,200,2902.647511
-121.560684,200,2903.493036
-124.488179,200,2904.57061
-223.213649,200,2905.404915
-119.526078,200,2906.237144
-128.051121,200,2907.094169
-122.219088,200,2907.957509
-227.555288,200,2908.811809
-222.278856,200,2909.812765
-224.213222,200,2910.682205
-224.561771,200,2911.581092
-124.306028,200,2912.500605
-124.046325,200,2913.476598
-0.605698,200,2914.415638
-222.016515,200,2915.304594
-114.501312,200,2916.140054
-120.043827,200,2916.988315
-0.582402,200,2917.834363
-0.486279,200,2918.857128
-124.273456,200,2919.714496
-3.681427,200,2920.612942
-0.566557,200,2921.507766
-115.411632,200,2922.544137
-0.944646,200,2923.432288
-364.77962,200,2924.287173
-1.060684,200,2925.142592
-122.567586,200,2926.03649
-116.016029,200,2926.92274
-113.928798,200,2927.949069
-120.521976,200,2928.796903
-122.022851,200,2929.632391
-119.246405,200,2930.470551
-226.201775,200,2931.470517
-127.598864,200,2932.305138
-221.201596,200,2933.140633
-220.843963,200,2933.989905
-242.947466,200,2934.851638
-1.911408,200,2935.68519
-120.750864,200,2936.645325
-232.671583,200,2937.483308
-223.635856,200,2938.315735
-235.458774,200,2939.15093
-125.589733,200,2940.121722
-1.842245,200,2941.038415
-124.554188,200,2941.872686
-118.578831,200,2942.706184
-125.633167,200,2943.539569
-118.685052,200,2944.3708
-113.91569,200,2945.332086
-0.620468,200,2946.16878
-233.682205,200,2947.000903
-117.663173,200,2947.843138
-125.259976,200,2948.943038
-231.9863,200,2949.780718
-114.515828,200,2950.627582
-119.390347,200,2951.471826
-117.00272,200,2952.309158
-0.937517,200,2953.151958
-236.219719,200,2954.292343
-222.753035,200,2955.138581
-0.435417,200,2955.987352
-241.671474,200,2956.874356
-0.395061,200,2957.962349
-114.444656,200,2958.812837
-235.512199,200,2959.673079
-116.454139,200,2960.582808
-231.923071,200,2961.433257
-113.090795,200,2962.280435
-221.123172,200,2963.244919
-118.971777,200,2964.100354
-0.834645,200,2964.955016
-118.601524,200,2965.806109
-2.288604,200,2966.849583
-120.252281,200,2967.692327
-120.562163,200,2968.523235
-326.110506,200,2969.376989
-117.947392,200,2970.208374
-0.435157,200,2971.050641
-127.102337,200,2972.025643
-125.657057,200,2972.877308
-1.57611,200,2973.72534
-0.553298,200,2974.60179
-236.088439,200,2975.640837
-128.786254,200,2976.491687
-239.662753,200,2977.326586
-225.52628,200,2978.172784
-125.506755,200,2979.019424
-223.062813,200,2979.851495
-115.556067,200,2980.853785
-1.847112,200,2981.726342
-231.588824,200,2982.590932
-129.755901,200,2983.448931
-119.828228,200,2984.504101
-119.469864,200,2985.355844
-127.51898,200,2986.199583
-126.898865,200,2987.056225
-2.696658,200,2987.904334
-1.498686,200,2988.747647
-0.635175,200,2989.712679
-285.554469,200,2990.567416
-225.26878,200,2991.430201
-123.540729,200,2992.313607
-124.556027,200,2993.293678
-124.052343,200,2994.152404
-128.516319,200,2994.994391
-117.716738,200,2995.841377
-285.127506,200,2996.683223
-0.51417,200,2997.529333
-233.766344,200,2998.512066
-219.752731,200,2999.373281
-217.974074,200,3000.216579
-0.500678,200,3001.067891
-127.820872,200,3002.127472
-115.304036,200,3002.979482
-0.844887,200,3003.833876
-117.967739,200,3004.670526
-290.397791,200,3005.502118
-0.962803,200,3006.344111
-248.069059,200,3007.308202
-280.788807,200,3008.149042
-233.55536,200,3009.006069
-124.897125,200,3009.944875
-367.008949,200,3010.967869
-0.955336,200,3011.82341
-120.206097,200,3012.722015
-236.411148,200,3013.598002
-238.308761,200,3014.449343
-0.626615,200,3015.296739
-120.919301,200,3016.273066
-124.212028,200,3017.119725
-127.957629,200,3017.95293
-117.843325,200,3018.785809
-1.242499,200,3019.889856
-1.660049,200,3020.741043
-236.259317,200,3021.603429
-223.642343,200,3022.457655
-123.513204,200,3023.292007
-231.129115,200,3024.124696
-225.797617,200,3025.085289
-125.472662,200,3025.925483
-124.435288,200,3026.758342
-0.449454,200,3027.596949
-125.743217,200,3028.62341
-1.697312,200,3029.518914
-248.237848,200,3030.366798
-113.518079,200,3031.210692
-124.895859,200,3032.065982
-127.25851,200,3032.912592
-1.254812,200,3033.87747
-121.009982,200,3034.720002
-121.645569,200,3035.580507
-227.506905,200,3036.427293
-0.371975,200,3037.473842
-117.571177,200,3038.358866
-120.014367,200,3039.21628
-126.888633,200,3040.069703
-117.672828,200,3040.932698
-124.299628,200,3041.777384
-220.785242,200,3042.759879
-116.024214,200,3043.630333
-118.833621,200,3044.470412
-124.412025,200,3045.367576
-120.470457,200,3046.389377
-114.779195,200,3047.226673
-231.733565,200,3048.072424
-121.497523,200,3048.908492
-116.523157,200,3049.75856
-125.131117,200,3050.60918
-123.677698,200,3051.590032
-251.43886,200,3052.435373
-119.111407,200,3053.279465
-230.328589,200,3054.192059
-0.767741,200,3055.165664
-118.189099,200,3056.001032
-117.197749,200,3056.860008
-0.878977,200,3057.700755
-119.505511,200,3058.536768
-3.777809,200,3059.376183
-223.462007,200,3060.345471
-121.185676,200,3061.192607
-126.301626,200,3062.026473
-227.438354,200,3062.89861
-223.912154,200,3063.902897
-223.579891,200,3064.742845
-239.308086,200,3065.587318
-120.042378,200,3066.444865
-238.916932,200,3067.284213
-124.833162,200,3068.126989
-116.127768,200,3069.178493
-118.871304,200,3070.020079
-124.216019,200,3070.890822
-233.881964,200,3071.762787
-0.725644,200,3072.876194
-238.78205,200,3073.772187
-228.315976,200,3074.657234
-221.039642,200,3075.53967
-1.474637,200,3076.423786
-126.622937,200,3077.288709
-4.805279,200,3078.424873
-1.814542,200,3079.334556
-0.584514,200,3080.218931
-120.815604,200,3081.258281
-116.306463,200,3082.167657
-232.399964,200,3083.035352
-220.750904,200,3083.909294
-119.901773,200,3084.781488
-131.951305,200,3085.650279
-122.121895,200,3086.476087
-118.019029,200,3087.448873
-123.8455,200,3088.289332
-115.357037,200,3089.125059
-229.219682,200,3089.959284
-245.684269,200,3091.013478
-1.498629,200,3091.847785
-115.997874,200,3092.831607
-125.65952,200,3093.746794
-319.058157,200,3094.580103
-118.061212,200,3095.413055
-0.805136,200,3096.374956
-122.740122,200,3097.212298
-233.40733,200,3098.044153
-121.809379,200,3098.8759
-237.549065,200,3099.869504
-220.050898,200,3100.704149
-115.644335,200,3101.538446
-129.312067,200,3102.369837
-0.414061,200,3103.201562
-122.249798,200,3104.033745
-2.17955,200,3104.995141
-121.744292,200,3105.836767
-221.584514,200,3106.671446
-126.585392,200,3107.506129
-119.911353,200,3108.563056
-120.288706,200,3109.399179
-225.430777,200,3110.232802
-1.247347,200,3111.080204
-121.453206,200,3111.914271
-116.633447,200,3112.757518
-118.006499,200,3113.72242
-117.472559,200,3114.563379
-117.746316,200,3115.395178
-249.275481,200,3116.227624
-322.541065,200,3117.22379
-121.558369,200,3118.058425
-230.594852,200,3118.890935
-118.878346,200,3119.730876
-314.90596,200,3120.56353
-116.654801,200,3121.395315
-242.023115,200,3122.358228
-120.140713,200,3123.197609
-0.911146,200,3124.030487
-118.627985,200,3124.861725
-123.573539,200,3125.916125
-231.873903,200,3126.750851
-239.103117,200,3127.585442
-224.4017,200,3128.417619
-118.074168,200,3129.249056
-120.808147,200,3130.080759
-245.58568,200,3131.042239
-216.806207,200,3131.879636
-124.610426,200,3132.717751
-126.086643,200,3133.55213
-122.286556,200,3134.677379
-0.895995,200,3135.511541
-126.756454,200,3136.345174
-125.807461,200,3137.180651
-125.097934,200,3138.015427
-119.790138,200,3138.849116
-129.880922,200,3139.811507
-6.877977,200,3140.650563
-2.400229,200,3141.496571
-1.234024,200,3142.330611
-117.374153,200,3143.385252
-122.728927,200,3144.22199
-116.914457,200,3145.056224
-0.781069,200,3145.890116
-118.22925,200,3146.722363
-0.852905,200,3147.554578
-225.310554,200,3148.516499
-114.275026,200,3149.355741
-238.306804,200,3150.188267
-230.08231,200,3151.02038
-119.115216,200,3152.016972
-237.247206,200,3152.862535
-251.437207,200,3153.696411
-125.5045,200,3154.52979
-222.990304,200,3155.360227
-117.561872,200,3156.192532
-221.064873,200,3157.153922
-122.354538,200,3157.991025
-119.461961,200,3158.822577
-117.989637,200,3159.653924
-120.479958,200,3160.708096
-223.870724,200,3161.543879
-124.763478,200,3162.375066
-3.03868,200,3163.207512
-129.009433,200,3164.039284
-119.119711,200,3164.871128
-122.737546,200,3165.832423
-221.13011,200,3166.670656
-128.018677,200,3167.503031
-1.481827,200,3168.335348
-117.575439,200,3169.385402
-0.562765,200,3170.220555
-132.768746,200,3171.0643
-124.791401,200,3171.899204
-236.016523,200,3172.741435
-119.143891,200,3173.5742
-124.666991,200,3174.536633
-125.388673,200,3175.373919
-123.90737,200,3176.20481
-127.648777,200,3177.037756
-128.873754,200,3178.035511
-118.069009,200,3178.870676
-228.798128,200,3179.71182
-236.161654,200,3180.553847
-237.854323,200,3181.386386
-115.231346,200,3182.218865
-119.211512,200,3183.179576
-0.617631,200,3184.017237
-119.194416,200,3184.8489
-119.147757,200,3185.757929
-228.828648,200,3186.748197
-1.274597,200,3187.581536
-117.003959,200,3188.415001
-124.986916,200,3189.247699
-0.705533,200,3190.081095
-273.964766,200,3190.914353
-118.59869,200,3191.876118
-118.936673,200,3192.721232
-115.738386,200,3193.556578
-117.439043,200,3194.388791
-126.334326,200,3195.38236
-119.841095,200,3196.217444
-116.519001,200,3197.052936
-271.985312,200,3197.887171
-115.013484,200,3198.72044
-232.119427,200,3199.551607
-119.715622,200,3200.513002
-244.368572,200,3201.361515
-2.751427,200,3202.19497
-120.344486,200,3203.04669
-228.195786,200,3204.079057
-119.068418,200,3204.912584
-118.879779,200,3205.747585
-225.747705,200,3206.580389
-231.937855,200,3207.411835
-1.871983,200,3208.242888
-2.416026,200,3209.205285
-114.855656,200,3210.043603
-0.938841,200,3210.914645
-114.802973,200,3211.75854
-124.884142,200,3212.824703
-221.558243,200,3213.667577
-123.084027,200,3214.502928
-221.822897,200,3215.339686
-224.08743,200,3216.173706
-129.119618,200,3217.007568
-125.90924,200,3217.96913
-126.179989,200,3218.807274
-228.551415,200,3219.640698
-119.103996,200,3220.496658
-118.974019,200,3221.466999
-0.720179,200,3222.299878
-231.300889,200,3223.129188
-249.256438,200,3223.962052
-221.904191,200,3224.794578
-231.848084,200,3225.626486
-226.67089,200,3226.588758
-127.274221,200,3227.427233
-114.630042,200,3228.258882
-119.103329,200,3229.091486
-123.438588,200,3230.141664
-127.288453,200,3230.989356
-358.624018,200,3231.822582
-1.227708,200,3232.669972
-125.991139,200,3233.531388
-358.430499,200,3234.363112
-116.565174,200,3235.324317
-248.252262,200,3236.16258
-235.396579,200,3236.994736
-231.982344,200,3237.827126
-118.944792,200,3238.853618
-126.286649,200,3239.694674
-0.579334,200,3240.52845
-124.133193,200,3241.362338
-223.481166,200,3242.194528
-124.855548,200,3243.025026
-120.959628,200,3243.986888
-0.793506,200,3244.825077
-128.686843,200,3245.657271
-125.387586,200,3246.489773
-124.767163,200,3247.546739
-115.64101,200,3248.383435
-121.412732,200,3249.217323
-222.359279,200,3250.051803
-127.877343,200,3250.887947
-1.223238,200,3251.725559
-246.500872,200,3252.685234
-1.190335,200,3253.526859
-121.353611,200,3254.359518
-251.731751,200,3255.191266
-114.698111,200,3256.225619
-124.589065,200,3257.061589
-114.57708,200,3257.894602
-119.865897,200,3258.72568
-117.773224,200,3259.558475
-121.338355,200,3260.389486
-224.285611,200,3261.364847
-122.971343,200,3262.205818
-117.872696,200,3263.037857
-116.831741,200,3263.924726
-123.161224,200,3264.929001
-238.352823,200,3265.764304
-118.540677,200,3266.598613
-255.089764,200,3267.432272
-115.593812,200,3268.264917
-116.134996,200,3269.09783
-1.026794,200,3270.064345
-119.460285,200,3270.904191
-121.262352,200,3271.737896
-118.499207,200,3272.571647
-229.300938,200,3273.570136
-127.028598,200,3274.428331
-113.890903,200,3275.262584
-233.464155,200,3276.094948
-120.747096,200,3276.927356
-228.047211,200,3277.758692
-117.758051,200,3278.723597
-118.786587,200,3279.565215
-119.345113,200,3280.399038
-119.66941,200,3281.231628
-221.001527,200,3282.272698
-131.947857,200,3283.106133
-228.209243,200,3283.938902
-121.698838,200,3284.771142
-244.506424,200,3285.602336
-230.900413,200,3286.432482
-1.058518,200,3287.392788
-221.447239,200,3288.230042
-0.894643,200,3289.062417
-127.937664,200,3289.892436
-115.478032,200,3290.932791
-234.769632,200,3291.770518
-116.819246,200,3292.606047
-127.126809,200,3293.451174
-124.877153,200,3294.282234
-121.049633,200,3295.113488
-116.418706,200,3296.074274
-119.510595,200,3296.913191
-122.685016,200,3297.745367
-120.540223,200,3298.57602
-1.802628,200,3299.632902
-116.281358,200,3300.468995
-3.956739,200,3301.303158
-116.377228,200,3302.137659
-119.339942,200,3302.970967
-227.333826,200,3303.803099
-120.256966,200,3304.802192
-2.035136,200,3305.642605
-118.388301,200,3306.477405
-220.145316,200,3307.310956
-1.169557,200,3308.373016
-3.929795,200,3309.208628
-230.733212,200,3310.185554
-225.447924,200,3311.035465
-120.809754,200,3311.867909
-127.522713,200,3312.703193
-1.987454,200,3313.667056
-231.078852,200,3314.50481
-116.807581,200,3315.336124
-123.26898,200,3316.16735
-0.891166,200,3317.222391
-119.581269,200,3318.058617
-223.992874,200,3318.891575
-0.979671,200,3319.723367
-247.725147,200,3320.555124
-124.05214,200,3321.397957
-125.075555,200,3322.359547
-221.991514,200,3323.197774
-128.809033,200,3324.030261
-126.953249,200,3324.862233
-0.873089,200,3325.858064
-1.11338,200,3326.692512
-1.222699,200,3327.526069
-127.509239,200,3328.354796
-115.913429,200,3329.186776
-228.186257,200,3330.017732
-121.189714,200,3330.978507
-242.938146,200,3331.817401
-229.618101,200,3332.650727
-231.662825,200,3333.484308
-1.153568,200,3334.53678
-117.653342,200,3335.372493
-117.876485,200,3336.204815
-130.618509,200,3337.038535
-119.981063,200,3337.870759
-228.615974,200,3338.701684
-115.302936,200,3339.663823
-125.931205,200,3340.500949
-311.080188,200,3341.332868
-1.205727,200,3342.230652
-115.800862,200,3343.213605
-120.292758,200,3344.046783
-121.114264,200,3344.881157
-231.389054,200,3345.712818
-124.687735,200,3346.545575
-114.777232,200,3347.377762
-301.44313,200,3348.338421
-128.500287,200,3349.198804
-124.19134,200,3350.03285
-128.323242,200,3350.917293
-0.984226,200,3351.931014
-124.684655,200,3352.776889
-131.370057,200,3353.610997
-1.150679,200,3354.442955
-118.987303,200,3355.274716
-0.987632,200,3356.106297
-291.514729,200,3357.067803
-229.293683,200,3357.906141
-118.158636,200,3358.737341
-223.413253,200,3359.583988
-115.357432,200,3360.62797
-3.926895,200,3361.464499
-117.220282,200,3362.302981
-127.670708,200,3363.140574
-113.304141,200,3363.975451
-238.126758,200,3364.80909
-124.519855,200,3365.773196
-125.513958,200,3366.611542
-4.99524,200,3367.444372
-223.939057,200,3368.316827
-120.86442,200,3369.304611
-235.809097,200,3370.139725
-0.987088,200,3370.971962
-223.345789,200,3371.80249
-229.036791,200,3372.631198
-121.094315,200,3373.470714
-118.334547,200,3374.433118
-227.142649,200,3375.271928
-119.930666,200,3376.104489
-239.618235,200,3376.951548
-233.485537,200,3377.991241
-119.71552,200,3378.825118
-226.351653,200,3379.656076
-1.24556,200,3380.488627
-245.643185,200,3381.333401
-307.794736,200,3382.166901
-119.437771,200,3383.129479
-118.314062,200,3383.968061
-118.222618,200,3384.800689
-229.828806,200,3385.632221
-231.938941,200,3386.688045
-118.402136,200,3387.52391
-222.994807,200,3388.357935
-3.955308,200,3389.195962
-124.637178,200,3390.033938
-121.089928,200,3390.868002
-119.235258,200,3391.831634
-120.523253,200,3392.675686
-131.214961,200,3393.514987
-222.157424,200,3394.381803
-230.597301,200,3395.373417
-115.206745,200,3396.20908
-270.036347,200,3397.045107
-119.327418,200,3397.878599
-245.52594,200,3398.711853
-0.918646,200,3399.545026
-316.152685,200,3400.506168
-231.944653,200,3401.34461
-124.426163,200,3402.177966
-119.011275,200,3403.009855
-226.741826,200,3404.059015
-226.181927,200,3404.894236
-119.59977,200,3405.727791
-116.573552,200,3406.562299
-228.841427,200,3407.396089
-122.705916,200,3408.22854
-120.146503,200,3409.18925
-254.603263,200,3410.027007
-125.189539,200,3410.867595
-236.165465,200,3411.704234
-120.34811,200,3412.708239
-116.703574,200,3413.545872
-124.378115,200,3414.379758
-238.681526,200,3415.213349
-233.134697,200,3416.046265
-222.163195,200,3416.87995
-119.404269,200,3417.844023
-126.118322,200,3418.682261
-116.203964,200,3419.52021
-121.81138,200,3420.426484
-119.576415,200,3421.406307
-231.432632,200,3422.240205
-127.79709,200,3423.072151
-222.518706,200,3423.903808
-114.447075,200,3424.734632
-121.748766,200,3425.565247
-1.137321,200,3426.526425
-244.211952,200,3427.365087
-119.472467,200,3428.19618
-1.181661,200,3429.028629
-2.33507,200,3430.058232
-5.581257,200,3430.892726
-2.153583,200,3431.726074
-120.169038,200,3432.556038
-124.173757,200,3433.398481
-4.95379,200,3434.230259
-222.401603,200,3435.194137
-0.864266,200,3436.032622
-119.474654,200,3436.864896
-222.19094,200,3437.702629
-222.394394,200,3438.757927
-118.336735,200,3439.593081
-1.18645,200,3440.426829
-223.438916,200,3441.326909
-116.325634,200,3442.191655
-122.915053,200,3443.068648
-121.069537,200,3444.035696
-115.830853,200,3444.873614
-4.110628,200,3445.704961
-1.430434,200,3446.577848
-125.418491,200,3447.531319
-123.775022,200,3448.364688
-118.205752,200,3449.196702
-119.96616,200,3450.036589
-122.041801,200,3450.885847
-125.197586,200,3451.719968
-117.491302,200,3452.685892
-115.299223,200,3453.563028
-116.314645,200,3454.401699
-126.680053,200,3455.240956
-242.713282,200,3456.266221
-226.60263,200,3457.141732
-0.954634,200,3457.977149
-115.455806,200,3458.823092
-3.300216,200,3459.66563
-1.189788,200,3460.5254
-119.00244,200,3461.503246
-118.800738,200,3462.340897
-314.712622,200,3463.170473
-113.913815,200,3464.001884
-240.723954,200,3464.995301
-125.700536,200,3465.829926
-124.061214,200,3466.662291
-120.123784,200,3467.494376
-224.906167,200,3468.325009
-119.592218,200,3469.15547
-3.247398,200,3470.115961
-116.995072,200,3471.00051
-119.392482,200,3471.832064
-124.256138,200,3472.671684
-2.26053,200,3473.71837
-0.88261,200,3474.551295
-124.659837,200,3475.384553
-228.132636,200,3476.216304
-117.281014,200,3477.047446
-232.403144,200,3477.877965
-234.953058,200,3478.836581
-113.318121,200,3479.675156
-124.687406,200,3480.505331
-127.131464,200,3481.352917
-1.017207,200,3482.328087
-235.417298,200,3483.16111
-124.310615,200,3483.992649
-116.403048,200,3484.823894
-239.265552,200,3485.655064
-114.805778,200,3486.484231
-225.734495,200,3487.445966
-120.574245,200,3488.282564
-113.962763,200,3489.114591
-120.363183,200,3490.000694
-225.659347,200,3491.062251
-126.706711,200,3491.894312
-120.362156,200,3492.734409
-223.478939,200,3493.570175
-227.079071,200,3494.401022
-125.270053,200,3495.230922
-122.886503,200,3496.191215
-118.787724,200,3497.029181
-232.716386,200,3497.859495
-119.373341,200,3498.707067
-118.924685,200,3499.74418
-219.201599,200,3500.577597
-5.231081,200,3501.409709
-254.016935,200,3502.242417
-118.526404,200,3503.073646
-124.293458,200,3503.903983
-122.65071,200,3504.86306
-3.169206,200,3505.703141
-228.99438,200,3506.534138
-226.760149,200,3507.365615
-231.905096,200,3508.389452
-116.795952,200,3509.222302
-122.767661,200,3510.054499
-120.268477,200,3510.884157
-121.605699,200,3511.722537
-122.406798,200,3512.55845
-290.593563,200,3513.527348
-236.819551,200,3514.367971
-119.227175,200,3515.198958
-113.941752,200,3516.113681
-1.572158,200,3517.081437
-239.423807,200,3517.905868
-123.794481,200,3518.730084
-121.621438,200,3519.556562
-127.98898,200,3520.388168
-123.580326,200,3521.2199
-120.362396,200,3522.186691
-125.064625,200,3523.023692
-228.480119,200,3523.86082
-125.502402,200,3524.692813
-114.718726,200,3525.748524
-118.946433,200,3526.582487
-228.310813,200,3527.522788
-131.855002,200,3528.404049
-244.391185,200,3529.235715
-120.690618,200,3530.068142
-123.312596,200,3531.028741
-124.817114,200,3531.867437
-231.046599,200,3532.706746
-126.558124,200,3533.541772
-125.598182,200,3534.590486
-124.841986,200,3535.426202
-118.5824,200,3536.257413
-228.184934,200,3537.089634
-115.835182,200,3537.919731
-120.779253,200,3538.749887
-1.21081,200,3539.715819
-121.490375,200,3540.552665
-115.031414,200,3541.382718
-116.907883,200,3542.214583
-118.739534,200,3543.246406
-127.093467,200,3544.080116
-123.737525,200,3544.910838
-118.106032,200,3545.740114
-125.102841,200,3546.568852
-119.37336,200,3547.398474
-226.065232,200,3548.357168
-128.199073,200,3549.211657
-119.842901,200,3550.119651
-236.748292,200,3550.993819
-126.0038,200,3552.078336
-115.46271,200,3552.944779
-233.294222,200,3553.809767
-122.808801,200,3554.655141
-226.838806,200,3555.487613
-218.794549,200,3556.391599
-226.856539,200,3557.375933
-119.096023,200,3558.220766
-230.988923,200,3559.050319
-129.216962,200,3559.891692
-2.529108,200,3560.877131
-232.793359,200,3561.714215
-322.025368,200,3562.553096
-226.550918,200,3563.389292
-118.866312,200,3564.222972
-229.180582,200,3565.060183
-121.700968,200,3566.024255
-218.865113,200,3566.864965
-122.772565,200,3567.698916
-121.046542,200,3568.533574
-0.672812,200,3569.587452
-120.96789,200,3570.424722
-126.225131,200,3571.258725
-121.588882,200,3572.094369
-217.437782,200,3572.940847
-249.581284,200,3573.772295
-231.180984,200,3574.734888
-222.096591,200,3575.574631
-236.656413,200,3576.408193
-127.217015,200,3577.255115
-1.687728,200,3578.308582
-118.638564,200,3579.172074
-122.872802,200,3580.022459
-254.078288,200,3580.952107
-123.6552,200,3581.802791
-216.987357,200,3582.637451
-256.521779,200,3583.601928
-1.541707,200,3584.44244
-126.241507,200,3585.275754
-122.518497,200,3586.111111
-2.611757,200,3587.163657
-239.336868,200,3588.003307
-116.534645,200,3588.838992
-1.217313,200,3589.67221
-1.570452,200,3590.629571
-118.000968,200,3591.511397
-1.32849,200,3592.577777
-121.724678,200,3593.502246
-229.020813,200,3594.374269
-120.122181,200,3595.299373
-237.961974,200,3596.270165
-3.179934,200,3597.10705
-0.768851,200,3597.94225
-227.238866,200,3598.775834
-1.975543,200,3599.614299
-241.678224,200,3600.446452
-231.359768,200,3601.421378
-129.423975,200,3602.283848
-119.860486,200,3603.1362
-115.959488,200,3604.052348
-123.55933,200,3605.127382
-124.630868,200,3605.965861
-116.02257,200,3606.800862
-116.100524,200,3607.634412
-125.579283,200,3608.467435
-120.168363,200,3609.302793
-221.950886,200,3610.275416
-125.791736,200,3611.117497
-114.172628,200,3611.994014
-227.345553,200,3613.062838
-123.675955,200,3614.069198
-119.892762,200,3614.939306
-125.804289,200,3615.80162
-127.896216,200,3616.707435
-244.157681,200,3617.594323
-300.061151,200,3618.44984
-120.520078,200,3619.438019
-228.487613,200,3620.29514
-116.896073,200,3621.127376
-3.525729,200,3621.964733
-125.834266,200,3623.051905
-1.339911,200,3623.895961
-228.574976,200,3624.73172
-279.204285,200,3625.609336
-0.519893,200,3626.474893
-129.201979,200,3627.338264
-228.694653,200,3628.336847
-126.117003,200,3629.192995
-1.060917,200,3630.034291
-217.293788,200,3630.889735
-0.601422,200,3631.889287
-0.85055,200,3632.736999
-219.887936,200,3633.573171
-117.631927,200,3634.407598
-224.68575,200,3635.25441
-228.217712,200,3636.087465
-122.30339,200,3637.049967
-124.897691,200,3637.888783
-0.696504,200,3638.721846
-1.063784,200,3639.561724
-123.655526,200,3640.713399
-231.411987,200,3641.56791
-118.82437,200,3642.398462
-120.644029,200,3643.288537
-231.148281,200,3644.177542
-121.799944,200,3645.023564
-129.943087,200,3645.993176
-123.408777,200,3646.852027
-123.237335,200,3647.733045
-123.234084,200,3648.670239
-231.063091,200,3649.742518
-217.495781,200,3650.618781
-123.8347,200,3651.474762
-125.577882,200,3652.36723
-116.650773,200,3653.2615
-223.767594,200,3654.202995
-126.682054,200,3655.199243
-290.457872,200,3656.07819
-122.130936,200,3656.969377
-115.115158,200,3657.880979
-120.61136,200,3659.002868
-128.518968,200,3659.960388
-2.47237,200,3660.850855
-0.594552,200,3661.704084
-122.181426,200,3662.536757
-115.431,200,3663.369261
-125.496335,200,3664.327874
-125.200027,200,3665.166062
-221.750327,200,3665.998573
-125.200821,200,3666.883003
-127.612888,200,3667.969065
-253.600603,200,3668.821767
-128.478733,200,3669.685066
-122.821412,200,3670.620053
-114.278474,200,3671.498021
-125.541996,200,3672.388443
-235.315299,200,3673.384677
-122.692033,200,3674.328328
-252.039761,200,3675.195097
-120.581487,200,3676.077648
-126.939637,200,3677.115941
-1.525197,200,3677.981127
-117.45773,200,3678.837922
-226.806248,200,3679.701099
-251.764666,200,3680.551781
-123.708444,200,3681.391919
-118.843254,200,3682.375147
-247.859468,200,3683.235675
-116.752215,200,3684.086325
-241.38224,200,3684.941293
-128.351285,200,3686.036862
-125.442578,200,3686.922823
-120.187862,200,3687.802525
-119.576159,200,3688.668236
-239.066958,200,3689.502182
-121.728738,200,3690.346442
-2.117641,200,3691.324381
-128.871304,200,3692.170084
-229.834748,200,3693.022198
-231.52665,200,3693.860102
-119.629245,200,3694.799786
-125.569016,200,3695.765162
-119.941894,200,3696.602039
-1.332574,200,3697.434166
-126.966077,200,3698.265352
-225.19839,200,3699.096671
-121.005189,200,3700.057693
-118.820973,200,3700.894592
-118.107091,200,3701.725291
-251.429216,200,3702.566102
-233.61703,200,3703.618514
-121.045842,200,3704.462642
-122.575316,200,3705.294319
-227.699273,200,3706.126136
-114.911305,200,3706.956179
-231.705483,200,3707.800193
-255.121437,200,3708.779775
-120.633937,200,3709.62155
-127.877128,200,3710.458979
-124.391469,200,3711.397134
-225.948562,200,3712.388159
-121.42354,200,3713.346242
-116.000606,200,3714.202368
-119.216451,200,3715.039649
-0.849763,200,3715.875407
-2.041606,200,3716.708204
-121.452326,200,3717.670286
-123.893138,200,3718.510361
-223.442514,200,3719.349328
-119.238054,200,3720.181807
-235.599892,200,3721.244215
-119.375395,200,3722.083983
-0.882447,200,3722.920138
-114.697272,200,3723.760656
-229.866071,200,3724.62153
-116.95427,200,3725.464577
-118.034533,200,3726.429403
-126.781599,200,3727.267649
-1.22441,200,3728.099107
-123.010492,200,3728.931782
-1.285006,200,3729.913682
-129.36525,200,3730.75802
-115.437988,200,3731.589506
-124.295535,200,3732.41834
-0.984922,200,3733.252819
-119.391307,200,3734.083921
-225.820911,200,3735.046142
-273.004082,200,3735.88364
-125.52207,200,3736.714801
-114.532274,200,3737.546681
-220.893606,200,3738.640909
-1.389619,200,3739.477598
-120.843662,200,3740.311198
-256.049565,200,3741.157877
-1.6313,200,3741.990199
-117.617283,200,3742.821495
-120.250839,200,3743.790356
-217.564178,200,3744.63062
-121.588858,200,3745.465789
-231.43928,200,3746.30334
-125.686475,200,3747.326385
-284.290072,200,3748.193877
-115.347318,200,3749.252812
-2.336972,200,3750.108574
-126.001399,200,3750.957382
-255.793462,200,3751.800563
-129.754029,200,3752.798066
-120.065205,200,3753.642348
-119.104682,200,3754.475705
-120.516889,200,3755.32505
-114.585358,200,3756.342662
-119.072882,200,3757.193948
-119.27718,200,3758.029765
-116.90486,200,3758.973857
-243.234593,200,3759.832887
-127.614731,200,3760.710565
-236.697094,200,3761.722345
-231.203562,200,3762.635413
-119.919024,200,3763.540429
-124.731078,200,3764.454197
-121.722158,200,3765.55563
-218.623597,200,3766.394491
-1.920487,200,3767.2311
-224.92172,200,3768.065892
-120.682012,200,3768.8995
-231.043827,200,3769.732781
-236.220548,200,3770.697138
-118.625606,200,3771.545807
-125.524228,200,3772.378281
-4.256567,200,3773.222432
-229.88875,200,3774.268868
-232.107844,200,3775.136373
-305.372355,200,3775.96879
-126.96084,200,3776.80089
-237.313794,200,3777.632522
-120.514953,200,3778.465902
-117.592325,200,3779.433075
-120.069312,200,3780.272155
-229.756533,200,3781.121705
-125.252149,200,3782.084084
-125.527687,200,3783.031106
-119.430962,200,3783.913148
-2.077003,200,3784.769396
-120.811256,200,3785.616129
-226.427729,200,3786.47207
-123.892265,200,3787.330879
-123.163465,200,3788.367168
-231.132346,200,3789.213036
-128.931746,200,3790.059101
-126.784396,200,3791.029744
-128.522549,200,3792.022148
-1.928357,200,3792.9059
-232.20208,200,3793.817683
-228.3622,200,3794.726222
-219.704023,200,3795.604553
-123.821467,200,3796.46417
-122.426671,200,3797.458495
-232.70376,200,3798.320427
-118.570367,200,3799.154167
-117.794787,200,3799.986543
-128.29718,200,3800.997298
-0.933608,200,3801.830922
-264.694485,200,3802.665806
-122.89384,200,3803.500037
-235.186203,200,3804.331031
-120.807004,200,3805.162878
-117.52547,200,3806.124338
-234.95159,200,3806.964557
-117.147834,200,3807.799966
-120.958783,200,3808.638034
-123.67024,200,3809.694685
-117.699846,200,3810.530926
-128.415185,200,3811.366469
-121.52557,200,3812.199951
-126.846051,200,3813.048441
-118.546676,200,3813.88408
-118.841787,200,3814.849009
-113.927882,200,3815.744233
-243.479654,200,3816.577135
-240.28246,200,3817.435482
-252.884867,200,3818.403676
-224.696054,200,3819.236732
-126.901344,200,3820.06984
-130.697537,200,3820.901406
-128.892992,200,3821.732036
-127.082888,200,3822.560373
-124.937493,200,3823.521934
-120.15018,200,3824.359737
-125.510526,200,3825.196384
-223.447345,200,3826.031238
-119.852744,200,3827.081345
-239.415344,200,3827.916505
-125.674042,200,3828.748774
-236.679976,200,3829.580214
-118.805862,200,3830.413371
-119.760627,200,3831.257612
-126.050898,200,3832.226458
-125.54022,200,3833.073881
-123.38035,200,3833.906627
-122.877181,200,3834.787498
-225.742397,200,3835.976112
-128.314375,200,3836.816506
-2.096231,200,3837.669701
-222.58751,200,3838.519623
-228.914549,200,3839.364749
-124.949145,200,3840.216511
-1.289362,200,3841.196774
-126.76231,200,3842.087646
-230.362038,200,3842.943021
-121.780205,200,3843.800753
-118.693851,200,3844.707215
-117.717518,200,3845.63148
-227.363479,200,3846.489167
-243.417116,200,3847.447183
-125.331916,200,3848.521969
-124.418361,200,3849.680215
-120.38244,200,3850.647783
-218.164402,200,3851.487136
-123.822223,200,3852.319058
-126.618725,200,3853.164534
-3.424795,200,3854.19511
-243.164465,200,3855.03075
-121.9886,200,3855.863211
-226.892196,200,3856.706252
-221.139526,200,3857.570854
-119.006898,200,3858.421112
-122.393793,200,3859.411893
-0.795048,200,3860.252061
-125.545604,200,3861.118929
-1.417362,200,3862.037603
-237.131539,200,3863.079733
-116.009506,200,3863.924933
-119.621557,200,3864.767003
-117.925724,200,3865.607809
-120.898611,200,3866.452875
-2.843952,200,3867.312746
-129.856336,200,3868.284264
-355.403465,200,3869.132425
-120.020352,200,3869.980509
-127.442193,200,3870.829254
-118.64189,200,3871.907562
-237.951818,200,3872.760749
-121.750532,200,3873.608827
-235.287945,200,3874.462573
-120.236102,200,3875.298113
-124.750681,200,3876.137101
-113.525313,200,3877.097644
-242.771732,200,3877.943835
-127.615008,200,3878.78674
-130.196483,200,3879.643776
-221.058621,200,3880.657016
-122.619691,200,3881.490803
-129.394255,200,3882.32213
-126.641249,200,3883.152448
-223.892483,200,3883.982713
-124.967152,200,3884.812722
-235.505131,200,3885.773538
-298.250151,200,3886.632579
-1.089145,200,3887.476854
-222.443588,200,3888.442355
-223.692393,200,3889.533171
-124.389412,200,3890.370242
-115.237741,200,3891.231252
-1.492392,200,3892.073243
-120.076822,200,3892.924405
-1.536584,200,3893.84379
-236.447204,200,3894.837088
-118.492014,200,3895.709453
-124.923196,200,3896.547191
-119.907818,200,3897.404674
-115.98058,200,3898.404703
-118.949793,200,3899.259521
-1.03979,200,3900.108227
-253.008816,200,3900.963012
-1.412279,200,3901.794756
-2.432049,200,3902.64234
-122.512947,200,3903.613992
-123.97058,200,3904.462938
-122.226359,200,3905.322809
-117.494505,200,3906.165948
-124.813523,200,3907.241215
-120.997679,200,3908.133821
-1.630277,200,3909.013543
-0.990246,200,3909.866613
-121.643137,200,3910.740604
-114.797019,200,3911.611002
-124.277187,200,3912.609285
-119.495776,200,3913.507683
-116.215044,200,3914.393258
-0.769788,200,3915.29696
-119.20747,200,3916.343665
-119.773468,200,3917.196948
-370.524491,200,3918.061241
-229.607873,200,3918.957365
-221.531273,200,3919.822892
-118.488931,200,3920.691519
-122.603177,200,3921.671317
-118.046188,200,3922.510295
-120.059629,200,3923.349707
-223.377118,200,3924.205145
-114.445217,200,3925.247083
-1.334081,200,3926.092006
-130.007453,200,3926.933348
-118.406197,200,3927.763624
-114.527571,200,3928.592239
-126.028224,200,3929.423396
-219.094481,200,3930.386497
-2.065907,200,3931.227882
-229.645351,200,3932.059419
-220.187029,200,3932.905792
-119.924445,200,3933.956952
-1.010921,200,3934.791551
-0.852983,200,3935.628514
-117.862481,200,3936.464527
-114.590111,200,3937.297304
-119.243934,200,3938.129163
-1.671699,200,3939.098391
-116.783552,200,3939.937289
-0.717464,200,3940.770297
-280.482369,200,3941.614265
-122.766676,200,3942.655923
-3.805303,200,3943.525231
-225.946757,200,3944.359039
-239.388228,200,3945.191529
-115.921091,200,3946.0239
-114.701616,200,3946.854795
-128.558355,200,3947.97716
-125.385504,200,3948.840488
-221.676104,200,3949.687329
-234.387622,200,3950.613213
-119.497382,200,3951.708505
-123.672093,200,3952.549867
-0.900353,200,3953.392073
-222.712622,200,3954.223393
-118.580787,200,3955.053831
-115.484598,200,3955.884072
-1.376181,200,3956.850582
-122.62687,200,3957.690375
-126.418266,200,3958.524973
-120.089529,200,3959.359029
-127.410935,200,3960.418293
-124.035338,200,3961.25706
-126.032512,200,3962.091373
-1.438229,200,3962.931884
-1.415123,200,3963.768229
-222.363769,200,3964.602123
-126.211855,200,3965.57496
-230.982229,200,3966.420022
-235.484793,200,3967.254871
-258.398586,200,3968.088726
-120.734029,200,3968.92421
-221.439992,200,3969.9209
-120.805068,200,3970.850535
-226.654361,200,3971.84838
-120.482653,200,3972.684541
-119.981211,200,3973.524434
-309.612396,200,3974.487379
-125.346977,200,3975.32665
-115.879323,200,3976.158386
-227.517174,200,3976.99166
-0.92622,200,3977.821684
-115.225873,200,3978.7707
-121.535878,200,3979.712696
-232.567906,200,3980.545679
-1.512555,200,3981.390641
-316.308213,200,3982.223371
-124.26926,200,3983.184436
-1.470202,200,3984.022427
-1.850711,200,3984.853126
-233.187899,200,3985.682931
-119.759201,200,3986.667683
-0.934642,200,3987.524004
-1.611685,200,3988.357977
-126.753506,200,3989.191936
-0.934521,200,3990.028333
-259.627221,200,3990.86644
-113.600776,200,3991.831923
-250.106087,200,3992.676419
-124.734287,200,3993.520453
-116.545622,200,3994.354455
-0.896088,200,3995.407115
-221.852386,200,3996.243938
-0.716906,200,3997.075879
-117.072818,200,3997.908079
-116.964283,200,3998.740225
-117.908629,200,3999.571194
-116.847473,200,4000.533964
-229.465863,200,4001.372633
-224.378117,200,4002.215176
-119.04861,200,4003.070938
-117.734482,200,4004.060279
-122.448347,200,4004.898963
-123.508205,200,4005.737015
-232.571934,200,4006.572455
-118.956956,200,4007.412904
-257.034766,200,4008.247095
-239.29378,200,4009.208458
-120.53099,200,4010.046116
-127.28545,200,4010.887755
-240.367589,200,4011.723365
-225.767422,200,4012.796328
-116.331742,200,4013.632224
-122.98809,200,4014.467102
-114.427448,200,4015.309913
-126.129871,200,4016.147941
-248.817193,200,4016.983006
-124.952462,200,4017.955517
-222.404974,200,4018.795243
-118.824957,200,4019.64037
-124.496573,200,4020.473769
-118.214641,200,4021.482595
-117.741574,200,4022.325816
-125.482278,200,4023.170784
-121.871674,200,4024.006567
-226.876251,200,4024.850882
-124.881885,200,4025.6901
-126.3266,200,4026.664586
-231.759017,200,4027.523718
-226.289335,200,4028.365718
-119.496211,200,4029.227309
-225.305733,200,4030.283779
-221.812815,200,4031.185928
-118.848421,200,4032.043144
-115.949499,200,4032.896014
-118.22703,200,4033.733375
-237.655994,200,4034.611052
-228.694512,200,4035.584064
-226.982992,200,4036.433432
-120.84555,200,4037.280989
-127.670898,200,4038.157556
-4.243475,200,4039.231535
-263.585712,200,4040.093587
-122.007741,200,4040.961583
-125.908262,200,4041.832609
-4.668701,200,4042.688708
-119.672308,200,4043.567591
-231.787543,200,4044.543264
-221.711483,200,4045.382059
-243.248904,200,4046.228145
-119.048415,200,4047.210806
-120.841749,200,4048.204669
-239.394581,200,4049.061885
-224.330279,200,4049.898486
-123.67238,200,4050.746968
-129.776739,200,4051.755979
-222.178343,200,4052.608909
-126.425411,200,4053.570456
-118.259119,200,4054.400451
-118.713896,200,4055.22272
-127.621728,200,4056.06603
-227.326151,200,4057.094718
-126.878209,200,4057.953757
-234.603069,200,4058.784784
-121.727017,200,4059.61623
-222.679211,200,4060.456472
-219.583597,200,4061.304028
-220.692289,200,4062.28209
-119.139321,200,4063.131913
-246.624357,200,4064.738416
-116.682215,200,4066.504478
-0.629684,200,4067.63357
-127.143434,200,4068.510716
-0.705228,200,4069.373316
-120.791254,200,4070.22388
-120.615084,200,4071.09757
-117.597351,200,4071.958408
-123.673959,200,4073.042402
-118.338734,200,4073.988071
-218.626781,200,4074.861941
-124.540627,200,4075.794016
-122.487847,200,4076.816167
-124.723497,200,4077.744207
-1.494985,200,4078.596445
-125.031416,200,4079.47195
-233.397529,200,4080.35048
-222.046554,200,4081.203248
-120.097488,200,4082.299594
-117.872619,200,4083.163213
-1.858856,200,4084.033591
-230.713006,200,4084.924289
-113.88946,200,4085.938446
-123.110862,200,4086.877743
-1.071731,200,4087.74837
-117.010457,200,4088.709785
-227.767851,200,4089.626376
-0.90327,200,4090.488343
-124.027629,200,4091.45779
-222.22582,200,4092.296574
-131.445298,200,4093.136508
-121.621257,200,4093.968279
-127.493931,200,4095.119713
-1.350373,200,4095.972498
-127.310271,200,4096.909562
-114.873874,200,4097.766055
-238.432795,200,4098.696434
-118.025002,200,4099.549266
-124.715097,200,4100.587092
-1.084108,200,4101.452818
-1.796928,200,4102.325506
-224.166008,200,4103.184864
-120.268363,200,4104.253555
-284.640189,200,4105.090147
-223.77982,200,4105.923068
-114.464226,200,4106.798671
-119.065864,200,4107.661841
-124.828332,200,4108.52997
-120.100558,200,4109.506174
-122.613967,200,4110.371771
-1.116844,200,4111.230676
-119.824341,200,4112.095039
-124.480589,200,4113.115029
-115.583385,200,4114.013813
-120.06519,200,4114.867287
-125.220007,200,4115.729248
-0.60743,200,4116.576613
-117.529627,200,4117.424357
-114.722888,200,4118.395795
-119.106437,200,4119.245494
-236.469151,200,4120.100838
-231.956534,200,4120.963027
-117.343622,200,4122.027521
-0.666622,200,4122.874328
-120.384277,200,4123.717621
-238.123272,200,4124.568491
-0.652891,200,4125.419809
-0.843986,200,4126.27953
-1.479893,200,4127.263235
-0.69839,200,4128.22961
-119.128207,200,4129.121755
-245.662083,200,4130.126771
-231.364036,200,4131.119874
-124.667704,200,4132.183781
-121.402024,200,4133.102634
-254.810584,200,4133.972201
-225.662019,200,4134.831665
-219.660891,200,4135.683545
-122.452876,200,4136.671427
-127.306334,200,4137.518682
-121.822458,200,4138.366446
-114.012562,200,4139.211634
-122.167225,200,4140.184835
-119.503184,200,4141.213712
-227.056394,200,4142.084254
-236.761154,200,4142.938087
-121.185547,200,4143.792565
-117.186505,200,4144.625162
-120.21975,200,4145.590497
-119.075322,200,4146.447139
-0.496252,200,4147.291785
-225.847123,200,4148.166495
-123.105998,200,4149.358789
-114.936589,200,4150.293046
-122.661471,200,4151.149016
-118.464677,200,4151.982281
-118.001089,200,4152.824153
-115.1708,200,4153.656752
-0.442247,200,4154.620754
-0.716648,200,4155.459014
-119.227887,200,4156.291399
-0.400651,200,4157.12432
-130.655971,200,4158.166737
-119.642798,200,4159.008818
-301.214639,200,4159.841563
-1.055056,200,4160.673686
-119.672736,200,4161.520537
-124.225379,200,4162.355985
-127.525491,200,4163.319759
-1.524115,200,4164.158484
-120.317398,200,4164.991426
-125.365661,200,4165.824592
-305.624366,200,4166.821663
-238.230144,200,4167.656968
-1.00117,200,4168.493601
-0.933956,200,4169.328302
-0.752827,200,4170.160703
-263.803234,200,4170.992157
-223.699632,200,4171.953941
-121.108708,200,4172.802647
-120.793875,200,4173.634188
-118.733497,200,4174.465819
-120.787248,200,4175.520923
-122.471096,200,4176.35613
-118.068722,200,4177.191337
-229.662497,200,4178.026238
-119.455327,200,4178.857351
-225.80863,200,4179.688167
-124.192198,200,4180.651091
-245.220537,200,4181.489175
-126.885933,200,4182.319971
-1.472043,200,4183.182196
-114.303658,200,4184.15586
-121.536752,200,4185.006068
-117.651078,200,4185.841981
-120.728997,200,4186.675214
-222.002981,200,4187.508495
-223.741178,200,4188.339075
-113.246401,200,4189.310424
-122.948048,200,4190.153288
-123.371289,200,4190.999186
-124.419393,200,4191.838002
-124.913351,200,4192.929316
-124.851035,200,4193.864463
-234.457222,200,4194.931186
-122.776318,200,4195.829954
-120.882836,200,4196.664236
-2.563586,200,4197.497925
-117.26542,200,4198.474104
-117.16575,200,4199.356803
-223.740751,200,4200.191528
-126.354245,200,4201.021466
-244.473474,200,4202.050505
-226.755247,200,4202.884388
-115.582861,200,4203.718417
-118.889389,200,4204.552176
-116.695922,200,4205.384245
-120.803011,200,4206.216833
-229.656097,200,4207.177131
-119.515069,200,4208.01741
-221.229669,200,4208.85047
-247.533435,200,4209.726959
-119.191058,200,4210.780567
-238.140532,200,4211.623356
-127.178766,200,4212.462136
-220.626119,200,4213.305784
-124.865385,200,4214.137906
-237.220957,200,4214.986442
-1.926505,200,4215.966816
-125.333382,200,4216.819205
-117.160339,200,4217.680524
-125.23075,200,4218.544481
-123.903263,200,4219.537238
-119.343274,200,4220.370245
-117.933382,200,4221.249548
-222.512005,200,4222.089986
-231.782081,200,4222.932252
-284.800786,200,4223.784799
-0.846169,200,4224.768035
-125.013221,200,4225.690619
-1.849585,200,4226.524153
-306.604561,200,4227.389158
-118.608013,200,4228.410329
-239.691638,200,4229.245062
-291.765649,200,4230.078612
-125.33794,200,4230.910059
-126.886614,200,4231.74072
-267.210681,200,4232.571821
-221.341932,200,4233.542328
-123.231603,200,4234.399081
-118.757126,200,4235.331843
-223.993134,200,4236.198283
-122.069279,200,4237.273849
-126.881641,200,4238.119767
-124.797469,200,4238.981825
-267.696493,200,4239.815877
-126.561932,200,4240.646817
-126.189292,200,4241.484185
-123.656965,200,4242.448955
-124.849251,200,4243.287188
-121.675646,200,4244.16385
-126.249888,200,4245.041686
-117.880784,200,4246.134083
-115.352216,200,4246.991242
-121.546238,200,4247.826731
-246.007884,200,4248.659302
-307.142504,200,4249.490163
-234.333858,200,4250.324697
-120.902621,200,4251.316254
-121.18657,200,4252.223566
-237.245014,200,4253.068198
-226.937007,200,4253.957355
-123.311914,200,4254.92358
-222.576505,200,4255.762331
-221.835149,200,4256.596253
-126.13758,200,4257.442539
-119.513995,200,4258.285377
-118.728938,200,4259.128155
-221.691567,200,4260.096932
-120.848049,200,4260.943194
-119.520087,200,4261.786188
-115.063372,200,4262.718926
-122.85616,200,4263.7002
-120.197115,200,4264.537763
-119.868581,200,4265.377558
-122.594763,200,4266.220144
-231.101907,200,4267.054631
-128.475212,200,4267.897417
-128.091801,200,4268.926149
-0.435285,200,4269.773656
-126.699471,200,4270.636115
-114.068542,200,4271.486674
-295.525209,200,4272.554842
-125.453688,200,4273.402703
-114.273833,200,4274.31777
-127.628868,200,4275.209035
-126.186096,200,4276.133217
-119.945591,200,4276.978001
-251.326892,200,4277.947332
-375.743604,200,4278.790598
-117.979901,200,4279.636308
-128.814163,200,4280.541466
-126.339715,200,4281.51304
-2.017031,200,4282.363222
-115.857533,200,4283.262158
-126.124734,200,4284.108994
-220.74585,200,4284.94935
-293.526518,200,4285.80036
-117.162823,200,4286.850286
-116.526769,200,4287.691577
-118.573007,200,4288.52416
-223.402411,200,4289.36086
-121.788997,200,4290.424723
-242.393271,200,4291.278582
-127.478087,200,4292.137244
-0.749247,200,4292.991271
-114.245993,200,4293.837434
-0.946406,200,4294.680992
-220.494245,200,4295.665527
-120.224044,200,4296.505739
-117.871538,200,4297.33763
-126.53652,200,4298.197928
-114.280571,200,4299.246619
-248.097101,200,4300.086204
-0.607205,200,4300.92805
-120.120133,200,4301.784844
-118.642664,200,4302.679131
-116.657239,200,4303.517085
-118.847781,200,4304.524863
-117.455957,200,4305.369837
-0.417329,200,4306.210803
-0.902161,200,4307.126502
-221.949414,200,4308.12368
-1.321919,200,4309.000326
-230.179511,200,4309.887379
-245.278146,200,4310.771329
-119.18233,200,4311.683772
-216.152437,200,4312.571688
-237.418301,200,4313.629303
-124.57637,200,4314.514831
-228.589985,200,4315.398369
-127.679044,200,4316.346633
-124.376192,200,4317.401661
-119.745254,200,4318.236752
-115.733875,200,4319.077376
-117.760045,200,4319.909323
-116.880137,200,4320.740707
-125.871091,200,4321.572531
-124.509045,200,4322.539805
-127.26952,200,4323.376932
-229.468276,200,4324.209786
-229.560459,200,4325.039519
-119.882678,200,4326.067467
-234.668488,200,4326.902917
-123.247076,200,4327.765207
-2.071461,200,4328.598666
-129.926004,200,4329.430536
-121.243373,200,4330.262685
-219.973566,200,4331.223439
-119.50109,200,4332.061274
-126.414721,200,4332.902439
-228.467512,200,4333.737883
-117.158392,200,4334.783452
-120.886865,200,4335.621126
-1.004418,200,4336.456741
-2.182611,200,4337.289852
-222.600327,200,4338.131613
-221.865135,200,4338.96381
-117.111642,200,4339.923727
-116.179305,200,4340.761948
-124.711971,200,4341.615867
-117.117148,200,4342.449427
-127.326187,200,4343.509884
-113.675797,200,4344.34415
-125.168321,200,4345.176958
-225.31602,200,4346.010284
-123.028257,200,4346.856013
-125.324169,200,4347.706441
-118.651535,200,4348.695759
-226.738185,200,4349.552674
-236.972507,200,4350.401676
-120.270042,200,4351.234071
-235.09137,200,4352.231462
-1.386077,200,4353.078352
-221.705885,200,4353.907994
-224.566112,200,4354.738098
-228.904872,200,4355.620734
-127.624876,200,4356.456241
-229.395449,200,4357.458198
-118.645301,200,4358.326211
-0.451462,200,4359.201349
-118.465977,200,4360.086116
-114.739922,200,4361.179565
-116.660476,200,4362.099905
-359.136834,200,4362.99915
-119.167993,200,4363.9042
-126.349913,200,4364.783373
-0.541177,200,4365.71579
-0.396077,200,4366.837108
-0.349196,200,4367.683906
-122.133312,200,4368.618404
-238.645402,200,4369.502587
-116.51954,200,4370.522382
-220.937961,200,4371.403043
-248.588063,200,4372.263339
-115.168876,200,4373.127346
-223.090239,200,4373.97812
-229.882557,200,4374.818841
-124.035472,200,4375.798114
-2.633072,200,4376.647786
-122.860811,200,4377.50667
-120.995414,200,4378.435612
-222.454528,200,4379.729308
-227.229393,200,4380.62153
-220.65111,200,4381.45906
-224.977732,200,4382.289922
-2.07518,200,4383.121103
-118.764712,200,4383.97486
-123.593637,200,4384.935857
-226.764435,200,4385.772918
-115.826846,200,4386.603433
-127.236756,200,4387.43185
-230.801729,200,4388.263899
-287.237238,200,4389.088824
-119.305942,200,4389.916721
-242.460305,200,4390.756919
-118.612953,200,4391.873555
-125.413444,200,4392.839515
-120.023319,200,4393.819893
-117.204881,200,4394.67826
-224.421139,200,4395.581919
-221.39907,200,4396.433586
-230.54261,200,4397.271237
-120.238533,200,4398.224394
-114.097972,200,4399.158219
-124.647107,200,4399.992874
-117.01518,200,4400.855517
-118.533228,200,4401.766172
-116.911616,200,4402.823322
-129.997568,200,4403.766334
-126.458696,200,4404.631007
-228.433102,200,4405.482466
-217.528732,200,4406.326647
-121.150611,200,4407.170928
-117.213917,200,4408.086077
-117.154655,200,4408.995339
-280.174278,200,4409.867936
-126.993632,200,4410.809862
