#{"t_start": 1789044864.100634, "env_id": "CartPole-v1"}
r,l,t
11.0,11,0.002546
22.0,22,0.003138
19.0,19,0.003637
20.0,20,0.004183
13.0,13,0.004586
17.0,17,0.005041
15.0,15,0.008041
21.0,21,0.011429
16.0,16,0.013966
12.0,12,0.015854
12.0,12,0.017608
50.0,50,0.024915
16.0,16,0.027213
16.0,16,0.029458
14.0,14,0.031709
37.0,37,0.036841
58.0,58,0.045407
13.0,13,0.047112
10.0,10,0.048291
21.0,21,0.051559
13.0,13,0.053354
10.0,10,0.054534
21.0,21,0.05783
18.0,18,0.060129
14.0,14,0.062402
10.0,10,0.063593
16.0,16,0.065887
19.0,19,0.068848
11.0,11,0.07055
20.0,20,0.074114
24.0,24,0.077463
21.0,21,0.080337
11.0,11,0.082013
31.0,31,0.085992
31.0,31,0.090555
49.0,49,0.097243
33.0,33,0.102199
17.0,17,0.104454
38.0,38,0.109534
24.0,24,0.11287
20.0,20,0.115661
40.0,40,0.121241
13.0,13,0.123381
24.0,24,0.126746
16.0,16,0.128995
56.0,56,0.136694
11.0,11,0.137891
10.0,10,0.139502
21.0,21,0.142323
41.0,41,0.147906
83.0,83,0.159423
41.0,41,0.16509
12.0,12,0.166806
10.0,10,0.168434
12.0,12,0.170126
19.0,19,0.172895
38.0,38,0.177967
13.0,13,0.179715
10.0,10,0.181334
23.0,23,0.184698
15.0,15,0.186479
28.0,28,0.190577
13.0,13,0.192811
25.0,25,0.196176
22.0,22,0.199037
47.0,47,0.205754
28.0,28,0.209671
19.0,19,0.212424
16.0,16,0.214661
15.0,15,0.216849
11.0,11,0.218048
17.0,17,0.220714
22.0,22,0.22356
36.0,36,0.228507
39.0,39,0.233963
14.0,14,0.235679
15.0,15,0.237893
28.0,28,0.241742
10.0,10,0.243412
44.0,44,0.249476
46.0,46,0.255574
21.0,21,0.258427
44.0,44,0.264525
16.0,16,0.266736
21.0,21,0.270061
29.0,29,0.273984
29.0,29,0.284546
43.0,43,0.291554
26.0,26,0.295264
14.0,14,0.297524
8.0,8,0.298669
18.0,18,0.300978
13.0,13,0.303321
21.0,21,0.306114
45.0,45,0.31227
21.0,21,0.315089
11.0,11,0.316766
24.0,24,0.320234
23.0,23,0.323529
27.0,27,0.32734
9.0,9,0.328506
68.0,68,0.338024
15.0,15,0.340226
19.0,19,0.342517
12.0,12,0.344189
14.0,14,0.346355
22.0,22,0.349163
11.0,11,0.350865
16.0,16,0.353147
11.0,11,0.354909
27.0,27,0.358791
16.0,16,0.361053
21.0,21,0.363883
34.0,34,0.368296
18.0,18,0.371053
28.0,28,0.374885
24.0,24,0.378251
13.0,13,0.379939
12.0,12,0.381581
16.0,16,0.383758
11.0,11,0.385414
17.0,17,0.387728
27.0,27,0.391626
34.0,34,0.396178
40.0,40,0.401705
17.0,17,0.404393
16.0,16,0.406599
12.0,12,0.408261
27.0,27,0.41167
16.0,16,0.413934
14.0,14,0.416072
15.0,15,0.418227
24.0,24,0.421541
25.0,25,0.424845
40.0,40,0.430524
30.0,30,0.434418
14.0,14,0.4367
19.0,19,0.439481
15.0,15,0.441311
21.0,21,0.445631
17.0,17,0.447997
13.0,13,0.449685
20.0,20,0.4525
11.0,11,0.454137
12.0,12,0.455961
18.0,18,0.458289
12.0,12,0.460072
19.0,19,0.462912
36.0,36,0.467903
11.0,11,0.469543
17.0,17,0.471796
12.0,12,0.473468
14.0,14,0.475654
29.0,29,0.479597
21.0,21,0.482434
11.0,11,0.484101
14.0,14,0.485889
17.0,17,0.488617
21.0,21,0.49139
14.0,14,0.493219
13.0,13,0.495439
15.0,15,0.49719
19.0,19,0.499922
21.0,21,0.502763
10.0,10,0.504396
19.0,19,0.50721
20.0,20,0.510012
21.0,21,0.512988
19.0,19,0.51574
26.0,26,0.5192
51.0,51,0.526429
32.0,32,0.530874
25.0,25,0.53422
28.0,28,0.538163
23.0,23,0.541459
24.0,24,0.544798
13.0,13,0.546502
22.0,22,0.549811
36.0,36,0.554747
17.0,17,0.556971
22.0,22,0.559837
22.0,22,0.563122
53.0,53,0.574782
15.0,15,0.577101
17.0,17,0.579469
73.0,73,0.589847
9.0,9,0.591516
45.0,45,0.597743
15.0,15,0.60006
13.0,13,0.601766
25.0,25,0.605188
20.0,20,0.607962
22.0,22,0.611258
24.0,24,0.614656
25.0,25,0.618178
27.0,27,0.622082
33.0,33,0.626603
12.0,12,0.628257
38.0,38,0.633233
16.0,16,0.635583
18.0,18,0.638405
11.0,11,0.640039
13.0,13,0.641755
15.0,15,0.644019
45.0,45,0.650177
36.0,36,0.65513
19.0,19,0.657968
19.0,19,0.660403
23.0,23,0.663849
17.0,17,0.666089
9.0,9,0.669424
21.0,21,0.672324
19.0,19,0.67523
14.0,14,0.677036
12.0,12,0.678874
21.0,21,0.681868
9.0,9,0.68349
12.0,12,0.685139
29.0,29,0.69005
37.0,37,0.696178
17.0,17,0.698649
21.0,21,0.70199
56.0,56,0.71082
9.0,9,0.712424
16.0,16,0.714708
26.0,26,0.718279
29.0,29,0.722806
28.0,28,0.726795
15.0,15,0.7286
14.0,14,0.730831
22.0,22,0.733787
19.0,19,0.73667
21.0,21,0.739481
19.0,19,0.742285
27.0,27,0.746202
23.0,23,0.74961
18.0,18,0.752
12.0,12,0.75367
15.0,15,0.755867
16.0,16,0.758139
20.0,20,0.76092
17.0,17,0.763155
10.0,10,0.764821
12.0,12,0.766531
11.0,11,0.767861
16.0,16,0.770062
22.0,22,0.773361
14.0,14,0.775117
30.0,30,0.779616
17.0,17,0.782046
72.0,72,0.792164
16.0,16,0.794488
27.0,27,0.798463
26.0,26,0.802053
62.0,62,0.811091
12.0,12,0.812868
10.0,10,0.814203
18.0,18,0.817168
14.0,14,0.818916
33.0,33,0.823849
9.0,9,0.825011
20.0,20,0.827861
12.0,12,0.829634
11.0,11,0.831295
14.0,14,0.833038
13.0,13,0.834798
14.0,14,0.837014
12.0,12,0.838722
22.0,22,0.841706
15.0,15,0.843965
16.0,16,0.846254
10.0,10,0.847937
13.0,13,0.849699
25.0,25,0.853258
11.0,11,0.85497
21.0,21,0.857828
12.0,12,0.863246
27.0,27,0.867666
17.0,17,0.870657
41.0,41,0.876743
16.0,16,0.879014
14.0,14,0.881353
14.0,14,0.883216
18.0,18,0.886101
18.0,18,0.888568
27.0,27,0.892588
20.0,20,0.895513
10.0,10,0.89714
29.0,29,0.901179
16.0,16,0.903455
16.0,16,0.905716
13.0,13,0.907474
8.0,8,0.908621
19.0,19,0.911408
17.0,17,0.913683
18.0,18,0.9165
24.0,24,0.919974
23.0,23,0.922857
30.0,30,0.927359
72.0,72,0.937624
33.0,33,0.942153
49.0,49,0.948911
37.0,37,0.95429
12.0,12,0.95595
25.0,25,0.95937
19.0,19,0.962163
34.0,34,0.966671
34.0,34,0.971685
26.0,26,0.975137
18.0,18,0.977947
15.0,15,0.979687
10.0,10,0.98131
26.0,26,0.984845
53.0,53,0.992521
12.0,12,0.994176
13.0,13,0.995923
17.0,17,0.998304
14.0,14,1.000553
25.0,25,1.00391
16.0,16,1.006099
18.0,18,1.008435
30.0,30,1.013067
14.0,14,1.014919
16.0,16,1.017251
19.0,19,1.020093
19.0,19,1.022813
13.0,13,1.024562
16.0,16,1.026879
17.0,17,1.029149
18.0,18,1.032006
16.0,16,1.034209
10.0,10,1.035435
16.0,16,1.037718
25.0,25,1.041831
16.0,16,1.044147
24.0,24,1.047511
17.0,17,1.049925
22.0,22,1.05276
13.0,13,1.055036
19.0,19,1.057341
12.0,12,1.05908
16.0,16,1.06128
12.0,12,1.062996
16.0,16,1.065255
13.0,13,1.067416
22.0,22,1.0704
19.0,19,1.073161
30.0,30,1.077109
14.0,14,1.079333
49.0,49,1.086007
9.0,9,1.087323
14.0,14,1.089518
19.0,19,1.092251
18.0,18,1.094581
16.0,16,1.097056
14.0,14,1.0994
26.0,26,1.103098
11.0,11,1.104884
19.0,19,1.107664
17.0,17,1.110027
19.0,19,1.112775
12.0,12,1.114478
21.0,21,1.117294
20.0,20,1.120213
13.0,13,1.122018
17.0,17,1.124327
15.0,15,1.126535
27.0,27,1.130508
15.0,15,1.132702
15.0,15,1.134565
25.0,25,1.1384
17.0,17,1.140714
20.0,20,1.143546
33.0,33,1.148171
19.0,19,1.155049
15.0,15,1.157433
12.0,12,1.159429
23.0,23,1.162708
10.0,10,1.164437
17.0,17,1.16689
28.0,28,1.171074
11.0,11,1.172934
28.0,28,1.177004
15.0,15,1.179379
13.0,13,1.181242
20.0,20,1.184151
42.0,42,1.18986
15.0,15,1.192192
12.0,12,1.193959
15.0,15,1.196236
19.0,19,1.199097
22.0,22,1.202095
71.0,71,1.21349
26.0,26,1.21747
21.0,21,1.221334
14.0,14,1.223381
23.0,23,1.227359
14.0,14,1.2291
28.0,28,1.233028
14.0,14,1.235228
9.0,9,1.23646
22.0,22,1.239803
11.0,11,1.24108
12.0,12,1.242867
11.0,11,1.244669
30.0,30,1.249117
26.0,26,1.252607
15.0,15,1.254869
16.0,16,1.257121
13.0,13,1.258993
14.0,14,1.261163
14.0,14,1.262933
18.0,18,1.265755
10.0,10,1.267066
12.0,12,1.268802
11.0,11,1.270523
13.0,13,1.272291
8.0,8,1.273463
15.0,15,1.275828
23.0,23,1.279424
15.0,15,1.281382
21.0,21,1.284622
23.0,23,1.287549
18.0,18,1.290292
20.0,20,1.293179
28.0,28,1.297217
29.0,29,1.301256
16.0,16,1.303688
29.0,29,1.307614
48.0,48,1.314481
18.0,18,1.317236
15.0,15,1.319627
20.0,20,1.32264
21.0,21,1.325579
15.0,15,1.327955
13.0,13,1.329871
11.0,11,1.331552
18.0,18,1.333952
11.0,11,1.335693
26.0,26,1.339311
18.0,18,1.342076
9.0,9,1.343276
32.0,32,1.347898
27.0,27,1.351731
14.0,14,1.35356
25.0,25,1.357325
32.0,32,1.361712
21.0,21,1.364524
35.0,35,1.369609
22.0,22,1.372483
23.0,23,1.375971
24.0,24,1.379402
11.0,11,1.381107
17.0,17,1.383455
9.0,9,1.384642
20.0,20,1.387503
11.0,11,1.389164
15.0,15,1.391401
12.0,12,1.393177
20.0,20,1.396234
10.0,10,1.397493
17.0,17,1.399764
15.0,15,1.402033
19.0,19,1.404906
12.0,12,1.406758
22.0,22,1.409743
16.0,16,1.412004
16.0,16,1.414284
18.0,18,1.417002
13.0,13,1.418911
12.0,12,1.420566
14.0,14,1.422798
13.0,13,1.424688
14.0,14,1.426525
11.0,11,1.428143
39.0,39,1.433899
12.0,12,1.435693
18.0,18,1.437997
18.0,18,1.440875
9.0,9,1.442077
43.0,43,1.452305
11.0,11,1.454176
12.0,12,1.456406
10.0,10,1.457816
19.0,19,1.460937
49.0,49,1.468107
29.0,29,1.472356
21.0,21,1.475802
11.0,11,1.477061
20.0,20,1.480024
9.0,9,1.481614
22.0,22,1.484592
29.0,29,1.488596
16.0,16,1.490809
22.0,22,1.494322
26.0,26,1.497767
10.0,10,1.499461
18.0,18,1.501885
13.0,13,1.50404
12.0,12,1.505751
30.0,30,1.509871
11.0,11,1.511587
36.0,36,1.51662
18.0,18,1.519069
16.0,16,1.521351
20.0,20,1.524285
20.0,20,1.527484
10.0,10,1.529174
28.0,28,1.533426
14.0,14,1.535173
8.0,8,1.536374
13.0,13,1.53871
17.0,17,1.541052
11.0,11,1.542815
12.0,12,1.544599
26.0,26,1.547979
11.0,11,1.549698
16.0,16,1.552181
11.0,11,1.553814
30.0,30,1.557882
15.0,15,1.560208
16.0,16,1.562625
14.0,14,1.564385
14.0,14,1.566651
25.0,25,1.570225
16.0,16,1.572429
16.0,16,1.574687
15.0,15,1.576944
70.0,70,1.586492
50.0,50,1.593706
23.0,23,1.59713
16.0,16,1.599365
29.0,29,1.603395
19.0,19,1.606139
16.0,16,1.608381
46.0,46,1.614555
19.0,19,1.617293
12.0,12,1.619004
18.0,18,1.621382
23.0,23,1.624805
18.0,18,1.627646
23.0,23,1.630622
33.0,33,1.635593
19.0,19,1.637974
28.0,28,1.641877
11.0,11,1.64362
19.0,19,1.646655
9.0,9,1.647837
17.0,17,1.650201
15.0,15,1.652563
17.0,17,1.655008
9.0,9,1.656683
28.0,28,1.660784
23.0,23,1.6637
15.0,15,1.665972
20.0,20,1.668817
23.0,23,1.672153
13.0,13,1.673904
15.0,15,1.676116
22.0,22,1.679031
47.0,47,1.685843
14.0,14,1.688157
37.0,37,1.693346
9.0,9,1.694536
24.0,24,1.697897
18.0,18,1.700568
19.0,19,1.702956
20.0,20,1.705921
11.0,11,1.707742
29.0,29,1.711772
16.0,16,1.714072
32.0,32,1.718493
11.0,11,1.72015
12.0,12,1.721824
42.0,42,1.728039
21.0,21,1.730976
30.0,30,1.735205
40.0,40,1.747503
53.0,53,1.756524
29.0,29,1.761941
39.0,39,1.767986
11.0,11,1.769328
16.0,16,1.771669
14.0,14,1.773901
15.0,15,1.776182
8.0,8,1.777366
11.0,11,1.778572
17.0,17,1.781374
10.0,10,1.782694
34.0,34,1.787846
29.0,29,1.792581
21.0,21,1.795631
15.0,15,1.798005
27.0,27,1.802241
12.0,12,1.804007
13.0,13,1.805801
19.0,19,1.808665
28.0,28,1.812853
18.0,18,1.815246
24.0,24,1.818913
12.0,12,1.820731
12.0,12,1.822537
16.0,16,1.825012
18.0,18,1.827771
20.0,20,1.830636
31.0,31,1.834749
41.0,41,1.840997
9.0,9,1.842154
12.0,12,1.844043
31.0,31,1.848562
10.0,10,1.84975
28.0,28,1.853642
18.0,18,1.856497
56.0,56,1.864392
10.0,10,1.865645
13.0,13,1.867414
24.0,24,1.870888
15.0,15,1.873186
16.0,16,1.875511
15.0,15,1.877936
53.0,53,1.885348
17.0,17,1.887726
11.0,11,1.889484
22.0,22,1.892966
18.0,18,1.895422
30.0,30,1.899763
17.0,17,1.902157
19.0,19,1.905171
12.0,12,1.906956
17.0,17,1.909416
11.0,11,1.911237
22.0,22,1.914247
26.0,26,1.918262
10.0,10,1.919609
11.0,11,1.921309
13.0,13,1.923138
13.0,13,1.925031
13.0,13,1.927281
24.0,24,1.930878
19.0,19,1.933313
11.0,11,1.935038
18.0,18,1.937891
11.0,11,1.93931
16.0,16,1.941766
18.0,18,1.944657
9.0,9,1.945913
16.0,16,1.948416
24.0,24,1.951891
12.0,12,1.953752
13.0,13,1.955447
15.0,15,1.957797
19.0,19,1.960582
16.0,16,1.963028
31.0,31,1.967556
17.0,17,1.969904
11.0,11,1.97167
18.0,18,1.974088
17.0,17,1.976415
12.0,12,1.978168
11.0,11,1.979989
15.0,15,1.982319
15.0,15,1.984673
22.0,22,1.987636
37.0,37,1.99274
26.0,26,1.996687
28.0,28,2.000918
13.0,13,2.00279
24.0,24,2.006401
14.0,14,2.008734
36.0,36,2.01394
20.0,20,2.016844
17.0,17,2.019206
19.0,19,2.022112
12.0,12,2.023786
14.0,14,2.025575
51.0,51,2.032875
12.0,12,2.034683
22.0,22,2.037795
12.0,12,2.039589
15.0,15,2.048105
14.0,14,2.050765
15.0,15,2.053102
18.0,18,2.056339
14.0,14,2.058423
13.0,13,2.060766
17.0,17,2.063287
35.0,35,2.068543
13.0,13,2.070271
15.0,15,2.072739
15.0,15,2.074719
27.0,27,2.078827
12.0,12,2.080544
20.0,20,2.083451
29.0,29,2.087465
14.0,14,2.089692
9.0,9,2.090851
14.0,14,2.093133
25.0,25,2.096548
18.0,18,2.098969
18.0,18,2.101805
15.0,15,2.10419
13.0,13,2.106044
33.0,33,2.110776
22.0,22,2.114332
13.0,13,2.116125
13.0,13,2.117921
14.0,14,2.120227
22.0,22,2.123161
17.0,17,2.125497
13.0,13,2.127738
13.0,13,2.129644
12.0,12,2.131416
16.0,16,2.133858
14.0,14,2.135647
17.0,17,2.138391
17.0,17,2.140631
13.0,13,2.142518
11.0,11,2.144212
14.0,14,2.146021
20.0,20,2.148907
19.0,19,2.151821
19.0,19,2.154842
29.0,29,2.159207
23.0,23,2.162884
28.0,28,2.167007
51.0,51,2.175524
38.0,38,2.181867
30.0,30,2.186896
38.0,38,2.192627
15.0,15,2.19561
10.0,10,2.197139
17.0,17,2.200297
14.0,14,2.202552
23.0,23,2.206839
11.0,11,2.208812
10.0,10,2.210291
25.0,25,2.214546
33.0,33,2.220169
14.0,14,2.222183
16.0,16,2.224674
14.0,14,2.227066
19.0,19,2.229762
11.0,11,2.231739
14.0,14,2.234186
20.0,20,2.237399
18.0,18,2.240015
23.0,23,2.243828
14.0,14,2.246051
41.0,41,2.252822
16.0,16,2.255247
15.0,15,2.257232
23.0,23,2.261271
24.0,24,2.26517
25.0,25,2.268875
17.0,17,2.271843
13.0,13,2.273668
14.0,14,2.275676
12.0,12,2.277588
10.0,10,2.279518
19.0,19,2.282687
11.0,11,2.2842
11.0,11,2.286001
18.0,18,2.289111
60.0,60,2.300694
21.0,21,2.305531
16.0,16,2.311842
17.0,17,2.315696
16.0,16,2.320184
31.0,31,2.330883
19.0,19,2.334464
9.0,9,2.335871
24.0,24,2.342268
13.0,13,2.344993
11.0,11,2.34881
12.0,12,2.35238
15.0,15,2.35577
21.0,21,2.363999
13.0,13,2.368412
21.0,21,2.371902
20.0,20,2.375088
10.0,10,2.377019
11.0,11,2.378821
15.0,15,2.380894
9.0,9,2.38276
15.0,15,2.38471
37.0,37,2.391307
16.0,16,2.397987
20.0,20,2.401314
9.0,9,2.402704
15.0,15,2.405946
51.0,51,2.415026
10.0,10,2.416805
25.0,25,2.421391
18.0,18,2.425037
10.0,10,2.42649
9.0,9,2.427855
20.0,20,2.431258
14.0,14,2.433643
20.0,20,2.436912
15.0,15,2.440223
9.0,9,2.441758
16.0,16,2.444397
14.0,14,2.446311
13.0,13,2.448783
43.0,43,2.455963
15.0,15,2.458841
10.0,10,2.460858
12.0,12,2.462768
12.0,12,2.464713
15.0,15,2.466764
18.0,18,2.469891
37.0,37,2.476742
14.0,14,2.479596
16.0,16,2.48262
13.0,13,2.485095
13.0,13,2.487184
17.0,17,2.490685
18.0,18,2.494105
21.0,21,2.497443
18.0,18,2.50057
18.0,18,2.50313
12.0,12,2.505695
14.0,14,2.508451
11.0,11,2.509845
12.0,12,2.511722
11.0,11,2.513547
20.0,20,2.51693
23.0,23,2.521636
19.0,19,2.524914
14.0,14,2.526795
14.0,14,2.529314
31.0,31,2.534477
10.0,10,2.536504
36.0,36,2.542973
10.0,10,2.54511
27.0,27,2.549832
16.0,16,2.55293
11.0,11,2.555323
13.0,13,2.558113
14.0,14,2.560978
18.0,18,2.563932
56.0,56,2.574253
10.0,10,2.576193
21.0,21,2.579792
23.0,23,2.583713
13.0,13,2.585821
13.0,13,2.588114
24.0,24,2.59343
18.0,18,2.596793
15.0,15,2.598885
19.0,19,2.602237
21.0,21,2.605675
13.0,13,2.608562
25.0,25,2.6127
15.0,15,2.615421
10.0,10,2.616828
34.0,34,2.622681
15.0,15,2.625115
14.0,14,2.627551
22.0,22,2.63081
29.0,29,2.63626
43.0,43,2.643404
12.0,12,2.645533
14.0,14,2.648446
13.0,13,2.651249
15.0,15,2.654074
16.0,16,2.657509
13.0,13,2.659816
13.0,13,2.661974
28.0,28,2.667235
26.0,26,2.672456
10.0,10,2.673968
26.0,26,2.678719
15.0,15,2.6815
23.0,23,2.685018
26.0,26,2.689685
20.0,20,2.693154
15.0,15,2.695876
18.0,18,2.699198
14.0,14,2.701748
11.0,11,2.70339
22.0,22,2.708103
15.0,15,2.71103
13.0,13,2.713097
14.0,14,2.715218
18.0,18,2.71849
13.0,13,2.72121
15.0,15,2.724177
13.0,13,2.726265
15.0,15,2.728907
30.0,30,2.733637
18.0,18,2.739119
21.0,21,2.747756
21.0,21,2.753367
17.0,17,2.758632
28.0,28,2.768181
21.0,21,2.778699
22.0,22,2.782528
16.0,16,2.785573
12.0,12,2.78843
10.0,10,2.790586
11.0,11,2.795928
18.0,18,2.799569
13.0,13,2.801868
16.0,16,2.805494
12.0,12,2.809678
11.0,11,2.812445
25.0,25,2.817035
12.0,12,2.819846
26.0,26,2.829113
12.0,12,2.833224
11.0,11,2.837445
16.0,16,2.843348
16.0,16,2.846297
11.0,11,2.848398
12.0,12,2.852031
14.0,14,2.854776
13.0,13,2.857626
17.0,17,2.860529
10.0,10,2.862595
12.0,12,2.86496
16.0,16,2.867835
11.0,11,2.870146
28.0,28,2.875044
13.0,13,2.877201
22.0,22,2.880917
20.0,20,2.884378
17.0,17,2.887608
17.0,17,2.890386
27.0,27,2.895277
18.0,18,2.898968
12.0,12,2.902045
17.0,17,2.90555
19.0,19,2.909478
15.0,15,2.91256
9.0,9,2.914187
20.0,20,2.917565
27.0,27,2.921883
14.0,14,2.923981
12.0,12,2.925866
25.0,25,2.930025
14.0,14,2.931933
27.0,27,2.936144
13.0,13,2.938116
13.0,13,2.940047
18.0,18,2.94305
20.0,20,2.946228
14.0,14,2.948137
10.0,10,2.949986
12.0,12,2.951893
11.0,11,2.953762
11.0,11,2.955076
22.0,22,2.958557
16.0,16,2.960966
18.0,18,2.96345
23.0,23,2.966955
14.0,14,2.969382
24.0,24,2.973054
11.0,11,2.974428
11.0,11,2.97636
14.0,14,2.978794
10.0,10,2.980099
24.0,24,2.98367
15.0,15,2.985933
13.0,13,2.987794
12.0,12,2.989552
21.0,21,2.992463
12.0,12,2.994363
11.0,11,2.996355
13.0,13,2.998244
42.0,42,3.004508
16.0,16,3.006894
11.0,11,3.008782
20.0,20,3.011893
11.0,11,3.013218
15.0,15,3.015607
9.0,9,3.016941
15.0,15,3.019377
9.0,9,3.020845
31.0,31,3.025536
14.0,14,3.028012
17.0,17,3.030488
16.0,16,3.032911
14.0,14,3.034792
10.0,10,3.036561
17.0,17,3.038917
13.0,13,3.04067
13.0,13,3.043107
62.0,62,3.052023
15.0,15,3.054498
11.0,11,3.056206
31.0,31,3.060425
10.0,10,3.062238
10.0,10,3.063591
12.0,12,3.065448
12.0,12,3.06726
25.0,25,3.071353
13.0,13,3.073282
15.0,15,3.075577
14.0,14,3.077414
12.0,12,3.079184
16.0,16,3.081424
16.0,16,3.083703
13.0,13,3.085593
10.0,10,3.087466
15.0,15,3.08999
10.0,10,3.091385
11.0,11,3.093258
12.0,12,3.09521
16.0,16,3.097578
19.0,19,3.100474
23.0,23,3.103724
30.0,30,3.1086
12.0,12,3.110299
21.0,21,3.113418
27.0,27,3.117533
17.0,17,3.119959
15.0,15,3.122285
11.0,11,3.123991
15.0,15,3.130051
32.0,32,3.135315
19.0,19,3.138877
10.0,10,3.140776
36.0,36,3.146151
22.0,22,3.149269
44.0,44,3.155822
13.0,13,3.157752
34.0,34,3.163073
14.0,14,3.165066
14.0,14,3.167493
33.0,33,3.172295
22.0,22,3.175769
12.0,12,3.177554
15.0,15,3.179523
21.0,21,3.182863
12.0,12,3.184693
13.0,13,3.186658
23.0,23,3.190185
19.0,19,3.192703
11.0,11,3.194559
39.0,39,3.200442
39.0,39,3.206504
29.0,29,3.210828
15.0,15,3.213078
24.0,24,3.216697
16.0,16,3.218952
55.0,55,3.226719
13.0,13,3.229056
20.0,20,3.232248
12.0,12,3.233927
16.0,16,3.2363
32.0,32,3.241071
14.0,14,3.242944
19.0,19,3.245833
12.0,12,3.24752
9.0,9,3.248674
26.0,26,3.252654
39.0,39,3.25834
13.0,13,3.260601
19.0,19,3.263061
23.0,23,3.266606
26.0,26,3.271303
34.0,34,3.276407
16.0,16,3.279428
36.0,36,3.284739
29.0,29,3.288979
18.0,18,3.291874
20.0,20,3.294949
19.0,19,3.297799
29.0,29,3.302154
44.0,44,3.308649
12.0,12,3.310564
20.0,20,3.313442
21.0,21,3.316557
25.0,25,3.320132
42.0,42,3.326623
39.0,39,3.332661
40.0,40,3.338636
17.0,17,3.341217
19.0,19,3.344141
27.0,27,3.347695
19.0,19,3.350669
18.0,18,3.353485
13.0,13,3.355345
23.0,23,3.359011
15.0,15,3.361015
24.0,24,3.364487
20.0,20,3.367428
27.0,27,3.371568
16.0,16,3.374058
17.0,17,3.376513
18.0,18,3.379491
23.0,23,3.383037
16.0,16,3.385455
15.0,15,3.387437
18.0,18,3.390403
9.0,9,3.391748
20.0,20,3.395003
28.0,28,3.399075
8.0,8,3.400241
13.0,13,3.402111
13.0,13,3.404431
12.0,12,3.40627
13.0,13,3.408036
17.0,17,3.410427
9.0,9,3.411637
40.0,40,3.41741
21.0,21,3.42087
14.0,14,3.422775
21.0,21,3.425672
22.0,22,3.429392
27.0,27,3.441993
59.0,59,3.451259
30.0,30,3.456102
14.0,14,3.458015
16.0,16,3.460408
19.0,19,3.463433
26.0,26,3.46755
51.0,51,3.474955
27.0,27,3.479127
14.0,14,3.481486
12.0,12,3.483325
28.0,28,3.487487
29.0,29,3.491593
31.0,31,3.496394
27.0,27,3.500147
15.0,15,3.502566
21.0,21,3.505869
18.0,18,3.508668
9.0,9,3.509932
22.0,22,3.513307
41.0,41,3.519111
31.0,31,3.523873
18.0,18,3.526242
20.0,20,3.529148
39.0,39,3.535239
13.0,13,3.537202
14.0,14,3.53947
46.0,46,3.546064
25.0,25,3.549913
16.0,16,3.552484
25.0,25,3.556594
34.0,34,3.561542
33.0,33,3.566396
14.0,14,3.568748
25.0,25,3.572409
71.0,71,3.583378
15.0,15,3.585854
15.0,15,3.58788
13.0,13,3.590174
29.0,29,3.594642
20.0,20,3.597615
10.0,10,3.599044
34.0,34,3.604439
15.0,15,3.606822
49.0,49,3.613995
14.0,14,3.615938
41.0,41,3.622161
73.0,73,3.632894
20.0,20,3.635819
15.0,15,3.638258
13.0,13,3.640208
39.0,39,3.645962
16.0,16,3.648387
13.0,13,3.650312
22.0,22,3.653275
14.0,14,3.655597
22.0,22,3.658672
20.0,20,3.661611
19.0,19,3.664585
25.0,25,3.66818
49.0,49,3.675879
12.0,12,3.677782
18.0,18,3.680229
14.0,14,3.682601
15.0,15,3.684521
18.0,18,3.687355
17.0,17,3.689764
16.0,16,3.692027
16.0,16,3.69446
19.0,19,3.697324
53.0,53,3.705107
13.0,13,3.707076
11.0,11,3.70878
21.0,21,3.711768
52.0,52,3.71913
17.0,17,3.722162
27.0,27,3.725666
26.0,26,3.729662
19.0,19,3.732762
50.0,50,3.740007
14.0,14,3.752236
20.0,20,3.755494
35.0,35,3.761115
22.0,22,3.765159
16.0,16,3.76766
18.0,18,3.770316
15.0,15,3.772885
17.0,17,3.775369
16.0,16,3.777983
26.0,26,3.782106
32.0,32,3.786976
61.0,61,3.796282
16.0,16,3.798512
27.0,27,3.802772
15.0,15,3.805276
11.0,11,3.806559
11.0,11,3.808469
16.0,16,3.810988
19.0,19,3.813947
49.0,49,3.821205
23.0,23,3.824735
26.0,26,3.828479
21.0,21,3.832068
21.0,21,3.835082
19.0,19,3.838029
23.0,23,3.841216
46.0,46,3.848266
28.0,28,3.852494
15.0,15,3.855058
37.0,37,3.860349
36.0,36,3.865646
12.0,12,3.867478
14.0,14,3.86949
23.0,23,3.873209
15.0,15,3.875522
32.0,32,3.880392
17.0,17,3.882708
14.0,14,3.885231
23.0,23,3.888582
35.0,35,3.894033
18.0,18,3.897068
15.0,15,3.899162
13.0,13,3.901489
12.0,12,3.903375
20.0,20,3.906491
21.0,21,3.909563
20.0,20,3.912788
13.0,13,3.914705
23.0,23,3.918258
40.0,40,3.923939
12.0,12,3.925764
16.0,16,3.928081
16.0,16,3.930505
77.0,77,3.942045
23.0,23,3.945632
12.0,12,3.947589
21.0,21,3.950639
19.0,19,3.953624
15.0,15,3.955947
36.0,36,3.96156
16.0,16,3.964006
16.0,16,3.966415
25.0,25,3.970308
52.0,52,3.978042
20.0,20,3.980918
18.0,18,3.983523
44.0,44,3.990178
58.0,58,3.999333
51.0,51,4.00714
14.0,14,4.009156
19.0,19,4.012068
18.0,18,4.014659
23.0,23,4.018321
16.0,16,4.020639
43.0,43,4.027414
52.0,52,4.0351
13.0,13,4.036845
20.0,20,4.039777
20.0,20,4.042712
20.0,20,4.045798
21.0,21,4.049448
23.0,23,4.053055
16.0,16,4.05544
13.0,13,4.072163
40.0,40,4.07919
55.0,55,4.088525
33.0,33,4.093697
44.0,44,4.101039
31.0,31,4.106385
22.0,22,4.110602
32.0,32,4.115949
20.0,20,4.11941
23.0,23,4.122985
33.0,33,4.128905
20.0,20,4.132034
50.0,50,4.140158
45.0,45,4.147727
22.0,22,4.152227
42.0,42,4.15937
18.0,18,4.163158
27.0,27,4.168198
45.0,45,4.175468
45.0,45,4.182613
36.0,36,4.18865
15.0,15,4.191093
23.0,23,4.194965
27.0,27,4.199333
14.0,14,4.201932
19.0,19,4.205461
21.0,21,4.208885
19.0,19,4.211983
17.0,17,4.21524
34.0,34,4.22045
31.0,31,4.225687
21.0,21,4.229032
16.0,16,4.232295
13.0,13,4.234798
16.0,16,4.237352
36.0,36,4.24339
19.0,19,4.24595
85.0,85,4.260544
15.0,15,4.262635
63.0,63,4.274095
33.0,33,4.279231
20.0,20,4.282336
19.0,19,4.285482
54.0,54,4.294454
19.0,19,4.297927
24.0,24,4.302083
25.0,25,4.306435
21.0,21,4.309898
34.0,34,4.316107
17.0,17,4.319536
17.0,17,4.322194
16.0,16,4.324822
16.0,16,4.327717
11.0,11,4.329724
15.0,15,4.331828
38.0,38,4.338566
37.0,37,4.34494
72.0,72,4.357145
34.0,34,4.366964
22.0,22,4.374108
16.0,16,4.380137
57.0,57,4.39551
27.0,27,4.404857
12.0,12,4.407938
46.0,46,4.418659
12.0,12,4.421328
57.0,57,4.439345
27.0,27,4.444323
19.0,19,4.472908
11.0,11,4.475392
20.0,20,4.479286
23.0,23,4.484088
19.0,19,4.487452
19.0,19,4.490563
15.0,15,4.493377
12.0,12,4.495486
24.0,24,4.499854
30.0,30,4.505656
10.0,10,4.507141
40.0,40,4.514683
26.0,26,4.519607
24.0,24,4.524148
41.0,41,4.531272
24.0,24,4.53519
15.0,15,4.53819
17.0,17,4.541408
14.0,14,4.543589
12.0,12,4.545523
15.0,15,4.548266
16.0,16,4.550771
15.0,15,4.553911
15.0,15,4.556853
31.0,31,4.562009
50.0,50,4.572811
17.0,17,4.576004
20.0,20,4.579343
16.0,16,4.582482
16.0,16,4.58536
12.0,12,4.58778
38.0,38,4.594647
11.0,11,4.596216
24.0,24,4.600197
15.0,15,4.602967
18.0,18,4.6071
23.0,23,4.610821
33.0,33,4.616613
28.0,28,4.621685
15.0,15,4.623978
20.0,20,4.627337
16.0,16,4.630831
16.0,16,4.634159
63.0,63,4.645733
24.0,24,4.650317
19.0,19,4.653639
24.0,24,4.657792
27.0,27,4.663151
15.0,15,4.665506
21.0,21,4.669401
68.0,68,4.681925
18.0,18,4.684915
12.0,12,4.687288
18.0,18,4.690848
55.0,55,4.700503
92.0,92,4.717387
44.0,44,4.72584
16.0,16,4.728605
15.0,15,4.731443
20.0,20,4.735079
58.0,58,4.745572
12.0,12,4.747721
24.0,24,4.751917
48.0,48,4.761135
26.0,26,4.765921
14.0,14,4.768542
37.0,37,4.774914
13.0,13,4.776918
31.0,31,4.78223
25.0,25,4.786004
32.0,32,4.790932
31.0,31,4.795855
16.0,16,4.798226
18.0,18,4.800808
49.0,49,4.808856
11.0,11,4.81034
62.0,62,4.820603
39.0,39,4.826644
25.0,25,4.974526
23.0,23,4.979298
18.0,18,4.982541
10.0,10,4.984862
18.0,18,4.988283
18.0,18,4.991687
14.0,14,4.993928
50.0,50,5.002436
16.0,16,5.004983
33.0,33,5.010111
19.0,19,5.013193
18.0,18,5.015892
26.0,26,5.020198
15.0,15,5.022208
18.0,18,5.025348
30.0,30,5.029708
21.0,21,5.033056
49.0,49,5.040376
17.0,17,5.042755
91.0,91,5.056481
63.0,63,5.066257
38.0,38,5.072217
80.0,80,5.084737
33.0,33,5.089776
42.0,42,5.096562
25.0,25,5.100044
10.0,10,5.101866
19.0,19,5.104398
49.0,49,5.112281
41.0,41,5.118747
40.0,40,5.125026
18.0,18,5.127619
57.0,57,5.137101
17.0,17,5.13956
40.0,40,5.145817
19.0,19,5.148967
29.0,29,5.153481
9.0,9,5.154872
41.0,41,5.16088
22.0,22,5.164437
36.0,36,5.170181
34.0,34,5.17535
21.0,21,5.179027
33.0,33,5.184144
41.0,41,5.190591
30.0,30,5.195548
34.0,34,5.200404
30.0,30,5.205245
43.0,43,5.211322
34.0,34,5.216931
57.0,57,5.225494
16.0,16,5.227918
17.0,17,5.230458
41.0,41,5.237133
22.0,22,5.240389
77.0,77,5.25257
20.0,20,5.255838
23.0,23,5.259798
64.0,64,5.269759
14.0,14,5.272204
17.0,17,5.274584
15.0,15,5.277084
36.0,36,5.282443
12.0,12,5.284204
15.0,15,5.286047
35.0,35,5.304106
22.0,22,5.308562
20.0,20,5.311975
16.0,16,5.314623
62.0,62,5.324279
18.0,18,5.327175
130.0,130,5.347001
20.0,20,5.349927
13.0,13,5.3529
50.0,50,5.360999
20.0,20,5.364011
86.0,86,5.377582
99.0,99,5.393278
34.0,34,5.398837
12.0,12,5.400565
90.0,90,5.414336
25.0,25,5.418014
74.0,74,5.430069
20.0,20,5.433237
19.0,19,5.436478
31.0,31,5.440973
16.0,16,5.443396
30.0,30,5.448392
31.0,31,5.453315
10.0,10,5.454527
110.0,110,5.472118
33.0,33,5.476919
91.0,91,5.491309
11.0,11,5.492678
30.0,30,5.497568
19.0,19,5.500379
24.0,24,5.504168
75.0,75,5.515506
16.0,16,5.518124
61.0,61,5.528015
20.0,20,5.531231
112.0,112,5.549036
23.0,23,5.552358
55.0,55,5.560848
19.0,19,5.563849
19.0,19,5.566893
128.0,128,5.586934
23.0,23,5.590308
62.0,62,5.600171
19.0,19,5.603254
19.0,19,5.605853
17.0,17,5.608889
65.0,65,5.660932
235.0,235,5.700091
21.0,21,5.703534
163.0,163,5.729619
57.0,57,5.738477
70.0,70,5.749403
12.0,12,5.751296
14.0,14,5.753657
89.0,89,5.767598
57.0,57,5.776409
70.0,70,5.787613
35.0,35,5.79327
19.0,19,5.795829
10.0,10,5.797469
20.0,20,5.800503
14.0,14,5.8024
104.0,104,5.818711
23.0,23,5.822386
94.0,94,5.837252
42.0,42,5.843302
29.0,29,5.847623
120.0,120,5.866201
41.0,41,5.872525
54.0,54,5.880439
111.0,111,5.898108
129.0,129,5.917747
16.0,16,5.9203
24.0,24,5.924063
16.0,16,5.926623
48.0,48,5.933917
120.0,120,5.95267
138.0,138,6.028922
112.0,112,6.047638
18.0,18,6.050201
124.0,124,6.069892
74.0,74,6.081512
55.0,55,6.08994
37.0,37,6.096108
93.0,93,6.110679
121.0,121,6.129433
21.0,21,6.132596
51.0,51,6.140484
28.0,28,6.144874
18.0,18,6.147801
92.0,92,6.162141
15.0,15,6.164102
17.0,17,6.167076
45.0,45,6.173938
37.0,37,6.179725
38.0,38,6.185681
29.0,29,6.190117
18.0,18,6.192995
22.0,22,6.196503
10.0,10,6.197795
21.0,21,6.201516
13.0,13,6.203438
15.0,15,6.206123
136.0,136,6.228076
38.0,38,6.234233
28.0,28,6.238807
149.0,149,6.261513
153.0,153,6.28662
40.0,40,6.292938
52.0,52,6.301143
47.0,47,6.308332
40.0,40,6.314572
41.0,41,6.321524
42.0,42,6.327844
21.0,21,6.331151
12.0,12,6.333029
54.0,54,6.34185
33.0,33,6.407287
120.0,120,6.429946
24.0,24,6.433957
96.0,96,6.450788
124.0,124,6.477087
20.0,20,6.485926
15.0,15,6.48943
14.0,14,6.491855
23.0,23,6.497979
21.0,21,6.504667
18.0,18,6.511854
23.0,23,6.517998
21.0,21,6.52247
23.0,23,6.532687
57.0,57,6.544454
29.0,29,6.549598
58.0,58,6.559908
82.0,82,6.574018
48.0,48,6.582213
13.0,13,6.584301
25.0,25,6.588754
132.0,132,6.612266
19.0,19,6.615215
38.0,38,6.621763
35.0,35,6.628158
77.0,77,6.641779
20.0,20,6.645684
47.0,47,6.654116
122.0,122,6.676123
44.0,44,6.684737
46.0,46,6.694222
22.0,22,6.697812
37.0,37,6.704068
45.0,45,6.71268
49.0,49,6.722599
15.0,15,6.725274
41.0,41,6.732648
78.0,78,6.748415
19.0,19,6.752087
48.0,48,6.760929
32.0,32,6.767182
11.0,11,6.769349
16.0,16,6.772472
48.0,48,6.78137
36.0,36,6.788154
25.0,25,6.793989
18.0,18,6.797586
55.0,55,6.871975
36.0,36,6.881128
81.0,81,6.90622
41.0,41,6.918217
83.0,83,6.942238
49.0,49,6.959353
23.0,23,6.963988
38.0,38,6.970847
63.0,63,6.981962
20.0,20,6.985339
38.0,38,6.992058
48.0,48,7.004613
32.0,32,7.01155
95.0,95,7.030182
59.0,59,7.04256
87.0,87,7.060289
37.0,37,7.067063
157.0,157,7.09862
23.0,23,7.102661
27.0,27,7.107892
16.0,16,7.110581
35.0,35,7.116282
62.0,62,7.126825
30.0,30,7.131319
58.0,58,7.140903
18.0,18,7.143475
49.0,49,7.151816
99.0,99,7.167512
48.0,48,7.175168
128.0,128,7.19585
35.0,35,7.201718
101.0,101,7.217765
132.0,132,7.23881
41.0,41,7.245798
118.0,118,7.317433
29.0,29,7.322192
134.0,134,7.34381
78.0,78,7.355975
66.0,66,7.366969
160.0,160,7.392654
98.0,98,7.407945
66.0,66,7.418973
157.0,157,7.443649
147.0,147,7.467426
38.0,38,7.473399
28.0,28,7.478055
170.0,170,7.505834
20.0,20,7.509082
57.0,57,7.518242
15.0,15,7.520695
82.0,82,7.533147
22.0,22,7.537007
18.0,18,7.53968
178.0,178,7.568107
21.0,21,7.571516
130.0,130,7.592276
71.0,71,7.603455
349.0,349,7.727487
10.0,10,7.728783
45.0,45,7.735943
137.0,137,7.758468
35.0,35,7.7637
16.0,16,7.766172
129.0,129,7.787325
123.0,123,7.806855
51.0,51,7.8151
36.0,36,7.82065
49.0,49,7.828383
154.0,154,7.853396
69.0,69,7.864353
197.0,197,7.895501
101.0,101,7.912034
70.0,70,7.923118
144.0,144,7.945934
73.0,73,7.957794
80.0,80,7.970369
150.0,150,7.994431
32.0,32,7.999394
108.0,108,8.092779
45.0,45,8.100847
122.0,122,8.121418
105.0,105,8.138743
32.0,32,8.143915
160.0,160,8.170049
79.0,79,8.182512
61.0,61,8.192413
15.0,15,8.194942
68.0,68,8.205772
33.0,33,8.211031
234.0,234,8.248524
75.0,75,8.260801
183.0,183,8.290847
24.0,24,8.294775
197.0,197,8.326936
78.0,78,8.339797
12.0,12,8.341567
124.0,124,8.362421
25.0,25,8.366352
52.0,52,8.374687
105.0,105,8.391736
33.0,33,8.396955
117.0,117,8.416531
73.0,73,8.49799
98.0,98,8.513905
272.0,272,8.55919
65.0,65,8.569997
60.0,60,8.579638
88.0,88,8.593601
79.0,79,8.606683
258.0,258,8.648366
206.0,206,8.682324
16.0,16,8.684905
64.0,64,8.695525
79.0,79,8.708257
56.0,56,8.717485
155.0,155,8.743058
113.0,113,8.761305
112.0,112,8.780225
26.0,26,8.784605
88.0,88,8.799037
26.0,26,8.802947
96.0,96,8.893597
11.0,11,8.895777
33.0,33,8.901663
120.0,120,8.922183
164.0,164,8.950459
173.0,173,8.981397
237.0,237,9.025393
64.0,64,9.037371
111.0,111,9.056421
446.0,446,9.137782
30.0,30,9.142874
21.0,21,9.147628
198.0,198,9.187506
130.0,130,9.229963
211.0,211,9.273649
60.0,60,9.387399
77.0,77,9.40293
74.0,74,9.417825
90.0,90,9.436115
107.0,107,9.457389
42.0,42,9.465979
161.0,161,9.497592
68.0,68,9.510535
194.0,194,9.548811
234.0,234,9.595435
23.0,23,9.600118
90.0,90,9.620216
105.0,105,9.651071
50.0,50,9.663177
343.0,343,9.730297
63.0,63,9.740526
70.0,70,9.751784
94.0,94,9.767698
320.0,320,9.92119
153.0,153,9.946682
227.0,227,9.985669
47.0,47,9.993349
72.0,72,10.006165
97.0,97,10.022984
158.0,158,10.04898
19.0,19,10.052171
101.0,101,10.068878
461.0,461,10.145056
106.0,106,10.163004
283.0,283,10.210484
340.0,340,10.358739
56.0,56,10.368155
247.0,247,10.408747
168.0,168,10.436578
60.0,60,10.446616
65.0,65,10.457856
24.0,24,10.461888
301.0,301,10.512002
172.0,172,10.540358
82.0,82,10.553584
25.0,25,10.55773
98.0,98,10.573861
63.0,63,10.584277
74.0,74,10.596307
33.0,33,10.601808
444.0,444,10.774132
314.0,314,10.831935
41.0,41,10.839899
142.0,142,10.867135
44.0,44,10.875104
32.0,32,10.88088
156.0,156,10.910624
168.0,168,10.941705
198.0,198,10.978195
62.0,62,10.990031
30.0,30,10.995774
242.0,242,11.04265
77.0,77,11.065776
301.0,301,11.260124
106.0,106,11.282764
269.0,269,11.336532
207.0,207,11.380963
54.0,54,11.391548
320.0,320,11.451588
161.0,161,11.479378
371.0,371,11.54191
342.0,342,11.600379
176.0,176,11.719368
80.0,80,11.734062
172.0,172,11.763991
115.0,115,11.784017
213.0,213,11.820257
211.0,211,11.855923
350.0,350,11.915378
199.0,199,11.949031
79.0,79,11.962127
147.0,147,11.986497
500.0,500,12.148826
216.0,216,12.189396
253.0,253,12.236032
274.0,274,12.313033
192.0,192,12.35167
263.0,263,12.402779
66.0,66,12.415008
278.0,278,12.47011
293.0,293,12.52837
83.0,83,12.545146
58.0,58,12.722889
254.0,254,12.804108
167.0,167,12.84003
79.0,79,12.855798
279.0,279,12.910144
233.0,233,12.950263
338.0,338,13.008247
97.0,97,13.024978
197.0,197,13.058312
179.0,179,13.089051
339.0,339,13.244932
255.0,255,13.288851
220.0,220,13.326676
62.0,62,13.336988
276.0,276,13.384835
282.0,282,13.433824
44.0,44,13.441279
226.0,226,13.480185
224.0,224,13.519188
275.0,275,13.640438
213.0,213,13.677141
162.0,162,13.704915
305.0,305,13.757184
500.0,500,13.84361
255.0,255,13.887909
500.0,500,14.050325
204.0,204,14.086255
301.0,301,14.137967
333.0,333,14.198954
217.0,217,14.23942
251.0,251,14.288919
173.0,173,14.321122
186.0,186,14.357595
214.0,214,14.397674
204.0,204,14.540253
216.0,216,14.585579
242.0,242,14.634154
223.0,223,14.679999
258.0,258,14.733022
212.0,212,14.775547
28.0,28,14.780864
220.0,220,14.826441
225.0,225,14.872226
225.0,225,14.912575
253.0,253,15.047266
484.0,484,15.132687
388.0,388,15.201041
220.0,220,15.240059
319.0,319,15.29629
154.0,154,15.323104
326.0,326,15.468199
292.0,292,15.51984
64.0,64,15.531107
114.0,114,15.550774
294.0,294,15.601674
266.0,266,15.648706
288.0,288,15.698825
307.0,307,15.752718
223.0,223,15.791587
242.0,242,15.923794
424.0,424,16.026529
424.0,424,16.12047
252.0,252,16.170511
274.0,274,16.228228
231.0,231,16.27701
370.0,370,16.481392
235.0,235,16.533597
267.0,267,16.592304
295.0,295,16.648834
290.0,290,16.700761
500.0,500,16.789755
383.0,383,16.946744
313.0,313,17.002684
217.0,217,17.041046
354.0,354,17.102689
260.0,260,17.149437
311.0,311,17.205075
244.0,244,17.248218
288.0,288,17.407883
227.0,227,17.448623
348.0,348,17.510362
263.0,263,17.557418
360.0,360,17.622061
252.0,252,17.667276
313.0,313,17.723694
233.0,233,17.855054
313.0,313,17.910795
295.0,295,17.963773
280.0,280,18.013712
270.0,270,18.061688
279.0,279,18.111102
345.0,345,18.173111
234.0,234,18.31959
206.0,206,18.357118
270.0,270,18.405157
258.0,258,18.45113
236.0,236,18.493576
337.0,337,18.558094
235.0,235,18.599913
251.0,251,18.644795
480.0,480,18.810387
247.0,247,18.854999
241.0,241,18.898099
245.0,245,18.942342
328.0,328,19.0013
264.0,264,19.04876
330.0,330,19.190625
236.0,236,19.233817
219.0,219,19.27357
305.0,305,19.328246
235.0,235,19.370556
276.0,276,19.420298
330.0,330,19.479762
234.0,234,19.522485
322.0,322,19.684817
270.0,270,19.734078
238.0,238,19.776871
259.0,259,19.82411
364.0,364,19.890222
228.0,228,19.931617
245.0,245,19.97646
251.0,251,20.103034
271.0,271,20.153563
226.0,226,20.194603
302.0,302,20.250036
228.0,228,20.291592
296.0,296,20.345766
331.0,331,20.406347
295.0,295,20.535843
459.0,459,20.622007
239.0,239,20.665629
299.0,299,20.720384
291.0,291,20.773509
247.0,247,20.818876
310.0,310,20.875886
294.0,294,21.024011
287.0,287,21.077873
405.0,405,21.151859
415.0,415,21.227873
349.0,349,21.29154
289.0,289,21.344809
261.0,261,21.4857
242.0,242,21.534686
242.0,242,21.58329
341.0,341,21.651782
260.0,260,21.710441
242.0,242,21.787324
276.0,276,21.84582
275.0,275,22.009501
313.0,313,22.077939
327.0,327,22.174
304.0,304,22.231059
339.0,339,22.294203
312.0,312,22.352101
291.0,291,22.406358
312.0,312,22.570458
253.0,253,22.617006
300.0,300,22.672424
215.0,215,22.711979
444.0,444,22.792836
256.0,256,22.839598
350.0,350,22.993487
356.0,356,23.059845
247.0,247,23.105345
257.0,257,23.152537
293.0,293,23.206286
302.0,302,23.26159
500.0,500,23.431845
348.0,348,23.497288
316.0,316,23.555278
313.0,313,23.612517
249.0,249,23.658071
347.0,347,23.721307
259.0,259,23.76905
303.0,303,23.921837
368.0,368,23.990019
417.0,417,24.066515
417.0,417,24.142925
337.0,337,24.204689
305.0,305,24.260746
386.0,386,24.437631
248.0,248,24.488452
402.0,402,24.570959
412.0,412,24.657194
250.0,250,24.724653
252.0,252,24.788562
278.0,278,24.965566
276.0,276,25.032903
245.0,245,25.084556
453.0,453,25.168824
402.0,402,25.243174
239.0,239,25.287029
267.0,267,25.421777
240.0,240,25.46616
318.0,318,25.524891
365.0,365,25.592285
282.0,282,25.643916
288.0,288,25.696817
285.0,285,25.749171
450.0,450,25.926603
248.0,248,25.982098
380.0,380,26.085598
255.0,255,26.139264
286.0,286,26.201889
267.0,267,26.262864
249.0,249,26.448874
389.0,389,26.554113
201.0,201,26.597888
270.0,270,26.648017
290.0,290,26.702188
243.0,243,26.747035
462.0,462,26.831927
442.0,442,27.017507
268.0,268,27.067339
316.0,316,27.125374
262.0,262,27.173228
360.0,360,27.239573
500.0,500,27.415104
285.0,285,27.469023
272.0,272,27.519585
258.0,258,27.567228
328.0,328,27.627985
312.0,312,27.685408
338.0,338,27.747263
352.0,352,27.906233
265.0,265,27.955627
334.0,334,28.016875
250.0,250,28.063244
381.0,381,28.133146
286.0,286,28.185491
377.0,377,28.347435
296.0,296,28.402662
401.0,401,28.476694
361.0,361,28.543035
280.0,280,28.594518
294.0,294,28.648666
400.0,400,28.832854
424.0,424,28.911348
247.0,247,28.956456
353.0,353,29.0218
281.0,281,29.072946
261.0,261,29.120628
314.0,314,29.178461
288.0,288,29.318667
247.0,247,29.363795
284.0,284,29.416561
299.0,299,29.471964
252.0,252,29.518294
234.0,234,29.561236
406.0,406,29.635134
327.0,327,29.78956
280.0,280,29.841263
266.0,266,29.890008
318.0,318,29.948792
257.0,257,29.996547
358.0,358,30.064836
262.0,262,30.190688
356.0,356,30.257117
284.0,284,30.309151
286.0,286,30.362037
280.0,280,30.41342
269.0,269,30.462786
284.0,284,30.514786
361.0,361,30.691703
261.0,261,30.739961
263.0,263,30.788529
473.0,473,30.875001
242.0,242,30.91985
346.0,346,30.982819
293.0,293,31.15864
347.0,347,31.229362
360.0,360,31.295469
246.0,246,31.341203
237.0,237,31.384761
257.0,257,31.431616
485.0,485,31.520467
473.0,473,31.693046
265.0,265,31.741647
259.0,259,31.789025
250.0,250,31.834863
270.0,270,31.884775
268.0,268,31.933964
263.0,263,32.079514
277.0,277,32.139418
230.0,230,32.187497
274.0,274,32.244128
363.0,363,32.33718
298.0,298,32.415133
329.0,329,32.485339
317.0,317,32.648816
257.0,257,32.702971
218.0,218,32.744139
210.0,210,32.783389
199.0,199,32.820495
256.0,256,32.86749
323.0,323,32.926859
290.0,290,32.980444
197.0,197,33.101332
250.0,250,33.149017
227.0,227,33.190544
232.0,232,33.234036
232.0,232,33.276927
233.0,233,33.320031
227.0,227,33.361316
237.0,237,33.405166
350.0,350,33.549901
260.0,260,33.598881
217.0,217,33.638974
315.0,315,33.696947
274.0,274,33.747778
223.0,223,33.788328
247.0,247,33.83408
277.0,277,33.884731
243.0,243,34.011362
275.0,275,34.062774
245.0,245,34.107876
260.0,260,34.155748
223.0,223,34.197226
221.0,221,34.237959
225.0,225,34.279396
255.0,255,34.326189
264.0,264,34.457158
269.0,269,34.506612
293.0,293,34.560766
232.0,232,34.60294
259.0,259,34.65026
239.0,239,34.694494
260.0,260,34.742406
241.0,241,34.786081
213.0,213,34.904774
264.0,264,34.954103
291.0,291,35.00849
255.0,255,35.057144
318.0,318,35.116409
231.0,231,35.158561
256.0,256,35.205534
227.0,227,35.247401
239.0,239,35.384035
213.0,213,35.423852
213.0,213,35.463399
271.0,271,35.513106
214.0,214,35.552877
225.0,225,35.594019
227.0,227,35.636041
222.0,222,35.676181
295.0,295,35.815368
272.0,272,35.866066
246.0,246,35.910706
260.0,260,35.958115
332.0,332,36.018805
245.0,245,36.064228
219.0,219,36.103753
272.0,272,36.153708
242.0,242,36.275758
235.0,235,36.319044
284.0,284,36.37158
247.0,247,36.416655
215.0,215,36.455872
222.0,222,36.496706
248.0,248,36.542261
225.0,225,36.583509
266.0,266,36.707183
241.0,241,36.7576
221.0,221,36.829864
223.0,223,36.878677
205.0,205,36.920124
274.0,274,36.979015
296.0,296,37.043422
273.0,273,37.102902
258.0,258,37.272485
232.0,232,37.325801
206.0,206,37.372734
273.0,273,37.426719
221.0,221,37.468063
235.0,235,37.51174
249.0,249,37.557328
225.0,225,37.5989
258.0,258,37.6463
260.0,260,37.772907
245.0,245,37.817954
213.0,213,37.85734
302.0,302,37.913398
216.0,216,37.952768
286.0,286,38.004636
261.0,261,38.052889
257.0,257,38.09974
279.0,279,38.243304
251.0,251,38.294465
212.0,212,38.338222
231.0,231,38.391685
248.0,248,38.468352
383.0,383,38.551784
227.0,227,38.599221
277.0,277,38.734949
223.0,223,38.785596
228.0,228,38.854517
244.0,244,38.904538
276.0,276,38.956158
279.0,279,39.007443
229.0,229,39.050252
228.0,228,39.092751
251.0,251,39.20778
242.0,242,39.253371
231.0,231,39.29622
210.0,210,39.334625
273.0,273,39.384677
233.0,233,39.427454
225.0,225,39.468646
273.0,273,39.518879
205.0,205,39.556997
295.0,295,39.688356
217.0,217,39.728164
195.0,195,39.764094
285.0,285,39.816591
302.0,302,39.872236
237.0,237,39.915329
234.0,234,39.958317
277.0,277,40.00972
270.0,270,40.147405
322.0,322,40.210554
440.0,440,40.293266
263.0,263,40.342445
233.0,233,40.385382
248.0,248,40.432473
222.0,222,40.478791
203.0,203,40.595105
290.0,290,40.649211
234.0,234,40.692478
239.0,239,40.737161
224.0,224,40.778588
227.0,227,40.820591
224.0,224,40.86184
203.0,203,40.89884
198.0,198,41.000502
241.0,241,41.04571
14.0,14,41.048485
222.0,222,41.089265
213.0,213,41.128259
279.0,279,41.17976
223.0,223,41.220497
197.0,197,41.256525
245.0,245,41.301143
216.0,216,41.340876
208.0,208,41.451254
213.0,213,41.490977
265.0,265,41.539412
209.0,209,41.577593
229.0,229,41.619507
213.0,213,41.658778
239.0,239,41.702392
259.0,259,41.749951
200.0,200,41.786444
212.0,212,41.894632
207.0,207,41.932954
251.0,251,41.979209
200.0,200,42.015832
273.0,273,42.065926
212.0,212,42.104798
270.0,270,42.154401
211.0,211,42.193134
231.0,231,42.235934
254.0,254,42.35831
257.0,257,42.412117
228.0,228,42.458943
237.0,237,42.508028
211.0,211,42.551543
219.0,219,42.599235
213.0,213,42.663001
225.0,225,42.721453
240.0,240,42.847165
258.0,258,42.902953
269.0,269,42.965215
265.0,265,43.017839
290.0,290,43.071522
219.0,219,43.112296
226.0,226,43.154447
273.0,273,43.204612
244.0,244,43.324074
257.0,257,43.371668
255.0,255,43.419086
237.0,237,43.462713
262.0,262,43.511018
239.0,239,43.554298
222.0,222,43.594984
238.0,238,43.638326
213.0,213,43.744602
237.0,237,43.788869
218.0,218,43.829292
218.0,218,43.869668
205.0,205,43.907197
209.0,209,43.945559
232.0,232,43.987773
259.0,259,44.035532
293.0,293,44.089159
222.0,222,44.210693
207.0,207,44.24986
245.0,245,44.295411
241.0,241,44.340127
312.0,312,44.397776
237.0,237,44.441823
203.0,203,44.479989
213.0,213,44.51919
245.0,245,44.637405
191.0,191,44.673401
227.0,227,44.715661
237.0,237,44.759062
224.0,224,44.800658
246.0,246,44.846228
245.0,245,44.891366
252.0,252,44.937388
208.0,208,44.975875
273.0,273,45.098107
206.0,206,45.137208
233.0,233,45.180454
212.0,212,45.219656
239.0,239,45.263988
246.0,246,45.308888
220.0,220,45.349458
205.0,205,45.38714
219.0,219,45.427255
228.0,228,45.543677
220.0,220,45.584414
196.0,196,45.620706
239.0,239,45.665086
243.0,243,45.709986
222.0,222,45.750504
231.0,231,45.793265
206.0,206,45.831516
223.0,223,45.872252
220.0,220,45.981925
219.0,219,46.02267
210.0,210,46.061703
195.0,195,46.097546
214.0,214,46.137534
189.0,189,46.172334
221.0,221,46.21301
258.0,258,46.260521
231.0,231,46.303031
205.0,205,46.407616
214.0,214,46.447048
188.0,188,46.481837
197.0,197,46.518399
215.0,215,46.55785
206.0,206,46.59585
202.0,202,46.632678
231.0,231,46.675222
186.0,186,46.709614
190.0,190,46.744429
196.0,196,46.845702
202.0,202,46.883461
221.0,221,46.924091
217.0,217,46.96412
220.0,220,47.004443
185.0,185,47.038407
235.0,235,47.081822
201.0,201,47.118942
211.0,211,47.157831
218.0,218,47.264523
195.0,195,47.30282
255.0,255,47.35002
194.0,194,47.386339
231.0,231,47.42911
214.0,214,47.468727
195.0,195,47.505024
217.0,217,47.545005
199.0,199,47.581756
211.0,211,47.620471
219.0,219,47.733689
222.0,222,47.780297
228.0,228,47.845235
217.0,217,47.903639
180.0,180,47.940705
176.0,176,47.977148
193.0,193,48.019104
210.0,210,48.064584
186.0,186,48.105406
187.0,187,48.144925
190.0,190,48.280394
227.0,227,48.344775
217.0,217,48.393534
200.0,200,48.436838
218.0,218,48.477735
209.0,209,48.516609
224.0,224,48.558428
233.0,233,48.601466
226.0,226,48.643397
200.0,200,48.748337
198.0,198,48.78497
193.0,193,48.821193
178.0,178,48.853673
254.0,254,48.901594
188.0,188,48.936202
194.0,194,48.971468
190.0,190,49.00684
208.0,208,49.045182
187.0,187,49.079357
213.0,213,49.186932
191.0,191,49.222281
194.0,194,49.258296
230.0,230,49.30047
204.0,204,49.338149
201.0,201,49.37545
194.0,194,49.410858
240.0,240,49.455207
217.0,217,49.496448
195.0,195,49.532339
197.0,197,49.66698
201.0,201,49.708189
192.0,192,49.747431
185.0,185,49.785398
223.0,223,49.831481
214.0,214,49.890778
176.0,176,49.94271
183.0,183,49.981027
208.0,208,50.027084
197.0,197,50.07008
238.0,238,50.198718
181.0,181,50.23866
182.0,182,50.278355
227.0,227,50.321906
207.0,207,50.360597
222.0,222,50.401504
202.0,202,50.43875
206.0,206,50.476399
198.0,198,50.513093
188.0,188,50.5478
252.0,252,50.693907
215.0,215,50.733978
204.0,204,50.772109
192.0,192,50.807582
240.0,240,50.851422
224.0,224,50.892582
205.0,205,50.930166
189.0,189,50.964956
183.0,183,50.998848
195.0,195,51.100565
186.0,186,51.134819
212.0,212,51.174027
205.0,205,51.211761
203.0,203,51.249449
181.0,181,51.282859
205.0,205,51.320611
193.0,193,51.356049
196.0,196,51.392187
193.0,193,51.427586
204.0,204,51.524133
188.0,188,51.559365
204.0,204,51.597177
193.0,193,51.632507
199.0,199,51.669465
181.0,181,51.702666
205.0,205,51.740763
193.0,193,51.776022
182.0,182,51.809271
185.0,185,51.843631
182.0,182,51.876816
188.0,188,51.970088
211.0,211,52.009151
197.0,197,52.045163
213.0,213,52.084222
199.0,199,52.121014
211.0,211,52.159537
190.0,190,52.193929
215.0,215,52.233659
208.0,208,52.271653
173.0,173,52.303575
194.0,194,52.401846
199.0,199,52.4388
229.0,229,52.481146
211.0,211,52.520158
175.0,175,52.552154
204.0,204,52.589544
180.0,180,52.622548
208.0,208,52.660702
203.0,203,52.697927
197.0,197,52.734225
181.0,181,52.827716
190.0,190,52.862788
189.0,189,52.897373
176.0,176,52.929793
214.0,214,52.969248
184.0,184,53.003284
177.0,177,53.035694
190.0,190,53.070781
193.0,193,53.105993
211.0,211,53.144548
205.0,205,53.255588
180.0,180,53.296619
183.0,183,53.362571
214.0,214,53.406864
184.0,184,53.444061
204.0,204,53.487014
219.0,219,53.533624
202.0,202,53.576287
210.0,210,53.622334
186.0,186,53.661661
182.0,182,53.782298
185.0,185,53.826576
202.0,202,53.873602
195.0,195,53.917581
192.0,192,53.960214
184.0,184,53.9952
200.0,200,54.032559
186.0,186,54.067172
218.0,218,54.107356
188.0,188,54.142174
207.0,207,54.248011
210.0,210,54.288347
195.0,195,54.324047
192.0,192,54.359776
189.0,189,54.39512
181.0,181,54.428986
205.0,205,54.466855
212.0,212,54.506323
211.0,211,54.54529
193.0,193,54.580907
182.0,182,54.614636
215.0,215,54.724212
253.0,253,54.771116
207.0,207,54.808765
168.0,168,54.839823
202.0,202,54.877572
231.0,231,54.920294
190.0,190,54.954979
204.0,204,54.992352
210.0,210,55.033049
194.0,194,55.129608
189.0,189,55.165015
217.0,217,55.205437
197.0,197,55.241719
199.0,199,55.278604
221.0,221,55.319331
200.0,200,55.356389
192.0,192,55.392312
184.0,184,55.42675
207.0,207,55.464894
215.0,215,55.566361
176.0,176,55.600002
193.0,193,55.636618
204.0,204,55.674432
193.0,193,55.710101
178.0,178,55.743289
186.0,186,55.777879
210.0,210,55.816712
204.0,204,55.854393
189.0,189,55.8896
191.0,191,55.992131
226.0,226,56.03589
199.0,199,56.072653
226.0,226,56.113645
195.0,195,56.149873
189.0,189,56.184399
204.0,204,56.221796
181.0,181,56.254989
201.0,201,56.293086
181.0,181,56.326485
194.0,194,56.436208
224.0,224,56.4791
201.0,201,56.518394
184.0,184,56.552784
189.0,189,56.587569
192.0,192,56.622826
203.0,203,56.660367
190.0,190,56.695017
222.0,222,56.73586
207.0,207,56.773419
190.0,190,56.870389
189.0,189,56.90678
178.0,178,56.940157
237.0,237,56.983524
207.0,207,57.022006
179.0,179,57.054908
185.0,185,57.089442
187.0,187,57.123472
203.0,203,57.160936
224.0,224,57.202351
183.0,183,57.23587
184.0,184,57.331555
208.0,208,57.370104
170.0,170,57.401246
181.0,181,57.434396
179.0,179,57.467251
184.0,184,57.501234
185.0,185,57.53557
184.0,184,57.569395
197.0,197,57.605269
201.0,201,57.641837
197.0,197,57.744715
184.0,184,57.809148
178.0,178,57.842215
188.0,188,57.876934
200.0,200,57.914026
180.0,180,57.947177
177.0,177,57.97939
199.0,199,58.016073
207.0,207,58.053999
207.0,207,58.091671
190.0,190,58.126705
213.0,213,58.2277
191.0,191,58.263139
193.0,193,58.298536
185.0,185,58.33257
189.0,189,58.367295
187.0,187,58.41451
185.0,185,58.46632
201.0,201,58.503263
189.0,189,58.53766
161.0,161,58.567271
208.0,208,58.668499
178.0,178,58.701929
163.0,163,58.732216
198.0,198,58.768519
182.0,182,58.802063
187.0,187,58.836202
215.0,215,58.876458
179.0,179,58.909324
195.0,195,58.945459
207.0,207,58.983204
166.0,166,59.013974
177.0,177,59.111218
182.0,182,59.145552
179.0,179,59.178136
168.0,168,59.20905
202.0,202,59.246693
180.0,180,59.27971
161.0,161,59.30913
180.0,180,59.342273
181.0,181,59.375466
187.0,187,59.410066
201.0,201,59.447197
178.0,178,59.543415
182.0,182,59.580858
182.0,182,59.61865
195.0,195,59.658839
179.0,179,59.695603
161.0,161,59.728749
195.0,195,59.785965
193.0,193,59.843476
198.0,198,59.885359
181.0,181,59.92356
190.0,190,59.9647
223.0,223,60.086621
199.0,199,60.129644
217.0,217,60.177844
189.0,189,60.232929
205.0,205,60.276876
207.0,207,60.315387
186.0,186,60.350034
176.0,176,60.383293
190.0,190,60.418967
179.0,179,60.452378
184.0,184,60.550429
172.0,172,60.582162
223.0,223,60.623141
180.0,180,60.656213
191.0,191,60.691736
178.0,178,60.724858
183.0,183,60.758422
177.0,177,60.791581
177.0,177,60.824143
182.0,182,60.856784
190.0,190,60.892195
170.0,170,60.984032
183.0,183,61.018559
177.0,177,61.05132
200.0,200,61.088206
198.0,198,61.125162
232.0,232,61.172552
173.0,173,61.208256
175.0,175,61.244715
195.0,195,61.284702
185.0,185,61.323386
197.0,197,61.42606
180.0,180,61.481679
200.0,200,61.538475
185.0,185,61.582207
175.0,175,61.619843
168.0,168,61.656785
184.0,184,61.697554
203.0,203,61.742203
194.0,194,61.787512
184.0,184,61.82944
184.0,184,61.865135
189.0,189,61.965292
191.0,191,62.000729
216.0,216,62.041058
193.0,193,62.077111
197.0,197,62.113389
214.0,214,62.152869
182.0,182,62.186736
197.0,197,62.222747
170.0,170,62.254312
191.0,191,62.289246
211.0,211,62.39146
191.0,191,62.427511
186.0,186,62.461799
172.0,172,62.493468
176.0,176,62.52587
189.0,189,62.561379
169.0,169,62.592477
193.0,193,62.628059
198.0,198,62.664936
159.0,159,62.69357
164.0,164,62.723828
194.0,194,62.820797
181.0,181,62.854956
166.0,166,62.885746
168.0,168,62.91679
170.0,170,62.947849
182.0,182,62.981617
180.0,180,63.014681
172.0,172,63.046361
181.0,181,63.079788
173.0,173,63.111356
184.0,184,63.145
177.0,177,63.177556
168.0,168,63.270256
183.0,183,63.304735
215.0,215,63.344661
171.0,171,63.376266
172.0,172,63.40828
179.0,179,63.440885
165.0,165,63.471592
178.0,178,63.504248
185.0,185,63.537955
176.0,176,63.570545
169.0,169,63.601928
186.0,186,63.692843
164.0,164,63.723206
182.0,182,63.757009
171.0,171,63.788024
168.0,168,63.819335
177.0,177,63.852488
190.0,190,63.887025
178.0,178,63.920138
181.0,181,63.95323
165.0,165,63.983481
178.0,178,64.016323
174.0,174,64.104035
173.0,173,64.136605
187.0,187,64.171222
174.0,174,64.203822
175.0,175,64.235851
180.0,180,64.26889
174.0,174,64.301083
184.0,184,64.335095
190.0,190,64.369908
169.0,169,64.401399
185.0,185,64.435119
195.0,195,64.528376
164.0,164,64.558898
176.0,176,64.591349
175.0,175,64.623038
177.0,177,64.655678
184.0,184,64.689398
167.0,167,64.719837
172.0,172,64.751503
183.0,183,64.785089
172.0,172,64.816526
186.0,186,64.850904
193.0,193,64.886057
178.0,178,64.976158
171.0,171,65.007727
174.0,174,65.041332
167.0,167,65.07298
173.0,173,65.105258
189.0,189,65.139944
175.0,175,65.172493
163.0,163,65.202447
182.0,182,65.236074
201.0,201,65.273016
176.0,176,65.305649
177.0,177,65.395564
181.0,181,65.42977
198.0,198,65.466123
165.0,165,65.496476
181.0,181,65.530557
183.0,183,65.567154
210.0,210,65.61061
179.0,179,65.646453
188.0,188,65.707534
169.0,169,65.748639
159.0,159,65.781546
213.0,213,65.8962
168.0,168,65.933011
173.0,173,65.972628
186.0,186,66.013719
175.0,175,66.052876
188.0,188,66.101666
177.0,177,66.15422
167.0,167,66.195625
164.0,164,66.232602
190.0,190,66.275063
166.0,166,66.306325
172.0,172,66.398583
190.0,190,66.435557
190.0,190,66.471072
194.0,194,66.507235
180.0,180,66.540568
174.0,174,66.572402
199.0,199,66.609034
204.0,204,66.646663
174.0,174,66.678963
168.0,168,66.709859
189.0,189,66.744973
207.0,207,66.842518
164.0,164,66.873766
189.0,189,66.908695
171.0,171,66.940178
166.0,166,66.970472
207.0,207,67.009067
183.0,183,67.042908
182.0,182,67.076199
161.0,161,67.106015
200.0,200,67.142809
165.0,165,67.173563
187.0,187,67.262791
175.0,175,67.295757
170.0,170,67.327399
170.0,170,67.358523
158.0,158,67.387639
180.0,180,67.420615
185.0,185,67.454734
183.0,183,67.488897
173.0,173,67.520608
188.0,188,67.555272
166.0,166,67.585409
176.0,176,67.677097
165.0,165,67.708949
198.0,198,67.745568
183.0,183,67.779747
164.0,164,67.809878
177.0,177,67.842309
178.0,178,67.875462
191.0,191,67.91014
164.0,164,67.940412
176.0,176,67.972542
162.0,162,68.002612
148.0,148,68.030582
176.0,176,68.124537
168.0,168,68.15608
182.0,182,68.189571
172.0,172,68.221234
179.0,179,68.254378
178.0,178,68.287371
195.0,195,68.322899
187.0,187,68.357503
176.0,176,68.389873
182.0,182,68.423595
167.0,167,68.453858
169.0,169,68.542708
170.0,170,68.574786
190.0,190,68.61024
177.0,177,68.642849
161.0,161,68.6724
183.0,183,68.706382
173.0,173,68.738327
162.0,162,68.76832
196.0,196,68.804526
190.0,190,68.839112
177.0,177,68.871492
160.0,160,68.956224
141.0,141,68.98357
162.0,162,69.013306
159.0,159,69.042727
153.0,153,69.07063
149.0,149,69.098153
154.0,154,69.126667
160.0,160,69.155916
162.0,162,69.185476
156.0,156,69.213864
148.0,148,69.240992
163.0,163,69.271084
147.0,147,69.29809
161.0,161,69.376227
153.0,153,69.405473
158.0,158,69.434852
151.0,151,69.462847
151.0,151,69.490336
150.0,150,69.518282
146.0,146,69.544778
160.0,160,69.574313
164.0,164,69.604403
180.0,180,69.637418
152.0,152,69.665149
154.0,154,69.69363
150.0,150,69.720837
178.0,178,69.809395
164.0,164,69.840166
163.0,163,69.87036
163.0,163,69.899871
173.0,173,69.931842
155.0,155,69.959931
177.0,177,69.99276
155.0,155,70.020829
144.0,144,70.049316
166.0,166,70.081585
161.0,161,70.111383
171.0,171,70.143015
154.0,154,70.221254
169.0,169,70.25417
163.0,163,70.284131
156.0,156,70.313004
158.0,158,70.342476
149.0,149,70.36992
158.0,158,70.399836
158.0,158,70.429008
170.0,170,70.460235
176.0,176,70.492684
165.0,165,70.522978
149.0,149,70.55025
155.0,155,70.58021
176.0,176,70.671391
163.0,163,70.705053
160.0,160,70.737943
158.0,158,70.770579
160.0,160,70.803524
165.0,165,70.837947
169.0,169,70.899523
164.0,164,70.935382
148.0,148,70.969209
157.0,157,71.003323
167.0,167,71.039174
158.0,158,71.073137
160.0,160,71.163142
158.0,158,71.198007
149.0,149,71.231881
169.0,169,71.266767
169.0,169,71.298818
148.0,148,71.32631
164.0,164,71.356789
146.0,146,71.383789
140.0,140,71.409654
144.0,144,71.436118
156.0,156,71.464729
156.0,156,71.493348
159.0,159,71.522802
144.0,144,71.600797
149.0,149,71.628233
165.0,165,71.658821
154.0,154,71.687378
160.0,160,71.716599
161.0,161,71.746942
155.0,155,71.775423
160.0,160,71.804977
169.0,169,71.835955
161.0,161,71.865291
150.0,150,71.893638
165.0,165,71.924105
146.0,146,71.950982
151.0,151,72.028251
160.0,160,72.058331
158.0,158,72.08769
146.0,146,72.114558
149.0,149,72.141501
164.0,164,72.17171
168.0,168,72.205651
148.0,148,72.235534
163.0,163,72.268405
165.0,165,72.323104
11.0,11,72.327606
153.0,153,72.366244
165.0,165,72.399678
145.0,145,72.517207
150.0,150,72.550718
149.0,149,72.585061
164.0,164,72.621447
175.0,175,72.658461
158.0,158,72.69316
141.0,141,72.734832
163.0,163,72.786216
160.0,160,72.829637
165.0,165,72.86829
152.0,152,72.903933
181.0,181,72.943264
152.0,152,72.971921
167.0,167,73.054731
162.0,162,73.085123
172.0,172,73.117039
168.0,168,73.148025
170.0,170,73.179069
147.0,147,73.206417
172.0,172,73.238006
162.0,162,73.267542
155.0,155,73.296169
167.0,167,73.326624
151.0,151,73.354419
169.0,169,73.385431
143.0,143,73.463634
156.0,156,73.493582
161.0,161,73.523328
158.0,158,73.552013
156.0,156,73.580816
160.0,160,73.610441
147.0,147,73.637509
164.0,164,73.667712
162.0,162,73.697792
136.0,136,73.722746
157.0,157,73.751361
143.0,143,73.777574
157.0,157,73.806442
166.0,166,73.888495
139.0,139,73.914803
155.0,155,73.943643
146.0,146,73.970028
167.0,167,74.000612
161.0,161,74.030075
150.0,150,74.057712
153.0,153,74.085646
148.0,148,74.112868
184.0,184,74.146573
159.0,159,74.17563
174.0,174,74.206783
150.0,150,74.234297
150.0,150,74.310234
146.0,146,74.338034
155.0,155,74.367002
150.0,150,74.394385
167.0,167,74.425151
141.0,141,74.451173
163.0,163,74.48114
154.0,154,74.509249
154.0,154,74.537451
158.0,158,74.566118
163.0,163,74.595935
158.0,158,74.625066
158.0,158,74.653769
154.0,154,74.732222
159.0,159,74.761601
164.0,164,74.791691
165.0,165,74.821921
157.0,157,74.850553
164.0,164,74.880599
172.0,172,74.911889
146.0,146,74.938216
163.0,163,74.968315
163.0,163,74.998246
146.0,146,75.024732
159.0,159,75.055793
163.0,163,75.136023
167.0,167,75.168307
158.0,158,75.197162
168.0,168,75.228101
159.0,159,75.257184
151.0,151,75.284863
170.0,170,75.315799
151.0,151,75.343528
153.0,153,75.371229
153.0,153,75.398926
152.0,152,75.426688
142.0,142,75.452799
143.0,143,75.478914
172.0,172,75.560818
147.0,147,75.587972
134.0,134,75.612853
132.0,132,75.637229
145.0,145,75.663588
146.0,146,75.690685
137.0,137,75.715599
150.0,150,75.742872
154.0,154,75.771042
151.0,151,75.798699
146.0,146,75.82524
147.0,147,75.852025
145.0,145,75.878321
140.0,140,75.903995
145.0,145,75.974804
142.0,142,76.001511
147.0,147,76.028778
150.0,150,76.056049
151.0,151,76.083622
149.0,149,76.110967
138.0,138,76.136268
137.0,137,76.161066
135.0,135,76.186112
143.0,143,76.212165
137.0,137,76.237482
142.0,142,76.263226
138.0,138,76.288589
136.0,136,76.313607
147.0,147,76.384888
157.0,157,76.415015
151.0,151,76.442668
152.0,152,76.47033
137.0,137,76.495725
143.0,143,76.521535
149.0,149,76.548999
139.0,139,76.574135
144.0,144,76.600297
158.0,158,76.629194
130.0,130,76.652604
150.0,150,76.679941
149.0,149,76.707294
145.0,145,76.73398
132.0,132,76.811064
149.0,149,76.842157
154.0,154,76.873903
144.0,144,76.903127
143.0,143,76.931809
154.0,154,76.964114
138.0,138,76.991125
142.0,142,77.032976
129.0,129,77.073787
145.0,145,77.10999
156.0,156,77.14444
143.0,143,77.174942
148.0,148,77.207538
143.0,143,77.237278
142.0,142,77.318042
130.0,130,77.346134
167.0,167,77.38266
152.0,152,77.416157
153.0,153,77.461016
151.0,151,77.506385
142.0,142,77.533517
148.0,148,77.560919
153.0,153,77.589246
164.0,164,77.619914
146.0,146,77.646583
157.0,157,77.676407
155.0,155,77.704558
167.0,167,77.784897
152.0,152,77.813674
140.0,140,77.840226
137.0,137,77.867428
142.0,142,77.89426
141.0,141,77.920352
143.0,143,77.946804
142.0,142,77.973046
142.0,142,77.999396
133.0,133,78.023807
140.0,140,78.049754
147.0,147,78.077012
151.0,151,78.104929
143.0,143,78.130848
151.0,151,78.204264
141.0,141,78.231035
140.0,140,78.256961
150.0,150,78.284698
135.0,135,78.309794
144.0,144,78.336221
137.0,137,78.361271
148.0,148,78.388642
140.0,140,78.414421
141.0,141,78.439818
141.0,141,78.465538
143.0,143,78.491702
145.0,145,78.518253
160.0,160,78.547389
156.0,156,78.620872
138.0,138,78.646966
133.0,133,78.671519
146.0,146,78.69851
151.0,151,78.725862
164.0,164,78.756005
149.0,149,78.78348
148.0,148,78.810708
141.0,141,78.836518
148.0,148,78.863469
147.0,147,78.890694
152.0,152,78.918476
152.0,152,78.946714
138.0,138,79.016055
155.0,155,79.045736
154.0,154,79.073921
150.0,150,79.101296
149.0,149,79.128402
138.0,138,79.154158
153.0,153,79.182103
141.0,141,79.207927
162.0,162,79.237937
151.0,151,79.265583
162.0,162,79.29536
141.0,141,79.321193
157.0,157,79.349897
151.0,151,79.421463
141.0,141,79.448581
143.0,143,79.475186
140.0,140,79.50094
160.0,160,79.53069
142.0,142,79.557281
153.0,153,79.585183
145.0,145,79.611679
129.0,129,79.635226
146.0,146,79.662225
154.0,154,79.690128
140.0,140,79.715774
154.0,154,79.74406
146.0,146,79.770778
141.0,141,79.840396
154.0,154,79.869112
145.0,145,79.895573
143.0,143,79.921904
143.0,143,79.948555
135.0,135,79.973354
126.0,126,79.996171
136.0,136,80.021368
135.0,135,80.048396
143.0,143,80.076044
144.0,144,80.102737
151.0,151,80.130228
157.0,157,80.159451
152.0,152,80.187241
142.0,142,80.258447
132.0,132,80.283418
157.0,157,80.31242
154.0,154,80.34105
151.0,151,80.368786
158.0,158,80.397452
139.0,139,80.422973
148.0,148,80.45028
154.0,154,80.478377
148.0,148,80.50544
131.0,131,80.529444
137.0,137,80.554467
140.0,140,80.580001
147.0,147,80.606752
149.0,149,80.681821
135.0,135,80.707217
145.0,145,80.733837
153.0,153,80.762137
135.0,135,80.786659
141.0,141,80.812686
161.0,161,80.842172
141.0,141,80.867977
144.0,144,80.894016
144.0,144,80.920358
143.0,143,80.946514
148.0,148,80.973517
151.0,151,81.001308
145.0,145,81.027693
145.0,145,81.096926
149.0,149,81.124528
141.0,141,81.150954
146.0,146,81.178808
143.0,143,81.205577
159.0,159,81.235171
157.0,157,81.264206
149.0,149,81.291553
147.0,147,81.318525
158.0,158,81.347361
133.0,133,81.372103
152.0,152,81.400136
152.0,152,81.428322
137.0,137,81.497965
143.0,143,81.524891
136.0,136,81.551142
149.0,149,81.581613
160.0,160,81.614322
146.0,146,81.643359
149.0,149,81.673706
142.0,142,81.70255
152.0,152,81.735304
154.0,154,81.765797
146.0,146,81.796034
131.0,131,81.823024
153.0,153,81.854997
149.0,149,81.89528
157.0,157,81.993118
138.0,138,82.022688
141.0,141,82.054423
138.0,138,82.085868
131.0,131,82.114978
147.0,147,82.146465
133.0,133,82.17672
138.0,138,82.208908
143.0,143,82.241464
147.0,147,82.271792
132.0,132,82.296696
138.0,138,82.32212
142.0,142,82.348854
135.0,135,82.373717
127.0,127,82.441499
133.0,133,82.4667
144.0,144,82.493569
153.0,153,82.522263
138.0,138,82.547397
134.0,134,82.572198
134.0,134,82.596812
127.0,127,82.620309
140.0,140,82.645906
132.0,132,82.670045
138.0,138,82.695021
149.0,149,82.724017
135.0,135,82.748187
130.0,130,82.772296
145.0,145,82.798649
141.0,141,82.870432
144.0,144,82.896891
135.0,135,82.922188
137.0,137,82.947448
121.0,121,82.970052
147.0,147,82.997013
132.0,132,83.021228
134.0,134,83.045814
134.0,134,83.070392
144.0,144,83.096874
149.0,149,83.124499
142.0,142,83.150324
132.0,132,83.174671
142.0,142,83.201076
130.0,130,83.268543
126.0,126,83.294283
146.0,146,83.32431
136.0,136,83.352554
146.0,146,83.38371
137.0,137,83.436027
143.0,143,83.473017
131.0,131,83.499608
132.0,132,83.526578
128.0,128,83.55317
143.0,143,83.584955
127.0,127,83.611848
129.0,129,83.639837
133.0,133,83.669143
121.0,121,83.695125
144.0,144,83.777392
139.0,139,83.808072
137.0,137,83.846706
123.0,123,83.882109
123.0,123,83.921487
131.0,131,83.952673
130.0,130,83.982804
137.0,137,84.010432
121.0,121,84.033277
130.0,130,84.05708
140.0,140,84.083102
143.0,143,84.109505
135.0,135,84.134544
138.0,138,84.159727
139.0,139,84.185366
147.0,147,84.256572
145.0,145,84.283213
149.0,149,84.310943
130.0,130,84.335173
128.0,128,84.358633
140.0,140,84.384381
148.0,148,84.411662
144.0,144,84.438355
145.0,145,84.465018
139.0,139,84.490647
136.0,136,84.515648
135.0,135,84.54046
121.0,121,84.562666
143.0,143,84.588893
146.0,146,84.66079
150.0,150,84.690092
149.0,149,84.717973
147.0,147,84.745117
144.0,144,84.771548
144.0,144,84.798098
141.0,141,84.824019
155.0,155,84.852483
136.0,136,84.877395
124.0,124,84.90024
142.0,142,84.926006
120.0,120,84.947943
140.0,140,84.973631
124.0,124,84.996331
130.0,130,85.020223
124.0,124,85.089782
140.0,140,85.115754
121.0,121,85.138122
122.0,122,85.160158
134.0,134,85.184932
126.0,126,85.20808
131.0,131,85.232078
121.0,121,85.254385
135.0,135,85.279183
132.0,132,85.303308
139.0,139,85.328857
127.0,127,85.352221
158.0,158,85.381004
142.0,142,85.407323
136.0,136,85.432338
124.0,124,85.495878
151.0,151,85.524062
129.0,129,85.548286
122.0,122,85.570554
132.0,132,85.594862
119.0,119,85.61649
13.0,13,85.618697
134.0,134,85.643455
152.0,152,85.671676
120.0,120,85.693553
131.0,131,85.717393
125.0,125,85.74058
127.0,127,85.763649
121.0,121,85.78595
125.0,125,85.80892
126.0,126,85.831646
123.0,123,85.892956
118.0,118,85.91549
121.0,121,85.937965
144.0,144,85.964431
132.0,132,85.988746
140.0,140,86.014474
122.0,122,86.036586
122.0,122,86.058981
118.0,118,86.080348
125.0,125,86.103586
126.0,126,86.126276
134.0,134,86.152012
135.0,135,86.176539
123.0,123,86.199213
133.0,133,86.223318
136.0,136,86.2481
163.0,163,86.318654
127.0,127,86.342429
121.0,121,86.364657
110.0,110,86.384877
119.0,119,86.406487
110.0,110,86.42677
114.0,114,86.447248
117.0,117,86.46919
122.0,122,86.491163
108.0,108,86.510899
126.0,126,86.533905
112.0,112,86.554269
115.0,115,86.574848
117.0,117,86.596823
116.0,116,86.618029
117.0,117,86.639115
123.0,123,86.695875
108.0,108,86.716923
118.0,118,86.738879
113.0,113,86.75948
109.0,109,86.779779
114.0,114,86.800568
133.0,133,86.824844
116.0,116,86.845927
115.0,115,86.867137
118.0,118,86.888986
121.0,121,86.910908
116.0,116,86.931945
119.0,119,86.953852
121.0,121,86.975917
111.0,111,86.99626
113.0,113,87.016761
110.0,110,87.036521
113.0,113,87.0576
110.0,110,87.113622
120.0,120,87.135977
121.0,121,87.158378
123.0,123,87.181006
111.0,111,87.201567
111.0,111,87.221936
119.0,119,87.243168
112.0,112,87.263621
109.0,109,87.284111
114.0,114,87.304713
112.0,112,87.325337
107.0,107,87.344829
112.0,112,87.365037
116.0,116,87.387322
110.0,110,87.407918
113.0,113,87.428666
120.0,120,87.450405
109.0,109,87.506443
114.0,114,87.5284
116.0,116,87.549917
108.0,108,87.569926
110.0,110,87.590589
110.0,110,87.610529
108.0,108,87.630457
109.0,109,87.650612
111.0,111,87.670562
113.0,113,87.691432
115.0,115,87.712114
107.0,107,87.731632
110.0,110,87.751978
111.0,111,87.771804
109.0,109,87.79214
111.0,111,87.812103
117.0,117,87.833834
111.0,111,87.854349
106.0,106,87.91261
108.0,108,87.936343
110.0,110,87.958509
120.0,120,87.982893
118.0,118,88.006462
116.0,116,88.02938
121.0,121,88.053877
119.0,119,88.079146
111.0,111,88.102102
114.0,114,88.125097
118.0,118,88.163763
108.0,108,88.199681
104.0,104,88.223785
106.0,106,88.246084
117.0,117,88.271958
114.0,114,88.296593
113.0,113,88.319816
117.0,117,88.346714
110.0,110,88.447462
100.0,100,88.468661
105.0,105,88.49172
111.0,111,88.516204
104.0,104,88.538412
103.0,103,88.561646
103.0,103,88.580873
108.0,108,88.600989
105.0,105,88.620968
105.0,105,88.640185
107.0,107,88.660275
106.0,106,88.679721
112.0,112,88.700468
112.0,112,88.721212
107.0,107,88.741136
104.0,104,88.760212
107.0,107,88.780016
104.0,104,88.799356
103.0,103,88.818242
104.0,104,88.872649
105.0,105,88.892448
104.0,104,88.91184
111.0,111,88.932259
14.0,14,88.935172
108.0,108,88.955157
111.0,111,88.975622
104.0,104,88.994907
110.0,110,89.015208
106.0,106,89.03503
109.0,109,89.054988
101.0,101,89.073228
110.0,110,89.093496
104.0,104,89.112646
111.0,111,89.132674
104.0,104,89.151692
110.0,110,89.171996
102.0,102,89.19031
112.0,112,89.210875
114.0,114,89.266828
110.0,110,89.287918
105.0,105,89.307951
110.0,110,89.328062
105.0,105,89.347237
111.0,111,89.367869
116.0,116,89.38912
99.0,99,89.407628
111.0,111,89.428373
113.0,113,89.44883
109.0,109,89.468883
107.0,107,89.488438
107.0,107,89.507986
109.0,109,89.527988
107.0,107,89.547806
102.0,102,89.566336
110.0,110,89.586801
113.0,113,89.607452
103.0,103,89.626141
110.0,110,89.681062
105.0,105,89.700679
102.0,102,89.71971
109.0,109,89.739696
111.0,111,89.760113
24.0,24,89.764503
102.0,102,89.782927
110.0,110,89.803226
110.0,110,89.823224
102.0,102,89.842096
104.0,104,89.861223
107.0,107,89.880963
102.0,102,89.899438
107.0,107,89.919107
105.0,105,89.938123
103.0,103,89.957038
105.0,105,89.975994
105.0,105,89.994987
105.0,105,90.014595
108.0,108,90.069399
110.0,110,90.09173
102.0,102,90.111127
108.0,108,90.131006
107.0,107,90.150375
104.0,104,90.169898
104.0,104,90.189023
105.0,105,90.208514
102.0,102,90.227091
108.0,108,90.247178
100.0,100,90.265666
104.0,104,90.284832
108.0,108,90.304616
105.0,105,90.323774
105.0,105,90.343381
109.0,109,90.363303
113.0,113,90.383937
106.0,106,90.403659
113.0,113,90.42422
100.0,100,90.477589
106.0,106,90.497836
104.0,104,90.517453
107.0,107,90.537281
100.0,100,90.555467
106.0,106,90.575284
107.0,107,90.594768
97.0,97,90.61292
98.0,98,90.630791
102.0,102,90.649624
99.0,99,90.667385
22.0,22,90.671659
99.0,99,90.689811
102.0,102,90.708015
106.0,106,90.727558
105.0,105,90.746466
110.0,110,90.766593
104.0,104,90.785554
9.0,9,90.787524
105.0,105,90.806803
97.0,97,90.824435
107.0,107,90.877116
100.0,100,90.896691
104.0,104,90.916056
16.0,16,90.919021
102.0,102,90.93765
12.0,12,90.939905
109.0,109,90.960305
104.0,104,90.979421
99.0,99,90.997371
99.0,99,91.015588
104.0,104,91.034822
106.0,106,91.054408
99.0,99,91.072003
105.0,105,91.091622
109.0,109,91.111508
100.0,100,91.129786
108.0,108,91.149542
102.0,102,91.168112
105.0,105,91.187631
97.0,97,91.205198
101.0,101,91.223414
101.0,101,91.241676
96.0,96,91.292369
105.0,105,91.312551
97.0,97,91.330374
98.0,98,91.348266
103.0,103,91.367374
107.0,107,91.387185
107.0,107,91.40692
101.0,101,91.425764
100.0,100,91.444101
98.0,98,91.461875
109.0,109,91.482705
100.0,100,91.500991
104.0,104,91.519784
100.0,100,91.538063
107.0,107,91.557288
104.0,104,91.57646
102.0,102,91.595266
103.0,103,91.614232
107.0,107,91.633638
99.0,99,91.684301
101.0,101,91.703498
99.0,99,91.722142
101.0,101,91.740659
107.0,107,91.760448
105.0,105,91.779621
104.0,104,91.798711
98.0,98,91.816883
102.0,102,91.835656
99.0,99,91.854527
102.0,102,91.873262
99.0,99,91.890961
102.0,102,91.909722
105.0,105,91.928987
103.0,103,91.948109
103.0,103,91.967159
107.0,107,91.98641
98.0,98,92.004697
104.0,104,92.023668
98.0,98,92.041318
106.0,106,92.095208
95.0,95,92.113357
100.0,100,92.131845
98.0,98,92.149598
17.0,17,92.152637
102.0,102,92.171714
101.0,101,92.190183
105.0,105,92.2092
100.0,100,92.227498
97.0,97,92.24549
99.0,99,92.263372
106.0,106,92.283027
99.0,99,92.301031
107.0,107,92.320205
101.0,101,92.338867
107.0,107,92.358105
99.0,99,92.376343
104.0,104,92.395117
102.0,102,92.414623
102.0,102,92.433698
97.0,97,92.484016
116.0,116,92.508556
99.0,99,92.528329
100.0,100,92.54868
97.0,97,92.568382
106.0,106,92.589822
97.0,97,92.61325
105.0,105,92.652055
98.0,98,92.681045
99.0,99,92.700664
102.0,102,92.721656
109.0,109,92.744738
101.0,101,92.766715
108.0,108,92.788911
104.0,104,92.811642
101.0,101,92.833414
101.0,101,92.855311
102.0,102,92.879197
101.0,101,92.901199
99.0,99,92.923395
109.0,109,92.990013
99.0,99,93.02468
100.0,100,93.055659
97.0,97,93.083851
110.0,110,93.108131
100.0,100,93.132375
104.0,104,93.157001
101.0,101,93.179651
13.0,13,93.182215
99.0,99,93.204194
103.0,103,93.225749
107.0,107,93.246147
110.0,110,93.267051
106.0,106,93.286624
107.0,107,93.306911
98.0,98,93.324808
107.0,107,93.344675
110.0,110,93.365285
103.0,103,93.383896
103.0,103,93.402819
98.0,98,93.454062
101.0,101,93.473258
107.0,107,93.49328
101.0,101,93.511877
97.0,97,93.529823
104.0,104,93.549022
98.0,98,93.567193
103.0,103,93.585817
100.0,100,93.604273
97.0,97,93.622538
106.0,106,93.64173
101.0,101,93.660222
97.0,97,93.678338
100.0,100,93.696598
96.0,96,93.714101
13.0,13,93.716278
103.0,103,93.735408
104.0,104,93.75435
95.0,95,93.771413
93.0,93,93.788791
108.0,108,93.808753
99.0,99,93.859026
97.0,97,93.877566
104.0,104,93.896826
109.0,109,93.916932
108.0,108,93.937757
102.0,102,93.956488
103.0,103,93.975595
101.0,101,93.994406
111.0,111,94.014911
104.0,104,94.034016
105.0,105,94.053335
100.0,100,94.071641
101.0,101,94.090753
107.0,107,94.110149
98.0,98,94.128435
106.0,106,94.147644
99.0,99,94.165929
105.0,105,94.185186
23.0,23,94.189525
102.0,102,94.208522
104.0,104,94.263271
18.0,18,94.26773
98.0,98,94.303191
100.0,100,94.333643
100.0,100,94.354629
107.0,107,94.376822
104.0,104,94.397574
99.0,99,94.419027
109.0,109,94.441704
97.0,97,94.461794
100.0,100,94.481973
100.0,100,94.518458
100.0,100,94.55398
95.0,95,94.576067
97.0,97,94.597317
98.0,98,94.618136
97.0,97,94.639033
98.0,98,94.660501
93.0,93,94.680997
101.0,101,94.701932
20.0,20,94.70622
96.0,96,94.727308
100.0,100,94.787751
98.0,98,94.809741
102.0,102,94.830122
96.0,96,94.851074
102.0,102,94.874052
102.0,102,94.896927
102.0,102,94.924005
100.0,100,94.961275
102.0,102,94.989019
101.0,101,95.008257
104.0,104,95.0278
102.0,102,95.046833
107.0,107,95.068652
102.0,102,95.088432
28.0,28,95.093509
19.0,19,95.097037
103.0,103,95.116244
29.0,29,95.121624
100.0,100,95.139957
102.0,102,95.158807
29.0,29,95.163935
105.0,105,95.183311
106.0,106,95.236406
103.0,103,95.256357
98.0,98,95.274987
99.0,99,95.293639
104.0,104,95.31303
101.0,101,95.331585
100.0,100,95.35012
101.0,101,95.368669
104.0,104,95.387951
105.0,105,95.407365
18.0,18,95.410807
104.0,104,95.429885
100.0,100,95.448369
102.0,102,95.466934
102.0,102,95.485887
104.0,104,95.506996
102.0,102,95.527349
103.0,103,95.546323
103.0,103,95.565551
101.0,101,95.584098
105.0,105,95.603451
105.0,105,95.655772
108.0,108,95.676256
99.0,99,95.694384
99.0,99,95.712874
95.0,95,95.730428
100.0,100,95.748692
104.0,104,95.767881
109.0,109,95.788028
98.0,98,95.806308
101.0,101,95.824627
104.0,104,95.843935
103.0,103,95.862966
111.0,111,95.882928
104.0,104,95.901927
102.0,102,95.921046
101.0,101,95.939485
106.0,106,95.959111
106.0,106,95.978222
97.0,97,95.996033
101.0,101,96.047716
100.0,100,96.066558
103.0,103,96.085706
103.0,103,96.104977
94.0,94,96.122664
22.0,22,96.126512
29.0,29,96.131759
96.0,96,96.14965
109.0,109,96.169909
110.0,110,96.190065
102.0,102,96.209032
32.0,32,96.214825
106.0,106,96.233835
104.0,104,96.253152
12.0,12,96.255279
101.0,101,96.273796
96.0,96,96.291566
108.0,108,96.311629
29.0,29,96.317192
99.0,99,96.335136
102.0,102,96.354265
24.0,24,96.358531
99.0,99,96.376764
105.0,105,96.396066
99.0,99,96.447273
106.0,106,96.467512
100.0,100,96.486441
109.0,109,96.506511
101.0,101,96.525476
105.0,105,96.544903
101.0,101,96.563253
103.0,103,96.582409
97.0,97,96.600115
102.0,102,96.618767
103.0,103,96.637454
103.0,103,96.656399
104.0,104,96.675647
102.0,102,96.694483
104.0,104,96.713563
101.0,101,96.73215
98.0,98,96.749719
104.0,104,96.768875
104.0,104,96.787915
109.0,109,96.808316
105.0,105,96.860263
24.0,24,96.864726
98.0,98,96.883025
104.0,104,96.902476
101.0,101,96.921432
104.0,104,96.940632
97.0,97,96.958568
102.0,102,96.977204
106.0,106,96.996888
97.0,97,97.014506
101.0,101,97.033223
107.0,107,97.05278
105.0,105,97.071787
103.0,103,97.09088
99.0,99,97.109089
107.0,107,97.129078
105.0,105,97.148199
105.0,105,97.167474
105.0,105,97.186418
109.0,109,97.206727
101.0,101,97.25797
101.0,101,97.277046
97.0,97,97.294881
104.0,104,97.314182
107.0,107,97.333832
98.0,98,97.352067
33.0,33,97.357995
109.0,109,97.377963
104.0,104,97.397045
106.0,106,97.416713
109.0,109,97.436619
108.0,108,97.456563
108.0,108,97.476559
98.0,98,97.49418
25.0,25,97.499022
102.0,102,97.517456
106.0,106,97.537107
102.0,102,97.555529
109.0,109,97.57524
105.0,105,97.594714
100.0,100,97.612861
29.0,29,97.650115
103.0,103,97.670262
107.0,107,97.690149
103.0,103,97.709406
100.0,100,97.727889
102.0,102,97.746679
99.0,99,97.764509
102.0,102,97.783265
97.0,97,97.800914
101.0,101,97.819284
106.0,106,97.839033
99.0,99,97.85719
98.0,98,97.875059
104.0,104,97.89395
103.0,103,97.912764
102.0,102,97.931636
106.0,106,97.951348
101.0,101,97.969735
104.0,104,97.988919
103.0,103,98.007891
103.0,103,98.060173
100.0,100,98.078834
103.0,103,98.098855
98.0,98,98.118898
29.0,29,98.124486
100.0,100,98.14483
101.0,101,98.164866
108.0,108,98.186904
100.0,100,98.207297
103.0,103,98.229047
104.0,104,98.249414
18.0,18,98.253243
98.0,98,98.274736
102.0,102,98.295067
26.0,26,98.300343
104.0,104,98.321804
101.0,101,98.34286
100.0,100,98.364577
103.0,103,98.386703
49.0,49,98.396814
108.0,108,98.428608
99.0,99,98.461245
105.0,105,98.52413
105.0,105,98.547949
102.0,102,98.569384
101.0,101,98.592358
106.0,106,98.615445
102.0,102,98.63743
47.0,47,98.647956
108.0,108,98.67157
102.0,102,98.693876
109.0,109,98.718659
108.0,108,98.743348
101.0,101,98.766515
101.0,101,98.789243
105.0,105,98.810728
106.0,106,98.830543
100.0,100,98.849177
107.0,107,98.869358
104.0,104,98.888822
102.0,102,98.907422
99.0,99,98.925764
106.0,106,98.981465
93.0,93,98.998881
100.0,100,99.017832
102.0,102,99.036733
104.0,104,99.056067
103.0,103,99.075254
101.0,101,99.093683
25.0,25,99.098657
100.0,100,99.1178
106.0,106,99.137011
96.0,96,99.154792
100.0,100,99.173197
17.0,17,99.176171
20.0,20,99.179844
98.0,98,99.198016
102.0,102,99.216727
99.0,99,99.235012
97.0,97,99.252758
95.0,95,99.270465
28.0,28,99.275479
97.0,97,99.293101
103.0,103,99.312179
102.0,102,99.331343
102.0,102,99.382889
109.0,109,99.403712
99.0,99,99.422577
27.0,27,99.427739
101.0,101,99.446327
100.0,100,99.464904
98.0,98,99.483229
105.0,105,99.502545
101.0,101,99.52114
98.0,98,99.539499
95.0,95,99.556907
100.0,100,99.575245
26.0,26,99.580277
97.0,97,99.598024
102.0,102,99.617016
102.0,102,99.635494
103.0,103,99.654436
98.0,98,99.672318
106.0,106,99.692399
106.0,106,99.711744
101.0,101,99.7307
29.0,29,99.735925
94.0,94,99.785574
97.0,97,99.804548
104.0,104,99.824022
105.0,105,99.843382
100.0,100,99.862562
105.0,105,99.881797
101.0,101,99.900512
108.0,108,99.920465
110.0,110,99.940772
101.0,101,99.959132
104.0,104,99.978299
103.0,103,99.997473
94.0,94,100.014589
97.0,97,100.032935
102.0,102,100.051631
106.0,106,100.073201
104.0,104,100.093356
26.0,26,100.097899
107.0,107,100.117946
103.0,103,100.13716
96.0,96,100.18645
93.0,93,100.204774
102.0,102,100.223858
100.0,100,100.242343
103.0,103,100.261534
98.0,98,100.279952
104.0,104,100.299217
103.0,103,100.317848
107.0,107,100.337469
107.0,107,100.357512
102.0,102,100.376178
102.0,102,100.395115
101.0,101,100.413519
105.0,105,100.432646
100.0,100,100.450994
103.0,103,100.470092
96.0,96,100.48783
100.0,100,100.506277
102.0,102,100.525037
102.0,102,100.543573
104.0,104,100.595843
101.0,101,100.614322
98.0,98,100.633024
98.0,98,100.650753
99.0,99,100.669071
100.0,100,100.68734
98.0,98,100.705545
99.0,99,100.723426
26.0,26,100.728489
100.0,100,100.74663
104.0,104,100.765491
97.0,97,100.783396
19.0,19,100.78696
98.0,98,100.804559
103.0,103,100.823604
100.0,100,100.84192
101.0,101,100.860296
103.0,103,100.879212
102.0,102,100.898106
101.0,101,100.916464
107.0,107,100.935993
103.0,103,100.954452
93.0,93,101.004653
102.0,102,101.023611
104.0,104,101.042924
101.0,101,101.061484
96.0,96,101.07917
106.0,106,101.098956
96.0,96,101.116605
93.0,93,101.13364
99.0,99,101.15167
101.0,101,101.170214
109.0,109,101.190117
102.0,102,101.209008
23.0,23,101.213386
99.0,99,101.231408
99.0,99,101.249549
101.0,101,101.268493
98.0,98,101.286583
104.0,104,101.30563
99.0,99,101.323863
98.0,98,101.341503
105.0,105,101.392293
100.0,100,101.411589
99.0,99,101.430303
99.0,99,101.448762
99.0,99,101.466989
104.0,104,101.486112
97.0,97,101.503725
106.0,106,101.522697
101.0,101,101.541618
105.0,105,101.560789
102.0,102,101.579358
99.0,99,101.597657
109.0,109,101.617411
102.0,102,101.636325
101.0,101,101.654664
103.0,103,101.673633
106.0,106,101.692758
107.0,107,101.712332
104.0,104,101.73137
105.0,105,101.750407
29.0,29,101.788211
102.0,102,101.807776
104.0,104,101.827628
102.0,102,101.84751
103.0,103,101.86625
100.0,100,101.884764
105.0,105,101.904306
100.0,100,101.922623
104.0,104,101.94178
107.0,107,101.961343
96.0,96,101.978909
103.0,103,101.997978
18.0,18,102.00148
101.0,101,102.019884
100.0,100,102.038197
105.0,105,102.057274
96.0,96,102.074854
98.0,98,102.092905
109.0,109,102.11247
106.0,106,102.131633
101.0,101,102.150294
98.0,98,102.201288
105.0,105,102.221125
94.0,94,102.238678
105.0,105,102.257995
101.0,101,102.276496
102.0,102,102.295308
99.0,99,102.313635
96.0,96,102.331193
100.0,100,102.349791
104.0,104,102.36894
99.0,99,102.386796
100.0,100,102.405176
97.0,97,102.423312
97.0,97,102.441483
98.0,98,102.459258
107.0,107,102.479196
97.0,97,102.496848
103.0,103,102.515705
98.0,98,102.534488
100.0,100,102.552744
103.0,103,102.606485
100.0,100,102.627206
98.0,98,102.647866
107.0,107,102.669954
100.0,100,102.69083
98.0,98,102.710452
98.0,98,102.736086
103.0,103,102.768562
96.0,96,102.799847
102.0,102,102.820719
105.0,105,102.84183
106.0,106,102.864448
103.0,103,102.884972
93.0,93,102.905811
99.0,99,102.927425
103.0,103,102.949148
99.0,99,102.970934
98.0,98,102.992714
98.0,98,103.013455
102.0,102,103.036752
101.0,101,103.095705
96.0,96,103.116471
106.0,106,103.139579
97.0,97,103.167362
100.0,100,103.19209
100.0,100,103.219362
102.0,102,103.254078
106.0,106,103.281724
100.0,100,103.303713
109.0,109,103.329338
98.0,98,103.350384
105.0,105,103.370153
102.0,102,103.389785
98.0,98,103.409564
104.0,104,103.429919
102.0,102,103.449797
107.0,107,103.47057
100.0,100,103.489972
99.0,99,103.508577
97.0,97,103.560368
97.0,97,103.579216
104.0,104,103.598878
97.0,97,103.617828
28.0,28,103.623301
93.0,93,103.640996
99.0,99,103.660378
102.0,102,103.680337
104.0,104,103.699777
101.0,101,103.718263
97.0,97,103.736028
102.0,102,103.755271
101.0,101,103.77376
99.0,99,103.792308
100.0,100,103.810949
99.0,99,103.829143
100.0,100,103.847744
98.0,98,103.867706
95.0,95,103.886707
107.0,107,103.907118
104.0,104,103.927545
102.0,102,103.983494
98.0,98,104.003309
103.0,103,104.024279
105.0,105,104.044628
99.0,99,104.063475
95.0,95,104.081235
100.0,100,104.099906
110.0,110,104.120023
104.0,104,104.139346
102.0,102,104.158316
102.0,102,104.176902
52.0,52,104.186457
99.0,99,104.204827
28.0,28,104.209912
96.0,96,104.227718
95.0,95,104.245286
101.0,101,104.263881
99.0,99,104.282198
101.0,101,104.300443
106.0,106,104.320073
103.0,103,104.338987
97.0,97,104.391148
100.0,100,104.410535
101.0,101,104.429404
99.0,99,104.448984
98.0,98,104.46928
102.0,102,104.489129
104.0,104,104.508644
103.0,103,104.52754
100.0,100,104.546198
107.0,107,104.566613
98.0,98,104.584995
100.0,100,104.603574
105.0,105,104.622845
101.0,101,104.641287
105.0,105,104.660796
106.0,106,104.680794
105.0,105,104.700242
106.0,106,104.72012
102.0,102,104.738855
103.0,103,104.757894
105.0,105,104.814073
100.0,100,104.835768
103.0,103,104.858365
103.0,103,104.880426
101.0,101,104.901194
97.0,97,104.920841
102.0,102,104.94307
108.0,108,104.966072
28.0,28,104.971891
102.0,102,104.992832
102.0,102,105.013585
98.0,98,105.034541
101.0,101,105.057573
103.0,103,105.087355
98.0,98,105.120525
104.0,104,105.155991
97.0,97,105.178881
101.0,101,105.200829
101.0,101,105.22266
106.0,106,105.246667
101.0,101,105.30403
98.0,98,105.325382
104.0,104,105.348799
101.0,101,105.370613
106.0,106,105.392929
103.0,103,105.415014
103.0,103,105.437237
107.0,107,105.461767
106.0,106,105.486049
100.0,100,105.507655
99.0,99,105.527529
100.0,100,105.546951
95.0,95,105.565204
104.0,104,105.585099
102.0,102,105.604404
101.0,101,105.623079
100.0,100,105.641601
98.0,98,105.659877
102.0,102,105.678394
98.0,98,105.696598
97.0,97,105.74733
105.0,105,105.767625
110.0,110,105.78857
98.0,98,105.806755
99.0,99,105.825225
103.0,103,105.844728
99.0,99,105.863476
98.0,98,105.915365
102.0,102,105.935249
103.0,103,105.954417
98.0,98,105.97313
103.0,103,105.992596
96.0,96,106.010504
109.0,109,106.030707
97.0,97,106.048677
105.0,105,106.068081
102.0,102,106.087412
102.0,102,106.106272
99.0,99,106.124635
101.0,101,106.143233
106.0,106,106.198502
98.0,98,106.216929
103.0,103,106.237242
106.0,106,106.257896
106.0,106,106.277971
104.0,104,106.298267
103.0,103,106.317737
98.0,98,106.335862
100.0,100,106.354384
99.0,99,106.37309
101.0,101,106.392287
110.0,110,106.412966
104.0,104,106.432213
102.0,102,106.450823
98.0,98,106.469041
97.0,97,106.486946
100.0,100,106.505227
100.0,100,106.523573
24.0,24,106.527997
100.0,100,106.546346
101.0,101,106.597812
101.0,101,106.617709
99.0,99,106.635961
21.0,21,106.640101
105.0,105,106.659383
95.0,95,106.677588
103.0,103,106.696661
103.0,103,106.716153
105.0,105,106.735926
103.0,103,106.755476
103.0,103,106.775307
100.0,100,106.794725
41.0,41,106.802191
94.0,94,106.820046
95.0,95,106.837524
101.0,101,106.856678
102.0,102,106.875345
101.0,101,106.893972
100.0,100,106.912413
97.0,97,106.930567
104.0,104,106.949809
99.0,99,106.999389
95.0,95,107.017883
103.0,103,107.037316
104.0,104,107.056411
98.0,98,107.073853
104.0,104,107.093069
97.0,97,107.111413
96.0,96,107.128713
104.0,104,107.147707
103.0,103,107.166316
97.0,97,107.184607
104.0,104,107.20376
106.0,106,107.222938
102.0,102,107.241738
97.0,97,107.259197
103.0,103,107.278242
99.0,99,107.295975
103.0,103,107.315062
100.0,100,107.333441
101.0,101,107.351723
99.0,99,107.40319
124.0,124,107.426904
142.0,142,107.453298
106.0,106,107.472484
100.0,100,107.490803
105.0,105,107.509709
98.0,98,107.528052
101.0,101,107.546535
109.0,109,107.566226
107.0,107,107.586373
103.0,103,107.60543
100.0,100,107.623525
104.0,104,107.642578
100.0,100,107.660603
106.0,106,107.679838
110.0,110,107.700244
99.0,99,107.718533
97.0,97,107.736126
102.0,102,107.754538
98.0,98,107.805408
103.0,103,107.82492
106.0,106,107.844306
112.0,112,107.864882
104.0,104,107.883943
104.0,104,107.903156
109.0,109,107.923009
104.0,104,107.941949
100.0,100,107.960178
104.0,104,107.979375
106.0,106,107.999134
99.0,99,108.017481
109.0,109,108.037453
107.0,107,108.057361
98.0,98,108.075156
19.0,19,108.078713
99.0,99,108.09688
103.0,103,108.115124
108.0,108,108.134892
98.0,98,108.152762
101.0,101,108.202735
107.0,107,108.223057
97.0,97,108.241088
104.0,104,108.260594
100.0,100,108.279551
101.0,101,108.298707
99.0,99,108.317577
102.0,102,108.336916
104.0,104,108.356372
102.0,102,108.375214
106.0,106,108.395662
105.0,105,108.415029
99.0,99,108.433138
102.0,102,108.451798
102.0,102,108.470849
102.0,102,108.489352
110.0,110,108.509747
99.0,99,108.527552
101.0,101,108.546344
104.0,104,108.565551
109.0,109,108.646212
103.0,103,108.665283
130.0,130,108.688937
100.0,100,108.707338
100.0,100,108.725956
101.0,101,108.744257
101.0,101,108.762945
98.0,98,108.78072
104.0,104,108.799696
104.0,104,108.818834
101.0,101,108.837203
108.0,108,108.856867
101.0,101,108.875646
111.0,111,108.895614
102.0,102,108.914606
110.0,110,108.934597
105.0,105,108.954149
101.0,101,108.972635
98.0,98,108.990159
30.0,30,109.027129
106.0,106,109.047374
102.0,102,109.066666
107.0,107,109.086383
111.0,111,109.106529
105.0,105,109.126239
46.0,46,109.134231
98.0,98,109.152378
103.0,103,109.170896
102.0,102,109.19001
112.0,112,109.21042
112.0,112,109.231775
104.0,104,109.250905
109.0,109,109.271287
97.0,97,109.288883
103.0,103,109.307792
109.0,109,109.327457
22.0,22,109.331557
106.0,106,109.350785
113.0,113,109.37163
101.0,101,109.390024
102.0,102,109.444463
93.0,93,109.462332
101.0,101,109.480889
104.0,104,109.500148
106.0,106,109.519332
108.0,108,109.539123
102.0,102,109.558182
100.0,100,109.576733
101.0,101,109.595031
99.0,99,109.613074
99.0,99,109.631487
94.0,94,109.648496
107.0,107,109.668201
101.0,101,109.686675
103.0,103,109.705571
104.0,104,109.724721
97.0,97,109.742458
102.0,102,109.76131
102.0,102,109.78019
108.0,108,109.831508
102.0,102,109.852631
99.0,99,109.870799
108.0,108,109.891547
98.0,98,109.911921
100.0,100,109.931845
97.0,97,109.951015
105.0,105,109.972038
103.0,103,110.005919
102.0,102,110.046228
104.0,104,110.068948
96.0,96,110.089857
104.0,104,110.110805
102.0,102,110.131546
105.0,105,110.152542
103.0,103,110.174555
27.0,27,110.179984
101.0,101,110.201426
101.0,101,110.224006
30.0,30,110.230295
108.0,108,110.253107
103.0,103,110.309613
105.0,105,110.332556
102.0,102,110.354212
107.0,107,110.378396
108.0,108,110.411973
97.0,97,110.446658
97.0,97,110.480501
104.0,104,110.503569
106.0,106,110.528117
101.0,101,110.551151
141.0,141,110.583396
101.0,101,110.607306
104.0,104,110.627419
109.0,109,110.647638
102.0,102,110.666799
103.0,103,110.685631
108.0,108,110.705679
117.0,117,110.727786
103.0,103,110.746491
102.0,102,110.796738
98.0,98,110.815767
101.0,101,110.834982
101.0,101,110.85355
99.0,99,110.871984
105.0,105,110.891364
100.0,100,110.909892
98.0,98,110.927487
98.0,98,110.945605
107.0,107,110.965592
106.0,106,110.985209
97.0,97,111.003031
100.0,100,111.021477
102.0,102,111.040363
100.0,100,111.058774
102.0,102,111.077359
101.0,101,111.096235
98.0,98,111.114081
103.0,103,111.133188
100.0,100,111.151442
102.0,102,111.202928
105.0,105,111.223974
110.0,110,111.244356
96.0,96,111.262195
101.0,101,111.280742
108.0,108,111.300532
102.0,102,111.31955
102.0,102,111.337977
102.0,102,111.356925
96.0,96,111.374592
106.0,106,111.39378
100.0,100,111.412203
100.0,100,111.430466
98.0,98,111.448708
97.0,97,111.466285
102.0,102,111.485163
104.0,104,111.503994
101.0,101,111.522439
103.0,103,111.541409
100.0,100,111.559747
35.0,35,111.596725
96.0,96,111.615453
107.0,107,111.635867
26.0,26,111.640855
98.0,98,111.658644
24.0,24,111.663089
102.0,102,111.681889
103.0,103,111.700229
94.0,94,111.717674
100.0,100,111.735918
99.0,99,111.754257
104.0,104,111.773237
112.0,112,111.793591
105.0,105,111.812847
97.0,97,111.830558
160.0,160,111.859672
101.0,101,111.878084
99.0,99,111.896308
101.0,101,111.914649
104.0,104,111.933606
104.0,104,111.952657
102.0,102,112.006196
99.0,99,112.024812
100.0,100,112.042968
110.0,110,112.062804
108.0,108,112.083019
113.0,113,112.103892
103.0,103,112.122941
98.0,98,112.141084
100.0,100,112.15934
120.0,120,112.181398
111.0,111,112.201521
133.0,133,112.226263
105.0,105,112.245373
106.0,106,112.26455
108.0,108,112.284362
107.0,107,112.303962
99.0,99,112.322119
146.0,146,112.348648
153.0,153,112.414944
98.0,98,112.432924
106.0,106,112.453117
104.0,104,112.472283
98.0,98,112.490202
98.0,98,112.508411
106.0,106,112.527473
107.0,107,112.54708
184.0,184,112.580951
96.0,96,112.598651
168.0,168,112.629541
100.0,100,112.647847
105.0,105,112.666987
127.0,127,112.690484
126.0,126,112.713199
103.0,103,112.732055
101.0,101,112.750345
102.0,102,112.769409
100.0,100,112.821366
99.0,99,112.841053
26.0,26,112.845615
100.0,100,112.864381
101.0,101,112.882633
100.0,100,112.901237
101.0,101,112.919859
104.0,104,112.938879
108.0,108,112.958823
104.0,104,112.978035
100.0,100,112.996387
155.0,155,113.024418
223.0,223,113.064965
95.0,95,113.082485
99.0,99,113.100739
109.0,109,113.120644
100.0,100,113.138995
119.0,119,113.161288
159.0,159,113.228049
98.0,98,113.2485
103.0,103,113.270343
104.0,104,113.291944
101.0,101,113.312232
140.0,140,113.341334
108.0,108,113.363169
103.0,103,113.38403
102.0,102,113.41364
104.0,104,113.449727
136.0,136,113.487195
102.0,102,113.509347
123.0,123,113.536252
24.0,24,113.541649
95.0,95,113.56144
104.0,104,113.585138
102.0,102,113.606848
123.0,123,113.632937
111.0,111,113.657763
125.0,125,113.722618
106.0,106,113.746332
106.0,106,113.769137
98.0,98,113.790919
96.0,96,113.812452
99.0,99,113.845989
103.0,103,113.88138
99.0,99,113.900483
97.0,97,113.918522
26.0,26,113.923497
101.0,101,113.942822
96.0,96,113.960677
101.0,101,113.979516
97.0,97,113.997791
97.0,97,114.015748
100.0,100,114.034407
101.0,101,114.052666
95.0,95,114.070195
104.0,104,114.089337
96.0,96,114.106959
99.0,99,114.156849
101.0,101,114.176851
97.0,97,114.194911
96.0,96,114.212765
96.0,96,114.230451
92.0,92,114.247627
97.0,97,114.265314
99.0,99,114.283621
96.0,96,114.301239
100.0,100,114.319593
26.0,26,114.32463
159.0,159,114.353709
95.0,95,114.371415
98.0,98,114.390076
99.0,99,114.407687
98.0,98,114.425765
100.0,100,114.444146
94.0,94,114.460948
101.0,101,114.479662
92.0,92,114.496543
94.0,94,114.513603
101.0,101,114.563726
98.0,98,114.582669
102.0,102,114.601744
27.0,27,114.606866
99.0,99,114.625277
148.0,148,114.652428
96.0,96,114.670319
96.0,96,114.688048
100.0,100,114.706609
99.0,99,114.724865
99.0,99,114.742924
104.0,104,114.762126
199.0,199,114.79877
125.0,125,114.821341
24.0,24,114.82573
100.0,100,114.844143
102.0,102,114.863003
98.0,98,114.880776
92.0,92,114.897522
107.0,107,114.917129
100.0,100,114.968519
100.0,100,114.987701
104.0,104,115.008427
114.0,114,115.03181
144.0,144,115.060676
101.0,101,115.082763
99.0,99,115.104193
98.0,98,115.12406
94.0,94,115.144082
58.0,58,115.155264
99.0,99,115.176138
98.0,98,115.195103
97.0,97,115.215301
92.0,92,115.233736
101.0,101,115.255045
96.0,96,115.274797
97.0,97,115.295431
94.0,94,115.316418
104.0,104,115.348163
100.0,100,115.383093
29.0,29,115.390185
100.0,100,115.449372
102.0,102,115.472252
96.0,96,115.492439
101.0,101,115.51654
156.0,156,115.54976
108.0,108,115.573374
30.0,30,115.57924
97.0,97,115.600007
178.0,178,115.642002
94.0,94,115.66452
20.0,20,115.669395
100.0,100,115.690895
95.0,95,115.71211
97.0,97,115.730513
96.0,96,115.748672
98.0,98,115.767269
101.0,101,115.785831
93.0,93,115.803034
101.0,101,115.822353
22.0,22,115.826177
100.0,100,115.844692
122.0,122,115.89983
102.0,102,115.918824
96.0,96,115.936643
99.0,99,115.955106
98.0,98,115.972947
94.0,94,115.990367
96.0,96,116.007778
100.0,100,116.026062
93.0,93,116.042923
95.0,95,116.060522
95.0,95,116.078223
99.0,99,116.096071
101.0,101,116.114879
100.0,100,116.133357
129.0,129,116.156709
96.0,96,116.174493
97.0,97,116.192173
95.0,95,116.209627
27.0,27,116.214627
103.0,103,116.233296
102.0,102,116.283425
98.0,98,116.302517
97.0,97,116.320981
117.0,117,116.342663
96.0,96,116.36035
93.0,93,116.377335
99.0,99,116.395691
97.0,97,116.413638
97.0,97,116.431376
99.0,99,116.449849
99.0,99,116.468229
98.0,98,116.48623
99.0,99,116.504443
98.0,98,116.522713
96.0,96,116.540315
93.0,93,116.55733
96.0,96,116.57484
99.0,99,116.5931
50.0,50,116.601938
120.0,120,116.624062
94.0,94,116.64155
92.0,92,116.689937
93.0,93,116.708034
89.0,89,116.724697
94.0,94,116.742279
97.0,97,116.759952
98.0,98,116.777696
96.0,96,116.795357
96.0,96,116.812808
100.0,100,116.831057
94.0,94,116.848544
99.0,99,116.867022
97.0,97,116.884645
97.0,97,116.90237
99.0,99,116.920723
37.0,37,116.927417
96.0,96,116.944951
101.0,101,116.963302
98.0,98,116.981313
100.0,100,116.999689
101.0,101,117.018194
108.0,108,117.03788
101.0,101,117.087694
96.0,96,117.106294
96.0,96,117.123974
131.0,131,117.14813
127.0,127,117.17149
53.0,53,117.181139
96.0,96,117.198643
99.0,99,117.216891
96.0,96,117.234382
97.0,97,117.252239
102.0,102,117.271128
126.0,126,117.293996
20.0,20,117.297607
94.0,94,117.315215
98.0,98,117.33296
96.0,96,117.350539
99.0,99,117.368964
95.0,95,117.386433
94.0,94,117.403457
93.0,93,117.420519
163.0,163,117.450384
97.0,97,117.500363
122.0,122,117.524335
95.0,95,117.542012
96.0,96,117.559802
100.0,100,117.578273
99.0,99,117.596148
101.0,101,117.614867
96.0,96,117.63243
172.0,172,117.663818
97.0,97,117.68148
103.0,103,117.700439
99.0,99,117.718294
95.0,95,117.736066
116.0,116,117.757134
101.0,101,117.775572
99.0,99,117.793866
97.0,97,117.811511
97.0,97,117.830883
99.0,99,117.848865
18.0,18,117.852391
95.0,95,117.9024
97.0,97,117.920422
93.0,93,117.937542
94.0,94,117.955067
94.0,94,117.972275
97.0,97,117.990081
94.0,94,118.007563
95.0,95,118.025149
23.0,23,118.029023
96.0,96,118.046601
91.0,91,118.063437
95.0,95,118.081143
98.0,98,118.099059
95.0,95,118.11636
96.0,96,118.13387
95.0,95,118.151462
96.0,96,118.169162
97.0,97,118.186781
97.0,97,118.204356
93.0,93,118.221903
91.0,91,118.238292
18.0,18,118.241824
91.0,91,118.288661
16.0,16,118.292013
94.0,94,118.309568
99.0,99,118.328224
99.0,99,118.34672
100.0,100,118.365134
98.0,98,118.383024
98.0,98,118.401286
97.0,97,118.419015
91.0,91,118.436047
96.0,96,118.453742
97.0,97,118.471291
14.0,14,118.473577
93.0,93,118.491073
94.0,94,118.508151
95.0,95,118.525786
12.0,12,118.527979
17.0,17,118.53096
16.0,16,118.533934
92.0,92,118.550842
98.0,98,118.569092
95.0,95,118.586147
91.0,91,118.603025
96.0,96,118.620645
92.0,92,118.637492
94.0,94,118.684312
127.0,127,118.708761
95.0,95,118.726454
94.0,94,118.744104
18.0,18,118.74715
90.0,90,118.763983
93.0,93,118.781143
101.0,101,118.799637
92.0,92,118.816429
90.0,90,118.833227
99.0,99,118.851135
97.0,97,118.869238
90.0,90,118.885597
20.0,20,118.889388
14.0,14,118.892127
16.0,16,118.895071
95.0,95,118.912348
91.0,91,118.929122
27.0,27,118.934127
92.0,92,118.951083
18.0,18,118.954249
96.0,96,118.972052
19.0,19,118.975665
16.0,16,118.978515
97.0,97,118.996181
97.0,97,119.014232
92.0,92,119.031093
17.0,17,119.034104
25.0,25,119.038563
92.0,92,119.086466
14.0,14,119.089962
15.0,15,119.092973
99.0,99,119.11167
93.0,93,119.128809
94.0,94,119.146418
95.0,95,119.16415
100.0,100,119.182555
95.0,95,119.199873
14.0,14,119.202596
94.0,94,119.219661
89.0,89,119.236653
98.0,98,119.254468
95.0,95,119.272066
21.0,21,119.275739
97.0,97,119.293563
90.0,90,119.310352
92.0,92,119.327353
94.0,94,119.344384
92.0,92,119.361343
92.0,92,119.378287
17.0,17,119.381737
94.0,94,119.398672
16.0,16,119.401609
93.0,93,119.418659
95.0,95,119.436146
20.0,20,119.439744
101.0,101,119.484176
96.0,96,119.505207
94.0,94,119.523962
99.0,99,119.544111
19.0,19,119.54753
16.0,16,119.550665
18.0,18,119.554448
92.0,92,119.574188
94.0,94,119.593226
99.0,99,119.612878
101.0,101,119.641049
126.0,126,119.680364
97.0,97,119.702756
94.0,94,119.72191
95.0,95,119.741338
95.0,95,119.760925
16.0,16,119.764398
17.0,17,119.767642
93.0,93,119.787698
93.0,93,119.807457
93.0,93,119.828324
97.0,97,119.848995
91.0,91,119.86946
95.0,95,119.890764
25.0,25,119.896015
101.0,101,119.919039
92.0,92,119.976099
93.0,93,119.998153
97.0,97,120.019473
96.0,96,120.040942
98.0,98,120.065235
96.0,96,120.104769
96.0,96,120.131558
99.0,99,120.161334
13.0,13,120.16397
94.0,94,120.188562
15.0,15,120.192259
90.0,90,120.211918
94.0,94,120.235775
14.0,14,120.238701
104.0,104,120.258689
97.0,97,120.276739
92.0,92,120.29409
99.0,99,120.312686
98.0,98,120.331236
92.0,92,120.348552
20.0,20,120.352322
18.0,18,120.355438
92.0,92,120.372657
90.0,90,120.389578
99.0,99,120.407858
96.0,96,120.457168
94.0,94,120.474986
99.0,99,120.49376
21.0,21,120.497527
96.0,96,120.515383
98.0,98,120.533278
99.0,99,120.551975
100.0,100,120.570585
98.0,98,120.58894
97.0,97,120.606566
96.0,96,120.624336
95.0,95,120.642151
96.0,96,120.660036
98.0,98,120.678104
103.0,103,120.697527
96.0,96,120.715202
93.0,93,120.732276
97.0,97,120.750138
93.0,93,120.767788
92.0,92,120.784694
91.0,91,120.801264
91.0,91,120.848465
99.0,99,120.86791
102.0,102,120.88712
97.0,97,120.905502
98.0,98,120.923394
93.0,93,120.940514
93.0,93,120.957896
94.0,94,120.975119
134.0,134,121.000564
95.0,95,121.017752
96.0,96,121.035532
99.0,99,121.05371
12.0,12,121.055935
91.0,91,121.072726
93.0,93,121.089835
91.0,91,121.106595
93.0,93,121.123569
101.0,101,121.142102
95.0,95,121.159802
93.0,93,121.176841
40.0,40,121.184067
92.0,92,121.201361
23.0,23,121.20573
131.0,131,121.260997
97.0,97,121.279117
92.0,92,121.296352
95.0,95,121.314185
96.0,96,121.331952
91.0,91,121.348995
20.0,20,121.352696
94.0,94,121.369964
93.0,93,121.387044
95.0,95,121.404629
103.0,103,121.423879
98.0,98,121.441675
92.0,92,121.458602
97.0,97,121.476488
96.0,96,121.494227
96.0,96,121.51185
97.0,97,121.529278
94.0,94,121.546389
92.0,92,121.563305
121.0,121,121.585771
100.0,100,121.603994
98.0,98,121.652614
93.0,93,121.670931
101.0,101,121.690653
17.0,17,121.693762
98.0,98,121.711672
90.0,90,121.728577
16.0,16,121.731565
98.0,98,121.749594
95.0,95,121.767169
92.0,92,121.784334
95.0,95,121.801852
103.0,103,121.820874
94.0,94,121.838001
91.0,91,121.85494
93.0,93,121.87184
97.0,97,121.889561
95.0,95,121.907114
93.0,93,121.924131
94.0,94,121.941408
16.0,16,121.944319
98.0,98,121.962014
18.0,18,121.965551
93.0,93,121.982686
18.0,18,121.986197
98.0,98,122.004139
89.0,89,122.051757
100.0,100,122.071464
97.0,97,122.089797
92.0,92,122.106902
16.0,16,122.110173
92.0,92,122.127147
14.0,14,122.129503
92.0,92,122.146474
95.0,95,122.16411
91.0,91,122.181018
92.0,92,122.197992
93.0,93,122.215028
97.0,97,122.232836
91.0,91,122.249722
94.0,94,122.266914
97.0,97,122.285163
93.0,93,122.302297
99.0,99,122.32055
94.0,94,122.337567
97.0,97,122.355028
91.0,91,122.371868
21.0,21,122.375625
101.0,101,122.394453
16.0,16,122.397372
98.0,98,122.415303
15.0,15,122.418209
91.0,91,122.465313
129.0,129,122.489245
93.0,93,122.506391
49.0,49,122.515377
91.0,91,122.532326
96.0,96,122.550171
93.0,93,122.567113
16.0,16,122.570121
18.0,18,122.573592
17.0,17,122.576556
96.0,96,122.5943
93.0,93,122.611278
96.0,96,122.628954
89.0,89,122.645453
99.0,99,122.663049
93.0,93,122.680347
95.0,95,122.697594
96.0,96,122.715084
97.0,97,122.73318
19.0,19,122.736303
20.0,20,122.73997
87.0,87,122.75587
15.0,15,122.758742
96.0,96,122.776222
103.0,103,122.795158
94.0,94,122.812231
91.0,91,122.855408
91.0,91,122.87287
14.0,14,122.87521
94.0,94,122.893004
17.0,17,122.89607
24.0,24,122.900529
95.0,95,122.918204
94.0,94,122.935332
97.0,97,122.952877
91.0,91,122.969648
90.0,90,122.986407
94.0,94,123.003401
90.0,90,123.020234
100.0,100,123.038714
98.0,98,123.05624
89.0,89,123.072541
91.0,91,123.089307
91.0,91,123.105917
97.0,97,123.123679
92.0,92,123.140681
97.0,97,123.158305
16.0,16,123.161175
100.0,100,123.179669
26.0,26,123.184576
97.0,97,123.202214
93.0,93,123.244681
92.0,92,123.262539
93.0,93,123.280243
94.0,94,123.297348
93.0,93,123.314348
92.0,92,123.331215
91.0,91,123.348171
93.0,93,123.364967
14.0,14,123.367745
91.0,91,123.384627
16.0,16,123.387525
90.0,90,123.403758
15.0,15,123.40664
89.0,89,123.423
92.0,92,123.439862
22.0,22,123.444164
93.0,93,123.46144
92.0,92,123.478423
90.0,90,123.494846
93.0,93,123.512368
116.0,116,123.533699
97.0,97,123.551469
95.0,95,123.569002
92.0,92,123.585946
95.0,95,123.603124
97.0,97,123.653067
103.0,103,123.67419
40.0,40,123.682071
92.0,92,123.700872
94.0,94,123.720639
92.0,92,123.738907
94.0,94,123.758099
101.0,101,123.779201
94.0,94,123.798081
96.0,96,123.817846
21.0,21,123.822063
28.0,28,123.828545
96.0,96,123.84772
14.0,14,123.850717
98.0,98,123.870774
96.0,96,123.890697
90.0,90,123.909793
94.0,94,123.94473
99.0,99,123.978962
94.0,94,124.003594
91.0,91,124.023277
14.0,14,124.026452
94.0,94,124.045284
91.0,91,124.065885
90.0,90,124.084866
94.0,94,124.139199
91.0,91,124.158908
19.0,19,124.163288
100.0,100,124.186785
93.0,93,124.206161
97.0,97,124.227326
98.0,98,124.248843
16.0,16,124.25314
101.0,101,124.276697
97.0,97,124.298049
93.0,93,124.317824
93.0,93,124.336318
99.0,99,124.354565
95.0,95,124.37237
24.0,24,124.376747
99.0,99,124.395224
99.0,99,124.413777
94.0,94,124.430879
92.0,92,124.447741
91.0,91,124.464751
16.0,16,124.467727
17.0,17,124.47079
16.0,16,124.473788
20.0,20,124.477441
91.0,91,124.494285
96.0,96,124.512099
95.0,95,124.555905
98.0,98,124.57462
16.0,16,124.577719
95.0,95,124.595505
17.0,17,124.598575
96.0,96,124.616499
94.0,94,124.634073
98.0,98,124.651892
96.0,96,124.669592
92.0,92,124.686776
94.0,94,124.704427
99.0,99,124.722153
99.0,99,124.740919
13.0,13,124.743195
14.0,14,124.745927
92.0,92,124.762761
93.0,93,124.779705
95.0,95,124.797407
96.0,96,124.81503
94.0,94,124.832153
96.0,96,124.849792
91.0,91,124.866666
18.0,18,124.870241
89.0,89,124.886502
96.0,96,124.904194
100.0,100,124.952845
100.0,100,124.97311
17.0,17,124.976228
101.0,101,124.995022
94.0,94,125.012773
92.0,92,125.029918
89.0,89,125.04638
22.0,22,125.050666
14.0,14,125.053099
101.0,101,125.072046
18.0,18,125.07606
92.0,92,125.094299
10.0,10,125.095882
96.0,96,125.114358
17.0,17,125.117974
12.0,12,125.120227
20.0,20,125.124216
93.0,93,125.141359
93.0,93,125.158397
93.0,93,125.17548
92.0,92,125.19252
94.0,94,125.210075
14.0,14,125.212437
98.0,98,125.230999
95.0,95,125.248841
98.0,98,125.266661
19.0,19,125.270338
95.0,95,125.288053
93.0,93,125.305096
96.0,96,125.322866
94.0,94,125.371141
14.0,14,125.373963
89.0,89,125.391274
97.0,97,125.411319
96.0,96,125.431238
12.0,12,125.433654
97.0,97,125.453517
93.0,93,125.473277
16.0,16,125.476797
20.0,20,125.482646
94.0,94,125.519075
90.0,90,125.550381
92.0,92,125.569345
99.0,99,125.589999
101.0,101,125.610535
95.0,95,125.630017
99.0,99,125.649526
95.0,95,125.670074
95.0,95,125.689911
96.0,96,125.742762
93.0,93,125.762719
91.0,91,125.78257
92.0,92,125.803931
94.0,94,125.82418
93.0,93,125.873481
93.0,93,125.895695
97.0,97,125.92362
99.0,99,125.956559
99.0,99,125.984991
99.0,99,126.011166
92.0,92,126.030239
18.0,18,126.034846
98.0,98,126.058073
92.0,92,126.07848
95.0,95,126.099858
97.0,97,126.121497
94.0,94,126.143536
93.0,93,126.161083
93.0,93,126.17861
91.0,91,126.195933
91.0,91,126.213032
16.0,16,126.216011
101.0,101,126.234691
95.0,95,126.2527
100.0,100,126.271096
103.0,103,126.290296
95.0,95,126.307432
20.0,20,126.311103
95.0,95,126.36059
93.0,93,126.377726
95.0,95,126.39543
91.0,91,126.412447
99.0,99,126.430908
92.0,92,126.447967
95.0,95,126.465102
90.0,90,126.481968
94.0,94,126.499201
98.0,98,126.51755
93.0,93,126.534532
92.0,92,126.551572
99.0,99,126.569899
91.0,91,126.586582
16.0,16,126.589561
91.0,91,126.60594
92.0,92,126.622803
97.0,97,126.640838
89.0,89,126.657135
20.0,20,126.660812
97.0,97,126.678533
20.0,20,126.682183
96.0,96,126.69977
18.0,18,126.70326
96.0,96,126.747612
93.0,93,126.764914
13.0,13,126.767193
18.0,18,126.771111
16.0,16,126.774106
92.0,92,126.791201
99.0,99,126.809196
101.0,101,126.82822
100.0,100,126.846546
97.0,97,126.864152
89.0,89,126.880338
92.0,92,126.897188
11.0,11,126.899343
13.0,13,126.901644
89.0,89,126.918183
96.0,96,126.935819
101.0,101,126.954633
101.0,101,126.972925
16.0,16,126.9759
94.0,94,126.992756
16.0,16,126.995719
91.0,91,127.01228
19.0,19,127.015895
91.0,91,127.032741
15.0,15,127.035208
16.0,16,127.038208
91.0,91,127.055143
99.0,99,127.073541
91.0,91,127.090699
89.0,89,127.107038
89.0,89,127.150105
93.0,93,127.167658
14.0,14,127.171375
17.0,17,127.174992
97.0,97,127.19294
93.0,93,127.210412
94.0,94,127.227609
98.0,98,127.245673
22.0,22,127.249485
94.0,94,127.267038
99.0,99,127.284689
17.0,17,127.288196
94.0,94,127.305499
19.0,19,127.309126
98.0,98,127.32695
19.0,19,127.33054
93.0,93,127.347662
90.0,90,127.364315
90.0,90,127.380761
16.0,16,127.38375
98.0,98,127.401916
17.0,17,127.404951
99.0,99,127.423451
21.0,21,127.427202
94.0,94,127.444603
94.0,94,127.461473
31.0,31,127.46737
96.0,96,127.485147
93.0,93,127.502094
94.0,94,127.550457
90.0,90,127.566899
100.0,100,127.585542
28.0,28,127.590732
94.0,94,127.608239
99.0,99,127.626077
13.0,13,127.628805
99.0,99,127.64677
93.0,93,127.664207
94.0,94,127.68137
92.0,92,127.698393
94.0,94,127.715866
100.0,100,127.73431
99.0,99,127.752125
16.0,16,127.755009
95.0,95,127.772573
14.0,14,127.775309
94.0,94,127.792388
93.0,93,127.809278
24.0,24,127.813588
11.0,11,127.815708
97.0,97,127.833542
13.0,13,127.836274
97.0,97,127.85386
93.0,93,127.870762
13.0,13,127.873146
95.0,95,127.890703
18.0,18,127.894286
95.0,95,127.932156
93.0,93,127.950248
98.0,98,127.968704
96.0,96,127.986515
14.0,14,127.989329
96.0,96,128.007155
18.0,18,128.010328
98.0,98,128.028664
18.0,18,128.031761
96.0,96,128.049402
95.0,95,128.066962
95.0,95,128.084826
94.0,94,128.101984
20.0,20,128.105665
97.0,97,128.123248
94.0,94,128.140776
21.0,21,128.144537
90.0,90,128.161668
98.0,98,128.179263
20.0,20,128.183034
92.0,92,128.200025
14.0,14,128.202842
16.0,16,128.205857
93.0,93,128.222637
95.0,95,128.240217
98.0,98,128.258059
100.0,100,128.276435
19.0,19,128.280137
91.0,91,128.327627
95.0,95,128.345952
93.0,93,128.363849
100.0,100,128.382157
94.0,94,128.399123
93.0,93,128.41621
93.0,93,128.433505
93.0,93,128.450448
94.0,94,128.46728
18.0,18,128.470818
98.0,98,128.488575
92.0,92,128.505458
94.0,94,128.522864
97.0,97,128.541048
9.0,9,128.542559
98.0,98,128.560897
93.0,93,128.577857
98.0,98,128.595979
95.0,95,128.613172
97.0,97,128.631381
90.0,90,128.647639
92.0,92,128.664549
98.0,98,128.682632
14.0,14,128.684947
98.0,98,128.724448
99.0,99,128.743088
98.0,98,128.761643
19.0,19,128.765258
93.0,93,128.782362
95.0,95,128.799986
21.0,21,128.803788
93.0,93,128.820935
16.0,16,128.823917
23.0,23,128.828326
22.0,22,128.832158
97.0,97,128.850501
96.0,96,128.868236
98.0,98,128.88592
90.0,90,128.902652
93.0,93,128.919752
99.0,99,128.93808
96.0,96,128.955539
92.0,92,128.97226
91.0,91,128.98872
94.0,94,129.006152
91.0,91,129.023173
99.0,99,129.041094
99.0,99,129.059431
21.0,21,129.063132
93.0,93,129.080554
15.0,15,129.08299
99.0,99,129.127538
91.0,91,129.144751
94.0,94,129.161917
94.0,94,129.179388
95.0,95,129.19692
91.0,91,129.213441
101.0,101,129.232119
99.0,99,129.249825
11.0,11,129.252077
18.0,18,129.255712
98.0,98,129.273445
16.0,16,129.276446
94.0,94,129.293823
101.0,101,129.312373
15.0,15,129.315252
93.0,93,129.332282
92.0,92,129.34914
19.0,19,129.352706
99.0,99,129.370646
89.0,89,129.387149
94.0,94,129.404141
96.0,96,129.421625
14.0,14,129.424493
102.0,102,129.44307
92.0,92,129.459854
101.0,101,129.478101
94.0,94,129.527269
94.0,94,129.544762
98.0,98,129.56308
19.0,19,129.566673
27.0,27,129.571347
15.0,15,129.574214
15.0,15,129.57712
23.0,23,129.581477
95.0,95,129.598702
14.0,14,129.601518
92.0,92,129.618401
100.0,100,129.636647
95.0,95,129.654044
95.0,95,129.671174
21.0,21,129.675399
94.0,94,129.692319
95.0,95,129.710071
91.0,91,129.726809
100.0,100,129.745019
15.0,15,129.747462
93.0,93,129.764543
93.0,93,129.781451
17.0,17,129.784497
91.0,91,129.80128
93.0,93,129.818068
18.0,18,129.821529
98.0,98,129.839185
89.0,89,129.855349
91.0,91,129.872196
98.0,98,129.922799
99.0,99,129.9412
98.0,98,129.959462
104.0,104,129.978777
97.0,97,129.996604
95.0,95,130.014327
17.0,17,130.017263
22.0,22,130.021534
94.0,94,130.038454
95.0,95,130.055922
94.0,94,130.072973
93.0,93,130.091899
96.0,96,130.110931
16.0,16,130.114019
94.0,94,130.131159
92.0,92,130.148065
100.0,100,130.166418
93.0,93,130.18342
91.0,91,130.199948
17.0,17,130.203001
94.0,94,130.22042
16.0,16,130.223328
16.0,16,130.22634
96.0,96,130.243876
16.0,16,130.246863
94.0,94,130.263718
95.0,95,130.281344
16.0,16,130.31257
91.0,91,130.330563
94.0,94,130.348207
94.0,94,130.365762
13.0,13,130.368019
99.0,99,130.386637
98.0,98,130.404476
95.0,95,130.422119
18.0,18,130.42565
92.0,92,130.442634
93.0,93,130.459405
92.0,92,130.476291
97.0,97,130.494076
21.0,21,130.497798
95.0,95,130.515387
90.0,90,130.532124
96.0,96,130.549906
102.0,102,130.568446
94.0,94,130.58594
95.0,95,130.602968
103.0,103,130.622219
98.0,98,130.640877
94.0,94,130.659938
100.0,100,130.679514
98.0,98,130.73183
100.0,100,130.752764
94.0,94,130.772475
95.0,95,130.792093
15.0,15,130.79523
12.0,12,130.797615
97.0,97,130.819186
95.0,95,130.837862
94.0,94,130.856559
31.0,31,130.867397
96.0,96,130.903463
18.0,18,130.907133
93.0,93,130.937652
101.0,101,130.959163
90.0,90,130.977195
93.0,93,130.997552
14.0,14,131.000213
16.0,16,131.004446
22.0,22,131.009529
97.0,97,131.030786
100.0,100,131.052078
95.0,95,131.072216
91.0,91,131.090693
90.0,90,131.110646
92.0,92,131.131307
92.0,92,131.151682
17.0,17,131.155474
100.0,100,131.213009
101.0,101,131.236168
104.0,104,131.259128
98.0,98,131.280968
19.0,19,131.285255
90.0,90,131.311343
95.0,95,131.346443
17.0,17,131.350149
95.0,95,131.376904
95.0,95,131.394737
93.0,93,131.412127
92.0,92,131.429219
97.0,97,131.44733
92.0,92,131.46435
95.0,95,131.482024
15.0,15,131.48481
91.0,91,131.501189
20.0,20,131.504852
95.0,95,131.522689
20.0,20,131.526393
35.0,35,131.532946
93.0,93,131.550099
95.0,95,131.567797
99.0,99,131.586034
14.0,14,131.588402
92.0,92,131.605586
16.0,16,131.608594
96.0,96,131.626367
94.0,94,131.675406
92.0,92,131.692849
92.0,92,131.709852
14.0,14,131.712292
97.0,97,131.730141
97.0,97,131.748384
92.0,92,131.765137
94.0,94,131.782257
93.0,93,131.799227
95.0,95,131.81716
90.0,90,131.833947
99.0,99,131.852112
96.0,96,131.86959
98.0,98,131.887804
88.0,88,131.903842
23.0,23,131.908164
97.0,97,131.925629
92.0,92,131.942428
95.0,95,131.960012
99.0,99,131.977468
16.0,16,131.980411
92.0,92,131.997155
96.0,96,132.014783
92.0,92,132.061904
90.0,90,132.079588
97.0,97,132.097837
96.0,96,132.115491
96.0,96,132.133117
17.0,17,132.136179
96.0,96,132.153881
18.0,18,132.157512
97.0,97,132.175188
91.0,91,132.191822
98.0,98,132.209617
16.0,16,132.212556
12.0,12,132.214748
20.0,20,132.218432
93.0,93,132.236138
100.0,100,132.254416
99.0,99,132.272114
29.0,29,132.277747
92.0,92,132.294492
92.0,92,132.311122
17.0,17,132.314092
99.0,99,132.332273
95.0,95,132.34936
26.0,26,132.35429
97.0,97,132.37189
93.0,93,132.38893
89.0,89,132.405486
96.0,96,132.422972
95.0,95,132.469458
17.0,17,132.472994
18.0,18,132.476115
96.0,96,132.49443
17.0,17,132.497477
14.0,14,132.500291
101.0,101,132.518894
18.0,18,132.522482
92.0,92,132.539639
18.0,18,132.542726
93.0,93,132.559645
18.0,18,132.563257
21.0,21,132.566989
93.0,93,132.584001
95.0,95,132.601751
100.0,100,132.620029
96.0,96,132.637469
94.0,94,132.654875
94.0,94,132.672134
98.0,98,132.690322
99.0,99,132.708113
96.0,96,132.725753
90.0,90,132.742482
19.0,19,132.746097
14.0,14,132.748415
96.0,96,132.766079
96.0,96,132.783683
92.0,92,132.800445
14.0,14,132.803156
95.0,95,132.820462
97.0,97,132.870563
91.0,91,132.887248
101.0,101,132.906088
96.0,96,132.923825
93.0,93,132.940651
101.0,101,132.959161
94.0,94,132.976541
94.0,94,132.993568
90.0,90,133.009976
94.0,94,133.026991
95.0,95,133.044789
97.0,97,133.062593
96.0,96,133.080218
96.0,96,133.097655
99.0,99,133.115938
94.0,94,133.132803
99.0,99,133.151072
99.0,99,133.169263
16.0,16,133.172197
19.0,19,133.175762
20.0,20,133.17947
102.0,102,133.198077
94.0,94,133.21548
93.0,93,133.263077
95.0,95,133.280874
91.0,91,133.297692
95.0,95,133.315458
93.0,93,133.332334
94.0,94,133.34976
101.0,101,133.367942
96.0,96,133.385522
16.0,16,133.388499
96.0,96,133.406124
90.0,90,133.422832
94.0,94,133.43973
94.0,94,133.457333
19.0,19,133.460448
16.0,16,133.463364
93.0,93,133.480812
95.0,95,133.500351
93.0,93,133.520581
22.0,22,133.524739
95.0,95,133.54228
93.0,93,133.559126
102.0,102,133.5779
11.0,11,133.579595
100.0,100,133.597919
95.0,95,133.615346
96.0,96,133.664967
97.0,97,133.683037
95.0,95,133.701075
95.0,95,133.719339
94.0,94,133.7366
89.0,89,133.753293
101.0,101,133.771863
17.0,17,133.774873
92.0,92,133.791688
94.0,94,133.809224
97.0,97,133.826841
97.0,97,133.844713
17.0,17,133.847788
11.0,11,133.849918
101.0,101,133.868405
18.0,18,133.87195
95.0,95,133.889415
102.0,102,133.908018
91.0,91,133.924668
18.0,18,133.927763
17.0,17,133.93124
95.0,95,133.948288
101.0,101,133.966951
94.0,94,133.984009
12.0,12,133.986224
101.0,101,134.004517
90.0,90,134.021326
22.0,22,134.025173
101.0,101,134.075388
91.0,91,134.091954
94.0,94,134.110389
95.0,95,134.129863
97.0,97,134.149317
100.0,100,134.169758
12.0,12,134.172285
90.0,90,134.190755
92.0,92,134.209297
95.0,95,134.229055
94.0,94,134.249264
91.0,91,134.2676
93.0,93,134.287197
89.0,89,134.305412
93.0,93,134.32437
97.0,97,134.343772
93.0,93,134.363532
95.0,95,134.382349
94.0,94,134.402844
18.0,18,134.406263
20.0,20,134.41059
91.0,91,134.435304
21.0,21,134.439898
17.0,17,134.44514
97.0,97,134.47773
97.0,97,134.54201
96.0,96,134.562952
92.0,92,134.582288
92.0,92,134.603054
92.0,92,134.623253
94.0,94,134.643697
95.0,95,134.66437
105.0,105,134.687372
94.0,94,134.707207
99.0,99,134.730251
101.0,101,134.751995
100.0,100,134.774584
22.0,22,134.779229
97.0,97,134.801026
96.0,96,134.820427
93.0,93,134.837817
13.0,13,134.840165
97.0,97,134.85854
15.0,15,134.860983
98.0,98,134.879336
18.0,18,134.882428
94.0,94,134.900214
89.0,89,134.916855
11.0,11,134.919085
96.0,96,134.936898
95.0,95,134.986207
99.0,99,135.004506
95.0,95,135.02237
93.0,93,135.039546
28.0,28,135.044704
97.0,97,135.063079
101.0,101,135.082805
96.0,96,135.101635
16.0,16,135.104759
94.0,94,135.124538
91.0,91,135.141741
99.0,99,135.160438
90.0,90,135.176792
96.0,96,135.194555
90.0,90,135.211433
23.0,23,135.215764
95.0,95,135.232884
102.0,102,135.251862
92.0,92,135.268963
94.0,94,135.286028
98.0,98,135.304352
24.0,24,135.308725
13.0,13,135.311046
97.0,97,135.328895
91.0,91,135.34587
90.0,90,135.39411
102.0,102,135.413151
91.0,91,135.430225
97.0,97,135.448135
100.0,100,135.466476
90.0,90,135.483443
17.0,17,135.486576
97.0,97,135.504459
95.0,95,135.522192
16.0,16,135.525197
100.0,100,135.543678
93.0,93,135.560563
93.0,93,135.5775
96.0,96,135.595221
94.0,94,135.612529
98.0,98,135.630555
99.0,99,135.648728
100.0,100,135.667098
99.0,99,135.685228
96.0,96,135.702733
22.0,22,135.70656
95.0,95,135.724189
11.0,11,135.726344
92.0,92,135.743258
98.0,98,135.788234
90.0,90,135.808047
96.0,96,135.827506
91.0,91,135.84616
96.0,96,135.866192
93.0,93,135.885239
95.0,95,135.904363
101.0,101,135.933414
96.0,96,135.968632
91.0,91,135.996137
97.0,97,136.015538
94.0,94,136.034859
94.0,94,136.055528
95.0,95,136.075129
94.0,94,136.094379
17.0,17,136.098019
100.0,100,136.120327
102.0,102,136.142176
94.0,94,136.161993
94.0,94,136.182373
92.0,92,136.202282
95.0,95,136.224129
97.0,97,136.279058
95.0,95,136.300769
96.0,96,136.322268
93.0,93,136.342531
95.0,95,136.378966
99.0,99,136.408709
97.0,97,136.439324
91.0,91,136.461213
92.0,92,136.4832
93.0,93,136.504536
105.0,105,136.528294
95.0,95,136.546621
97.0,97,136.564653
90.0,90,136.581219
100.0,100,136.59993
93.0,93,136.617527
101.0,101,136.636427
97.0,97,136.654133
90.0,90,136.671026
18.0,18,136.674209
94.0,94,136.691649
91.0,91,136.708038
96.0,96,136.757758
100.0,100,136.776532
92.0,92,136.793637
96.0,96,136.811466
96.0,96,136.829225
95.0,95,136.846981
98.0,98,136.865267
97.0,97,136.882903
92.0,92,136.899799
95.0,95,136.917543
99.0,99,136.935485
19.0,19,136.939094
97.0,97,136.956982
22.0,22,136.96126
94.0,94,136.978124
91.0,91,136.994976
96.0,96,137.012757
102.0,102,137.031711
90.0,90,137.048009
94.0,94,137.065371
93.0,93,137.082174
92.0,92,137.099032
94.0,94,137.146955
96.0,96,137.165233
97.0,97,137.183815
95.0,95,137.201238
94.0,94,137.218755
97.0,97,137.236548
20.0,20,137.240225
98.0,98,137.258625
91.0,91,137.275163
100.0,100,137.293542
97.0,97,137.311559
22.0,22,137.315467
15.0,15,137.318289
91.0,91,137.335192
99.0,99,137.353143
94.0,94,137.370541
96.0,96,137.388091
92.0,92,137.404905
92.0,92,137.421719
97.0,97,137.439327
98.0,98,137.457457
20.0,20,137.461131
89.0,89,137.477179
21.0,21,137.480838
18.0,18,137.484388
94.0,94,137.501324
90.0,90,137.548543
89.0,89,137.56514
94.0,94,137.582904
11.0,11,137.585351
92.0,92,137.602296
96.0,96,137.61997
96.0,96,137.637667
94.0,94,137.655162
98.0,98,137.673029
14.0,14,137.675861
20.0,20,137.679554
98.0,98,137.697476
94.0,94,137.715072
12.0,12,137.717328
93.0,93,137.734359
98.0,98,137.752098
16.0,16,137.755068
94.0,94,137.772454
91.0,91,137.789088
94.0,94,137.80604
94.0,94,137.82348
96.0,96,137.841194
97.0,97,137.858799
23.0,23,137.863116
92.0,92,137.879959
91.0,91,137.896311
94.0,94,137.943471
16.0,16,137.947084
99.0,99,137.966007
99.0,99,137.984664
13.0,13,137.987419
100.0,100,138.005878
19.0,19,138.009042
98.0,98,138.027411
94.0,94,138.044539
95.0,95,138.062142
96.0,96,138.079911
99.0,99,138.098222
93.0,93,138.115391
99.0,99,138.133752
95.0,95,138.151364
94.0,94,138.168382
90.0,90,138.185117
14.0,14,138.187485
93.0,93,138.204237
94.0,94,138.221749
29.0,29,138.226979
14.0,14,138.229772
19.0,19,138.232925
100.0,100,138.251363
98.0,98,138.269595
91.0,91,138.286476
96.0,96,138.304113
89.0,89,138.351958
24.0,24,138.356536
97.0,97,138.374592
93.0,93,138.391826
90.0,90,138.408833
91.0,91,138.425817
92.0,92,138.442913
100.0,100,138.461221
93.0,93,138.478443
95.0,95,138.495888
94.0,94,138.512961
25.0,25,138.517382
19.0,19,138.521197
102.0,102,138.540597
91.0,91,138.558228
95.0,95,138.575947
98.0,98,138.594254
31.0,31,138.599599
91.0,91,138.61637
90.0,90,138.63318
96.0,96,138.650638
94.0,94,138.66768
19.0,19,138.671338
89.0,89,138.68763
98.0,98,138.705785
93.0,93,138.749298
20.0,20,138.753142
19.0,19,138.756806
97.0,97,138.774782
98.0,98,138.792672
92.0,92,138.80968
89.0,89,138.82645
92.0,92,138.843622
91.0,91,138.859948
97.0,97,138.878061
91.0,91,138.894395
91.0,91,138.91112
94.0,94,138.928741
94.0,94,138.945676
97.0,97,138.963349
24.0,24,138.9678
92.0,92,138.984734
92.0,92,139.001644
18.0,18,139.005136
99.0,99,139.023357
93.0,93,139.04035
96.0,96,139.058023
11.0,11,139.060094
97.0,97,139.077817
92.0,92,139.094794
97.0,97,139.143273
96.0,96,139.161393
21.0,21,139.164994
94.0,94,139.182896
33.0,33,139.188852
18.0,18,139.192413
96.0,96,139.210162
92.0,92,139.227155
92.0,92,139.243943
93.0,93,139.260931
94.0,94,139.277956
96.0,96,139.295831
98.0,98,139.313992
99.0,99,139.332316
94.0,94,139.349481
15.0,15,139.352375
92.0,92,139.369297
93.0,93,139.386145
95.0,95,139.403705
103.0,103,139.422508
15.0,15,139.424927
99.0,99,139.443098
96.0,96,139.460719
91.0,91,139.477693
103.0,103,139.496767
94.0,94,139.544513
19.0,19,139.548268
98.0,98,139.566493
16.0,16,139.569412
93.0,93,139.587049
103.0,103,139.605952
101.0,101,139.624874
98.0,98,139.642668
96.0,96,139.660373
93.0,93,139.677347
18.0,18,139.680906
97.0,97,139.698639
98.0,98,139.71703
92.0,92,139.733936
105.0,105,139.753051
97.0,97,139.770945
19.0,19,139.774503
96.0,96,139.792093
99.0,99,139.810407
96.0,96,139.828046
94.0,94,139.844978
97.0,97,139.862678
16.0,16,139.865583
91.0,91,139.882391
94.0,94,139.899736
95.0,95,139.947725
98.0,98,139.965918
16.0,16,139.969039
97.0,97,139.986951
93.0,93,140.004073
95.0,95,140.021695
92.0,92,140.0386
96.0,96,140.056339
16.0,16,140.059296
97.0,97,140.076763
95.0,95,140.095907
94.0,94,140.114168
93.0,93,140.131625
16.0,16,140.134664
92.0,92,140.151628
93.0,93,140.16853
96.0,96,140.186237
91.0,91,140.203159
97.0,97,140.220867
94.0,94,140.23824
104.0,104,140.257075
96.0,96,140.274568
18.0,18,140.27766
90.0,90,140.294377
13.0,13,140.296701
97.0,97,140.345356
19.0,19,140.34918
97.0,97,140.367069
91.0,91,140.38407
15.0,15,140.38711
31.0,31,140.392484
99.0,99,140.410899
98.0,98,140.429199
23.0,23,140.43315
91.0,91,140.449971
97.0,97,140.467563
98.0,98,140.486123
91.0,91,140.503232
93.0,93,140.520483
97.0,97,140.538058
99.0,99,140.556541
15.0,15,140.559351
98.0,98,140.576998
102.0,102,140.596002
97.0,97,140.613634
100.0,100,140.631848
96.0,96,140.649453
16.0,16,140.65245
19.0,19,140.656103
17.0,17,140.659061
98.0,98,140.676748
96.0,96,140.694434
90.0,90,140.745063
91.0,91,140.765109
96.0,96,140.784777
94.0,94,140.803951
19.0,19,140.807911
92.0,92,140.82812
101.0,101,140.848212
92.0,92,140.866548
90.0,90,140.885208
98.0,98,140.904446
91.0,91,140.924068
93.0,93,140.94312
94.0,94,140.963088
95.0,95,140.982027
17.0,17,140.986462
95.0,95,141.005172
94.0,94,141.032393
94.0,94,141.059312
97.0,97,141.089283
103.0,103,141.116487
89.0,89,141.136263
92.0,92,141.155383
20.0,20,141.159915
92.0,92,141.180143
95.0,95,141.234357
94.0,94,141.255992
100.0,100,141.277608
103.0,103,141.300447
92.0,92,141.321125
94.0,94,141.341229
99.0,99,141.362294
96.0,96,141.384078
98.0,98,141.405489
97.0,97,141.427996
21.0,21,141.432244
93.0,93,141.450566
96.0,96,141.468423
16.0,16,141.471547
100.0,100,141.490151
90.0,90,141.506989
95.0,95,141.524313
101.0,101,141.543376
102.0,102,141.562007
90.0,90,141.578921
95.0,95,141.595937
26.0,26,141.600891
89.0,89,141.617256
100.0,100,141.667433
100.0,100,141.686416
16.0,16,141.689362
94.0,94,141.706866
94.0,94,141.724056
93.0,93,141.741048
96.0,96,141.758798
95.0,95,141.776357
100.0,100,141.794789
98.0,98,141.812966
29.0,29,141.818173
97.0,97,141.835909
96.0,96,141.85356
100.0,100,141.871854
95.0,95,141.889361
101.0,101,141.907894
98.0,98,141.926034
102.0,102,141.944552
94.0,94,141.962059
93.0,93,141.978957
19.0,19,141.982541
96.0,96,142.000019
91.0,91,142.016209
98.0,98,142.066344
92.0,92,142.083661
97.0,97,142.101838
98.0,98,142.120223
92.0,92,142.137231
93.0,93,142.154845
95.0,95,142.172335
94.0,94,142.189409
25.0,25,142.193799
94.0,94,142.21113
12.0,12,142.213321
92.0,92,142.230077
95.0,95,142.247673
90.0,90,142.263932
93.0,93,142.280939
95.0,95,142.298365
93.0,93,142.315336
91.0,91,142.332201
95.0,95,142.349654
94.0,94,142.366743
100.0,100,142.384805
91.0,91,142.401528
20.0,20,142.405167
95.0,95,142.422596
94.0,94,142.471679
98.0,98,142.490631
16.0,16,142.49358
24.0,24,142.498053
17.0,17,142.501071
100.0,100,142.519636
20.0,20,142.523401
21.0,21,142.527204
91.0,91,142.544345
93.0,93,142.561332
94.0,94,142.578775
93.0,93,142.59576
99.0,99,142.614065
91.0,91,142.630877
97.0,97,142.648443
97.0,97,142.666188
16.0,16,142.669163
19.0,19,142.672841
96.0,96,142.690528
89.0,89,142.706696
92.0,92,142.723502
100.0,100,142.741806
95.0,95,142.75921
91.0,91,142.775946
92.0,92,142.792736
93.0,93,142.810114
94.0,94,142.826984
99.0,99,142.876656
97.0,97,142.894874
93.0,93,142.912438
104.0,104,142.931784
100.0,100,142.950128
92.0,92,142.967319
92.0,92,142.984406
91.0,91,143.00084
94.0,94,143.018505
95.0,95,143.035951
96.0,96,143.053732
103.0,103,143.072479
96.0,96,143.090161
94.0,94,143.10757
101.0,101,143.126018
99.0,99,143.144313
95.0,95,143.161809
95.0,95,143.178882
95.0,95,143.196403
104.0,104,143.215441
100.0,100,143.264586
19.0,19,143.268728
100.0,100,143.287475
91.0,91,143.304585
95.0,95,143.321878
93.0,93,143.339378
92.0,92,143.356223
94.0,94,143.373282
91.0,91,143.390119
97.0,97,143.407854
90.0,90,143.424549
91.0,91,143.440841
94.0,94,143.458344
21.0,21,143.462083
92.0,92,143.479142
98.0,98,143.497373
23.0,23,143.501161
17.0,17,143.504616
97.0,97,143.522315
96.0,96,143.539913
91.0,91,143.55661
97.0,97,143.574221
97.0,97,143.591931
96.0,96,143.609703
96.0,96,143.627282
24.0,24,143.662479
97.0,97,143.681213
101.0,101,143.700387
94.0,94,143.717428
97.0,97,143.735383
96.0,96,143.75285
99.0,99,143.77137
98.0,98,143.789664
92.0,92,143.806748
96.0,96,143.824566
92.0,92,143.841646
94.0,94,143.858741
91.0,91,143.875771
91.0,91,143.89257
22.0,22,143.896407
92.0,92,143.913537
96.0,96,143.931244
27.0,27,143.936212
96.0,96,143.953826
89.0,89,143.97018
93.0,93,143.98718
95.0,95,144.004595
96.0,96,144.022285
93.0,93,144.072327
94.0,94,144.09076
25.0,25,144.095462
99.0,99,144.114026
92.0,92,144.131164
99.0,99,144.149427
98.0,98,144.167359
92.0,92,144.184278
94.0,94,144.201954
97.0,97,144.219959
90.0,90,144.236511
24.0,24,144.240977
92.0,92,144.257899
100.0,100,144.276445
90.0,90,144.293187
103.0,103,144.312283
93.0,93,144.329257
97.0,97,144.346908
104.0,104,144.366112
93.0,93,144.383117
97.0,97,144.401426
102.0,102,144.419804
102.0,102,144.469158
92.0,92,144.488339
99.0,99,144.508274
98.0,98,144.528803
97.0,97,144.548452
99.0,99,144.568955
94.0,94,144.590017
94.0,94,144.623544
93.0,93,144.65563
92.0,92,144.675347
97.0,97,144.694966
90.0,90,144.713517
96.0,96,144.733438
24.0,24,144.738112
93.0,93,144.75703
97.0,97,144.777264
99.0,99,144.799324
93.0,93,144.819141
96.0,96,144.840274
94.0,94,144.860712
95.0,95,144.881665
21.0,21,144.886477
100.0,100,144.908276
99.0,99,144.963629
94.0,94,144.990045
93.0,93,145.023899
92.0,92,145.055357
94.0,94,145.082869
99.0,99,145.10898
95.0,95,145.135956
101.0,101,145.1598
97.0,97,145.180623
103.0,103,145.203303
95.0,95,145.253248
96.0,96,145.271561
100.0,100,145.290309
102.0,102,145.309717
95.0,95,145.327554
98.0,98,145.345667
97.0,97,145.363646
95.0,95,145.381376
97.0,97,145.399281
98.0,98,145.417786
99.0,99,145.46653
102.0,102,145.486231
94.0,94,145.504075
99.0,99,145.522235
94.0,94,145.539897
100.0,100,145.558226
16.0,16,145.56125
100.0,100,145.579485
101.0,101,145.598028
99.0,99,145.616315
96.0,96,145.633986
100.0,100,145.65229
95.0,95,145.669994
98.0,98,145.687764
97.0,97,145.70529
95.0,95,145.722827
98.0,98,145.741051
92.0,92,145.7579
98.0,98,145.775609
95.0,95,145.793413
93.0,93,145.810479
92.0,92,145.82743
92.0,92,145.875715
98.0,98,145.89455
99.0,99,145.912964
97.0,97,145.931265
95.0,95,145.948461
100.0,100,145.966758
91.0,91,145.983529
99.0,99,146.002035
97.0,97,146.019745
96.0,96,146.03741
94.0,94,146.054869
13.0,13,146.05707
90.0,90,146.073511
99.0,99,146.091321
93.0,93,146.108354
23.0,23,146.112655
96.0,96,146.130366
28.0,28,146.135589
10.0,10,146.137625
94.0,94,146.154559
95.0,95,146.172294
96.0,96,146.189903
97.0,97,146.207688
97.0,97,146.2253
95.0,95,146.274937
94.0,94,146.293138
100.0,100,146.313785
97.0,97,146.333188
21.0,21,146.3373
96.0,96,146.35718
98.0,98,146.377343
19.0,19,146.380747
92.0,92,146.399082
100.0,100,146.419618
104.0,104,146.440558
95.0,95,146.459649
19.0,19,146.46377
98.0,98,146.483685
101.0,101,146.504737
99.0,99,146.524148
97.0,97,146.555859
102.0,102,146.592093
94.0,94,146.61688
95.0,95,146.638384
96.0,96,146.659333
103.0,103,146.681898
96.0,96,146.703576
93.0,93,146.75994
92.0,92,146.780243
95.0,95,146.800728
93.0,93,146.822451
93.0,93,146.843061
29.0,29,146.848789
100.0,100,146.870885
94.0,94,146.891111
91.0,91,146.911387
95.0,95,146.933315
92.0,92,146.955099
26.0,26,146.959961
100.0,100,146.979308
93.0,93,146.99725
96.0,96,147.015093
96.0,96,147.033018
94.0,94,147.050385
96.0,96,147.068307
94.0,94,147.085986
96.0,96,147.103736
101.0,101,147.122339
98.0,98,147.140314
100.0,100,147.190659
129.0,129,147.215387
96.0,96,147.233274
94.0,94,147.250623
95.0,95,147.268352
106.0,106,147.287757
42.0,42,147.295656
99.0,99,147.314006
104.0,104,147.333136
101.0,101,147.351627
96.0,96,147.369369
100.0,100,147.387824
99.0,99,147.405983
97.0,97,147.423793
103.0,103,147.442902
104.0,104,147.462136
96.0,96,147.479777
99.0,99,147.497511
96.0,96,147.51524
104.0,104,147.534402
99.0,99,147.552615
103.0,103,147.604176
94.0,94,147.621611
97.0,97,147.639967
100.0,100,147.658578
91.0,91,147.67485
99.0,99,147.693386
24.0,24,147.697798
95.0,95,147.715262
21.0,21,147.719051
92.0,92,147.735991
94.0,94,147.753744
99.0,99,147.771841
97.0,97,147.790002
17.0,17,147.792977
101.0,101,147.8115
23.0,23,147.815771
95.0,95,147.833435
101.0,101,147.851848
102.0,102,147.870377
98.0,98,147.888645
102.0,102,147.907163
97.0,97,147.92529
102.0,102,147.943752
100.0,100,147.995255
98.0,98,148.014193
24.0,24,148.018696
100.0,100,148.037562
103.0,103,148.056349
101.0,101,148.07523
108.0,108,148.094989
100.0,100,148.113253
147.0,147,148.139722
97.0,97,148.158054
95.0,95,148.175051
33.0,33,148.181475
95.0,95,148.198488
104.0,104,148.217644
99.0,99,148.235846
97.0,97,148.25362
99.0,99,148.271812
104.0,104,148.290758
101.0,101,148.309138
102.0,102,148.328011
93.0,93,148.34493
102.0,102,148.395671
100.0,100,148.414596
104.0,104,148.433641
99.0,99,148.451603
105.0,105,148.471289
91.0,91,148.487625
96.0,96,148.505151
21.0,21,148.50937
96.0,96,148.526885
98.0,98,148.544634
104.0,104,148.563758
27.0,27,148.568777
99.0,99,148.5871
100.0,100,148.605525
100.0,100,148.623857
107.0,107,148.642956
99.0,99,148.66123
99.0,99,148.679335
105.0,105,148.698603
105.0,105,148.717805
95.0,95,148.735266
19.0,19,148.738831
95.0,95,148.787295
97.0,97,148.805921
94.0,94,148.823294
102.0,102,148.842525
102.0,102,148.861015
101.0,101,148.879856
105.0,105,148.899014
102.0,102,148.917503
97.0,97,148.935782
93.0,93,148.952505
104.0,104,148.971878
104.0,104,148.991095
94.0,94,149.007947
99.0,99,149.026147
95.0,95,149.043743
94.0,94,149.060582
102.0,102,149.079632
102.0,102,149.098008
100.0,100,149.116311
100.0,100,149.134748
93.0,93,149.152149
100.0,100,149.202959
97.0,97,149.221031
100.0,100,149.239583
98.0,98,149.257444
95.0,95,149.27511
99.0,99,149.293468
31.0,31,149.299296
94.0,94,149.316417
97.0,97,149.333956
95.0,95,149.351414
99.0,99,149.369772
98.0,98,149.387443
97.0,97,149.40556
95.0,95,149.422351
99.0,99,149.44057
99.0,99,149.458955
105.0,105,149.47789
101.0,101,149.496253
100.0,100,149.514484
98.0,98,149.532616
100.0,100,149.550788
103.0,103,149.601977
100.0,100,149.62044
97.0,97,149.63818
98.0,98,149.656071
95.0,95,149.673619
97.0,97,149.691453
90.0,90,149.708294
102.0,102,149.726785
93.0,93,149.744151
92.0,92,149.761091
99.0,99,149.779086
101.0,101,149.797982
94.0,94,149.814904
97.0,97,149.832699
95.0,95,149.850208
97.0,97,149.867888
98.0,98,149.885936
93.0,93,149.902803
101.0,101,149.921315
97.0,97,149.939518
102.0,102,149.988375
94.0,94,150.006692
98.0,98,150.024709
95.0,95,150.042208
97.0,97,150.059985
94.0,94,150.077524
94.0,94,150.096342
101.0,101,150.11609
97.0,97,150.134539
97.0,97,150.152254
97.0,97,150.170271
98.0,98,150.188165
93.0,93,150.20536
96.0,96,150.222847
97.0,97,150.240601
103.0,103,150.259699
101.0,101,150.278268
102.0,102,150.297152
103.0,103,150.315519
101.0,101,150.334105
98.0,98,150.351876
93.0,93,150.399775
25.0,25,150.405094
95.0,95,150.422273
98.0,98,150.440575
133.0,133,150.464765
100.0,100,150.483309
29.0,29,150.488607
98.0,98,150.506777
103.0,103,150.52578
94.0,94,150.542793
99.0,99,150.561042
94.0,94,150.578154
97.0,97,150.596172
102.0,102,150.614642
133.0,133,150.638663
31.0,31,150.644204
101.0,101,150.662541
93.0,93,150.680664
96.0,96,150.698173
99.0,99,150.715953
108.0,108,150.735738
93.0,93,150.753301
98.0,98,150.803218
21.0,21,150.807042
95.0,95,150.824583
106.0,106,150.844449
95.0,95,150.8616
99.0,99,150.880327
99.0,99,150.898703
93.0,93,150.915635
102.0,102,150.934643
100.0,100,150.953063
97.0,97,150.971043
95.0,95,150.988671
90.0,90,151.004755
102.0,102,151.023823
28.0,28,151.028993
99.0,99,151.046826
96.0,96,151.064378
100.0,100,151.082628
100.0,100,151.100897
94.0,94,151.118488
102.0,102,151.136972
104.0,104,151.188687
100.0,100,151.20836
95.0,95,151.226229
94.0,94,151.245415
95.0,95,151.273675
98.0,98,151.307029
96.0,96,151.336378
98.0,98,151.356416
98.0,98,151.376057
19.0,19,151.379905
99.0,99,151.401521
97.0,97,151.421842
103.0,103,151.442682
102.0,102,151.463512
104.0,104,151.486325
99.0,99,151.521939
95.0,95,151.552958
94.0,94,151.574691
93.0,93,151.594146
106.0,106,151.617868
100.0,100,151.639309
102.0,102,151.661347
98.0,98,151.718532
100.0,100,151.740502
93.0,93,151.761896
96.0,96,151.782228
96.0,96,151.80465
20.0,20,151.809246
22.0,22,151.813578
16.0,16,151.816754
100.0,100,151.838006
93.0,93,151.859161
92.0,92,151.879748
99.0,99,151.902394
99.0,99,151.924512
93.0,93,151.957827
96.0,96,151.991204
98.0,98,152.010227
20.0,20,152.013991
18.0,18,152.017145
104.0,104,152.036443
91.0,91,152.053404
24.0,24,152.058012
93.0,93,152.075382
99.0,99,152.093942
94.0,94,152.111547
95.0,95,152.128968
94.0,94,152.178321
93.0,93,152.19603
97.0,97,152.213959
49.0,49,152.223236
101.0,101,152.241841
101.0,101,152.26002
19.0,19,152.263646
26.0,26,152.268231
98.0,98,152.286437
100.0,100,152.304759
99.0,99,152.323092
100.0,100,152.341545
97.0,97,152.359375
95.0,95,152.377072
93.0,93,152.394116
103.0,103,152.41321
99.0,99,152.431108
21.0,21,152.435308
14.0,14,152.437665
97.0,97,152.455478
97.0,97,152.473492
131.0,131,152.497032
130.0,130,152.521199
96.0,96,152.538795
96.0,96,152.58854
100.0,100,152.607039
93.0,93,152.623951
95.0,95,152.641724
105.0,105,152.661003
99.0,99,152.679468
93.0,93,152.696313
22.0,22,152.700513
99.0,99,152.718398
95.0,95,152.735847
95.0,95,152.753539
19.0,19,152.757197
95.0,95,152.774282
94.0,94,152.791813
100.0,100,152.809969
93.0,93,152.826759
97.0,97,152.844785
92.0,92,152.861807
102.0,102,152.880722
93.0,93,152.897808
97.0,97,152.915669
95.0,95,152.933071
99.0,99,152.982164
104.0,104,153.001425
91.0,91,153.018617
93.0,93,153.03559
93.0,93,153.052392
95.0,95,153.070057
92.0,92,153.086762
97.0,97,153.104154
100.0,100,153.122246
99.0,99,153.140331
98.0,98,153.158335
98.0,98,153.176546
93.0,93,153.193505
99.0,99,153.211754
19.0,19,153.215331
90.0,90,153.231721
15.0,15,153.234531
91.0,91,153.251235
97.0,97,153.268664
97.0,97,153.286322
100.0,100,153.304651
93.0,93,153.321568
97.0,97,153.370295
97.0,97,153.389053
90.0,90,153.405902
93.0,93,153.423574
98.0,98,153.441206
26.0,26,153.446206
94.0,94,153.463442
93.0,93,153.480522
103.0,103,153.499673
94.0,94,153.5172
95.0,95,153.534319
90.0,90,153.551268
90.0,90,153.56763
96.0,96,153.585277
94.0,94,153.60258
90.0,90,153.618741
96.0,96,153.636252
98.0,98,153.654427
98.0,98,153.672224
97.0,97,153.69017
96.0,96,153.707812
28.0,28,153.712938
91.0,91,153.729312
19.0,19,153.73301
97.0,97,153.782141
16.0,16,153.785254
102.0,102,153.804366
90.0,90,153.820735
125.0,125,153.844155
19.0,19,153.847309
99.0,99,153.865647
21.0,21,153.869475
91.0,91,153.886265
98.0,98,153.904384
105.0,105,153.923539
93.0,93,153.940556
91.0,91,153.957544
20.0,20,153.961238
101.0,101,153.980496
18.0,18,153.984162
15.0,15,153.98663
94.0,94,154.004216
94.0,94,154.02133
92.0,92,154.038259
28.0,28,154.043413
101.0,101,154.062166
102.0,102,154.08067
99.0,99,154.098946
94.0,94,154.115965
97.0,97,154.134213
97.0,97,154.177642
20.0,20,154.181445
19.0,19,154.185276
20.0,20,154.189046
94.0,94,154.206221
102.0,102,154.225544
100.0,100,154.243656
94.0,94,154.260656
99.0,99,154.278872
97.0,97,154.296603
102.0,102,154.315441
19.0,19,154.318456
91.0,91,154.335331
12.0,12,154.33756
100.0,100,154.355854
97.0,97,154.373766
99.0,99,154.392121
98.0,98,154.410449
98.0,98,154.428212
97.0,97,154.44572
100.0,100,154.464141
91.0,91,154.481188
99.0,99,154.49933
93.0,93,154.516132
135.0,135,154.571254
99.0,99,154.590235
97.0,97,154.607909
98.0,98,154.625682
20.0,20,154.629343
135.0,135,154.65419
92.0,92,154.671176
96.0,96,154.688599
93.0,93,154.705527
97.0,97,154.723739
92.0,92,154.740492
92.0,92,154.757636
90.0,90,154.77382
26.0,26,154.778887
92.0,92,154.795729
134.0,134,154.820041
91.0,91,154.83675
23.0,23,154.841114
95.0,95,154.858279
93.0,93,154.875861
23.0,23,154.879756
94.0,94,154.897309
95.0,95,154.914833
97.0,97,154.958336
101.0,101,154.977653
16.0,16,154.98071
18.0,18,154.984347
21.0,21,154.9884
137.0,137,155.013956
16.0,16,155.01732
97.0,97,155.038632
136.0,136,155.065645
23.0,23,155.070657
99.0,99,155.092
16.0,16,155.095314
100.0,100,155.11728
92.0,92,155.136775
18.0,18,155.140224
93.0,93,155.159457
20.0,20,155.163304
100.0,100,155.184375
19.0,19,155.18847
98.0,98,155.20879
101.0,101,155.228969
18.0,18,155.232903
104.0,104,155.25429
99.0,99,155.274371
96.0,96,155.294666
95.0,95,155.315083
93.0,93,155.337828
97.0,97,155.373376
131.0,131,155.443356
96.0,96,155.464844
94.0,94,155.485398
96.0,96,155.505356
102.0,102,155.528047
94.0,94,155.548846
99.0,99,155.571107
16.0,16,155.574422
20.0,20,155.579188
18.0,18,155.582779
19.0,19,155.587587
92.0,92,155.606823
94.0,94,155.62733
90.0,90,155.648058
20.0,20,155.652823
96.0,96,155.674254
101.0,101,155.696375
89.0,89,155.716365
94.0,94,155.735644
94.0,94,155.752975
97.0,97,155.77128
20.0,20,155.775021
96.0,96,155.792957
25.0,25,155.797516
97.0,97,155.815338
19.0,19,155.819118
16.0,16,155.822181
92.0,92,155.839118
11.0,11,155.841217
96.0,96,155.892987
11.0,11,155.894729
17.0,17,155.898278
95.0,95,155.915673
89.0,89,155.932387
94.0,94,155.949553
96.0,96,155.967401
99.0,99,155.985748
22.0,22,155.989584
23.0,23,155.994035
93.0,93,156.011014
93.0,93,156.028426
51.0,51,156.038682
95.0,95,156.056454
104.0,104,156.075603
94.0,94,156.093082
95.0,95,156.11025
23.0,23,156.114609
94.0,94,156.132175
94.0,94,156.149161
97.0,97,156.166686
93.0,93,156.184042
98.0,98,156.201759
93.0,93,156.219118
102.0,102,156.23801
95.0,95,156.286321
94.0,94,156.304395
95.0,95,156.3222
99.0,99,156.340481
98.0,98,156.358334
96.0,96,156.376039
12.0,12,156.378274
23.0,23,156.38265
23.0,23,156.387107
97.0,97,156.404825
91.0,91,156.421629
93.0,93,156.438589
100.0,100,156.457154
98.0,98,156.474798
96.0,96,156.492568
92.0,92,156.509378
92.0,92,156.526607
28.0,28,156.531611
93.0,93,156.548927
22.0,22,156.552794
19.0,19,156.556398
102.0,102,156.574909
18.0,18,156.578465
95.0,95,156.596107
104.0,104,156.615098
98.0,98,156.632896
92.0,92,156.649559
95.0,95,156.698652
131.0,131,156.725274
21.0,21,156.729465
94.0,94,156.748051
33.0,33,156.755128
41.0,41,156.762966
93.0,93,156.781335
91.0,91,156.801011
23.0,23,156.805735
101.0,101,156.826049
16.0,16,156.829777
96.0,96,156.872095
95.0,95,156.904075
27.0,27,156.909267
92.0,92,156.927603
90.0,90,156.946654
94.0,94,156.965027
16.0,16,156.96925
93.0,93,156.98865
99.0,99,157.010013
94.0,94,157.029551
18.0,18,157.033867
22.0,22,157.038859
98.0,98,157.059783
17.0,17,157.064489
92.0,92,157.08468
91.0,91,157.104107
25.0,25,157.109929
91.0,91,157.129991
19.0,19,157.162481
92.0,92,157.184352
100.0,100,157.208045
29.0,29,157.21429
17.0,17,157.218351
98.0,98,157.239013
98.0,98,157.261597
94.0,94,157.299709
21.0,21,157.30515
91.0,91,157.330938
13.0,13,157.335578
24.0,24,157.345695
102.0,102,157.377584
95.0,95,157.399475
100.0,100,157.421621
98.0,98,157.442989
97.0,97,157.46139
96.0,96,157.479317
97.0,97,157.497669
99.0,99,157.51559
99.0,99,157.534176
105.0,105,157.553457
126.0,126,157.576852
94.0,94,157.593936
89.0,89,157.610768
100.0,100,157.652321
96.0,96,157.670234
94.0,94,157.687671
98.0,98,157.70611
15.0,15,157.708459
95.0,95,157.726249
94.0,94,157.743923
99.0,99,157.762087
16.0,16,157.765115
96.0,96,157.782776
94.0,94,157.80025
95.0,95,157.817992
101.0,101,157.83664
22.0,22,157.840492
16.0,16,157.843458
99.0,99,157.86178
22.0,22,157.866031
90.0,90,157.882438
93.0,93,157.899375
93.0,93,157.916803
93.0,93,157.933771
98.0,98,157.951668
93.0,93,157.969093
96.0,96,157.986708
92.0,92,158.003552
94.0,94,158.052784
97.0,97,158.071074
97.0,97,158.089466
95.0,95,158.106554
121.0,121,158.129122
98.0,98,158.146952
20.0,20,158.150655
10.0,10,158.15276
22.0,22,158.15659
18.0,18,158.160257
20.0,20,158.163975
98.0,98,158.181857
99.0,99,158.200207
12.0,12,158.202379
23.0,23,158.206762
19.0,19,158.210056
93.0,93,158.227585
98.0,98,158.245293
102.0,102,158.264219
130.0,130,158.287788
92.0,92,158.30452
24.0,24,158.308846
102.0,102,158.32782
13.0,13,158.330109
98.0,98,158.347629
97.0,97,158.365852
96.0,96,158.383378
100.0,100,158.401711
95.0,95,158.452081
22.0,22,158.45645
98.0,98,158.475074
100.0,100,158.493552
97.0,97,158.511759
101.0,101,158.530122
96.0,96,158.547985
95.0,95,158.565622
24.0,24,158.570041
97.0,97,158.587817
95.0,95,158.605335
21.0,21,158.609028
97.0,97,158.626606
92.0,92,158.643497
102.0,102,158.662466
97.0,97,158.680144
101.0,101,158.698251
96.0,96,158.715862
99.0,99,158.734086
98.0,98,158.751941
94.0,94,158.769411
92.0,92,158.786293
101.0,101,158.804601
95.0,95,158.852953
19.0,19,158.8566
95.0,95,158.8741
16.0,16,158.877131
100.0,100,158.895592
95.0,95,158.913354
95.0,95,158.930902
27.0,27,158.936023
93.0,93,158.953042
101.0,101,158.971549
97.0,97,158.989596
96.0,96,159.007349
97.0,97,159.025699
96.0,96,159.043034
92.0,92,159.059942
93.0,93,159.077253
97.0,97,159.095082
27.0,27,159.100215
95.0,95,159.117811
90.0,90,159.13394
98.0,98,159.152126
16.0,16,159.155088
97.0,97,159.172731
18.0,18,159.175876
92.0,92,159.192658
20.0,20,159.196374
92.0,92,159.24461
94.0,94,159.263051
93.0,93,159.280299
19.0,19,159.283946
95.0,95,159.301575
92.0,92,159.318409
21.0,21,159.32221
19.0,19,159.325842
100.0,100,159.344173
96.0,96,159.361858
95.0,95,159.378921
19.0,19,159.3825
16.0,16,159.385467
97.0,97,159.403493
123.0,123,159.426087
96.0,96,159.443948
95.0,95,159.461545
98.0,98,159.479389
97.0,97,159.497704
96.0,96,159.515253
101.0,101,159.533503
94.0,94,159.550604
96.0,96,159.568199
96.0,96,159.585798
17.0,17,159.589207
98.0,98,159.607015
97.0,97,159.656976
95.0,95,159.675208
93.0,93,159.692523
19.0,19,159.696171
93.0,93,159.713064
97.0,97,159.73119
95.0,95,159.748198
24.0,24,159.752647
93.0,93,159.770248
25.0,25,159.774716
107.0,107,159.794464
96.0,96,159.81181
98.0,98,159.829734
18.0,18,159.833252
97.0,97,159.850851
28.0,28,159.855945
93.0,93,159.872865
97.0,97,159.89053
93.0,93,159.907923
97.0,97,159.925478
95.0,95,159.943073
96.0,96,159.960741
19.0,19,159.963914
99.0,99,159.982169
24.0,24,159.986503
95.0,95,160.003747
93.0,93,160.052406
100.0,100,160.071056
14.0,14,160.073893
98.0,98,160.091914
94.0,94,160.111203
96.0,96,160.129978
18.0,18,160.133175
94.0,94,160.150675
17.0,17,160.153657
17.0,17,160.156698
100.0,100,160.175057
20.0,20,160.17873
97.0,97,160.196481
29.0,29,160.202137
21.0,21,160.205938
26.0,26,160.210391
93.0,93,160.228009
25.0,25,160.232497
101.0,101,160.250723
98.0,98,160.268995
94.0,94,160.286009
20.0,20,160.289714
95.0,95,160.307311
98.0,98,160.325217
16.0,16,160.328077
98.0,98,160.346259
97.0,97,160.364108
91.0,91,160.380843
93.0,93,160.39777
17.0,17,160.400834
98.0,98,160.445296
98.0,98,160.463318
98.0,98,160.481971
93.0,93,160.499164
94.0,94,160.516553
102.0,102,160.535221
96.0,96,160.553011
102.0,102,160.572024
104.0,104,160.591056
21.0,21,160.594723
132.0,132,160.61891
96.0,96,160.63651
96.0,96,160.653943
102.0,102,160.672535
31.0,31,160.678335
100.0,100,160.696734
46.0,46,160.705318
95.0,95,160.722359
98.0,98,160.740625
93.0,93,160.757592
91.0,91,160.774323
99.0,99,160.792655
29.0,29,160.797871
90.0,90,160.840608
98.0,98,160.859246
94.0,94,160.876426
95.0,95,160.894052
94.0,94,160.911606
96.0,96,160.929295
93.0,93,160.94631
91.0,91,160.963009
19.0,19,160.966197
104.0,104,160.985001
93.0,93,161.002015
97.0,97,161.019546
96.0,96,161.03708
92.0,92,161.053696
97.0,97,161.071263
105.0,105,161.090248
22.0,22,161.094526
22.0,22,161.098389
99.0,99,161.116673
21.0,21,161.120358
94.0,94,161.137768
94.0,94,161.154652
26.0,26,161.159569
91.0,91,161.176283
99.0,99,161.194029
135.0,135,161.250837
95.0,95,161.268688
23.0,23,161.27298
95.0,95,161.290498
101.0,101,161.309456
99.0,99,161.327403
21.0,21,161.331561
96.0,96,161.349012
102.0,102,161.367399
100.0,100,161.385745
24.0,24,161.390136
93.0,93,161.406961
101.0,101,161.425921
94.0,94,161.44313
97.0,97,161.460676
94.0,94,161.478033
94.0,94,161.495231
97.0,97,161.513731
94.0,94,161.531459
97.0,97,161.549314
93.0,93,161.566756
100.0,100,161.5852
93.0,93,161.630608
276.0,276,161.682296
94.0,94,161.699482
93.0,93,161.716907
100.0,100,161.735231
100.0,100,161.753609
98.0,98,161.771395
26.0,26,161.776375
100.0,100,161.794951
92.0,92,161.811769
125.0,125,161.83441
94.0,94,161.851677
95.0,95,161.869214
98.0,98,161.887537
95.0,95,161.904593
91.0,91,161.921661
96.0,96,161.939461
92.0,92,161.95617
97.0,97,161.973858
95.0,95,161.991394
99.0,99,162.048502
97.0,97,162.067997
92.0,92,162.086268
103.0,103,162.108145
95.0,95,162.127727
94.0,94,162.146653
36.0,36,162.154334
100.0,100,162.174113
93.0,93,162.193071
128.0,128,162.219543
24.0,24,162.225308
98.0,98,162.24559
90.0,90,162.263795
134.0,134,162.291539
99.0,99,162.318038
28.0,28,162.326561
101.0,101,162.365239
96.0,96,162.392726
21.0,21,162.397187
99.0,99,162.419389
96.0,96,162.440724
96.0,96,162.462216
96.0,96,162.482309
97.0,97,162.540018
25.0,25,162.545008
96.0,96,162.567542
93.0,93,162.588235
19.0,19,162.592026
94.0,94,162.612666
95.0,95,162.633548
96.0,96,162.65504
102.0,102,162.677635
99.0,99,162.699723
98.0,98,162.718834
94.0,94,162.736629
96.0,96,162.754406
94.0,94,162.771546
99.0,99,162.79017
99.0,99,162.808613
93.0,93,162.825554
93.0,93,162.842664
32.0,32,162.848628
95.0,95,162.866299
103.0,103,162.885327
102.0,102,162.904022
91.0,91,162.920885
100.0,100,162.970794
94.0,94,162.988779
95.0,95,163.005872
96.0,96,163.023947
91.0,91,163.040998
23.0,23,163.045413
98.0,98,163.063254
100.0,100,163.081704
98.0,98,163.099924
96.0,96,163.117726
93.0,93,163.134835
92.0,92,163.15176
97.0,97,163.169599
20.0,20,163.17329
99.0,99,163.191298
91.0,91,163.208018
95.0,95,163.22563
35.0,35,163.231681
94.0,94,163.249145
93.0,93,163.266013
95.0,95,163.283522
98.0,98,163.30211
95.0,95,163.319815
97.0,97,163.364833
98.0,98,163.383588
21.0,21,163.387427
95.0,95,163.404953
23.0,23,163.409431
20.0,20,163.413173
97.0,97,163.430857
20.0,20,163.434515
99.0,99,163.453102
92.0,92,163.470093
99.0,99,163.488043
97.0,97,163.506173
98.0,98,163.524027
97.0,97,163.541711
92.0,92,163.558545
100.0,100,163.576857
91.0,91,163.593766
100.0,100,163.61216
95.0,95,163.629598
99.0,99,163.647821
96.0,96,163.665412
92.0,92,163.682233
102.0,102,163.700621
92.0,92,163.717383
92.0,92,163.765423
23.0,23,163.77013
98.0,98,163.788015
97.0,97,163.806068
100.0,100,163.824521
93.0,93,163.841527
101.0,101,163.859855
91.0,91,163.876568
90.0,90,163.892767
95.0,95,163.91037
24.0,24,163.914708
97.0,97,163.932459
95.0,95,163.950019
96.0,96,163.9677
96.0,96,163.985372
98.0,98,164.004178
99.0,99,164.022189
92.0,92,164.039074
96.0,96,164.056757
97.0,97,164.074765
94.0,94,164.09194
102.0,102,164.11078
99.0,99,164.154652
91.0,91,164.172005
19.0,19,164.175721
94.0,94,164.192977
96.0,96,164.210939
97.0,97,164.229287
18.0,18,164.232622
93.0,93,164.249612
98.0,98,164.267934
92.0,92,164.284861
45.0,45,164.293028
25.0,25,164.297501
93.0,93,164.314844
98.0,98,164.332552
92.0,92,164.349676
23.0,23,164.354079
93.0,93,164.370974
92.0,92,164.387906
96.0,96,164.405432
98.0,98,164.423603
91.0,91,164.439929
94.0,94,164.457341
98.0,98,164.475134
88.0,88,164.491276
93.0,93,164.508524
93.0,93,164.556267
92.0,92,164.573762
99.0,99,164.5923
96.0,96,164.610082
92.0,92,164.626774
98.0,98,164.644458
21.0,21,164.64811
12.0,12,164.650345
94.0,94,164.667729
94.0,94,164.684748
102.0,102,164.703648
96.0,96,164.721211
98.0,98,164.739144
30.0,30,164.744875
92.0,92,164.761862
96.0,96,164.779538
94.0,94,164.796496
93.0,93,164.813821
92.0,92,164.830694
96.0,96,164.84831
97.0,97,164.86591
25.0,25,164.870328
102.0,102,164.889007
92.0,92,164.905978
23.0,23,164.909914
27.0,27,164.940932
94.0,94,164.959091
29.0,29,164.964387
95.0,95,164.982711
94.0,94,165.0001
99.0,99,165.018311
18.0,18,165.021376
94.0,94,165.038874
24.0,24,165.043318
97.0,97,165.061267
96.0,96,165.078953
99.0,99,165.097394
96.0,96,165.116543
97.0,97,165.135149
96.0,96,165.153197
98.0,98,165.171682
98.0,98,165.189554
95.0,95,165.207294
19.0,19,165.210903
96.0,96,165.228332
23.0,23,165.232297
91.0,91,165.249152
97.0,97,165.266671
96.0,96,165.284144
90.0,90,165.301154
39.0,39,165.308385
94.0,94,165.385441
97.0,97,165.405907
99.0,99,165.424669
96.0,96,165.444783
97.0,97,165.464046
96.0,96,165.483323
97.0,97,165.50339
94.0,94,165.522557
20.0,20,165.526734
14.0,14,165.530616
30.0,30,165.537859
140.0,140,165.584957
91.0,91,165.611524
92.0,92,165.63007
103.0,103,165.651232
18.0,18,165.654587
19.0,19,165.658432
20.0,20,165.662824
101.0,101,165.683848
90.0,90,165.702681
25.0,25,165.708321
94.0,94,165.727857
95.0,95,165.748521
24.0,24,165.753745
21.0,21,165.758264
97.0,97,165.778661
19.0,19,165.782224
95.0,95,165.803576
23.0,23,165.808514
23.0,23,165.832461
107.0,107,165.856961
100.0,100,165.877421
96.0,96,165.897634
133.0,133,165.928617
106.0,106,165.964334
103.0,103,165.997842
95.0,95,166.029146
103.0,103,166.050707
101.0,101,166.076302
99.0,99,166.098504
140.0,140,166.129297
100.0,100,166.152325
102.0,102,166.172757
98.0,98,166.19103
95.0,95,166.209139
139.0,139,166.235178
103.0,103,166.254842
102.0,102,166.273805
105.0,105,166.332954
99.0,99,166.352027
98.0,98,166.370638
104.0,104,166.390074
34.0,34,166.396208
104.0,104,166.415526
108.0,108,166.435609
99.0,99,166.45397
105.0,105,166.473356
101.0,101,166.491904
94.0,94,166.50958
101.0,101,166.52795
195.0,195,166.563739
100.0,100,166.582242
96.0,96,166.600037
102.0,102,166.618717
100.0,100,166.637107
99.0,99,166.655458
102.0,102,166.674343
94.0,94,166.691412
100.0,100,166.760398
101.0,101,166.77938
95.0,95,166.797012
97.0,97,166.8149
93.0,93,166.832253
102.0,102,166.851142
102.0,102,166.8702
99.0,99,166.888021
96.0,96,166.905806
93.0,93,166.923425
24.0,24,166.927879
97.0,97,166.94568
101.0,101,166.964125
102.0,102,166.983131
101.0,101,167.001624
24.0,24,167.006101
93.0,93,167.023119
23.0,23,167.027524
99.0,99,167.046202
102.0,102,167.06488
153.0,153,167.092853
98.0,98,167.111162
97.0,97,167.160621
39.0,39,167.168093
131.0,131,167.192738
101.0,101,167.211432
105.0,105,167.230689
101.0,101,167.249382
102.0,102,167.26845
95.0,95,167.286451
96.0,96,167.31039
92.0,92,167.339363
94.0,94,167.375665
93.0,93,167.394504
90.0,90,167.41256
94.0,94,167.43121
104.0,104,167.452383
140.0,140,167.482366
93.0,93,167.501233
100.0,100,167.521705
212.0,212,167.589196
96.0,96,167.653807
34.0,34,167.661577
106.0,106,167.685323
101.0,101,167.70717
102.0,102,167.729822
95.0,95,167.749675
102.0,102,167.772892
94.0,94,167.793955
102.0,102,167.815459
97.0,97,167.837701
94.0,94,167.857507
97.0,97,167.879735
97.0,97,167.900673
101.0,101,167.922963
100.0,100,167.94525
94.0,94,167.969338
30.0,30,167.9775
94.0,94,168.012181
103.0,103,168.033869
99.0,99,168.052662
94.0,94,168.072457
21.0,21,168.076342
103.0,103,168.126928
105.0,105,168.147667
93.0,93,168.164988
104.0,104,168.184567
95.0,95,168.202409
94.0,94,168.219837
107.0,107,168.239893
92.0,92,168.25693
24.0,24,168.261369
94.0,94,168.278915
20.0,20,168.282655
96.0,96,168.300416
26.0,26,168.304976
103.0,103,168.324302
101.0,101,168.342802
95.0,95,168.360328
101.0,101,168.378962
99.0,99,168.39745
132.0,132,168.421974
99.0,99,168.440627
103.0,103,168.459323
102.0,102,168.478386
111.0,111,168.530681
106.0,106,168.551271
97.0,97,168.569506
95.0,95,168.587161
99.0,99,168.60544
101.0,101,168.624081
98.0,98,168.642529
93.0,93,168.659453
102.0,102,168.678195
132.0,132,168.702529
101.0,101,168.721534
95.0,95,168.738752
39.0,39,168.746098
104.0,104,168.76518
99.0,99,168.783374
72.0,72,168.79655
102.0,102,168.815057
93.0,93,168.832591
98.0,98,168.850178
34.0,34,168.856553
106.0,106,168.875816
101.0,101,168.894343
96.0,96,168.946777
98.0,98,168.965379
99.0,99,168.983824
102.0,102,169.002392
29.0,29,169.007681
96.0,96,169.026375
94.0,94,169.043894
94.0,94,169.061085
98.0,98,169.079239
121.0,121,169.101403
25.0,25,169.105928
101.0,101,169.125189
132.0,132,169.149435
94.0,94,169.166563
96.0,96,169.184245
99.0,99,169.202537
93.0,93,169.219427
102.0,102,169.238468
92.0,92,169.255202
101.0,101,169.273627
26.0,26,169.278211
97.0,97,169.296354
104.0,104,169.346495
94.0,94,169.364109
102.0,102,169.383307
99.0,99,169.401333
138.0,138,169.426971
97.0,97,169.444813
98.0,98,169.462998
95.0,95,169.480209
105.0,105,169.499671
96.0,96,169.517358
97.0,97,169.534952
102.0,102,169.553417
100.0,100,169.571781
103.0,103,169.591009
99.0,99,169.609302
95.0,95,169.626861
97.0,97,169.644442
39.0,39,169.651764
101.0,101,169.67029
99.0,99,169.688625
101.0,101,169.738824
95.0,95,169.757369
96.0,96,169.775216
100.0,100,169.793621
104.0,104,169.812778
94.0,94,169.829757
19.0,19,169.833291
96.0,96,169.85093
93.0,93,169.867907
96.0,96,169.885701
24.0,24,169.890032
102.0,102,169.908937
92.0,92,169.925949
101.0,101,169.944417
96.0,96,169.962048
104.0,104,169.981435
106.0,106,170.000798
96.0,96,170.018657
93.0,93,170.036173
93.0,93,170.053068
97.0,97,170.070818
27.0,27,170.075883
198.0,198,170.146327
30.0,30,170.152398
94.0,94,170.169962
95.0,95,170.188691
102.0,102,170.207717
26.0,26,170.212268
98.0,98,170.230603
100.0,100,170.249189
97.0,97,170.267038
103.0,103,170.286076
101.0,101,170.304575
92.0,92,170.321617
100.0,100,170.339772
32.0,32,170.345613
101.0,101,170.363725
94.0,94,170.381221
37.0,37,170.387962
103.0,103,170.407097
106.0,106,170.426158
40.0,40,170.433563
100.0,100,170.451819
98.0,98,170.470006
96.0,96,170.487477
101.0,101,170.505582
96.0,96,170.555061
94.0,94,170.572629
99.0,99,170.591135
95.0,95,170.608775
134.0,134,170.63309
32.0,32,170.638912
99.0,99,170.657279
101.0,101,170.675645
96.0,96,170.693393
94.0,94,170.710972
97.0,97,170.728673
99.0,99,170.747078
93.0,93,170.763994
131.0,131,170.787958
103.0,103,170.806829
101.0,101,170.82509
93.0,93,170.842012
99.0,99,170.860355
98.0,98,170.87803
22.0,22,170.882282
99.0,99,170.900336
94.0,94,170.949614
92.0,92,170.966761
99.0,99,170.985473
100.0,100,171.003854
157.0,157,171.032588
102.0,102,171.051738
100.0,100,171.070252
30.0,30,171.075576
103.0,103,171.094702
102.0,102,171.113425
99.0,99,171.131984
25.0,25,171.136465
96.0,96,171.153998
99.0,99,171.172354
97.0,97,171.190191
96.0,96,171.20784
24.0,24,171.212222
95.0,95,171.229708
99.0,99,171.248071
98.0,98,171.265865
21.0,21,171.269986
105.0,105,171.289112
102.0,102,171.30754
100.0,100,171.356942
96.0,96,171.37504
25.0,25,171.379953
94.0,94,171.397097
96.0,96,171.414493
100.0,100,171.432918
23.0,23,171.437275
95.0,95,171.455036
99.0,99,171.472698
97.0,97,171.490842
101.0,101,171.509311
96.0,96,171.527054
102.0,102,171.54555
101.0,101,171.564472
38.0,38,171.57122
100.0,100,171.589506
96.0,96,171.607087
23.0,23,171.611437
30.0,30,171.616655
92.0,92,171.633578
24.0,24,171.637887
96.0,96,171.655533
113.0,113,171.676491
94.0,94,171.693593
100.0,100,171.742991
165.0,165,171.77431
99.0,99,171.792897
190.0,190,171.827988
106.0,106,171.84721
92.0,92,171.863791
170.0,170,171.895396
98.0,98,171.913054
97.0,97,171.930914
96.0,96,171.948623
36.0,36,171.955278
23.0,23,171.959635
99.0,99,171.977924
26.0,26,171.982426
98.0,98,172.000471
95.0,95,172.017903
92.0,92,172.034501
23.0,23,172.038382
104.0,104,172.057652
189.0,189,172.092995
99.0,99,172.151066
251.0,251,172.199131
111.0,111,172.219863
97.0,97,172.237706
36.0,36,172.244336
26.0,26,172.249356
149.0,149,172.276754
32.0,32,172.282639
96.0,96,172.300416
25.0,25,172.30496
104.0,104,172.324159
26.0,26,172.329432
30.0,30,172.335028
96.0,96,172.354873
98.0,98,172.374756
96.0,96,172.394091
99.0,99,172.415088
21.0,21,172.419699
94.0,94,172.438706
200.0,200,172.480173
98.0,98,172.501397
95.0,95,172.52096
97.0,97,172.590206
96.0,96,172.612494
96.0,96,172.632812
100.0,100,172.657198
96.0,96,172.691035
94.0,94,172.719314
100.0,100,172.747565
96.0,96,172.769178
92.0,92,172.789058
24.0,24,172.793955
96.0,96,172.813967
98.0,98,172.837019
22.0,22,172.841685
20.0,20,172.846135
98.0,98,172.867881
26.0,26,172.873564
100.0,100,172.895629
25.0,25,172.90118
21.0,21,172.906138
95.0,95,172.92689
97.0,97,172.950057
21.0,21,172.955174
26.0,26,172.96039
34.0,34,172.968305
92.0,92,172.9898
18.0,18,172.993627
23.0,23,172.998632
93.0,93,173.019448
97.0,97,173.040874
98.0,98,173.059398
20.0,20,173.080305
94.0,94,173.099018
181.0,181,173.133338
95.0,95,173.151472
97.0,97,173.169341
97.0,97,173.187302
90.0,90,173.204215
100.0,100,173.222819
97.0,97,173.240749
24.0,24,173.245148
94.0,94,173.26252
94.0,94,173.280154
94.0,94,173.297077
93.0,93,173.315419
168.0,168,173.346712
28.0,28,173.351927
92.0,92,173.368736
30.0,30,173.374121
192.0,192,173.40965
99.0,99,173.42807
98.0,98,173.445802
96.0,96,173.490274
23.0,23,173.494771
92.0,92,173.51238
99.0,99,173.531163
96.0,96,173.549144
189.0,189,173.584286
95.0,95,173.601884
94.0,94,173.61909
96.0,96,173.636682
96.0,96,173.654499
97.0,97,173.672816
94.0,94,173.689883
96.0,96,173.707481
97.0,97,173.725379
101.0,101,173.744405
19.0,19,173.747634
16.0,16,173.750647
93.0,93,173.768199
29.0,29,173.773508
20.0,20,173.777242
99.0,99,173.795722
101.0,101,173.814383
96.0,96,173.832296
96.0,96,173.888287
151.0,151,173.917978
94.0,94,173.935697
21.0,21,173.9394
98.0,98,173.957771
95.0,95,173.975321
17.0,17,173.978361
96.0,96,173.996018
35.0,35,174.002536
103.0,103,174.021117
17.0,17,174.025241
99.0,99,174.043551
35.0,35,174.050183
22.0,22,174.054554
202.0,202,174.091779
98.0,98,174.110138
34.0,34,174.116218
94.0,94,174.133861
95.0,95,174.151192
90.0,90,174.167926
25.0,25,174.17234
177.0,177,174.204784
98.0,98,174.222824
96.0,96,174.240535
97.0,97,174.258361
92.0,92,174.307631
30.0,30,174.313527
23.0,23,174.317585
94.0,94,174.335668
95.0,95,174.353467
32.0,32,174.359284
160.0,160,174.388921
100.0,100,174.407636
186.0,186,174.44159
94.0,94,174.459126
92.0,92,174.476052
23.0,23,174.479986
19.0,19,174.483651
99.0,99,174.5022
154.0,154,174.530706
92.0,92,174.547714
235.0,235,174.590833
154.0,154,174.619541
93.0,93,174.636578
26.0,26,174.641113
98.0,98,174.659402
9.0,9,174.660919
17.0,17,174.688914
98.0,98,174.70822
23.0,23,174.712593
32.0,32,174.718707
96.0,96,174.736816
99.0,99,174.754794
94.0,94,174.772476
94.0,94,174.789454
25.0,25,174.79444
99.0,99,174.812528
94.0,94,174.830642
23.0,23,174.834989
95.0,95,174.852084
95.0,95,174.869699
97.0,97,174.887417
97.0,97,174.905301
181.0,181,174.938562
162.0,162,174.968059
97.0,97,174.986093
21.0,21,174.989889
19.0,19,174.993524
153.0,153,175.021537
93.0,93,175.038392
100.0,100,175.056694
198.0,198,175.127985
97.0,97,175.147217
93.0,93,175.165085
92.0,92,175.18287
18.0,18,175.18647
97.0,97,175.204202
23.0,23,175.208544
29.0,29,175.213856
25.0,25,175.218465
98.0,98,175.23668
100.0,100,175.255456
18.0,18,175.258583
25.0,25,175.263152
94.0,94,175.280748
98.0,98,175.298603
101.0,101,175.317638
97.0,97,175.33567
97.0,97,175.353359
24.0,24,175.357652
94.0,94,175.375264
94.0,94,175.39214
95.0,95,175.409544
92.0,92,175.426521
24.0,24,175.430979
164.0,164,175.461122
27.0,27,175.483102
147.0,147,175.511009
93.0,93,175.528965
102.0,102,175.547507
98.0,98,175.565779
91.0,91,175.582244
31.0,31,175.588137
103.0,103,175.607111
101.0,101,175.626104
23.0,23,175.630851
18.0,18,175.635791
102.0,102,175.656935
100.0,100,175.6768
96.0,96,175.696345
103.0,103,175.716786
18.0,18,175.720073
93.0,93,175.738881
150.0,150,175.783138
99.0,99,175.817213
95.0,95,175.839969
93.0,93,175.858938
25.0,25,175.863925
157.0,157,175.896808
23.0,23,175.90198
20.0,20,175.906084
95.0,95,175.958051
97.0,97,175.979932
25.0,25,175.985244
17.0,17,175.988797
94.0,94,176.009921
89.0,89,176.028776
27.0,27,176.035083
98.0,98,176.057478
176.0,176,176.093794
96.0,96,176.115842
95.0,95,176.138431
102.0,102,176.160547
19.0,19,176.164269
99.0,99,176.187362
158.0,158,176.235742
214.0,214,176.303596
191.0,191,176.346426
160.0,160,176.380802
25.0,25,176.385625
92.0,92,176.402637
91.0,91,176.434047
163.0,163,176.4649
149.0,149,176.492823
191.0,191,176.528425
99.0,99,176.546403
189.0,189,176.58167
92.0,92,176.599041
100.0,100,176.617521
27.0,27,176.622093
155.0,155,176.650411
100.0,100,176.668718
37.0,37,176.675234
103.0,103,176.694264
95.0,95,176.711804
25.0,25,176.716271
101.0,101,176.734977
93.0,93,176.752406
153.0,153,176.780321
97.0,97,176.819557
92.0,92,176.837463
95.0,95,176.855287
153.0,153,176.883838
98.0,98,176.90218
140.0,140,176.928161
100.0,100,176.946695
24.0,24,176.951221
98.0,98,176.969232
94.0,94,176.98688
41.0,41,176.994238
147.0,147,177.021453
184.0,184,177.055228
173.0,173,177.086771
185.0,185,177.120699
101.0,101,177.139243
26.0,26,177.144288
92.0,92,177.161103
95.0,95,177.178573
99.0,99,177.228461
183.0,183,177.262639
180.0,180,177.295895
97.0,97,177.313596
97.0,97,177.331828
95.0,95,177.349113
97.0,97,177.367341
102.0,102,177.386037
97.0,97,177.403912
99.0,99,177.422213
195.0,195,177.458186
148.0,148,177.485351
96.0,96,177.502717
155.0,155,177.531201
24.0,24,177.535555
100.0,100,177.553923
108.0,108,177.573934
99.0,99,177.632394
198.0,198,177.670344
97.0,97,177.688772
100.0,100,177.707483
18.0,18,177.711106
102.0,102,177.729672
29.0,29,177.734887
183.0,183,177.768614
96.0,96,177.786208
196.0,196,177.822591
110.0,110,177.843024
97.0,97,177.860783
96.0,96,177.878467
147.0,147,177.905655
154.0,154,177.933526
96.0,96,177.951062
104.0,104,177.970372
202.0,202,178.03871
184.0,184,178.074587
163.0,163,178.107162
95.0,95,178.126475
97.0,97,178.145913
98.0,98,178.166403
179.0,179,178.202507
23.0,23,178.206926
96.0,96,178.226566
21.0,21,178.231002
95.0,95,178.250026
91.0,91,178.268978
93.0,93,178.28758
173.0,173,178.323636
99.0,99,178.34347
101.0,101,178.371347
95.0,95,178.403198
149.0,149,178.447889
93.0,93,178.469737
96.0,96,178.525465
95.0,95,178.545819
100.0,100,178.568437
99.0,99,178.589477
150.0,150,178.623382
102.0,102,178.644567
150.0,150,178.676492
142.0,142,178.707147
183.0,183,178.747345
142.0,142,178.774995
173.0,173,178.80741
98.0,98,178.825297
99.0,99,178.844034
183.0,183,178.878027
105.0,105,178.897417
96.0,96,178.958682
100.0,100,178.978345
98.0,98,178.996806
96.0,96,179.01465
98.0,98,179.032499
187.0,187,179.067243
157.0,157,179.096032
185.0,185,179.130098
177.0,177,179.163085
102.0,102,179.181564
101.0,101,179.200142
94.0,94,179.217647
157.0,157,179.246416
98.0,98,179.264641
185.0,185,179.2984
163.0,163,179.384099
169.0,169,179.416751
27.0,27,179.422061
194.0,194,179.457796
98.0,98,179.47602
97.0,97,179.493819
180.0,180,179.52691
105.0,105,179.546111
155.0,155,179.575023
97.0,97,179.592637
158.0,158,179.621896
148.0,148,179.648983
21.0,21,179.652814
93.0,93,179.669705
171.0,171,179.701165
24.0,24,179.705601
104.0,104,179.724748
93.0,93,179.741689
171.0,171,179.805624
17.0,17,179.808573
95.0,95,179.8263
23.0,23,179.830674
19.0,19,179.833848
100.0,100,179.852469
170.0,170,179.884075
188.0,188,179.918673
182.0,182,179.951732
170.0,170,179.983288
37.0,37,179.989914
158.0,158,180.019021
181.0,181,180.052223
92.0,92,180.069068
180.0,180,180.102084
184.0,184,180.137911
99.0,99,180.183414
96.0,96,180.202422
97.0,97,180.220539
92.0,92,180.238184
183.0,183,180.27247
102.0,102,180.290863
94.0,94,180.308685
169.0,169,180.340119
95.0,95,180.357885
170.0,170,180.389163
170.0,170,180.420773
172.0,172,180.452421
97.0,97,180.470151
148.0,148,180.49719
144.0,144,180.523473
103.0,103,180.542462
269.0,269,180.649628
96.0,96,180.667431
149.0,149,180.69473
90.0,90,180.711509
173.0,173,180.743311
185.0,185,180.777206
163.0,163,180.807406
172.0,172,180.838995
181.0,181,180.872182
171.0,171,180.90375
176.0,176,180.935733
93.0,93,180.952486
161.0,161,181.035183
173.0,173,181.068445
170.0,170,181.099508
228.0,228,181.141356
188.0,188,181.175673
148.0,148,181.203048
96.0,96,181.221011
172.0,172,181.252431
98.0,98,181.270552
179.0,179,181.303036
182.0,182,181.336739
150.0,150,181.364098
163.0,163,181.394011
175.0,175,181.473802
180.0,180,181.507197
168.0,168,181.537699
173.0,173,181.569361
152.0,152,181.597356
173.0,173,181.629287
173.0,173,181.661371
171.0,171,181.692614
177.0,177,181.725375
176.0,176,181.757538
162.0,162,181.786965
166.0,166,181.868652
180.0,180,181.902892
160.0,160,181.932375
160.0,160,181.962017
95.0,95,181.979025
184.0,184,182.012718
157.0,157,182.042083
162.0,162,182.071591
160.0,160,182.101085
165.0,165,182.13102
17.0,17,182.134357
177.0,177,182.166726
177.0,177,182.199035
167.0,167,182.229784
172.0,172,182.315508
177.0,177,182.348304
168.0,168,182.378859
172.0,172,182.410724
157.0,157,182.439499
175.0,175,182.471946
184.0,184,182.505704
48.0,48,182.514398
159.0,159,182.543393
170.0,170,182.574497
181.0,181,182.608113
179.0,179,182.640538
20.0,20,182.64419
97.0,97,182.718473
155.0,155,182.747404
172.0,172,182.779176
156.0,156,182.807708
176.0,176,182.840014
181.0,181,182.873745
196.0,196,182.909971
169.0,169,182.940863
164.0,164,182.970909
166.0,166,183.001238
165.0,165,183.031692
180.0,180,183.064345
165.0,165,183.14855
183.0,183,183.183294
182.0,182,183.216842
173.0,173,183.248623
183.0,183,183.282451
161.0,161,183.31193
176.0,176,183.344307
170.0,170,183.375591
175.0,175,183.407768
194.0,194,183.443105
176.0,176,183.475452
180.0,180,183.562688
176.0,176,183.599883
170.0,170,183.635166
167.0,167,183.670928
156.0,156,183.719832
181.0,181,183.762783
162.0,162,183.79592
177.0,177,183.833987
167.0,167,183.87048
169.0,169,183.906557
171.0,171,183.945165
166.0,166,183.998012
170.0,170,184.100124
168.0,168,184.163439
162.0,162,184.206615
162.0,162,184.2439
169.0,169,184.28088
18.0,18,184.285697
168.0,168,184.321987
155.0,155,184.351483
151.0,151,184.379234
159.0,159,184.409049
169.0,169,184.440046
164.0,164,184.470296
159.0,159,184.499634
170.0,170,184.582543
164.0,164,184.61338
159.0,159,184.642235
166.0,166,184.673071
171.0,171,184.704558
167.0,167,184.735181
171.0,171,184.766949
171.0,171,184.798213
165.0,165,184.828269
166.0,166,184.858803
186.0,186,184.89247
162.0,162,184.92232
160.0,160,185.003926
167.0,167,185.035084
156.0,156,185.063888
156.0,156,185.092557
158.0,158,185.123301
160.0,160,185.154442
170.0,170,185.185793
172.0,172,185.217544
170.0,170,185.248843
11.0,11,185.250913
167.0,167,185.281025
164.0,164,185.311269
169.0,169,185.342796
172.0,172,185.426727
162.0,162,185.457105
164.0,164,185.487675
142.0,142,185.513881
160.0,160,185.543276
157.0,157,185.572007
165.0,165,185.602166
162.0,162,185.631878
164.0,164,185.661811
164.0,164,185.691814
165.0,165,185.722029
158.0,158,185.751256
152.0,152,185.779057
151.0,151,185.854642
173.0,173,185.88678
161.0,161,185.916704
145.0,145,185.943468
156.0,156,185.972083
168.0,168,186.003122
165.0,165,186.033107
159.0,159,186.062384
166.0,166,186.0924
162.0,162,186.123173
166.0,166,186.153413
160.0,160,186.18287
165.0,165,186.264754
154.0,154,186.293477
158.0,158,186.32259
164.0,164,186.352601
15.0,15,186.354942
168.0,168,186.385618
163.0,163,186.415698
152.0,152,186.443525
169.0,169,186.474049
178.0,178,186.506841
152.0,152,186.534674
184.0,184,186.568344
150.0,150,186.59615
166.0,166,186.677331
163.0,163,186.711568
168.0,168,186.747513
161.0,161,186.779962
154.0,154,186.810185
151.0,151,186.841001
161.0,161,186.895093
172.0,172,186.938003
162.0,162,186.972905
159.0,159,187.007865
168.0,168,187.044029
158.0,158,187.078924
160.0,160,187.112531
158.0,158,187.205815
159.0,159,187.239183
148.0,148,187.274288
153.0,153,187.316239
155.0,155,187.360673
164.0,164,187.412556
153.0,153,187.442353
154.0,154,187.470918
150.0,150,187.499216
149.0,149,187.526878
161.0,161,187.556579
152.0,152,187.584557
167.0,167,187.615519
156.0,156,187.693793
137.0,137,187.719194
163.0,163,187.749399
152.0,152,187.777343
163.0,163,187.807571
148.0,148,187.834878
161.0,161,187.864378
101.0,101,187.882722
157.0,157,187.91152
149.0,149,187.939424
154.0,154,187.967351
155.0,155,187.995905
158.0,158,188.02477
156.0,156,188.101847
156.0,156,188.130871
147.0,147,188.158277
149.0,149,188.185724
168.0,168,188.216794
156.0,156,188.245489
157.0,157,188.274915
153.0,153,188.303028
156.0,156,188.331709
148.0,148,188.358989
159.0,159,188.388522
156.0,156,188.417285
150.0,150,188.444623
156.0,156,188.524717
155.0,155,188.553835
160.0,160,188.58364
161.0,161,188.61325
152.0,152,188.641258
142.0,142,188.66749
144.0,144,188.694114
158.0,158,188.722953
156.0,156,188.751606
158.0,158,188.780674
158.0,158,188.809489
145.0,145,188.835783
154.0,154,188.864428
151.0,151,188.941609
163.0,163,188.971984
156.0,156,189.000792
148.0,148,189.028116
152.0,152,189.056069
152.0,152,189.084466
18.0,18,189.087975
155.0,155,189.116835
145.0,145,189.143193
153.0,153,189.171177
165.0,165,189.201089
155.0,155,189.229685
156.0,156,189.258022
154.0,154,189.289337
160.0,160,189.373533
149.0,149,189.404576
17.0,17,189.407747
148.0,148,189.437751
148.0,148,189.466706
158.0,158,189.499701
165.0,165,189.533101
149.0,149,189.563381
145.0,145,189.604073
153.0,153,189.66
152.0,152,189.693881
157.0,157,189.726529
154.0,154,189.760075
13.0,13,189.763103
166.0,166,189.851583
150.0,150,189.886891
168.0,168,189.923975
155.0,155,189.954293
155.0,155,189.983454
145.0,145,190.010596
167.0,167,190.041487
149.0,149,190.068791
161.0,161,190.098948
151.0,151,190.127375
149.0,149,190.156846
156.0,156,190.186002
151.0,151,190.213625
160.0,160,190.291951
141.0,141,190.319253
154.0,154,190.347737
156.0,156,190.37654
157.0,157,190.405289
153.0,153,190.433734
159.0,159,190.462714
145.0,145,190.489781
149.0,149,190.51709
157.0,157,190.545692
145.0,145,190.572232
14.0,14,190.575054
160.0,160,190.604358
166.0,166,190.63463
157.0,157,190.711609
157.0,157,190.741379
163.0,163,190.771686
150.0,150,190.798887
158.0,158,190.828135
146.0,146,190.854568
158.0,158,190.883815
150.0,150,190.911114
148.0,148,190.938285
155.0,155,190.966792
151.0,151,190.995046
156.0,156,191.023677
152.0,152,191.051441
150.0,150,191.126977
148.0,148,191.15541
155.0,155,191.18419
154.0,154,191.212207
160.0,160,191.241653
154.0,154,191.270078
159.0,159,191.299768
151.0,151,191.327216
155.0,155,191.355657
160.0,160,191.384925
152.0,152,191.412764
160.0,160,191.442285
157.0,157,191.471115
153.0,153,191.550209
144.0,144,191.577144
153.0,153,191.605357
164.0,164,191.635672
154.0,154,191.663917
148.0,148,191.690952
157.0,157,191.719955
141.0,141,191.745741
142.0,142,191.771503
141.0,141,191.797771
149.0,149,191.824846
150.0,150,191.852439
147.0,147,191.879483
156.0,156,191.907943
138.0,138,191.980099
147.0,147,192.007196
149.0,149,192.034932
153.0,153,192.06393
143.0,143,192.090354
147.0,147,192.117075
153.0,153,192.145786
151.0,151,192.173317
147.0,147,192.200178
156.0,156,192.228957
153.0,153,192.256877
138.0,138,192.282481
164.0,164,192.312702
153.0,153,192.390383
149.0,149,192.418212
146.0,146,192.445291
145.0,145,192.471546
165.0,165,192.501741
150.0,150,192.529534
148.0,148,192.556862
147.0,147,192.583986
150.0,150,192.611297
150.0,150,192.638995
152.0,152,192.666689
139.0,139,192.691976
148.0,148,192.719188
145.0,145,192.792481
142.0,142,192.819736
146.0,146,192.84717
154.0,154,192.875168
152.0,152,192.903231
152.0,152,192.930927
144.0,144,192.957381
134.0,134,192.98225
151.0,151,193.009447
158.0,158,193.038355
149.0,149,193.065531
147.0,147,193.092403
146.0,146,193.118928
144.0,144,193.145278
151.0,151,193.220562
144.0,144,193.247406
146.0,146,193.274588
143.0,143,193.30045
138.0,138,193.326058
145.0,145,193.352749
159.0,159,193.382135
153.0,153,193.410183
155.0,155,193.438519
144.0,144,193.464918
10.0,10,193.466539
154.0,154,193.494895
158.0,158,193.523575
146.0,146,193.550554
151.0,151,193.629292
171.0,171,193.66118
155.0,155,193.690017
149.0,149,193.717857
148.0,148,193.745475
141.0,141,193.77144
149.0,149,193.798641
144.0,144,193.825097
159.0,159,193.854715
149.0,149,193.882239
154.0,154,193.9106
155.0,155,193.939393
162.0,162,193.969279
155.0,155,194.046458
148.0,148,194.074685
148.0,148,194.104825
158.0,158,194.137437
138.0,138,194.165324
150.0,150,194.19618
163.0,163,194.231446
160.0,160,194.293235
161.0,161,194.327388
155.0,155,194.359818
152.0,152,194.391606
143.0,143,194.422274
146.0,146,194.454841
155.0,155,194.543455
154.0,154,194.577722
161.0,161,194.614376
159.0,159,194.649584
160.0,160,194.690847
148.0,148,194.742519
149.0,149,194.784967
141.0,141,194.817079
147.0,147,194.850853
155.0,155,194.880857
155.0,155,194.910282
153.0,153,194.938456
154.0,154,194.967153
148.0,148,194.994409
148.0,148,195.073051
148.0,148,195.100685
15.0,15,195.103173
158.0,158,195.134138
153.0,153,195.163534
158.0,158,195.193075
147.0,147,195.219978
154.0,154,195.248972
165.0,165,195.279124
17.0,17,195.282171
147.0,147,195.30943
155.0,155,195.337949
159.0,159,195.367478
150.0,150,195.395016
150.0,150,195.469027
159.0,159,195.499717
155.0,155,195.528675
160.0,160,195.558176
147.0,147,195.585721
151.0,151,195.613278
168.0,168,195.644438
152.0,152,195.672135
157.0,157,195.700925
158.0,158,195.729911
163.0,163,195.760017
155.0,155,195.788516
156.0,156,195.81688
161.0,161,195.894932
170.0,170,195.927253
148.0,148,195.954753
151.0,151,195.98229
142.0,142,196.008687
146.0,146,196.035292
153.0,153,196.063987
150.0,150,196.091348
146.0,146,196.11853
152.0,152,196.14648
158.0,158,196.175326
152.0,152,196.20345
151.0,151,196.231307
149.0,149,196.305487
155.0,155,196.33555
150.0,150,196.363163
148.0,148,196.390454
158.0,158,196.420125
152.0,152,196.448138
168.0,168,196.479377
163.0,163,196.509653
161.0,161,196.539354
156.0,156,196.568242
159.0,159,196.597532
152.0,152,196.62553
153.0,153,196.653177
155.0,155,196.728757
156.0,156,196.758107
144.0,144,196.785832
156.0,156,196.81473
157.0,157,196.843662
156.0,156,196.872409
152.0,152,196.900454
157.0,157,196.929336
140.0,140,196.955075
161.0,161,196.984398
137.0,137,197.009688
146.0,146,197.036225
159.0,159,197.066916
162.0,162,197.148227
146.0,146,197.17679
156.0,156,197.206235
166.0,166,197.236929
14.0,14,197.239727
150.0,150,197.267225
165.0,165,197.298164
149.0,149,197.325689
161.0,161,197.355353
150.0,150,197.382896
142.0,142,197.409019
156.0,156,197.437548
160.0,160,197.466819
159.0,159,197.496047
155.0,155,197.575717
142.0,142,197.605302
150.0,150,197.637081
157.0,157,197.668921
153.0,153,197.699011
150.0,150,197.730621
156.0,156,197.761755
155.0,155,197.792232
151.0,151,197.823902
150.0,150,197.868329
12.0,12,197.872624
153.0,153,197.923934
164.0,164,197.959387
162.0,162,197.995851
138.0,138,198.079529
20.0,20,198.083871
150.0,150,198.117943
159.0,159,198.151412
141.0,141,198.182055
143.0,143,198.214472
147.0,147,198.24841
146.0,146,198.276458
154.0,154,198.305699
150.0,150,198.333272
153.0,153,198.362175
152.0,152,198.390311
155.0,155,198.418626
146.0,146,198.445939
160.0,160,198.522738
151.0,151,198.551956
163.0,163,198.581907
151.0,151,198.610208
141.0,141,198.636038
161.0,161,198.666153
149.0,149,198.693501
148.0,148,198.720958
147.0,147,198.748237
147.0,147,198.774998
140.0,140,198.800823
156.0,156,198.829462
163.0,163,198.859628
158.0,158,198.934392
158.0,158,198.964252
148.0,148,198.991849
147.0,147,199.018996
161.0,161,199.049426
159.0,159,199.078909
143.0,143,199.105642
154.0,154,199.133594
151.0,151,199.161506
146.0,146,199.187951
153.0,153,199.216486
148.0,148,199.243751
155.0,155,199.272172
155.0,155,199.301089
155.0,155,199.380458
157.0,157,199.409497
157.0,157,199.439339
139.0,139,199.465116
146.0,146,199.49236
149.0,149,199.519911
147.0,147,199.547023
150.0,150,199.574179
156.0,156,199.603153
152.0,152,199.630966
146.0,146,199.657999
147.0,147,199.684556
145.0,145,199.711599
152.0,152,199.79121
145.0,145,199.821112
148.0,148,199.850838
148.0,148,199.897342
150.0,150,199.945765
160.0,160,199.97805
153.0,153,200.009508
153.0,153,200.041188
152.0,152,200.073232
156.0,156,200.10777
158.0,158,200.142446
155.0,155,200.17863
152.0,152,200.212409
162.0,162,200.316576
162.0,162,200.37067
143.0,143,200.401524
136.0,136,200.43215
137.0,137,200.464331
157.0,157,200.498368
151.0,151,200.532625
142.0,142,200.560097
157.0,157,200.589489
149.0,149,200.617126
12.0,12,200.619433
157.0,157,200.648142
149.0,149,200.676041
161.0,161,200.705441
158.0,158,200.781836
145.0,145,200.809494
149.0,149,200.83695
143.0,143,200.863504
151.0,151,200.890958
166.0,166,200.921766
144.0,144,200.948424
146.0,146,200.974782
139.0,139,201.000432
155.0,155,201.029069
145.0,145,201.055533
149.0,149,201.082657
167.0,167,201.11332
152.0,152,201.141343
158.0,158,201.21587
148.0,148,201.243868
150.0,150,201.271461
147.0,147,201.298582
146.0,146,201.325116
154.0,154,201.353764
146.0,146,201.380351
160.0,160,201.409747
141.0,141,201.435939
148.0,148,201.462749
159.0,159,201.491449
147.0,147,201.518634
151.0,151,201.546387
138.0,138,201.620093
144.0,144,201.647073
149.0,149,201.675109
148.0,148,201.702418
144.0,144,201.72872
150.0,150,201.756039
150.0,150,201.784011
153.0,153,201.811821
148.0,148,201.839
147.0,147,201.866178
158.0,158,201.894993
152.0,152,201.922895
143.0,143,201.949334
153.0,153,202.022802
149.0,149,202.05137
139.0,139,202.077378
144.0,144,202.10362
148.0,148,202.131102
152.0,152,202.159014
150.0,150,202.186733
150.0,150,202.214026
145.0,145,202.240537
149.0,149,202.268046
148.0,148,202.295241
144.0,144,202.321627
148.0,148,202.348917
152.0,152,202.377014
132.0,132,202.447081
151.0,151,202.475259
151.0,151,202.503419
18.0,18,202.506903
149.0,149,202.534276
140.0,140,202.559704
145.0,145,202.586159
153.0,153,202.614106
147.0,147,202.641013
138.0,138,202.666523
154.0,154,202.694307
155.0,155,202.72282
151.0,151,202.750538
155.0,155,202.778621
163.0,163,202.859215
159.0,159,202.889192
149.0,149,202.916719
152.0,152,202.944656
159.0,159,202.974183
152.0,152,203.002033
157.0,157,203.030605
146.0,146,203.057595
150.0,150,203.084672
151.0,151,203.112324
149.0,149,203.139465
139.0,139,203.165298
149.0,149,203.192645
143.0,143,203.265277
151.0,151,203.294285
155.0,155,203.322723
151.0,151,203.350687
153.0,153,203.37883
162.0,162,203.408698
165.0,165,203.439032
140.0,140,203.464775
137.0,137,203.489694
157.0,157,203.518702
159.0,159,203.54724
149.0,149,203.574851
149.0,149,203.602143
149.0,149,203.629226
149.0,149,203.704478
161.0,161,203.734125
153.0,153,203.762159
151.0,151,203.789984
153.0,153,203.817919
156.0,156,203.846428
147.0,147,203.873747
147.0,147,203.90041
150.0,150,203.928247
157.0,157,203.95681
143.0,143,203.982859
162.0,162,204.011827
161.0,161,204.041489
143.0,143,204.114743
140.0,140,204.141247
151.0,151,204.169165
159.0,159,204.198489
142.0,142,204.224215
148.0,148,204.251442
161.0,161,204.281418
163.0,163,204.310915
163.0,163,204.340761
154.0,154,204.399859
152.0,152,204.427986
13.0,13,204.43024
164.0,164,204.46048
155.0,155,204.489
148.0,148,204.567894
170.0,170,204.599591
154.0,154,204.628025
153.0,153,204.655968
153.0,153,204.683853
150.0,150,204.711487
143.0,143,204.73768
159.0,159,204.767083
155.0,155,204.795618
153.0,153,204.823628
160.0,160,204.852911
155.0,155,204.881128
163.0,163,204.911098
164.0,164,204.992695
158.0,158,205.021797
154.0,154,205.050354
156.0,156,205.078817
152.0,152,205.106474
152.0,152,205.134979
147.0,147,205.163974
145.0,145,205.191621
156.0,156,205.220432
153.0,153,205.248196
163.0,163,205.278468
159.0,159,205.307238
157.0,157,205.38414
150.0,150,205.412322
158.0,158,205.441765
152.0,152,205.469818
164.0,164,205.500024
160.0,160,205.529815
151.0,151,205.560887
148.0,148,205.590539
157.0,157,205.623431
159.0,159,205.655954
159.0,159,205.688167
155.0,155,205.72052
162.0,162,205.753194
148.0,148,205.848685
157.0,157,205.88248
158.0,158,205.914919
150.0,150,205.946643
155.0,155,205.979378
152.0,152,206.010179
153.0,153,206.04406
160.0,160,206.078174
153.0,153,206.111077
149.0,149,206.142619
148.0,148,206.175275
142.0,142,206.20841
155.0,155,206.253616
150.0,150,206.347603
159.0,159,206.378053
154.0,154,206.407142
148.0,148,206.434663
156.0,156,206.463503
147.0,147,206.490521
154.0,154,206.518525
140.0,140,206.544355
161.0,161,206.574314
156.0,156,206.603311
161.0,161,206.632798
156.0,156,206.661412
156.0,156,206.689959
157.0,157,206.770895
167.0,167,206.803153
146.0,146,206.829716
155.0,155,206.858524
154.0,154,206.887054
159.0,159,206.916097
149.0,149,206.943811
14.0,14,206.946146
156.0,156,206.97481
165.0,165,207.005093
156.0,156,207.033691
168.0,168,207.064211
150.0,150,207.091804
149.0,149,207.119184
140.0,140,207.192746
145.0,145,207.219852
159.0,159,207.249265
140.0,140,207.274655
175.0,175,207.306899
158.0,158,207.335537
147.0,147,207.362396
150.0,150,207.390307
160.0,160,207.419574
152.0,152,207.447362
162.0,162,207.476898
151.0,151,207.504722
141.0,141,207.530335
146.0,146,207.60553
156.0,156,207.6358
147.0,147,207.662737
151.0,151,207.690952
144.0,144,207.718052
148.0,148,207.745218
153.0,153,207.773456
158.0,158,207.802949
161.0,161,207.832545
153.0,153,207.860138
165.0,165,207.890753
151.0,151,207.917881
160.0,160,207.947359
154.0,154,208.023619
160.0,160,208.054121
154.0,154,208.082285
151.0,151,208.110355
143.0,143,208.136684
150.0,150,208.164206
146.0,146,208.19125
148.0,148,208.218406
153.0,153,208.246235
156.0,156,208.27474
152.0,152,208.302591
164.0,164,208.332596
152.0,152,208.360444
141.0,141,208.433785
13.0,13,208.436752
155.0,155,208.46925
146.0,146,208.499398
151.0,151,208.5304
152.0,152,208.561803
151.0,151,208.591808
164.0,164,208.626467
164.0,164,208.660359
147.0,147,208.690688
148.0,148,208.721382
158.0,158,208.757862
154.0,154,208.813136
161.0,161,208.857493
162.0,162,208.947914
169.0,169,208.985737
156.0,156,209.018935
155.0,155,209.053066
162.0,162,209.090132
150.0,150,209.123872
160.0,160,209.156006
154.0,154,209.184592
164.0,164,209.215267
158.0,158,209.244949
160.0,160,209.27432
154.0,154,209.302388
156.0,156,209.331174
153.0,153,209.412084
151.0,151,209.440032
146.0,146,209.466998
157.0,157,209.495978
160.0,160,209.525486
151.0,151,209.553215
160.0,160,209.582852
156.0,156,209.611496
167.0,167,209.64212
166.0,166,209.672465
157.0,157,209.701079
156.0,156,209.729657
174.0,174,209.761622
162.0,162,209.842282
164.0,164,209.87258
155.0,155,209.901174
179.0,179,209.93431
161.0,161,209.9636
150.0,150,209.991392
180.0,180,210.024402
159.0,159,210.053316
156.0,156,210.081922
165.0,165,210.112443
148.0,148,210.140144
146.0,146,210.169025
162.0,162,210.249179
155.0,155,210.278047
174.0,174,210.310674
157.0,157,210.339547
175.0,175,210.371571
163.0,163,210.401429
158.0,158,210.430475
155.0,155,210.459084
155.0,155,210.487575
155.0,155,210.515396
158.0,158,210.544549
168.0,168,210.575196
154.0,154,210.602903
152.0,152,210.681449
162.0,162,210.712071
152.0,152,210.74005
164.0,164,210.770071
147.0,147,210.796783
161.0,161,210.826424
148.0,148,210.853668
159.0,159,210.882676
166.0,166,210.912855
157.0,157,210.941401
159.0,159,210.970668
171.0,171,211.001933
161.0,161,211.086776
155.0,155,211.119164
167.0,167,211.154115
153.0,153,211.186123
153.0,153,211.235883
163.0,163,211.278042
154.0,154,211.308972
146.0,146,211.339551
153.0,153,211.372798
156.0,156,211.406836
163.0,163,211.443544
150.0,150,211.476631
150.0,150,211.509069
159.0,159,211.598267
157.0,157,211.641041
165.0,165,211.690968
161.0,161,211.737159
165.0,165,211.774832
153.0,153,211.807714
151.0,151,211.836452
151.0,151,211.864415
148.0,148,211.892145
150.0,150,211.920284
147.0,147,211.947301
154.0,154,211.975461
158.0,158,212.00488
156.0,156,212.085678
156.0,156,212.114597
153.0,153,212.142696
155.0,155,212.171443
156.0,156,212.200104
157.0,157,212.228882
167.0,167,212.259731
158.0,158,212.288628
153.0,153,212.316792
158.0,158,212.345906
159.0,159,212.375146
153.0,153,212.403064
165.0,165,212.433189
155.0,155,212.510131
167.0,167,212.541178
154.0,154,212.5694
14.0,14,212.57212
159.0,159,212.601123
161.0,161,212.630915
143.0,143,212.656973
159.0,159,212.686269
158.0,158,212.715487
153.0,153,212.743274
154.0,154,212.771429
163.0,163,212.801636
152.0,152,212.829643
149.0,149,212.907664
171.0,171,212.940613
157.0,157,212.969748
163.0,163,213.000032
159.0,159,213.029468
150.0,150,213.057161
166.0,166,213.08846
158.0,158,213.117404
154.0,154,213.145848
157.0,157,213.174781
155.0,155,213.20351
153.0,153,213.231525
166.0,166,213.262953
164.0,164,213.342686
159.0,159,213.372649
157.0,157,213.402002
159.0,159,213.430876
165.0,165,213.461638
147.0,147,213.488225
14.0,14,213.490907
151.0,151,213.518834
153.0,153,213.546929
169.0,169,213.577897
160.0,160,213.60746
162.0,162,213.637292
163.0,163,213.6669
150.0,150,213.742968
164.0,164,213.774405
165.0,165,213.805163
161.0,161,213.834687
161.0,161,213.864634
159.0,159,213.893941
160.0,160,213.923445
158.0,158,213.952654
168.0,168,213.98345
166.0,166,214.013625
169.0,169,214.044882
171.0,171,214.076234
161.0,161,214.106379
160.0,160,214.186174
161.0,161,214.215762
170.0,170,214.247049
151.0,151,214.274828
160.0,160,214.304251
165.0,165,214.334555
167.0,167,214.365556
158.0,158,214.394585
152.0,152,214.422596
166.0,166,214.452869
164.0,164,214.482981
165.0,165,214.51309
165.0,165,214.598549
162.0,162,214.628714
161.0,161,214.658221
165.0,165,214.689034
168.0,168,214.719924
174.0,174,214.752014
157.0,157,214.780517
168.0,168,214.811562
156.0,156,214.840319
159.0,159,214.869604
176.0,176,214.901875
153.0,153,214.929963
160.0,160,215.011172
148.0,148,215.039054
173.0,173,215.071175
141.0,141,215.096954
168.0,168,215.127938
162.0,162,215.159418
159.0,159,215.190125
168.0,168,215.221129
168.0,168,215.252104
160.0,160,215.281517
172.0,172,215.313312
170.0,170,215.344765
166.0,166,215.375251
