#{"t_start": 1789046025.862008, "env_id": "Pendulum-v1"}
r,l,t
-934.80704,200,0.495132
-1488.124651,200,1.417344
-1489.614399,200,2.310556
-1714.446522,200,3.309666
-1214.183905,200,4.273911
-1543.189079,200,5.247538
-1351.30275,200,6.161589
-1328.369054,200,7.27568
-1312.794684,200,8.116778
-1209.432689,200,9.083329
-1066.874861,200,10.266148
-880.0341,200,11.141912
-1064.760915,200,11.98987
-541.930746,200,12.814321
-807.394699,200,13.644322
-260.305521,200,14.637967
-127.571278,200,15.480958
-127.03507,200,16.536437
-387.833593,200,17.38227
-128.314532,200,18.239176
-123.664637,200,19.23283
-128.58147,200,20.054779
-248.99937,200,20.997117
-0.681193,200,21.95047
-247.789443,200,22.837342
-123.41579,200,23.860089
-124.916001,200,24.682696
-116.110956,200,25.505971
-241.723755,200,26.451584
-241.628117,200,27.41544
-119.826352,200,28.379
-124.494236,200,29.202232
-123.76849,200,30.026188
-119.615154,200,30.852233
-114.187486,200,31.877861
-245.166809,200,32.761351
-244.669387,200,33.747543
-3.311462,200,34.566199
-121.664934,200,35.379852
-114.429124,200,36.207973
-127.36711,200,37.187194
-120.34541,200,38.015302
-126.785273,200,38.83222
-122.286094,200,39.655773
-123.116153,200,40.472054
-1011.193814,200,41.523996
-124.029368,200,42.370343
-118.589587,200,43.347539
-238.69124,200,44.16793
-125.165676,200,44.983711
-125.383355,200,45.942877
-235.703931,200,46.787486
-118.917144,200,47.616175
-1.027749,200,48.435341
-343.693098,200,49.55338
-116.379563,200,50.375798
-120.245706,200,51.433605
-124.308085,200,52.264971
-123.34117,200,53.081113
-124.638603,200,53.898644
-126.03875,200,54.856263
-120.453379,200,55.683005
-2.590464,200,56.498734
-233.523851,200,57.358528
-117.674463,200,58.177023
-119.974299,200,59.136818
-231.048007,200,60.042285
-115.244624,200,61.020837
-124.135826,200,61.852159
-119.855148,200,62.684506
-234.898245,200,63.64346
-114.539042,200,64.46818
-0.722014,200,65.286327
-119.874487,200,66.181778
-1.000509,200,67.178157
-246.287333,200,68.04162
-120.539042,200,69.048186
-235.472577,200,70.015384
-116.138556,200,70.914332
-119.78986,200,71.732752
-127.97663,200,72.703889
-122.951717,200,73.525912
-0.716406,200,74.342929
-129.180223,200,75.164153
-122.718843,200,76.212349
-117.928423,200,77.039628
-123.057375,200,77.864037
-123.871175,200,78.682917
-363.318479,200,79.498495
-324.08533,200,80.314179
-117.69825,200,81.267393
-120.034903,200,82.101294
-360.774368,200,82.926085
-340.638244,200,83.747447
-241.625836,200,84.668671
-115.858083,200,85.632857
-123.215005,200,86.452427
-242.259344,200,87.287533
-123.243037,200,88.273439
-226.516153,200,89.093651
-1.9784,200,90.050061
-115.989753,200,90.876473
-232.046227,200,91.693688
-124.973379,200,92.557234
-118.118726,200,93.576277
-254.357918,200,94.429239
-2.063147,200,95.44828
-0.705086,200,96.268784
-231.310733,200,97.088165
-120.39066,200,97.922321
-128.333974,200,98.874614
-244.581029,200,99.700212
-234.141923,200,100.527904
-118.077053,200,101.378607
-230.507712,200,102.379989
-117.754562,200,103.210032
-1.857702,200,104.033482
-231.148407,200,104.85312
-120.527164,200,105.673802
-260.37607,200,106.494596
-231.165245,200,107.445724
-238.674573,200,108.288262
-119.535499,200,109.109619
-119.766337,200,109.937874
-118.649453,200,111.014101
-128.767207,200,111.842907
-3.562604,200,112.663128
-119.565478,200,113.496839
-227.811483,200,114.314441
-117.883821,200,115.133834
-1.870632,200,116.084793
-120.726177,200,116.903267
-126.546247,200,117.7095
-251.7178,200,118.561826
-119.08151,200,119.68628
-232.421405,200,120.53262
-122.661745,200,121.355004
-124.799388,200,122.1725
-235.195544,200,122.999595
-225.27987,200,123.827522
-130.795424,200,124.798028
-123.686638,200,125.672934
-259.369619,200,126.515291
-114.498668,200,127.38278
-122.867919,200,128.702224
-113.385487,200,129.677136
-249.864941,200,130.549624
-123.542418,200,131.394029
-123.197524,200,132.227752
-229.420997,200,133.068516
-120.906947,200,134.075982
-2.169942,200,134.972557
-127.876425,200,135.827031
-244.050874,200,136.709574
-128.080971,200,137.576826
-124.63152,200,138.960536
-126.544719,200,140.040666
-6.579588,200,141.16225
-124.067286,200,142.033527
-227.564233,200,142.896565
-115.853429,200,143.912179
-322.914619,200,144.805725
-123.119943,200,145.704442
-127.571432,200,146.662638
-227.620186,200,147.907179
-122.955257,200,148.803747
-121.670369,200,149.654501
-122.806139,200,150.47975
-124.502837,200,151.305945
-119.172287,200,152.129579
-122.319116,200,153.10213
-118.412855,200,153.997416
-6.547838,200,154.885534
-6.638131,200,155.73415
-123.294213,200,156.945737
-126.775417,200,157.810888
-5.567047,200,158.64515
-120.426272,200,159.514966
-128.345772,200,160.344677
-6.51077,200,161.17227
-132.159983,200,162.13169
-120.772738,200,163.028488
-236.391481,200,163.919596
-123.353965,200,164.811894
-9.603643,200,165.94591
-127.98609,200,166.791213
-119.064182,200,167.615196
-5.483425,200,168.428908
-248.056209,200,169.304938
-126.54317,200,170.176264
-128.027625,200,171.157281
-117.964798,200,172.03914
-121.33323,200,173.325791
-130.490219,200,174.614809
-121.13476,200,175.53078
-6.502006,200,176.350721
-131.213531,200,177.158375
-131.075935,200,177.964744
-123.066876,200,178.783808
-124.394583,200,179.598547
-229.643912,200,180.537997
-129.433122,200,181.382378
-126.335179,200,182.225605
-127.065819,200,183.05892
-130.58872,200,184.2491
-308.216434,200,185.104398
-134.606706,200,185.974085
-232.031666,200,186.782378
-345.746271,200,187.578568
-250.880443,200,188.38941
-127.685585,200,189.350106
-131.210153,200,190.196915
-125.008349,200,191.013523
-124.026329,200,191.838151
-6.301333,200,193.024666
-124.231382,200,193.866672
-7.911228,200,194.675482
-128.466437,200,195.474278
-243.220758,200,196.295555
-237.454132,200,197.11581
-232.434761,200,198.06956
-7.440283,200,198.909097
-125.792253,200,199.757788
-9.259382,200,200.57239
-240.184299,200,201.672923
-129.746722,200,202.620902
-128.822535,200,203.467142
-125.307279,200,204.301139
-131.6228,200,205.104702
-339.843834,200,205.920893
-124.854227,200,206.87629
-125.276464,200,207.703793
-124.077422,200,208.520444
-234.965865,200,209.349697
-125.121503,200,210.454879
-126.774568,200,211.297877
-129.951995,200,212.105529
-230.055932,200,212.925267
-244.89446,200,213.744016
-128.010585,200,214.578222
-237.65593,200,215.5357
-119.642545,200,216.364019
-124.080934,200,217.172166
-236.555565,200,217.976743
-121.193504,200,219.149855
-129.860579,200,220.006446
-124.935096,200,220.822145
-120.915325,200,221.643291
-247.667012,200,222.461368
-121.687086,200,223.277992
-134.88187,200,224.234784
-128.946457,200,225.07869
-237.527935,200,225.901048
-132.048963,200,226.725562
-134.650217,200,227.752951
-136.031314,200,228.590654
-126.82904,200,229.405842
-128.70993,200,230.554622
-239.835591,200,231.419259
-138.191756,200,232.245286
-6.121081,200,233.206044
-231.809956,200,234.027337
-18.172051,200,234.898308
-131.998595,200,235.714854
-140.1558,200,236.701589
-135.16663,200,237.704768
-129.871114,200,238.550786
-136.465737,200,239.365019
-234.836705,200,240.177775
-261.408464,200,240.994541
-239.793721,200,241.948138
-130.431835,200,242.774194
-129.905165,200,243.587664
-127.91137,200,244.391189
-128.995635,200,245.51686
-240.700946,200,246.436653
-133.595686,200,247.240978
-127.021702,200,248.063179
-129.605368,200,248.882107
-119.756092,200,249.701267
-227.776516,200,250.676607
-243.155018,200,251.499189
-8.663839,200,252.313107
-9.770665,200,253.126569
-6.137748,200,254.223767
-6.605976,200,255.079559
-131.691843,200,255.885844
-249.36325,200,256.702925
-125.043129,200,257.519569
-121.027016,200,258.334874
-1.843472,200,259.285441
-225.482569,200,260.123041
-124.683811,200,260.949274
-117.81956,200,261.7732
-236.769707,200,262.835437
-377.140791,200,263.659094
-1.745089,200,264.479779
-120.56874,200,265.311732
-124.28691,200,266.133486
-125.453677,200,266.95118
-118.921387,200,267.902451
-116.808726,200,268.733465
-118.809001,200,269.554157
-127.193547,200,270.391776
-127.365539,200,271.397316
-129.091783,200,272.278634
-230.931864,200,273.13852
-239.954033,200,273.96423
-8.334404,200,274.803087
-236.468927,200,275.659002
-234.911879,200,276.615587
-341.596777,200,277.45193
-125.127954,200,278.322155
-122.214729,200,279.178249
-131.505719,200,280.282183
-124.274046,200,281.166763
-9.329507,200,282.015532
-131.77123,200,282.899435
-123.355467,200,283.724369
-237.663936,200,284.547679
-119.922921,200,285.505341
-7.41414,200,286.351708
-134.933541,200,287.180841
-235.841069,200,288.007811
-119.871143,200,289.098517
-256.039216,200,289.924355
-121.761078,200,290.751729
-5.912151,200,291.595838
-124.888362,200,292.42158
-125.626212,200,293.249787
-128.23947,200,294.207557
-247.792123,200,295.041757
-118.632806,200,296.017121
-122.107782,200,296.891807
-247.536406,200,297.934071
-125.010799,200,298.763589
-228.515027,200,299.593937
-126.85934,200,300.430896
-126.814897,200,301.270125
-2.09077,200,302.098367
-113.96723,200,303.057657
-1.603785,200,303.890546
-127.383875,200,304.714101
-124.94283,200,305.539306
-118.887801,200,306.542876
-119.726186,200,307.375109
-119.741549,200,308.203689
-252.99908,200,309.029327
-126.696737,200,309.856573
-125.590917,200,310.680459
-252.967697,200,311.657103
-122.435267,200,312.491708
-225.881929,200,313.318768
-253.251021,200,314.202311
-122.491128,200,315.207205
-118.13238,200,316.035727
-119.431865,200,316.880724
-122.032065,200,317.712511
-114.042089,200,318.595209
-224.239782,200,319.422103
-1.161707,200,320.392102
-230.059053,200,321.272098
-119.679338,200,322.110091
-225.686593,200,322.940176
-116.58559,200,323.976317
-119.994033,200,324.803645
-118.282106,200,325.63133
-122.646537,200,326.470249
-126.222432,200,327.300389
-1.662469,200,328.127625
-2.720084,200,329.087189
-125.74381,200,329.920256
-227.360948,200,330.74502
-123.045877,200,331.582948
-224.672636,200,332.582809
-119.239542,200,333.477178
-120.67073,200,334.306077
-246.960038,200,335.13345
-122.109123,200,335.959636
-115.774237,200,336.833322
-117.943682,200,337.919929
-1.2097,200,338.756131
-227.369601,200,339.587429
-225.081967,200,340.447364
-260.495353,200,341.491753
-121.388349,200,342.325013
-242.504867,200,343.152329
-343.358757,200,343.979004
-231.167624,200,344.803638
-127.767837,200,345.627938
-122.262559,200,346.585094
-122.750938,200,347.433018
-117.480299,200,348.261845
-121.495947,200,349.087688
-124.405218,200,350.089223
-2.914148,200,350.918496
-119.607973,200,351.747592
-233.695539,200,352.592323
-247.704367,200,353.418878
-229.184059,200,354.245073
-355.428535,200,355.204165
-126.320896,200,356.038424
-0.543883,200,356.864224
-224.31186,200,357.776035
-1.101102,200,358.76178
-116.260809,200,359.590549
-294.92152,200,360.435933
-126.744682,200,361.26802
-237.804421,200,362.103684
-122.512276,200,362.937816
-236.361831,200,363.895793
-129.344057,200,364.728473
-122.322944,200,365.551417
-122.244118,200,366.375291
-354.033394,200,367.487653
-117.974431,200,368.318071
-119.54211,200,369.146576
-115.634541,200,369.972256
-125.271285,200,370.797236
-115.431398,200,371.622289
-229.007918,200,372.594388
-0.587188,200,373.429181
-120.549333,200,374.254589
-240.676447,200,375.080089
-125.446817,200,376.137764
-254.236574,200,376.968011
-117.93174,200,377.811819
-117.36708,200,378.63951
-123.451349,200,379.467538
-126.74968,200,380.30103
-117.104775,200,381.271265
-122.387714,200,382.104243
-0.643673,200,382.948112
-124.435837,200,383.783635
-232.998389,200,384.792507
-251.390795,200,385.621667
-117.14251,200,386.450801
-126.409547,200,387.287221
-121.039279,200,388.122339
-125.471316,200,388.95068
-117.442319,200,389.921178
-1.679282,200,390.814773
-224.246502,200,391.680546
-229.693658,200,392.542104
-113.707568,200,393.582764
-244.36251,200,394.410495
-116.562565,200,395.281142
-128.442318,200,396.109733
-123.357244,200,396.937464
-125.217376,200,397.776008
-326.996651,200,398.754986
-121.057043,200,399.654867
-115.49432,200,400.534387
-370.833961,200,401.39466
-227.78062,200,402.431565
-224.031514,200,403.270618
-128.057026,200,404.101472
-122.777954,200,404.930901
-0.621704,200,405.759442
-120.362772,200,406.58672
-118.929967,200,407.593774
-127.094482,200,408.508283
-123.178056,200,409.369757
-1.096477,200,410.225395
-127.145676,200,411.203707
-226.502486,200,412.183216
-347.749974,200,413.179275
-123.212505,200,414.109022
-126.814241,200,414.942211
-122.213167,200,415.770262
-0.835269,200,416.728401
-0.914608,200,417.561522
-225.334656,200,418.402601
-234.308552,200,419.247657
-124.155753,200,420.237623
-115.050704,200,421.067208
-121.855427,200,421.894299
-118.449834,200,422.718335
-9.609594,200,423.559316
-115.59103,200,424.384976
-117.956797,200,425.344921
-119.445607,200,426.177687
-247.36269,200,427.003293
-0.605966,200,427.902062
-116.770088,200,428.902682
-226.17754,200,429.731911
-0.844438,200,430.561414
-128.33726,200,431.38596
-120.370368,200,432.212805
-127.325706,200,433.036191
-233.380542,200,434.006746
-231.204424,200,434.839929
-122.596151,200,435.668039
-118.117812,200,436.494423
-118.18286,200,437.537012
-0.637269,200,438.399385
-123.075727,200,439.229643
-230.398359,200,440.057951
-249.147466,200,440.895702
-221.376663,200,441.721948
-127.993942,200,442.692909
-120.516946,200,443.543765
-0.879373,200,444.381706
-121.562376,200,445.222514
-119.028611,200,446.26603
-120.890543,200,447.096848
-117.145169,200,447.930886
-117.22756,200,448.775887
-125.618524,200,449.606011
-347.485393,200,450.432084
-128.720265,200,451.390581
-238.188705,200,452.370885
-119.09077,200,453.335452
-125.37621,200,454.172616
-122.072686,200,455.226415
-236.588806,200,456.054322
-231.03974,200,456.880496
-117.331606,200,457.704952
-0.694528,200,458.54179
-117.687046,200,459.374149
-1.817408,200,460.341656
-378.050339,200,461.179238
-226.855962,200,462.005671
-236.485167,200,462.833241
-127.137211,200,463.881984
-113.517549,200,464.712925
-117.901265,200,465.541557
-115.652075,200,466.368102
-0.727718,200,467.194281
-118.636447,200,468.020579
-117.586341,200,468.995019
-115.660919,200,469.829396
-129.186551,200,470.656136
-220.322386,200,471.509073
-231.29703,200,472.532294
-1.892067,200,473.360162
-115.512657,200,474.205392
-1.036886,200,475.033137
-124.461275,200,475.859183
-1.125844,200,476.684752
-238.714069,200,477.643651
-128.962563,200,478.496866
-120.64386,200,479.373364
-117.935871,200,480.20397
-116.712761,200,481.272889
-117.482261,200,482.101339
-1.251831,200,482.928951
-119.481642,200,483.768322
-124.083912,200,484.598411
-233.731368,200,485.425357
-119.423414,200,486.383632
-118.167657,200,487.218559
-223.840439,200,488.045796
-120.03032,200,488.884983
-125.792739,200,489.886306
-114.080753,200,490.715083
-227.517259,200,491.542587
-2.053616,200,492.369335
-119.419809,200,493.194235
-120.955692,200,494.03392
-121.037607,200,494.994641
-123.182411,200,495.828664
-115.115819,200,496.654588
-222.219119,200,497.480839
-119.485552,200,498.542098
-2.831139,200,499.387214
-124.637596,200,500.215149
-116.308229,200,501.053423
-118.906743,200,501.880484
-1.004209,200,502.705896
-123.713811,200,503.666405
-116.89451,200,504.547636
-1.196085,200,505.376655
-125.039896,200,506.292135
-0.944224,200,507.240444
-114.397152,200,508.070703
-127.249672,200,508.899876
-125.685408,200,509.744078
-121.293244,200,510.572141
-235.063081,200,511.400643
-129.318037,200,512.367064
-234.140285,200,513.202037
-0.742129,200,514.032887
-245.106785,200,514.88902
-121.217972,200,515.932922
-121.571561,200,516.762489
-242.482917,200,517.592021
-127.997675,200,518.417606
-222.167346,200,519.253548
-387.454673,200,520.087019
-1.195342,200,521.049517
-123.168844,200,521.883471
-231.581464,200,522.708878
-115.990152,200,523.595597
-127.969214,200,524.592766
-128.728255,200,525.424109
-129.0146,200,526.252131
-253.411133,200,527.085689
-236.18336,200,527.911857
-125.494756,200,528.736387
-126.75272,200,529.708787
-251.965231,200,530.54365
-236.481454,200,531.368638
-128.480332,200,532.19484
-244.717925,200,533.258146
-0.731979,200,534.089204
-114.611548,200,534.933288
-241.247244,200,535.760832
-119.584784,200,536.586074
-382.16628,200,537.410832
-123.690576,200,538.36896
-116.991624,200,539.203014
-126.084405,200,540.047431
-126.803901,200,540.878913
-225.142092,200,541.882156
-0.8517,200,542.712621
-1.146847,200,543.540481
-248.847559,200,544.373214
-129.552236,200,545.207117
-116.84503,200,546.032937
-124.520928,200,546.991562
-124.053421,200,547.825866
-255.876461,200,548.650064
-0.968999,200,549.496749
-114.542944,200,550.541532
-230.588724,200,551.369872
-9.231785,200,552.198617
-120.831094,200,553.024684
-0.944808,200,553.851595
-234.966837,200,554.690251
-2.38013,200,555.651979
-1.876506,200,556.487022
-119.560622,200,557.313529
-125.783462,200,558.139882
-126.300855,200,559.078268
-117.639173,200,560.079224
-229.383961,200,560.919177
-119.394358,200,561.746775
-127.531156,200,562.572645
-123.768796,200,563.39837
-124.457546,200,564.358194
-120.362759,200,565.2047
-114.554221,200,566.033816
-124.902402,200,566.861779
-116.836227,200,567.889133
-226.953325,200,568.718056
-126.344837,200,569.546543
-126.030158,200,570.390648
-121.813966,200,571.218876
-229.797717,200,572.044707
-127.230717,200,573.003314
-117.223426,200,573.837059
-227.045233,200,574.661411
-2.600419,200,575.505428
-115.529927,200,576.564959
-123.545409,200,577.395258
-242.217224,200,578.225137
-233.099152,200,579.053994
-225.033421,200,579.890057
-124.70026,200,580.737863
-124.62305,200,581.696515
-122.896761,200,582.53208
-0.940263,200,583.358215
-128.58484,200,584.184095
-122.702306,200,585.198985
-115.94768,200,586.033019
-1.927838,200,586.868562
-125.015773,200,587.697916
-129.00084,200,588.550409
-121.711762,200,589.380154
-218.657063,200,590.356035
-123.56982,200,591.193731
-1.80547,200,592.020846
-221.519043,200,592.847132
-126.005193,200,593.907753
-116.098187,200,594.737147
-1.196147,200,595.582426
-121.477722,200,596.411253
-123.829249,200,597.240315
-128.281234,200,598.069312
-229.668717,200,599.029026
-117.1259,200,599.862296
-123.7281,200,600.717963
-115.232058,200,601.546195
-254.756371,200,602.607177
-125.79595,200,603.43422
-124.101331,200,604.260362
-120.464103,200,605.096802
-118.125319,200,605.930135
-127.123398,200,606.756413
-230.741432,200,607.716697
-129.134338,200,608.553153
-124.636571,200,609.380156
-222.034307,200,610.255991
-121.234974,200,611.315045
-127.275165,200,612.151515
-231.320065,200,612.980479
-2.73548,200,613.807595
-254.353029,200,614.634826
-119.388884,200,615.475345
-1.155887,200,616.436134
-123.946652,200,617.268972
-118.074004,200,618.095412
-227.125429,200,618.933096
-124.611403,200,619.939316
-0.97635,200,620.799106
-226.114566,200,621.628547
-126.306071,200,622.463046
-237.312845,200,623.290627
-3.296343,200,624.116826
-268.314747,200,625.075471
-122.312904,200,625.923526
-238.45333,200,626.753337
-130.59219,200,627.593857
-4.144298,200,628.638682
-239.347025,200,629.467328
-243.330345,200,630.295659
-258.689044,200,631.141123
-121.451601,200,631.969134
-2.194057,200,632.795936
-254.200119,200,633.755472
-118.95475,200,634.588513
-120.492853,200,635.414551
-118.199495,200,636.263692
-307.0392,200,637.316056
-237.195924,200,638.1461
-125.989653,200,638.975265
-128.689629,200,639.803263
-233.489132,200,640.652939
-227.921824,200,641.486352
-1.614565,200,642.445389
-114.387372,200,643.279619
-131.698,200,644.107638
-127.811248,200,644.945435
-239.122354,200,646.047363
-124.710964,200,646.879303
-2.112617,200,647.708493
-118.294713,200,648.534502
-119.201428,200,649.360051
-117.78651,200,650.187177
-238.451709,200,651.16598
-128.081645,200,652.010258
-114.742844,200,652.837135
-116.625135,200,653.664427
-117.683569,200,654.496686
-2.113886,200,655.556745
-229.813955,200,656.41527
-127.619491,200,657.407703
-228.563643,200,658.236501
-228.758903,200,659.064251
-126.706814,200,660.036118
-1.634682,200,660.893004
-121.761585,200,661.729307
-224.413906,200,662.583856
-226.798443,200,663.671393
-242.744237,200,664.519624
-130.234082,200,665.35191
-355.00528,200,666.195123
-223.105418,200,667.044824
-114.818707,200,668.028042
-238.908789,200,668.991016
-242.427123,200,670.04585
-126.537262,200,670.884295
-359.308571,200,671.834405
-125.57044,200,672.7268
-121.449039,200,673.554486
-3.005113,200,674.382298
-230.780007,200,675.208732
-2.529518,200,676.045823
-235.72327,200,676.878756
-124.928409,200,677.838803
-118.110154,200,678.672545
-123.057966,200,679.591523
-128.245836,200,680.567993
-127.983595,200,681.568441
-376.525945,200,682.503067
-115.022564,200,683.331435
-126.286867,200,684.160038
-121.442801,200,684.988135
-125.448556,200,685.813833
-123.830514,200,686.787429
-126.404405,200,687.623641
-224.28215,200,688.450149
-122.710443,200,689.279244
-117.416749,200,690.276277
-231.125561,200,691.116548
-118.605817,200,691.952116
-324.471967,200,692.779271
-123.734267,200,693.606584
-227.316617,200,694.431464
-1.646813,200,695.390788
-225.476628,200,696.237321
-116.016216,200,697.068511
-122.860591,200,697.960363
-127.53659,200,698.99908
-124.56871,200,699.854339
-126.429536,200,700.697176
-240.706131,200,701.540101
-224.810264,200,702.377797
-6.184799,200,703.204977
-235.016038,200,704.164022
-2.338722,200,704.999145
-239.344658,200,705.832564
-132.764893,200,706.674681
-115.74801,200,707.692165
-128.975588,200,708.522489
-1.657474,200,709.351333
-233.863348,200,710.180569
-118.418043,200,711.006961
-117.902383,200,711.851035
-230.105917,200,712.810922
-235.721227,200,713.646977
-247.713324,200,714.472921
-233.11349,200,715.300719
-116.513478,200,716.410039
-126.485051,200,717.243942
-125.257301,200,718.073284
-117.537407,200,718.900876
-121.362221,200,719.727067
-0.852077,200,720.557302
-119.523454,200,721.513962
-121.578336,200,722.362212
-120.554733,200,723.195667
-129.675328,200,724.039539
-129.787094,200,725.065989
-122.681492,200,725.891105
-119.770125,200,726.715632
-254.508698,200,727.551187
-239.76227,200,728.370888
-118.628963,200,729.187191
-3.621062,200,730.159737
-121.805158,200,730.995079
-252.059223,200,731.819433
-244.859199,200,732.662256
-119.583316,200,733.720354
-126.222555,200,734.539568
-128.181652,200,735.354977
-3.444014,200,736.170974
-240.826911,200,736.993133
-115.657768,200,737.815586
-121.179776,200,738.764318
-132.365387,200,739.587026
-1.066985,200,740.408717
-1.095966,200,741.234478
-125.168085,200,742.32109
-222.458184,200,743.150519
-130.407255,200,743.970904
-125.907029,200,744.792707
-117.606365,200,745.619102
-227.013806,200,746.441852
-119.755371,200,747.412816
-119.787882,200,748.244333
-120.964457,200,749.067008
-240.18624,200,749.918314
-117.28243,200,750.923094
-118.741711,200,751.773848
-113.482612,200,752.611731
-128.933109,200,753.430935
-119.494048,200,754.247895
-231.216433,200,755.063368
-0.830513,200,756.023205
-118.60778,200,756.849307
-129.313971,200,757.677604
-127.319348,200,758.51337
-6.722482,200,759.535314
-128.748135,200,760.361156
-235.884627,200,761.185228
-121.192527,200,762.002274
-0.740102,200,762.833596
-2.998171,200,763.651908
-125.244843,200,764.608731
-126.753495,200,765.432608
-118.492679,200,766.248995
-124.004995,200,767.136855
-124.218794,200,768.111976
-117.170356,200,768.936353
-124.726454,200,769.756462
-119.944459,200,770.575326
-122.547638,200,771.39175
-127.338773,200,772.208394
-122.28808,200,773.185114
-119.634487,200,774.013681
-4.3113,200,774.83067
-114.718114,200,775.65467
-115.830466,200,776.679681
-1.93284,200,777.512728
-122.759958,200,778.337977
-1.12443,200,779.15224
-247.207974,200,779.966851
-119.885995,200,780.783193
-237.024186,200,781.759899
-120.799159,200,782.598403
-127.972891,200,783.419819
-127.822766,200,784.2488
-251.665905,200,785.271218
-1.980846,200,786.134047
-117.335582,200,786.956857
-235.842587,200,787.818483
-0.585676,200,788.640867
-241.741799,200,789.458455
-354.547589,200,790.413645
-117.478437,200,791.240559
-124.434686,200,792.058539
-2.426129,200,792.889215
-354.731848,200,793.925314
-239.549845,200,794.749918
-124.399139,200,795.570341
-117.20341,200,796.388226
-124.863911,200,797.203069
-357.638476,200,798.030531
-123.827944,200,799.010663
-233.529619,200,799.839178
-115.786356,200,800.657153
-113.449178,200,801.474931
-1.477802,200,802.447403
-120.096459,200,803.286815
-119.997082,200,804.106821
-122.533404,200,804.924097
-236.743748,200,805.740084
-127.87648,200,806.557314
-114.453547,200,807.510131
-247.967725,200,808.344344
-122.422353,200,809.162127
-121.879017,200,809.983497
-238.670908,200,811.018294
-227.984871,200,811.838444
-128.348427,200,812.656208
-124.639882,200,813.485757
-121.582676,200,814.30235
-127.640726,200,815.123677
-120.18764,200,816.074739
-250.811748,200,816.895578
-122.20301,200,817.709852
-234.916773,200,818.67923
-239.745461,200,819.581518
-128.407869,200,820.402819
-113.689688,200,821.220262
-124.767368,200,822.035476
-1.369145,200,822.850003
-122.614984,200,823.685956
-0.854485,200,824.636397
-232.288062,200,825.457581
-127.81853,200,826.272397
-233.434838,200,827.090576
-117.429427,200,828.152523
-0.656464,200,828.976718
-1.206876,200,829.793222
-239.007837,200,830.610034
-126.983069,200,831.426334
-121.607643,200,832.248424
-124.56444,200,833.214195
-245.320291,200,834.043615
-127.755401,200,834.858419
-122.685774,200,835.681233
-223.859285,200,836.73764
-233.118606,200,837.555952
-122.525896,200,838.382513
-117.746025,200,839.20261
-127.671373,200,840.025005
-231.967394,200,840.844677
-0.793027,200,841.796922
-128.448077,200,842.619383
-125.036334,200,843.479497
-120.505082,200,844.308133
-115.801177,200,845.358459
-0.990623,200,846.176739
-240.535408,200,846.994953
-247.152693,200,847.81092
-120.986627,200,848.648622
-115.509182,200,849.478336
-114.541337,200,850.435396
-122.833016,200,851.269347
-131.474988,200,852.097125
-121.052321,200,852.946543
-252.971428,200,854.022602
-124.008417,200,854.846331
-1.257631,200,855.66934
-1.470243,200,856.48997
-2.412834,200,857.319351
-239.706402,200,858.146162
-115.614435,200,859.123457
-118.541811,200,859.960372
-225.681527,200,860.79824
-116.422929,200,861.626826
-119.937341,200,862.62614
-0.617663,200,863.465182
-7.697546,200,864.300854
-4.848433,200,865.125868
-262.948282,200,865.951865
-233.099099,200,866.777775
-15.339603,200,867.744216
-18.62712,200,868.588821
-244.894414,200,869.421848
-144.204156,200,870.250314
-245.175507,200,871.327624
-137.67344,200,872.15716
-132.881925,200,872.986929
-17.919579,200,873.828003
-135.192385,200,874.657914
-135.313453,200,875.484043
-132.947272,200,876.453016
-237.624871,200,877.290371
-20.12542,200,878.123329
-138.975068,200,878.967805
-139.133873,200,880.05661
-142.153675,200,880.897499
-130.825297,200,881.76791
-18.562576,200,882.731355
-139.198087,200,883.564579
-236.850173,200,884.407134
-254.935949,200,885.365169
-242.166463,200,886.20067
-141.349076,200,887.026894
-14.461359,200,887.85439
-15.683544,200,888.94121
-15.542028,200,889.787958
-139.150549,200,890.616774
-132.074744,200,891.443956
-16.636303,200,892.271379
-16.183615,200,893.098115
-128.415486,200,894.076189
-138.082841,200,894.917599
-129.928207,200,895.746943
-322.873538,200,896.574641
-137.095546,200,897.615223
-259.667007,200,898.440404
-135.331697,200,899.280076
-128.709602,200,900.10592
-141.312467,200,900.930591
-16.507874,200,901.753859
-142.540481,200,902.714147
-135.255885,200,903.548812
-130.590998,200,904.391096
-132.587362,200,905.22304
-136.617126,200,906.22188
-15.436343,200,907.046803
-127.701471,200,907.870919
-133.86023,200,908.696004
-15.64074,200,909.531419
-132.447141,200,910.349728
-16.795471,200,911.302893
-236.556129,200,912.131494
-244.9036,200,912.952768
-244.551644,200,913.774671
-142.405629,200,914.844485
-242.564447,200,915.666108
-140.726948,200,916.489905
-132.175867,200,917.309429
-127.009593,200,918.128148
-352.49747,200,918.958748
-127.930553,200,919.925077
-116.933261,200,920.780986
-242.583183,200,921.605995
-258.261511,200,922.435138
-136.443922,200,923.422657
-124.593582,200,924.295546
-116.286279,200,925.126441
-114.892443,200,925.955227
-138.589701,200,926.781901
-115.384352,200,927.608606
-129.117197,200,928.569944
-0.742906,200,929.416666
-130.51208,200,930.248245
-225.541074,200,931.077231
-142.992091,200,932.132081
-124.179352,200,932.958658
-231.67823,200,933.796804
-131.873467,200,934.667493
-129.215273,200,935.495563
-124.429278,200,936.319
-225.404045,200,937.276796
-126.114585,200,938.107502
-238.959983,200,938.931387
-0.940328,200,939.776343
-123.284908,200,940.818221
-237.928206,200,941.642376
-248.363578,200,942.467032
-114.551686,200,943.289615
-129.963723,200,944.113225
-136.777009,200,944.951737
-237.809888,200,945.907707
-243.362657,200,946.741608
-260.7893,200,947.563471
-125.851362,200,948.389375
-245.226521,200,949.477365
-133.031488,200,950.30328
-127.987901,200,951.127267
-12.338327,200,951.94631
-236.463101,200,952.766914
-248.950193,200,953.586295
-123.414132,200,954.539337
-147.31334,200,955.385121
-244.613093,200,956.209166
-285.073954,200,957.032646
-252.833258,200,958.100234
-246.733629,200,958.923386
-364.170682,200,959.746018
-131.707039,200,960.583648
-223.39398,200,961.40498
-135.520263,200,962.226307
-13.84887,200,963.180037
-143.887156,200,964.014379
-266.184162,200,964.834583
-387.316123,200,965.676974
-131.095837,200,966.678315
-322.148099,200,967.50293
-18.001674,200,968.327624
-132.634291,200,969.148808
-136.204417,200,969.972522
-128.427758,200,970.812496
-135.389382,200,971.77212
-129.664867,200,972.603361
-135.905299,200,973.426201
-134.691111,200,974.33192
-251.925605,200,975.329799
-138.309938,200,976.159733
-140.78617,200,976.985664
-11.997384,200,977.807325
-131.39063,200,978.629198
-241.259523,200,979.451299
-269.082079,200,980.407383
-243.080751,200,981.288211
-127.372712,200,982.114068
-236.443849,200,982.940849
-237.693211,200,984.027004
-234.628262,200,984.852718
-122.373999,200,985.677252
-133.179781,200,986.517017
-254.244266,200,987.340357
-17.826166,200,988.161329
-134.049837,200,989.117542
-253.238859,200,989.947841
-1.09914,200,990.770684
-141.558791,200,991.612771
-141.608468,200,992.731183
-234.124883,200,993.554616
-230.732206,200,994.379488
-117.002025,200,995.205454
-259.006058,200,996.039125
-135.235315,200,996.867052
-121.128563,200,997.824155
-133.668199,200,998.656253
-237.499189,200,999.480575
-118.275569,200,1000.306712
-119.776166,200,1001.326802
-125.562895,200,1002.153307
-141.742948,200,1002.978592
-20.228315,200,1003.801893
-115.218816,200,1004.626382
-137.625375,200,1005.447406
-132.71959,200,1006.419277
-131.542523,200,1007.253909
-243.511852,200,1008.075705
-19.952173,200,1008.902003
-351.291322,200,1009.968655
-0.925008,200,1010.795989
-243.133847,200,1011.636718
-119.967798,200,1012.462454
-116.3815,200,1013.287194
-119.759338,200,1014.108938
-226.115391,200,1015.111755
-241.887365,200,1015.968826
-128.323909,200,1016.809375
-133.521471,200,1017.650522
-133.809806,200,1018.697895
-117.155831,200,1019.528577
-125.610855,200,1020.369136
-117.389062,200,1021.208532
-20.100254,200,1022.041114
-117.730869,200,1022.868374
-2.073116,200,1023.825704
-128.323248,200,1024.65786
-118.639701,200,1025.484226
-232.656493,200,1026.3416
-135.441034,200,1027.385251
-1.502044,200,1028.214755
-138.280079,200,1029.044914
-233.224115,200,1029.883323
-232.555971,200,1030.710247
-120.498537,200,1031.550149
-125.890148,200,1032.510849
-116.885943,200,1033.345673
-124.511793,200,1034.17191
-141.915213,200,1035.019706
-125.611395,200,1036.094851
-124.687668,200,1036.939452
-125.484687,200,1037.767906
-2.44696,200,1038.595843
-138.967769,200,1039.422089
-228.24224,200,1040.25521
-125.321721,200,1041.219355
-251.557255,200,1042.066042
-125.128738,200,1042.895543
-21.433495,200,1043.800091
-247.372514,200,1044.782678
-122.553975,200,1045.611134
-122.22082,200,1046.436736
-1.18498,200,1047.280382
-131.68259,200,1048.107858
-134.514228,200,1048.935229
-133.963294,200,1049.894358
-116.309569,200,1050.728733
-1.679676,200,1051.554844
-368.752234,200,1052.398876
-143.741456,200,1053.460145
-243.534688,200,1054.289953
-20.77412,200,1055.118497
-259.154258,200,1055.946586
-144.179831,200,1056.783532
-234.067989,200,1057.61546
-140.144674,200,1058.575545
-142.672611,200,1059.413948
-228.447702,200,1060.245127
-118.685621,200,1061.081155
-141.1366,200,1062.156977
-143.001254,200,1062.988508
-118.692097,200,1063.817464
-233.016268,200,1064.645695
-131.619257,200,1065.472861
-247.392835,200,1066.298861
-120.116107,200,1067.271791
-144.982166,200,1068.107469
-125.480797,200,1068.935333
-354.38469,200,1069.841534
-258.040951,200,1070.821053
-125.1219,200,1071.649842
-123.964634,200,1072.49625
-20.744312,200,1073.324023
-143.424317,200,1074.150512
-252.881996,200,1074.977613
-19.723317,200,1075.937208
-19.804533,200,1076.772128
-123.138771,200,1077.616915
-124.472163,200,1078.458296
-121.310711,200,1079.51006
-1.016597,200,1080.350688
-224.022242,200,1081.18271
-134.783498,200,1082.019736
-122.908478,200,1082.855353
-249.753616,200,1083.682899
-124.102533,200,1084.641815
-1.665319,200,1085.477187
-126.614286,200,1086.305099
-124.956526,200,1087.242297
-125.424762,200,1088.237529
-119.399013,200,1089.065977
-122.187012,200,1089.894397
-239.003549,200,1090.719953
-246.006091,200,1091.54588
-2.563744,200,1092.385897
-241.87803,200,1093.359244
-130.162896,200,1094.199495
-225.552417,200,1095.032437
-261.170552,200,1095.866004
-232.622187,200,1096.926476
-119.652007,200,1097.772621
-230.125382,200,1098.806522
-124.7767,200,1099.65825
-231.767054,200,1100.499473
-250.877487,200,1101.32648
-2.787309,200,1102.296739
-2.132701,200,1103.137103
-126.268165,200,1103.965116
-244.668955,200,1104.793613
-226.889852,200,1105.886339
-348.405929,200,1106.721002
-247.954451,200,1107.567561
-124.271077,200,1108.397954
-119.539314,200,1109.227134
-125.005323,200,1110.054134
-232.984448,200,1111.013739
-115.646386,200,1111.847096
-236.356763,200,1112.68931
-122.388726,200,1113.552788
-228.39214,200,1114.56575
-128.12793,200,1115.393947
-1.120334,200,1116.224709
-124.853002,200,1117.051964
-245.230323,200,1117.896086
-118.73292,200,1118.729744
-228.311292,200,1119.691674
-229.054123,200,1120.536668
-119.757406,200,1121.362931
-241.302443,200,1122.283747
-237.867017,200,1123.268587
-119.803422,200,1124.098633
-232.624467,200,1124.929326
-115.438663,200,1125.756958
-117.746797,200,1126.584102
-121.311344,200,1127.421869
-221.806837,200,1128.385512
-230.317985,200,1129.21987
-120.376001,200,1130.046182
-2.594062,200,1130.88568
-224.534648,200,1131.93731
-2.494903,200,1132.810581
-229.837274,200,1133.641174
-123.275803,200,1134.469564
-247.922104,200,1135.295491
-116.500646,200,1136.12106
-1.319692,200,1137.081649
-117.53313,200,1137.928203
-119.375166,200,1138.758284
-225.49462,200,1139.58517
-129.672103,200,1140.59186
-362.982287,200,1141.42371
-127.807352,200,1142.252621
-1.102826,200,1143.097094
-117.033393,200,1143.925633
-117.424643,200,1144.751359
-125.063474,200,1145.711422
-229.14512,200,1146.546382
-114.384358,200,1147.372668
-343.64914,200,1148.240355
-117.900731,200,1149.279522
-230.84313,200,1150.108035
-127.442401,200,1150.938826
-121.970266,200,1151.766281
-1.454574,200,1152.603949
-243.103672,200,1153.438833
-281.067507,200,1154.399618
-334.276872,200,1155.235125
-126.234021,200,1156.062755
-122.462279,200,1156.890679
-229.782565,200,1157.935463
-129.936321,200,1158.770578
-240.094571,200,1159.599598
-224.341043,200,1160.435221
-126.080751,200,1161.261898
-125.036684,200,1162.087025
-296.969017,200,1163.060173
-1.799673,200,1163.897972
-118.876664,200,1164.724519
-221.961739,200,1165.550488
-118.619557,200,1166.607233
-2.263844,200,1167.439422
-115.460836,200,1168.28503
-0.839084,200,1169.115598
-117.381707,200,1169.943637
-233.663631,200,1170.770637
-233.671622,200,1171.72869
-121.517211,200,1172.564367
-127.982675,200,1173.409782
-4.891633,200,1174.237922
-127.261088,200,1175.2385
-123.353101,200,1176.069098
-307.769428,200,1176.900019
-244.69113,200,1177.738056
-224.022313,200,1178.576194
-121.725044,200,1179.406285
-229.27749,200,1180.374056
-123.056133,200,1181.209111
-123.023997,200,1182.034833
-232.376631,200,1182.940193
-2.228046,200,1183.93415
-1.515466,200,1184.763548
-223.356136,200,1185.592077
-2.547085,200,1186.42159
-128.56899,200,1187.248837
-129.299415,200,1188.120804
-121.093631,200,1189.082679
-125.911419,200,1189.919009
-224.914845,200,1190.746594
-116.031146,200,1191.653998
-120.926922,200,1192.642435
-229.211284,200,1193.487202
-127.649862,200,1194.318777
-1.959078,200,1195.147829
-117.251595,200,1196.053753
-227.746548,200,1196.893323
-122.588564,200,1197.854511
-117.54752,200,1198.728476
-1.412711,200,1199.566046
-117.343155,200,1200.406765
-125.878677,200,1201.460393
-227.703604,200,1202.291225
-307.147928,200,1203.122496
-121.461523,200,1203.966603
-129.150732,200,1204.793976
-117.549505,200,1205.622411
-218.72939,200,1206.583769
-241.696851,200,1207.421749
-115.440764,200,1208.256676
-122.258107,200,1209.093727
-244.130299,200,1210.091411
-226.314377,200,1210.924064
-121.472897,200,1211.753781
-361.339753,200,1212.58258
-220.756279,200,1213.420471
-121.457283,200,1214.254941
-1.033175,200,1215.217158
-259.14391,200,1216.052006
-127.372323,200,1216.879574
-119.747762,200,1217.714879
-1.506495,200,1218.779347
-249.088692,200,1219.611289
-248.121335,200,1220.456588
-3.244648,200,1221.299674
-226.811249,200,1222.132812
-119.483874,200,1222.960648
-0.982303,200,1223.937032
-120.069868,200,1224.773576
-230.758701,200,1225.601745
-119.664113,200,1226.431257
-126.157585,200,1227.496402
-129.140412,200,1228.326774
-368.2888,200,1229.174008
-123.686906,200,1230.002737
-1.168961,200,1230.829808
-1.607037,200,1231.656386
-123.777959,200,1232.615724
-2.422472,200,1233.450174
-233.715319,200,1234.294123
-114.675628,200,1235.126509
-1.549688,200,1236.180172
-118.329049,200,1237.008888
-114.98636,200,1237.838582
-239.704578,200,1238.677373
-117.030784,200,1239.510957
-223.442983,200,1240.349485
-114.459015,200,1241.309678
-122.427427,200,1242.14668
-239.265613,200,1242.97402
-225.489009,200,1243.816949
-122.494294,200,1244.87383
-227.340055,200,1245.702845
-124.189783,200,1246.532965
-221.308126,200,1247.361763
-128.97368,200,1248.18936
-124.060457,200,1249.030158
-239.298143,200,1249.99066
-120.489096,200,1250.826015
-118.305322,200,1251.653625
-119.352924,200,1252.487547
-225.940563,200,1253.516103
-123.592953,200,1254.361956
-119.888603,200,1255.191414
-128.324201,200,1256.018755
-120.60974,200,1256.84476
-3.384599,200,1257.67112
-0.749606,200,1258.634665
-116.209306,200,1259.485361
-124.332514,200,1260.320465
-251.673558,200,1261.159586
-231.39317,200,1262.200413
-3.169842,200,1263.029944
-1.177018,200,1263.858972
-119.752299,200,1264.702075
-3.007767,200,1265.530532
-123.345634,200,1266.356538
-114.904748,200,1267.316935
-121.049642,200,1268.15193
-229.949853,200,1268.980262
-129.924042,200,1269.858584
-226.415151,200,1270.888006
-223.158996,200,1271.717057
-223.00416,200,1272.544605
-4.002352,200,1273.37252
-126.715261,200,1274.209686
-122.400138,200,1275.043787
-123.642777,200,1276.006167
-127.083863,200,1276.841232
-1.059127,200,1277.669092
-230.485799,200,1278.497196
-115.749733,200,1279.609435
-119.494421,200,1280.459692
-238.320932,200,1281.289373
-246.712754,200,1282.118524
-126.136888,200,1282.948128
-2.488445,200,1283.774765
-244.266093,200,1284.750853
-230.880507,200,1285.587436
-114.193946,200,1286.416182
-118.759719,200,1287.291166
-243.886313,200,1288.279118
-118.484278,200,1289.109871
-121.635163,200,1289.95703
-120.959456,200,1290.785907
-228.479366,200,1291.61363
-222.686119,200,1292.441156
-115.069401,200,1293.403022
-226.605777,200,1294.241864
-249.880781,200,1295.080828
-230.007752,200,1295.911725
-121.163197,200,1296.957693
-232.199091,200,1297.789391
-124.047611,200,1298.621003
-250.489374,200,1299.461571
-117.510326,200,1300.310395
-222.931161,200,1301.139516
-118.323031,200,1302.10077
-120.314778,200,1302.937107
-116.012654,200,1303.766518
-227.317451,200,1304.61271
-2.86178,200,1305.660556
-114.12492,200,1306.490677
-229.592702,200,1307.320512
-227.177573,200,1308.149411
-244.116758,200,1308.97701
-218.468474,200,1309.81945
-236.872009,200,1310.792376
-121.496783,200,1311.632281
-239.673791,200,1312.466754
-224.295779,200,1313.303491
-223.433183,200,1314.343851
-223.065272,200,1315.189774
-116.017751,200,1316.206692
-242.309982,200,1317.038638
-115.580184,200,1317.867206
-127.090593,200,1318.696601
-235.559602,200,1319.671225
-115.737999,200,1320.521385
-119.6492,200,1321.350858
-118.518349,200,1322.181244
-118.191086,200,1323.230863
-125.568272,200,1324.061798
-221.29194,200,1324.939992
-119.778792,200,1325.770957
-126.895728,200,1326.604701
-238.214988,200,1327.437353
-133.097752,200,1328.400197
-224.82262,200,1329.233771
-119.512356,200,1330.075251
-223.227695,200,1330.920808
-232.608865,200,1331.95669
-120.575749,200,1332.786528
-119.86664,200,1333.614276
-118.845213,200,1334.443038
-118.672001,200,1335.287759
-222.716852,200,1336.116692
-233.612148,200,1337.076959
-2.435478,200,1337.911681
-219.41655,200,1338.737856
-1.670613,200,1339.56739
-236.403009,200,1340.592499
-228.528153,200,1341.422179
-122.033278,200,1342.251579
-233.531485,200,1343.079846
-123.64972,200,1343.907604
-119.798463,200,1344.742618
-0.777145,200,1345.711507
-1.769859,200,1346.548892
-115.144884,200,1347.378034
-123.273236,200,1348.206332
-119.921551,200,1349.291856
-222.352436,200,1350.136535
-248.408972,200,1350.96876
-238.912052,200,1351.797094
-237.069751,200,1352.623856
-123.738834,200,1353.450601
-1.03471,200,1354.42953
-249.687635,200,1355.290896
-119.72094,200,1356.146788
-123.693842,200,1357.09631
-121.070792,200,1358.122991
-363.900504,200,1358.981075
-2.094505,200,1359.822924
-1.644135,200,1360.693892
-228.975209,200,1361.548588
-238.921633,200,1362.382105
-123.900578,200,1363.354139
-122.616417,200,1364.193227
-124.131014,200,1365.292115
-227.229494,200,1366.21851
-126.569409,200,1367.136713
-288.157686,200,1367.970057
-119.27315,200,1368.800158
-230.803763,200,1369.758878
-124.897346,200,1370.738542
-127.278324,200,1371.573952
-125.473726,200,1372.543571
-123.689258,200,1373.38061
-118.375809,200,1374.234237
-126.02342,200,1375.063714
-0.972121,200,1376.044912
-238.969841,200,1376.866179
-126.937431,200,1377.702415
-226.902627,200,1378.537333
-126.306094,200,1379.394408
-126.344596,200,1380.222144
-125.547313,200,1381.1771
-221.380695,200,1382.004826
-1.393806,200,1382.828099
-125.079953,200,1383.668281
-121.080705,200,1384.71674
-119.952507,200,1385.558343
-120.476942,200,1386.389814
-116.11746,200,1387.218965
-233.754773,200,1388.056043
-236.875903,200,1388.88309
-120.937176,200,1389.845906
-124.666794,200,1390.693903
-122.565511,200,1391.527595
-118.645183,200,1392.397041
-126.435488,200,1393.43528
-125.518552,200,1394.265407
-231.998311,200,1395.095334
-123.679283,200,1395.941465
-121.250818,200,1396.766155
-1.365161,200,1397.593951
-302.522507,200,1398.56244
-235.023288,200,1399.387634
-113.901993,200,1400.210373
-127.049776,200,1401.140909
-116.895402,200,1402.08764
-1.328364,200,1402.912414
-128.765978,200,1403.739527
-115.312714,200,1404.559618
-124.377784,200,1405.386001
-116.302959,200,1406.223471
-129.686124,200,1407.188286
-2.90975,200,1408.023279
-119.807913,200,1408.901426
-338.091987,200,1409.73228
-0.915788,200,1410.750632
-121.99949,200,1411.582735
-242.329469,200,1412.411301
-119.634609,200,1413.244487
-116.561152,200,1414.070809
-120.888505,200,1414.895608
-121.571428,200,1415.868831
-125.781304,200,1416.705532
-219.778859,200,1417.533436
-115.369736,200,1418.359399
-222.089014,200,1419.399699
-1.712383,200,1420.25679
-124.229192,200,1421.094577
-225.617738,200,1421.91451
-118.908013,200,1422.735367
-238.130885,200,1423.554878
-120.277386,200,1424.509104
-225.862863,200,1425.335268
-118.651727,200,1426.20423
-223.023068,200,1427.028054
-227.997645,200,1427.964317
-122.535732,200,1428.922032
-119.598181,200,1429.746055
-241.690387,200,1430.572404
-117.607997,200,1431.403607
-226.028369,200,1432.224887
-126.601835,200,1433.178931
-119.854699,200,1434.010153
-241.927243,200,1434.83527
-114.697815,200,1435.759253
-118.163553,200,1436.764134
-232.557602,200,1437.587443
-235.105439,200,1438.41036
-125.226167,200,1439.231368
-121.61643,200,1440.050807
-1.278654,200,1440.884255
-118.700354,200,1441.843945
-129.429169,200,1442.671907
-232.472884,200,1443.491614
-240.464851,200,1444.315603
-226.140331,200,1445.309502
-1.51071,200,1446.143989
-120.719233,200,1446.96936
-1.181048,200,1447.791764
-251.113871,200,1448.615959
-220.811511,200,1449.438898
-253.490524,200,1450.395617
-1.661204,200,1451.243678
-118.505954,200,1452.068605
-227.360996,200,1452.895158
-124.90951,200,1453.978692
-4.797083,200,1454.806126
-1.231684,200,1455.628871
-120.608508,200,1456.464456
-123.585501,200,1457.285743
-124.490538,200,1458.104598
-124.221989,200,1459.05986
-120.132757,200,1459.885822
-124.334988,200,1460.708477
-118.047442,200,1461.547925
-124.219484,200,1462.614959
-116.916156,200,1463.437875
-124.745739,200,1464.259975
-230.438706,200,1465.080248
-123.023037,200,1465.901436
-127.079173,200,1466.763942
-123.648709,200,1467.772721
-239.243212,200,1468.608147
-125.099285,200,1469.437949
-124.785993,200,1470.312708
-1.290655,200,1471.301655
-237.113204,200,1472.136452
-221.295463,200,1473.006115
-225.944633,200,1473.940654
-115.235857,200,1474.903329
-123.412128,200,1475.746346
-116.096867,200,1476.744982
-228.576121,200,1477.649546
-124.034206,200,1478.543276
-120.263989,200,1479.439213
-222.607848,200,1480.625707
-122.561568,200,1481.494638
-1.181112,200,1482.414579
-222.291352,200,1483.316885
-1.748074,200,1484.220706
-230.225645,200,1485.091846
-129.393501,200,1486.120506
-1.677618,200,1487.00634
-120.317424,200,1487.902559
-115.496425,200,1488.938807
-0.874224,200,1489.904666
-127.55951,200,1490.791633
-123.88428,200,1491.68994
-2.804932,200,1492.586668
-124.213267,200,1493.506179
-125.985492,200,1494.376465
-120.581523,200,1495.411929
-1.454346,200,1496.321546
-232.819454,200,1497.198474
-230.781879,200,1498.240842
-219.615838,200,1499.319002
-285.780552,200,1500.220245
-217.714665,200,1501.104321
-126.975388,200,1502.013469
-237.696655,200,1502.911774
-232.196696,200,1503.813994
-239.681231,200,1504.842963
-305.573347,200,1505.74824
-223.488378,200,1506.626632
-116.384971,200,1507.619813
-116.358872,200,1508.711456
-125.963289,200,1509.589165
-122.900346,200,1510.481954
-125.008872,200,1511.381466
-130.289171,200,1512.276078
-117.074756,200,1513.202661
-225.808922,200,1514.274528
-119.504305,200,1515.16972
-116.372363,200,1515.994412
-122.929421,200,1516.82657
-1.133951,200,1517.988596
-119.590279,200,1518.856826
-115.276859,200,1519.701871
-123.494653,200,1520.622872
-123.039291,200,1521.543956
-115.467911,200,1522.507187
-230.744564,200,1523.558514
-221.448484,200,1524.438775
-127.416318,200,1525.341436
-118.88448,200,1526.225952
-232.648665,200,1527.437594
-224.53207,200,1528.356654
-129.070621,200,1529.255722
-1.141069,200,1530.139543
-122.582433,200,1531.459209
-242.438971,200,1532.365347
-117.816564,200,1533.424836
-122.583177,200,1534.317588
-219.375081,200,1535.211384
-124.351695,200,1536.090384
-117.827177,200,1537.005669
-316.940898,200,1538.035305
-220.891641,200,1539.062203
-118.419704,200,1540.18296
-120.524451,200,1541.081827
-117.114142,200,1541.957785
-125.967571,200,1542.980015
-118.673926,200,1543.90257
-121.442644,200,1544.776945
-1.711142,200,1545.792189
-244.516101,200,1546.851949
-256.554972,200,1547.746756
-119.710801,200,1548.615576
-119.857656,200,1549.501766
-129.174914,200,1550.410413
-127.527419,200,1551.289974
-236.914698,200,1552.304891
-122.527478,200,1553.203969
-1.240157,200,1554.113025
-123.487578,200,1555.031486
-121.257013,200,1556.126807
-125.661034,200,1557.002981
-124.5586,200,1557.874094
-2.661317,200,1558.765927
-122.492549,200,1559.679705
-118.294058,200,1560.556419
-237.834263,200,1561.584559
-120.962591,200,1562.461153
-237.499839,200,1563.334334
-1.096102,200,1564.324946
-223.167973,200,1565.45684
-115.914306,200,1566.348958
-287.682575,200,1567.22849
-251.575442,200,1568.118688
-121.320207,200,1568.998323
-122.295262,200,1569.92535
-120.734843,200,1570.937403
-118.988421,200,1571.840702
-124.186995,200,1572.719659
-375.876377,200,1573.583551
-119.369385,200,1574.743811
-121.70698,200,1575.653706
-225.787814,200,1576.522055
-124.584007,200,1577.411479
-224.25587,200,1578.286024
-117.831282,200,1579.180268
-118.287819,200,1580.223003
-116.869134,200,1581.107105
-249.627785,200,1582.013757
-1.734888,200,1582.923728
-0.849587,200,1584.216538
-123.592909,200,1585.17904
-117.267858,200,1586.108545
-121.906284,200,1587.017805
-119.282633,200,1587.927178
-328.460673,200,1588.853405
-0.933224,200,1589.928432
-1.086554,200,1590.884857
-1.124452,200,1591.825255
-119.347504,200,1592.962122
-121.998709,200,1594.003188
-119.596879,200,1594.940983
-223.186004,200,1595.909696
-4.307929,200,1596.879297
-1.424735,200,1597.81422
-1.324389,200,1598.767573
-227.732698,200,1599.866343
-301.791474,200,1600.851389
-231.863649,200,1601.787675
-121.325908,200,1602.883982
-226.02967,200,1604.171346
-2.569897,200,1605.157546
-237.389928,200,1606.167205
-121.106911,200,1607.124459
-237.207881,200,1608.083561
-220.163774,200,1609.018955
-124.465505,200,1610.090928
-121.138405,200,1611.066965
-124.506935,200,1612.032903
-126.538419,200,1613.07425
-122.173075,200,1614.295505
-124.54979,200,1615.262894
-128.397282,200,1616.253522
-308.868274,200,1617.197303
-126.157686,200,1618.142588
-225.306014,200,1619.070247
-248.399141,200,1620.159612
-117.71799,200,1621.137771
-120.446469,200,1622.078085
-221.284159,200,1623.016169
-242.293793,200,1624.353332
-296.772091,200,1625.334058
-119.250657,200,1626.466056
-127.282759,200,1627.63253
-124.159761,200,1628.617558
-122.215724,200,1629.592525
-315.777218,200,1630.676275
-118.554831,200,1631.599472
-123.459013,200,1632.531329
-121.051557,200,1633.68478
-230.153941,200,1634.937946
-228.133946,200,1635.900323
-118.649488,200,1636.849969
-117.41272,200,1637.795065
-119.641856,200,1638.740925
-1.237046,200,1639.677124
-127.385417,200,1640.756948
-231.258754,200,1641.702035
-118.895259,200,1642.630106
-231.520863,200,1643.643838
-117.664548,200,1644.926696
-119.50668,200,1645.906453
-1.158306,200,1646.824749
-128.605623,200,1647.738949
-221.806922,200,1648.690407
-119.349763,200,1649.607025
-127.539325,200,1650.687273
-119.285741,200,1651.655305
-228.952012,200,1652.614395
-1.820302,200,1653.769977
-233.798689,200,1654.901205
-119.318092,200,1655.88284
-232.860829,200,1656.889073
-125.286648,200,1657.860159
-123.164482,200,1658.834235
-1.274127,200,1659.812471
-116.365168,200,1660.959289
-118.269018,200,1661.949545
-315.328699,200,1662.941337
-223.063849,200,1664.329388
-223.230699,200,1665.569963
-114.277863,200,1666.606511
-219.288501,200,1667.664516
-0.792724,200,1668.740952
-0.905937,200,1669.675382
-222.593204,200,1670.492703
-218.953381,200,1671.440361
-238.085729,200,1672.262585
-230.558799,200,1673.071774
-227.883193,200,1673.886162
-271.511737,200,1674.952462
-218.908144,200,1675.813683
-118.570919,200,1676.642619
-224.337753,200,1677.461955
-124.860411,200,1678.280887
-124.194455,200,1679.101128
-244.830677,200,1680.059399
-126.168973,200,1680.896833
-117.119678,200,1681.724252
-117.325473,200,1682.551797
-117.098841,200,1683.692368
-1.140644,200,1684.611405
-122.444822,200,1685.464574
-1.394887,200,1686.313814
-3.550109,200,1687.155771
-227.969316,200,1688.015708
-230.244838,200,1689.014604
-118.897141,200,1689.904875
-126.301008,200,1690.75819
-238.496595,200,1691.640013
-119.023609,200,1692.80395
-120.695049,200,1693.696182
-225.442604,200,1694.555049
-232.104011,200,1695.414112
-124.971157,200,1696.268335
-119.260637,200,1697.122251
-242.339093,200,1698.122254
-122.537098,200,1698.989018
-224.045686,200,1699.84808
-123.158656,200,1700.698545
-121.047965,200,1701.553191
-230.530076,200,1702.401239
-120.212815,200,1703.239762
-3.346448,200,1704.076433
-119.702715,200,1704.917177
-129.972815,200,1705.759843
-127.921811,200,1706.743003
-2.350587,200,1707.946776
-116.724611,200,1708.867561
-2.794796,200,1709.719776
-0.716546,200,1710.561863
-121.99801,200,1711.406127
-126.469488,200,1712.248156
-223.047241,200,1713.083519
-240.189539,200,1713.922313
-127.45356,200,1715.031401
-249.045914,200,1716.086664
-119.840174,200,1716.944989
-235.775151,200,1717.776608
-232.516847,200,1718.602463
-115.43052,200,1719.43768
-129.060561,200,1720.602382
-128.396046,200,1721.492545
-2.608393,200,1722.329016
-128.482741,200,1723.157365
-121.618994,200,1723.979477
-131.144217,200,1724.937246
-229.507031,200,1725.767236
-225.090003,200,1726.5855
-218.787794,200,1727.402435
-127.654151,200,1728.37299
-116.538927,200,1729.391356
-306.330869,200,1730.225079
-238.349447,200,1731.038721
-120.6872,200,1731.851531
-0.732004,200,1732.66188
-120.669336,200,1733.609988
-127.554979,200,1734.430756
-220.766994,200,1735.241167
-224.370625,200,1736.111326
-2.693798,200,1737.231673
-239.048641,200,1738.052833
-1.230912,200,1738.858745
-124.027142,200,1739.671412
-122.51766,200,1740.497616
-223.193049,200,1741.322028
-126.769056,200,1742.279766
-127.092736,200,1743.112331
-224.539969,200,1743.938348
-118.93124,200,1744.771446
-121.280265,200,1745.848816
-224.18536,200,1746.670877
-2.412318,200,1747.499405
-131.13433,200,1748.329571
-0.94849,200,1749.155783
-123.635556,200,1749.981789
-243.101437,200,1750.939187
-2.479946,200,1751.77292
-126.642359,200,1752.598093
-357.869217,200,1753.445309
-244.469241,200,1754.471345
-226.861093,200,1755.308017
-126.502662,200,1756.137269
-116.873108,200,1756.966446
-124.428038,200,1757.791777
-126.964251,200,1758.615727
-116.148678,200,1759.573568
-228.16558,200,1760.408235
-115.495234,200,1761.234587
-124.524414,200,1762.067921
-123.937625,200,1763.11787
-237.736871,200,1763.948156
-116.74159,200,1764.777887
-118.356916,200,1765.605021
-119.772399,200,1766.43058
-1.959406,200,1767.25747
-120.880295,200,1768.230513
-116.723956,200,1769.08116
-126.776957,200,1769.91491
-117.440333,200,1770.744323
-114.806558,200,1771.57092
-228.847206,200,1772.396854
-118.068136,200,1773.222454
-1.785296,200,1774.17479
-298.132192,200,1775.138824
-123.862925,200,1776.087366
-128.572654,200,1777.084528
-125.008247,200,1777.919145
-120.971318,200,1778.74673
-117.547806,200,1779.5759
-124.268318,200,1780.629458
-1.121932,200,1781.458045
-232.596432,200,1782.285905
-244.470548,200,1783.113265
-118.231585,200,1783.939429
-239.131793,200,1784.764235
-118.075898,200,1785.725809
-121.479962,200,1786.558816
-125.206354,200,1787.386417
-244.203012,200,1788.294397
-119.708313,200,1789.214427
-1.014413,200,1790.043147
-3.73071,200,1790.873784
-117.223997,200,1791.700286
-1.436264,200,1792.526409
-122.237284,200,1793.357894
-116.689217,200,1794.321428
-229.499955,200,1873.047746
-1.384488,200,1873.986191
-117.52802,200,1874.880771
-124.114787,200,1875.75044
-126.743634,200,1876.608853
-223.44124,200,1877.668522
-349.205243,200,1878.525283
-128.986269,200,1879.358864
-220.711259,200,1880.188966
-2.795879,200,1881.149958
-117.17943,200,1881.988436
-1.481768,200,1882.813017
-128.780031,200,1883.650429
-233.011734,200,1884.570327
-240.289638,200,1885.460818
-119.268473,200,1886.284459
-1.299694,200,1887.109139
-121.377535,200,1887.938646
-1.774974,200,1888.820439
-123.173586,200,1889.851753
-116.772502,200,1890.727284
-118.606578,200,1891.558094
-228.491827,200,1892.464749
-120.380719,200,1893.456016
-244.549424,200,1894.28832
-232.849192,200,1895.118932
-122.576704,200,1895.947623
-120.115317,200,1896.775586
-121.03375,200,1897.604312
-2.108688,200,1898.573116
-1.829923,200,1899.42271
-119.773811,200,1900.262449
-122.744848,200,1901.098561
-231.35424,200,1902.152085
-120.973907,200,1902.983158
-120.50816,200,1903.815461
-114.217003,200,1904.661128
-118.102378,200,1905.49212
-232.28599,200,1906.320934
-125.653211,200,1907.28224
-130.077438,200,1908.117693
-218.61086,200,1908.951774
-230.346836,200,1909.790121
-1.075225,200,1910.874286
-119.023186,200,1911.705015
-3.341817,200,1912.535692
-120.427219,200,1913.36333
-125.379654,200,1914.233146
-1.298336,200,1915.066479
-286.839397,200,1916.025628
-121.180239,200,1916.862141
-119.197897,200,1917.689745
-234.941864,200,1918.517493
-1.178022,200,1919.596272
-237.823101,200,1920.429402
-237.019859,200,1921.256556
-124.114187,200,1922.085207
-114.927296,200,1922.91278
-121.2978,200,1923.739438
-127.104764,200,1924.716153
-117.904479,200,1925.550661
-118.658228,200,1926.378888
-0.963278,200,1927.216772
-288.996624,200,1928.209863
-119.876392,200,1929.041788
-1.200595,200,1929.887631
-0.905179,200,1930.715847
-306.02901,200,1931.544259
-220.296095,200,1932.375934
-1.205662,200,1933.34212
-116.456004,200,1934.181551
-280.980678,200,1935.019433
-233.078179,200,1935.857354
-1.008568,200,1936.911212
-235.135177,200,1937.749543
-123.560796,200,1938.578796
-124.615092,200,1939.417093
-218.438937,200,1940.250276
-236.544484,200,1941.078584
-227.178213,200,1942.040686
-219.750622,200,1942.87523
-122.780995,200,1943.703513
-237.126833,200,1944.565939
-251.32171,200,1945.575116
-232.505581,200,1946.404397
-235.933006,200,1947.233408
-298.521814,200,1948.061041
-124.937816,200,1948.888294
-125.344571,200,1949.728323
-234.043179,200,1950.690871
-125.09446,200,1951.524236
-118.956477,200,1952.352429
-121.258581,200,1953.231375
-123.644319,200,1954.2429
-223.380561,200,1955.088404
-127.975311,200,1955.91751
-124.742256,200,1956.745674
-116.168187,200,1957.573126
-1.099572,200,1958.401034
-129.219555,200,1959.360799
-116.872347,200,1960.208235
-238.103297,200,1961.038411
-115.49307,200,1961.865442
-117.712768,200,1962.867391
-230.512527,200,1963.698923
-228.933181,200,1964.527764
-117.795168,200,1965.372815
-1.190332,200,1966.200279
-119.180149,200,1967.027275
-117.827553,200,1967.988025
-235.301557,200,1968.823581
-116.630295,200,1969.651249
-115.687702,200,1970.528778
-127.417658,200,1971.612773
-120.729138,200,1972.442809
-1.651626,200,1973.273386
-259.340035,200,1974.101993
-125.437263,200,1974.939898
-122.086811,200,1975.774551
-128.202016,200,1976.735685
-120.783516,200,1977.57131
-120.538019,200,1978.39941
-117.042896,200,1979.233254
-121.281864,200,1980.295294
-1.798512,200,1981.127934
-0.889271,200,1981.958437
-119.435767,200,1982.787517
-118.627433,200,1983.615508
-120.062958,200,1984.442317
-124.221374,200,1985.416445
-116.250201,200,1986.253361
-124.408693,200,1987.081945
-118.446763,200,1987.910701
-230.761299,200,1988.962098
-121.866997,200,1989.792765
-126.600238,200,1990.63772
-129.212095,200,1991.46689
-230.490053,200,1992.301343
-223.357682,200,1993.132066
-218.21669,200,1994.093681
-119.68586,200,1994.929796
-130.053259,200,1995.771583
-118.963885,200,1996.60076
-116.460791,200,1997.601247
-126.979986,200,1998.433744
-114.920104,200,1999.263078
-1.519226,200,2000.101052
-121.12791,200,2000.936013
-227.382611,200,2001.762818
-124.982021,200,2002.724532
-240.015413,200,2003.558341
-116.382883,200,2004.384894
-124.565345,200,2005.231401
-0.878119,200,2006.281532
-231.078342,200,2007.111698
-0.882343,200,2007.940603
-2.265682,200,2008.769858
-224.804019,200,2009.597796
-120.212788,200,2010.438859
-126.319683,200,2011.400625
-127.738155,200,2012.234936
-121.090136,200,2013.063107
-119.985568,200,2013.903683
-119.147142,200,2014.948447
-127.440727,200,2015.793518
-121.858513,200,2016.622816
-119.654568,200,2017.452304
-2.502017,200,2018.28023
-119.081412,200,2019.107953
-1.138233,200,2020.06905
-2.857673,200,2020.918074
-225.080561,200,2021.750052
-249.469658,200,2022.674806
-116.92125,200,2023.672059
-220.858073,200,2024.502267
-123.312773,200,2025.333492
-239.263116,200,2026.1795
-124.366724,200,2027.008905
-118.060537,200,2027.838377
-127.006522,200,2028.800265
-220.951364,200,2029.634526
-119.611953,200,2030.470391
-4.716344,200,2031.306467
-2.857409,200,2032.364318
-119.088037,200,2033.195622
-120.762489,200,2034.025098
-222.549237,200,2034.85335
-121.129541,200,2035.693135
-122.713344,200,2036.526523
-124.854191,200,2037.489091
-1.001792,200,2038.323775
-121.621477,200,2039.151647
-116.871137,200,2039.979175
-118.542376,200,2041.048255
-253.776355,200,2041.881395
-124.050473,200,2042.713123
-121.520598,200,2043.542416
-120.253652,200,2044.369982
-118.44446,200,2045.198406
-114.73878,200,2046.174193
-223.236436,200,2047.014489
-1.285516,200,2047.84506
-0.926953,200,2048.67403
-1.329326,200,2049.684412
-122.14489,200,2050.514556
-121.996569,200,2051.361172
-223.937825,200,2052.196576
-123.565323,200,2053.02553
-122.868165,200,2053.852399
-3.25937,200,2054.812894
-114.719945,200,2055.649975
-275.28717,200,2056.492031
-5.717681,200,2057.319453
-357.844705,200,2058.376291
-1.028191,200,2059.207529
-322.622217,200,2060.037324
-122.770253,200,2060.876146
-117.978602,200,2061.709035
-118.536546,200,2062.53649
-1.40255,200,2063.511077
-1.648601,200,2064.356151
-129.191576,200,2065.184954
-231.443731,200,2066.022783
-119.413599,200,2066.856641
-114.659648,200,2067.919785
-236.285803,200,2068.757198
-233.344234,200,2069.81616
-1.362491,200,2070.646206
-1.442128,200,2071.491519
-219.048832,200,2072.481707
-223.309709,200,2073.315661
-232.199294,200,2074.143665
-120.983853,200,2074.969883
-243.922202,200,2075.981328
-128.92956,200,2076.816628
-121.368483,200,2077.645318
-247.679255,200,2078.473268
-127.759196,200,2079.299638
-120.3416,200,2080.126222
-2.528691,200,2081.094818
-219.632139,200,2081.933303
-127.170405,200,2082.758199
-118.943326,200,2083.59679
-222.455647,200,2084.647173
-121.217137,200,2085.476204
-115.718822,200,2086.318066
-219.396026,200,2087.14859
-119.995732,200,2087.976862
-226.490353,200,2088.804678
-121.281838,200,2089.763556
-247.636662,200,2090.596944
-122.541192,200,2091.438769
-245.371085,200,2092.268496
-119.924858,200,2093.366349
-118.998943,200,2094.198459
-128.345203,200,2095.027132
-116.136997,200,2095.872305
-233.731403,200,2096.717089
-123.990019,200,2097.544561
-119.778048,200,2098.550181
-117.028875,200,2099.396498
-119.128763,200,2100.229524
-220.580104,200,2101.06158
-119.713106,200,2102.135652
-1.320352,200,2102.967577
-118.809752,200,2103.797654
-2.743199,200,2104.623428
-242.621278,200,2105.450454
-2.220908,200,2106.288277
-115.176118,200,2107.252369
-121.401823,200,2108.088112
-115.23729,200,2108.915938
-118.888991,200,2109.743384
-116.699131,200,2110.751817
-126.566618,200,2111.595799
-127.37336,200,2112.434508
-3.136553,200,2113.263101
-252.545884,200,2114.0912
-228.976559,200,2114.917676
-116.972976,200,2115.876318
-221.551206,200,2116.723646
-1.084849,200,2117.554166
-123.15202,200,2118.382055
-116.859534,200,2119.443348
-116.892495,200,2120.272586
-126.36739,200,2121.101593
-270.428358,200,2121.975318
-119.042243,200,2122.802869
-118.123841,200,2123.629852
-239.594292,200,2124.587443
-222.139971,200,2125.422558
-123.893032,200,2126.250672
-122.495936,200,2127.103665
-3.579697,200,2128.161629
-119.664154,200,2128.990911
-117.408335,200,2129.819785
-245.424976,200,2130.647624
-122.444206,200,2131.485231
-119.262461,200,2132.318544
-125.918568,200,2133.280403
-222.57295,200,2134.11341
-125.461856,200,2134.939988
-124.511105,200,2135.766103
-232.346416,200,2136.760456
-230.141087,200,2137.610358
-115.00193,200,2138.437616
-123.443585,200,2139.263665
-224.487261,200,2140.088223
-1.434073,200,2140.913309
-346.811689,200,2141.885136
-122.232518,200,2142.722285
-122.496546,200,2143.550148
-2.656127,200,2144.43873
-119.034928,200,2145.43959
-119.667817,200,2146.267847
-122.397078,200,2147.113229
-122.131091,200,2147.942575
-126.127348,200,2148.769668
-233.022672,200,2149.594645
-119.2045,200,2150.552816
-1.534268,200,2151.387915
-121.710947,200,2152.230648
-128.984707,200,2153.058798
-1.489572,200,2154.115631
-120.388098,200,2154.94858
-229.194679,200,2155.777136
-221.51947,200,2156.612935
-117.328007,200,2157.447838
-119.60267,200,2158.274261
-122.343905,200,2159.233397
-118.725546,200,2160.066603
-3.156355,200,2160.892538
-119.646452,200,2161.726969
-2.273939,200,2162.760926
-232.44215,200,2163.627743
-119.396354,200,2164.457578
-117.47323,200,2165.286603
-126.326022,200,2166.11322
-115.84502,200,2166.953477
-1.006788,200,2167.916164
-1.844194,200,2168.752413
-121.346528,200,2169.580397
-1.190531,200,2170.407767
-122.281972,200,2171.467361
-2.850891,200,2172.320569
-115.906719,200,2173.150675
-122.233743,200,2173.980592
-226.424381,200,2174.808416
-121.691762,200,2175.637919
-244.136549,200,2176.604926
-1.545046,200,2177.486554
-124.125391,200,2178.321421
-117.438623,200,2179.196409
-223.376522,200,2180.224992
-325.711354,200,2181.059024
-118.316399,200,2181.914601
-237.266271,200,2182.785395
-5.75359,200,2183.627687
-129.236681,200,2184.482132
-120.121328,200,2185.46828
-302.965278,200,2186.324085
-125.614438,200,2187.192824
-120.450822,200,2188.131365
-118.104026,200,2189.153642
-122.074472,200,2190.01701
-125.201124,200,2190.87904
-127.059902,200,2191.739918
-226.159119,200,2192.569642
-114.75374,200,2193.387946
-0.823972,200,2194.337276
-331.772003,200,2195.15821
-117.435703,200,2195.996796
-119.518033,200,2196.940799
-125.895229,200,2198.004465
-114.595038,200,2198.866314
-121.768821,200,2199.721174
-124.482478,200,2200.565666
-115.957946,200,2201.421056
-121.028717,200,2202.29141
-120.173722,200,2203.26137
-122.694312,200,2204.094116
-117.728223,200,2204.921017
-228.993078,200,2205.777105
-243.018835,200,2206.757662
-0.981649,200,2207.600157
-123.380417,200,2208.431968
-129.525425,200,2209.260507
-120.12392,200,2210.089497
-221.855154,200,2210.924625
-3.485011,200,2211.886866
-230.290425,200,2212.736644
-116.094478,200,2213.56636
-221.438078,200,2214.395249
-121.500936,200,2215.43894
-223.751651,200,2216.26734
-241.275318,200,2217.093525
-244.490549,200,2217.97222
-120.620943,200,2218.818169
-130.478705,200,2219.658658
-1.179567,200,2220.621113
-115.314869,200,2221.455553
-222.541002,200,2222.276891
-117.277965,200,2223.21611
-122.32251,200,2224.194355
-124.522825,200,2225.015386
-117.704958,200,2225.833528
-117.355267,200,2226.661813
-127.547677,200,2227.499029
-115.644337,200,2228.333623
-0.88158,200,2229.291571
-125.144532,200,2230.115839
-123.604202,200,2230.932515
-118.404607,200,2231.758314
-128.59892,200,2232.827557
-117.758044,200,2233.653128
-116.907236,200,2234.480139
-128.345439,200,2235.31216
-226.141329,200,2236.137458
-233.764294,200,2236.962365
-1.231316,200,2237.919998
-121.688332,200,2238.769617
-117.764988,200,2239.599239
-1.123781,200,2240.427208
-244.679257,200,2241.486456
-2.19779,200,2242.315712
-121.587707,200,2243.144418
-245.141762,200,2243.989081
-383.642005,200,2244.817206
-238.111821,200,2245.679344
-241.859317,200,2246.645047
-121.027173,200,2247.479493
-115.705329,200,2248.3336
-119.175174,200,2249.210116
-227.529747,200,2250.231738
-117.07219,200,2251.079842
-228.177577,200,2251.909491
-117.79948,200,2252.741521
-226.605216,200,2253.576993
-119.295175,200,2254.403825
-2.291503,200,2255.355569
-227.700011,200,2256.183559
-129.59309,200,2257.006024
-1.503223,200,2257.908422
-116.776701,200,2258.906315
-227.944834,200,2259.737538
-126.878949,200,2260.572084
-120.919041,200,2261.39475
-117.130187,200,2262.235265
-237.384681,200,2263.053042
-123.522788,200,2264.007575
-302.766838,200,2264.843726
-228.969819,200,2265.665313
-121.33394,200,2266.500253
-1.977084,200,2267.506544
-218.956914,200,2268.326252
-224.101662,200,2269.145559
-126.705378,200,2269.976812
-115.944061,200,2270.795924
-117.839356,200,2271.61399
-252.870105,200,2272.574024
-121.435708,200,2273.416337
-125.304782,200,2274.252553
-221.567598,200,2275.417369
-125.959882,200,2276.604344
-228.072392,200,2277.526092
-118.569018,200,2278.51165
-1.130166,200,2279.520851
-127.172095,200,2280.490243
-1.179567,200,2281.451018
-248.771643,200,2282.609083
-219.81551,200,2283.563303
-123.846658,200,2284.469557
-118.68205,200,2285.500422
-118.931929,200,2286.772607
-128.07484,200,2287.825778
-116.662034,200,2288.965691
-232.989646,200,2289.934476
-115.555672,200,2290.84252
-118.518894,200,2291.841894
-122.792282,200,2292.982338
-279.596392,200,2293.967722
-123.697004,200,2294.948294
-235.293527,200,2296.197875
-220.780932,200,2297.096193
-123.47339,200,2298.098949
-1.60086,200,2299.09775
-239.560284,200,2300.02199
-118.997783,200,2301.027043
-117.015559,200,2302.024284
-121.343372,200,2303.095574
-126.772344,200,2304.099749
-126.426181,200,2305.115549
-128.014393,200,2306.216053
-239.92317,200,2307.038994
-119.858959,200,2307.860051
-220.704926,200,2308.679858
-122.739078,200,2309.498385
-118.721947,200,2310.379704
-116.914077,200,2311.389484
-125.308416,200,2312.531788
-119.408463,200,2313.391014
-118.093612,200,2314.211398
-240.566766,200,2315.134992
-116.458176,200,2316.096252
-220.399913,200,2316.918151
-117.142291,200,2317.740422
-228.829481,200,2318.561984
-120.985247,200,2319.381245
-231.520367,200,2320.210338
-228.501717,200,2321.166617
-119.859828,200,2321.992916
-121.911109,200,2322.812628
-125.126457,200,2323.637416
-1.498573,200,2324.823688
-117.68462,200,2325.845182
-127.703668,200,2326.842691
-122.70074,200,2327.703174
-120.079845,200,2328.522559
-237.319662,200,2329.344082
-119.358173,200,2330.297698
-364.917125,200,2331.135691
-2.381529,200,2331.958093
-229.776221,200,2332.797598
-234.299627,200,2333.820462
-235.339365,200,2334.641519
-227.962281,200,2335.461613
-122.034866,200,2336.293689
-119.917476,200,2337.114002
-115.005302,200,2337.961425
-119.764722,200,2338.91419
-125.32723,200,2339.739603
-244.563801,200,2340.5576
-223.412071,200,2341.413061
-228.944617,200,2342.41629
-119.293457,200,2343.236368
-3.47975,200,2344.058259
-119.509793,200,2344.878194
-117.761851,200,2345.699996
-1.218034,200,2346.620659
-232.277591,200,2347.761908
-129.721006,200,2348.765129
-127.97183,200,2349.692365
-117.067361,200,2350.985332
-3.224441,200,2351.987253
-126.666301,200,2352.977343
-321.509477,200,2353.925681
-228.498871,200,2354.89413
-119.950393,200,2355.892285
-119.905539,200,2356.83927
-1.732824,200,2357.907858
-242.110656,200,2358.936235
-236.465405,200,2359.918388
-218.30258,200,2360.916039
-125.623893,200,2361.785173
-2.25284,200,2362.606136
-243.37657,200,2363.436985
-1.033343,200,2364.26112
-121.037275,200,2365.080362
-120.153059,200,2365.90311
-127.647945,200,2366.853776
-127.702419,200,2367.677804
-120.517085,200,2368.509894
-121.632803,200,2369.332531
-124.975326,200,2370.159086
-246.508964,200,2371.313571
-120.654992,200,2372.315234
-230.174664,200,2373.32399
-115.141815,200,2374.250612
-2.253152,200,2375.248592
-126.859876,200,2376.389202
-232.29798,200,2377.326817
-2.574045,200,2378.329846
-127.279607,200,2379.496831
-363.571332,200,2380.432757
-122.552499,200,2381.253775
-229.416778,200,2382.074341
-117.198871,200,2382.895353
-2.545765,200,2383.87501
-3.001771,200,2384.87484
-121.17921,200,2385.977584
-226.557129,200,2386.801305
-115.998786,200,2387.620994
-1.163159,200,2388.522293
-119.154221,200,2389.500738
-228.187561,200,2390.320865
-117.49346,200,2391.141908
-123.965647,200,2391.963785
-119.884751,200,2392.783953
-122.977095,200,2393.611678
-116.016168,200,2394.570495
-1.074245,200,2395.396543
-120.687095,200,2396.217078
-291.883051,200,2397.057519
-240.156036,200,2398.026787
-118.28213,200,2398.860982
-224.048219,200,2399.684215
-231.01515,200,2400.504324
-269.667998,200,2401.323614
-219.538711,200,2402.14167
-1.141281,200,2403.097352
-0.989386,200,2404.025048
-120.729816,200,2405.030739
-128.705315,200,2406.289441
-126.428375,200,2407.148894
-122.819998,200,2407.971672
-119.681218,200,2408.801705
-223.633314,200,2409.626443
-1.484187,200,2410.446842
-0.898858,200,2411.266368
-119.891778,200,2412.224845
-124.702824,200,2413.051381
-117.439098,200,2413.879959
-223.851416,200,2414.707305
-127.361951,200,2415.746042
-1.000735,200,2416.569472
-240.380901,200,2417.391281
-229.481474,200,2418.209936
-246.179322,200,2419.039593
-1.71457,200,2419.862269
-127.052393,200,2420.815702
-122.445692,200,2421.640207
-121.316451,200,2422.45955
-0.915134,200,2423.312979
-3.539334,200,2424.333355
-0.949761,200,2425.156476
-119.444573,200,2425.976893
-120.418283,200,2426.794945
-231.15397,200,2427.61321
-121.905687,200,2428.430128
-117.15783,200,2429.39651
-117.152809,200,2430.222959
-121.620432,200,2431.041327
-125.750705,200,2431.864097
-118.761422,200,2432.903786
-253.314226,200,2433.726068
-320.291449,200,2434.611404
-123.469027,200,2435.612884
-114.69829,200,2436.613441
-121.694291,200,2437.538767
-218.450591,200,2438.490887
-116.920501,200,2439.327615
-118.939656,200,2440.148817
-0.904325,200,2441.038071
-258.543995,200,2442.011485
-4.371155,200,2442.833339
-127.732104,200,2443.653748
-122.24511,200,2444.484681
-120.715072,200,2445.304931
-226.847732,200,2446.123272
-230.617449,200,2447.076071
-0.949274,200,2447.901991
-126.460761,200,2448.720313
-119.228033,200,2449.631553
-124.197609,200,2450.596028
-124.560164,200,2451.487378
-119.145838,200,2452.489546
-124.636157,200,2453.48773
-223.481525,200,2454.464401
-281.13639,200,2455.434724
-1.330475,200,2456.559424
-119.404548,200,2457.480502
-235.781131,200,2458.405484
-113.920341,200,2459.625175
-1.835831,200,2460.713882
-125.23403,200,2461.534337
-129.686249,200,2462.366964
-227.578453,200,2463.187402
-119.913474,200,2464.006975
-122.114679,200,2464.825677
-120.663312,200,2465.77727
-237.126237,200,2466.605784
-121.235685,200,2467.438255
-2.762071,200,2468.268247
-119.38134,200,2469.288849
-226.948082,200,2470.109396
-124.253082,200,2470.929149
-122.695908,200,2471.747984
-117.676492,200,2472.583321
-331.685029,200,2473.402705
-129.158683,200,2474.354803
-119.425183,200,2475.180492
-117.525812,200,2476.002117
-116.067799,200,2476.908274
-127.780457,200,2477.874156
-115.656213,200,2478.695138
-128.650669,200,2479.515548
-2.028794,200,2480.334174
-222.751109,200,2481.152563
-230.249463,200,2481.9773
-120.83346,200,2482.935846
-125.990221,200,2483.76121
-224.858984,200,2484.579526
-123.316209,200,2485.581558
-235.463409,200,2486.631509
-128.232141,200,2487.452176
-1.504417,200,2488.287758
-122.430123,200,2489.100248
-119.252169,200,2489.909293
-123.38732,200,2490.719359
-127.421276,200,2491.668308
-116.357011,200,2492.493206
-0.972167,200,2493.308127
-226.855648,200,2494.228746
-115.117694,200,2495.385101
-317.081314,200,2496.473758
-221.161285,200,2497.713036
-120.981965,200,2498.885146
-1.32758,200,2499.986247
-118.172144,200,2501.070986
-222.764452,200,2502.221248
-114.255052,200,2503.082413
-116.425884,200,2503.915566
-221.424957,200,2504.729363
-118.878473,200,2505.547205
-0.87035,200,2506.512625
-240.515944,200,2507.484152
-116.076011,200,2508.302833
-238.718979,200,2509.133088
-249.511169,200,2509.961805
-233.402892,200,2510.92628
-114.417749,200,2511.766855
-118.866969,200,2512.604002
-229.226534,200,2513.45255
-124.80489,200,2514.432248
-223.821871,200,2515.258305
-115.279029,200,2516.308879
-120.548296,200,2517.146518
-234.35047,200,2517.973218
-117.521697,200,2518.799249
-255.607282,200,2519.756123
-121.543259,200,2520.5908
-231.827113,200,2521.417178
-1.119048,200,2522.247666
-229.409332,200,2523.225819
-121.894568,200,2524.057362
-130.332702,200,2524.88983
-239.408742,200,2525.718168
-0.895495,200,2526.54602
-121.183593,200,2527.37199
-124.776406,200,2528.329118
-126.773585,200,2529.163636
-119.883364,200,2529.990004
-124.629029,200,2530.815061
-123.316255,200,2531.756102
-0.817133,200,2532.695376
-125.56836,200,2533.522983
-1.458509,200,2534.352884
-122.445515,200,2535.181886
-115.24688,200,2536.011087
-228.843144,200,2536.969014
-229.077772,200,2537.804895
-120.17199,200,2538.631385
-129.179645,200,2539.485237
-241.487338,200,2540.444833
-224.461342,200,2541.27366
-218.889912,200,2542.100525
-228.36372,200,2542.927205
-1.107314,200,2543.752735
-1.116695,200,2544.578745
-129.620442,200,2545.535132
-1.130517,200,2546.369449
-227.695859,200,2547.195847
-248.360348,200,2548.039436
-124.764616,200,2549.066706
-127.733719,200,2549.895344
-225.338201,200,2550.732555
-241.384842,200,2551.560307
-1.745958,200,2552.398133
-2.151903,200,2553.225602
-228.013776,200,2554.181343
-222.185721,200,2555.016468
-117.369975,200,2555.844636
-231.234585,200,2556.673471
-118.396384,200,2557.743557
-123.167045,200,2558.573549
-1.272672,200,2559.404629
-125.248442,200,2560.23371
-120.98527,200,2561.059518
-0.833236,200,2561.887027
-221.974953,200,2562.844073
-121.272057,200,2563.679929
-127.999442,200,2564.508235
-117.228395,200,2565.35583
-116.784538,200,2566.32791
-119.359494,200,2567.156363
-0.757613,200,2567.985747
-122.979954,200,2568.814029
-314.353122,200,2569.641472
-239.885368,200,2570.46995
-121.063643,200,2571.43148
-1.047796,200,2572.272773
-3.735663,200,2573.10204
-2.058061,200,2573.93071
-221.756023,200,2574.822675
-0.990096,200,2575.804794
-121.802101,200,2576.632535
-1.403656,200,2577.459575
-237.103398,200,2578.28731
-230.306003,200,2579.1119
-126.278895,200,2580.069776
-118.708136,200,2580.902792
-124.36972,200,2581.73018
-237.381328,200,2582.588568
-1.71871,200,2583.544938
-222.266223,200,2584.373924
-117.134177,200,2585.2022
-114.210622,200,2586.029402
-124.323771,200,2586.855983
-302.824453,200,2587.682994
-230.096839,200,2588.638816
-120.14382,200,2589.472783
-116.968527,200,2590.298705
-122.506998,200,2591.136991
-119.517201,200,2592.172832
-218.843164,200,2593.001755
-119.64995,200,2593.8288
-234.550091,200,2594.657493
-118.33062,200,2595.489324
-236.301993,200,2596.31773
-123.898325,200,3219.454456
-120.960585,200,3220.598623
-4.329824,200,3221.585482
-3.003612,200,3222.525287
-120.030065,200,3223.488953
-120.875976,200,3224.546785
-123.140884,200,3225.393311
-231.427685,200,3226.423927
-123.798876,200,3227.236825
-128.930937,200,3228.047403
-222.273743,200,3228.993063
-0.751007,200,3229.815037
-229.439618,200,3230.674955
-124.199965,200,3231.49309
-128.27634,200,3232.553662
-115.060764,200,3233.384205
-126.611556,200,3234.215355
-0.998111,200,3235.059254
-117.254021,200,3235.961902
-243.882736,200,3236.852463
-228.657934,200,3237.817143
-234.32762,200,3238.652032
-0.988663,200,3239.513283
-125.766998,200,3240.354696
-278.844464,200,3241.340288
-4.264538,200,3242.185089
-0.801277,200,3243.045698
-119.639173,200,3243.940678
-1.895965,200,3244.786884
-121.626297,200,3245.622354
-121.323584,200,3246.599276
-127.525208,200,3247.491902
-234.320209,200,3248.609469
-128.114268,200,3249.532631
-119.518128,200,3250.599229
-2.21394,200,3251.689246
-1.545677,200,3252.686531
-291.743469,200,3253.652132
-125.815163,200,3254.618912
-121.156662,200,3255.678218
-0.871518,200,3256.713693
-229.550063,200,3257.638592
-218.758489,200,3258.589641
-121.51569,200,3259.560901
-119.290146,200,3260.537317
-123.158823,200,3261.545918
-122.455173,200,3262.39523
-1.135057,200,3263.232381
-2.166422,200,3264.099335
-224.787527,200,3264.999276
-127.470468,200,3266.018194
-114.99652,200,3266.856842
-123.276995,200,3267.740553
-302.091202,200,3268.679972
-118.135708,200,3269.650335
-121.983986,200,3270.514389
-222.872473,200,3271.379484
-122.336519,200,3272.218804
-120.670621,200,3273.091649
-241.653199,200,3273.964696
-127.19473,200,3275.014394
-126.633054,200,3275.853186
-122.496066,200,3276.687414
-218.423992,200,3277.533256
-120.128712,200,3278.547006
-232.561268,200,3279.380452
-126.643491,200,3280.242693
-122.161236,200,3281.071655
-120.497243,200,3281.960849
-120.850436,200,3282.871858
-125.410126,200,3283.928071
-1.542959,200,3284.815502
-114.060145,200,3285.647616
-124.278794,200,3286.556719
-126.469786,200,3287.553485
-118.859154,200,3288.394073
-234.893777,200,3289.262644
-254.928162,200,3290.101251
-1.983926,200,3290.940021
-233.25581,200,3291.795986
-128.757918,200,3292.774504
-121.128015,200,3293.614819
-117.090524,200,3294.450995
-116.967159,200,3295.305315
-220.783747,200,3296.325216
-124.279217,200,3297.160109
-227.109669,200,3298.001116
-113.358133,200,3298.837618
-243.381503,200,3299.669959
-231.881288,200,3300.52309
-125.112315,200,3301.485745
-223.112155,200,3302.329333
-701.651843,200,3303.17817
-264.523212,200,3304.019975
-116.990559,200,3305.019331
-118.08715,200,3305.878054
-116.955646,200,3306.733329
-4.45697,200,3307.569066
-121.676864,200,3308.409211
-129.236573,200,3309.25052
-1.649619,200,3310.22069
-115.752131,200,3311.06569
-119.487269,200,3311.910397
-227.464506,200,3312.869958
-222.926864,200,3313.987614
-137.157677,200,3314.884745
-131.124299,200,3315.718961
-132.062702,200,3316.5502
-135.267912,200,3317.384174
-320.002959,200,3318.221348
-134.533352,200,3319.188999
-131.648604,200,3320.033488
-237.41632,200,3320.873128
-135.196363,200,3321.710323
-130.710832,200,3322.706613
-128.754387,200,3323.543479
-128.210458,200,3324.378392
-132.415373,200,3325.213387
-132.568113,200,3326.041655
-133.719162,200,3326.87098
-243.484289,200,3327.827951
-120.578261,200,3328.661009
-129.76716,200,3329.487635
-5.281876,200,3330.329156
-122.354058,200,3331.354215
-233.51321,200,3332.188094
-126.823475,200,3333.019852
-125.020549,200,3333.853728
-117.05892,200,3334.693033
-4.324157,200,3335.529061
-239.980786,200,3336.49125
-234.588732,200,3337.328898
-127.977021,200,3338.16647
-117.397536,200,3339.033374
-233.459267,200,3340.085578
-226.530095,200,3340.919529
-240.736812,200,3341.754776
-124.530854,200,3342.591053
-239.158612,200,3343.42468
-131.089289,200,3344.257742
-125.945498,200,3345.219953
-120.421576,200,3346.056561
-119.63675,200,3346.888763
-224.151965,200,3347.71835
-123.552029,200,3348.758655
-236.124052,200,3349.603854
-127.553327,200,3350.451322
-118.396685,200,3351.295367
-225.079841,200,3352.172587
-124.592376,200,3353.089461
-125.793738,200,3354.129633
-121.661433,200,3354.975614
-3.796655,200,3355.81255
-122.538268,200,3356.642292
-289.179364,200,3357.471545
-129.521721,200,3358.303195
-221.412277,200,3359.138684
-223.489723,200,3360.204175
-2.068776,200,3361.04645
-126.262712,200,3362.066639
-122.435303,200,3363.028102
-125.071391,200,3363.864073
-116.604625,200,3364.694883
-116.741641,200,3365.537724
-122.312156,200,3366.528314
-118.019362,200,3367.369002
-120.066662,200,3368.209519
-127.389664,200,3369.074503
-231.848459,200,3369.908638
-121.038266,200,3370.943982
-1.969371,200,3372.029311
-126.146484,200,3372.891619
-117.115915,200,3373.764789
-127.002067,200,3374.761829
-113.760833,200,3375.881662
-226.631302,200,3376.723862
-230.476471,200,3377.576131
-121.173548,200,3378.420812
-0.866668,200,3379.263248
-1.142396,200,3380.117586
-223.001199,200,3381.094809
-126.329812,200,3381.939447
-123.925167,200,3382.769498
-222.095433,200,3383.623462
-126.610714,200,3384.592001
-114.31885,200,3385.461432
-118.517684,200,3386.308121
-119.888926,200,3387.152645
-224.692397,200,3388.004091
-123.88192,200,3388.844265
-227.301053,200,3389.812188
-228.777234,200,3390.654577
-219.993734,200,3391.49263
-125.349301,200,3392.348434
-218.366788,200,3393.392166
-122.955989,200,3394.237857
-265.914946,200,3395.084555
-227.3131,200,3395.915628
-222.393679,200,3396.760341
-226.413742,200,3397.594377
-122.217314,200,3398.558223
-0.492991,200,3399.433025
-117.361412,200,3400.317623
-223.102899,200,3401.238057
-122.069925,200,3402.248388
-114.666474,200,3403.091488
-2.518525,200,3403.920909
-127.324206,200,3404.750914
-119.156525,200,3405.57827
-117.040816,200,3406.406873
-126.796309,200,3407.405894
-234.015606,200,3408.248636
-223.446487,200,3409.081262
-0.933456,200,3409.920993
-125.379968,200,3411.029694
-126.923961,200,3411.859998
-2.117592,200,3412.695959
-119.25429,200,3413.540146
-227.939403,200,3414.376059
-123.831814,200,3415.211076
-120.336334,200,3416.171192
-227.774309,200,3417.006489
-126.340459,200,3417.852063
-124.688231,200,3418.703251
-284.679555,200,3419.735079
-235.247015,200,3420.567837
-131.800135,200,3421.397388
-118.273548,200,3422.236483
-119.280099,200,3423.070415
-123.819688,200,3423.901829
-221.827387,200,3424.867476
-241.006931,200,3425.712845
-225.306023,200,3426.543077
-124.275948,200,3427.375408
-232.501425,200,3428.334237
-0.58022,200,3429.271224
-221.223242,200,3430.102411
-127.736431,200,3430.933503
-1.79597,200,3431.763453
-222.912718,200,3432.608105
-221.567419,200,3433.588952
-125.206698,200,3434.435418
-119.773004,200,3435.266456
-116.321206,200,3436.119766
-122.923112,200,3437.11154
-232.466782,200,3437.961777
-122.77627,200,3438.807203
-120.964814,200,3439.647601
-125.761887,200,3440.497222
-118.700705,200,3441.339495
-125.322652,200,3442.314145
-119.31456,200,3443.190298
-118.785927,200,3444.058799
-116.662544,200,3444.994405
-0.680732,200,3445.952523
-1.729721,200,3446.800677
-353.268488,200,3447.640747
-221.676363,200,3448.470192
-219.998073,200,3449.311815
-117.327629,200,3450.144634
-115.487583,200,3451.1024
-1.474079,200,3451.94134
-115.550638,200,3452.777243
-238.212288,200,3453.623285
-113.736903,200,3454.653965
-120.486243,200,3455.492173
-119.510543,200,3456.322735
-227.194284,200,3457.149968
-227.248072,200,3457.993731
-228.233682,200,3458.841753
-122.05512,200,3459.818214
-236.936642,200,3460.751473
-118.483817,200,3461.600755
-1.830445,200,3462.459029
-122.221003,200,3463.497815
-0.6873,200,3464.33505
-225.689118,200,3465.165865
-123.866011,200,3466.02394
-118.455444,200,3466.855849
-119.329202,200,3467.685379
-0.724673,200,3468.646453
-117.623343,200,3469.487452
-318.355389,200,3470.320784
-217.517361,200,3471.149431
-118.632794,200,3472.142552
-121.017796,200,3472.975074
-3.083936,200,3473.806225
-119.749057,200,3474.652765
-1.551989,200,3475.50156
-121.992573,200,3476.341904
-124.282002,200,3477.303473
-1.023717,200,3478.137312
-122.226954,200,3478.965906
-118.015183,200,3479.886161
-218.527562,200,3480.879164
-123.721506,200,3481.715177
-117.273861,200,3482.562966
-235.087437,200,3483.392248
-227.222241,200,3484.220218
-0.607345,200,3485.048964
-229.328514,200,3486.009249
-114.677366,200,3486.851434
-125.633414,200,3487.68957
-117.056031,200,3488.531324
-120.57393,200,3489.619462
-229.878684,200,3490.46587
-123.462608,200,3491.305324
-229.282989,200,3492.13713
-223.512895,200,3492.967479
-122.30502,200,3493.797097
-118.538715,200,3494.755316
-242.613683,200,3495.591724
-223.372911,200,3496.426501
-227.156566,200,3497.264318
-253.557047,200,3498.333713
-125.085405,200,3499.165645
-240.8992,200,3500.007624
-116.711421,200,3500.843238
-225.295074,200,3501.67477
-120.37444,200,3502.514961
-226.182244,200,3503.483658
-120.161402,200,3504.334432
-116.781616,200,3505.183744
-122.352467,200,3506.049789
-227.021534,200,3507.012607
-125.902053,200,3507.843456
-233.601255,200,3508.676612
-120.429461,200,3509.517055
-121.068321,200,3510.347351
-115.774875,200,3511.176912
-376.504006,200,3512.133842
-122.106911,200,3512.969228
-227.934443,200,3513.797336
-232.586195,200,3514.626433
-221.586149,200,3515.669696
-119.345039,200,3516.503247
-227.189856,200,3517.332853
-123.429641,200,3518.166009
-123.112773,200,3518.998846
-232.75171,200,3519.829311
-125.222455,200,3520.791958
-124.489084,200,3521.629768
-239.070861,200,3522.459783
-1.659987,200,3523.290431
-114.83582,200,3524.328394
-119.125691,200,3525.174622
-116.226404,200,3526.013283
-121.118049,200,3526.846573
-228.567167,200,3527.677787
-124.694834,200,3528.513074
-224.538633,200,3529.474822
-123.162071,200,3530.318512
-0.592997,200,3531.155538
-124.283074,200,3531.985351
-120.996097,200,3532.974087
-222.21282,200,3533.811117
-226.091203,200,3534.656001
-116.642758,200,3535.48615
-234.180743,200,3536.325308
-230.628462,200,3537.171938
-125.805748,200,3538.132901
-130.134892,200,3538.967757
-123.732838,200,3539.797954
-120.001431,200,3540.683857
-124.359314,200,3541.71749
-221.066679,200,3542.556824
-222.844535,200,3543.392608
-127.697382,200,3544.223822
-230.980846,200,3545.057156
-230.2736,200,3545.886527
-0.650138,200,3546.843111
-1.310284,200,3547.679561
-116.929347,200,3548.508952
-120.887415,200,3549.336101
-123.761615,200,3550.368476
-234.556008,200,3551.216553
-119.032183,200,3552.056331
-230.512427,200,3552.896816
-116.120214,200,3553.748827
-123.13073,200,3554.58783
-0.825131,200,3555.552179
-1.56638,200,3556.392874
-127.06539,200,3557.229256
-126.918502,200,3558.059862
-238.234897,200,3559.045016
-115.863911,200,3559.875942
-120.303529,200,3560.708364
-124.055777,200,3561.548631
-126.602745,200,3562.382831
-124.816148,200,3563.216564
-121.412412,200,3564.183272
-126.676163,200,3565.025135
-114.047078,200,3565.860712
-124.44725,200,3566.711559
-240.431769,200,3567.728568
-274.087543,200,3568.601154
-0.516747,200,3569.444312
-114.347275,200,3570.288863
-122.582044,200,3571.12925
-122.011137,200,3571.971828
-113.870005,200,3572.946375
-122.303194,200,3573.798755
-120.181287,200,3574.64145
-114.42485,200,3575.480966
-124.571997,200,3576.376941
-124.154536,200,3577.401928
-115.685856,200,3578.266289
-222.411298,200,3579.233583
-0.940428,200,3580.076038
-120.651304,200,3580.92059
-233.411413,200,3581.881031
-228.475004,200,3582.725073
-119.335522,200,3583.572908
-224.93819,200,3584.406821
-0.6165,200,3585.475407
-128.032731,200,3586.3144
-120.636563,200,3587.173743
-129.462163,200,3588.008526
-121.048788,200,3588.867101
-121.235029,200,3589.700448
-236.800048,200,3590.678483
-1.224484,200,3591.696006
-1.937775,200,3592.810816
-0.742823,200,3593.990528
-119.586322,200,3594.918528
-121.766436,200,3595.773417
-114.708879,200,3596.629539
-117.162935,200,3597.485248
-114.694646,200,3598.333926
-120.876845,200,3599.169362
-116.347399,200,3600.14006
-122.265837,200,3601.012374
-129.646678,200,3601.849082
-125.35871,200,3602.740648
-114.668102,200,3603.77426
-225.41887,200,3604.619299
-113.620952,200,3605.531353
-116.785542,200,3606.456077
-124.847945,200,3607.336704
-113.392631,200,3608.253833
-229.135693,200,3609.271749
-0.732808,200,3610.176741
-118.916478,200,3611.02264
-119.769964,200,3611.866085
-123.10383,200,3612.90861
-116.699756,200,3613.745161
-127.698777,200,3614.579286
-258.695597,200,3615.418174
-120.474157,200,3616.264728
-0.656684,200,3617.097631
-229.616736,200,3618.059529
-119.253129,200,3618.925263
-120.679504,200,3619.762088
-228.135593,200,3620.779265
-0.850436,200,3621.851781
-121.94231,200,3622.809929
-227.19765,200,3623.699145
-120.699458,200,3624.537504
-117.957742,200,3625.374649
-3.623854,200,3626.216894
-0.899691,200,3627.18436
-118.832097,200,3628.0255
-125.525985,200,3628.857275
-126.080969,200,3629.691169
-114.582926,200,3630.736653
-123.009219,200,3631.578792
-119.905286,200,3632.411007
-286.216752,200,3633.241355
-254.301664,200,3634.073752
-123.258827,200,3634.906054
-127.704262,200,3635.867864
-127.335828,200,3636.705599
-219.617917,200,3637.536366
-123.432462,200,3638.36914
-225.493206,200,3639.355385
-126.044517,200,3640.197173
-1.300643,200,3641.027019
-0.557829,200,3641.856306
-2.335516,200,3642.695419
-119.991268,200,3643.539877
-1.521495,200,3644.502148
-229.477476,200,3645.337449
-0.809184,200,3646.170826
-117.638516,200,3647.019972
-114.747045,200,3648.038204
-0.950584,200,3648.873307
-126.765031,200,3649.707457
-119.78351,200,3650.547994
-3.103533,200,3651.378491
-243.798564,200,3652.209978
-226.197287,200,3653.171202
-242.263086,200,3654.009706
-232.795665,200,3654.845371
-123.31608,200,3655.692671
-226.71526,200,3656.593519
-222.12685,200,3657.593466
-117.520306,200,3658.426114
-4.104576,200,3659.259599
-0.919292,200,3660.089352
-1.687303,200,3660.908578
-127.800216,200,3661.866208
-117.349489,200,3662.705542
-116.49856,200,3663.535589
-3.851929,200,3664.471522
-223.848767,200,3665.445579
-124.199483,200,3666.276569
-229.213795,200,3667.107352
-120.142457,200,3667.936861
-0.666429,200,3668.765925
-120.92288,200,3669.600594
-125.471257,200,3670.575167
-225.212438,200,3671.42187
-119.847292,200,3672.258359
-252.981062,200,3673.089302
-226.742566,200,3674.128879
-119.491487,200,3674.992281
-122.333264,200,3675.825758
-126.892191,200,3676.657583
-117.555196,200,3677.502375
-121.935717,200,3678.37485
-123.541791,200,3679.339909
-114.809164,200,3680.245299
-114.182105,200,3681.157682
-122.624343,200,3682.080184
-115.649818,200,3683.10372
-114.958792,200,3683.938121
-225.210276,200,3684.798089
-229.620129,200,3685.62987
-219.93927,200,3686.472911
-125.117069,200,3687.297749
-114.949465,200,3688.254461
-0.507917,200,3689.080753
-129.090264,200,3689.900293
-119.159945,200,3690.73723
-119.297109,200,3691.798634
-244.150538,200,3692.629487
-222.566187,200,3693.459705
-122.063952,200,3694.288882
-118.991403,200,3695.116646
-2.562584,200,3695.955785
-310.532051,200,3696.921907
-118.37844,200,3697.757336
-4.498462,200,3698.588483
-120.08563,200,3699.483642
-3.460104,200,3700.481115
-119.107833,200,3701.323276
-120.681237,200,3702.155309
-118.963551,200,3702.984052
-114.186515,200,3703.809469
-116.655975,200,3704.636713
-126.254426,200,3705.597236
-234.193042,200,3706.445136
-116.924956,200,3707.274087
-118.388353,200,3708.103243
-218.816035,200,3709.172953
-121.421323,200,3710.007591
-124.547132,200,3710.838575
-1.300234,200,3711.683609
-224.424421,200,3712.51057
-227.532562,200,3713.336804
-119.396252,200,3714.29805
-123.974638,200,3715.13407
-119.16038,200,3715.962844
-224.471739,200,3716.807127
-244.195473,200,3717.841337
-239.137101,200,3718.677704
-252.562082,200,3719.508899
-231.373051,200,3720.338069
-233.230208,200,3721.176064
-116.664418,200,3722.017549
-1.335296,200,3722.983137
-121.739643,200,3723.820058
-115.309948,200,3724.648603
-0.617639,200,3725.477267
-113.298687,200,3726.556308
-125.987591,200,3727.391636
-0.70871,200,3728.221393
-120.646641,200,3729.052786
-119.409812,200,3729.882431
-125.269772,200,3730.711054
-116.179726,200,3731.687332
-119.783854,200,3732.525632
-0.749324,200,3733.353739
-122.384915,200,3734.295413
-221.786708,200,3735.272823
-118.311536,200,3736.10264
-123.521442,200,3736.946986
-226.909583,200,3737.774551
-118.982562,200,3738.602268
-0.910408,200,3739.429313
-115.543005,200,3740.390404
-0.572635,200,3741.230459
-1.084743,200,3742.07289
-230.453219,200,3742.909489
-130.140279,200,3743.970586
-117.982855,200,3744.801085
-320.816467,200,3745.630518
-118.906046,200,3746.471316
-119.587264,200,3747.304546
-238.59415,200,3748.130921
-0.64786,200,3749.091996
-118.429803,200,3749.928516
-119.138074,200,3750.757534
-117.603655,200,3751.598842
-293.69209,200,3752.666131
-245.474874,200,3753.502549
-119.093127,200,3754.432563
-1.156514,200,3755.262746
-233.649083,200,3756.091481
-229.355585,200,3756.93314
-222.821118,200,3757.897049
-0.874664,200,3758.732124
-116.770212,200,3759.561061
-1.057031,200,3760.472296
-119.684149,200,3761.494489
-121.465607,200,3762.330858
-118.793535,200,3763.160108
-119.840089,200,3763.986742
-125.704073,200,3764.815068
-228.763897,200,3765.641742
-0.661427,200,3766.600775
-222.043938,200,3767.449832
-237.239449,200,3768.280335
-127.349517,200,3769.115765
-1.460823,200,3770.178045
-128.57477,200,3771.007703
-121.349046,200,3771.838689
-0.774349,200,3772.683578
-218.650732,200,3773.511334
-0.861744,200,3774.338832
-237.094037,200,3775.300096
-0.789102,200,3776.13484
-258.658596,200,3776.963637
-218.052347,200,3777.816888
-123.248595,200,3778.839823
-127.730752,200,3779.669377
-119.125267,200,3780.49932
-118.182801,200,3781.327291
-231.526737,200,3782.165083
-123.941666,200,3782.998376
-119.148429,200,3783.962151
-128.352193,200,3784.796644
-127.084649,200,3785.622774
-0.630989,200,3786.463418
-122.359826,200,3787.522717
-118.334009,200,3788.353768
-225.151008,200,3789.181984
-0.96763,200,3790.010191
-115.525216,200,3790.838499
-120.612296,200,3791.665888
-125.23775,200,3792.65259
-114.713923,200,3793.506257
-114.873997,200,3794.340839
-124.503865,200,3795.169763
-0.829076,200,3795.99807
-221.883575,200,3796.964798
-117.527153,200,3797.910746
-1.238377,200,3798.91237
-126.195308,200,3799.744991
-243.786922,200,3800.573281
-128.08374,200,3801.535359
-118.567872,200,3802.381587
-242.555025,200,3803.214989
-222.40686,200,3804.107252
-120.804489,200,3805.131941
-115.410257,200,3805.961529
-125.321666,200,3806.790486
-236.948583,200,3807.631653
-245.721904,200,3808.46152
-116.314909,200,3809.288814
-222.045635,200,3810.250548
-118.628087,200,3811.085099
-123.007228,200,3811.912126
-118.601844,200,3812.759693
-121.538711,200,3813.816308
-256.707148,200,3814.647594
-121.594003,200,3815.478541
-114.586709,200,3816.308201
-127.560915,200,3817.135323
-1.426749,200,3817.978705
-236.878623,200,3818.939867
-1.643033,200,3819.777531
-119.067392,200,3820.605584
-239.402062,200,3821.433659
-230.499676,200,3822.453521
-3.337103,200,3823.323946
-299.015323,200,3824.19751
-228.490891,200,3825.035711
-124.512716,200,3825.882347
-219.775163,200,3826.734122
-114.727971,200,3827.723991
-125.124359,200,3828.651239
-120.663742,200,3829.63101
-118.75879,200,3830.542159
-116.134707,200,3831.59096
-223.228988,200,3832.485753
-222.28845,200,3833.373889
-229.561987,200,3834.264548
-227.224523,200,3835.127299
-230.356722,200,3836.059502
-117.393901,200,3837.087275
-118.219094,200,3837.935475
-0.699501,200,3838.777009
-242.638102,200,3839.67098
-119.949783,200,3840.637977
-243.535867,200,3841.488152
-124.581543,200,3842.340053
-115.650544,200,3843.187804
-232.645846,200,3844.060282
-117.610661,200,3844.911635
-240.915429,200,3845.884722
-226.866924,200,3846.742038
-221.57824,200,3847.577641
-0.551665,200,3848.41714
-119.251653,200,3849.476001
-1.283765,200,3850.341045
-119.7995,200,3851.189947
-3.589295,200,3852.043978
-120.978343,200,3852.903541
-118.651194,200,3853.754661
-119.286008,200,3854.736315
-116.761794,200,3855.598221
-116.941995,200,3856.443556
-122.087161,200,3857.275611
-0.76502,200,3858.350613
-227.322352,200,3859.184042
-123.412917,200,3860.041471
-123.785832,200,3860.932854
-1.818871,200,3861.784458
-119.71884,200,3862.661535
-126.976683,200,3863.656094
-232.542841,200,3864.505323
-0.850404,200,3865.352445
-119.431149,200,3866.246179
-226.378951,200,3867.243603
-117.335967,200,3868.088362
-0.836958,200,3868.935938
-118.817708,200,3869.773058
-114.452942,200,3870.602707
-246.245679,200,3871.443473
-114.080965,200,3872.415281
-123.314345,200,3873.251884
-119.510532,200,3874.091309
-125.997199,200,3874.930026
-233.281603,200,3875.849355
-224.166609,200,3876.843555
-227.343523,200,3877.684538
-220.482766,200,3878.527819
-223.77522,200,3879.386892
-313.177352,200,3880.222553
-126.24913,200,3881.195258
-1.63364,200,3882.038102
-125.987161,200,3882.888363
-118.902316,200,3883.758289
-121.012873,200,3884.854755
-224.796997,200,3885.700067
-119.976293,200,3886.540591
-126.238511,200,3887.426275
-245.800152,200,3888.278097
-127.18144,200,3889.122322
-3.612265,200,3890.094411
-121.079139,200,3890.93717
-0.811879,200,3891.803343
-119.16945,200,3892.690694
-116.816188,200,3893.816648
-2.844949,200,3894.666128
-121.536653,200,3895.533567
-125.659151,200,3896.394905
-120.614775,200,3897.259091
-120.165608,200,3898.157212
-120.03739,200,3899.120669
-124.091052,200,3899.958046
-310.322795,200,3900.789221
-125.980649,200,3901.620903
-121.830205,200,3902.719984
-221.633806,200,3903.555883
-224.553463,200,3904.386167
-127.088429,200,3905.218335
-129.066035,200,3906.048634
-272.891269,200,3906.880079
-121.866555,200,3907.84138
-118.949399,200,3908.681496
-124.954281,200,3909.512924
-221.293061,200,3910.342869
-114.351207,200,3911.391646
-118.679389,200,3912.225882
-122.303284,200,3913.059283
-120.152872,200,3913.888087
-232.596528,200,3914.719076
-4.649298,200,3915.549222
-220.963507,200,3916.509918
-228.590173,200,3917.34661
-0.954899,200,3918.17713
-115.52822,200,3919.009061
-0.641336,200,3920.026785
-115.075912,200,3920.858588
-121.054719,200,3921.689206
-0.677161,200,3922.522572
-124.532903,200,3923.353236
-114.526755,200,3924.183358
-233.089152,200,3925.141907
-229.673642,200,3925.980373
-224.419742,200,3926.809371
-0.840549,200,3927.638908
-121.042397,200,3928.685085
-248.817444,200,3929.517039
-119.622514,200,3930.348738
-124.659897,200,3931.178885
-119.574632,200,3932.007316
-127.328901,200,3932.835439
-286.252564,200,3933.794593
-368.807098,200,3934.631579
-128.203376,200,3935.462398
-125.88954,200,3936.294289
-123.738274,200,3937.338194
-122.68598,200,3938.16941
-1.301683,200,3939.000423
-117.327325,200,3939.828997
-1.086326,200,3940.658043
-116.750242,200,3941.486909
-1.058986,200,3942.444254
-353.548674,200,3943.281452
-114.578069,200,3944.109416
-231.531347,200,3944.940673
-219.904438,200,3945.923608
-223.804453,200,3946.757359
-125.995498,200,3947.587668
-233.105527,200,3948.419072
-117.377056,200,3949.257805
-123.923468,200,3950.089804
-115.345534,200,3951.051607
-248.863255,200,3951.888866
-233.147869,200,3952.721982
-117.411334,200,3953.555672
-118.390628,200,3954.60018
-245.043441,200,3955.43701
-242.953128,200,3956.267904
-0.763725,200,3957.103837
-116.819507,200,3957.935154
-123.926018,200,3958.766813
-118.88076,200,3959.727407
-115.886345,200,3960.567335
-121.614644,200,3961.40354
-348.721077,200,3962.262568
-311.90194,200,3963.292225
-115.973017,200,3964.142746
-125.828154,200,3964.983886
-240.341119,200,3965.830797
-118.790297,200,3966.696448
-113.784076,200,3967.546988
-125.924504,200,3968.519462
-118.258049,200,3969.363168
-116.70729,200,3970.208601
-231.713903,200,3971.078229
-224.493843,200,3972.12755
-114.156469,200,3972.991931
-248.717153,200,3973.836895
-0.806106,200,3974.686984
-1.399711,200,3975.554156
-226.300946,200,3976.403124
-127.300817,200,3977.381987
-244.330528,200,3978.294966
-116.546631,200,3979.145563
-0.92287,200,3980.017732
-116.408809,200,3981.088421
-127.025912,200,3982.033803
-235.506482,200,3982.936751
-226.219691,200,3983.782463
-125.533305,200,3984.63297
-0.963251,200,3985.469153
-0.637186,200,3986.453391
-134.924808,200,3987.296196
-122.036769,200,3988.170317
-129.391654,200,3989.008408
-118.958044,200,3990.063965
-127.759899,200,3990.915952
-230.780301,200,3991.755803
-254.584301,200,3992.61832
-121.797246,200,3993.494099
-119.287587,200,3994.347632
-224.648629,200,3995.351072
-121.315278,200,3996.242448
-123.294353,200,3997.156741
-118.879787,200,3997.999451
-233.673337,200,3999.06767
-118.962548,200,3999.899722
-0.702382,200,4000.729952
-119.821259,200,4001.566267
-307.095202,200,4002.413532
-124.206909,200,4003.245448
-125.225805,200,4004.207792
-1.473948,200,4005.056485
-240.770883,200,4005.886794
-302.001878,200,4006.71791
-120.794116,200,4007.745217
-253.807123,200,4008.579856
-126.429045,200,4009.418268
-117.043738,200,4010.251426
-229.501529,200,4011.082683
-114.575672,200,4011.912534
-219.535863,200,4012.876119
-1.455642,200,4013.717015
-116.400933,200,4014.554921
-220.681877,200,4015.384726
-119.728062,200,4016.213244
-125.826764,200,4017.042556
-3.17456,200,4017.945653
-252.965809,200,4018.927532
-222.930311,200,4019.882948
-126.699864,200,4020.750134
-233.766362,200,4021.709441
-120.336793,200,4022.546154
-120.383275,200,4023.382109
-0.461624,200,4024.214415
-123.637083,200,4025.249356
-116.932492,200,4026.082865
-252.828426,200,4026.917092
-118.680748,200,4027.75401
-123.906411,200,4028.582086
-241.35126,200,4029.408859
-1.313253,200,4030.36798
-299.708793,200,4031.203449
-231.211908,200,4032.030032
-118.905253,200,4032.873214
-125.759328,200,4033.848172
-116.81118,200,4034.678442
-231.684825,200,4035.507371
-0.862412,200,4036.332407
-120.926231,200,4037.161632
-121.323462,200,4037.982863
-130.05567,200,4038.938492
-125.03213,200,4039.776678
-114.187328,200,4040.607818
-127.699855,200,4041.437917
-118.892248,200,4042.481599
-0.62842,200,4043.340843
-232.905083,200,4044.168449
-233.869285,200,4044.997039
-119.518171,200,4045.824788
-299.894742,200,4046.654437
-120.716231,200,4047.61504
-226.538144,200,4048.45234
-119.57793,200,4049.282531
-117.327957,200,4050.117776
-3.349795,200,4051.153796
-125.18933,200,4051.983681
-230.378122,200,4052.81283
-130.14578,200,4053.64228
-125.445088,200,4054.47036
-294.491669,200,4055.297678
-262.002334,200,4056.25475
-218.445194,200,4057.088888
-120.918354,200,4057.916119
-119.314721,200,4058.744815
-118.746301,200,4059.813992
-121.305388,200,4060.645197
-119.414622,200,4061.471313
-251.360134,200,4062.344811
-119.84591,200,4063.204385
-1.774833,200,4064.036825
-118.8674,200,4064.997965
-121.903105,200,4065.838306
-115.465978,200,4066.670582
-117.467096,200,4067.498919
-118.88906,200,4068.436153
-239.511044,200,4069.32719
-115.463656,200,4070.248312
-123.892692,200,4071.167571
-250.32784,200,4072.024563
-125.797504,200,4072.90631
-242.953188,200,4074.009782
-220.072498,200,4074.905946
-222.799932,200,4075.742353
-235.725954,200,4076.645983
-118.893098,200,4077.626634
-370.367874,200,4078.456696
-120.922455,200,4079.285219
-119.333602,200,4080.114488
-124.902914,200,4080.942982
-0.649046,200,4081.769781
-118.978719,200,4082.792131
-116.977542,200,4083.628962
-126.284316,200,4084.45966
-121.151669,200,4085.300689
-121.964973,200,4086.335018
-126.223873,200,4087.166806
-119.261588,200,4087.998203
-115.828549,200,4088.827155
-234.221643,200,4089.655307
-115.447845,200,4090.484342
-249.277619,200,4091.442002
-231.493752,200,4092.281141
-287.037984,200,4093.110211
-124.880579,200,4093.93729
-126.950432,200,4094.981669
-118.80108,200,4095.815313
-121.236581,200,4096.645379
-128.875478,200,4097.476106
-119.995778,200,4098.305486
-126.321286,200,4099.133652
-117.365751,200,4100.092639
-118.063069,200,4100.924201
-2.136793,200,4101.750474
-120.859191,200,4102.591278
-127.121843,200,4103.567456
-124.194177,200,4104.396681
-119.164951,200,4105.224737
-122.23252,200,4106.053305
-113.99254,200,4106.882444
-240.771304,200,4107.711194
-117.288175,200,4108.670104
-119.447013,200,4109.503842
-221.99678,200,4110.333694
-116.07044,200,4111.246234
-244.133898,200,4112.204486
-125.495128,200,4113.033154
-120.653679,200,4113.861717
-1.136635,200,4114.689468
-126.807055,200,4115.517607
-241.059762,200,4116.344277
-125.809214,200,4117.301346
-119.625949,200,4118.136112
-114.238899,200,4118.969274
-2.40874,200,4119.846995
-114.424126,200,4120.860899
-116.966111,200,4121.782486
-1.408843,200,4122.635818
-118.720088,200,4123.469933
-299.852947,200,4124.29816
-114.452448,200,4125.126605
-236.088415,200,4126.086794
-118.33366,200,4126.921668
-125.764199,200,4127.748681
-121.952867,200,4128.577312
-118.72943,200,4129.623675
-117.666437,200,4130.45491
-227.718714,200,4131.283324
-119.363493,200,4132.111478
-118.524841,200,4132.937365
-122.381709,200,4133.762806
-119.886779,200,4134.730087
-1.684165,200,4135.566684
-230.595585,200,4136.394322
-114.418274,200,4137.228475
-119.649775,200,4138.210103
-221.906943,200,4139.040083
-0.928613,200,4139.870867
-119.922773,200,4140.700718
-3.848783,200,4141.529193
-0.88475,200,4142.357382
-126.952492,200,4143.31468
-219.958908,200,4144.149723
-125.444446,200,4144.97803
-116.659191,200,4145.808382
-127.648133,200,4146.848446
-121.803798,200,4147.678881
-119.550339,200,4148.507904
-127.317171,200,4149.337446
-127.306459,200,4150.167318
-121.764786,200,4150.994908
-123.913701,200,4151.952627
-226.898954,200,4152.787352
-229.615499,200,4153.614788
-126.071293,200,4154.448882
-126.811388,200,4155.493297
-116.974905,200,4156.324076
-285.517612,200,4157.151324
-227.256452,200,4157.977874
-121.409738,200,4158.804031
-123.725487,200,4159.631234
-238.25424,200,4160.586309
-122.321052,200,4161.420306
-124.801645,200,4162.247575
-117.141146,200,4163.073478
-127.837994,200,4164.114393
-119.242927,200,4164.944536
-122.321417,200,4165.773271
-226.098791,200,4166.601519
-117.054595,200,4167.428159
-125.443081,200,4168.290335
-233.344691,200,4169.246748
-2.157743,200,4170.080079
-2.781829,200,4170.908038
-124.595022,200,4171.740106
-124.875147,200,4172.798716
-115.256998,200,4173.628636
-120.894804,200,4174.468477
-128.664293,200,4175.323388
-120.658435,200,4176.180492
-121.38005,200,4177.058874
-117.031069,200,4178.126759
-123.778864,200,4178.972586
-119.159568,200,4179.803826
-222.980683,200,4180.671175
-121.100144,200,4181.77762
-124.512042,200,4182.635743
-223.002601,200,4183.486986
-120.90511,200,4184.335215
-125.818823,200,4185.170532
-1.31219,200,4186.011057
-231.659561,200,4187.020845
-360.829407,200,4187.86823
-123.584716,200,4188.713591
-227.493989,200,4189.553358
-221.623756,200,4190.700821
-114.720659,200,4191.568974
-119.631621,200,4192.434439
-119.275109,200,4193.282509
-222.937593,200,4194.16334
-3.515949,200,4195.036878
-2.384093,200,4196.046765
-243.96522,200,4196.913772
-225.006298,200,4197.744872
-118.114111,200,4198.577361
-222.616816,200,4199.567344
-0.806805,200,4200.415082
-233.727613,200,4201.245149
-121.96342,200,4202.074254
-126.852477,200,4202.907147
-118.782652,200,4203.73667
-117.049703,200,4204.695776
-224.710811,200,4205.530519
-121.479459,200,4206.359259
-114.548098,200,4207.189258
-121.172486,200,4208.251148
-219.871696,200,4209.102711
-245.647355,200,4209.946124
-0.942732,200,4210.868786
-118.983654,200,4211.706606
-114.513885,200,4212.539192
-126.392364,200,4213.500701
-121.092755,200,4214.33655
-122.305222,200,4215.168357
-116.093444,200,4216.154822
-120.804756,200,4217.130641
-1.170964,200,4217.964146
-117.165776,200,4218.800873
-0.812635,200,4219.632918
-241.366487,200,4220.467653
-115.338509,200,4221.30521
-115.096158,200,4222.265582
-116.89262,200,4223.103751
-119.080219,200,4223.935448
-118.129917,200,4224.78553
-123.837795,200,4225.828842
-120.877814,200,4226.663396
-122.304625,200,4227.495408
-0.858326,200,4228.326535
-122.960807,200,4229.15642
-247.544173,200,4229.986453
-122.410997,200,4230.953032
-225.673802,200,4231.793708
-2.682974,200,4232.630503
-122.023116,200,4233.486316
-1.618718,200,4234.54673
-127.459884,200,4235.37875
-128.088856,200,4236.211976
-120.038417,200,4237.043756
-1.47903,200,4238.045135
-229.914384,200,4238.881043
-114.500522,200,4239.847056
-120.335883,200,4240.688323
-117.736271,200,4241.52112
-116.899394,200,4242.357952
-118.970949,200,4243.407829
-228.551097,200,4244.242044
-1.048907,200,4245.125778
-117.10777,200,4245.96501
-230.031031,200,4246.798561
-126.393772,200,4247.632115
-121.849392,200,4248.596502
-119.478227,200,4249.46807
-247.966268,200,4250.302163
-1.639392,200,4251.13458
-122.229053,200,4252.228177
-127.745281,200,4253.088538
-114.298072,200,4253.919549
-222.669994,200,4254.750152
-119.185338,200,4255.578544
-257.069872,200,4256.408511
-125.423266,200,4257.374404
-236.772042,200,4258.226276
-127.644099,200,4259.077929
-118.744184,200,4260.148775
-218.692301,200,4261.157854
-1.227024,200,4261.991945
-119.742639,200,4262.825151
-255.916456,200,4263.79457
-117.916348,200,4264.822536
-118.523432,200,4265.687322
-117.226213,200,4266.698551
-117.151821,200,4267.60989
-127.42475,200,4268.453287
-0.862296,200,4269.385928
-117.085355,200,4270.367411
-229.204113,200,4271.201503
-229.791316,200,4272.026324
-122.730965,200,4272.847184
-289.138764,200,4273.66887
-118.144485,200,4274.49431
-247.9191,200,4275.454116
-1.415306,200,4276.290886
-121.958132,200,4277.118066
-118.796285,200,4277.943537
-120.935635,200,4278.951734
-119.089787,200,4279.803077
-219.058006,200,4280.633142
-120.811949,200,4281.462681
-1.350991,200,4282.290569
-235.400695,200,4283.117015
-117.268028,200,4284.075076
-118.312962,200,4284.911134
-123.276231,200,4285.740277
-128.171533,200,4286.575942
-114.72713,200,4287.61069
-118.531471,200,4288.440141
-121.575439,200,4289.27514
-118.348622,200,4290.117987
-227.10725,200,4291.15912
-121.666498,200,4292.104326
-245.356871,200,4293.178297
-229.937529,200,4294.076476
-229.662138,200,4294.993157
-125.230311,200,4296.034899
-126.021506,200,4297.001693
-118.586267,200,4297.858386
-119.410455,200,4298.742917
-227.661319,200,4299.713507
-117.021593,200,4300.556931
-119.035295,200,4301.507751
-117.381253,200,4302.64431
-244.580652,200,4303.550628
-116.874793,200,4304.433044
-119.472996,200,4305.398842
-0.92762,200,4306.381082
-120.338772,200,4307.262166
-4.018983,200,4308.172751
-119.119881,200,4309.024023
-221.040507,200,4309.992828
-0.936309,200,4310.893344
-115.015713,200,4311.889226
-224.698345,200,4312.743493
-127.703159,200,4313.575082
-121.836944,200,4314.419257
-118.487597,200,4315.489656
-128.295638,200,4316.419245
-243.948568,200,4317.278656
-3.597654,200,4318.126398
-220.992112,200,4319.041014
-121.435542,200,4319.945919
-115.027128,200,4320.939508
-127.125684,200,4321.824552
-117.855607,200,4322.701287
-234.250949,200,4323.641857
-122.465834,200,4324.647407
-120.490172,200,4325.515631
-119.498901,200,4326.400289
-114.576508,200,4327.254148
-1.008589,200,4328.097825
-1.842377,200,4328.977294
-114.776275,200,4330.125851
-226.821678,200,4331.121507
-1.049177,200,4332.206251
-303.877621,200,4333.244713
-220.543017,200,4334.1544
-119.186039,200,4335.010889
-120.562088,200,4335.867949
-129.564084,200,4336.744316
-2.801095,200,4337.609375
-123.54147,200,4338.453184
-241.574852,200,4339.473848
-128.249637,200,4340.343459
-122.866629,200,4341.191866
-0.862551,200,4342.200621
-122.982541,200,4343.273001
-116.649195,200,4344.155186
-124.440259,200,4345.06655
-238.776648,200,4345.968465
-223.742047,200,4346.838015
-230.29479,200,4347.703952
-236.116561,200,4348.690001
-230.322419,200,4349.529498
-127.394082,200,4350.362036
-128.147576,200,4351.206287
-122.017822,200,4352.252505
-127.144079,200,4353.083688
-127.385008,200,4353.919905
-122.671465,200,4354.753424
-119.84971,200,4355.589171
-128.270788,200,4356.427935
-0.821793,200,4357.398046
-119.585861,200,4358.239194
-116.693207,200,4359.073944
-119.460817,200,4359.910613
-121.259419,200,4360.981489
-220.447903,200,4361.826185
-120.809198,200,4362.660844
-120.286834,200,4363.496395
-238.826841,200,4364.328147
-123.037051,200,4365.163699
-126.882348,200,4366.142018
-227.2055,200,4366.981745
-1.03919,200,4367.816434
-218.167648,200,4368.652913
-120.810324,200,4369.691435
-273.072953,200,4370.554304
-224.310524,200,4371.404717
-228.7898,200,4372.25
-231.235787,200,4373.108327
-1.667807,200,4373.944335
-226.019182,200,4374.912486
-241.346696,200,4375.806247
-123.963913,200,4376.657894
-117.32962,200,4377.525688
-234.589302,200,4378.552859
-3.415303,200,4379.389023
-116.02201,200,4380.226119
-115.60933,200,4381.082601
-127.165722,200,4381.915021
-119.103894,200,4382.746963
-229.742058,200,4383.708766
-124.442673,200,4384.549779
-222.191575,200,4385.385794
-128.140081,200,4386.234985
-125.227297,200,4387.293395
-116.177355,200,4388.130868
-2.168301,200,4388.966014
-1.91164,200,4389.805896
-117.40351,200,4390.644355
-123.763672,200,4391.482288
-127.478354,200,4392.44727
-124.525418,200,4393.298286
-0.927802,200,4394.129302
-114.868208,200,4394.984594
-246.441706,200,4396.018911
-117.359326,200,4396.852835
-1.305348,200,4397.703664
-115.562413,200,4398.540106
-0.76353,200,4399.384427
-227.296241,200,4400.217604
-129.74118,200,4401.177849
-123.051746,200,4402.01611
-308.917364,200,4402.847565
-3.395911,200,4403.679869
-234.031478,200,4404.718891
-117.711771,200,4405.565064
-122.11648,200,4406.435469
-127.16894,200,4407.285035
-118.062615,200,4408.124373
-122.111762,200,4408.962027
-246.890662,200,4409.934005
-246.531104,200,4410.774491
-116.492698,200,4411.613488
-123.727825,200,4412.493711
-125.382465,200,4413.575197
-225.418392,200,4414.420057
-232.654085,200,4415.255699
-118.36504,200,4416.090717
-114.216433,200,4416.958571
-126.173688,200,4417.869221
-226.438612,200,4418.839058
-325.431809,200,4419.679877
-0.787148,200,4420.514289
-121.261713,200,4421.363078
-128.146096,200,4422.4587
-122.133344,200,4423.324386
-128.12466,200,4424.169581
-117.753971,200,4425.000033
-123.999925,200,4425.844978
-116.903996,200,4426.679351
-1.01263,200,4427.640695
-126.414408,200,4428.517277
-125.584903,200,4429.359699
-116.740905,200,4430.193633
-119.363983,200,4431.233224
-122.29105,200,4432.097834
-119.607079,200,4432.938133
-292.432353,200,4433.781739
-242.709764,200,4434.658138
-217.316602,200,4435.511934
-1.04281,200,4436.520944
-120.396151,200,4437.371434
-232.750244,200,4438.204534
-0.961053,200,4439.03705
-120.943551,200,4440.152901
-121.550375,200,4440.988984
-222.35376,200,4441.823717
-126.459435,200,4442.657708
-326.902532,200,4443.496912
-116.750126,200,4444.330375
-121.424875,200,4445.294432
-245.093273,200,4446.135695
-2.887328,200,4446.972857
-230.090474,200,4447.9027
-129.177752,200,4448.891775
-119.501692,200,4449.738068
-229.161912,200,4450.570683
-120.659784,200,4451.40142
-248.636818,200,4452.231513
-117.911338,200,4453.061565
-276.709525,200,4454.029829
-238.881741,200,4454.868772
-1.029199,200,4455.702553
-293.513925,200,4456.537607
-117.074773,200,4457.626619
-222.284721,200,4458.463707
-238.014859,200,4459.421022
-225.015988,200,4460.289038
-239.190717,200,4461.121152
-223.34777,200,4461.952438
-117.48239,200,4462.918505
-123.449092,200,4463.766727
-223.284912,200,4464.599707
-226.078634,200,4465.474489
-226.663399,200,4466.585123
-117.872578,200,4467.432401
-309.917287,200,4468.266891
-231.920021,200,4469.112815
-120.57638,200,4469.958803
-1.536874,200,4470.794522
-247.012079,200,4471.769963
-119.728515,200,4472.608691
-311.123615,200,4473.440898
-125.071961,200,4474.28261
-117.282403,200,4475.338319
-118.232673,200,4476.197132
-116.752316,200,4477.034227
-118.042255,200,4477.877646
-234.348852,200,4478.71022
-236.869816,200,4479.559641
-243.271295,200,4480.543021
-118.900579,200,4481.385637
-254.359982,200,4482.219866
-126.163016,200,4483.158958
-225.849076,200,4484.153614
-116.712933,200,4485.001225
-113.736758,200,4485.837695
-3.223398,200,4486.677369
-307.205246,200,4487.517227
-121.565633,200,4488.349504
-121.400797,200,4489.3155
-117.502848,200,4490.159143
-2.28676,200,4491.030732
-120.776139,200,4491.864962
-123.376246,200,4492.911239
-127.954667,200,4493.749253
-123.508723,200,4494.581265
-120.760004,200,4495.42019
-230.398789,200,4496.309476
-1.014726,200,4497.172755
-120.796488,200,4498.143413
-119.858324,200,4498.994956
-238.209379,200,4499.835294
-116.708291,200,4500.665149
-228.465569,200,4501.720285
-240.598197,200,4502.587828
-118.44986,200,4503.422625
-123.63535,200,4504.268664
-121.903587,200,4505.106268
-126.707832,200,4505.944866
-221.166191,200,4506.914712
-246.723231,200,4507.757482
-115.70456,200,4508.592387
-118.727919,200,4509.444665
-127.142486,200,4510.510425
-219.30078,200,4511.347214
-241.17054,200,4512.195436
-123.098559,200,4513.028341
-117.977194,200,4513.864882
-225.836254,200,4514.709001
-120.889862,200,4515.68543
-118.257388,200,4516.527556
-289.550221,200,4517.360554
-131.892744,200,4518.207977
-370.830554,200,4519.266232
-1.156559,200,4520.111793
-116.59393,200,4520.951193
-224.283555,200,4521.787762
-121.658924,200,4522.61916
-232.680829,200,4523.450304
-117.992352,200,4524.415047
-219.875507,200,4525.252868
-232.218604,200,4526.131813
-117.353889,200,4527.102506
-119.21928,200,4528.070932
-126.567118,200,4528.942304
-125.226945,200,4529.775879
-230.472188,200,4530.617052
-1.83123,200,4531.486748
-115.84381,200,4532.318052
-230.051847,200,4533.279201
-126.525287,200,4534.118059
-1.850143,200,4534.948103
-119.901971,200,4535.830453
-248.67772,200,4536.821834
-119.417589,200,4537.696229
-6.594364,200,4538.533187
-247.939155,200,4539.378476
-3.695108,200,4540.21723
-115.252207,200,4541.057549
-2.469571,200,4542.041599
-240.631491,200,4542.883007
-222.457843,200,4543.715357
-0.860031,200,4544.548151
-0.930173,200,4545.579523
-119.149502,200,4546.423213
-300.759516,200,4547.255447
-3.94778,200,4548.086612
-117.166841,200,4548.923969
-126.355595,200,4549.761646
-126.486292,200,4550.737748
-123.644607,200,4551.58035
-226.131588,200,4552.424877
-122.568285,200,4553.258837
-117.989198,200,4554.299243
-116.235243,200,4555.146975
-1.471945,200,4556.032077
-128.51976,200,4556.928247
-124.670184,200,4557.781383
-116.284485,200,4558.618975
-218.924329,200,4559.582707
-222.19692,200,4560.420584
-1.049103,200,4561.255972
-220.089317,200,4562.088306
-123.506184,200,4563.145589
-127.352377,200,4563.986699
-124.2497,200,4564.819521
-5.026919,200,4565.651898
-125.659273,200,4566.482512
-232.764821,200,4567.31293
-125.850195,200,4568.27475
-119.349569,200,4569.118524
-226.283193,200,4569.95026
-118.785669,200,4570.784622
-237.994298,200,4571.786006
-239.738447,200,4572.621606
-8.754784,200,4573.453857
-1.707662,200,4574.290441
-125.684493,200,4575.131492
-233.218688,200,4575.965171
-125.035238,200,4576.927229
-119.699069,200,4577.764621
-2.600945,200,4578.607123
-126.270488,200,4579.456926
-1.122597,200,4580.533131
-4.489389,200,4581.392223
-1.930136,200,4582.227435
-121.496692,200,4583.067315
-223.459962,200,4583.923062
-233.70333,200,4584.765702
-120.747893,200,4585.743341
-245.907735,200,4586.632403
-119.26207,200,4587.543231
-217.557235,200,4588.455392
-230.583742,200,4589.521929
-221.064569,200,4590.35815
-125.032434,200,4591.192321
-122.760173,200,4592.028409
-126.944907,200,4592.870487
-219.805146,200,4593.702892
-221.020664,200,4594.686007
-121.940809,200,4595.535932
-117.896095,200,4596.368183
-226.659875,200,4597.213351
-119.922114,200,4598.212166
-371.185965,200,4599.060237
-227.432279,200,4599.898748
-238.713402,200,4600.729947
-241.014109,200,4601.561322
-121.122036,200,4602.394396
-118.444982,200,4603.377772
-223.339419,200,4604.213118
-114.48264,200,4605.042888
-218.762291,200,4605.884273
-119.324142,200,4606.920477
-309.433662,200,4607.764795
-1.065538,200,4608.595727
-127.052616,200,4609.425797
-235.120217,200,4610.25444
-1.085367,200,4611.083556
-120.448884,200,4612.045461
-114.126671,200,4612.888347
-1.073506,200,4613.756353
-116.568097,200,4614.611737
-125.155142,200,4615.668396
-120.022802,200,4616.514616
-119.561819,200,4617.396527
-122.368988,200,4618.243187
-1.408639,200,4619.076289
-117.909396,200,4619.915415
-2.697612,200,4620.888823
-122.322751,200,4621.726195
-240.928803,200,4622.558573
-117.762783,200,4623.532657
-121.301767,200,4624.445527
-125.161932,200,4625.285954
-1.147567,200,4626.127111
-359.262264,200,4626.960209
-121.982289,200,4627.792984
-230.286735,200,4628.632601
-1.502223,200,4629.611607
-245.044875,200,4630.451614
-1.014383,200,4631.282955
-116.670848,200,4632.218949
-123.733471,200,4633.208355
-115.253513,200,4634.055723
-1.031446,200,4634.888789
-117.322258,200,4635.718486
-0.934936,200,4636.549439
-118.81819,200,4637.379268
-222.742889,200,4638.339675
-129.968267,200,4639.182314
-127.81448,200,4640.024693
-219.649088,200,4640.86516
-120.72913,200,4641.986601
-119.719671,200,4642.82045
-0.971189,200,4643.654342
-240.447179,200,4644.507962
-119.821023,200,4645.352387
-118.775576,200,4646.1821
-129.252921,200,4647.15902
-2.596842,200,4648.049369
-124.418993,200,4648.899278
-123.318547,200,4649.738513
-113.325151,200,4650.880674
-232.287363,200,4651.716193
-122.790431,200,4652.555844
-120.445213,200,4653.397888
-115.061038,200,4654.246367
-226.488771,200,4655.099704
-226.027516,200,4656.170549
-311.584245,200,4657.008985
-119.391997,200,4657.841712
-129.083315,200,4658.704008
-118.040949,200,4659.719956
-226.740549,200,4660.568764
-119.766032,200,4661.410749
-225.779108,200,4662.248962
-1.072399,200,4663.081695
-0.926177,200,4663.910432
-232.51626,200,4664.873762
-126.936123,200,4665.710607
-119.880852,200,4666.540466
-223.860802,200,4667.417156
-218.6225,200,4668.450704
-1.404651,200,4669.290444
-117.899761,200,4670.12481
-1.085286,200,4670.962083
-118.982569,200,4671.8028
-227.770249,200,4672.650018
-131.312182,200,4673.634634
-125.997824,200,4674.494834
-130.717339,200,4675.335215
-222.91345,200,4676.169162
-120.364423,200,4677.03914
-118.114634,200,4678.114448
-1.101899,200,4678.999036
-264.041607,200,4679.954576
-126.428142,200,4680.797852
-121.499637,200,4681.638828
-250.720949,200,4682.598944
-127.650775,200,4683.436623
-0.909842,200,4684.279537
-228.112307,200,4685.110857
-222.973223,200,4686.198994
-128.062626,200,4687.04594
-134.597785,200,4687.88872
-127.209354,200,4688.732542
-225.895761,200,4689.575082
-313.200911,200,4690.428398
-289.544428,200,4691.413687
-1.155718,200,4692.253657
-227.839384,200,4693.0859
-119.50434,200,4693.927601
-224.089213,200,4695.017986
-222.8143,200,4695.865045
-1.42644,200,4696.705301
-217.951099,200,4697.551423
-123.667062,200,4698.385511
-122.503355,200,4699.217958
-117.218796,200,4700.198054
-218.189954,200,4701.038165
-114.710968,200,4701.876019
-128.522291,200,4702.708479
-1.859058,200,4703.699479
-256.153581,200,4704.535807
-122.809512,200,4705.380223
-1.696186,200,4706.2355
-117.391102,200,4707.110788
-231.998455,200,4707.964846
-123.080089,200,4708.933945
-115.294548,200,4709.778616
-118.746695,200,4710.620344
-222.157793,200,4711.480975
-220.931064,200,4712.544419
-1.113685,200,4713.388014
-128.260834,200,4714.225622
-1.156931,200,4715.062149
-117.046965,200,4715.89448
-119.857271,200,4716.729734
-230.260765,200,4717.688778
-224.272914,200,4718.525829
-243.485556,200,4719.356215
-226.022198,200,4720.192879
-233.623411,200,4721.24621
-126.824641,200,4722.091805
-225.471325,200,4722.938274
-231.286616,200,4723.774614
-289.959209,200,4724.617367
-127.814855,200,4725.466581
-118.515277,200,4726.438683
-285.89231,200,4727.281019
-223.489158,200,4728.115352
-119.407474,200,4728.946238
-118.452495,200,4729.974849
-2.567142,200,4730.817489
-124.818624,200,4731.668546
-230.960735,200,4732.581283
-227.940632,200,4733.415159
-118.583068,200,4734.257101
-224.719832,200,4735.218389
-249.972996,200,4736.05573
-126.77797,200,4736.891381
-125.174958,200,4737.768814
-221.780853,200,4738.741368
-241.310685,200,4739.712119
-229.028539,200,4740.548509
-222.217372,200,4741.381272
-115.162879,200,4742.241263
-115.308192,200,4743.081277
-0.700978,200,4744.047912
-234.667954,200,4744.886071
-0.936249,200,4745.724288
-123.191708,200,4746.571667
-1.440218,200,4747.569601
-119.263539,200,4748.4083
-241.168545,200,4749.243732
-123.273426,200,4750.09565
-119.984451,200,4750.96026
-115.163901,200,4751.797369
-127.031891,200,4752.762315
-127.412889,200,4753.598969
-114.90161,200,4754.428328
-1.272988,200,4755.27204
-119.218419,200,4756.361994
-117.918279,200,4757.204304
-225.072379,200,4758.036468
-247.498955,200,4758.8774
-229.953465,200,4759.720782
-1.261837,200,4760.552367
-127.815331,200,4761.526365
-1.131918,200,4762.374503
-297.757822,200,4763.210934
-124.103758,200,4764.064404
-228.900927,200,4765.050668
-225.878004,200,4765.980794
-119.20908,200,4766.831792
-124.350214,200,4767.716452
-126.534772,200,4768.595262
-224.862356,200,4769.43431
-123.915875,200,4770.402626
-119.59311,200,4771.241691
-117.610175,200,4772.073682
-230.604541,200,4772.915412
-115.871711,200,4773.930866
-2.69182,200,4774.769578
-122.39376,200,4775.602026
-118.600706,200,4776.435278
-121.170452,200,4777.266441
-1.067399,200,4778.09578
-114.215311,200,4779.076179
-233.68923,200,4779.915683
-117.577703,200,4780.759246
-121.663851,200,4781.621803
-117.985011,200,4782.660208
-119.707869,200,4783.502322
-113.147272,200,4784.336964
-232.037536,200,4785.167487
-118.178071,200,4785.996111
-230.251302,200,4786.826777
-0.786662,200,4787.798703
-223.881995,200,4788.642395
-114.729459,200,4789.471798
-117.069916,200,4790.300151
-116.215621,200,4791.357239
-126.299936,200,4792.215406
-263.087412,200,4793.052214
-229.600779,200,4793.887901
-0.862993,200,4794.729581
-229.633492,200,4795.571266
-118.88438,200,4796.533946
-219.890615,200,4797.373486
-290.373198,200,4798.250829
-2.178225,200,4799.102344
-244.760112,200,4800.194946
-126.708631,200,4801.032029
-118.132824,200,4801.875463
-228.137032,200,4802.711133
-119.017099,200,4803.543627
-117.264588,200,4804.386428
-239.082963,200,4805.405743
-224.79072,200,4806.253836
-118.704829,200,4807.087053
-120.968518,200,4807.919522
-219.0378,200,4808.91216
-118.714888,200,4809.76992
-226.798142,200,4810.652122
-242.702032,200,4811.48774
-123.774695,200,4812.318483
-120.933675,200,4813.146553
-126.022397,200,4814.11274
-0.878002,200,4814.947961
-120.713491,200,4815.77686
-127.234184,200,4816.614926
-125.106192,200,4817.659046
-118.170556,200,4818.494931
-285.623096,200,4819.324889
-117.001925,200,4820.153163
-234.580469,200,4820.985941
-115.606563,200,4821.836023
-0.741985,200,4822.796087
-124.919873,200,4823.633489
-117.227391,200,4824.462347
-223.407393,200,4825.291481
-221.375486,200,4826.275726
-223.471734,200,4827.148736
-232.116796,200,4827.983047
-116.9581,200,4828.859516
-222.149849,200,4829.713108
-116.361393,200,4830.544813
-127.562921,200,4831.504033
-223.860579,200,4832.340363
-114.839022,200,4833.169645
-123.152478,200,4834.034021
-220.688208,200,4835.127043
-129.771458,200,4835.961175
-0.843443,200,4836.795502
-114.724653,200,4837.636479
-118.4817,200,4838.467628
-114.054985,200,4839.302169
-122.229336,200,4840.264935
-125.025305,200,4841.19508
-119.47229,200,4842.030886
-297.122527,200,4842.878619
-220.793777,200,4843.861946
-122.496674,200,4844.704007
-116.556772,200,4845.535251
-118.074335,200,4846.366283
-0.977141,200,4847.197615
-223.589664,200,4848.02804
-131.212163,200,4848.986301
-224.47157,200,4849.828748
-2.456702,200,4850.675413
-123.671515,200,4851.59504
-1.197229,200,4852.574025
-116.471377,200,4853.407992
-305.006169,200,4854.252475
-294.433407,200,4855.086274
-117.616766,200,4855.937028
-120.731694,200,4856.76871
-223.040829,200,4857.729116
-118.844674,200,4858.61966
-126.455384,200,4859.4681
-246.781059,200,4860.312985
-225.149432,200,4861.375503
-0.541599,200,4862.208473
-122.797345,200,4863.042476
-249.690072,200,4863.875884
-3.21278,200,4864.707193
-120.807236,200,4865.537228
-3.121527,200,4866.49752
-0.795461,200,4867.33453
-116.646206,200,4868.164344
-118.276765,200,4868.995682
-126.61619,200,4870.042169
-1.130757,200,4870.887299
-116.599984,200,4871.719999
-118.957647,200,4872.552124
-119.256164,200,4873.383434
-124.100989,200,4874.261047
-119.482627,200,4875.240982
-0.662111,200,4876.07991
-122.439787,200,4876.910432
-124.561518,200,4877.762286
-124.378847,200,4878.791483
-120.838212,200,4879.636057
-1.21775,200,4880.465855
-1.085772,200,4881.310027
-117.148962,200,4882.152406
-122.943448,200,4883.03776
-115.086697,200,4884.011014
-119.323148,200,4884.852328
-121.685525,200,4885.684029
-120.473888,200,4886.515152
-114.60293,200,4887.569784
-122.14194,200,4888.489888
-125.179284,200,4889.329414
-116.786067,200,4890.169656
-119.738152,200,4891.011511
-0.791524,200,4891.862246
-122.036162,200,4892.837166
-2.957536,200,4893.679059
-114.999075,200,4894.52928
-240.23432,200,4895.382318
-2.482397,200,4896.474378
-126.225113,200,4897.311512
-1.825076,200,4898.28688
-123.461945,200,4899.143064
-118.894607,200,4899.987553
-0.821273,200,4900.855495
-237.124873,200,4901.861768
-245.924234,200,4902.709335
-117.627705,200,4903.540062
-121.382722,200,4904.369865
-116.832374,200,4905.391613
-314.96693,200,4906.253934
-116.763565,200,4907.154584
-2.79998,200,4908.025283
-235.228459,200,4908.875953
-120.043298,200,4909.853498
-120.701843,200,4910.846904
-126.919425,200,4911.687963
-120.195964,200,4912.513754
-123.721773,200,4913.360355
-129.682206,200,4914.403526
-0.720355,200,4915.237128
-243.624699,200,4916.073501
-1.664121,200,4916.90978
-1.509784,200,4917.74524
-119.087,200,4918.632019
-118.471539,200,4919.599229
-124.235943,200,4920.439628
-117.80171,200,4921.269806
-123.370612,200,4922.128321
-127.097686,200,4923.108206
-3.254308,200,4923.942776
-123.664324,200,4924.774408
-230.129776,200,4925.64786
-127.126703,200,4926.479791
-120.855437,200,4927.31482
-324.447622,200,4928.283358
-127.238386,200,4929.122231
-119.650015,200,4929.957668
-117.400441,200,4930.793936
-0.652438,200,4931.845303
-227.394388,200,4932.678209
-226.061377,200,4933.511391
-220.53334,200,4934.354329
-0.990393,200,4935.185572
-0.60513,200,4936.01534
-245.702747,200,4936.974191
-121.338371,200,4937.811603
-116.046261,200,4938.643007
-2.034171,200,4939.472306
-126.50994,200,4940.466364
-120.652436,200,4941.299955
-219.415272,200,4942.131593
-117.697762,200,4942.960668
-239.145779,200,4943.7928
-117.909905,200,4944.622749
-120.959694,200,4945.581472
-218.886171,200,4946.419424
-126.254888,200,4947.250869
-119.165618,200,4948.084689
-231.851719,200,4949.184152
-120.331657,200,4950.05121
-117.10817,200,4950.895841
-118.655334,200,4951.725748
-120.831951,200,4952.555579
-121.973945,200,4953.387035
-231.711671,200,4954.355316
-114.07088,200,4955.192546
-118.652882,200,4956.023001
-220.581257,200,4956.860911
-130.157929,200,4957.907857
-247.100741,200,4958.741446
-4.696576,200,4959.594351
-320.053961,200,4960.464958
-127.347607,200,4961.432812
-234.553844,200,4962.30699
-3.391406,200,4963.350769
-116.937372,200,4964.23796
-122.178995,200,4965.117712
-121.57285,200,4965.981557
-244.261181,200,4967.067511
-251.655717,200,4967.926648
-238.78368,200,4968.830772
-228.298743,200,4969.788174
-118.74903,200,4970.6593
-121.754994,200,4971.501928
-122.07507,200,4972.474388
-0.531629,200,4973.313318
-118.897882,200,4974.157719
-126.09035,200,4975.005799
-0.664785,200,4975.994303
-2.471973,200,4976.825261
-226.365085,200,4977.653104
-225.959642,200,4978.482761
-118.442005,200,4979.309907
-125.792692,200,4980.133112
-130.735058,200,4981.091673
-233.725325,200,4981.926454
-123.747841,200,4982.7535
-126.115656,200,4983.583478
-123.028667,200,4984.630608
-258.636106,200,4985.466324
-114.43351,200,4986.295515
-113.54098,200,4987.125735
-120.032066,200,4987.953739
-225.649285,200,4988.781006
-219.882828,200,4989.738029
-127.014895,200,4990.57633
-223.648256,200,4991.424725
-233.687807,200,4992.325006
-1.43871,200,4994.286724
-243.166158,200,4995.291637
-0.391767,200,4996.338013
-115.484658,200,4997.243339
-131.428778,200,4998.143461
-123.698994,200,4999.040196
-1.600345,200,5000.058625
-118.987323,200,5000.902548
-117.658881,200,5001.745649
-122.131718,200,5002.575855
-117.923347,200,5003.554617
-121.229641,200,5004.52224
-241.759016,200,5005.357971
-120.888268,200,5006.197044
-239.111648,200,5007.055671
-229.209625,200,5007.891587
-225.53387,200,5008.869314
-254.523073,200,5009.898573
-121.651618,200,5010.908071
-127.802859,200,5011.89509
-242.892293,200,5012.831408
-125.542554,200,5013.671475
-123.597183,200,5014.515967
-115.607816,200,5015.392432
-224.618845,200,5016.323236
-126.963481,200,5017.459369
-113.421204,200,5018.657438
-224.31167,200,5019.552346
-123.367927,200,5020.413548
-115.531948,200,5021.299398
-296.516941,200,5022.398659
-225.973602,200,5023.270388
-228.190746,200,5024.101779
-121.580529,200,5025.029566
-231.120589,200,5026.028408
-131.142276,200,5026.908558
-125.416088,200,5027.88837
-220.086207,200,5028.729274
-232.537464,200,5029.562614
-119.301313,200,5030.403475
-122.499625,200,5031.402912
-236.004256,200,5032.239441
-119.601687,200,5033.073066
-120.505393,200,5033.920605
-226.653841,200,5034.75158
-1.745992,200,5035.595122
-241.412668,200,5036.571184
-230.749573,200,5037.446691
-223.592287,200,5038.318913
-228.541845,200,5039.206618
-225.328409,200,5040.296961
-123.602779,200,5041.136213
-241.538601,200,5041.975358
-304.946894,200,5042.811774
-118.778297,200,5043.649382
-120.333416,200,5044.482961
-125.341054,200,5045.446453
-118.277943,200,5046.288562
-246.842658,200,5047.133389
-115.844907,200,5048.047445
-123.583415,200,5049.032637
-120.209417,200,5049.872165
-227.632828,200,5050.748283
-122.555816,200,5051.591641
-4.411714,200,5052.42094
-125.766906,200,5053.250889
-125.510896,200,5054.221707
-125.085729,200,5055.072784
-118.639995,200,5055.911961
-224.684343,200,5056.745711
-122.832809,200,5057.802337
-121.017966,200,5058.647866
-115.079747,200,5059.483585
-227.883513,200,5060.31934
-124.683182,200,5061.159645
-236.073732,200,5062.000489
-117.263701,200,5062.967389
-114.173772,200,5063.820678
-117.468763,200,5064.658187
-118.968839,200,5065.504128
-1.429302,200,5066.532821
-348.55322,200,5067.375664
-121.868832,200,5068.223238
-261.510598,200,5069.136289
-222.343949,200,5069.99976
-114.77884,200,5070.852319
-0.529657,200,5071.82996
-226.202729,200,5072.675501
-248.666874,200,5073.513081
-231.174219,200,5074.359999
-123.420204,200,5075.421621
-114.54309,200,5076.288458
-1.465895,200,5077.12865
-119.354367,200,5077.964473
-120.810947,200,5078.794062
-228.852342,200,5079.629104
-125.461753,200,5080.609426
-114.590292,200,5081.462845
-0.53266,200,5082.302921
-122.476057,200,5083.142096
-230.581707,200,5083.99049
-0.958164,200,5084.98808
-119.133203,200,5085.837598
-122.741578,200,5086.896628
-226.769578,200,5087.754186
-225.627403,200,5088.613456
-126.609217,200,5089.622247
-120.982781,200,5090.708082
-119.868056,200,5091.662209
-120.514052,200,5092.562694
-126.36792,200,5093.632565
-117.314025,200,5094.528333
-122.797124,200,5095.413899
-220.444259,200,5096.28664
-131.095183,200,5097.167692
-126.297719,200,5098.029199
-132.411859,200,5099.045964
-222.058539,200,5099.961415
-122.391909,200,5100.998629
-254.27552,200,5102.163188
-220.971495,200,5103.07922
-223.927407,200,5103.984169
-119.715002,200,5104.891871
-114.188512,200,5105.762432
-124.814143,200,5106.636835
-228.377806,200,5107.478763
-116.58918,200,5108.565213
-125.634455,200,5109.414993
-118.865386,200,5110.262234
-122.613114,200,5111.10445
-127.169314,200,5112.160116
-116.461834,200,5112.998901
-116.654279,200,5113.844228
-116.881642,200,5114.798356
-125.49968,200,5115.641567
-121.112408,200,5116.481329
