#{"t_start": 1789045315.230113, "env_id": "Pendulum-v1"}
r,l,t
-1071.918054,200,0.038589
-1521.64755,200,0.086911
-1120.784551,200,0.122558
-1377.216959,200,0.152297
-1086.576991,200,0.182041
-863.709287,200,0.211327
-1067.396318,200,0.24079
-1005.633092,200,0.270252
-1751.377583,200,0.299332
-1068.22814,200,0.328437
-974.78124,200,0.430259
-1410.245973,200,0.459943
-1091.139862,200,0.489076
-872.98988,200,0.518468
-1292.86257,200,0.547746
-1077.519535,200,0.577257
-1029.070266,200,0.608807
-1068.027029,200,0.638506
-874.671982,200,0.668119
-1559.355201,200,0.697759
-1342.494169,200,0.798477
-1430.23796,200,0.828512
-1189.781837,200,0.858209
-877.152098,200,0.887958
-1335.547014,200,0.91778
-1063.958424,200,0.947252
-1333.908575,200,0.976532
-1077.865589,200,1.006098
-899.666972,200,1.03668
-887.454372,200,1.066513
-1631.153776,200,1.170822
-1056.756489,200,1.200789
-1723.229644,200,1.231072
-1285.337724,200,1.26116
-859.478331,200,1.290986
-997.554049,200,1.320601
-1150.962353,200,1.350573
-990.98939,200,1.380296
-1662.082209,200,1.410018
-982.861755,200,1.439899
-1555.221013,200,1.543564
-1586.632464,200,1.578051
-1534.192194,200,1.611473
-1778.646893,200,1.645888
-1676.947771,200,1.680291
-1809.781522,200,1.714092
-901.39944,200,1.748032
-1040.531002,200,1.782334
-968.429209,200,1.816446
-1419.57148,200,1.857333
-775.090127,200,1.983247
-953.628098,200,2.018318
-1767.687081,200,2.055005
-1773.705853,200,2.091707
-905.362258,200,2.127872
-1528.443582,200,2.163186
-825.400539,200,2.201022
-1632.543258,200,2.236987
-1529.288303,200,2.268564
-1746.507097,200,2.299952
-1333.127035,200,2.401243
-895.90599,200,2.432346
-938.603608,200,2.462751
-1590.389528,200,2.493533
-1080.700332,200,2.524504
-1652.475149,200,2.554673
-1455.76189,200,2.585471
-1486.571899,200,2.61564
-1193.183724,200,2.646599
-908.48773,200,2.677423
-1392.953511,200,2.777332
-1559.344401,200,2.807945
-1368.488446,200,2.83894
-1169.480161,200,2.869403
-1486.722827,200,2.90074
-1672.797964,200,2.931361
-1177.598837,200,2.961781
-1283.188236,200,2.992322
-881.804293,200,3.022523
-750.608595,200,3.053145
-1674.803267,200,3.153202
-1482.226586,200,3.184295
-1294.665254,200,3.215385
-1310.155769,200,3.246281
-1802.622808,200,3.276709
-1186.562369,200,3.307759
-1418.915674,200,3.338768
-1533.670352,200,3.369799
-989.509696,200,3.400314
-979.735132,200,3.431253
-1392.916094,200,3.532285
-1582.435671,200,3.563922
-1482.521964,200,3.595032
-1700.877167,200,3.625968
-1462.483256,200,3.656598
-1556.904986,200,3.687188
-1457.891663,200,3.718288
-1606.962286,200,3.749643
-1741.727092,200,3.780636
-1543.18675,200,3.811828
-1538.610851,200,3.913756
-992.86948,200,3.944664
-1336.588143,200,3.976076
-1368.21976,200,4.0071
-1253.171831,200,4.038371
-1648.809796,200,4.06973
-1516.866787,200,4.100826
-1469.110745,200,4.132056
-1692.868113,200,4.163671
-1497.398844,200,4.196926
-1220.632883,200,4.300613
-1768.588962,200,4.332191
-1626.692745,200,4.363595
-1172.979726,200,4.394926
-1421.61588,200,4.426967
-1505.092884,200,4.459199
-1776.107906,200,4.490684
-1810.26029,200,4.522504
-1286.257211,200,4.553673
-1402.712104,200,4.585143
-1341.102429,200,4.687205
-1559.189453,200,4.723613
-1576.062282,200,4.758275
-1139.956586,200,4.793612
-1464.019174,200,4.848788
-1599.640208,200,4.895331
-1684.201107,200,4.930522
-1327.142359,200,4.966797
-1611.488424,200,5.005059
-1813.388845,200,5.042769
-1367.968622,200,5.15796
-1494.844799,200,5.197403
-1561.148865,200,5.26764
-1442.401859,200,5.314319
-1472.22367,200,5.370167
-1805.818748,200,5.420394
-1400.09251,200,5.461309
-1444.559521,200,5.495848
-1734.904561,200,5.528695
-1537.803252,200,5.561278
-1592.312084,200,5.664383
-1549.948958,200,5.697205
-1724.766881,200,5.729081
-1464.205239,200,5.76179
-1427.866816,200,5.793296
-1638.224942,200,5.825706
-1336.302714,200,5.857905
-1435.851529,200,5.890163
-1483.4333,200,5.922658
-1651.67195,200,5.95478
-1447.255158,200,6.056739
-1543.573737,200,6.089239
-1780.803192,200,6.121305
-1070.348511,200,6.153723
-1333.853247,200,6.185764
-1347.435743,200,6.218621
-1282.13542,200,6.251215
-1382.678323,200,6.283425
-1533.074213,200,6.315588
-1676.41068,200,6.347975
-1622.510782,200,6.450288
-1416.484292,200,6.483309
-1808.953133,200,6.51582
-1688.282302,200,6.548457
-1464.107294,200,6.5806
-1438.187133,200,6.613895
-1692.951391,200,6.646799
-1714.911641,200,6.680021
-1770.58654,200,6.712513
-1666.522799,200,6.744729
-1419.554637,200,6.846015
-1759.418759,200,6.879803
-1469.682302,200,6.916598
-1190.710235,200,6.953089
-1464.168835,200,6.989013
-1380.874239,200,7.025436
-1606.786514,200,7.062387
-1632.146428,200,7.097853
-1580.379239,200,7.133676
-1460.555636,200,7.171542
-1728.523853,200,7.288657
-1650.869123,200,7.326897
-1436.807503,200,7.364675
-1382.670055,200,7.403326
-1582.374457,200,7.442594
-1614.801077,200,7.481722
-1436.635109,200,7.520418
-1632.103345,200,7.561565
-1662.465392,200,7.600145
-1395.630888,200,7.634185
-1546.893126,200,7.737378
-1748.839472,200,7.770643
-1779.197148,200,7.803809
-1438.485728,200,7.836808
-1456.785003,200,7.869742
-1291.040363,200,7.902868
-1689.841884,200,7.93594
-1620.782985,200,7.969368
-1006.355528,200,8.002761
-1742.148271,200,8.036061
-1364.175418,200,8.139044
-1481.295478,200,8.172563
-1412.783346,200,8.205633
-1113.497124,200,8.23845
-1669.0183,200,8.272205
-1518.774022,200,8.305256
-1634.477689,200,8.338717
-1675.859183,200,8.371762
-1448.560576,200,8.404978
-1559.784547,200,8.437713
-1553.339854,200,8.542737
-1564.247994,200,8.57643
-1347.649187,200,8.609587
-1626.679005,200,8.643093
-1317.985276,200,8.676581
-1717.633334,200,8.710316
-1275.250838,200,8.743296
-1659.857003,200,8.776901
-1593.959525,200,8.810153
-1363.116567,200,8.843885
-1661.952438,200,8.9455
-1660.771484,200,8.979605
-1418.812739,200,9.013477
-1148.657557,200,9.046923
-1617.374974,200,9.081177
-1634.417879,200,9.115503
-1357.858846,200,9.149106
-1414.180844,200,9.182738
-1549.556455,200,9.218826
-1274.643971,200,9.252848
-1101.52923,200,9.355649
-1268.654518,200,9.390136
-1171.030087,200,9.423378
-1332.772245,200,9.456514
-1179.369791,200,9.489132
-1715.881426,200,9.522777
-1490.927052,200,9.55685
-1435.875417,200,9.590862
-1286.698677,200,9.625298
-1149.634316,200,9.659089
-1597.836176,200,9.762375
-1686.61182,200,9.797087
-1672.376747,200,9.831336
-1175.675795,200,9.865531
-1610.212759,200,9.900731
-1461.457376,200,9.934602
-1503.18666,200,9.968643
-1230.039004,200,10.002301
-1686.940152,200,10.036611
-1367.259278,200,10.07068
-1395.896938,200,10.1764
-1612.019792,200,10.214597
-1233.603427,200,10.2521
-1559.051553,200,10.313263
-1529.494187,200,10.361016
-1482.975945,200,10.398318
-1507.896926,200,10.436155
-1450.065993,200,10.475588
-1074.381892,200,10.515761
-1190.848479,200,10.555117
-1434.601134,200,10.672908
-1441.7765,200,10.732089
-1246.813884,200,10.790957
-1463.032001,200,10.835449
-957.418998,200,10.876907
-1249.627444,200,10.920254
-1360.114809,200,10.957884
-1247.870601,200,10.995833
-1488.59794,200,11.030539
-1529.298292,200,11.065388
-1261.198719,200,11.170998
-1391.559359,200,11.206195
-1126.871004,200,11.240933
-1191.839454,200,11.275917
-1643.743523,200,11.310602
-1546.966685,200,11.345649
-1627.481887,200,11.379596
-1274.830808,200,11.414319
-794.971083,200,11.449638
-1207.753567,200,11.484281
-1240.140975,200,11.591674
-1250.88153,200,11.626516
-754.539294,200,11.661225
-1549.896681,200,11.69617
-1181.381289,200,11.731287
-1268.142223,200,11.765962
-1524.985184,200,11.800946
-1281.515358,200,11.836858
-1334.450622,200,11.871944
-1530.247982,200,11.907401
-1144.239701,200,12.016771
-1337.634413,200,12.056707
-1405.247708,200,12.096432
-1390.978374,200,12.1355
-1322.161647,200,12.173268
-1630.806077,200,12.212744
-1264.945346,200,12.276978
-1357.64192,200,12.32149
-1170.784177,200,12.363538
-1170.03314,200,12.405821
-1334.68089,200,12.523935
-1443.327872,200,12.563946
-659.672158,200,12.607329
-1364.256942,200,12.650254
-1516.537077,200,12.710266
-1356.228668,200,12.747848
-1172.404627,200,12.782851
-1424.405453,200,12.818811
-1067.652506,200,12.854573
-1108.10225,200,12.890211
-1308.983909,200,12.994949
-1227.998328,200,13.03057
-1274.008579,200,13.066158
-1467.915473,200,13.101595
-1409.626754,200,13.137816
-959.170939,200,13.173444
-1113.865766,200,13.209234
-1146.036376,200,13.244636
-891.292777,200,13.280183
-639.349355,200,13.315621
-1197.359072,200,13.420782
-1085.604795,200,13.456847
-1148.926885,200,13.492741
-1220.475042,200,13.528264
-988.571906,200,13.564188
-1161.871173,200,13.59977
-1412.807245,200,13.635638
-1276.643707,200,13.670945
-446.808492,200,13.706051
-1108.550276,200,13.742015
-1026.730107,200,13.858198
-1265.933475,200,13.897835
-1224.218565,200,13.938428
-1056.745882,200,13.978683
-1089.639872,200,14.018787
-1390.401649,200,14.062591
-1300.239908,200,14.127917
-1194.593506,200,14.181768
-1446.460034,200,14.226114
-1036.568906,200,14.271767
-1312.060167,200,14.394779
-1098.220572,200,14.439909
-1286.658438,200,14.476963
-1007.652519,200,14.513774
-1119.432038,200,14.550034
-1440.157462,200,14.586119
-1150.545275,200,14.622106
-1337.897597,200,14.658252
-1040.043483,200,14.694635
-1099.979184,200,14.729877
-1168.10773,200,14.836218
-1343.369675,200,14.872392
-1201.946911,200,14.908526
-999.632187,200,14.944196
-1068.937932,200,14.979933
-1124.567218,200,15.015797
-1019.015111,200,15.052223
-743.628866,200,15.088235
-515.700244,200,15.124344
-1377.330546,200,15.160577
-1118.877454,200,15.269278
-915.553608,200,15.305226
-511.506741,200,15.341701
-659.816063,200,15.37835
-1237.880055,200,15.41456
-581.493199,200,15.450467
-768.251304,200,15.486188
-917.577881,200,15.52227
-1147.538335,200,15.558577
-893.386855,200,15.595155
-922.968343,200,15.701544
-643.820908,200,15.738451
-1016.506065,200,15.774566
-1019.399859,200,15.810556
-905.068335,200,15.8471
-880.790879,200,15.883865
-923.429956,200,15.920386
-1072.482524,200,15.956679
-910.186784,200,15.992862
-1199.193333,200,16.028618
-1139.303995,200,16.135683
-640.221303,200,16.172209
-633.660483,200,16.208789
-718.377082,200,16.24514
-649.345201,200,16.281466
-1063.222846,200,16.317533
-766.758791,200,16.35355
-1076.883526,200,16.389959
-979.043435,200,16.426638
-1025.583209,200,16.463274
-1126.873481,200,16.570032
-1098.478272,200,16.606751
-664.661518,200,16.643034
-1013.270899,200,16.679435
-1015.491038,200,16.715833
-1026.528528,200,16.752208
-1069.215418,200,16.788774
-1530.607309,200,16.825785
-1400.563436,200,16.862127
-896.520855,200,16.899046
-636.948156,200,17.006413
-3.984716,200,17.043072
-1226.170565,200,17.082257
-821.531327,200,17.121822
-665.503708,200,17.163262
-793.091324,200,17.214493
-629.666659,200,17.274845
-380.318729,200,17.316595
-522.099613,200,17.358306
-392.092902,200,17.403079
-596.062422,200,17.520933
-912.132722,200,17.566944
-521.530129,200,17.611112
-679.045374,200,17.673244
-1107.27508,200,17.729384
-915.73982,200,17.773911
-644.608453,200,17.817286
-1295.030599,200,17.854885
-778.480861,200,17.892337
-816.439586,200,17.92962
-1247.233598,200,18.036823
-398.585443,200,18.07421
-386.379602,200,18.110921
-134.34436,200,18.147475
-520.875054,200,18.184629
-376.341941,200,18.221379
-136.560431,200,18.258081
-921.539685,200,18.295478
-550.845538,200,18.333489
-671.223071,200,18.370699
-129.665667,200,18.476989
-1283.258389,200,18.514851
-261.755245,200,18.552651
-575.237064,200,18.590233
-672.580611,200,18.627568
-2.853291,200,18.664544
-262.806709,200,18.701837
-129.044169,200,18.739101
-797.02608,200,18.777378
-2.384796,200,18.814465
-895.186217,200,18.930593
-134.295424,200,18.971368
-995.810295,200,19.01196
-1080.626644,200,19.053753
-543.732874,200,19.096957
-923.570863,200,19.159118
-675.429448,200,19.216414
-662.614838,200,19.26114
-525.925663,200,19.303686
-259.246653,200,19.348173
-263.633772,200,19.472278
-263.113443,200,19.518443
-312.807614,200,19.557826
-657.568773,200,19.595749
-4.386443,200,19.633238
-390.783233,200,19.670851
-1456.221972,200,19.708552
-819.988192,200,19.746069
-272.620301,200,19.784157
-670.14881,200,19.822215
-403.053318,200,19.930436
-522.376807,200,19.96849
-992.343601,200,20.006675
-3.722615,200,20.04406
-4.404125,200,20.082143
-268.064742,200,20.120025
-129.709843,200,20.157509
-261.990026,200,20.195572
-400.982997,200,20.233796
-403.04276,200,20.271698
-132.36627,200,20.379678
-128.786684,200,20.417179
-1443.276404,200,20.455098
-529.177121,200,20.492815
-413.782828,200,20.530592
-392.547302,200,20.568457
-2.520763,200,20.606321
-131.988593,200,20.644386
-391.617617,200,20.682111
-682.078268,200,20.719713
-1241.893666,200,20.827611
-7.170654,200,20.865291
-540.366161,200,20.903264
-132.958788,200,20.941382
-128.25795,200,20.979882
-1354.387141,200,21.017792
-259.758071,200,21.055879
-509.207773,200,21.093746
-131.911,200,21.131967
-266.66437,200,21.169875
-135.251703,200,21.277702
-267.114873,200,21.315688
-1533.342785,200,21.353503
-808.997703,200,21.391366
-1251.117582,200,21.429708
-134.363093,200,21.46817
-395.678229,200,21.50672
-402.503967,200,21.545404
-127.494745,200,21.584082
-128.298102,200,21.622363
-408.115622,200,21.734858
-126.91056,200,21.773853
-269.237637,200,21.813417
-542.941024,200,21.852118
-292.345892,200,21.89067
-132.828042,200,21.928646
-1157.765761,200,21.966746
-1094.528746,200,22.005362
-4.35381,200,22.043557
-656.900752,200,22.081618
-260.614228,200,22.197796
-525.550973,200,22.24748
-781.509241,200,22.310777
-447.235893,200,22.352415
-898.251572,200,22.394956
-7.099746,200,22.440117
-776.197465,200,22.484475
-401.630744,200,22.529942
-396.297565,200,22.609931
-900.217422,200,22.656741
-135.793836,200,22.79048
-131.727602,200,22.837298
-265.989898,200,22.884704
-524.976712,200,22.924526
-1375.429074,200,22.963203
-257.487297,200,23.001752
-566.792896,200,23.040193
-265.059795,200,23.078713
-1479.399195,200,23.117119
-1510.723316,200,23.155345
-1078.074493,200,23.263617
-779.350477,200,23.301854
-4.171881,200,23.34032
-399.13231,200,23.378894
-139.929854,200,23.417057
-3.755794,200,23.455361
-404.037231,200,23.493349
-531.711289,200,23.531645
-3.751919,200,23.569709
-442.370283,200,23.607918
-134.582925,200,23.716564
-544.973276,200,23.754795
-514.902688,200,23.793208
-780.266406,200,23.831729
-137.859076,200,23.869596
-271.069982,200,23.908097
-584.014107,200,23.946609
-265.374129,200,23.984766
-729.838653,200,24.023166
-260.394332,200,24.061138
-399.680922,200,24.178012
-258.362146,200,24.223525
-264.062194,200,24.267094
-267.981181,200,24.309947
-262.845058,200,24.37469
-259.371122,200,24.425483
-134.062964,200,24.470016
-1057.146975,200,24.515655
-1108.102781,200,24.56093
-1023.545679,200,24.605853
-1097.5986,200,24.730442
-1067.337862,200,24.77332
-1104.662948,200,24.81241
-657.25756,200,24.851004
-1085.267013,200,24.889196
-896.342837,200,24.927108
-1078.561438,200,24.965225
-1060.439249,200,25.003289
-1007.738544,200,25.04474
-1127.460723,200,25.083164
-138.891161,200,25.192345
-944.892326,200,25.230805
-275.426955,200,25.269564
-1168.092768,200,25.307886
-1033.017189,200,25.346021
-823.784957,200,25.384407
-135.712961,200,25.422997
-918.833931,200,25.460899
-910.634633,200,25.499316
-1036.202742,200,25.537544
-932.455654,200,25.647752
-1097.930833,200,25.687617
-1150.577296,200,25.726125
-9.840686,200,25.764722
-1014.589784,200,25.803145
-906.047011,200,25.841397
-912.216376,200,25.879534
-931.578218,200,25.917875
-1199.02775,200,25.956654
-1081.872106,200,25.9951
-1042.17459,200,26.123966
-964.233474,200,26.186702
-1055.589908,200,26.229213
-918.020265,200,26.271952
-924.272857,200,26.315429
-1026.377646,200,26.360887
-1029.070465,200,26.406784
-1019.31236,200,26.453902
-990.463159,200,26.498362
-21.065913,200,26.570929
-920.92759,200,26.697103
-1085.781781,200,26.74154
-785.675647,200,26.781146
-1151.267134,200,26.819907
-1177.156973,200,26.858917
-1341.152241,200,26.897658
-1263.838243,200,26.935967
-1069.330308,200,26.974593
-1300.109175,200,27.013138
-1226.869061,200,27.051446
-1188.533203,200,27.160601
-1207.478608,200,27.199207
-1211.576117,200,27.2379
-1191.872015,200,27.276134
-1246.407307,200,27.314506
-1319.159045,200,27.352765
-1075.465081,200,27.390821
-1155.945427,200,27.429003
-1280.17794,200,27.46747
-1219.5691,200,27.505842
-1342.066041,200,27.615281
-1318.963931,200,27.653719
-1368.761487,200,27.692127
-1281.041773,200,27.730458
-1228.63392,200,27.768792
-1190.646187,200,27.807377
-1291.708009,200,27.845616
-1325.7264,200,27.88392
-1256.433913,200,27.922153
-1328.053578,200,27.962205
-1023.151168,200,28.078352
-1193.194637,200,28.12068
-1332.892201,200,28.163518
-1227.894798,200,28.205617
-1294.1102,200,28.281791
-1327.588454,200,28.32752
-1256.215958,200,28.371812
-1164.329714,200,28.416497
-1171.146886,200,28.460643
-1203.042001,200,28.50765
-1342.338718,200,28.636498
-1158.261577,200,28.697181
-893.899941,200,28.736293
-1249.161403,200,28.775168
-1362.61887,200,28.813838
-1194.538346,200,28.852504
-1322.217037,200,28.890871
-1354.7129,200,28.929333
-1210.401058,200,28.967859
-1408.020988,200,29.00638
-833.162185,200,29.115606
-1196.445191,200,29.154295
-1220.084494,200,29.192705
-1210.827197,200,29.234029
-1309.770412,200,29.273121
-1091.829627,200,29.311295
-1040.761252,200,29.349935
-1391.917431,200,29.388294
-1190.646123,200,29.42642
-1363.397175,200,29.464981
-1070.142955,200,29.573452
-1388.26637,200,29.611931
-1218.286236,200,29.649681
-1284.051339,200,29.687864
-1398.820236,200,29.725957
-1355.001503,200,29.764367
-1370.886986,200,29.80227
-1462.909798,200,29.840707
-1481.268977,200,29.878759
-1320.842565,200,29.916627
-1406.647602,200,30.024328
-1428.283088,200,30.062763
-1249.375533,200,30.10146
-1403.441505,200,30.139843
-1308.31885,200,30.177813
-1416.634565,200,30.216396
-1479.763171,200,30.2561
-1196.757739,200,30.29428
-1341.690473,200,30.332529
-1377.34814,200,30.370805
-1388.340458,200,30.479018
-1387.211313,200,30.517274
-1263.987206,200,30.555747
-1314.1859,200,30.594004
-1388.518402,200,30.632374
-1382.330735,200,30.670474
-1449.942093,200,30.708745
-1261.073394,200,30.746807
-1242.332213,200,30.784807
-1433.661749,200,30.822946
-976.782514,200,30.930797
-1400.765086,200,30.970258
-1357.02311,200,31.012389
-1355.590175,200,31.050829
-1310.272815,200,31.089115
-1211.636924,200,31.127149
-1408.571747,200,31.165333
-1249.170139,200,31.203496
-1293.86835,200,31.241586
-1374.924457,200,31.279882
-1150.634328,200,31.390825
-1208.093578,200,31.429562
-1422.126257,200,31.467806
-1389.492311,200,31.506193
-1373.644516,200,31.544627
-1200.669533,200,31.582761
-1220.812707,200,31.620614
-1207.559643,200,31.65891
-1222.850693,200,31.697098
-1214.355575,200,31.734933
-1373.910482,200,31.84327
-1349.940197,200,31.881428
-1450.361843,200,31.919861
-1222.28637,200,31.957885
-1426.505008,200,31.996172
-1386.640646,200,32.034185
-1417.798185,200,32.072341
-1407.900446,200,32.110561
-1359.986469,200,32.148445
-1434.101808,200,32.186788
-1402.17808,200,32.29561
-1385.197744,200,32.333946
-1268.176378,200,32.371961
-1358.966093,200,32.41026
-1342.831241,200,32.448998
-1377.959678,200,32.48721
-1404.647573,200,32.525266
-1415.503344,200,32.563309
-1426.596594,200,32.601493
-1418.287458,200,32.639879
-1405.450939,200,32.756552
-1436.492375,200,32.800728
-1513.501919,200,32.843676
-1376.702298,200,32.886828
-1403.707226,200,32.930623
-1401.541093,200,32.974745
-1402.601033,200,33.045305
-1475.485711,200,33.100383
-1399.345229,200,33.144462
-1373.190369,200,33.190824
-1457.697386,200,33.317759
-1443.053302,200,33.36491
-1440.5751,200,33.404699
-1517.179117,200,33.443566
-1492.101252,200,33.482385
-1441.322469,200,33.52055
-1481.803828,200,33.558909
-1530.383369,200,33.59732
-1274.273371,200,33.635484
-1493.013435,200,33.674146
-1377.392491,200,33.785805
-1396.696917,200,33.824706
-1500.652643,200,33.863214
-1499.162299,200,33.901838
-1465.968537,200,33.940414
-1393.047877,200,33.978831
-1394.074336,200,34.017388
-1536.264058,200,34.05567
-1501.22704,200,34.094439
-1495.390963,200,34.132891
-1385.157988,200,34.245824
-1390.6146,200,34.284855
-1366.879505,200,34.323467
-1429.730832,200,34.361798
-1387.300194,200,34.400008
-1417.705451,200,34.438503
-1391.121229,200,34.476884
-1373.266987,200,34.515431
-1386.931885,200,34.554344
-1495.96034,200,34.592807
-1475.674819,200,34.702458
-1329.438376,200,34.741006
-1373.413559,200,34.779334
-1498.107769,200,34.818211
-1426.978086,200,34.857283
-1520.11438,200,34.89568
-1508.841404,200,34.934475
-1552.975949,200,34.972899
-1428.945501,200,35.011159
-1428.891475,200,35.049445
-1450.587952,200,35.158468
-1529.091745,200,35.196996
-1382.770217,200,35.235632
-1379.963224,200,35.274203
-1422.597481,200,35.312515
-1457.407678,200,35.350988
-1376.191752,200,35.389508
-1501.738402,200,35.42763
-1395.467468,200,35.4657
-1361.672857,200,35.503963
-1401.738344,200,35.612313
-1532.63283,200,35.650819
-1439.941238,200,35.689401
-1418.964611,200,35.727453
-1455.143622,200,35.765974
-1369.926573,200,35.804485
-1327.862335,200,35.842758
-1454.720548,200,35.880951
-1558.164406,200,35.919474
-1363.463895,200,35.957864
-1540.728094,200,36.067083
-1504.687359,200,36.105546
-1261.387164,200,36.144067
-1464.362176,200,36.182335
-1389.509474,200,36.22076
-1285.623883,200,36.259269
-1319.016944,200,36.297645
-2.025712,200,36.336026
-1230.48944,200,36.374414
-1505.46107,200,36.413055
-1488.473384,200,36.522404
-1456.438148,200,36.560819
-1406.639953,200,36.599367
-1370.287824,200,36.63764
-1249.975893,200,36.676276
-2.083734,200,36.714373
-1381.38668,200,36.752996
-1426.189789,200,36.791303
-1359.940865,200,36.829585
-1371.345912,200,36.867822
-1398.554285,200,36.97792
-1284.049287,200,37.016462
-1422.962931,200,37.055053
-1542.478693,200,37.093621
-1460.02645,200,37.131911
-1245.341107,200,37.170247
-1294.362162,200,37.208674
-1371.117733,200,37.246798
-1505.826105,200,37.285021
-1453.804759,200,37.323554
-1227.878904,200,37.439735
-1331.544131,200,37.487272
-1345.846577,200,37.552769
-1345.72513,200,37.59562
-3.038316,200,37.639344
-2.410367,200,37.684561
-1487.730568,200,37.729691
-1250.950692,200,37.775211
-5.476615,200,37.819449
-1194.305439,200,37.86643
-1448.56638,200,38.026138
-1195.627743,200,38.08874
-1393.515111,200,38.137098
-1415.650378,200,38.176837
-1175.88914,200,38.215975
-1148.409235,200,38.254743
-1158.126068,200,38.293137
-1127.516191,200,38.331897
-1216.821454,200,38.37073
-1088.602301,200,38.409038
-1445.861252,200,38.520739
-1073.591095,200,38.559432
-1107.419077,200,38.598108
-1528.201445,200,38.636535
-1.149031,200,38.674876
-1382.352008,200,38.713249
-1372.577267,200,38.751885
-1353.104594,200,38.790734
-1459.592182,200,38.82926
-1109.988145,200,38.867658
-1389.153819,200,38.979485
-1414.66921,200,39.02242
-1346.496708,200,39.065212
-1404.016026,200,39.107834
-1378.818029,200,39.150757
-1354.870121,200,39.193882
-1060.160687,200,39.243702
-1077.401754,200,39.303245
-1119.441729,200,39.355666
-1.990644,200,39.400556
-1131.780115,200,39.524185
-1383.421387,200,39.570716
-1205.290625,200,39.617004
-1202.813854,200,39.657111
-1551.681518,200,39.696078
-1364.975738,200,39.734701
-1531.509725,200,39.773613
-1518.327386,200,39.812187
-1046.113072,200,39.850744
-1192.602983,200,39.889043
-1401.857916,200,39.997953
-1.580129,200,40.036582
-1143.811302,200,40.075045
-1497.932426,200,40.113263
-1467.249284,200,40.151815
-1147.402178,200,40.189813
-1.829382,200,40.228222
-352.980842,200,40.266428
-1093.890828,200,40.304548
-1468.996956,200,40.342686
-1477.06443,200,40.450904
-1030.444702,200,40.489428
-962.958768,200,40.52761
-1354.037478,200,40.565823
-1074.87301,200,40.604107
-1036.411789,200,40.642362
-905.927927,200,40.680859
-1198.836859,200,40.7193
-1024.402686,200,40.757655
-1342.090815,200,40.795759
-1282.871918,200,40.904623
-1470.066918,200,40.943234
-1392.66293,200,40.981689
-1019.776293,200,41.019829
-3.098779,200,41.058164
-984.029499,200,41.096284
-902.442586,200,41.134313
-244.912422,200,41.17265
-1517.643726,200,41.210804
-1022.394607,200,41.248864
-1115.118927,200,41.390688
-971.44209,200,41.429356
-1510.178901,200,41.467821
-1018.670675,200,41.506146
-1371.540535,200,41.544627
-1.209366,200,41.582665
-1026.348041,200,41.621194
-1532.980093,200,41.660087
-1048.078547,200,41.698517
-1459.575922,200,41.736826
-1053.463704,200,41.845272
-1510.508839,200,41.883598
-1492.026792,200,41.922229
-1075.710802,200,41.96033
-947.552015,200,41.999075
-127.554383,200,42.037432
-1430.965236,200,42.075447
-1015.656884,200,42.113501
-341.002053,200,42.151984
-1521.262093,200,42.19032
-1130.743691,200,42.299468
-2.638373,200,42.338147
-1358.015613,200,42.376214
-1468.162484,200,42.414394
-5.738152,200,42.452899
-913.533006,200,42.491352
-950.730137,200,42.529573
-1477.97195,200,42.568342
-776.136335,200,42.606503
-1309.324791,200,42.644647
-813.84137,200,42.752034
-887.076394,200,42.790034
-1244.335105,200,42.828526
-1239.653573,200,42.867038
-1241.366675,200,42.904876
-1203.637669,200,42.943026
-1180.525096,200,42.980966
-1295.6565,200,43.018932
-372.303184,200,43.057388
-1203.435987,200,43.095429
-1021.962974,200,43.205368
-1.99212,200,43.243505
-128.892851,200,43.282209
-355.938616,200,43.320404
-2.516921,200,43.358462
-1072.7821,200,43.396429
-127.249007,200,43.434603
-369.833853,200,43.472681
-779.647905,200,43.510826
-1383.872682,200,43.548976
-1366.653017,200,43.66501
-120.152737,200,43.709726
-2.550141,200,43.778981
-772.248251,200,43.82176
-902.285888,200,43.866194
-1403.170421,200,43.911333
-129.290432,200,43.978781
-1351.197128,200,44.034628
-1271.407446,200,44.080639
-1317.473796,200,44.126581
-125.437199,200,44.259495
-390.686692,200,44.306416
-806.602909,200,44.348231
-1.386058,200,44.387485
-650.250921,200,44.425861
-2.560198,200,44.464135
-1058.843436,200,44.502921
-647.361717,200,44.541206
-1190.202061,200,44.579565
-241.009835,200,44.617679
-232.373221,200,44.725359
-358.565108,200,44.763901
-1026.526715,200,44.80252
-2.522251,200,44.840741
-348.66966,200,44.878707
-365.691621,200,44.916848
-253.153114,200,44.954999
-753.614354,200,44.993191
-237.302231,200,45.031575
-381.528059,200,45.069743
-128.550268,200,45.1799
-119.213006,200,45.218738
-243.079122,200,45.257538
-129.093208,200,45.296294
-2.37322,200,45.335231
-119.10142,200,45.373818
-251.998806,200,45.412401
-2.313394,200,45.450692
-129.15474,200,45.489088
-131.739031,200,45.527418
-267.347046,200,45.639676
-123.374181,200,45.678572
-354.508732,200,45.717037
-231.431528,200,45.755312
-121.106979,200,45.794105
-131.345456,200,45.832318
-2.620595,200,45.870711
-133.576429,200,45.908862
-128.737205,200,45.947472
-117.08328,200,45.985949
-255.414698,200,46.094177
-2.482881,200,46.132819
-1045.419696,200,46.171115
-1158.858466,200,46.209561
-251.290334,200,46.247681
-3.005758,200,46.286144
-125.493251,200,46.324961
-1034.135705,200,46.36292
-119.866996,200,46.400834
-782.026178,200,46.439265
-125.852638,200,46.548987
-129.319441,200,46.588367
-123.638334,200,46.626925
-126.235351,200,46.664992
-125.531181,200,46.703246
-388.930394,200,46.741659
-253.363837,200,46.779871
-122.355076,200,46.817974
-129.571319,200,46.856362
-122.655662,200,46.894325
-316.037774,200,47.002998
-126.317532,200,47.041372
-130.405189,200,47.079547
-131.119476,200,47.118044
-353.435478,200,47.156262
-123.757267,200,47.194409
-3.730318,200,47.232646
-129.712345,200,47.270723
-250.508427,200,47.308891
-247.816172,200,47.347166
-233.524178,200,47.455455
-132.372473,200,47.493749
-380.540605,200,47.531689
-128.960408,200,47.570044
-258.956501,200,47.608113
-125.400187,200,47.648392
-242.007681,200,47.686666
-129.025435,200,47.72459
-132.817764,200,47.76267
-128.097773,200,47.800963
-129.035656,200,47.951393
-126.742966,200,47.989995
-129.290012,200,48.028386
-242.644518,200,48.066798
-127.416755,200,48.105286
-121.307653,200,48.143434
-125.189932,200,48.181793
-260.926758,200,48.219848
-3.249521,200,48.257933
-4.590805,200,48.296211
-129.525551,200,48.406157
-237.465933,200,48.444608
-250.065319,200,48.483343
-119.637846,200,48.521571
-392.789656,200,48.559939
-131.736951,200,48.598012
-3.000143,200,48.636011
-253.734415,200,48.674138
-126.891456,200,48.712202
-234.008726,200,48.750148
-127.353259,200,48.866772
-243.550723,200,48.908966
-130.499264,200,48.977499
-123.1073,200,49.029017
-128.459993,200,49.072637
-129.141328,200,49.116643
-237.872213,200,49.162296
-3.890023,200,49.214943
-329.992138,200,49.2857
-252.036388,200,49.334734
-233.06308,200,49.460556
-3.336913,200,49.508387
-127.952966,200,49.550189
-239.94774,200,49.589184
-433.814821,200,49.627878
-243.712499,200,49.666061
-462.445287,200,49.704534
-119.336653,200,49.742932
-252.057491,200,49.781365
-120.285457,200,49.819561
-245.450013,200,49.927935
-414.634253,200,49.966569
-252.189548,200,50.005036
-244.479524,200,50.04334
-126.520596,200,50.081625
-128.548374,200,50.119807
-119.232693,200,50.157895
-124.924169,200,50.195982
-120.784646,200,50.234142
-369.47485,200,50.272119
-252.089797,200,50.380585
-390.96958,200,50.419151
-245.919398,200,50.457416
-122.155683,200,50.495683
-129.578167,200,50.533941
-366.690099,200,50.572249
-248.276798,200,50.610323
-369.89902,200,50.648447
-244.464218,200,50.686467
-307.775123,200,50.724437
-126.19021,200,50.835701
-3.944229,200,50.874768
-249.813926,200,50.918186
-230.794076,200,50.9583
-123.570436,200,50.997078
-131.146801,200,51.035588
-3.374792,200,51.073852
-126.545403,200,51.111883
-339.090818,200,51.151396
-122.619465,200,51.194119
-264.826583,200,51.310521
-122.886432,200,51.371372
-363.25778,200,51.424648
-2.667029,200,51.470262
-283.499505,200,51.51519
-2.317378,200,51.562575
-126.475691,200,51.606932
-130.247829,200,51.653886
-5.115108,200,51.700163
-254.980869,200,51.745474
-244.448248,200,51.893222
-252.027202,200,51.934387
-122.571918,200,51.97318
-375.108604,200,52.01196
-247.837399,200,52.050903
-128.202241,200,52.089785
-351.70927,200,52.128725
-239.320956,200,52.167218
-369.397208,200,52.206088
-245.677,200,52.244506
-254.560953,200,52.355701
-127.158856,200,52.39473
-118.880059,200,52.433383
-119.549259,200,52.472142
-364.560859,200,52.510787
-401.909926,200,52.548989
-516.526788,200,52.587347
-250.006126,200,52.625408
-3.388811,200,52.663927
-117.374412,200,52.702277
-130.443693,200,52.812246
-4.760806,200,52.85121
-5.845437,200,52.889738
-128.296639,200,52.928195
-123.371747,200,52.966762
-258.72089,200,53.005219
-400.999651,200,53.043615
-132.631408,200,53.082118
-356.519475,200,53.12056
-514.457026,200,53.159158
-248.295746,200,53.270741
-3.580626,200,53.309328
-392.120652,200,53.348206
-253.682214,200,53.386738
-129.49761,200,53.425325
-358.968037,200,53.464024
-130.460954,200,53.50229
-129.261451,200,53.540461
-130.918983,200,53.578812
-214.261526,200,53.617096
-247.996807,200,53.726264
-374.120812,200,53.765111
-130.412484,200,53.803952
-122.752721,200,53.842124
-125.780819,200,53.880802
-366.438389,200,53.943707
-129.579914,200,53.983632
-126.844974,200,54.022085
-123.628322,200,54.060151
-121.540469,200,54.098929
-254.576964,200,54.20714
-254.815383,200,54.248053
-122.028336,200,54.288177
-337.441623,200,54.326743
-244.32088,200,54.365134
-524.263956,200,54.40345
-128.840983,200,54.441695
-499.78274,200,54.479999
-357.945315,200,54.518431
-3.246431,200,54.556577
-245.207062,200,54.674464
-452.669894,200,54.717157
-247.569571,200,54.760985
-130.023451,200,54.803388
-3.793032,200,54.847254
-396.247974,200,54.890184
-254.901188,200,54.955472
-363.105381,200,55.012012
-128.504546,200,55.056698
-383.043188,200,55.102466
-462.212897,200,55.227261
-247.677596,200,55.271824
-247.999739,200,55.311218
-502.913321,200,55.349621
-251.173386,200,55.388452
-250.938323,200,55.426564
-315.967077,200,55.464802
-2.923261,200,55.502374
-3.04955,200,55.540771
-487.260207,200,55.57902
-3.82841,200,55.68794
-129.363813,200,55.726483
-126.62016,200,55.765086
-480.746375,200,55.803479
-367.711858,200,55.841679
-476.014558,200,55.879893
-255.50892,200,55.917993
-375.72863,200,55.956062
-374.822566,200,55.99497
-128.599349,200,56.033706
-242.585233,200,56.151603
-244.393101,200,56.194782
-120.61189,200,56.260541
-245.254043,200,56.30903
-129.469439,200,56.353517
-251.606834,200,56.397658
-247.848693,200,56.443107
-126.151967,200,56.488997
-380.885719,200,56.533835
-241.559987,200,56.579483
-248.056448,200,56.721726
-127.94731,200,56.777714
-243.816134,200,56.820671
-362.039889,200,56.859915
-496.72762,200,56.898387
-240.792753,200,56.936708
-130.39384,200,56.975208
-474.450588,200,57.013649
-508.129044,200,57.05207
-361.345801,200,57.090226
-249.466751,200,57.19889
-493.524485,200,57.237444
-853.170684,200,57.276171
-378.111933,200,57.314381
-715.482838,200,57.352979
-129.317122,200,57.391255
-499.388253,200,57.429748
-359.933712,200,57.468057
-249.862416,200,57.506391
-401.832564,200,57.544587
-3.133573,200,57.65548
-379.38495,200,57.694111
-505.490409,200,57.732528
-369.897294,200,57.770996
-126.594895,200,57.809452
-131.661831,200,57.847997
-131.594516,200,57.886541
-246.073102,200,57.924796
-243.206025,200,57.963358
-252.306109,200,58.001942
-129.192006,200,58.112688
-362.166168,200,58.151123
-251.560657,200,58.189493
-250.075593,200,58.227981
-349.788593,200,58.266494
-4.317578,200,58.304849
-373.339153,200,58.34343
-249.447162,200,58.381796
-251.780911,200,58.420228
-248.563248,200,58.458617
-238.207259,200,58.567818
-2.942241,200,58.606408
-377.335629,200,58.645438
-377.783198,200,58.683764
-251.4643,200,58.722583
-249.84575,200,58.761042
-257.285772,200,58.799571
-241.368744,200,58.837808
-380.044168,200,58.87678
-380.257721,200,58.915487
-372.929929,200,59.024452
-128.609132,200,59.062949
-503.867716,200,59.101299
-383.855728,200,59.139515
-524.132953,200,59.178062
-3.768772,200,59.216342
-257.819501,200,59.257209
-126.913317,200,59.296633
-624.617504,200,59.33508
-3.950024,200,59.373834
-247.855843,200,59.48263
-252.509737,200,59.521133
-2.621603,200,59.559438
-486.667676,200,59.597902
-823.913537,200,59.635831
-250.309205,200,59.674303
-2.607448,200,59.712692
-125.669548,200,59.750907
-752.272385,200,59.789053
-776.549322,200,59.827671
-379.794342,200,59.936254
-128.292179,200,59.974554
-251.042715,200,60.013123
-380.46365,200,60.051586
-747.70168,200,60.090119
-255.602397,200,60.128499
-125.809382,200,60.166531
-856.377494,200,60.20508
-472.703105,200,60.243347
-372.835861,200,60.281866
-365.500207,200,60.399441
-390.498148,200,60.44309
-504.725137,200,60.486088
-1.791419,200,60.528428
-249.820309,200,60.571947
-389.40838,200,60.627455
-491.091297,200,60.691899
-129.18293,200,60.736812
-122.381035,200,60.781171
-129.003547,200,60.826865
-3.633646,200,60.95099
-1.476825,200,60.994253
-389.802631,200,61.033088
-251.450449,200,61.071706
-371.793033,200,61.11067
-125.009842,200,61.148966
-1.605497,200,61.187304
-494.513272,200,61.225337
-359.134123,200,61.263547
-468.654596,200,61.301992
-371.912714,200,61.410304
-246.169646,200,61.449044
-365.840417,200,61.487802
-366.837465,200,61.526139
-127.646947,200,61.564631
-382.435578,200,61.602978
-374.263729,200,61.641076
-624.78292,200,61.679132
-359.758679,200,61.717246
-376.979259,200,61.756622
-659.05308,200,61.867873
-372.31925,200,61.907133
-1.615252,200,61.945309
-731.325608,200,61.983442
-247.790923,200,62.022323
-867.021289,200,62.060553
-130.592374,200,62.098762
-892.470533,200,62.136917
-879.542617,200,62.175382
-757.079667,200,62.213859
-740.280607,200,62.32716
-821.344287,200,62.369388
-255.747079,200,62.424768
-498.123805,200,62.487833
-390.241706,200,62.530685
-504.473251,200,62.573488
-505.858534,200,62.61907
-498.287106,200,62.664069
-505.691455,200,62.71077
-387.134906,200,62.755075
-493.567012,200,62.9353
-1.449867,200,62.98391
-380.391373,200,63.030905
-489.243647,200,63.074215
-481.210414,200,63.113447
-486.013736,200,63.152274
-617.539417,200,63.190517
-254.50927,200,63.228935
-634.162979,200,63.267123
-744.068315,200,63.305759
-2.535323,200,63.414115
-359.441318,200,63.452785
-377.448947,200,63.491147
-755.618624,200,63.529311
-243.302879,200,63.567851
-251.237436,200,63.605806
-130.787027,200,63.64398
-254.836856,200,63.681893
-372.425008,200,63.720025
-365.453814,200,63.75793
-767.779971,200,63.866191
-376.591567,200,63.904563
-244.51501,200,63.943095
-371.80239,200,63.981094
-711.94154,200,64.019829
-879.626824,200,64.058472
-490.302511,200,64.096477
-824.641906,200,64.134262
-865.574578,200,64.171975
-246.675707,200,64.21033
-380.593062,200,64.32131
-125.666524,200,64.359939
-1.4373,200,64.398548
-872.155043,200,64.436558
-376.855218,200,64.475178
-757.986007,200,64.513483
-747.925349,200,64.551736
-881.618779,200,64.590029
-746.403948,200,64.628146
-639.04035,200,64.666407
-948.562909,200,64.775662
-1.918633,200,64.814372
-124.969018,200,64.853089
-126.59192,200,64.891175
-499.540723,200,64.929741
-498.540068,200,64.967622
-122.216336,200,65.006258
-254.719769,200,65.044611
-878.056715,200,65.083136
-493.087998,200,65.121443
-602.956245,200,65.230818
-378.627277,200,65.26916
-368.047516,200,65.307369
-381.215972,200,65.345757
-369.153393,200,65.384032
-254.042853,200,65.422225
-624.270465,200,65.460529
-252.234204,200,65.499743
-389.68895,200,65.538189
-491.708322,200,65.576525
-869.74245,200,65.694152
-872.527069,200,65.737809
-130.246087,200,65.780253
-497.131781,200,65.823023
-758.145988,200,65.879413
-430.863958,200,65.935701
-632.33059,200,65.981081
-131.648325,200,66.025928
-506.867784,200,66.069717
-819.616841,200,66.115304
-252.818645,200,66.239008
-743.97801,200,66.283386
-255.297344,200,66.322856
-250.642133,200,66.361528
-764.328087,200,66.399911
-788.675858,200,66.437884
-500.631232,200,66.47625
-3.270971,200,66.514317
-869.355798,200,66.552388
-755.25994,200,66.591056
-128.8306,200,66.699099
-372.289957,200,66.738035
-493.435383,200,66.776883
-501.284402,200,66.815131
-622.36774,200,66.853655
-127.106319,200,66.891699
-506.085833,200,66.929847
-627.889882,200,66.967876
-1.419986,200,67.005783
-872.72055,200,67.043545
-1.35587,200,67.152453
-2.437609,200,67.190679
-373.52175,200,67.228801
-1.364468,200,67.268256
-127.213556,200,67.306625
-493.929683,200,67.344763
-506.244187,200,67.382971
-249.491822,200,67.420721
-1.493162,200,67.458783
-256.684305,200,67.496847
-255.298345,200,67.605178
-603.300538,200,67.643621
-3.05054,200,67.682155
-128.901635,200,67.720494
-503.642008,200,67.75875
-1.323716,200,67.797349
-630.085367,200,67.83548
-502.912166,200,67.873791
-399.633849,200,67.911847
-379.950346,200,67.950409
-371.985486,200,68.058835
-127.475633,200,68.09738
-1.255341,200,68.13536
-625.235299,200,68.173032
-377.272784,200,68.211244
-618.575307,200,68.249428
-128.580638,200,68.287642
-502.612238,200,68.325583
-1.675942,200,68.363762
-362.475767,200,68.402016
-594.583381,200,68.525537
-376.359881,200,68.586113
-586.744053,200,68.630447
-618.592153,200,68.672343
-505.865482,200,68.716101
-762.29836,200,68.760723
-737.110281,200,68.807049
-365.237701,200,68.854122
-876.712932,200,68.906934
-868.432309,200,68.984364
-126.905904,200,69.112539
-381.097604,200,69.15941
-869.869367,200,69.19905
-755.727874,200,69.237351
-490.500602,200,69.279611
-843.962824,200,69.31852
-851.35589,200,69.356988
-751.054321,200,69.395266
-878.949706,200,69.433925
-253.567154,200,69.471962
-129.662806,200,69.584879
-251.458964,200,69.623558
-368.381678,200,69.661798
-128.732193,200,69.70034
-127.104154,200,69.738823
-486.670651,200,69.776957
-245.151297,200,69.81511
-380.182442,200,69.853425
-655.158003,200,69.891848
-374.504103,200,69.930164
-1.456644,200,70.038835
-487.170383,200,70.077658
-387.280225,200,70.116165
-255.936028,200,70.154441
-374.319285,200,70.192801
-624.524608,200,70.231014
-1.958472,200,70.269397
-1.553628,200,70.307851
-645.056933,200,70.346678
-619.687415,200,70.390638
-482.481577,200,70.498966
-611.372449,200,70.537312
-757.945743,200,70.575407
-375.222757,200,70.614356
-250.409473,200,70.652887
-373.564585,200,70.691124
-502.265264,200,70.72967
-641.844567,200,70.767658
-755.368782,200,70.805667
-370.31569,200,70.845937
-493.391364,200,70.961091
-631.087107,200,70.999729
-390.938433,200,71.037993
-1.3283,200,71.076644
-378.570808,200,71.115247
-456.890039,200,71.153353
-126.08633,200,71.191518
-597.433715,200,71.229957
-1.356251,200,71.268022
-761.157151,200,71.306359
-759.143885,200,71.421425
-884.232672,200,71.464388
-256.985704,200,71.50743
-1.192653,200,71.550158
-730.663523,200,71.61442
-503.718869,200,71.667354
-250.452172,200,71.712527
-252.3523,200,71.75647
-638.963782,200,71.80167
-756.079888,200,71.84707
-365.390127,200,71.973242
-374.926851,200,72.026044
-905.9364,200,72.088666
-243.495247,200,72.128076
-245.886068,200,72.166615
-252.023596,200,72.205239
-265.764947,200,72.244093
-238.126527,200,72.282803
-123.976409,200,72.321269
-363.846798,200,72.359705
-246.412789,200,72.469053
-357.513056,200,72.50768
-237.993444,200,72.54631
-633.103672,200,72.585311
-625.729287,200,72.623782
-380.480724,200,72.661922
-244.466693,200,72.699827
-494.265199,200,72.738139
-745.131644,200,72.776302
-253.477062,200,72.814307
-699.297736,200,72.924156
-801.267703,200,72.962918
-490.000613,200,73.001214
-639.565286,200,73.039508
-753.58292,200,73.077685
-844.031049,200,73.115778
-2.277998,200,73.153713
-620.552436,200,73.191688
-616.463957,200,73.229613
-252.105189,200,73.267737
-129.748975,200,73.385424
-368.64667,200,73.429328
-380.33192,200,73.472188
-630.048478,200,73.514963
-873.351311,200,73.559067
-511.51354,200,73.603676
-386.560935,200,73.679399
-626.800115,200,73.732511
-380.228173,200,73.777933
-951.991918,200,73.822585
-747.439381,200,73.948435
-1.599328,200,73.995832
-131.723342,200,74.035012
-496.789311,200,74.073732
-746.043996,200,74.112178
-250.914156,200,74.150594
-129.854804,200,74.189111
-496.966451,200,74.227268
-505.049958,200,74.267792
-129.162953,200,74.307646
-1.756829,200,74.417288
-127.951827,200,74.455728
-128.116838,200,74.494202
-575.930475,200,74.53252
-368.830871,200,74.570684
-1.35323,200,74.609135
-446.939462,200,74.647644
-375.242143,200,74.685847
-242.808034,200,74.723885
-249.140106,200,74.762215
-368.897102,200,74.870491
-2.205276,200,74.90907
-1.413211,200,74.947639
-253.001629,200,74.985991
-250.402025,200,75.024277
-319.760382,200,75.06251
-362.353491,200,75.100899
-250.643718,200,75.139148
-245.722064,200,75.17742
-254.10767,200,75.215484
-238.813791,200,75.324981
-126.825737,200,75.363628
-247.836858,200,75.402229
-128.243134,200,75.440426
-247.876672,200,75.478565
-1.32342,200,75.516849
-125.059629,200,75.555097
-758.170942,200,75.593015
-491.567185,200,75.631301
-256.937717,200,75.669554
-757.584473,200,75.777363
-128.0499,200,75.815937
-256.192307,200,75.854135
-248.436788,200,75.892348
-2.171149,200,75.930769
-128.217647,200,75.969065
-2.268426,200,76.007668
-252.533971,200,76.045967
-254.496169,200,76.083714
-649.424456,200,76.121766
-259.096138,200,76.229529
-367.978103,200,76.267983
-1.464359,200,76.306246
-4.354674,200,76.344356
-744.105966,200,76.382468
-264.073406,200,76.420572
-117.990966,200,76.458798
-122.914319,200,76.496749
-1.35336,200,76.534778
-242.113203,200,76.572958
-367.763397,200,76.68224
-249.948839,200,76.720828
-125.569057,200,76.759339
-125.95438,200,76.797499
-128.956675,200,76.835794
-129.086244,200,76.874185
-373.825287,200,76.912021
-379.911131,200,76.950157
-240.575721,200,76.988582
-126.95508,200,77.027566
-250.1245,200,77.136474
-244.137728,200,77.174858
-250.51767,200,77.21339
-507.453646,200,77.251796
-252.204181,200,77.290198
-130.326433,200,77.328372
-363.312537,200,77.366487
-524.003291,200,77.404633
-133.126321,200,77.442788
-786.743757,200,77.48106
-128.914711,200,77.59726
-128.071761,200,77.6458
-249.709092,200,77.71452
-385.408399,200,77.755931
-251.150924,200,77.800248
-289.630038,200,77.845416
-379.994849,200,77.890112
-250.244764,200,77.935251
-240.748896,200,77.979793
-369.195022,200,78.026631
-246.225976,200,78.16984
-245.145498,200,78.224604
-1.28151,200,78.269656
-382.560006,200,78.308963
-258.497897,200,78.347687
-362.940992,200,78.386054
-130.6273,200,78.424695
-115.438247,200,78.463397
-1.192953,200,78.501715
-253.802619,200,78.539729
-250.30327,200,78.64852
-1.504313,200,78.686977
-131.330659,200,78.725458
-119.968632,200,78.763863
-251.383493,200,78.802393
-372.580062,200,78.840728
-124.931386,200,78.879137
-390.453427,200,78.917291
-245.380368,200,78.955412
-258.163276,200,78.994003
-0.811217,200,79.101334
-366.323576,200,79.139954
-375.938057,200,79.178505
-239.511319,200,79.217168
-1.242625,200,79.257345
-126.733347,200,79.297971
-129.970949,200,79.336692
-337.823724,200,79.374958
-4.004482,200,79.413372
-122.250451,200,79.451768
-121.902524,200,79.561096
-374.590347,200,79.600003
-129.606157,200,79.638459
-367.53385,200,79.676365
-274.812055,200,79.715255
-116.466006,200,79.753789
-257.457541,200,79.791805
-126.337003,200,79.830194
-2.068546,200,79.86874
-243.885619,200,79.907238
-238.817216,200,80.015155
-369.028892,200,80.053742
-130.834566,200,80.092419
-242.930076,200,80.130609
-127.567509,200,80.169042
-357.244513,200,80.20725
-246.967909,200,80.24522
-126.744293,200,80.283572
-130.000524,200,80.321576
-127.950637,200,80.36004
-125.425084,200,80.467973
-129.245096,200,80.506135
-3.420649,200,80.544375
-127.52145,200,80.582751
-130.662002,200,80.620969
-126.845213,200,80.659064
-120.112868,200,80.697427
-127.926954,200,80.735595
-260.946318,200,80.773884
-252.418707,200,80.812222
-372.91989,200,80.921044
-123.642236,200,80.959843
-244.679111,200,80.997913
-132.628534,200,81.036359
-133.755898,200,81.074755
-128.189778,200,81.113169
-250.71042,200,81.151433
-377.094527,200,81.189419
-118.393221,200,81.227403
-125.767639,200,81.265706
-2.213276,200,81.377308
-366.498302,200,81.415778
-116.212115,200,81.454091
-121.248072,200,81.49266
-124.52652,200,81.531183
-1.621143,200,81.569146
-129.02626,200,81.607478
-126.661178,200,81.645838
-118.796819,200,81.684073
-129.288595,200,81.722115
-129.836295,200,81.830347
-374.50184,200,81.869194
-127.79222,200,81.907656
-126.670344,200,81.945902
-126.336284,200,81.984316
-124.453466,200,82.022506
-118.722423,200,82.060797
-258.59924,200,82.099099
-339.641006,200,82.137742
-122.572195,200,82.176053
-252.786425,200,82.286042
-125.763401,200,82.324442
-123.981139,200,82.362651
-259.366177,200,82.401245
-116.972434,200,82.439162
-380.192179,200,82.477666
-127.103091,200,82.515958
-255.695265,200,82.554137
-124.858582,200,82.592311
-126.379481,200,82.630191
-127.008517,200,82.798034
-251.528797,200,82.84168
-238.728728,200,82.884972
-2.278714,200,82.926646
-242.960649,200,82.969737
-121.759835,200,83.039336
-406.177989,200,83.092659
-128.904375,200,83.138314
-128.216463,200,83.182625
-127.992045,200,83.22816
-2.556628,200,83.353861
-118.658858,200,83.396895
-358.323599,200,83.436318
-128.30718,200,83.475061
-127.008217,200,83.513772
-243.142728,200,83.552613
-127.360623,200,83.591105
-126.949576,200,83.629557
-130.70924,200,83.66804
-127.651534,200,83.706432
-360.7546,200,83.815775
-246.105239,200,83.854822
-292.073641,200,83.893541
-122.86564,200,83.932197
-3.033002,200,83.970632
-233.990936,200,84.00901
-122.054231,200,84.047622
-126.361784,200,84.086254
-232.117097,200,84.124689
-2.242988,200,84.163123
-127.040446,200,84.274283
-250.184576,200,84.314153
-129.534451,200,84.352786
-130.345552,200,84.391022
-242.734662,200,84.429578
-122.316145,200,84.467593
-125.432184,200,84.5062
-367.446169,200,84.544546
-1.23295,200,84.582905
-128.449195,200,84.621324
-118.333732,200,84.731711
-130.628169,200,84.770232
-1.243397,200,84.808308
-250.970234,200,84.846879
-372.798518,200,84.886183
-114.591366,200,84.924518
-130.410344,200,84.96231
-127.933211,200,85.00058
-247.188366,200,85.039037
-235.997488,200,85.077552
-128.876663,200,85.185949
-128.948618,200,85.224003
-246.734615,200,85.265222
-228.872027,200,85.307119
-126.319837,200,85.349107
-337.649731,200,85.415494
-0.918115,200,85.45769
-120.963235,200,85.499244
-123.30126,200,85.543031
-245.683754,200,85.587639
-348.767495,200,85.709974
-126.45133,200,85.759837
-239.012369,200,85.835621
-129.56062,200,85.883377
-129.415701,200,85.930357
-124.76095,200,85.976687
-125.33571,200,86.016039
-359.776376,200,86.054931
-129.37176,200,86.093907
-2.048435,200,86.132631
-123.352731,200,86.2409
-1.451576,200,86.279457
-366.366843,200,86.317663
-312.45286,200,86.356208
-127.859376,200,86.394573
-120.857375,200,86.432606
-1.337731,200,86.470619
-125.635994,200,86.5089
-245.071922,200,86.54702
-126.568815,200,86.585147
-121.181815,200,86.694462
-123.122044,200,86.733056
-126.832269,200,86.771473
-126.039306,200,86.80989
-115.054167,200,86.848632
-124.986832,200,86.886812
-252.398376,200,86.924751
-1.422742,200,86.962781
-367.377872,200,87.000968
-1.821483,200,87.038913
-125.552136,200,87.147483
-245.871139,200,87.185929
-122.937749,200,87.224557
-253.16,200,87.262589
-124.931114,200,87.301187
-233.217314,200,87.339439
-369.601869,200,87.377586
-354.226275,200,87.415598
-229.969578,200,87.454422
-124.942396,200,87.492789
-125.756587,200,87.603035
-127.25615,200,87.641161
-122.62561,200,87.679888
-117.13445,200,87.718389
-126.079495,200,87.7566
-248.536584,200,87.794708
-129.279581,200,87.832834
-251.223232,200,87.87087
-129.789072,200,87.909318
-127.439204,200,87.951936
-122.918417,200,88.068933
-0.855395,200,88.112739
-121.179595,200,88.16786
-249.506469,200,88.231437
-368.119694,200,88.277432
-124.101553,200,88.323225
-247.682509,200,88.367555
-123.263688,200,88.413328
-1.366729,200,88.458773
-245.714307,200,88.503098
-124.820518,200,88.621861
-127.882632,200,88.660914
-367.204493,200,88.699783
-258.004855,200,88.738471
-121.783212,200,88.776845
-361.104164,200,88.815323
-245.136695,200,88.85389
-117.224475,200,88.892289
-340.233909,200,88.930826
-123.509175,200,88.96881
-246.894507,200,89.078036
-358.783096,200,89.116473
-249.760222,200,89.154938
-127.596679,200,89.192926
-240.951665,200,89.231239
-118.350301,200,89.271081
-1.678708,200,89.311034
-353.126456,200,89.349343
-120.248241,200,89.387688
-373.513062,200,89.426151
-5.827111,200,89.547257
-125.589771,200,89.615894
-244.628921,200,89.659966
-235.051366,200,89.702433
-127.246731,200,89.745237
-125.449028,200,89.79037
-349.338811,200,89.837507
-128.085627,200,89.884173
-0.831814,200,89.935653
-3.175088,200,90.005036
-243.762546,200,90.133987
-366.696142,200,90.179294
-240.988321,200,90.218472
-242.499937,200,90.257135
-123.433002,200,90.295909
-1.986842,200,90.334351
-114.218277,200,90.372473
-125.540299,200,90.410687
-369.205903,200,90.448932
-237.070847,200,90.487376
-250.618755,200,90.596597
-251.169984,200,90.635492
-125.885555,200,90.67407
-122.834256,200,90.712491
-258.72901,200,90.750865
-3.612044,200,90.788839
-354.901272,200,90.827209
-373.377412,200,90.865488
-124.420392,200,90.906151
-126.136938,200,90.947456
-2.532666,200,91.063572
-123.253701,200,91.102136
-123.620815,200,91.140437
-344.862636,200,91.178855
-120.369399,200,91.217344
-330.548755,200,91.255586
-129.260786,200,91.293812
-353.822817,200,91.33235
-2.333213,200,91.370442
-120.592997,200,91.408753
-127.68675,200,91.518099
-126.423524,200,91.556583
-256.744025,200,91.595145
-123.005403,200,91.633457
-128.873957,200,91.671667
-251.57083,200,91.70979
-129.195943,200,91.747847
-1.429733,200,91.785996
-247.471224,200,91.824145
-356.927487,200,91.862242
-330.679708,200,91.970644
-123.7613,200,92.008992
-128.965563,200,92.047413
-123.944672,200,92.085858
-244.748272,200,92.124265
-121.755231,200,92.162297
-117.586321,200,92.200864
-128.106299,200,92.23917
-249.754267,200,92.277498
-1.269933,200,92.315823
-249.947648,200,92.424751
-126.910234,200,92.463006
-126.846095,200,92.501458
-239.561515,200,92.539727
-126.809106,200,92.57824
-248.907933,200,92.616313
-354.684894,200,92.654512
-125.422746,200,92.692843
-124.290316,200,92.730971
-2.888408,200,92.768936
-2.009789,200,92.877499
-128.602468,200,92.915542
-250.119818,200,92.954132
-364.129274,200,92.992103
-238.063008,200,93.030245
-124.805063,200,93.068145
-0.620286,200,93.106427
-367.374145,200,93.144515
-375.979576,200,93.182701
-247.032595,200,93.220813
-243.929867,200,93.332697
-287.561799,200,93.372216
-238.293905,200,93.410604
-126.291827,200,93.449086
-128.091466,200,93.487832
-127.882419,200,93.52608
-127.092593,200,93.564496
-120.28517,200,93.602848
-129.282328,200,93.640904
-118.105033,200,93.67926
-126.600848,200,93.788872
-128.055512,200,93.827396
-127.319393,200,93.866145
-367.125939,200,93.904594
-250.184939,200,93.942927
-244.379025,200,93.981065
-1.9588,200,94.019178
-363.987139,200,94.058254
-238.415496,200,94.096825
-127.284257,200,94.135237
-1.149623,200,94.243671
-253.901708,200,94.284389
-117.258035,200,94.323994
-126.427815,200,94.362925
-232.58677,200,94.401433
-126.66779,200,94.43969
-458.881227,200,94.478195
-1.140926,200,94.516579
-126.453179,200,94.556627
-376.707889,200,94.595091
-126.074232,200,94.713482
-1.129054,200,94.757167
-375.208055,200,94.799918
-123.451971,200,94.857698
-129.28176,200,94.918014
-3.135882,200,94.963328
-1.677447,200,95.009036
-126.8958,200,95.053763
-229.254268,200,95.09944
-371.171868,200,95.144887
-253.077937,200,95.272846
-244.590177,200,95.342232
-250.249692,200,95.381485
-1.644219,200,95.420032
-123.629957,200,95.459054
-251.720471,200,95.497923
-239.327044,200,95.536595
-234.820926,200,95.5752
-123.261373,200,95.614051
-128.397571,200,95.652539
-247.383178,200,95.762891
-126.134577,200,95.801639
-359.125575,200,95.840253
-366.022088,200,95.87875
-367.066628,200,95.917376
-130.638293,200,95.955962
-128.415867,200,95.994445
-124.697836,200,96.032534
-118.771318,200,96.070745
-2.387842,200,96.109125
-2.616603,200,96.217648
-118.549626,200,96.25609
-127.463809,200,96.294565
-127.230733,200,96.33268
-227.687356,200,96.370992
-331.778356,200,96.408897
-122.035336,200,96.447867
-123.744761,200,96.486444
-369.812567,200,96.524642
-126.82123,200,96.56343
-239.193609,200,96.670956
-120.066244,200,96.709313
-127.70937,200,96.74766
-368.480061,200,96.786243
-236.536929,200,96.825316
-126.607749,200,96.863829
-118.147438,200,96.902337
-114.857109,200,96.941096
-128.363939,200,96.97956
-1.431702,200,97.017655
-253.739071,200,97.13458
-125.667206,200,97.17808
-115.678559,200,97.221298
-236.242791,200,97.26444
-1.602403,200,97.308357
-123.056042,200,97.353352
-129.114327,200,97.419529
-121.931761,200,97.477301
-254.663562,200,97.521084
-281.880374,200,97.567678
-346.309163,200,97.693863
-118.981075,200,97.740765
-238.736923,200,97.780536
-248.524652,200,97.819229
-123.800695,200,97.857858
-366.604155,200,97.896436
-240.490208,200,97.934558
-345.938979,200,97.973079
-115.732736,200,98.01155
-127.52437,200,98.050197
-123.650118,200,98.158714
-119.465414,200,98.197593
-125.097887,200,98.236173
-244.152298,200,98.274887
-235.141674,200,98.313524
-127.911462,200,98.351627
-379.357952,200,98.390167
-235.530179,200,98.428506
-238.356381,200,98.466993
-366.451768,200,98.505423
-224.95689,200,98.614279
-122.159614,200,98.653019
-123.015393,200,98.691674
-249.374328,200,98.730005
-238.336111,200,98.768747
-121.555171,200,98.807129
-243.838826,200,98.84559
-2.381055,200,98.883681
-120.360096,200,98.921955
-126.711851,200,98.960193
-238.081904,200,99.070719
-2.538707,200,99.109286
-359.138515,200,99.147474
-123.457743,200,99.186028
-122.663597,200,99.225432
-245.767493,200,99.264131
-240.078706,200,99.307185
-123.709112,200,99.346345
-127.131908,200,99.384561
-121.003204,200,99.423016
-126.162213,200,99.533197
-233.529524,200,99.572513
-126.726488,200,99.61126
-242.307091,200,99.649432
-120.218675,200,99.687919
-430.305352,200,99.726161
-366.173241,200,99.764827
-126.788461,200,99.803554
-122.566178,200,99.841863
-337.071192,200,99.879975
-359.415737,200,99.993778
-370.658914,200,100.036709
-357.245153,200,100.098265
-1.865451,200,100.15752
-235.604659,200,100.201856
-125.307187,200,100.2465
-364.996126,200,100.29035
-125.577614,200,100.337834
-408.477029,200,100.38373
-114.136247,200,100.429773
-126.122502,200,100.573785
-1.54655,200,100.627494
-355.815348,200,100.675034
-1.385391,200,100.715475
-243.228093,200,100.75451
-128.09225,200,100.793459
-126.285039,200,100.832371
-126.047062,200,100.871465
-232.281676,200,100.910342
-238.676312,200,100.948873
-128.496099,200,101.057168
-126.913704,200,101.095994
-120.462907,200,101.134988
-126.837599,200,101.173532
-357.220753,200,101.211683
-354.02446,200,101.250155
-115.718204,200,101.288673
-365.999514,200,101.326985
-311.489771,200,101.365411
-126.311214,200,101.40384
-238.305751,200,101.512268
-1.113877,200,101.550951
-244.757447,200,101.58945
-364.959338,200,101.627946
-232.406333,200,101.666327
-119.776586,200,101.704788
-128.066119,200,101.743346
-125.961737,200,101.781808
-456.062782,200,101.820257
-1.553853,200,101.858638
-241.905354,200,101.96739
-359.357633,200,102.006023
-119.867248,200,102.044809
-249.2608,200,102.08329
-369.416982,200,102.121869
-240.185093,200,102.161499
-336.154403,200,102.199955
-386.403568,200,102.238228
-230.53221,200,102.277202
-237.9668,200,102.315524
-354.396812,200,102.457344
-124.673229,200,102.495996
-365.14391,200,102.535072
-233.487705,200,102.578496
-126.086887,200,102.62177
-313.634912,200,102.66464
-234.226011,200,102.708361
-127.213879,200,102.750463
-235.80981,200,102.792719
-123.126937,200,102.852303
-120.510744,200,102.980215
-240.545848,200,103.026695
-235.578245,200,103.072693
-125.619262,200,103.116968
-124.777945,200,103.162482
-127.919546,200,103.210429
-236.551604,200,103.251662
-342.878405,200,103.290686
-123.803316,200,103.329712
-238.525882,200,103.368144
-353.247669,200,103.477277
-117.201079,200,103.516364
-124.805023,200,103.555113
-125.620515,200,103.59339
-121.887757,200,103.63193
-365.939662,200,103.670108
-374.54338,200,103.70881
-123.908038,200,103.747613
-495.956565,200,103.785889
-1.00214,200,103.824182
-358.952148,200,103.932354
-342.149559,200,103.971134
-118.997231,200,104.01008
-232.389608,200,104.04825
-245.319631,200,104.087008
-370.943075,200,104.125133
-240.752841,200,104.163641
-237.650763,200,104.202133
-125.816987,200,104.241206
-1.173909,200,104.280463
-306.268041,200,104.391721
-339.364061,200,104.430736
-349.411416,200,104.469344
-231.046733,200,104.508012
-2.974872,200,104.546637
-247.418602,200,104.585284
-126.095634,200,104.623668
-122.287311,200,104.662075
-356.941827,200,104.700364
-243.433807,200,104.739106
-242.580188,200,104.847346
-123.587187,200,104.886054
-349.49566,200,104.924469
-127.275373,200,104.962554
-129.874761,200,105.001063
-124.008436,200,105.039473
-124.831376,200,105.077878
-127.279046,200,105.117105
-358.998508,200,105.155189
-241.452741,200,105.193821
-125.047882,200,105.30626
-2.305899,200,105.345015
-472.756615,200,105.383388
-246.890438,200,105.421625
-344.588763,200,105.460768
-126.675866,200,105.498961
-125.492623,200,105.537183
-118.969607,200,105.575528
-123.246572,200,105.61396
-240.777955,200,105.652355
-240.328381,200,105.769262
-239.929471,200,105.836206
-364.886189,200,105.88186
-122.998399,200,105.927053
-352.446774,200,106.018717
-117.826994,200,106.137197
-227.800662,200,106.243087
-237.845297,200,106.297507
-348.825028,200,106.36126
-473.050298,200,106.432127
-127.810947,200,106.560797
-125.850045,200,106.601162
-125.124387,200,106.640429
-125.385756,200,106.679317
-125.743908,200,106.71885
-248.678156,200,106.759552
-239.523368,200,106.798398
-238.676679,200,106.836683
-240.200858,200,106.875628
-122.371496,200,106.916575
-125.552564,200,107.02648
-236.142409,200,107.066412
-119.132724,200,107.107112
-230.690964,200,107.147321
-339.099768,200,107.190447
-427.362702,200,107.233489
-410.775105,200,107.277895
-126.98368,200,107.320823
-522.36352,200,107.364155
-250.22199,200,107.427563
-1.399829,200,107.557691
-126.343734,200,107.602908
-1.644798,200,107.647623
-126.771089,200,107.692848
-359.631161,200,107.738379
-317.968843,200,107.784351
-121.856366,200,107.827233
-344.806962,200,107.866437
-126.411707,200,107.905267
-244.40126,200,107.944918
-124.620528,200,108.054701
-132.785161,200,108.09374
-128.344733,200,108.132355
-125.454902,200,108.170889
-364.728078,200,108.209646
-241.315769,200,108.247794
-1.163693,200,108.286302
-128.034329,200,108.324926
-1.416676,200,108.363114
-1.080463,200,108.401056
-125.562576,200,108.510121
-241.946489,200,108.548612
-0.827275,200,108.588157
-125.779695,200,108.627092
-126.961019,200,108.665312
-238.989988,200,108.703791
-117.582428,200,108.742068
-122.023435,200,108.780296
-124.196235,200,108.818277
-126.176278,200,108.856474
-240.654076,200,108.966686
-126.659857,200,109.005099
-233.659929,200,109.043415
-475.437023,200,109.081864
-1.273509,200,109.120536
-352.614441,200,109.158843
-366.409467,200,109.197258
-1.53769,200,109.235875
-350.753903,200,109.275017
-397.1567,200,109.316398
-126.353764,200,109.424903
-237.365371,200,109.466962
-239.431877,200,109.518372
-233.369578,200,109.58483
-372.058193,200,109.628488
-126.256858,200,109.671101
-2.846073,200,109.714927
-242.238536,200,109.759604
-248.792532,200,109.80384
-1.929084,200,109.849481
-2.201357,200,109.993963
-126.532854,200,110.039823
-239.913708,200,110.090396
-330.36437,200,110.138126
-238.322846,200,110.178979
-235.548854,200,110.217695
-362.130765,200,110.257008
-246.781951,200,110.29558
-463.058773,200,110.333666
-243.21267,200,110.372172
-1.114639,200,110.481554
-244.04063,200,110.520078
-249.322436,200,110.558228
-1.983297,200,110.596685
-455.048942,200,110.634647
-483.797532,200,110.673018
-365.455371,200,110.711271
-123.781232,200,110.749568
-237.526903,200,110.787773
-124.649354,200,110.825561
-125.913319,200,110.936751
-238.548505,200,110.976517
-354.510129,200,111.015475
-356.439076,200,111.055618
-2.671021,200,111.097194
-346.896012,200,111.140163
-236.729805,200,111.182957
-127.689181,200,111.22549
-121.506844,200,111.278712
-125.884359,200,111.344277
-246.135025,200,111.466694
-128.612119,200,111.511774
-368.997191,200,111.557484
-243.170428,200,111.603229
-236.663386,200,111.650057
-117.865818,200,111.705551
-233.793737,200,111.769319
-238.511076,200,111.808185
-124.248214,200,111.84724
-374.716105,200,111.885903
-2.778351,200,111.994306
-240.297957,200,112.032821
-128.984309,200,112.071376
-352.610032,200,112.109663
-360.833765,200,112.148163
-349.37071,200,112.186664
-126.29379,200,112.224948
-115.587327,200,112.263092
-464.812619,200,112.301403
-5.914255,200,112.339671
-369.400743,200,112.449094
-127.439488,200,112.487703
-362.661834,200,112.525869
-119.716068,200,112.564358
-243.748384,200,112.602917
-123.109469,200,112.641199
-355.261461,200,112.679451
-247.74076,200,112.717968
-567.838358,200,112.755831
-120.531253,200,112.793687
-248.30508,200,112.902729
-482.908806,200,112.941203
-362.462469,200,112.979665
-247.984174,200,113.017702
-246.879708,200,113.055793
-241.05568,200,113.093767
-1.359719,200,113.132061
-126.69418,200,113.170233
-125.56368,200,113.208539
-245.755,200,113.24667
-1.446041,200,113.356375
-2.687371,200,113.395438
-513.362758,200,113.433915
-360.30656,200,113.472201
-244.778623,200,113.51044
-124.054246,200,113.548617
-248.851112,200,113.586917
-249.569998,200,113.625134
-125.432739,200,113.663413
-118.323832,200,113.702167
-240.433344,200,113.81043
-125.74326,200,113.849263
-127.26013,200,113.887702
-122.062722,200,113.925748
-1.171873,200,113.96418
-360.450669,200,114.002213
-245.11512,200,114.040133
-1.376623,200,114.078566
-352.117829,200,114.116682
-497.628063,200,114.155068
-126.58175,200,114.263339
-1.31063,200,114.303592
-124.206161,200,114.343477
-126.802769,200,114.382554
-246.423073,200,114.420714
-239.774362,200,114.459049
-118.718001,200,114.497269
-231.147141,200,114.53558
-247.211224,200,114.573863
-364.09559,200,114.612087
-252.366088,200,114.719834
-250.390989,200,114.758288
-126.767235,200,114.796484
-362.207432,200,114.834561
-356.527952,200,114.87338
-250.019005,200,114.911371
-332.967161,200,114.949379
-249.034753,200,114.987494
-128.557351,200,115.025672
-1.341164,200,115.063764
-1.769231,200,115.1727
-123.145416,200,115.211405
-0.835508,200,115.249486
-123.749281,200,115.287703
-350.919655,200,115.325811
-371.976751,200,115.363903
-241.477248,200,115.402046
-361.958838,200,115.440293
-475.233415,200,115.478544
-239.139221,200,115.516603
-240.310884,200,115.624451
-242.385658,200,115.662697
-234.488101,200,115.701077
-127.937166,200,115.739395
-245.48654,200,115.777887
-125.703012,200,115.815906
-371.313629,200,115.854094
-247.862393,200,115.892447
-1.785371,200,115.930761
-2.437214,200,115.968845
-124.007798,200,116.076423
-127.593421,200,116.115003
-119.819705,200,116.153536
-126.740866,200,116.191695
-471.087971,200,116.229947
-126.228379,200,116.268016
-2.856395,200,116.306184
-127.209796,200,116.344436
-125.255427,200,116.382804
-127.001918,200,116.421249
-123.290854,200,116.52901
-239.326174,200,116.567356
-346.236821,200,116.606143
-457.817915,200,116.644582
-126.066695,200,116.682731
-124.260194,200,116.720607
-337.917985,200,116.758524
-126.826995,200,116.796373
-124.38129,200,116.834949
-1.297613,200,116.872747
-249.679042,200,116.990601
-125.896563,200,117.034623
-123.991538,200,117.077463
-247.518509,200,117.119467
-366.815646,200,117.162771
-367.073169,200,117.207626
-124.100765,200,117.270183
-362.173051,200,117.330434
-122.176708,200,117.375394
-237.668601,200,117.422121
-422.080282,200,117.549913
-359.915226,200,117.597234
-124.473677,200,117.637214
-448.333985,200,117.676304
-122.960704,200,117.715079
-366.157382,200,117.753101
-125.288901,200,117.79174
-268.66443,200,117.830056
-125.594711,200,117.868799
-358.143382,200,117.90731
-235.063223,200,118.015838
-126.358331,200,118.054903
-241.465095,200,118.093554
-485.511205,200,118.132142
-123.664423,200,118.17047
-360.799493,200,118.209008
-241.200596,200,118.247284
-126.228475,200,118.285466
-125.999233,200,118.323414
-525.285985,200,118.361809
-234.685417,200,118.470983
-362.267787,200,118.509071
-122.172553,200,118.547398
-351.387873,200,118.585564
-123.895459,200,118.623775
-354.988373,200,118.661903
-362.630445,200,118.69997
-250.433383,200,118.738091
-124.329308,200,118.776467
-366.152984,200,118.814326
-249.786045,200,118.921659
-127.852801,200,118.95997
-236.338402,200,118.99835
-126.582659,200,119.03661
-125.899528,200,119.074548
-366.376837,200,119.112671
-357.130876,200,119.15059
-121.311897,200,119.188518
-349.185712,200,119.226696
-372.595355,200,119.264441
-469.169627,200,119.375201
-364.430831,200,119.414024
-121.922682,200,119.45259
-126.250091,200,119.490823
-392.92977,200,119.528889
-123.777958,200,119.567136
-370.319949,200,119.605287
-124.268246,200,119.643097
-479.130078,200,119.681206
-244.473976,200,119.719224
-353.686316,200,119.86074
-1.019932,200,119.899298
-242.540217,200,119.937564
-124.886218,200,119.975866
-122.285322,200,120.014136
-488.023058,200,120.052491
-2.940588,200,120.090656
-244.281116,200,120.128765
-244.209263,200,120.16705
-241.78516,200,120.205038
-127.035911,200,120.314144
-492.711197,200,120.35253
-339.106328,200,120.390965
-1.034459,200,120.428764
-240.998269,200,120.466906
-359.69832,200,120.504734
-119.775302,200,120.54262
-343.201558,200,120.580099
-359.944096,200,120.618132
-437.027599,200,120.656177
-253.988524,200,120.764233
-120.460294,200,120.802668
-239.46413,200,120.841322
-418.167601,200,120.879633
-127.532377,200,120.917563
-241.083578,200,120.955814
-240.707755,200,120.994184
-250.331238,200,121.032311
-241.377927,200,121.070037
-121.494538,200,121.112139
-377.406471,200,121.237619
-126.278187,200,121.298398
-122.6766,200,121.340961
-233.913128,200,121.383884
-355.999577,200,121.429928
-245.117124,200,121.476045
-127.599275,200,121.523594
-364.499453,200,121.566813
-123.940101,200,121.61414
-363.273599,200,121.660351
-0.804336,200,121.796074
-239.818633,200,121.844797
-352.494445,200,121.885618
-374.863863,200,121.924288
-243.454622,200,121.963058
-363.233376,200,122.001625
-245.605026,200,122.040079
-123.37762,200,122.078329
-347.298528,200,122.116687
-120.989611,200,122.154825
-249.431799,200,122.263437
-366.298218,200,122.301944
-467.607279,200,122.340086
-128.050416,200,122.378557
-336.092881,200,122.416729
-128.151546,200,122.454783
-124.754852,200,122.492651
-0.78501,200,122.530825
-371.828041,200,122.569184
-126.508738,200,122.607805
-240.018551,200,122.716281
-367.936487,200,122.754634
-362.845723,200,122.792742
-376.522103,200,122.833708
-239.531767,200,122.875972
-252.646805,200,122.91923
-250.479623,200,122.960261
-247.271295,200,123.003706
-236.97455,200,123.046089
-251.492242,200,123.095589
-122.103247,200,123.222534
-126.599808,200,123.268636
-352.502018,200,123.31362
-122.802699,200,123.359222
-438.116608,200,123.404785
-124.558195,200,123.450018
-120.64015,200,123.496824
-247.684153,200,123.538934
-357.516977,200,123.577569
-243.813154,200,123.616222
-361.448197,200,123.725865
-124.129367,200,123.764387
-238.358777,200,123.802979
-1.941216,200,123.841423
-123.118438,200,123.879862
-360.295887,200,123.917908
-375.12824,200,123.956017
-129.408734,200,123.994281
-345.356953,200,124.032502
-431.005223,200,124.07049
-124.625626,200,124.178471
-252.187261,200,124.217357
-254.757927,200,124.255761
-243.367716,200,124.2944
-247.944736,200,124.335529
-244.097113,200,124.374169
-123.68782,200,124.412674
-244.113481,200,124.451039
-127.311257,200,124.489448
-365.484245,200,124.527543
-121.737327,200,124.636516
-1.238953,200,124.674845
-365.185759,200,124.713254
-239.084143,200,124.751518
-238.548651,200,124.789901
-253.540719,200,124.82862
-251.256598,200,124.8686
-119.60592,200,124.907333
-128.917747,200,124.945476
-235.398541,200,124.98399
-127.985928,200,125.09305
-125.867138,200,125.131586
-237.428967,200,125.170078
-340.15334,200,125.208048
-124.62159,200,125.246264
-244.595072,200,125.284421
-1.021692,200,125.322571
-330.482053,200,125.360812
-0.956229,200,125.398614
-126.734623,200,125.436789
-370.97824,200,125.545506
-123.998639,200,125.584128
-119.327005,200,125.622904
-1.193537,200,125.661068
-239.788427,200,125.699444
-125.583139,200,125.737705
-125.324824,200,125.776124
-342.088589,200,125.814312
-125.626782,200,125.855249
-124.437709,200,125.895514
-244.804742,200,126.003426
-125.783614,200,126.041665
-248.021774,200,126.079827
-122.126728,200,126.118067
-127.251676,200,126.156315
-126.756996,200,126.194681
-1.15502,200,126.23282
-125.507166,200,126.270536
-250.05804,200,126.308481
-243.640442,200,126.34658
-128.6916,200,126.455785
-128.198641,200,126.494495
-123.525088,200,126.532927
-124.107223,200,126.570902
-245.439076,200,126.609417
-1.441807,200,126.64805
-1.822725,200,126.68638
-123.413679,200,126.724523
-245.324782,200,126.762787
-122.996376,200,126.80082
-128.473132,200,126.91334
-125.301068,200,126.956184
-1.374485,200,127.017229
-354.992501,200,127.070681
-125.924083,200,127.112763
-244.247823,200,127.15548
-239.643749,200,127.199554
-236.106653,200,127.245463
-126.403954,200,127.290705
-245.322499,200,127.336513
-123.542966,200,127.482297
-239.103054,200,127.52915
-122.587764,200,127.581258
-128.571535,200,127.629112
-377.126274,200,127.669545
-121.891514,200,127.708595
-0.999818,200,127.747537
-355.251164,200,127.786122
-127.541608,200,127.824322
-126.268414,200,127.862507
-126.692791,200,127.971709
-127.829814,200,128.010265
-133.333585,200,128.04877
-119.710959,200,128.087163
-123.144303,200,128.125992
-125.224176,200,128.163941
-352.633146,200,128.202186
-123.936317,200,128.240408
-357.910322,200,128.278395
-125.39808,200,128.316567
-2.41633,200,128.42432
-251.887923,200,128.462996
-248.451957,200,128.501602
-242.872034,200,128.540086
-126.293954,200,128.578384
-235.304074,200,128.616808
-128.134102,200,128.655148
-366.947971,200,128.693593
-125.338692,200,128.73139
-126.12122,200,128.76955
-125.352527,200,128.877864
-126.888605,200,128.915969
-1.587737,200,128.95381
-129.468684,200,128.991746
-428.169648,200,129.02979
-241.774865,200,129.067996
-250.042382,200,129.10651
-124.533085,200,129.1447
-232.817835,200,129.183011
-2.402799,200,129.221476
-124.054165,200,129.335926
-330.569314,200,129.375427
-367.669061,200,129.413669
-244.911523,200,129.452176
-375.849341,200,129.491049
-127.194978,200,129.529714
-126.404391,200,129.568153
-293.285647,200,129.606724
-128.240961,200,129.644871
-125.24521,200,129.683234
-258.834917,200,129.792345
-237.674059,200,129.830973
-124.474917,200,129.869746
-411.961783,200,129.908114
-125.844814,200,129.946446
-1.503608,200,129.984754
-0.97304,200,130.022924
-348.414165,200,130.061384
-493.655007,200,130.099568
-119.045369,200,130.13803
-0.895788,200,130.248004
-127.24995,200,130.286733
-380.78862,200,130.325061
-262.731396,200,130.363608
-333.971139,200,130.40171
-1.245631,200,130.440144
-244.459751,200,130.478422
-252.929455,200,130.516728
-127.731999,200,130.555009
-123.206445,200,130.593113
-121.54019,200,130.703
-126.764137,200,130.741543
-124.530332,200,130.779767
-238.052032,200,130.818143
-367.091279,200,130.856469
-238.895802,200,130.89498
-237.215656,200,130.933483
-134.968232,200,130.974963
-351.563176,200,131.016996
-357.180541,200,131.055481
-242.679258,200,131.163887
-358.065919,200,131.20264
-236.48845,200,131.240604
-346.880061,200,131.279121
-371.940571,200,131.317557
-128.651273,200,131.356
-234.823347,200,131.394524
-238.159517,200,131.43282
-1.911783,200,131.470711
-235.204247,200,131.508804
-125.241724,200,131.6182
-121.927146,200,131.656737
-122.560982,200,131.695189
-123.008169,200,131.733626
-127.39824,200,131.771825
-127.9325,200,131.809857
-369.973527,200,131.84811
-126.155606,200,131.886439
-123.778513,200,131.924715
-232.33637,200,131.963115
-125.529272,200,132.071004
-126.822292,200,132.109535
-1.191513,200,132.147919
-237.626911,200,132.18714
-248.979099,200,132.226997
-125.539243,200,132.265659
-126.238406,200,132.304116
-126.478445,200,132.342422
-235.650482,200,132.380767
-245.301419,200,132.418929
-126.809111,200,132.53132
-248.765705,200,132.572792
-2.427572,200,132.6119
-123.865321,200,132.650619
-236.950336,200,132.688911
-127.479037,200,132.726892
-1.506327,200,132.764823
-245.651726,200,132.802846
-127.126096,200,132.841018
-238.757223,200,132.87923
-234.779701,200,132.997523
-119.80247,200,133.039884
-120.061624,200,133.081879
-343.036027,200,133.126647
-372.355571,200,133.198146
-251.553947,200,133.244233
-126.343169,200,133.28898
-359.14107,200,133.334201
-122.061795,200,133.37782
-238.859733,200,133.422236
-236.566107,200,133.547607
-126.860754,200,133.616313
-118.173714,200,133.658963
-325.112612,200,133.698212
-124.570853,200,133.736952
-124.148336,200,133.775292
-240.89555,200,133.813879
-125.15849,200,133.852726
-235.38012,200,133.891093
-123.400903,200,133.929534
-122.457064,200,134.03846
-127.958031,200,134.077023
-360.576175,200,134.115257
-350.047612,200,134.153557
-122.501287,200,134.191996
-237.877172,200,134.230292
-1.362927,200,134.268615
-122.720543,200,134.308209
-126.988962,200,134.348926
-121.496163,200,134.387265
-230.93899,200,134.49647
-337.348649,200,134.535184
-121.438694,200,134.573693
-353.06554,200,134.61221
-122.514479,200,134.650735
-125.316112,200,134.689216
-126.266251,200,134.727468
-377.361527,200,134.765867
-126.784851,200,134.806707
-262.560145,200,134.848135
-242.854355,200,134.964521
-126.393377,200,135.007391
-121.82898,200,135.052077
-123.245562,200,135.097527
-260.691598,200,135.167382
-119.410568,200,135.223679
-359.298202,200,135.268346
-125.031075,200,135.314773
-251.148309,200,135.361091
-248.332296,200,135.407075
-124.38509,200,135.52608
-122.008085,200,135.56518
-2.326311,200,135.6048
-256.297698,200,135.643181
-285.886126,200,135.681578
-242.32046,200,135.720191
-120.693902,200,135.758747
-126.759617,200,135.797252
-126.718556,200,135.835512
-126.426859,200,135.873861
-349.137313,200,135.983295
-123.571287,200,136.022051
-3.029144,200,136.060702
-362.925837,200,136.099036
-125.251171,200,136.137314
-124.625181,200,136.17564
-235.458019,200,136.213672
-121.148968,200,136.25202
-238.918117,200,136.290543
-124.57373,200,136.328735
-245.250023,200,136.438653
-238.878981,200,136.477551
-237.223318,200,136.51641
-124.905726,200,136.554732
-228.576192,200,136.592965
-234.171837,200,136.631134
-124.509298,200,136.669481
-234.439631,200,136.70742
-366.301139,200,136.745394
-354.584306,200,136.783846
-367.325164,200,136.892829
-126.354827,200,136.931433
-123.649883,200,136.96942
-248.311803,200,137.007682
-1.261056,200,137.046071
-123.020401,200,137.08423
-249.025358,200,137.122414
-380.451156,200,137.160421
-371.382978,200,137.198443
-123.042825,200,137.236595
-241.644026,200,137.345875
-237.823704,200,137.384325
-128.597377,200,137.422712
-359.811852,200,137.461224
-234.64342,200,137.499634
-241.211421,200,137.538033
-244.706417,200,137.576343
-122.653194,200,137.61477
-252.59076,200,137.652906
-124.65162,200,137.690764
-244.793231,200,137.830169
-124.375077,200,137.868809
-124.782192,200,137.907409
-118.012437,200,137.94534
-358.498723,200,137.983765
-247.358,200,138.022218
-248.653426,200,138.060401
-1.503295,200,138.098715
-122.433343,200,138.137062
-123.30582,200,138.175427
-250.769838,200,138.284217
-121.156145,200,138.322744
-1.348569,200,138.361397
-121.752927,200,138.399563
-126.205673,200,138.438067
-241.441904,200,138.476177
-126.764857,200,138.514131
-123.528075,200,138.552355
-119.736556,200,138.590291
-368.089376,200,138.62834
-247.23828,200,138.738671
-371.241553,200,138.781113
-2.761317,200,138.823118
-2.202348,200,138.875495
-359.273145,200,138.939906
-128.459112,200,138.983162
-123.255395,200,139.028126
-123.018439,200,139.074392
-240.442812,200,139.121545
-339.916469,200,139.166823
-1.196823,200,139.293612
-2.235873,200,139.362314
-123.857944,200,139.429468
-239.917186,200,139.475143
-114.855158,200,139.514928
-125.002757,200,139.553873
-120.717912,200,139.592653
-1.142989,200,139.630841
-122.716173,200,139.669305
-237.040466,200,139.707525
-234.796732,200,139.816289
-125.959904,200,139.855007
-121.257604,200,139.893515
-123.507429,200,139.931891
-117.934097,200,139.970373
-119.383755,200,140.008745
-128.786414,200,140.047052
-1.168176,200,140.085307
-241.653251,200,140.123796
-239.944143,200,140.161914
-247.418946,200,140.271633
-234.016238,200,140.31014
-123.082492,200,140.348366
-126.254954,200,140.386548
-126.222055,200,140.425045
-123.064247,200,140.463692
-125.130394,200,140.501754
-124.143028,200,140.540139
-353.200877,200,140.578362
-124.813753,200,140.616694
-358.194135,200,140.725336
-348.681903,200,140.764095
-1.732258,200,140.802634
-236.191897,200,140.841052
-123.602922,200,140.879357
-315.23655,200,140.918102
-128.497648,200,140.956422
-253.322384,200,140.994519
-338.536305,200,141.032922
-247.886439,200,141.070914
-1.570043,200,141.182935
-347.774315,200,141.221642
-393.097132,200,141.260061
-128.394889,200,141.29846
-370.704998,200,141.337117
-120.739528,200,141.375401
-310.605916,200,141.41375
-235.710881,200,141.451884
-1.509664,200,141.490209
-240.549833,200,141.528305
-245.06967,200,141.637505
-120.68704,200,141.6759
-126.116605,200,141.714364
-231.64096,200,141.752746
-366.867926,200,141.790815
-119.774527,200,141.829164
-125.910272,200,141.86751
-343.395414,200,141.905741
-124.981221,200,141.943896
-1.506103,200,141.981946
-121.463526,200,142.09096
-123.260257,200,142.129754
-125.260314,200,142.168018
-351.444143,200,142.206332
-121.900198,200,142.244703
-121.85932,200,142.282942
-237.52825,200,142.320816
-122.768817,200,142.358833
-126.988554,200,142.397032
-124.996896,200,142.435188
-125.145734,200,142.543424
-365.047512,200,142.581772
-348.7013,200,142.620214
-239.235904,200,142.65847
-358.602256,200,142.696607
-234.581459,200,142.734751
-126.464485,200,142.773032
-127.53073,200,142.810902
-245.312846,200,142.848914
-128.037661,200,142.887499
-234.129711,200,142.996623
-126.962202,200,143.035514
-358.901071,200,143.074119
-233.714584,200,143.112325
-120.357564,200,143.150786
-239.284298,200,143.189058
-3.722327,200,143.227183
-123.298068,200,143.265404
-123.726298,200,143.303607
-1.585409,200,143.34165
-122.154647,200,143.451498
-235.925143,200,143.48978
-246.201587,200,143.528127
-241.035567,200,143.566636
-118.785804,200,143.605042
-125.537363,200,143.643317
-235.756553,200,143.68145
-0.656014,200,143.719337
-121.019728,200,143.757457
-125.97009,200,143.795614
-348.733157,200,143.903787
-350.765315,200,143.942446
-123.58111,200,143.980754
-123.431572,200,144.019248
-123.700686,200,144.05785
-359.284175,200,144.095905
-360.32827,200,144.134057
-125.457054,200,144.172175
-353.240093,200,144.209895
-125.295198,200,144.247973
-361.288016,200,144.36066
-248.456144,200,144.399309
-242.100908,200,144.4376
-120.989541,200,144.476396
-122.794318,200,144.514475
-376.441216,200,144.552451
-234.553859,200,144.590853
-124.22033,200,144.629209
-239.338934,200,144.667258
-238.409848,200,144.70533
-242.583311,200,144.842973
-126.52776,200,144.886336
-240.105475,200,144.92862
-344.279607,200,144.970995
-0.548364,200,145.014961
-125.402307,200,145.066212
-123.823571,200,145.136145
-2.639865,200,145.181555
-1.187307,200,145.226779
-114.417175,200,145.27217
-117.823862,200,145.395345
-236.347,200,145.438521
-119.697289,200,145.477409
-235.896713,200,145.515848
-121.259761,200,145.554155
-362.466161,200,145.592537
-247.576084,200,145.630817
-354.68781,200,145.668832
-122.388537,200,145.707487
-248.627003,200,145.745773
-243.983909,200,145.854896
-122.875009,200,145.893749
-1.218915,200,145.932478
-334.010027,200,145.971289
-120.420859,200,146.009672
-121.306625,200,146.048049
-1.468231,200,146.086469
-125.015211,200,146.124365
-235.059534,200,146.162531
-126.164909,200,146.200763
-1.629496,200,146.309528
-125.075628,200,146.348283
-121.725129,200,146.386878
-241.006469,200,146.425574
-126.41933,200,146.463524
-121.149347,200,146.501559
-126.875314,200,146.539903
-1.598117,200,146.578006
-1.962948,200,146.616094
-1.939154,200,146.655094
-1.069012,200,146.772836
-239.560876,200,146.831744
-121.544565,200,146.891321
-255.192609,200,146.935593
-121.489819,200,146.979677
-118.020702,200,147.025525
-124.963625,200,147.071382
-240.114218,200,147.118959
-123.79956,200,147.163613
-2.074393,200,147.209175
-121.889314,200,147.35431
-129.920269,200,147.404843
-364.224876,200,147.44614
-2.86281,200,147.48501
-247.392158,200,147.523459
-230.690893,200,147.561913
-1.349723,200,147.600315
-123.566166,200,147.638701
-232.772789,200,147.677059
-353.689205,200,147.714893
-126.112368,200,147.824253
-242.715406,200,147.862738
-117.980097,200,147.901022
-243.928394,200,147.939307
-124.411573,200,147.977515
-385.209039,200,148.015575
-239.291009,200,148.053669
-1.245199,200,148.091621
-125.025272,200,148.129994
-242.409739,200,148.168449
-128.129507,200,148.283633
-234.593017,200,148.322334
-251.30809,200,148.360825
-127.409102,200,148.39944
-123.200893,200,148.437825
-242.535816,200,148.476083
-123.5904,200,148.514285
-359.775041,200,148.552789
-251.330407,200,148.590929
-116.914322,200,148.629005
-124.593646,200,148.737419
-3.641652,200,148.775636
-122.782331,200,148.814004
-125.991784,200,148.852155
-122.045458,200,148.890336
-2.961889,200,148.928531
-238.465388,200,148.966851
-241.63742,200,149.005074
-129.414095,200,149.04342
-116.286699,200,149.081643
-386.809702,200,149.190179
-245.957904,200,149.228561
-119.370989,200,149.266871
-122.882554,200,149.305073
-126.562414,200,149.345808
-1.55199,200,149.385054
-122.908495,200,149.423862
-1.394218,200,149.462867
-124.088421,200,149.501329
-240.384211,200,149.539625
-231.237227,200,149.648826
-119.222697,200,149.687242
-248.789858,200,149.72585
-2.993841,200,149.763985
-236.477509,200,149.80219
-115.950024,200,149.84054
-126.954155,200,149.878776
-123.306067,200,149.916874
-119.341394,200,149.955201
-124.699867,200,149.993456
-238.401331,200,150.102501
-1.309906,200,150.1414
-119.612659,200,150.179903
-2.263909,200,150.218684
-242.008009,200,150.256881
-123.72066,200,150.29505
-3.059771,200,150.3332
-366.510095,200,150.371557
-120.427113,200,150.409336
-319.472914,200,150.447628
-4.820154,200,150.564511
-3.226774,200,150.607379
-2.253901,200,150.650473
-356.06649,200,150.692894
-233.292302,200,150.736276
-243.06021,200,150.800416
-124.839269,200,150.85994
-125.892839,200,150.905497
-237.713654,200,150.952344
-122.9665,200,150.997778
-243.043477,200,151.123274
-124.968984,200,151.167756
-242.702301,200,151.206885
-126.948798,200,151.245315
-238.308196,200,151.283736
-235.200955,200,151.32223
-247.0329,200,151.360388
-122.517961,200,151.398715
-123.897374,200,151.436869
-122.726498,200,151.474947
-233.140583,200,151.583449
-1.139989,200,151.622198
-368.998118,200,151.660499
-128.728405,200,151.698728
-122.434485,200,151.737169
-356.625791,200,151.775604
-379.566255,200,151.813927
-125.271087,200,151.852299
-124.18194,200,151.890516
-0.960738,200,151.928985
-237.53907,200,152.038095
-362.000937,200,152.076777
-128.111532,200,152.115421
-230.23187,200,152.154087
-344.1177,200,152.192846
-117.937213,200,152.231976
-407.240547,200,152.270491
-249.013969,200,152.308739
-121.590319,200,152.346802
-120.48607,200,152.385231
-236.911015,200,152.494
-125.998118,200,152.532598
-124.590724,200,152.571027
-365.666607,200,152.608982
-336.047595,200,152.64763
-245.612148,200,152.686398
-115.404773,200,152.724873
-323.022312,200,152.76311
-240.4278,200,152.801153
-121.291084,200,152.839115
-235.449507,200,152.951013
-120.000761,200,152.990033
-1.388739,200,153.028574
-301.352984,200,153.066904
-121.599798,200,153.10554
-242.2076,200,153.143715
-353.27031,200,153.181928
-226.141047,200,153.220133
-233.96275,200,153.258425
-122.800961,200,153.296753
-236.734076,200,153.405782
-231.260294,200,153.444513
-249.600014,200,153.48266
-332.279095,200,153.520958
-127.17078,200,153.559525
-119.154151,200,153.59825
-118.099207,200,153.636979
-365.04837,200,153.675691
-348.221836,200,153.713832
-126.11127,200,153.752155
-128.870916,200,153.861017
-350.686469,200,153.899411
-122.352934,200,153.938143
-348.387101,200,153.976226
-115.926871,200,154.014806
-248.599335,200,154.053081
-126.564745,200,154.091208
-125.492741,200,154.129253
-236.277012,200,154.167618
-127.837825,200,154.205568
-122.869725,200,154.314161
-116.619598,200,154.355788
-356.718921,200,154.394634
-253.786038,200,154.433051
-236.174754,200,154.471567
-232.851808,200,154.509854
-125.594609,200,154.548303
-125.179574,200,154.586688
-121.64806,200,154.62487
-244.941643,200,154.66302
-121.365473,200,154.771985
-126.735183,200,154.810154
-119.281138,200,154.848738
-233.491231,200,154.886666
-1.563565,200,154.925255
-123.593773,200,154.963318
-0.733189,200,155.001742
-321.592978,200,155.040033
-124.023587,200,155.078425
-239.248469,200,155.1165
-233.180503,200,155.225621
-1.363645,200,155.264161
-242.458996,200,155.302535
-121.047066,200,155.340923
-123.345239,200,155.37913
-1.163712,200,155.417181
-0.804113,200,155.455171
-124.209004,200,155.493344
-243.084943,200,155.531502
-267.84137,200,155.569653
-122.901784,200,155.67816
-369.783689,200,155.716513
-125.714493,200,155.755016
-351.758835,200,155.793246
-237.997718,200,155.831695
-241.066886,200,155.86974
-278.138584,200,155.907831
-239.608854,200,155.946011
-124.796066,200,155.984215
-355.006842,200,156.02224
-124.524453,200,156.131669
-125.092713,200,156.171299
-122.742453,200,156.209853
-339.906176,200,156.248092
-235.545197,200,156.286722
-128.618654,200,156.324839
-1.376028,200,156.363252
-234.899855,200,156.401503
-121.309971,200,156.43977
-3.298287,200,156.477873
-227.690441,200,156.62702
-123.216638,200,156.687309
-228.236738,200,156.743664
-237.713477,200,156.786263
-125.955716,200,156.829366
-338.293686,200,156.874746
-337.882943,200,156.932454
-237.347146,200,156.996927
-241.907268,200,157.042315
-123.789569,200,157.089458
-236.057051,200,157.215855
-125.621447,200,157.263514
-240.788071,200,157.306057
-246.674986,200,157.344995
-238.292077,200,157.383903
-123.559054,200,157.42248
-123.51279,200,157.460935
-2.259658,200,157.499211
-236.474787,200,157.537706
-354.0787,200,157.5759
-229.703935,200,157.685009
-245.198985,200,157.723161
-244.876438,200,157.761465
-2.118881,200,157.799574
-127.430017,200,157.83765
-245.752441,200,157.876126
-123.486362,200,157.914538
-0.772876,200,157.953062
-120.805924,200,157.991344
-242.155757,200,158.029516
-230.202984,200,158.138192
-124.277867,200,158.177077
-238.348318,200,158.217146
-1.052788,200,158.258543
-123.702241,200,158.301571
-252.87269,200,158.344711
-232.645027,200,158.412836
-242.480083,200,158.463826
-345.267907,200,158.507558
-364.37594,200,158.552754
-368.543883,200,158.676524
-119.427155,200,158.723327
-0.731399,200,158.768177
-242.403383,200,158.823461
-120.936833,200,158.897878
-250.223321,200,158.946586
-1.280758,200,158.986321
-125.302463,200,159.025455
-231.23137,200,159.063878
-375.047927,200,159.101938
-235.864504,200,159.209882
-124.827793,200,159.248399
-126.454443,200,159.28662
-336.084671,200,159.325302
-346.421071,200,159.366346
-2.779385,200,159.404657
-250.86986,200,159.442908
-118.866578,200,159.481107
-117.829709,200,159.519043
-120.875291,200,159.557369
-242.851848,200,159.665848
-240.660808,200,159.704399
-240.08911,200,159.742629
-124.40889,200,159.780728
-126.348747,200,159.819079
-3.032391,200,159.857159
-1.758061,200,159.8956
-126.308042,200,159.933852
-245.796093,200,159.971988
-244.280408,200,160.010392
-232.45739,200,160.118924
-119.456104,200,160.15715
-127.441197,200,160.195812
-234.499125,200,160.234207
-121.086064,200,160.272649
-122.276978,200,160.310911
-123.249532,200,160.349075
-123.477676,200,160.387005
-127.314368,200,160.425038
-125.311566,200,160.463206
-124.925574,200,160.571677
-120.914906,200,160.610114
-125.496794,200,160.648284
-350.996542,200,160.686869
-120.835642,200,160.724882
-128.646033,200,160.763134
-123.813488,200,160.801515
-234.785833,200,160.839499
-238.045239,200,160.877701
-117.02032,200,160.915249
-242.067146,200,161.023827
-126.350309,200,161.06221
-237.227524,200,161.100712
-1.634294,200,161.13902
-344.78517,200,161.177241
-0.843251,200,161.21532
-123.010748,200,161.253244
-370.945204,200,161.291306
-118.997109,200,161.330322
-0.720585,200,161.368203
-124.800836,200,161.477258
-238.315847,200,161.5157
-359.713448,200,161.554033
-234.542158,200,161.5925
-295.772962,200,161.630465
-123.342998,200,161.668537
-241.487684,200,161.706363
-125.922135,200,161.744451
-117.678958,200,161.782557
-240.80982,200,161.823812
-123.604487,200,161.941316
-126.359845,200,161.984531
-363.149769,200,162.027046
-0.802303,200,162.070412
-241.303886,200,162.129303
-126.83641,200,162.189462
-1.621398,200,162.2339
-237.708973,200,162.279122
-365.950409,200,162.325863
-243.842033,200,162.369533
-355.963397,200,162.488507
-0.974268,200,162.527231
-124.817587,200,162.566044
-127.560294,200,162.604499
-123.234252,200,162.642764
-125.549024,200,162.68066
-229.857662,200,162.719228
-243.488822,200,162.757118
-122.014037,200,162.795243
-236.159833,200,162.833569
-122.03853,200,162.942077
-229.250888,200,162.980755
-235.159669,200,163.019107
-236.617645,200,163.057465
-331.765378,200,163.095771
-123.873339,200,163.134312
-121.07105,200,163.172583
-125.288913,200,163.210953
-126.354479,200,163.249089
-242.682158,200,163.287216
-332.486884,200,163.39609
-244.579409,200,163.434687
-253.387813,200,163.472905
-122.896393,200,163.510843
-125.008312,200,163.549075
-118.338375,200,163.58721
-1.60747,200,163.625277
-1.183839,200,163.66367
-235.02599,200,163.701521
-237.018317,200,163.739634
-125.670777,200,163.84835
-127.766933,200,163.887382
-124.19831,200,163.925802
-123.110496,200,163.964035
-123.706915,200,164.002538
-240.758696,200,164.040233
-229.994804,200,164.078475
-2.339948,200,164.116597
-124.615538,200,164.154619
-126.247051,200,164.192672
-124.927385,200,164.300972
-234.649113,200,164.341241
-331.662929,200,164.381521
-126.595058,200,164.419883
-354.583062,200,164.458159
-116.866339,200,164.496144
-124.541724,200,164.534457
-331.49448,200,164.572813
-123.453647,200,164.610938
-362.474123,200,164.648863
-234.539918,200,164.760374
-125.154021,200,164.799077
-1.758547,200,164.837375
-125.678584,200,164.875506
-242.195016,200,164.91526
-360.534665,200,164.953427
-243.643138,200,164.991577
-245.347117,200,165.029844
-3.783274,200,165.068062
-126.845386,200,165.10629
-119.485141,200,165.215122
-126.228287,200,165.253563
-123.581681,200,165.292077
-126.947108,200,165.330351
-313.227132,200,165.368969
-242.061346,200,165.406996
-123.837841,200,165.444739
-119.588185,200,165.482864
-242.875395,200,165.520943
-237.668212,200,165.559226
-239.278848,200,165.668564
-123.756789,200,165.70708
-122.351081,200,165.74553
-122.905173,200,165.783828
-238.74823,200,165.82221
-234.91277,200,165.860491
-125.460489,200,165.898601
-249.445224,200,165.936642
-352.334903,200,165.975273
-341.693626,200,166.013226
-241.547508,200,166.121586
-126.734107,200,166.159566
-364.051508,200,166.198031
-117.891263,200,166.236096
-347.898532,200,166.274268
-347.308435,200,166.312613
-232.201154,200,166.350815
-0.861592,200,166.388919
-236.088335,200,166.427426
-248.259971,200,166.465308
-123.944551,200,166.573734
-121.765337,200,166.611938
-126.078507,200,166.649965
-407.252512,200,166.688354
-364.871842,200,166.726921
-1.106146,200,166.765145
-1.563033,200,166.803193
-125.955983,200,166.841396
-376.33389,200,166.879497
-238.080109,200,166.917863
-0.763348,200,167.026759
-125.483046,200,167.0654
-354.471419,200,167.107561
-2.239027,200,167.149245
-124.030845,200,167.191094
-121.546089,200,167.261412
-127.652018,200,167.310162
-1.215813,200,167.353913
-236.279399,200,167.398738
-466.263234,200,167.444709
-122.369343,200,167.59525
-390.818189,200,167.649935
-116.925261,200,167.694947
-117.58391,200,167.746679
-121.610351,200,167.79385
-239.169854,200,167.834347
-127.810539,200,167.873387
-228.605491,200,167.912074
-120.558194,200,167.950427
-122.581006,200,167.988641
-123.864158,200,168.097819
-128.659055,200,168.136421
-125.363026,200,168.175097
-121.476124,200,168.213466
-120.950183,200,168.251881
-125.70382,200,168.290162
-120.733147,200,168.328417
-1.299221,200,168.366453
-249.42055,200,168.40481
-230.705577,200,168.442766
-234.852703,200,168.551681
-123.690571,200,168.590153
-237.350712,200,168.628452
-125.039872,200,168.667146
-121.166034,200,168.705797
-1.372605,200,168.744
-126.939118,200,168.78228
-124.832426,200,168.820399
-361.028586,200,168.858537
-361.715167,200,168.896619
-127.973273,200,169.013303
-245.180209,200,169.056218
-247.957602,200,169.099006
-125.661309,200,169.158316
-122.752205,200,169.213391
-118.143119,200,169.257108
-2.106909,200,169.302099
-355.984952,200,169.348833
-122.55681,200,169.39399
-237.668555,200,169.440187
-226.394803,200,169.564654
-1.565336,200,169.626834
-124.858865,200,169.674648
-118.460841,200,169.713055
-293.53564,200,169.751728
-236.705617,200,169.790273
-356.109235,200,169.828905
-115.225392,200,169.86838
-126.946163,200,169.906944
-116.58906,200,169.94549
-246.034733,200,170.053923
-121.583042,200,170.092606
-126.947712,200,170.131176
-238.071625,200,170.169617
-122.283861,200,170.208019
-124.794501,200,170.246368
-1.231166,200,170.284597
-0.809149,200,170.322701
-128.003293,200,170.36089
-125.456752,200,170.398841
-119.768423,200,170.507625
-1.145735,200,170.546053
-2.87821,200,170.584185
-243.303247,200,170.6222
-246.320439,200,170.660609
-0.854527,200,170.698914
-125.685075,200,170.736986
-319.99402,200,170.774792
-236.648698,200,170.81278
-1.60133,200,170.854628
-117.06063,200,170.969148
-124.334074,200,171.007351
-120.692099,200,171.0457
-124.908223,200,171.083613
-124.461269,200,171.122124
-119.656317,200,171.160103
-128.423232,200,171.198029
-119.70188,200,171.235942
-119.886679,200,171.27392
-238.858282,200,171.312026
-127.311139,200,171.420619
-246.722755,200,171.459095
-234.972946,200,171.497267
-1.058635,200,171.535396
-124.34202,200,171.573299
-308.80341,200,171.612027
-234.351236,200,171.650102
-124.581889,200,171.68858
-1.265309,200,171.729605
-119.148663,200,171.77154
-240.307891,200,171.889778
-1.286072,200,171.93321
-123.450676,200,171.976593
-245.253365,200,172.020553
-125.610705,200,172.081317
-1.55589,200,172.141459
-125.799561,200,172.186629
-121.648783,200,172.233526
-239.971268,200,172.278471
-122.586775,200,172.324192
-354.339129,200,172.443503
-122.310058,200,172.482665
-269.982004,200,172.521479
-122.961943,200,172.559809
-125.494456,200,172.597886
-126.491576,200,172.636135
-329.854414,200,172.674472
-360.581632,200,172.712986
-124.192083,200,172.75121
-239.477449,200,172.789466
-259.848857,200,172.897726
-1.019399,200,172.936015
-116.492234,200,172.974576
-1.29799,200,173.012995
-2.160703,200,173.051597
-123.66254,200,173.089455
-231.158124,200,173.127548
-122.776044,200,173.165922
-116.26952,200,173.204025
-119.102951,200,173.242209
-239.617122,200,173.350818
-2.001818,200,173.388843
-122.837723,200,173.427179
-300.681608,200,173.46519
-240.860963,200,173.503347
-122.628863,200,173.541619
-234.832206,200,173.579908
-125.514698,200,173.617981
-123.245111,200,173.656129
-1.582022,200,173.694403
-237.628987,200,173.802962
-122.158566,200,173.840806
-117.211911,200,173.879139
-121.456343,200,173.917873
-233.763737,200,173.956119
-120.959216,200,173.994684
-122.383227,200,174.032428
-240.034809,200,174.070424
-118.43684,200,174.108099
-124.951507,200,174.145942
-233.880128,200,174.255445
-122.007451,200,174.294268
-128.140262,200,174.33291
-244.151515,200,174.374706
-339.506343,200,174.413442
-325.144387,200,174.451726
-0.857682,200,174.489947
-234.81309,200,174.527994
-123.743677,200,174.566207
-117.123609,200,174.604479
-117.164309,200,174.713897
-352.512457,200,174.752868
-122.879426,200,174.791445
-0.867078,200,174.829513
-240.108304,200,174.867769
-126.857965,200,174.90571
-124.935465,200,174.943858
-349.178296,200,174.981732
-240.157605,200,175.019786
-125.75918,200,175.058047
-120.558094,200,175.166796
-338.177111,200,175.205259
-243.762902,200,175.243425
-247.272008,200,175.281543
-235.658261,200,175.319866
-238.906135,200,175.357936
-1.024703,200,175.396086
-2.073187,200,175.434193
-353.300832,200,175.472225
-124.594709,200,175.510321
-229.168164,200,175.618979
-242.777847,200,175.657492
-120.851333,200,175.696019
-123.389461,200,175.73433
-234.460602,200,175.772557
-125.48767,200,175.810973
-226.331583,200,175.84916
-119.992424,200,175.887558
-120.955924,200,175.925797
-253.367744,200,175.963686
-126.3137,200,176.07183
-121.240014,200,176.110161
-125.402156,200,176.148328
-122.342162,200,176.186753
-123.090798,200,176.225035
-124.126204,200,176.262928
-231.696655,200,176.301042
-246.015242,200,176.339415
-250.986123,200,176.377529
-341.898691,200,176.41534
-126.277536,200,176.526489
-1.429104,200,176.565629
-238.738891,200,176.603944
-122.601116,200,176.642159
-124.363949,200,176.680777
-123.095355,200,176.719307
-124.496237,200,176.758226
-122.556946,200,176.796138
-122.114313,200,176.834497
-249.278858,200,176.872326
-117.65406,200,176.980654
-352.847226,200,177.018824
-1.781541,200,177.057086
-123.843156,200,177.095784
-235.998294,200,177.134491
-333.91799,200,177.173043
-123.501643,200,177.211397
-120.449035,200,177.250042
-121.862484,200,177.288758
-0.870127,200,177.326952
-122.601865,200,177.43609
-126.335352,200,177.47493
-117.57677,200,177.518078
-3.452277,200,177.56147
-352.67165,200,177.606521
-336.49503,200,177.67851
-236.826324,200,177.720922
-240.092315,200,177.765395
-119.597489,200,177.811158
-119.836646,200,177.856236
-126.447461,200,178.020102
-119.372453,200,178.090956
-233.325647,200,178.140212
-365.100242,200,178.189524
-239.548423,200,178.238543
-117.974547,200,178.278146
-121.997558,200,178.316855
-321.231237,200,178.355801
-117.517401,200,178.394267
-243.43276,200,178.432812
-241.229716,200,178.542105
-120.108693,200,178.580703
-122.805151,200,178.619439
-128.046555,200,178.658247
-244.878797,200,178.696708
-247.185977,200,178.734922
-257.375942,200,178.773367
-239.674825,200,178.811885
-1.576772,200,178.850155
-2.814043,200,178.888396
-0.986448,200,178.997695
-2.44561,200,179.036381
-119.605652,200,179.0751
-245.778681,200,179.113375
-124.026559,200,179.1517
-124.378157,200,179.189788
-227.662575,200,179.227759
-242.030007,200,179.266258
-117.671844,200,179.304604
-235.535402,200,179.343765
-1.712295,200,179.455741
-123.926246,200,179.494344
-230.540435,200,179.532659
-119.340104,200,179.57116
-255.667633,200,179.609994
-226.485361,200,179.648528
-345.249984,200,179.687628
-126.271518,200,179.72625
-0.902065,200,179.764275
-240.059101,200,179.802579
-346.691644,200,179.911307
-232.863641,200,179.949988
-122.549212,200,179.989232
-315.867907,200,180.031777
-320.084584,200,180.075103
-0.839682,200,180.116515
-234.190509,200,180.160328
-118.003561,200,180.202422
-121.200144,200,180.264049
-347.969003,200,180.319568
-354.303373,200,180.440069
-370.024619,200,180.485972
-121.392106,200,180.532967
-2.053706,200,180.577817
-229.498654,200,180.622873
-236.911588,200,180.691045
-126.637404,200,180.733942
-122.381705,200,180.773118
-360.966418,200,180.811609
-125.322103,200,180.850169
-339.009362,200,180.958876
-347.665916,200,180.997444
-417.821691,200,181.036055
-122.423981,200,181.074681
-121.890699,200,181.113179
-125.682771,200,181.151651
-2.798426,200,181.189938
-119.089297,200,181.228207
-228.664972,200,181.266656
-120.814097,200,181.305078
-318.186991,200,181.414001
-123.186456,200,181.452616
-235.325909,200,181.49111
-127.171849,200,181.529347
-347.495063,200,181.567849
-1.070491,200,181.606071
-125.272694,200,181.644406
-125.371315,200,181.682493
-243.592295,200,181.720788
-345.537258,200,181.759119
-1.284644,200,181.868643
-344.428339,200,181.907227
-348.568814,200,181.945609
-230.567766,200,181.983905
-1.020651,200,182.022432
-121.16748,200,182.060614
-237.271911,200,182.098775
-0.570544,200,182.136883
-1.566117,200,182.175133
-126.563712,200,182.213124
-234.145661,200,182.323175
-121.007063,200,182.362279
-364.604983,200,182.400736
-244.236339,200,182.439108
-233.554607,200,182.477496
-1.981768,200,182.515426
-121.351867,200,182.553669
-239.885524,200,182.591585
-347.845235,200,182.629664
-243.657217,200,182.667797
-242.569371,200,182.783516
-244.181129,200,182.83238
-240.742074,200,182.879662
-271.998057,200,182.92552
-230.11528,200,182.971615
-123.21977,200,183.016609
-353.209025,200,183.062601
-122.828182,200,183.109173
-2.11624,200,183.172678
-128.71771,200,183.236864
-0.953928,200,183.365802
-354.570443,200,183.416054
-349.325251,200,183.464347
-304.040557,200,183.514536
-117.818959,200,183.563063
-246.069201,200,183.603173
-117.091313,200,183.642312
-237.3154,200,183.680923
-0.689471,200,183.71922
-121.74227,200,183.757295
-463.299767,200,183.866339
-1.549793,200,183.905066
-0.973637,200,183.9437
-126.36276,200,183.981934
-237.61575,200,184.020255
-234.366294,200,184.058579
-116.488545,200,184.09692
-125.712352,200,184.135066
-234.935646,200,184.173241
-118.041235,200,184.211353
-243.518376,200,184.319823
-1.132777,200,184.360304
-118.316609,200,184.399997
-243.383151,200,184.438952
-237.853384,200,184.477402
-122.960123,200,184.515404
-116.81352,200,184.553804
-125.512884,200,184.591888
-118.329656,200,184.62966
-250.982277,200,184.66766
-242.372086,200,184.776958
-121.419604,200,184.815281
-126.557347,200,184.853202
-0.636372,200,184.891251
-354.221041,200,184.929967
-120.986509,200,184.968545
-348.694876,200,185.006466
-123.25527,200,185.044619
-230.863357,200,185.08279
-229.463438,200,185.120562
-230.351001,200,185.228907
-125.032071,200,185.267329
-392.108027,200,185.305367
-127.678377,200,185.343284
-116.478953,200,185.381728
-123.321967,200,185.420051
-347.2753,200,185.458047
-119.355614,200,185.495911
-124.471117,200,185.533802
-227.120984,200,185.571895
-231.962901,200,185.681126
-0.831089,200,185.719581
-227.433514,200,185.758143
-354.715828,200,185.796216
-237.563747,200,185.834554
-125.181951,200,185.872492
-235.029539,200,185.910656
-247.098365,200,185.948876
-125.748984,200,185.986975
-117.55482,200,186.025007
-120.636673,200,186.133593
-127.76195,200,186.171696
-118.377958,200,186.210141
-2.281959,200,186.248286
-1.587546,200,186.286705
-236.862007,200,186.32492
-1.258723,200,186.363057
-233.037039,200,186.400941
-121.64058,200,186.438925
-120.727427,200,186.47716
-235.77342,200,186.585552
-1.018771,200,186.623662
-122.949325,200,186.661954
-1.15115,200,186.700029
-336.085549,200,186.738295
-240.956675,200,186.776425
-1.035149,200,186.814677
-124.43418,200,186.852918
-126.927151,200,186.891162
-119.333541,200,186.929271
-116.851685,200,187.038197
-240.726796,200,187.076601
-125.21941,200,187.115111
-125.807777,200,187.153394
-233.129778,200,187.191625
-240.565642,200,187.230203
-123.002896,200,187.268137
-126.269493,200,187.306534
-120.633755,200,187.344526
-120.97129,200,187.38256
-126.38077,200,187.50057
-124.492856,200,187.547562
-360.755925,200,187.618219
-357.429259,200,187.662479
-247.793659,200,187.706704
-117.470617,200,187.752474
-119.890914,200,187.797502
-230.706359,200,187.845041
-274.099783,200,187.890031
-2.103402,200,187.951154
-121.350825,200,188.086794
-122.436354,200,188.132941
-1.110841,200,188.179533
-366.279544,200,188.218841
-122.481628,200,188.257527
-341.642284,200,188.296233
-125.535312,200,188.334521
-1.136356,200,188.37285
-118.737354,200,188.411193
-230.3354,200,188.449505
-119.147323,200,188.560883
-238.685286,200,188.59967
-115.524706,200,188.637885
-1.242442,200,188.676425
-121.647686,200,188.715101
-229.742324,200,188.753313
-3.748537,200,188.791676
-372.631597,200,188.829784
-225.573102,200,188.868125
-245.539603,200,188.906282
-122.698473,200,189.016099
-242.343741,200,189.055106
-126.411729,200,189.093782
-1.745031,200,189.132073
-124.140423,200,189.170428
-117.196182,200,189.208986
-0.761702,200,189.247577
-123.730411,200,189.285753
-121.527572,200,189.323825
-240.815707,200,189.364205
-123.320593,200,189.474234
-238.340772,200,189.512735
-1.630738,200,189.551163
-235.703073,200,189.589465
-121.137158,200,189.628363
-363.897975,200,189.66692
-125.794471,200,189.705384
-127.095028,200,189.743589
-125.627672,200,189.781842
-129.371649,200,189.820451
-2.000253,200,189.929834
-1.917074,200,189.968137
-1.500835,200,190.006299
-125.918182,200,190.044506
-122.801676,200,190.082653
-125.130274,200,190.12095
-222.700424,200,190.158945
-443.233586,200,190.196895
-124.688939,200,190.235107
-233.344723,200,190.273197
-124.077634,200,190.381692
-117.702568,200,190.420107
-123.047957,200,190.458419
-116.236462,200,190.496459
-248.464209,200,190.53567
-229.782021,200,190.573593
-127.815381,200,190.611748
-1.834758,200,190.64993
-233.651392,200,190.687926
-239.639415,200,190.72602
-1.04099,200,190.835051
-247.539238,200,190.873375
-118.904195,200,190.912934
-123.85371,200,190.954767
-246.821098,200,190.995034
-236.267221,200,191.035752
-231.949393,200,191.07403
-123.961614,200,191.11219
-123.098192,200,191.150344
-119.50236,200,191.188476
-114.511848,200,191.296204
-121.424526,200,191.334689
-122.174546,200,191.372847
-125.124124,200,191.410884
-2.301122,200,191.449153
-378.90964,200,191.487217
-402.821803,200,191.525652
-256.070136,200,191.563853
-118.918204,200,191.601957
-1.236353,200,191.639888
-240.567947,200,191.749001
-347.813551,200,191.787596
-230.822063,200,191.826151
-241.79468,200,191.864454
-237.845353,200,191.9028
-120.171333,200,191.940987
-350.800043,200,191.979435
-237.470919,200,192.01776
-366.688031,200,192.055787
-117.247982,200,192.09378
-118.625852,200,192.201972
-240.266029,200,192.244331
-123.726165,200,192.286118
-385.681014,200,192.329435
-237.498775,200,192.371874
-121.095127,200,192.417307
-239.217996,200,192.488203
-245.551963,200,192.53288
-235.887275,200,192.578149
-367.938321,200,192.623282
-358.748525,200,192.746823
-1.529038,200,192.790323
-364.476644,200,192.836285
-345.326989,200,192.886329
-123.734713,200,192.950646
-119.960757,200,192.989646
-239.70568,200,193.028474
-123.888946,200,193.067147
-242.586572,200,193.105542
-124.886158,200,193.144155
-124.02387,200,193.253599
-121.554057,200,193.291879
-125.531147,200,193.330261
-121.354802,200,193.36831
-224.178756,200,193.40674
-1.238503,200,193.445619
-114.557049,200,193.48374
-126.887957,200,193.521663
-1.177943,200,193.559644
-122.448654,200,193.597836
-339.183774,200,193.706453
-268.740364,200,193.745464
-1.076657,200,193.784124
-124.615,200,193.822286
-241.016204,200,193.86037
-126.138064,200,193.898684
-243.770027,200,193.936683
-123.791307,200,193.974877
-125.708168,200,194.013091
-122.9193,200,194.051622
-123.286146,200,194.170086
-334.029917,200,194.213083
-236.625016,200,194.257097
-1.185537,200,194.299522
-229.897572,200,194.343093
-125.358204,200,194.390535
-237.759798,200,194.461318
-124.880569,200,194.514571
-120.471476,200,194.559534
-129.374913,200,194.607404
-236.00632,200,194.736327
-249.8478,200,194.78331
-120.79458,200,194.823061
-117.394592,200,194.861904
-235.655856,200,194.900541
-238.210228,200,194.93916
-242.037195,200,194.977846
-1.593194,200,195.016493
-2.005941,200,195.054789
-235.122296,200,195.092883
-236.677386,200,195.201729
-346.684998,200,195.240326
-295.941957,200,195.278733
-124.955413,200,195.317172
-122.532907,200,195.355539
-120.181543,200,195.393882
-2.455672,200,195.432298
-120.378728,200,195.470436
-1.145707,200,195.508613
-125.600035,200,195.547326
-119.20242,200,195.656354
-126.062718,200,195.6951
-0.826953,200,195.733321
-121.034184,200,195.771767
-1.177834,200,195.809914
-124.631174,200,195.849063
-236.713001,200,195.886839
-121.07877,200,195.924798
-119.158359,200,195.9628
-126.573732,200,196.000946
-122.520382,200,196.109966
-120.472224,200,196.148525
-340.175391,200,196.187192
-120.26208,200,196.225591
-115.155733,200,196.264131
-2.031446,200,196.302263
-119.538008,200,196.340634
-121.639594,200,196.378633
-2.089524,200,196.416911
-239.38837,200,196.455124
-125.602752,200,196.563417
-120.226695,200,196.601983
-119.752623,200,196.640219
-232.181427,200,196.678743
-122.144671,200,196.716627
-434.537509,200,196.754808
-356.775314,200,196.793084
-1.775049,200,196.831034
-244.611881,200,196.868736
-127.091086,200,196.90667
-240.345398,200,197.015216
-126.539879,200,197.053526
-241.646405,200,197.091724
-118.078391,200,197.129769
-3.519506,200,197.167909
-124.158077,200,197.20622
-1.080425,200,197.244242
-123.965446,200,197.282317
-230.108956,200,197.320338
-126.124887,200,197.358143
-123.801333,200,197.467652
-124.590894,200,197.505813
-249.297818,200,197.544263
-233.640765,200,197.582226
-127.888148,200,197.620741
-2.22602,200,197.658903
-355.410702,200,197.697301
-121.007333,200,197.735494
-242.842868,200,197.773761
-241.272108,200,197.811804
-238.650394,200,197.920102
-125.343222,200,197.958346
-366.136229,200,197.996697
-126.078027,200,198.034965
-124.61465,200,198.073058
-123.638912,200,198.110753
-124.032316,200,198.148926
-231.545465,200,198.186914
-124.359049,200,198.224622
-350.333104,200,198.262476
-240.286053,200,198.370089
-119.484131,200,198.408555
-2.680948,200,198.446728
-232.011835,200,198.485028
-249.442462,200,198.523184
-121.049197,200,198.561416
-231.088753,200,198.599141
-115.768857,200,198.636994
-121.497703,200,198.675104
-1.8014,200,198.712889
-229.535002,200,198.821516
-236.014087,200,198.860214
-123.876326,200,198.89835
-239.749303,200,198.937039
-1.097879,200,198.975119
-534.788672,200,199.013219
-336.736497,200,199.051561
-241.751521,200,199.089582
-1.247732,200,199.127711
-1.152593,200,199.166067
-126.629983,200,199.282889
-123.214926,200,199.335405
-227.689903,200,199.403909
-122.079377,200,199.445451
-360.220348,200,199.488694
-242.613339,200,199.534678
-237.36887,200,199.580825
-129.033212,200,199.627189
-123.991741,200,199.670599
-360.027517,200,199.751762
-229.190781,200,199.894711
-231.240733,200,199.946868
-237.774726,200,199.992378
-237.998594,200,200.031552
-125.459681,200,200.070455
-127.494143,200,200.109197
-123.032548,200,200.147424
-120.626783,200,200.185915
-117.669774,200,200.224421
-117.071306,200,200.262965
-122.643323,200,200.374746
-117.548794,200,200.414268
-119.184653,200,200.452575
-237.725047,200,200.490845
-243.304981,200,200.52905
-125.516239,200,200.567122
-250.955841,200,200.605212
-238.783987,200,200.643503
-122.271869,200,200.681735
-240.430562,200,200.720564
-243.50315,200,200.829403
-363.954149,200,200.867742
-124.5766,200,200.905769
-232.120685,200,200.943741
-255.255115,200,200.982111
-117.729804,200,201.019938
-121.108204,200,201.057613
-239.015221,200,201.095638
-234.994981,200,201.133825
-123.011228,200,201.172102
-118.082925,200,201.280664
-293.07778,200,201.319637
-123.692491,200,201.357835
-121.991211,200,201.396421
-231.710545,200,201.434678
-127.680458,200,201.472385
-2.377342,200,201.510351
-126.619649,200,201.548709
-119.572146,200,201.586653
-126.242565,200,201.624746
-2.805495,200,201.733687
-122.169468,200,201.772411
-239.27265,200,201.81074
-370.382194,200,201.849401
-1.531828,200,201.887689
-118.973343,200,201.925949
-1.191763,200,201.964214
-240.575524,200,202.002204
-1.439033,200,202.040496
-125.412263,200,202.078681
-0.742364,200,202.186647
-235.799881,200,202.225003
-230.106087,200,202.263311
-127.048468,200,202.301789
-120.737468,200,202.339851
-116.694238,200,202.378161
-358.485961,200,202.415932
-123.140258,200,202.454135
-123.604375,200,202.492331
-3.501976,200,202.530297
-238.971853,200,202.63932
-239.212669,200,202.677827
-126.490688,200,202.716436
-119.369711,200,202.754849
-234.414165,200,202.793217
-233.221997,200,202.831411
-0.977309,200,202.869628
-115.587165,200,202.907481
-236.800553,200,202.945574
-122.037882,200,202.983477
-117.988106,200,203.090887
-123.285503,200,203.129365
-123.267896,200,203.16782
-122.094504,200,203.205792
-237.590188,200,203.243949
-0.941865,200,203.282125
-126.295238,200,203.320502
-122.635357,200,203.36062
-121.550962,200,203.40187
-233.049612,200,203.439859
-123.31308,200,203.547347
-123.637084,200,203.586218
-236.369475,200,203.624241
-115.343845,200,203.662765
-234.410085,200,203.700921
-114.479858,200,203.740407
-126.838889,200,203.778941
-357.553853,200,203.81714
-382.321085,200,203.854941
-125.071149,200,203.892861
-124.973544,200,204.000115
-242.082309,200,204.039462
-234.792546,200,204.08207
-1.684651,200,204.123164
-121.582802,200,204.166269
-242.104749,200,204.208955
-283.107809,200,204.25176
-123.856669,200,204.294795
-244.853088,200,204.371058
-2.871283,200,204.421586
-126.010207,200,204.545205
-3.013467,200,204.591367
-238.300082,200,204.636918
-123.915955,200,204.68319
-242.316559,200,204.727858
-252.478874,200,204.766989
-121.355667,200,204.80564
-237.568409,200,204.844015
-118.567314,200,204.882412
-123.684943,200,204.92045
-229.416024,200,205.030977
-123.554088,200,205.069933
-241.347774,200,205.108305
-249.102157,200,205.146352
-226.696602,200,205.186416
-115.602086,200,205.224461
-231.34163,200,205.262671
-124.123308,200,205.300791
-124.873627,200,205.338861
-235.503891,200,205.37689
-363.949678,200,205.484031
-123.871214,200,205.52246
-122.058747,200,205.56104
-345.671012,200,205.599492
-121.308767,200,205.637577
-123.447222,200,205.676061
-356.324705,200,205.714251
-327.629084,200,205.752824
-120.611542,200,205.791597
-125.797476,200,205.830015
-233.756977,200,205.946589
-124.786584,200,206.015325
-123.383207,200,206.061432
-338.79645,200,206.10372
-122.504283,200,206.14707
-121.628117,200,206.192069
-120.43903,200,206.237662
-121.010712,200,206.283926
-123.014347,200,206.327958
-118.648907,200,206.380074
-228.113698,200,206.511306
-1.188368,200,206.561205
-338.59228,200,206.604878
-128.395263,200,206.643379
-126.281999,200,206.68212
-233.116682,200,206.720642
-125.21693,200,206.759021
-468.639825,200,206.797241
-122.993919,200,206.835534
-2.123307,200,206.873642
-341.476022,200,206.980951
-125.87608,200,207.019254
-122.163255,200,207.057693
-1.248422,200,207.095904
-118.590051,200,207.134063
-116.883699,200,207.17194
-122.371236,200,207.209983
-242.925123,200,207.248162
-126.735912,200,207.286283
-240.550603,200,207.324253
-2.668959,200,207.432589
-121.134434,200,207.471025
-119.761957,200,207.509366
-124.052847,200,207.547555
-124.208044,200,207.585787
-123.008586,200,207.623963
-120.453738,200,207.661778
-359.649695,200,207.699665
-1.315575,200,207.738066
-121.210793,200,207.775944
-125.749877,200,207.883519
-234.510016,200,207.921969
-126.2785,200,207.960317
-127.134927,200,207.998471
-355.811512,200,208.036784
-122.078628,200,208.074721
-126.144545,200,208.113088
-239.264178,200,208.150748
-125.951996,200,208.188687
-273.588129,200,208.226829
-118.761325,200,208.334416
-236.024666,200,208.37306
-243.848534,200,208.411466
-235.821738,200,208.449592
-123.907558,200,208.48789
-121.464635,200,208.526198
-126.840818,200,208.564328
-116.917506,200,208.602428
-352.1024,200,208.640959
-124.370884,200,208.679067
-1.656332,200,208.786201
-116.892073,200,208.824355
-125.203988,200,208.862602
-343.623069,200,208.90077
-235.299169,200,208.938954
-235.656989,200,208.97706
-2.380363,200,209.015136
-244.971756,200,209.053131
-239.698734,200,209.091073
-358.844475,200,209.12911
-235.699101,200,209.2366
-356.613607,200,209.274939
-123.118815,200,209.313236
-120.463977,200,209.351989
-1.389377,200,209.393293
-361.034828,200,209.431783
-243.397097,200,209.469954
-235.754161,200,209.508157
-127.37735,200,209.546292
-0.947573,200,209.58427
-227.117618,200,209.691589
-337.257189,200,209.730058
-237.730257,200,209.768244
-230.780784,200,209.806384
-121.832845,200,209.84465
-123.699612,200,209.882569
-346.314903,200,209.921123
-358.871932,200,209.95914
-118.751663,200,209.997163
-253.697965,200,210.03528
-245.56341,200,210.14209
-121.379555,200,210.180617
-1.243535,200,210.218707
-119.950383,200,210.257209
-126.019274,200,210.295611
-365.325567,200,210.333842
-241.857019,200,210.371594
-127.125567,200,210.409929
-343.39973,200,210.447742
-121.094897,200,210.485666
-352.63523,200,210.60175
-2.268345,200,210.644608
-316.891539,200,210.686866
-117.796745,200,210.729226
-121.252954,200,210.795345
-232.350037,200,210.841083
-233.838257,200,210.888215
-239.28602,200,210.934938
-226.590972,200,210.978317
-4.102748,200,211.023353
-117.914348,200,211.146935
-227.341459,200,211.20894
-337.783186,200,211.258448
-243.79195,200,211.29692
-239.797287,200,211.335779
-121.578331,200,211.374376
-114.146625,200,211.412961
-232.017269,200,211.451504
-223.190623,200,211.489985
-237.453296,200,211.528462
-121.020651,200,211.636017
-241.197732,200,211.674644
-229.755936,200,211.71293
-117.422398,200,211.751456
-126.735296,200,211.7899
-246.406229,200,211.827838
-239.624363,200,211.865874
-120.913766,200,211.903954
-122.239372,200,211.942334
-244.956331,200,211.980461
-356.628944,200,212.091497
-115.722231,200,212.130687
-242.459632,200,212.170116
-231.720038,200,212.209307
-236.289828,200,212.247597
-127.865089,200,212.286022
-128.052949,200,212.324174
-124.105276,200,212.362336
-326.26767,200,212.400922
-1.38353,200,212.43912
-255.974732,200,212.55009
-350.528519,200,212.588929
-121.05501,200,212.627568
-297.271445,200,212.665763
-121.385751,200,212.704039
-122.06685,200,212.743139
-120.545176,200,212.781615
-240.676677,200,212.820014
-228.634414,200,212.858501
-238.54619,200,212.896952
-235.649112,200,213.006198
-234.177942,200,213.045141
-124.202909,200,213.083727
-257.174436,200,213.121802
-219.700922,200,213.16014
-238.507341,200,213.198471
-235.162793,200,213.236707
-117.348765,200,213.274864
-124.098286,200,213.313107
-116.249802,200,213.351379
-239.355078,200,213.459612
-120.361676,200,213.498297
-243.404664,200,213.537059
-124.585444,200,213.575283
-1.271546,200,213.613079
-244.497568,200,213.651285
-126.496228,200,213.689423
-1.38805,200,213.727653
-242.66079,200,213.766201
-121.134737,200,213.80435
-120.457295,200,213.912382
-245.861068,200,213.950902
-121.479842,200,213.989379
-120.134342,200,214.027733
-238.961234,200,214.066287
-1.65418,200,214.104477
-3.433085,200,214.142891
-244.113997,200,214.181287
-125.138345,200,214.219487
-116.640981,200,214.257759
-244.511777,200,214.367752
-369.227402,200,214.407824
-121.007798,200,214.446509
-119.301203,200,214.484804
-123.528952,200,214.523252
-121.066,200,214.561577
-241.884914,200,214.59992
-231.691093,200,214.638511
-121.23416,200,214.676552
-122.946428,200,214.714958
-342.219166,200,214.824208
-239.146722,200,214.862936
-123.498244,200,214.901196
-118.593461,200,214.939451
-116.562632,200,214.977698
-122.49287,200,215.015741
-118.309709,200,215.054066
-244.914101,200,215.092034
-120.766428,200,215.130325
-0.821277,200,215.168415
-120.547554,200,215.277267
-0.729697,200,215.315594
-1.092529,200,215.35384
-346.790261,200,215.393023
-114.073551,200,215.431365
-124.643281,200,215.469661
-122.703405,200,215.507947
-115.16379,200,215.546099
-118.995809,200,215.584416
-122.966785,200,215.622662
-122.016954,200,215.730721
-119.250253,200,215.770646
-243.530715,200,215.843423
-1.049353,200,215.885612
-235.029214,200,215.929141
-351.151156,200,215.972231
-119.940089,200,216.015362
-119.886536,200,216.058447
-122.307722,200,216.107009
-121.617101,200,216.162251
-121.515407,200,216.287897
-241.354465,200,216.337577
-122.044601,200,216.383687
-120.060159,200,216.431613
-120.971293,200,216.479227
-361.236844,200,216.521242
-116.760818,200,216.560322
-119.927103,200,216.599179
-1.167372,200,216.637724
-121.004405,200,216.676342
-1.632583,200,216.785988
-235.870624,200,216.824638
-231.675335,200,216.862926
-118.772526,200,216.901143
-2.398509,200,216.940141
-120.825667,200,216.978463
-120.475,200,217.016803
-245.189847,200,217.055189
-123.16665,200,217.093544
-229.458065,200,217.131867
-127.353607,200,217.240562
-0.882278,200,217.279323
-368.325443,200,217.31851
-117.010196,200,217.360471
-247.421476,200,217.40252
-1.253569,200,217.446124
-361.671315,200,217.521449
-123.977129,200,217.563664
-237.57419,200,217.608475
-123.367894,200,217.6529
-121.367797,200,217.77481
-116.827819,200,217.821521
-312.917856,200,217.869021
-119.673492,200,217.941785
-121.342885,200,218.000108
-314.28879,200,218.04682
-237.864318,200,218.08582
-123.73119,200,218.124498
-336.708186,200,218.163166
-2.725822,200,218.201621
-375.908692,200,218.312127
-0.982591,200,218.350509
-124.615808,200,218.38874
-124.053362,200,218.427074
-238.418087,200,218.46539
-122.424333,200,218.50379
-120.931625,200,218.541956
-1.602361,200,218.579954
-126.467264,200,218.617696
-121.595537,200,218.655963
-120.232274,200,218.764849
-126.137454,200,218.803158
-243.749412,200,218.841609
-234.769417,200,218.879881
-117.582185,200,218.918138
-4.35153,200,218.956248
-123.860305,200,218.994053
-247.248342,200,219.032506
-123.862117,200,219.070703
-114.154126,200,219.108994
-242.77246,200,219.217366
-239.336639,200,219.256022
-122.373961,200,219.294608
-124.979561,200,219.332831
-2.27917,200,219.373261
-120.668045,200,219.41383
-121.120583,200,219.452243
-124.027255,200,219.491077
-240.119693,200,219.528952
-1.190621,200,219.567102
-328.33245,200,219.67579
-118.064206,200,219.714344
-120.008881,200,219.752845
-121.41383,200,219.791138
-238.979022,200,219.829633
-243.095091,200,219.867937
-239.766974,200,219.906092
-364.090026,200,219.944495
-1.872918,200,219.982817
-362.530053,200,220.021035
-127.007195,200,220.129615
-330.655677,200,220.168386
-127.491491,200,220.207169
-354.83293,200,220.245242
-361.756995,200,220.283921
-121.931233,200,220.322085
-118.734566,200,220.360267
-119.703782,200,220.398629
-121.497199,200,220.436765
-1.106486,200,220.474922
-122.417309,200,220.583836
-122.93942,200,220.622329
-119.191344,200,220.660863
-350.989268,200,220.699392
-279.605647,200,220.737708
-1.135847,200,220.775888
-0.977967,200,220.81423
-126.193283,200,220.852459
-126.376033,200,220.89078
-115.891967,200,220.928974
-121.286792,200,221.037061
-243.547289,200,221.075428
-119.489405,200,221.113748
-244.824336,200,221.151959
-262.204038,200,221.190522
-120.284933,200,221.228737
-371.868952,200,221.266872
-125.242096,200,221.305004
-232.821167,200,221.343306
-116.825135,200,221.381482
-120.885228,200,221.489964
-120.588642,200,221.528766
-123.241068,200,221.566931
-123.554536,200,221.605182
-125.035524,200,221.643351
-122.982374,200,221.681594
-234.647291,200,221.719799
-336.155298,200,221.757797
-2.994799,200,221.796273
-5.254515,200,221.834776
-122.749775,200,221.950942
-124.577202,200,221.993281
-236.750775,200,222.036235
-367.963176,200,222.078634
-119.911013,200,222.120934
-2.488194,200,222.168085
-239.27171,200,222.243387
-125.872771,200,222.289041
-120.729795,200,222.369303
-121.734807,200,222.414495
-237.859084,200,222.538493
-341.20164,200,222.586647
-233.980298,200,222.627025
-362.26358,200,222.665976
-121.8836,200,222.704432
-233.458139,200,222.742966
-126.090942,200,222.781638
-125.995538,200,222.81991
-1.078885,200,222.858197
-120.27982,200,222.896733
-238.614536,200,223.005527
-116.854671,200,223.044121
-245.079146,200,223.08243
-2.457331,200,223.120619
-239.399117,200,223.158965
-236.43736,200,223.197057
-298.719872,200,223.235394
-318.800787,200,223.273792
-244.085594,200,223.311939
-125.092469,200,223.350224
-116.607729,200,223.458844
-237.316686,200,223.497432
-114.774613,200,223.535764
-358.81173,200,223.573871
-342.170936,200,223.611971
-126.339384,200,223.650133
-365.587925,200,223.688279
-123.366323,200,223.726482
-351.550039,200,223.764495
-228.874413,200,223.802881
-117.367004,200,223.915681
-1.052829,200,223.955431
-125.851623,200,223.993978
-238.442521,200,224.032249
-350.581361,200,224.071176
-1.419927,200,224.109626
-374.16087,200,224.147779
-241.938611,200,224.186582
-124.956412,200,224.224723
-1.170332,200,224.262937
-119.189967,200,224.373195
-248.162324,200,224.413901
-338.066393,200,224.452752
-322.902883,200,224.491067
-114.684367,200,224.529335
-238.967555,200,224.567601
-114.554496,200,224.605872
-233.309849,200,224.644007
-123.415581,200,224.68242
-120.790834,200,224.720275
-120.135315,200,224.829529
-243.065844,200,224.868024
-326.058778,200,224.90664
-119.143562,200,224.944693
-238.16395,200,224.98281
-244.181087,200,225.021041
-123.813219,200,225.059852
-234.237251,200,225.09816
-244.047804,200,225.136361
-332.109926,200,225.174157
-122.751283,200,225.281698
-230.929504,200,225.320158
-127.374595,200,225.358353
-228.690004,200,225.396716
-237.907561,200,225.434713
-363.328972,200,225.473
-343.673719,200,225.511313
-122.223266,200,225.549505
-121.306273,200,225.587767
-233.268077,200,225.625813
-367.65833,200,225.734978
-119.691102,200,225.773338
-1.221384,200,225.811681
-117.167872,200,225.850233
-128.110764,200,225.888759
-1.266988,200,225.927265
-125.612481,200,225.965283
-123.597653,200,226.003512
-309.177461,200,226.041695
-124.206146,200,226.079871
-119.268615,200,226.188471
-123.316497,200,226.226975
-123.472821,200,226.265683
-234.073712,200,226.3039
-122.536566,200,226.342411
-123.213225,200,226.380703
-0.980753,200,226.418979
-116.929792,200,226.457377
-127.535021,200,226.495837
-240.642687,200,226.534125
-0.880426,200,226.642917
-1.795133,200,226.681544
-1.207513,200,226.720435
-233.613584,200,226.758875
-245.251835,200,226.797115
-222.160796,200,226.835109
-122.06466,200,226.87328
-362.970602,200,226.911536
-126.297236,200,226.949668
-237.24341,200,226.98789
-345.607162,200,227.096162
-118.597211,200,227.134765
-121.562058,200,227.173499
-115.857236,200,227.211792
-120.244256,200,227.250473
-369.898374,200,227.288884
-232.424337,200,227.327653
-121.712378,200,227.365883
-240.581543,200,227.404169
-328.690156,200,227.442781
-119.345116,200,227.551088
-124.482333,200,227.589703
-122.059296,200,227.628232
-117.244507,200,227.66637
-244.41739,200,227.70454
-120.959812,200,227.742981
-125.277429,200,227.781573
-236.312216,200,227.820526
-118.340265,200,227.859158
-1.507451,200,227.897601
-125.960046,200,228.0133
-126.239472,200,228.078442
-335.029999,200,228.130173
-243.048308,200,228.173477
-347.494106,200,228.216577
-0.956601,200,228.26312
-375.721236,200,228.310216
-350.585734,200,228.379084
-126.138407,200,228.432381
-241.126197,200,228.478603
-122.784741,200,228.607749
-371.664637,200,228.653417
-122.946028,200,228.693127
-119.459296,200,228.732123
-344.260839,200,228.770871
-125.481017,200,228.809713
-1.142741,200,228.848492
-121.646693,200,228.886967
-1.042193,200,228.925371
-240.071117,200,228.96882
-126.208904,200,229.088085
-118.810732,200,229.131276
-1.627229,200,229.178461
-0.844159,200,229.222038
-231.629948,200,229.265985
-124.460979,200,229.305411
-1.318687,200,229.344213
-303.321523,200,229.385462
-121.666365,200,229.429601
-125.288975,200,229.471951
-125.216391,200,229.610047
-240.507768,200,229.658778
-118.612822,200,229.703189
-126.807681,200,229.748315
-231.953064,200,229.794981
-0.970208,200,229.839455
-2.060227,200,229.884633
-256.503196,200,229.929992
-119.188783,200,229.976926
-120.47426,200,230.028637
-118.063412,200,230.165255
-121.180403,200,230.204923
-115.89698,200,230.243713
-237.701885,200,230.282576
-1.933173,200,230.321138
-357.718535,200,230.359778
-246.319672,200,230.398258
-235.177606,200,230.437008
-274.036087,200,230.475091
-355.597262,200,230.513659
-117.140314,200,230.622394
-242.46158,200,230.661116
-241.798052,200,230.699343
-240.745208,200,230.737703
-232.89665,200,230.776546
-2.344669,200,230.814939
-122.695446,200,230.853419
-246.893862,200,230.893684
-222.449892,200,230.934964
-269.764969,200,230.976605
-239.177056,200,231.086029
-125.885537,200,231.124806
-279.40259,200,231.163353
-126.363796,200,231.201543
-235.204781,200,231.239785
-123.252598,200,231.278162
-119.231355,200,231.316377
-117.299359,200,231.354695
-235.389919,200,231.392963
-376.1552,200,231.430943
-1.301297,200,231.538225
-127.775212,200,231.576734
-233.112728,200,231.61536
-3.629735,200,231.653648
-353.795879,200,231.691931
-127.364585,200,231.730075
-120.042253,200,231.768275
-125.573275,200,231.806672
-1.124022,200,231.844775
-345.276604,200,231.882925
-123.31329,200,231.992815
-121.391008,200,232.0313
-242.513159,200,232.069729
-342.860365,200,232.10786
-123.940918,200,232.146402
-360.607643,200,232.184628
-237.661614,200,232.222524
-124.288824,200,232.260616
-115.312524,200,232.298839
-2.262328,200,232.336693
-124.0287,200,232.444895
-0.938725,200,232.48337
-127.044714,200,232.521436
-346.502,200,232.559765
-5.479911,200,232.597769
-128.205871,200,232.635711
-119.640127,200,232.673624
-126.997818,200,232.711376
-0.65254,200,232.749813
-230.524327,200,232.789041
-117.925949,200,232.897696
-242.335745,200,232.936179
-240.94548,200,232.974577
-243.755105,200,233.012725
-242.220423,200,233.050814
-121.03486,200,233.089307
-123.732461,200,233.127439
-123.478734,200,233.165831
-124.961362,200,233.203626
-121.790273,200,233.241645
-118.612338,200,233.357124
-377.964765,200,233.400747
-405.251587,200,233.44258
-119.272949,200,233.486147
-126.127527,200,233.529607
-120.079102,200,233.573223
-126.514996,200,233.640167
-125.776046,200,233.695951
-116.965944,200,233.741289
-225.964735,200,233.787177
-1.308277,200,233.910318
-119.54605,200,233.953918
-286.622175,200,233.993139
-125.652656,200,234.031631
-116.822457,200,234.069901
-123.111119,200,234.108328
-253.429367,200,234.14668
-123.348025,200,234.185097
-235.371785,200,234.223215
-362.876655,200,234.261608
-233.466891,200,234.370888
-122.815364,200,234.412943
-122.741971,200,234.451947
-236.77529,200,234.490401
-125.27724,200,234.528951
-242.078459,200,234.567385
-123.160858,200,234.60598
-249.074566,200,234.644311
-122.677593,200,234.682619
-240.260177,200,234.720784
-242.407753,200,234.829871
-126.134952,200,234.868361
-118.153952,200,234.906576
-236.546234,200,234.944426
-125.268165,200,234.982758
-234.105309,200,235.02109
-117.441203,200,235.059559
-126.748191,200,235.09754
-120.227942,200,235.135814
-127.737146,200,235.174411
-272.407125,200,235.283415
-120.092104,200,235.321941
-121.193654,200,235.360079
-117.750641,200,235.398527
-125.209277,200,235.436867
-300.462188,200,235.475944
-124.190459,200,235.514613
-123.001796,200,235.55314
-1.27327,200,235.592173
-4.479543,200,235.63048
