#{"t_start": 1789044632.982889, "env_id": "CartPole-v1"}
r,l,t
15.0,15,0.002752
49.0,49,0.003974
10.0,10,0.00425
29.0,29,0.004981
26.0,26,0.009696
17.0,17,0.012296
18.0,18,0.014853
22.0,22,0.018223
20.0,20,0.021079
17.0,17,0.023344
10.0,10,0.025245
14.0,14,0.027061
13.0,13,0.028839
24.0,24,0.032215
12.0,12,0.033913
46.0,46,0.040767
23.0,23,0.044165
13.0,13,0.045869
10.0,10,0.04712
17.0,17,0.049828
14.0,14,0.051617
36.0,36,0.056822
24.0,24,0.060169
14.0,14,0.06235
17.0,17,0.064644
12.0,12,0.066323
23.0,23,0.069738
31.0,31,0.073693
11.0,11,0.07537
12.0,12,0.077054
19.0,19,0.079796
20.0,20,0.082581
19.0,19,0.085351
19.0,19,0.087683
19.0,19,0.090432
18.0,18,0.093151
17.0,17,0.09545
27.0,27,0.099267
13.0,13,0.100993
18.0,18,0.103269
21.0,21,0.106507
15.0,15,0.108256
29.0,29,0.112549
12.0,12,0.114222
18.0,18,0.116509
11.0,11,0.118159
37.0,37,0.123115
35.0,35,0.128041
17.0,17,0.130303
31.0,31,0.134647
16.0,16,0.136858
18.0,18,0.139126
18.0,18,0.141858
36.0,36,0.146803
11.0,11,0.14855
14.0,14,0.150336
17.0,17,0.152771
19.0,19,0.155571
22.0,22,0.15886
15.0,15,0.16062
18.0,18,0.163395
16.0,16,0.165614
17.0,17,0.167856
11.0,11,0.169499
19.0,19,0.172253
17.0,17,0.17449
18.0,18,0.176755
22.0,22,0.180003
22.0,22,0.182843
33.0,33,0.187687
17.0,17,0.189932
10.0,10,0.191124
33.0,33,0.196105
26.0,26,0.199502
51.0,51,0.206735
13.0,13,0.208419
21.0,21,0.211308
21.0,21,0.214652
11.0,11,0.215857
16.0,16,0.218056
41.0,41,0.224066
15.0,15,0.225968
31.0,31,0.230423
16.0,16,0.232698
17.0,17,0.235014
15.0,15,0.23726
37.0,37,0.242349
13.0,13,0.244522
56.0,56,0.252349
29.0,29,0.256317
11.0,11,0.257967
27.0,27,0.261386
19.0,19,0.264224
20.0,20,0.266991
19.0,19,0.269831
52.0,52,0.300839
21.0,21,0.304208
18.0,18,0.307262
28.0,28,0.31186
10.0,10,0.313122
12.0,12,0.314887
14.0,14,0.317153
55.0,55,0.324624
28.0,28,0.328548
12.0,12,0.330255
10.0,10,0.331955
15.0,15,0.334166
25.0,25,0.337634
19.0,19,0.340488
19.0,19,0.343005
20.0,20,0.345793
9.0,9,0.347384
24.0,24,0.350821
15.0,15,0.352577
23.0,23,0.355979
18.0,18,0.358741
32.0,32,0.363213
16.0,16,0.365442
22.0,22,0.368633
47.0,47,0.375281
16.0,16,0.377565
15.0,15,0.379819
28.0,28,0.383835
22.0,22,0.386726
15.0,15,0.388954
11.0,11,0.3906
14.0,14,0.392364
23.0,23,0.39566
24.0,24,0.399008
146.0,146,0.419116
17.0,17,0.421808
14.0,14,0.423637
21.0,21,0.427561
13.0,13,0.429712
17.0,17,0.431971
13.0,13,0.433662
35.0,35,0.438807
12.0,12,0.44068
13.0,13,0.442522
41.0,41,0.448153
14.0,14,0.450389
18.0,18,0.452665
12.0,12,0.454341
18.0,18,0.457139
16.0,16,0.459422
16.0,16,0.461689
17.0,17,0.464
29.0,29,0.468014
20.0,20,0.470852
20.0,20,0.47374
13.0,13,0.475916
14.0,14,0.477667
28.0,28,0.481651
32.0,32,0.486133
16.0,16,0.488405
78.0,78,0.499572
15.0,15,0.50146
18.0,18,0.504358
37.0,37,0.509375
19.0,19,0.512285
27.0,27,0.516232
13.0,13,0.517931
23.0,23,0.521278
21.0,21,0.524112
26.0,26,0.527569
20.0,20,0.530341
28.0,28,0.534282
41.0,41,0.540274
14.0,14,0.542046
14.0,14,0.544245
19.0,19,0.546585
21.0,21,0.549814
29.0,29,0.553792
25.0,25,0.557157
24.0,24,0.560525
40.0,40,0.566249
17.0,17,0.568506
18.0,18,0.571343
57.0,57,0.57911
16.0,16,0.581393
32.0,32,0.600036
30.0,30,0.605065
11.0,11,0.606338
13.0,13,0.608732
17.0,17,0.611159
19.0,19,0.61401
32.0,32,0.618689
10.0,10,0.619928
21.0,21,0.622834
21.0,21,0.626103
46.0,46,0.63235
15.0,15,0.634544
20.0,20,0.63741
20.0,20,0.640315
34.0,34,0.644836
29.0,29,0.649174
12.0,12,0.65088
16.0,16,0.653632
44.0,44,0.660292
30.0,30,0.664458
44.0,44,0.670951
35.0,35,0.676415
20.0,20,0.680245
34.0,34,0.685103
14.0,14,0.687487
15.0,15,0.689867
28.0,28,0.694275
16.0,16,0.696669
46.0,46,0.703155
24.0,24,0.706702
18.0,18,0.709694
34.0,34,0.714288
22.0,22,0.717845
14.0,14,0.719669
32.0,32,0.724365
26.0,26,0.728643
18.0,18,0.731056
27.0,27,0.735146
19.0,19,0.737971
17.0,17,0.740244
17.0,17,0.742983
19.0,19,0.745854
20.0,20,0.748754
15.0,15,0.751077
29.0,29,0.755067
12.0,12,0.756919
18.0,18,0.759644
22.0,22,0.763136
12.0,12,0.76491
21.0,21,0.76792
62.0,62,0.777299
13.0,13,0.779174
23.0,23,0.782752
17.0,17,0.785099
28.0,28,0.789147
18.0,18,0.791675
23.0,23,0.795188
28.0,28,0.799202
16.0,16,0.801562
26.0,26,0.805466
14.0,14,0.807244
18.0,18,0.810081
46.0,46,0.816397
15.0,15,0.818687
35.0,35,0.823738
53.0,53,0.831237
20.0,20,0.83408
14.0,14,0.835819
11.0,11,0.837495
12.0,12,0.839195
12.0,12,0.840954
11.0,11,0.842626
17.0,17,0.844999
11.0,11,0.846699
17.0,17,0.848993
15.0,15,0.851179
24.0,24,0.854643
25.0,25,0.858033
32.0,32,0.862617
12.0,12,0.864303
47.0,47,0.871124
20.0,20,0.873981
18.0,18,0.876274
27.0,27,0.880208
16.0,16,0.882479
20.0,20,0.885259
19.0,19,0.888103
13.0,13,0.917335
12.0,12,0.919583
12.0,12,0.922046
14.0,14,0.92475
13.0,13,0.926979
27.0,27,0.93182
12.0,12,0.933855
19.0,19,0.936623
22.0,22,0.940224
26.0,26,0.943905
13.0,13,0.946143
59.0,59,0.95428
14.0,14,0.956472
12.0,12,0.958257
15.0,15,0.960582
27.0,27,0.964133
26.0,26,0.968126
19.0,19,0.971165
14.0,14,0.972947
14.0,14,0.97516
17.0,17,0.977544
21.0,21,0.980448
32.0,32,0.985015
24.0,24,0.988416
27.0,27,0.992324
32.0,32,0.997104
48.0,48,1.004393
15.0,15,1.006701
12.0,12,1.008385
46.0,46,1.01461
37.0,37,1.019787
16.0,16,1.022183
25.0,25,1.026167
16.0,16,1.028419
34.0,34,1.033059
31.0,31,1.037636
18.0,18,1.040456
22.0,22,1.043833
23.0,23,1.047232
22.0,22,1.050214
26.0,26,1.054176
17.0,17,1.05654
25.0,25,1.059902
21.0,21,1.063181
42.0,42,1.069221
27.0,27,1.073269
60.0,60,1.081716
34.0,34,1.086335
15.0,15,1.088615
11.0,11,1.090266
18.0,18,1.092703
29.0,29,1.096767
81.0,81,1.1089
12.0,12,1.110631
20.0,20,1.113636
17.0,17,1.115955
43.0,43,1.122097
36.0,36,1.127301
19.0,19,1.129668
39.0,39,1.135296
12.0,12,1.137022
19.0,19,1.139868
15.0,15,1.142155
41.0,41,1.148032
53.0,53,1.155577
21.0,21,1.158601
35.0,35,1.16387
30.0,30,1.168413
17.0,17,1.170672
16.0,16,1.173018
15.0,15,1.175312
10.0,10,1.176559
54.0,54,1.185236
61.0,61,1.194812
34.0,34,1.20002
10.0,10,1.20181
9.0,9,1.203126
13.0,13,1.205039
15.0,15,1.207526
11.0,11,1.209312
30.0,30,1.225565
18.0,18,1.228507
21.0,21,1.231776
11.0,11,1.233809
13.0,13,1.235828
18.0,18,1.238768
14.0,14,1.240665
24.0,24,1.244512
44.0,44,1.251012
14.0,14,1.25329
22.0,22,1.25623
16.0,16,1.258604
61.0,61,1.267517
21.0,21,1.27094
12.0,12,1.272651
15.0,15,1.274505
26.0,26,1.278393
18.0,18,1.280828
22.0,22,1.284195
40.0,40,1.29024
24.0,24,1.29366
35.0,35,1.298806
21.0,21,1.301772
23.0,23,1.305181
37.0,37,1.31038
18.0,18,1.312758
13.0,13,1.315347
8.0,8,1.31653
11.0,11,1.317783
17.0,17,1.320549
23.0,23,1.323421
12.0,12,1.325178
17.0,17,1.327882
27.0,27,1.331388
15.0,15,1.333655
19.0,19,1.336383
36.0,36,1.341618
15.0,15,1.344013
12.0,12,1.345767
16.0,16,1.34818
26.0,26,1.351613
19.0,19,1.354438
19.0,19,1.35729
20.0,20,1.360155
34.0,34,1.36511
26.0,26,1.368987
12.0,12,1.370706
12.0,12,1.372434
41.0,41,1.378268
22.0,22,1.381201
19.0,19,1.384138
25.0,25,1.387512
25.0,25,1.391338
19.0,19,1.39401
27.0,27,1.397854
29.0,29,1.401781
21.0,21,1.405113
12.0,12,1.406869
31.0,31,1.411048
32.0,32,1.415637
31.0,31,1.420074
32.0,32,1.424616
18.0,18,1.427368
22.0,22,1.430347
54.0,54,1.438367
21.0,21,1.44136
52.0,52,1.44927
16.0,16,1.451627
16.0,16,1.453913
10.0,10,1.455187
18.0,18,1.457988
24.0,24,1.461496
10.0,10,1.462818
38.0,38,1.468838
10.0,10,1.470114
18.0,18,1.473335
16.0,16,1.475725
16.0,16,1.478123
12.0,12,1.479876
19.0,19,1.482748
26.0,26,1.486451
50.0,50,1.494045
62.0,62,1.502561
31.0,31,1.5071
49.0,49,1.514016
62.0,62,1.534025
24.0,24,1.537769
18.0,18,1.54026
31.0,31,1.545234
52.0,52,1.552797
26.0,26,1.556281
16.0,16,1.558527
21.0,21,1.561771
32.0,32,1.566453
82.0,82,1.578361
15.0,15,1.580679
23.0,23,1.584197
16.0,16,1.586645
15.0,15,1.588475
11.0,11,1.590294
8.0,8,1.591407
36.0,36,1.59664
43.0,43,1.602928
23.0,23,1.606287
24.0,24,1.609815
17.0,17,1.612145
12.0,12,1.613988
19.0,19,1.616781
19.0,19,1.619108
15.0,15,1.621449
9.0,9,1.622707
13.0,13,1.624917
31.0,31,1.629043
14.0,14,1.631363
10.0,10,1.632533
20.0,20,1.635292
13.0,13,1.637632
14.0,14,1.639478
33.0,33,1.643999
24.0,24,1.647378
24.0,24,1.650812
32.0,32,1.655431
86.0,86,1.667885
32.0,32,1.672347
17.0,17,1.674719
27.0,27,1.678796
23.0,23,1.682257
19.0,19,1.684582
12.0,12,1.686379
18.0,18,1.689155
26.0,26,1.692908
23.0,23,1.69629
15.0,15,1.69869
28.0,28,1.702749
20.0,20,1.705524
17.0,17,1.707762
25.0,25,1.711352
20.0,20,1.714242
10.0,10,1.715872
13.0,13,1.717737
28.0,28,1.721818
24.0,24,1.725318
27.0,27,1.729363
21.0,21,1.732219
16.0,16,1.73459
15.0,15,1.736923
38.0,38,1.742187
35.0,35,1.747471
24.0,24,1.75088
30.0,30,1.755441
21.0,21,1.758302
11.0,11,1.759972
16.0,16,1.762348
20.0,20,1.765227
14.0,14,1.767052
29.0,29,1.771184
36.0,36,1.776346
17.0,17,1.779182
21.0,21,1.782219
23.0,23,1.78555
13.0,13,1.787263
19.0,19,1.790188
48.0,48,1.797337
14.0,14,1.799111
15.0,15,1.801411
58.0,58,1.809851
39.0,39,1.815615
73.0,73,1.839349
19.0,19,1.842579
22.0,22,1.846139
15.0,15,1.848012
10.0,10,1.849945
37.0,37,1.855077
24.0,24,1.858718
16.0,16,1.861078
11.0,11,1.862792
17.0,17,1.865168
12.0,12,1.86693
17.0,17,1.869298
18.0,18,1.872097
11.0,11,1.873849
16.0,16,1.876342
13.0,13,1.878209
11.0,11,1.879909
24.0,24,1.883331
16.0,16,1.885593
28.0,28,1.889516
13.0,13,1.891386
28.0,28,1.895333
17.0,17,1.8976
38.0,38,1.903355
14.0,14,1.905295
24.0,24,1.908684
42.0,42,1.915112
16.0,16,1.91732
15.0,15,1.919059
46.0,46,1.926095
38.0,38,1.931692
15.0,15,1.93418
13.0,13,1.936105
32.0,32,1.941464
16.0,16,1.944287
22.0,22,1.948644
18.0,18,1.95151
12.0,12,1.953533
31.0,31,1.958393
27.0,27,1.962751
15.0,15,1.965109
26.0,26,1.969161
14.0,14,1.971555
19.0,19,1.973972
35.0,35,1.979565
26.0,26,1.98453
40.0,40,1.990664
19.0,19,1.993342
64.0,64,2.004229
21.0,21,2.007913
22.0,22,2.011036
14.0,14,2.013946
17.0,17,2.016922
12.0,12,2.018912
10.0,10,2.020348
18.0,18,2.023403
10.0,10,2.024658
21.0,21,2.028703
14.0,14,2.030811
37.0,37,2.036312
27.0,27,2.040562
29.0,29,2.045582
30.0,30,2.050847
26.0,26,2.054808
18.0,18,2.057915
64.0,64,2.071851
51.0,51,2.084222
16.0,16,2.090385
16.0,16,2.095851
22.0,22,2.103012
82.0,82,2.122159
18.0,18,2.126319
32.0,32,2.131771
24.0,24,2.138955
14.0,14,2.141756
50.0,50,2.149446
18.0,18,2.152449
25.0,25,2.156314
17.0,17,2.159408
21.0,21,2.162515
17.0,17,2.165454
40.0,40,2.17183
16.0,16,2.175146
18.0,18,2.181806
17.0,17,2.184507
20.0,20,2.188012
12.0,12,2.190226
13.0,13,2.1937
15.0,15,2.195814
9.0,9,2.19775
17.0,17,2.200339
53.0,53,2.209198
36.0,36,2.215621
14.0,14,2.217985
19.0,19,2.220818
19.0,19,2.224659
12.0,12,2.226791
23.0,23,2.230505
15.0,15,2.233046
47.0,47,2.241261
14.0,14,2.244157
32.0,32,2.249541
24.0,24,2.253904
12.0,12,2.256645
16.0,16,2.260113
40.0,40,2.266512
38.0,38,2.27295
26.0,26,2.278288
30.0,30,2.282781
29.0,29,2.287625
32.0,32,2.293489
39.0,39,2.299384
16.0,16,2.301796
31.0,31,2.307429
26.0,26,2.312832
17.0,17,2.316027
25.0,25,2.320318
33.0,33,2.325948
21.0,21,2.330169
15.0,15,2.332634
19.0,19,2.336126
67.0,67,2.347936
34.0,34,2.353995
22.0,22,2.357903
29.0,29,2.363061
15.0,15,2.365751
24.0,24,2.369827
16.0,16,2.372257
20.0,20,2.375415
42.0,42,2.38283
46.0,46,2.390352
15.0,15,2.393082
18.0,18,2.39638
30.0,30,2.401421
22.0,22,2.404784
26.0,26,2.409612
47.0,47,2.418257
11.0,11,2.420538
39.0,39,2.429455
24.0,24,2.433824
11.0,11,2.435742
12.0,12,2.437844
11.0,11,2.439802
9.0,9,2.442099
37.0,37,2.448487
20.0,20,2.452186
15.0,15,2.454969
33.0,33,2.460194
13.0,13,2.462208
54.0,54,2.471894
13.0,13,2.474079
40.0,40,2.481494
38.0,38,2.487767
22.0,22,2.492677
33.0,33,2.498178
14.0,14,2.501149
23.0,23,2.505455
16.0,16,2.511063
10.0,10,2.515395
21.0,21,2.523612
16.0,16,2.527513
38.0,38,2.539583
32.0,32,2.549821
22.0,22,2.554415
33.0,33,2.568917
20.0,20,2.573911
22.0,22,2.582491
18.0,18,2.58993
11.0,11,2.592972
32.0,32,2.599463
44.0,44,2.60857
17.0,17,2.611434
22.0,22,2.615695
34.0,34,2.621981
19.0,19,2.625721
33.0,33,2.63168
11.0,11,2.633787
27.0,27,2.639001
18.0,18,2.64237
16.0,16,2.64537
26.0,26,2.649926
22.0,22,2.653587
17.0,17,2.657001
26.0,26,2.661358
20.0,20,2.665364
52.0,52,2.675434
15.0,15,2.679224
21.0,21,2.683499
15.0,15,2.686157
21.0,21,2.689268
14.0,14,2.691812
10.0,10,2.693327
10.0,10,2.695603
12.0,12,2.697517
15.0,15,2.699585
11.0,11,2.701379
25.0,25,2.705241
20.0,20,2.708394
14.0,14,2.710775
16.0,16,2.71329
40.0,40,2.71948
39.0,39,2.725366
10.0,10,2.726701
45.0,45,2.733319
27.0,27,2.737515
27.0,27,2.741512
14.0,14,2.743346
31.0,31,2.748449
20.0,20,2.75142
22.0,22,2.754951
13.0,13,2.756798
21.0,21,2.759691
22.0,22,2.76319
10.0,10,2.764424
55.0,55,2.772623
53.0,53,2.780393
20.0,20,2.78334
28.0,28,2.787664
58.0,58,2.796383
45.0,45,2.802671
21.0,21,2.805803
21.0,21,2.808816
54.0,54,2.817126
22.0,22,2.820215
18.0,18,2.823032
19.0,19,2.825978
11.0,11,2.827343
14.0,14,2.829623
27.0,27,2.833729
16.0,16,2.836224
17.0,17,2.838672
12.0,12,2.840484
11.0,11,2.842193
16.0,16,2.844526
40.0,40,2.85065
45.0,45,2.857135
16.0,16,2.859447
32.0,32,2.864439
27.0,27,2.868738
14.0,14,2.870633
44.0,44,2.877279
18.0,18,2.880274
17.0,17,2.882554
52.0,52,2.890353
13.0,13,2.892175
45.0,45,2.898662
38.0,38,2.90813
15.0,15,2.91064
55.0,55,2.919047
25.0,25,2.923298
14.0,14,2.925396
25.0,25,2.929312
18.0,18,2.932143
12.0,12,2.933988
20.0,20,2.93706
15.0,15,2.939303
39.0,39,2.944676
14.0,14,2.947069
42.0,42,2.953048
15.0,15,2.955345
9.0,9,2.956547
29.0,29,2.961183
26.0,26,2.96504
36.0,36,2.970875
16.0,16,2.973417
19.0,19,2.976454
35.0,35,2.981869
24.0,24,2.985638
15.0,15,2.987767
12.0,12,2.989837
68.0,68,3.00026
27.0,27,3.004379
21.0,21,3.007221
26.0,26,3.011178
12.0,12,3.013048
20.0,20,3.016256
38.0,38,3.021547
13.0,13,3.023686
26.0,26,3.027261
26.0,26,3.031352
16.0,16,3.033811
66.0,66,3.043561
17.0,17,3.046028
16.0,16,3.048561
13.0,13,3.051149
23.0,23,3.054254
45.0,45,3.061221
21.0,21,3.064257
62.0,62,3.073411
12.0,12,3.075395
13.0,13,3.077761
29.0,29,3.082133
46.0,46,3.088659
31.0,31,3.093346
34.0,34,3.098735
27.0,27,3.102274
13.0,13,3.104582
55.0,55,3.112094
15.0,15,3.114527
44.0,44,3.120965
15.0,15,3.123312
61.0,61,3.132411
24.0,24,3.136156
51.0,51,3.143561
13.0,13,3.145319
12.0,12,3.147113
18.0,18,3.149968
33.0,33,3.154523
17.0,17,3.1569
15.0,15,3.159345
17.0,17,3.161734
14.0,14,3.164078
22.0,22,3.167154
19.0,19,3.170241
35.0,35,3.175673
23.0,23,3.178864
14.0,14,3.181111
13.0,13,3.182877
33.0,33,3.187683
16.0,16,3.190075
54.0,54,3.198185
25.0,25,3.201788
36.0,36,3.211875
21.0,21,3.215152
32.0,32,3.220597
23.0,23,3.224286
21.0,21,3.227564
12.0,12,3.229353
11.0,11,3.231023
22.0,22,3.234677
32.0,32,3.239386
49.0,49,3.246563
26.0,26,3.25011
34.0,34,3.255343
20.0,20,3.258354
15.0,15,3.260711
17.0,17,3.263071
14.0,14,3.264914
18.0,18,3.26798
15.0,15,3.270283
31.0,31,3.274534
20.0,20,3.277558
28.0,28,3.281871
18.0,18,3.284725
28.0,28,3.289016
26.0,26,3.29267
15.0,15,3.295049
15.0,15,3.297499
22.0,22,3.300809
15.0,15,3.303056
31.0,31,3.307842
45.0,45,3.314419
14.0,14,3.316761
26.0,26,3.320447
23.0,23,3.323938
33.0,33,3.328721
47.0,47,3.335796
29.0,29,3.340084
19.0,19,3.343106
19.0,19,3.345995
21.0,21,3.349222
14.0,14,3.351018
33.0,33,3.356565
12.0,12,3.358495
20.0,20,3.361505
26.0,26,3.365257
46.0,46,3.372494
36.0,36,3.377762
19.0,19,3.380196
33.0,33,3.385409
20.0,20,3.388371
25.0,25,3.391915
17.0,17,3.394399
52.0,52,3.402015
19.0,19,3.40482
45.0,45,3.411294
26.0,26,3.415512
53.0,53,3.423272
33.0,33,3.428271
23.0,23,3.431789
40.0,40,3.43774
25.0,25,3.441354
25.0,25,3.445049
13.0,13,3.447299
20.0,20,3.450348
18.0,18,3.4528
76.0,76,3.46421
36.0,36,3.469376
92.0,92,3.482927
47.0,47,3.49011
33.0,33,3.495448
19.0,19,3.498319
48.0,48,3.5056
10.0,10,3.506869
51.0,51,3.542606
70.0,70,3.554452
46.0,46,3.561048
25.0,25,3.564811
110.0,110,3.582365
19.0,19,3.585326
34.0,34,3.590379
33.0,33,3.59554
17.0,17,3.598634
43.0,43,3.604718
12.0,12,3.606718
13.0,13,3.609195
28.0,28,3.613932
35.0,35,3.618956
23.0,23,3.622975
34.0,34,3.629253
171.0,171,3.658141
31.0,31,3.663363
17.0,17,3.666052
29.0,29,3.671231
26.0,26,3.675275
16.0,16,3.67784
18.0,18,3.681089
26.0,26,3.685746
46.0,46,3.694627
26.0,26,3.699083
27.0,27,3.704378
41.0,41,3.711409
69.0,69,3.724008
18.0,18,3.727701
17.0,17,3.730223
15.0,15,3.732879
20.0,20,3.736712
22.0,22,3.740198
22.0,22,3.744342
15.0,15,3.747002
61.0,61,3.757758
62.0,62,3.768515
14.0,14,3.771046
66.0,66,3.78205
51.0,51,3.791411
29.0,29,3.796356
21.0,21,3.800258
19.0,19,3.803131
54.0,54,3.813313
8.0,8,3.81455
39.0,39,3.821022
17.0,17,3.823594
105.0,105,3.841073
21.0,21,3.844666
44.0,44,3.852621
29.0,29,3.857821
30.0,30,3.862715
32.0,32,3.869185
26.0,26,3.873815
30.0,30,3.878441
41.0,41,3.977062
16.0,16,3.98213
55.0,55,3.992796
18.0,18,3.996248
97.0,97,4.013347
14.0,14,4.016128
31.0,31,4.021688
28.0,28,4.026629
21.0,21,4.030771
21.0,21,4.034787
21.0,21,4.038326
48.0,48,4.047536
30.0,30,4.052603
15.0,15,4.055097
14.0,14,4.057779
20.0,20,4.061986
18.0,18,4.064691
79.0,79,4.078189
33.0,33,4.083825
31.0,31,4.089312
15.0,15,4.092331
27.0,27,4.096516
11.0,11,4.098455
12.0,12,4.100737
22.0,22,4.105583
50.0,50,4.115561
38.0,38,4.123098
19.0,19,4.12605
71.0,71,4.13972
57.0,57,4.149543
26.0,26,4.154608
45.0,45,4.163643
80.0,80,4.179104
32.0,32,4.184626
34.0,34,4.190814
12.0,12,4.193157
29.0,29,4.198728
19.0,19,4.202261
20.0,20,4.205487
13.0,13,4.207763
23.0,23,4.212115
55.0,55,4.221922
14.0,14,4.224821
41.0,41,4.232658
21.0,21,4.23623
37.0,37,4.2437
57.0,57,4.254358
13.0,13,4.256662
46.0,46,4.267012
19.0,19,4.269868
19.0,19,4.273052
31.0,31,4.279357
13.0,13,4.281556
16.0,16,4.284347
36.0,36,4.290965
43.0,43,4.298922
35.0,35,4.305783
53.0,53,4.317072
20.0,20,4.321157
120.0,120,4.342087
48.0,48,4.508347
24.0,24,4.512404
17.0,17,4.514894
73.0,73,4.526061
18.0,18,4.529021
66.0,66,4.538911
44.0,44,4.54563
41.0,41,4.552378
48.0,48,4.559901
51.0,51,4.567564
20.0,20,4.570814
17.0,17,4.573819
97.0,97,4.589119
70.0,70,4.599943
21.0,21,4.603557
21.0,21,4.606609
56.0,56,4.615312
41.0,41,4.621364
19.0,19,4.624453
51.0,51,4.632732
47.0,47,4.639616
76.0,76,4.651344
50.0,50,4.659433
57.0,57,4.668486
38.0,38,4.674619
72.0,72,4.686039
36.0,36,4.691412
19.0,19,4.694079
37.0,37,4.699998
24.0,24,4.703507
35.0,35,4.708479
59.0,59,4.717503
109.0,109,4.734302
60.0,60,4.743474
22.0,22,4.746975
14.0,14,4.748874
46.0,46,4.756353
56.0,56,4.76504
101.0,101,4.780219
14.0,14,4.78259
118.0,118,4.801017
21.0,21,4.804256
15.0,15,4.806473
44.0,44,4.81297
16.0,16,4.860418
96.0,96,4.87668
19.0,19,4.879864
12.0,12,4.881668
17.0,17,4.885464
125.0,125,4.905077
30.0,30,4.910123
18.0,18,4.912577
77.0,77,4.925136
38.0,38,4.931155
24.0,24,4.935164
22.0,22,4.938884
71.0,71,4.94986
27.0,27,4.954218
49.0,49,4.962097
33.0,33,4.967719
18.0,18,4.97042
64.0,64,4.981402
17.0,17,4.983939
13.0,13,4.98636
30.0,30,4.991056
12.0,12,4.992979
96.0,96,5.008488
104.0,104,5.025098
50.0,50,5.03336
18.0,18,5.03607
52.0,52,5.044349
40.0,40,5.050636
13.0,13,5.052616
77.0,77,5.065039
20.0,20,5.067996
59.0,59,5.076765
20.0,20,5.079804
33.0,33,5.085286
50.0,50,5.092949
51.0,51,5.100624
29.0,29,5.104949
22.0,22,5.108529
16.0,16,5.11102
38.0,38,5.116339
34.0,34,5.121924
56.0,56,5.130552
76.0,76,5.142033
93.0,93,5.156287
24.0,24,5.15996
15.0,15,5.1622
115.0,115,5.312847
17.0,17,5.316893
23.0,23,5.320267
17.0,17,5.323335
29.0,29,5.328154
25.0,25,5.332248
15.0,15,5.334737
20.0,20,5.33785
61.0,61,5.347647
49.0,49,5.35507
19.0,19,5.358391
134.0,134,5.379489
25.0,25,5.383368
14.0,14,5.385273
86.0,86,5.398761
33.0,33,5.403686
43.0,43,5.410248
36.0,36,5.415754
19.0,19,5.418727
58.0,58,5.427368
51.0,51,5.435271
15.0,15,5.437581
13.0,13,5.439426
35.0,35,5.445133
69.0,69,5.455689
41.0,41,5.461857
23.0,23,5.465654
15.0,15,5.468146
17.0,17,5.470528
18.0,18,5.473003
47.0,47,5.480419
25.0,25,5.484168
88.0,88,5.498508
10.0,10,5.500226
13.0,13,5.502153
107.0,107,5.519318
19.0,19,5.522507
77.0,77,5.534528
69.0,69,5.544633
74.0,74,5.556249
55.0,55,5.564606
81.0,81,5.57765
41.0,41,5.583958
24.0,24,5.587573
121.0,121,5.605778
21.0,21,5.609001
15.0,15,5.611401
19.0,19,5.614325
48.0,48,5.775205
40.0,40,5.782243
95.0,95,5.797644
21.0,21,5.800843
22.0,22,5.804121
52.0,52,5.812075
23.0,23,5.815925
39.0,39,5.822203
37.0,37,5.8278
23.0,23,5.8315
159.0,159,5.856426
52.0,52,5.864641
73.0,73,5.875657
153.0,153,5.899291
20.0,20,5.902979
74.0,74,5.916295
19.0,19,5.919134
18.0,18,5.922405
23.0,23,5.926392
39.0,39,5.932747
46.0,46,5.940473
15.0,15,5.942939
50.0,50,5.950327
31.0,31,5.955547
48.0,48,5.963104
39.0,39,5.969137
22.0,22,5.972479
18.0,18,5.975693
46.0,46,5.982772
29.0,29,5.987224
65.0,65,5.997724
52.0,52,6.005897
36.0,36,6.011411
22.0,22,6.014607
62.0,62,6.024696
36.0,36,6.030486
24.0,24,6.034372
32.0,32,6.039517
21.0,21,6.042792
65.0,65,6.05269
20.0,20,6.055579
50.0,50,6.063348
28.0,28,6.067766
58.0,58,6.076636
34.0,34,6.082207
64.0,64,6.092128
19.0,19,6.172689
16.0,16,6.175492
36.0,36,6.181789
36.0,36,6.187599
89.0,89,6.202136
21.0,21,6.205568
34.0,34,6.210685
15.0,15,6.213163
42.0,42,6.220188
41.0,41,6.22652
68.0,68,6.237849
43.0,43,6.244663
66.0,66,6.255155
32.0,32,6.260073
65.0,65,6.270479
24.0,24,6.274028
55.0,55,6.282966
59.0,59,6.292652
28.0,28,6.297273
17.0,17,6.299969
37.0,37,6.306302
42.0,42,6.314172
38.0,38,6.320432
29.0,29,6.325873
14.0,14,6.327934
31.0,31,6.333258
46.0,46,6.340859
21.0,21,6.344755
26.0,26,6.349116
59.0,59,6.359687
75.0,75,6.372713
106.0,106,6.389967
11.0,11,6.3923
45.0,45,6.40328
35.0,35,6.410855
65.0,65,6.43132
27.0,27,6.43673
12.0,12,6.441652
74.0,74,6.463405
43.0,43,6.473146
11.0,11,6.475193
76.0,76,6.488124
146.0,146,6.513948
19.0,19,6.517232
16.0,16,6.519913
99.0,99,6.610642
100.0,100,6.630543
180.0,180,6.664346
60.0,60,6.676812
21.0,21,6.682256
19.0,19,6.686143
88.0,88,6.702061
74.0,74,6.715341
46.0,46,6.725231
15.0,15,6.728965
11.0,11,6.730671
68.0,68,6.742406
84.0,84,6.757444
44.0,44,6.765292
46.0,46,6.774614
67.0,67,6.787644
47.0,47,6.797654
34.0,34,6.805976
73.0,73,6.823556
49.0,49,6.842139
90.0,90,6.870339
52.0,52,6.883164
127.0,127,6.913264
31.0,31,6.918511
75.0,75,6.933758
14.0,14,6.936575
68.0,68,6.954059
18.0,18,6.957361
16.0,16,6.961824
28.0,28,6.968263
15.0,15,6.971178
41.0,41,6.979282
22.0,22,6.983647
50.0,50,6.99354
32.0,32,6.999364
65.0,65,7.014582
11.0,11,7.016676
57.0,57,7.027735
81.0,81,7.119779
17.0,17,7.122873
23.0,23,7.127684
64.0,64,7.138209
17.0,17,7.140883
74.0,74,7.153794
90.0,90,7.168686
123.0,123,7.188743
123.0,123,7.208518
126.0,126,7.229488
76.0,76,7.242117
84.0,84,7.256203
16.0,16,7.259123
77.0,77,7.271963
76.0,76,7.284553
38.0,38,7.291148
67.0,67,7.301908
62.0,62,7.312529
19.0,19,7.315597
61.0,61,7.325639
22.0,22,7.328703
45.0,45,7.336566
51.0,51,7.344892
27.0,27,7.349544
19.0,19,7.352773
123.0,123,7.372923
29.0,29,7.377749
63.0,63,7.388334
63.0,63,7.398363
24.0,24,7.402235
40.0,40,7.408683
39.0,39,7.414898
67.0,67,7.425639
28.0,28,7.430125
54.0,54,7.438517
167.0,167,7.549212
21.0,21,7.55264
69.0,69,7.567062
37.0,37,7.573943
17.0,17,7.577554
31.0,31,7.583324
18.0,18,7.586433
67.0,67,7.599182
77.0,77,7.613717
76.0,76,7.628577
14.0,14,7.631381
29.0,29,7.636291
10.0,10,7.638661
23.0,23,7.643265
136.0,136,7.669264
28.0,28,7.674772
66.0,66,7.687854
27.0,27,7.694282
47.0,47,7.701986
123.0,123,7.724345
59.0,59,7.736056
89.0,89,7.752327
114.0,114,7.775024
21.0,21,7.779012
65.0,65,7.789988
116.0,116,7.831089
22.0,22,7.83824
46.0,46,7.85102
22.0,22,7.856956
73.0,73,7.879263
26.0,26,7.884121
60.0,60,7.895569
74.0,74,7.910195
89.0,89,7.926698
11.0,11,7.929321
38.0,38,7.936235
95.0,95,8.065447
32.0,32,8.07152
114.0,114,8.094354
135.0,135,8.120187
25.0,25,8.125584
75.0,75,8.139486
27.0,27,8.144875
79.0,79,8.160551
127.0,127,8.185481
138.0,138,8.212875
124.0,124,8.236494
25.0,25,8.241605
46.0,46,8.251297
77.0,77,8.274676
23.0,23,8.281956
17.0,17,8.288742
79.0,79,8.312657
143.0,143,8.337555
186.0,186,8.369902
15.0,15,8.372345
65.0,65,8.383871
64.0,64,8.394684
176.0,176,8.424254
54.0,54,8.433961
51.0,51,8.442197
146.0,146,8.567174
63.0,63,8.578294
58.0,58,8.587711
71.0,71,8.599878
139.0,139,8.623187
22.0,22,8.626745
247.0,247,8.668502
128.0,128,8.690036
52.0,52,8.699262
53.0,53,8.708256
157.0,157,8.735804
93.0,93,8.75192
95.0,95,8.768317
67.0,67,8.780027
92.0,92,8.795388
15.0,15,8.798009
80.0,80,8.811575
82.0,82,8.825518
28.0,28,8.830257
65.0,65,8.841423
50.0,50,8.849907
25.0,25,8.853907
32.0,32,8.859279
226.0,226,8.983187
79.0,79,8.997551
98.0,98,9.014756
32.0,32,9.020114
50.0,50,9.028982
26.0,26,9.033337
155.0,155,9.059892
105.0,105,9.077202
37.0,37,9.08312
39.0,39,9.089647
79.0,79,9.102741
12.0,12,9.104673
27.0,27,9.109116
30.0,30,9.113783
109.0,109,9.161512
45.0,45,9.169397
27.0,27,9.173538
73.0,73,9.185469
142.0,142,9.209079
109.0,109,9.228964
66.0,66,9.240174
56.0,56,9.24992
125.0,125,9.271614
236.0,236,9.31363
52.0,52,9.322485
149.0,149,9.34842
84.0,84,9.456393
110.0,110,9.479308
9.0,9,9.480922
38.0,38,9.489321
13.0,13,9.493258
31.0,31,9.500557
39.0,39,9.50859
48.0,48,9.51776
52.0,52,9.528244
17.0,17,9.531836
33.0,33,9.538599
146.0,146,9.567457
33.0,33,9.573654
89.0,89,9.590956
34.0,34,9.596975
129.0,129,9.623565
48.0,48,9.632452
22.0,22,9.636615
34.0,34,9.643439
83.0,83,9.659494
33.0,33,9.666745
22.0,22,9.671025
11.0,11,9.673126
26.0,26,9.678225
23.0,23,9.682936
116.0,116,9.705815
117.0,117,9.730626
41.0,41,9.740176
31.0,31,9.746418
102.0,102,9.768763
135.0,135,9.808396
18.0,18,9.813057
87.0,87,9.835783
16.0,16,9.84123
104.0,104,9.871052
36.0,36,9.994466
24.0,24,10.000449
63.0,63,10.015924
119.0,119,10.040561
252.0,252,10.096728
55.0,55,10.107894
42.0,42,10.116465
176.0,176,10.152346
93.0,93,10.172743
83.0,83,10.192081
140.0,140,10.220885
18.0,18,10.224303
106.0,106,10.247119
211.0,211,10.28587
55.0,55,10.29543
144.0,144,10.319639
40.0,40,10.326463
56.0,56,10.335821
65.0,65,10.346939
229.0,229,10.386696
77.0,77,10.500021
204.0,204,10.536208
124.0,124,10.557504
123.0,123,10.579179
72.0,72,10.591261
217.0,217,10.628043
31.0,31,10.633284
243.0,243,10.677147
74.0,74,10.689895
190.0,190,10.723005
202.0,202,10.758687
161.0,161,10.78534
109.0,109,10.803512
26.0,26,10.807991
247.0,247,11.013524
11.0,11,11.016997
44.0,44,11.030099
67.0,67,11.102823
72.0,72,11.117341
54.0,54,11.127872
222.0,222,11.175314
187.0,187,11.214768
86.0,86,11.233539
253.0,253,11.286398
16.0,16,11.289778
153.0,153,11.324724
187.0,187,11.36633
30.0,30,11.372187
66.0,66,11.385857
89.0,89,11.402793
100.0,100,11.422714
37.0,37,11.430512
400.0,400,11.636714
229.0,229,11.686745
74.0,74,11.703261
53.0,53,11.712595
178.0,178,11.742972
142.0,142,11.766876
150.0,150,11.792411
184.0,184,11.822768
194.0,194,11.855146
58.0,58,11.864994
136.0,136,11.887824
183.0,183,11.919323
58.0,58,11.930259
39.0,39,11.937168
165.0,165,11.966753
190.0,190,12.098278
389.0,389,12.167796
161.0,161,12.195209
38.0,38,12.201434
123.0,123,12.222267
75.0,75,12.235129
67.0,67,12.246444
123.0,123,12.266343
130.0,130,12.288317
244.0,244,12.329566
13.0,13,12.331647
179.0,179,12.362231
158.0,158,12.387638
14.0,14,12.390207
168.0,168,12.508718
250.0,250,12.550599
224.0,224,12.588437
30.0,30,12.593577
188.0,188,12.627876
147.0,147,12.654398
144.0,144,12.681918
203.0,203,12.719633
88.0,88,12.737841
163.0,163,12.769467
69.0,69,12.782771
297.0,297,12.842294
177.0,177,12.981719
95.0,95,13.001173
24.0,24,13.005699
108.0,108,13.027177
85.0,85,13.043896
57.0,57,13.05504
53.0,53,13.066913
62.0,62,13.079351
114.0,114,13.101733
172.0,172,13.136847
229.0,229,13.183834
122.0,122,13.207052
201.0,201,13.24835
184.0,184,13.286282
48.0,48,13.296271
187.0,187,13.35269
148.0,148,13.382581
137.0,137,13.493007
55.0,55,13.502556
24.0,24,13.506835
45.0,45,13.514833
146.0,146,13.540144
260.0,260,13.585973
109.0,109,13.604644
144.0,144,13.629886
256.0,256,13.675126
218.0,218,13.71364
85.0,85,13.728255
12.0,12,13.730437
195.0,195,13.763276
229.0,229,13.801729
188.0,188,13.915616
263.0,263,13.989481
12.0,12,13.991712
299.0,299,14.047046
100.0,100,14.064348
134.0,134,14.087595
79.0,79,14.101339
91.0,91,14.116854
14.0,14,14.119336
152.0,152,14.146314
340.0,340,14.204656
295.0,295,14.255355
64.0,64,14.266364
210.0,210,14.385464
216.0,216,14.428172
209.0,209,14.467587
197.0,197,14.506553
107.0,107,14.526994
196.0,196,14.56433
43.0,43,14.573065
69.0,69,14.586225
254.0,254,14.63642
207.0,207,14.679328
188.0,188,14.736588
250.0,250,14.897875
203.0,203,14.942754
42.0,42,14.950964
224.0,224,15.001252
273.0,273,15.06253
215.0,215,15.106356
245.0,245,15.149876
217.0,217,15.187217
105.0,105,15.20491
89.0,89,15.220306
389.0,389,15.370307
281.0,281,15.421283
274.0,274,15.471742
138.0,138,15.496117
237.0,237,15.537797
243.0,243,15.579766
242.0,242,15.621825
113.0,113,15.641685
238.0,238,15.683438
271.0,271,15.822804
92.0,92,15.839711
331.0,331,15.89818
226.0,226,15.942333
152.0,152,15.970371
194.0,194,16.004391
243.0,243,16.046458
165.0,165,16.075296
411.0,411,16.148657
139.0,139,16.251925
192.0,192,16.292555
318.0,318,16.375936
48.0,48,16.395273
201.0,201,16.435054
269.0,269,16.491658
189.0,189,16.531779
293.0,293,16.626328
214.0,214,16.669944
274.0,274,16.867926
241.0,241,16.928432
182.0,182,16.967397
207.0,207,17.016354
243.0,243,17.070198
229.0,229,17.118386
196.0,196,17.156903
52.0,52,17.166322
221.0,221,17.206734
230.0,230,17.248571
193.0,193,17.378073
266.0,266,17.428491
275.0,275,17.478374
265.0,265,17.527264
251.0,251,17.572933
331.0,331,17.634066
293.0,293,17.687998
235.0,235,17.734032
285.0,285,17.893928
201.0,201,17.930804
256.0,256,17.976998
321.0,321,18.034186
192.0,192,18.068447
265.0,265,18.115942
233.0,233,18.15724
289.0,289,18.209986
283.0,283,18.372024
226.0,226,18.413386
247.0,247,18.45838
226.0,226,18.499088
260.0,260,18.546057
215.0,215,18.584644
243.0,243,18.628201
247.0,247,18.671979
395.0,395,18.819586
370.0,370,18.886187
245.0,245,18.929979
394.0,394,19.000001
262.0,262,19.047192
277.0,277,19.096724
245.0,245,19.219941
269.0,269,19.270173
272.0,272,19.320627
297.0,297,19.379533
241.0,241,19.430491
228.0,228,19.47191
500.0,500,19.56227
229.0,229,19.700356
227.0,227,19.748097
286.0,286,19.807655
230.0,230,19.861501
321.0,321,19.938505
254.0,254,19.998092
221.0,221,20.044133
221.0,221,20.091072
235.0,235,20.252023
290.0,290,20.322842
295.0,295,20.409896
224.0,224,20.452211
316.0,316,20.511592
272.0,272,20.562219
264.0,264,20.610186
307.0,307,20.764434
370.0,370,20.833686
239.0,239,20.877074
244.0,244,20.924429
348.0,348,20.990426
227.0,227,21.032185
226.0,226,21.073921
208.0,208,21.111982
294.0,294,21.265539
224.0,224,21.307027
220.0,220,21.352985
284.0,284,21.41159
282.0,282,21.470043
289.0,289,21.529012
412.0,412,21.614343
226.0,226,21.760167
255.0,255,21.81514
227.0,227,21.865177
398.0,398,21.951794
205.0,205,21.998314
276.0,276,22.050144
227.0,227,22.091862
392.0,392,22.259947
311.0,311,22.318606
474.0,474,22.406198
275.0,275,22.457399
304.0,304,22.51362
266.0,266,22.562739
271.0,271,22.692323
212.0,212,22.732537
239.0,239,22.77615
229.0,229,22.818405
232.0,232,22.860839
271.0,271,22.910815
351.0,351,22.975604
256.0,256,23.022362
272.0,272,23.152062
238.0,238,23.196451
324.0,324,23.256048
202.0,202,23.292997
281.0,281,23.344359
276.0,276,23.394414
257.0,257,23.441871
233.0,233,23.484641
234.0,234,23.614822
320.0,320,23.673622
218.0,218,23.714789
278.0,278,23.765657
199.0,199,23.802713
250.0,250,23.848783
295.0,295,23.902522
211.0,211,23.941087
240.0,240,24.065139
301.0,301,24.12048
353.0,353,24.185851
260.0,260,24.23419
216.0,216,24.273566
276.0,276,24.324471
239.0,239,24.367797
272.0,272,24.49299
350.0,350,24.557807
245.0,245,24.602364
283.0,283,24.654176
272.0,272,24.704539
305.0,305,24.789739
311.0,311,24.847558
233.0,233,24.982995
236.0,236,25.026955
271.0,271,25.077184
396.0,396,25.149523
243.0,243,25.194726
205.0,205,25.232657
328.0,328,25.292739
266.0,266,25.437263
214.0,214,25.491913
312.0,312,25.5811
218.0,218,25.632918
255.0,255,25.686673
271.0,271,25.745161
324.0,324,25.815303
232.0,232,25.864059
326.0,326,26.058316
254.0,254,26.122689
250.0,250,26.173155
294.0,294,26.228377
287.0,287,26.281701
302.0,302,26.336975
266.0,266,26.386066
265.0,265,26.536692
223.0,223,26.578766
324.0,324,26.639042
222.0,222,26.679951
223.0,223,26.722319
270.0,270,26.771761
257.0,257,26.819243
272.0,272,26.869041
302.0,302,27.021645
204.0,204,27.059072
237.0,237,27.104455
218.0,218,27.148033
263.0,263,27.202028
360.0,360,27.27525
224.0,224,27.319508
263.0,263,27.373059
293.0,293,27.540306
274.0,274,27.599865
255.0,255,27.68832
288.0,288,27.751314
257.0,257,27.808135
413.0,413,27.886461
238.0,238,28.004752
193.0,193,28.041903
191.0,191,28.077874
228.0,228,28.120081
238.0,238,28.163908
405.0,405,28.23932
318.0,318,28.297376
236.0,236,28.340799
259.0,259,28.473358
238.0,238,28.517595
268.0,268,28.567052
337.0,337,28.629276
245.0,245,28.674194
277.0,277,28.725813
290.0,290,28.779515
216.0,216,28.818849
250.0,250,28.9567
220.0,220,28.997288
258.0,258,29.044992
232.0,232,29.088143
283.0,283,29.139293
328.0,328,29.199767
227.0,227,29.241721
349.0,349,29.389616
260.0,260,29.442224
283.0,283,29.530378
251.0,251,29.580904
238.0,238,29.629941
249.0,249,29.684161
207.0,207,29.729286
205.0,205,29.77473
272.0,272,29.921305
248.0,248,30.006843
221.0,221,30.057077
207.0,207,30.10189
294.0,294,30.156527
248.0,248,30.20279
217.0,217,30.242813
230.0,230,30.285787
245.0,245,30.33061
227.0,227,30.457485
244.0,244,30.503259
372.0,372,30.571621
221.0,221,30.612164
225.0,225,30.65331
218.0,218,30.694135
354.0,354,30.759393
218.0,218,30.878699
261.0,261,30.93031
265.0,265,30.980622
340.0,340,31.043043
223.0,223,31.084483
230.0,230,31.127225
285.0,285,31.179427
253.0,253,31.226565
220.0,220,31.343998
211.0,211,31.383097
270.0,270,31.432319
257.0,257,31.479933
240.0,240,31.524015
254.0,254,31.570513
259.0,259,31.617985
282.0,282,31.669931
233.0,233,31.79272
229.0,229,31.835889
242.0,242,31.88014
283.0,283,31.932067
213.0,213,31.971086
496.0,496,32.062556
395.0,395,32.135213
243.0,243,32.275055
252.0,252,32.326838
221.0,221,32.371435
271.0,271,32.427494
237.0,237,32.475246
229.0,229,32.521435
297.0,297,32.618968
264.0,264,32.765332
327.0,327,32.838012
404.0,404,32.927335
198.0,198,32.968076
198.0,198,33.005112
260.0,260,33.053483
226.0,226,33.095354
269.0,269,33.145024
302.0,302,33.285221
234.0,234,33.32838
205.0,205,33.366151
274.0,274,33.416547
208.0,208,33.455155
221.0,221,33.495508
251.0,251,33.541597
255.0,255,33.588768
379.0,379,33.756385
378.0,378,33.826132
199.0,199,33.862299
273.0,273,33.912592
251.0,251,33.958856
259.0,259,34.006189
381.0,381,34.07652
249.0,249,34.205863
327.0,327,34.267243
197.0,197,34.303711
223.0,223,34.344827
264.0,264,34.393755
236.0,236,34.437523
500.0,500,34.52979
298.0,298,34.669642
308.0,308,34.727028
374.0,374,34.796429
448.0,448,34.879145
255.0,255,34.925773
310.0,310,34.983132
215.0,215,35.098174
264.0,264,35.147001
252.0,252,35.193545
418.0,418,35.270736
219.0,219,35.311055
361.0,361,35.376922
284.0,284,35.429356
248.0,248,35.557133
244.0,244,35.602447
213.0,213,35.641681
380.0,380,35.712288
278.0,278,35.763764
360.0,360,35.830002
236.0,236,35.873383
395.0,395,36.021565
258.0,258,36.069217
301.0,301,36.124959
265.0,265,36.174073
290.0,290,36.22832
275.0,275,36.279162
207.0,207,36.317465
203.0,203,36.450655
309.0,309,36.508492
289.0,289,36.561805
312.0,312,36.619387
205.0,205,36.656894
356.0,356,36.723618
238.0,238,36.76778
347.0,347,36.921329
245.0,245,36.966967
274.0,274,37.01743
267.0,267,37.067007
241.0,241,37.111612
214.0,214,37.151468
283.0,283,37.203902
309.0,309,37.261159
250.0,250,37.405322
297.0,297,37.491076
264.0,264,37.545527
248.0,248,37.597326
233.0,233,37.647829
450.0,450,37.765333
223.0,223,37.820959
224.0,224,37.958771
274.0,274,38.021193
248.0,248,38.074497
231.0,231,38.117919
365.0,365,38.185985
287.0,287,38.239755
362.0,362,38.307001
229.0,229,38.437108
240.0,240,38.481635
239.0,239,38.525948
258.0,258,38.573637
234.0,234,38.617253
276.0,276,38.668364
395.0,395,38.741432
318.0,318,38.904175
322.0,322,38.969118
262.0,262,39.039532
298.0,298,39.108421
327.0,327,39.179648
328.0,328,39.251384
311.0,311,39.319694
253.0,253,39.491832
481.0,481,39.615308
322.0,322,39.675724
283.0,283,39.72927
359.0,359,39.794903
267.0,267,39.844508
240.0,240,39.974658
270.0,270,40.026012
318.0,318,40.085108
272.0,272,40.135155
299.0,299,40.19063
450.0,450,40.274487
362.0,362,40.43123
378.0,378,40.501019
224.0,224,40.542357
219.0,219,40.583164
271.0,271,40.633382
296.0,296,40.687851
239.0,239,40.732888
344.0,344,40.880058
332.0,332,40.943644
312.0,312,41.002493
268.0,268,41.052321
362.0,362,41.118787
291.0,291,41.172343
436.0,436,41.349952
268.0,268,41.399643
276.0,276,41.450706
325.0,325,41.510513
374.0,374,41.580037
324.0,324,41.64004
259.0,259,41.687315
252.0,252,41.818876
300.0,300,41.874252
254.0,254,41.921264
302.0,302,41.976803
203.0,203,42.014457
306.0,306,42.070485
312.0,312,42.127839
262.0,262,42.269673
245.0,245,42.315572
267.0,267,42.365173
297.0,297,42.419902
281.0,281,42.471988
351.0,351,42.536712
255.0,255,42.583556
200.0,200,42.730123
321.0,321,42.79005
270.0,270,42.840305
315.0,315,42.898342
295.0,295,42.952259
305.0,305,43.008934
353.0,353,43.073214
197.0,197,43.207002
449.0,449,43.290842
320.0,320,43.350032
299.0,299,43.405311
360.0,360,43.471664
218.0,218,43.511884
370.0,370,43.684024
282.0,282,43.743178
390.0,390,43.821922
265.0,265,43.876832
233.0,233,43.927144
270.0,270,44.018737
231.0,231,44.068823
248.0,248,44.219912
295.0,295,44.284809
404.0,404,44.36275
278.0,278,44.414181
272.0,272,44.464533
271.0,271,44.514859
338.0,338,44.57721
388.0,388,44.737073
324.0,324,44.797135
288.0,288,44.850066
218.0,218,44.890697
311.0,311,44.94795
396.0,396,45.020778
225.0,225,45.163671
230.0,230,45.20749
264.0,264,45.256924
397.0,397,45.330405
263.0,263,45.379003
286.0,286,45.431811
366.0,366,45.498902
393.0,393,45.669081
271.0,271,45.719609
344.0,344,45.783422
249.0,249,45.830216
357.0,357,45.895888
336.0,336,45.960057
369.0,369,46.114312
287.0,287,46.167635
329.0,329,46.228751
264.0,264,46.277726
500.0,500,46.369256
252.0,252,46.415591
211.0,211,46.53694
242.0,242,46.583749
226.0,226,46.625738
304.0,304,46.681751
265.0,265,46.73099
242.0,242,46.775731
384.0,384,46.846572
323.0,323,47.014621
286.0,286,47.069525
244.0,244,47.114395
235.0,235,47.157383
332.0,332,47.219213
275.0,275,47.269307
308.0,308,47.3256
436.0,436,47.517994
248.0,248,47.564118
281.0,281,47.616352
219.0,219,47.656538
302.0,302,47.712584
261.0,261,47.760327
254.0,254,47.807295
245.0,245,47.852049
234.0,234,48.00406
250.0,250,48.081725
218.0,218,48.132989
388.0,388,48.213361
302.0,302,48.277912
280.0,280,48.339888
260.0,260,48.395339
220.0,220,48.581073
217.0,217,48.643078
256.0,256,48.700191
291.0,291,48.754705
254.0,254,48.801812
294.0,294,48.856281
282.0,282,48.907833
283.0,283,48.959968
246.0,246,49.087741
330.0,330,49.148182
254.0,254,49.196191
239.0,239,49.240149
257.0,257,49.287836
424.0,424,49.365915
244.0,244,49.410513
453.0,453,49.57422
280.0,280,49.626351
220.0,220,49.666799
272.0,272,49.71706
323.0,323,49.776478
439.0,439,49.856054
312.0,312,50.006745
254.0,254,50.059326
258.0,258,50.112091
270.0,270,50.16774
472.0,472,50.300066
232.0,232,50.34971
242.0,242,50.400734
238.0,238,50.551843
297.0,297,50.616145
362.0,362,50.684504
260.0,260,50.733301
440.0,440,50.81431
239.0,239,50.857897
184.0,184,50.891446
238.0,238,51.039524
394.0,394,51.112582
295.0,295,51.167102
302.0,302,51.223873
388.0,388,51.295203
239.0,239,51.339523
252.0,252,51.516006
284.0,284,51.572921
258.0,258,51.626878
300.0,300,51.692452
250.0,250,51.7456
500.0,500,51.864324
228.0,228,51.935639
319.0,319,52.105223
222.0,222,52.147287
307.0,307,52.204209
238.0,238,52.248742
303.0,303,52.305019
244.0,244,52.349781
374.0,374,52.417992
229.0,229,52.543461
223.0,223,52.58478
227.0,227,52.627009
301.0,301,52.682543
289.0,289,52.736304
334.0,334,52.797882
284.0,284,52.850319
288.0,288,52.98263
254.0,254,53.029516
311.0,311,53.086327
231.0,231,53.128962
266.0,266,53.17812
313.0,313,53.236699
198.0,198,53.272935
266.0,266,53.322181
375.0,375,53.470393
281.0,281,53.522716
229.0,229,53.564957
207.0,207,53.603385
250.0,250,53.649178
227.0,227,53.691302
277.0,277,53.742782
234.0,234,53.874219
229.0,229,53.922225
268.0,268,53.976639
283.0,283,54.035089
277.0,277,54.118275
314.0,314,54.184929
297.0,297,54.250604
272.0,272,54.30897
338.0,338,54.486072
297.0,297,54.572752
234.0,234,54.617321
274.0,274,54.668139
397.0,397,54.742753
243.0,243,54.787336
244.0,244,54.832202
481.0,481,55.019469
306.0,306,55.076127
228.0,228,55.118235
216.0,216,55.158029
448.0,448,55.24121
263.0,263,55.290048
234.0,234,55.427021
366.0,366,55.495238
309.0,309,55.552275
319.0,319,55.611086
500.0,500,55.703608
277.0,277,55.75452
266.0,266,55.884794
281.0,281,55.937448
253.0,253,55.985994
263.0,263,56.034904
248.0,248,56.080802
213.0,213,56.119761
297.0,297,56.17387
195.0,195,56.21054
313.0,313,56.350459
306.0,306,56.407302
302.0,302,56.462759
273.0,273,56.513565
251.0,251,56.559668
299.0,299,56.614651
276.0,276,56.665607
304.0,304,56.812563
317.0,317,56.871071
193.0,193,56.907007
278.0,278,56.958077
287.0,287,57.011051
193.0,193,57.046598
226.0,226,57.088409
219.0,219,57.128428
255.0,255,57.26452
253.0,253,57.311507
213.0,213,57.350955
217.0,217,57.391008
269.0,269,57.44042
210.0,210,57.479026
285.0,285,57.53133
285.0,285,57.583719
319.0,319,57.722999
228.0,228,57.765045
255.0,255,57.81193
199.0,199,57.848505
197.0,197,57.884635
253.0,253,57.931001
296.0,296,57.984775
264.0,264,58.033285
202.0,202,58.167317
340.0,340,58.230915
231.0,231,58.273671
359.0,359,58.339894
251.0,251,58.385722
265.0,265,58.433767
223.0,223,58.47446
230.0,230,58.60063
249.0,249,58.647237
344.0,344,58.711438
258.0,258,58.75918
264.0,264,58.807351
262.0,262,58.854969
248.0,248,58.900299
251.0,251,58.946407
279.0,279,59.112425
252.0,252,59.167234
240.0,240,59.219902
235.0,235,59.270612
216.0,216,59.319781
224.0,224,59.36979
273.0,273,59.456985
231.0,231,59.517754
266.0,266,59.681727
307.0,307,59.751844
233.0,233,59.805986
254.0,254,59.860451
346.0,346,59.924669
266.0,266,59.974382
194.0,194,60.010537
208.0,208,60.049041
244.0,244,60.162805
236.0,236,60.207423
262.0,262,60.25671
238.0,238,60.300961
254.0,254,60.348063
259.0,259,60.395521
306.0,306,60.452643
311.0,311,60.589184
282.0,282,60.641542
228.0,228,60.683693
212.0,212,60.723467
318.0,318,60.782276
231.0,231,60.824528
208.0,208,60.862695
348.0,348,60.926584
205.0,205,61.045799
240.0,240,61.090468
235.0,235,61.133599
194.0,194,61.170081
500.0,500,61.263044
363.0,363,61.330314
229.0,229,61.372453
392.0,392,61.523644
348.0,348,61.587551
265.0,265,61.636174
232.0,232,61.679559
219.0,219,61.720427
297.0,297,61.774923
293.0,293,61.82832
343.0,343,62.012549
239.0,239,62.064167
258.0,258,62.142093
206.0,206,62.183974
278.0,278,62.243488
269.0,269,62.302471
204.0,204,62.348694
282.0,282,62.49791
253.0,253,62.572475
288.0,288,62.639007
118.0,118,62.665346
210.0,210,62.714944
208.0,208,62.754463
220.0,220,62.795613
317.0,317,62.855212
328.0,328,62.915964
306.0,306,63.044704
213.0,213,63.08423
232.0,232,63.127369
188.0,188,63.162086
233.0,233,63.205935
240.0,240,63.25034
246.0,246,63.295503
203.0,203,63.333172
254.0,254,63.452192
209.0,209,63.491563
205.0,205,63.529559
227.0,227,63.571787
192.0,192,63.607241
203.0,203,63.644182
208.0,208,63.682162
233.0,233,63.725889
271.0,271,63.774676
279.0,279,63.915577
232.0,232,63.958637
265.0,265,64.007682
299.0,299,64.062544
267.0,267,64.112082
210.0,210,64.150157
237.0,237,64.19442
89.0,89,64.210872
278.0,278,64.266605
282.0,282,64.436925
227.0,227,64.483084
219.0,219,64.551923
281.0,281,64.615848
328.0,328,64.686572
303.0,303,64.752126
205.0,205,64.798776
201.0,201,64.910889
220.0,220,64.96948
259.0,259,65.024909
227.0,227,65.067331
199.0,199,65.104669
203.0,203,65.142465
207.0,207,65.181263
207.0,207,65.220054
216.0,216,65.260002
205.0,205,65.297923
210.0,210,65.400595
252.0,252,65.44725
192.0,192,65.482992
284.0,284,65.535218
191.0,191,65.570569
219.0,219,65.611122
340.0,340,65.673241
185.0,185,65.707795
217.0,217,65.821883
193.0,193,65.857897
233.0,233,65.901339
215.0,215,65.94062
197.0,197,65.980323
285.0,285,66.032721
179.0,179,66.065788
412.0,412,66.141065
210.0,210,66.179377
226.0,226,66.320031
239.0,239,66.36338
205.0,205,66.401704
232.0,232,66.4449
264.0,264,66.493166
237.0,237,66.536161
229.0,229,66.578399
249.0,249,66.62395
245.0,245,66.752434
239.0,239,66.79721
228.0,228,66.839076
182.0,182,66.872905
194.0,194,66.908397
237.0,237,66.952452
347.0,347,67.0158
261.0,261,67.063826
207.0,207,67.164327
240.0,240,67.209786
220.0,220,67.25044
189.0,189,67.285567
196.0,196,67.321653
284.0,284,67.373633
222.0,222,67.413977
240.0,240,67.458149
183.0,183,67.491746
260.0,260,67.603077
226.0,226,67.645399
229.0,229,67.688102
227.0,227,67.730003
205.0,205,67.768191
201.0,201,67.804972
192.0,192,67.840039
349.0,349,67.903615
192.0,192,67.93879
180.0,180,68.038043
208.0,208,68.076928
210.0,210,68.116055
299.0,299,68.170566
223.0,223,68.212264
213.0,213,68.251122
205.0,205,68.291366
204.0,204,68.328797
239.0,239,68.371922
209.0,209,68.48231
183.0,183,68.516207
218.0,218,68.556401
211.0,211,68.596041
227.0,227,68.643057
177.0,177,68.676642
245.0,245,68.722275
202.0,202,68.759022
195.0,195,68.794813
244.0,244,68.83929
223.0,223,68.952431
204.0,204,68.99511
191.0,191,69.035802
192.0,192,69.075139
209.0,209,69.11745
206.0,206,69.160578
196.0,196,69.202836
252.0,252,69.277896
181.0,181,69.326717
268.0,268,69.475355
229.0,229,69.526391
210.0,210,69.572884
222.0,222,69.62516
351.0,351,69.692221
236.0,236,69.736276
293.0,293,69.790204
221.0,221,69.830927
214.0,214,69.945323
253.0,253,69.992537
223.0,223,70.033955
213.0,213,70.073342
228.0,228,70.115286
271.0,271,70.16533
178.0,178,70.19855
203.0,203,70.236572
197.0,197,70.272791
231.0,231,70.37794
177.0,177,70.41229
315.0,315,70.470678
181.0,181,70.504124
218.0,218,70.544753
190.0,190,70.57963
202.0,202,70.616742
191.0,191,70.652278
258.0,258,70.70052
194.0,194,70.735936
324.0,324,70.866945
190.0,190,70.90204
181.0,181,70.935258
206.0,206,70.976545
310.0,310,71.033512
229.0,229,71.075431
194.0,194,71.111331
223.0,223,71.152579
203.0,203,71.258382
204.0,204,71.297538
205.0,205,71.335752
214.0,214,71.374953
234.0,234,71.418128
235.0,235,71.461274
195.0,195,71.49705
198.0,198,71.53361
226.0,226,71.574746
196.0,196,71.610577
213.0,213,71.718528
224.0,224,71.760191
187.0,187,71.79471
206.0,206,71.832576
220.0,220,71.873088
200.0,200,71.909636
224.0,224,71.950876
187.0,187,71.985024
209.0,209,72.023819
194.0,194,72.120601
171.0,171,72.153061
182.0,182,72.186592
212.0,212,72.226229
165.0,165,72.257017
196.0,196,72.293305
195.0,195,72.328732
202.0,202,72.366102
244.0,244,72.410741
216.0,216,72.450504
185.0,185,72.484043
191.0,191,72.572352
210.0,210,72.610771
199.0,199,72.647681
184.0,184,72.681411
166.0,166,72.712894
194.0,194,72.748313
192.0,192,72.783553
253.0,253,72.82974
193.0,193,72.86523
174.0,174,72.896725
182.0,182,72.990196
246.0,246,73.035831
35.0,35,73.042304
178.0,178,73.074657
199.0,199,73.111257
101.0,101,73.129588
195.0,195,73.165623
195.0,195,73.202264
200.0,200,73.239073
253.0,253,73.285248
190.0,190,73.320197
190.0,190,73.412508
199.0,199,73.449348
179.0,179,73.48246
195.0,195,73.517903
222.0,222,73.558753
191.0,191,73.594001
210.0,210,73.632594
170.0,170,73.664313
171.0,171,73.695663
186.0,186,73.73069
189.0,189,73.82645
171.0,171,73.866797
204.0,204,73.936412
170.0,170,73.970692
174.0,174,74.006854
191.0,191,74.0469
178.0,178,74.084519
209.0,209,74.130145
165.0,165,74.167223
204.0,204,74.211741
177.0,177,74.251188
178.0,178,74.365563
209.0,209,74.418747
177.0,177,74.4589
182.0,182,74.496068
233.0,233,74.539816
202.0,202,74.576992
182.0,182,74.610651
189.0,189,74.645536
168.0,168,74.676482
206.0,206,74.714709
160.0,160,74.744309
36.0,36,74.75096
178.0,178,74.840531
282.0,282,74.892349
157.0,157,74.921606
176.0,176,74.954104
209.0,209,74.992435
56.0,56,75.002708
175.0,175,75.034725
193.0,193,75.070081
147.0,147,75.097537
171.0,171,75.129633
173.0,173,75.161773
203.0,203,75.25647
198.0,198,75.293965
172.0,172,75.325722
134.0,134,75.35029
170.0,170,75.38165
217.0,217,75.421561
174.0,174,75.453548
178.0,178,75.486177
227.0,227,75.527793
173.0,173,75.559302
171.0,171,75.590892
199.0,199,75.696457
212.0,212,75.740747
195.0,195,75.780689
62.0,62,75.793334
187.0,187,75.832273
187.0,187,75.869663
166.0,166,75.905551
186.0,186,75.963737
187.0,187,76.020076
186.0,186,76.059476
152.0,152,76.09116
181.0,181,76.195535
156.0,156,76.231131
169.0,169,76.267206
191.0,191,76.310444
174.0,174,76.347993
151.0,151,76.376575
191.0,191,76.412056
161.0,161,76.441933
159.0,159,76.471298
165.0,165,76.50142
159.0,159,76.530841
191.0,191,76.565998
173.0,173,76.660918
187.0,187,76.697176
199.0,199,76.733914
160.0,160,76.763217
165.0,165,76.793876
160.0,160,76.82349
212.0,212,76.862413
152.0,152,76.890392
164.0,164,76.920437
196.0,196,76.956298
220.0,220,76.996573
164.0,164,77.079898
169.0,169,77.112317
199.0,199,77.148966
167.0,167,77.179251
200.0,200,77.216552
174.0,174,77.249225
156.0,156,77.278107
194.0,194,77.313263
152.0,152,77.341158
160.0,160,77.370599
136.0,136,77.395562
153.0,153,77.424071
151.0,151,77.500932
161.0,161,77.531682
165.0,165,77.56177
177.0,177,77.594299
207.0,207,77.632556
153.0,153,77.660676
156.0,156,77.689466
189.0,189,77.724911
143.0,143,77.751142
166.0,166,77.781587
146.0,146,77.808239
65.0,65,77.820104
157.0,157,77.84923
163.0,163,77.930509
173.0,173,77.96274
140.0,140,77.988364
150.0,150,78.015901
165.0,165,78.046111
48.0,48,78.054866
188.0,188,78.089341
190.0,190,78.124519
155.0,155,78.152991
196.0,196,78.18896
133.0,133,78.213562
149.0,149,78.240983
202.0,202,78.278218
161.0,161,78.357741
160.0,160,78.387498
177.0,177,78.420336
154.0,154,78.449088
171.0,171,78.480042
203.0,203,78.517134
150.0,150,78.544936
164.0,164,78.574895
169.0,169,78.606453
149.0,149,78.633661
150.0,150,78.661099
160.0,160,78.690785
155.0,155,78.768485
161.0,161,78.79865
150.0,150,78.826192
157.0,157,78.855168
145.0,145,78.882202
147.0,147,78.909284
160.0,160,78.938701
172.0,172,78.97038
141.0,141,78.996449
156.0,156,79.025047
149.0,149,79.052272
147.0,147,79.079011
143.0,143,79.105067
153.0,153,79.186406
151.0,151,79.214661
140.0,140,79.24048
83.0,83,79.25589
146.0,146,79.284397
174.0,174,79.316167
163.0,163,79.34622
44.0,44,79.354517
147.0,147,79.381631
161.0,161,79.411148
156.0,156,79.439904
72.0,72,79.453094
144.0,144,79.479367
72.0,72,79.492673
149.0,149,79.519932
153.0,153,79.595568
149.0,149,79.62436
183.0,183,79.657944
155.0,155,79.686701
164.0,164,79.717559
152.0,152,79.748197
178.0,178,79.78546
208.0,208,79.827936
65.0,65,79.842516
150.0,150,79.890038
39.0,39,79.900476
60.0,60,79.912975
173.0,173,79.947141
46.0,46,79.956268
157.0,157,79.989141
187.0,187,80.082132
152.0,152,80.115421
155.0,155,80.150333
143.0,143,80.181538
155.0,155,80.214614
153.0,153,80.258886
152.0,152,80.310912
157.0,157,80.35174
161.0,161,80.387767
165.0,165,80.425892
141.0,141,80.457365
156.0,156,80.490825
190.0,190,80.526724
159.0,159,80.609023
73.0,73,80.622796
146.0,146,80.649875
172.0,172,80.681742
131.0,131,80.706684
71.0,71,80.719926
136.0,136,80.745181
151.0,151,80.773157
143.0,143,80.799174
75.0,75,80.813079
156.0,156,80.841973
151.0,151,80.869752
169.0,169,80.900695
156.0,156,80.92941
147.0,147,81.017681
159.0,159,81.049415
138.0,138,81.075049
191.0,191,81.110265
161.0,161,81.13991
135.0,135,81.164779
152.0,152,81.193429
159.0,159,81.223023
171.0,171,81.254485
141.0,141,81.280932
134.0,134,81.305342
168.0,168,81.336241
148.0,148,81.363496
173.0,173,81.447123
178.0,178,81.480896
149.0,149,81.508017
144.0,144,81.534583
147.0,147,81.56172
155.0,155,81.590276
218.0,218,81.631692
192.0,192,81.667377
183.0,183,81.701747
166.0,166,81.732236
153.0,153,81.760754
137.0,137,81.785612
132.0,132,81.809909
146.0,146,81.886613
147.0,147,81.914293
131.0,131,81.938987
162.0,162,81.968777
84.0,84,81.984641
161.0,161,82.017888
137.0,137,82.046224
136.0,136,82.073838
144.0,144,82.102754
146.0,146,82.132358
155.0,155,82.164455
161.0,161,82.196976
178.0,178,82.245659
152.0,152,82.347011
146.0,146,82.378868
174.0,174,82.416972
161.0,161,82.450299
173.0,173,82.488113
149.0,149,82.520553
54.0,54,82.532329
146.0,146,82.563223
143.0,143,82.594526
162.0,162,82.629851
117.0,117,82.657713
133.0,133,82.710357
85.0,85,82.727943
132.0,132,82.752716
136.0,136,82.778276
147.0,147,82.850349
152.0,152,82.878811
137.0,137,82.904379
159.0,159,82.933228
172.0,172,82.964946
152.0,152,82.993014
159.0,159,83.022471
212.0,212,83.06144
76.0,76,83.075336
136.0,136,83.10039
148.0,148,83.127585
151.0,151,83.155433
136.0,136,83.180506
141.0,141,83.259091
220.0,220,83.300957
152.0,152,83.329174
137.0,137,83.354322
156.0,156,83.382939
157.0,157,83.412279
147.0,147,83.469177
132.0,132,83.493532
166.0,166,83.524334
181.0,181,83.557375
130.0,130,83.581533
166.0,166,83.611877
192.0,192,83.647107
144.0,144,83.739252
155.0,155,83.768185
138.0,138,83.793475
155.0,155,83.821907
202.0,202,83.859154
181.0,181,83.892729
101.0,101,83.911304
174.0,174,83.943284
139.0,139,83.968347
152.0,152,83.996258
173.0,173,84.028202
136.0,136,84.053162
185.0,185,84.086646
179.0,179,84.195244
179.0,179,84.228286
99.0,99,84.246748
215.0,215,84.286462
181.0,181,84.320208
159.0,159,84.349734
209.0,209,84.388175
139.0,139,84.413804
168.0,168,84.444675
154.0,154,84.472659
171.0,171,84.504129
247.0,247,84.594882
151.0,151,84.623403
153.0,153,84.65153
156.0,156,84.680626
137.0,137,84.708842
162.0,162,84.741744
186.0,186,84.780665
133.0,133,84.807716
91.0,91,84.826569
130.0,130,84.853539
146.0,146,84.882891
165.0,165,84.917091
135.0,135,84.94532
134.0,134,84.973599
162.0,162,85.074683
172.0,172,85.119225
18.0,18,85.123528
144.0,144,85.153678
150.0,150,85.186115
137.0,137,85.216998
151.0,151,85.249775
149.0,149,85.282313
150.0,150,85.316095
159.0,159,85.351819
146.0,146,85.38451
131.0,131,85.411537
133.0,133,85.436507
122.0,122,85.459554
185.0,185,85.556954
159.0,159,85.587544
132.0,132,85.612209
144.0,144,85.63901
164.0,164,85.669572
134.0,134,85.694396
134.0,134,85.719772
152.0,152,85.747694
135.0,135,85.772262
121.0,121,85.794953
140.0,140,85.82064
167.0,167,85.851208
170.0,170,85.882926
133.0,133,85.907326
136.0,136,85.977317
133.0,133,86.003831
146.0,146,86.031239
139.0,139,86.057177
146.0,146,86.083924
144.0,144,86.11049
137.0,137,86.135727
140.0,140,86.16163
138.0,138,86.187683
143.0,143,86.215229
157.0,157,86.244161
132.0,132,86.268644
133.0,133,86.293072
140.0,140,86.319105
130.0,130,86.387436
139.0,139,86.41314
145.0,145,86.442026
141.0,141,86.470144
156.0,156,86.501995
152.0,152,86.532769
152.0,152,86.567638
136.0,136,86.616224
18.0,18,86.622142
151.0,151,86.656921
135.0,135,86.683792
21.0,21,86.688926
141.0,141,86.717943
137.0,137,86.747735
134.0,134,86.776719
131.0,131,86.805628
134.0,134,86.887411
128.0,128,86.916216
145.0,145,86.949127
131.0,131,86.978542
122.0,122,87.01198
117.0,117,87.05318
131.0,131,87.095101
129.0,129,87.127605
151.0,151,87.16157
155.0,155,87.193617
123.0,123,87.216629
142.0,142,87.243507
134.0,134,87.26818
135.0,135,87.2932
119.0,119,87.315374
137.0,137,87.391028
143.0,143,87.418487
21.0,21,87.422292
129.0,129,87.446087
209.0,209,87.484899
141.0,141,87.51117
138.0,138,87.536282
149.0,149,87.563846
136.0,136,87.588741
123.0,123,87.611013
152.0,152,87.638811
133.0,133,87.663655
128.0,128,87.687485
114.0,114,87.70904
139.0,139,87.734716
138.0,138,87.803469
135.0,135,87.82904
131.0,131,87.853231
133.0,133,87.877849
140.0,140,87.90378
162.0,162,87.933695
146.0,146,87.960517
133.0,133,87.984905
141.0,141,88.011009
154.0,154,88.038914
151.0,151,88.066959
134.0,134,88.091315
130.0,130,88.115684
131.0,131,88.139649
136.0,136,88.210614
143.0,143,88.237165
143.0,143,88.264155
14.0,14,88.266927
147.0,147,88.293754
133.0,133,88.318524
140.0,140,88.344357
145.0,145,88.371057
30.0,30,88.376351
142.0,142,88.402621
142.0,142,88.428525
132.0,132,88.452749
15.0,15,88.455631
142.0,142,88.48198
16.0,16,88.484973
141.0,141,88.510686
140.0,140,88.536264
132.0,132,88.56042
150.0,150,88.632028
19.0,19,88.635721
148.0,148,88.663578
138.0,138,88.689978
125.0,125,88.71314
143.0,143,88.739487
135.0,135,88.763989
138.0,138,88.789678
138.0,138,88.814741
146.0,146,88.841646
137.0,137,88.866916
140.0,140,88.892851
140.0,140,88.91846
147.0,147,88.945605
138.0,138,88.970682
139.0,139,89.043027
153.0,153,89.071546
134.0,134,89.096601
140.0,140,89.122406
160.0,160,89.152005
137.0,137,89.177368
123.0,123,89.201059
150.0,150,89.228805
145.0,145,89.255867
132.0,132,89.280113
114.0,114,89.300903
166.0,166,89.331522
133.0,133,89.355645
20.0,20,89.359245
134.0,134,89.383475
163.0,163,89.459913
137.0,137,89.485706
134.0,134,89.510788
164.0,164,89.540733
17.0,17,89.543791
18.0,18,89.547334
142.0,142,89.573392
125.0,125,89.597141
122.0,122,89.619782
143.0,143,89.646744
154.0,154,89.674833
129.0,129,89.698871
133.0,133,89.724222
139.0,139,89.749425
147.0,147,89.776441
136.0,136,89.801415
136.0,136,89.873075
119.0,119,89.895568
117.0,117,89.917256
141.0,141,89.943167
136.0,136,89.968701
143.0,143,89.998389
139.0,139,90.02666
147.0,147,90.057411
149.0,149,90.087514
154.0,154,90.118372
135.0,135,90.147354
140.0,140,90.17624
144.0,144,90.206422
125.0,125,90.232657
139.0,139,90.268506
146.0,146,90.362336
175.0,175,90.400986
138.0,138,90.430655
131.0,131,90.459326
142.0,142,90.489728
138.0,138,90.520431
134.0,134,90.548948
143.0,143,90.580154
106.0,106,90.603432
128.0,128,90.632091
136.0,136,90.661813
132.0,132,90.686883
163.0,163,90.718399
135.0,135,90.743971
139.0,139,90.814211
136.0,136,90.839922
144.0,144,90.866588
18.0,18,90.869723
135.0,135,90.894775
141.0,141,90.920525
150.0,150,90.948336
16.0,16,90.951382
151.0,151,90.981347
19.0,19,90.985141
125.0,125,91.008686
144.0,144,91.035503
144.0,144,91.061962
28.0,28,91.067106
128.0,128,91.090578
124.0,124,91.113442
125.0,125,91.136841
141.0,141,91.162707
148.0,148,91.236642
146.0,146,91.263952
136.0,136,91.289223
23.0,23,91.293629
136.0,136,91.318858
21.0,21,91.32265
141.0,141,91.349046
128.0,128,91.372463
159.0,159,91.401597
143.0,143,91.427899
142.0,142,91.453891
130.0,130,91.477534
131.0,131,91.501683
17.0,17,91.504672
145.0,145,91.531156
133.0,133,91.555928
163.0,163,91.58544
134.0,134,91.651668
15.0,15,91.654624
118.0,118,91.676639
148.0,148,91.704651
135.0,135,91.729778
134.0,134,91.754085
158.0,158,91.783327
126.0,126,91.806211
129.0,129,91.830325
139.0,139,91.855504
136.0,136,91.880523
132.0,132,91.904707
162.0,162,91.93459
149.0,149,91.961896
138.0,138,91.987501
51.0,51,91.996421
157.0,157,92.079455
143.0,143,92.105778
133.0,133,92.130419
131.0,131,92.154708
126.0,126,92.178246
129.0,129,92.202635
147.0,147,92.229803
133.0,133,92.254418
145.0,145,92.281192
147.0,147,92.308077
157.0,157,92.336657
146.0,146,92.363757
135.0,135,92.388635
19.0,19,92.391763
159.0,159,92.421266
140.0,140,92.498554
138.0,138,92.527343
138.0,138,92.555659
157.0,157,92.596941
147.0,147,92.64866
127.0,127,92.674263
186.0,186,92.712329
152.0,152,92.744213
155.0,155,92.77796
163.0,163,92.813414
139.0,139,92.844421
132.0,132,92.872682
131.0,131,92.900947
131.0,131,92.982548
140.0,140,93.032027
137.0,137,93.068864
131.0,131,93.099483
154.0,154,93.134745
150.0,150,93.168823
124.0,124,93.19715
139.0,139,93.223858
132.0,132,93.24885
124.0,124,93.271943
141.0,141,93.298169
138.0,138,93.324114
141.0,141,93.350265
149.0,149,93.377961
154.0,154,93.406561
132.0,132,93.475491
135.0,135,93.500611
134.0,134,93.525763
147.0,147,93.553116
127.0,127,93.576315
145.0,145,93.603373
19.0,19,93.60653
133.0,133,93.631281
150.0,150,93.659072
136.0,136,93.684022
131.0,131,93.709306
147.0,147,93.736658
145.0,145,93.76363
181.0,181,93.796777
120.0,120,93.819014
127.0,127,93.885578
169.0,169,93.917801
183.0,183,93.951959
152.0,152,93.979826
138.0,138,94.004956
127.0,127,94.028476
143.0,143,94.05493
135.0,135,94.079819
170.0,170,94.110811
59.0,59,94.121662
140.0,140,94.147686
130.0,130,94.171514
132.0,132,94.197098
133.0,133,94.222056
144.0,144,94.30048
122.0,122,94.325193
127.0,127,94.350745
135.0,135,94.378782
118.0,118,94.402465
128.0,128,94.428411
131.0,131,94.456481
126.0,126,94.481352
128.0,128,94.506639
128.0,128,94.534646
133.0,133,94.587806
136.0,136,94.623364
124.0,124,94.651036
121.0,121,94.676663
122.0,122,94.703672
116.0,116,94.728422
124.0,124,94.799535
116.0,116,94.826395
129.0,129,94.855071
116.0,116,94.881373
119.0,119,94.906705
16.0,16,94.910549
140.0,140,94.942427
118.0,118,94.969584
13.0,13,94.972154
17.0,17,94.975407
131.0,131,95.000025
127.0,127,95.023912
137.0,137,95.049154
125.0,125,95.072451
124.0,124,95.095445
141.0,141,95.122159
115.0,115,95.143207
135.0,135,95.168168
130.0,130,95.19297
126.0,126,95.258025
17.0,17,95.261188
121.0,121,95.284131
142.0,142,95.310333
18.0,18,95.31386
143.0,143,95.340084
135.0,135,95.365198
141.0,141,95.390832
123.0,123,95.413576
150.0,150,95.441283
148.0,148,95.468407
125.0,125,95.491238
125.0,125,95.514069
136.0,136,95.539348
127.0,127,95.562755
143.0,143,95.589213
115.0,115,95.647663
23.0,23,95.652567
127.0,127,95.676616
122.0,122,95.699787
127.0,127,95.733985
124.0,124,95.776576
126.0,126,95.809098
136.0,136,95.837855
136.0,136,95.866169
142.0,142,95.894364
141.0,141,95.922801
148.0,148,95.953194
122.0,122,95.980738
119.0,119,96.007037
139.0,139,96.036642
131.0,131,96.065048
126.0,126,96.143827
132.0,132,96.187168
136.0,136,96.217867
145.0,145,96.249914
136.0,136,96.279941
131.0,131,96.308062
18.0,18,96.311765
140.0,140,96.343415
136.0,136,96.375651
120.0,120,96.402002
131.0,131,96.428662
136.0,136,96.454011
133.0,133,96.478866
120.0,120,96.501197
144.0,144,96.528122
121.0,121,96.550505
124.0,124,96.613536
142.0,142,96.641299
120.0,120,96.663577
118.0,118,96.685178
125.0,125,96.709149
126.0,126,96.732321
131.0,131,96.756724
127.0,127,96.780135
121.0,121,96.802377
141.0,141,96.828335
135.0,135,96.853313
23.0,23,96.857657
126.0,126,96.880669
123.0,123,96.903267
139.0,139,96.928719
122.0,122,96.950829
138.0,138,96.97645
112.0,112,97.038001
139.0,139,97.063599
14.0,14,97.066481
138.0,138,97.091591
127.0,127,97.115333
118.0,118,97.13713
125.0,125,97.15987
123.0,123,97.182634
130.0,130,97.207308
137.0,137,97.232518
23.0,23,97.236861
54.0,54,97.247417
137.0,137,97.272485
129.0,129,97.296167
131.0,131,97.320384
126.0,126,97.343448
128.0,128,97.367013
123.0,123,97.389672
144.0,144,97.450277
141.0,141,97.476945
138.0,138,97.502426
136.0,136,97.527428
132.0,132,97.551709
144.0,144,97.578313
129.0,129,97.609471
149.0,149,97.638907
127.0,127,97.66553
138.0,138,97.693977
139.0,139,97.722921
130.0,130,97.749576
139.0,139,97.791561
16.0,16,97.798162
119.0,119,97.83735
142.0,142,97.913408
148.0,148,97.944663
130.0,130,97.973684
148.0,148,98.005892
16.0,16,98.009846
136.0,136,98.037952
144.0,144,98.069478
142.0,142,98.101508
352.0,352,98.177745
131.0,131,98.210499
137.0,137,98.241207
139.0,139,98.285766
20.0,20,98.291173
128.0,128,98.329773
145.0,145,98.362967
152.0,152,98.428188
144.0,144,98.455863
116.0,116,98.477503
138.0,138,98.502766
21.0,21,98.507088
163.0,163,98.536952
159.0,159,98.56661
127.0,127,98.591821
119.0,119,98.614251
230.0,230,98.656166
149.0,149,98.683478
149.0,149,98.711942
140.0,140,98.737863
145.0,145,98.76448
131.0,131,98.835953
166.0,166,98.867049
128.0,128,98.890786
144.0,144,98.917579
139.0,139,98.943248
143.0,143,98.96961
146.0,146,98.996377
138.0,138,99.021964
14.0,14,99.024339
151.0,151,99.052198
19.0,19,99.055883
119.0,119,99.077331
134.0,134,99.102163
124.0,124,99.124931
142.0,142,99.150816
129.0,129,99.174753
116.0,116,99.236167
125.0,125,99.26055
22.0,22,99.264456
136.0,136,99.289567
137.0,137,99.314993
140.0,140,99.340785
162.0,162,99.370403
17.0,17,99.373485
134.0,134,99.398374
131.0,131,99.422636
128.0,128,99.446327
134.0,134,99.470674
130.0,130,99.494677
142.0,142,99.520444
131.0,131,99.544587
144.0,144,99.570919
16.0,16,99.573894
131.0,131,99.597823
133.0,133,99.663587
141.0,141,99.689982
133.0,133,99.715002
140.0,140,99.740858
135.0,135,99.76598
147.0,147,99.793323
121.0,121,99.815441
19.0,19,99.819154
129.0,129,99.842749
144.0,144,99.869034
22.0,22,99.873269
145.0,145,99.899782
147.0,147,99.92681
131.0,131,99.95031
146.0,146,99.977176
128.0,128,100.000681
119.0,119,100.090877
136.0,136,100.126783
129.0,129,100.150375
141.0,141,100.176499
138.0,138,100.202707
126.0,126,100.225978
154.0,154,100.254672
112.0,112,100.275267
129.0,129,100.298897
201.0,201,100.335569
139.0,139,100.360927
162.0,162,100.390271
139.0,139,100.415939
136.0,136,100.440641
16.0,16,100.443452
18.0,18,100.446888
128.0,128,100.510123
19.0,19,100.513934
119.0,119,100.538753
129.0,129,100.565811
119.0,119,100.589695
133.0,133,100.615899
125.0,125,100.641651
119.0,119,100.66526
133.0,133,100.693045
141.0,141,100.722799
17.0,17,100.72682
153.0,153,100.758486
128.0,128,100.78508
147.0,147,100.829561
147.0,147,100.875875
154.0,154,100.909949
142.0,142,100.939996
129.0,129,101.017619
29.0,29,101.023351
24.0,24,101.028902
141.0,141,101.05986
127.0,127,101.087347
22.0,22,101.092718
127.0,127,101.120132
137.0,137,101.150095
124.0,124,101.1741
127.0,127,101.198492
147.0,147,101.225505
139.0,139,101.251633
137.0,137,101.276919
142.0,142,101.303406
14.0,14,101.305733
126.0,126,101.329475
138.0,138,101.354706
147.0,147,101.382125
145.0,145,101.457802
135.0,135,101.482872
132.0,132,101.507197
133.0,133,101.53177
151.0,151,101.559538
139.0,139,101.585185
145.0,145,101.611624
125.0,125,101.634607
146.0,146,101.661698
147.0,147,101.688852
59.0,59,101.699753
130.0,130,101.724205
161.0,161,101.75355
134.0,134,101.778556
137.0,137,101.803774
150.0,150,101.87812
121.0,121,101.900876
16.0,16,101.903935
132.0,132,101.928374
130.0,130,101.952103
145.0,145,101.978536
148.0,148,102.005756
151.0,151,102.03354
138.0,138,102.059471
162.0,162,102.089049
134.0,134,102.113781
128.0,128,102.137312
137.0,137,102.162455
143.0,143,102.188671
145.0,145,102.215885
126.0,126,102.284758
125.0,125,102.30855
144.0,144,102.335311
152.0,152,102.363367
143.0,143,102.389325
166.0,166,102.419956
152.0,152,102.448234
157.0,157,102.476985
140.0,140,102.502944
148.0,148,102.52981
150.0,150,102.557462
147.0,147,102.584101
131.0,131,102.608223
24.0,24,102.612675
150.0,150,102.682854
139.0,139,102.709894
147.0,147,102.738324
140.0,140,102.764334
147.0,147,102.79161
145.0,145,102.818345
150.0,150,102.846305
141.0,141,102.872117
155.0,155,102.900577
156.0,156,102.929246
123.0,123,102.951717
18.0,18,102.955331
146.0,146,102.981935
20.0,20,102.985579
127.0,127,103.008895
157.0,157,103.037767
158.0,158,103.113114
140.0,140,103.139699
128.0,128,103.163761
131.0,131,103.18803
149.0,149,103.216217
145.0,145,103.242931
18.0,18,103.246496
146.0,146,103.273004
149.0,149,103.30033
133.0,133,103.325117
19.0,19,103.328234
139.0,139,103.353962
141.0,141,103.379469
135.0,135,103.404407
147.0,147,103.431552
158.0,158,103.46039
145.0,145,103.533637
156.0,156,103.562335
128.0,128,103.585832
155.0,155,103.614149
144.0,144,103.640695
158.0,158,103.669795
139.0,139,103.696152
137.0,137,103.721387
145.0,145,103.747818
146.0,146,103.774802
151.0,151,103.803459
145.0,145,103.830488
140.0,140,103.85623
147.0,147,103.882839
146.0,146,103.956257
143.0,143,103.982685
135.0,135,104.007232
153.0,153,104.035577
25.0,25,104.040012
148.0,148,104.067102
145.0,145,104.093548
147.0,147,104.120618
146.0,146,104.147295
127.0,127,104.17057
140.0,140,104.196886
141.0,141,104.22263
143.0,143,104.24904
129.0,129,104.272867
17.0,17,104.276277
142.0,142,104.348099
139.0,139,104.374999
27.0,27,104.38022
166.0,166,104.410541
139.0,139,104.436378
143.0,143,104.462751
152.0,152,104.490554
152.0,152,104.518365
166.0,166,104.548887
156.0,156,104.577516
139.0,139,104.60328
132.0,132,104.631474
150.0,150,104.66079
139.0,139,104.686385
151.0,151,104.714746
136.0,136,104.78564
126.0,126,104.809091
138.0,138,104.834881
149.0,149,104.862046
128.0,128,104.885694
125.0,125,104.908611
139.0,139,104.935783
143.0,143,104.96238
142.0,142,104.988317
138.0,138,105.013928
145.0,145,105.040281
132.0,132,105.064556
155.0,155,105.092914
138.0,138,105.117985
139.0,139,105.188531
125.0,125,105.212257
134.0,134,105.237274
150.0,150,105.264633
152.0,152,105.29272
145.0,145,105.319506
119.0,119,105.340859
144.0,144,105.367141
134.0,134,105.391997
152.0,152,105.419755
147.0,147,105.446821
135.0,135,105.471129
137.0,137,105.496756
137.0,137,105.521676
134.0,134,105.545934
126.0,126,105.612872
149.0,149,105.640648
146.0,146,105.667865
131.0,131,105.691927
139.0,139,105.723533
138.0,138,105.749371
128.0,128,105.77326
129.0,129,105.797033
131.0,131,105.821247
152.0,152,105.849238
139.0,139,105.874417
137.0,137,105.899798
138.0,138,105.924721
122.0,122,105.9474
138.0,138,106.019097
148.0,148,106.050803
136.0,136,106.07924
131.0,131,106.106694
25.0,25,106.111648
138.0,138,106.139694
143.0,143,106.169293
21.0,21,106.177578
133.0,133,106.222626
136.0,136,106.254881
140.0,140,106.283645
146.0,146,106.313197
140.0,140,106.349034
23.0,23,106.353651
134.0,134,106.382763
153.0,153,106.416049
129.0,129,106.443487
148.0,148,106.529079
151.0,151,106.562922
126.0,126,106.590147
132.0,132,106.627058
147.0,147,106.676909
20.0,20,106.682004
151.0,151,106.722586
147.0,147,106.755654
132.0,132,106.783509
132.0,132,106.808449
140.0,140,106.834465
142.0,142,106.860618
183.0,183,106.894637
142.0,142,106.92063
143.0,143,106.947082
129.0,129,107.01454
130.0,130,107.039516
150.0,150,107.067139
130.0,130,107.091228
140.0,140,107.116892
142.0,142,107.142775
131.0,131,107.166873
145.0,145,107.194124
137.0,137,107.219907
146.0,146,107.246666
18.0,18,107.251832
147.0,147,107.278793
129.0,129,107.30292
134.0,134,107.327255
125.0,125,107.35005
129.0,129,107.417844
132.0,132,107.443644
147.0,147,107.470707
140.0,140,107.496685
128.0,128,107.520131
130.0,130,107.544188
30.0,30,107.549969
132.0,132,107.574189
142.0,142,107.600501
17.0,17,107.603543
136.0,136,107.628712
133.0,133,107.653271
130.0,130,107.67806
141.0,141,107.704783
140.0,140,107.730865
138.0,138,107.756493
132.0,132,107.781055
125.0,125,107.848071
138.0,138,107.87376
144.0,144,107.90046
124.0,124,107.923342
148.0,148,107.950563
130.0,130,107.97471
133.0,133,107.999225
140.0,140,108.027311
120.0,120,108.05165
143.0,143,108.081246
135.0,135,108.109124
125.0,125,108.134067
140.0,140,108.162977
142.0,142,108.193215
144.0,144,108.222212
147.0,147,108.301724
133.0,133,108.348347
139.0,139,108.387925
22.0,22,108.393305
130.0,130,108.42253
136.0,136,108.452142
140.0,140,108.481598
153.0,153,108.514876
132.0,132,108.543319
138.0,138,108.573868
130.0,130,108.60228
131.0,131,108.63151
133.0,133,108.661007
130.0,130,108.690985
124.0,124,108.715776
121.0,121,108.781327
133.0,133,108.806969
140.0,140,108.833718
133.0,133,108.85895
127.0,127,108.882237
136.0,136,108.907124
144.0,144,108.933559
135.0,135,108.958495
151.0,151,108.986656
154.0,154,109.01462
153.0,153,109.043001
139.0,139,109.068268
135.0,135,109.093352
134.0,134,109.118242
134.0,134,109.142788
19.0,19,109.146465
129.0,129,109.213735
151.0,151,109.241905
140.0,140,109.26791
123.0,123,109.290551
139.0,139,109.315951
128.0,128,109.339804
123.0,123,109.362484
139.0,139,109.387988
143.0,143,109.41467
130.0,130,109.438408
114.0,114,109.459418
141.0,141,109.485138
141.0,141,109.511185
129.0,129,109.53499
130.0,130,109.559101
122.0,122,109.625126
130.0,130,109.649849
132.0,132,109.674503
137.0,137,109.699978
135.0,135,109.725114
133.0,133,109.749558
146.0,146,109.777262
135.0,135,109.80195
138.0,138,109.827704
139.0,139,109.853417
138.0,138,109.87877
129.0,129,109.902519
150.0,150,109.930487
142.0,142,109.956382
135.0,135,110.022464
134.0,134,110.048279
136.0,136,110.073507
134.0,134,110.09802
145.0,145,110.124606
144.0,144,110.15115
137.0,137,110.17692
129.0,129,110.201143
146.0,146,110.228035
120.0,120,110.250075
148.0,148,110.27754
153.0,153,110.306137
140.0,140,110.332023
136.0,136,110.357296
144.0,144,110.383605
135.0,135,110.451575
150.0,150,110.479722
135.0,135,110.504814
143.0,143,110.530872
156.0,156,110.559697
149.0,149,110.587544
137.0,137,110.612704
144.0,144,110.639259
138.0,138,110.664236
141.0,141,110.690353
131.0,131,110.71476
131.0,131,110.73933
150.0,150,110.767163
144.0,144,110.793397
124.0,124,110.85878
146.0,146,110.885791
149.0,149,110.91297
135.0,135,110.937633
133.0,133,110.962015
150.0,150,110.99128
135.0,135,111.017525
148.0,148,111.045109
154.0,154,111.073545
135.0,135,111.098456
141.0,141,111.12415
153.0,153,111.152053
135.0,135,111.176912
153.0,153,111.205705
137.0,137,111.275287
150.0,150,111.30293
141.0,141,111.330338
140.0,140,111.358141
129.0,129,111.384145
147.0,147,111.413584
144.0,144,111.449621
139.0,139,111.496754
139.0,139,111.524817
132.0,132,111.55115
138.0,138,111.579325
137.0,137,111.607849
129.0,129,111.635951
133.0,133,111.66433
139.0,139,111.740063
132.0,132,111.76812
148.0,148,111.801684
132.0,132,111.834821
124.0,124,111.87711
60.0,60,111.893277
129.0,129,111.928057
135.0,135,111.957907
135.0,135,111.990015
148.0,148,112.023245
139.0,139,112.054121
153.0,153,112.084408
56.0,56,112.095009
131.0,131,112.119228
145.0,145,112.146639
142.0,142,112.173028
131.0,131,112.246466
136.0,136,112.272223
136.0,136,112.297612
133.0,133,112.322218
133.0,133,112.346779
140.0,140,112.372571
137.0,137,112.398205
140.0,140,112.424044
138.0,138,112.449466
126.0,126,112.472863
146.0,146,112.499736
132.0,132,112.524112
137.0,137,112.549111
147.0,147,112.576431
142.0,142,112.602813
147.0,147,112.676357
133.0,133,112.702115
166.0,166,112.732817
137.0,137,112.757825
126.0,126,112.781689
129.0,129,112.805466
133.0,133,112.830029
138.0,138,112.855846
126.0,126,112.878855
140.0,140,112.904531
135.0,135,112.929547
150.0,150,112.957396
134.0,134,112.98183
136.0,136,113.006806
156.0,156,113.081176
144.0,144,113.108214
148.0,148,113.135712
140.0,140,113.161361
23.0,23,113.165809
142.0,142,113.192364
142.0,142,113.219055
136.0,136,113.244344
130.0,130,113.268023
134.0,134,113.29279
139.0,139,113.318345
146.0,146,113.345059
136.0,136,113.370181
131.0,131,113.394431
135.0,135,113.419339
142.0,142,113.490977
133.0,133,113.517004
150.0,150,113.545107
63.0,63,113.55682
138.0,138,113.58241
130.0,130,113.606913
128.0,128,113.63069
146.0,146,113.657464
133.0,133,113.681814
157.0,157,113.711418
152.0,152,113.739596
138.0,138,113.764968
140.0,140,113.790986
133.0,133,113.815266
133.0,133,113.84008
132.0,132,113.91317
139.0,139,113.938872
149.0,149,113.96687
132.0,132,113.991445
146.0,146,114.01815
139.0,139,114.043899
132.0,132,114.068156
130.0,130,114.091915
21.0,21,114.096159
142.0,142,114.122091
130.0,130,114.146191
131.0,131,114.170096
125.0,125,114.193962
128.0,128,114.217779
133.0,133,114.242332
130.0,130,114.266088
141.0,141,114.339107
128.0,128,114.363206
152.0,152,114.391101
132.0,132,114.415617
140.0,140,114.441466
138.0,138,114.466692
147.0,147,114.493901
114.0,114,114.514637
123.0,123,114.538477
128.0,128,114.562176
146.0,146,114.589221
156.0,156,114.617825
158.0,158,114.646734
136.0,136,114.671708
130.0,130,114.739881
18.0,18,114.743416
148.0,148,114.771332
21.0,21,114.775086
140.0,140,114.801072
137.0,137,114.826658
132.0,132,114.850897
128.0,128,114.874568
125.0,125,114.897213
145.0,145,114.924142
132.0,132,114.9486
149.0,149,114.975859
156.0,156,115.004137
136.0,136,115.029229
132.0,132,115.053442
140.0,140,115.079054
142.0,142,115.146986
132.0,132,115.172284
132.0,132,115.197556
134.0,134,115.222318
128.0,128,115.246029
141.0,141,115.272218
141.0,141,115.297987
154.0,154,115.325986
18.0,18,115.329536
139.0,139,115.355043
120.0,120,115.376941
129.0,129,115.40054
128.0,128,115.424259
21.0,21,115.428001
138.0,138,115.453846
147.0,147,115.480482
139.0,139,115.50605
141.0,141,115.574232
138.0,138,115.600429
130.0,130,115.624354
135.0,135,115.649284
133.0,133,115.673775
143.0,143,115.700791
135.0,135,115.725944
128.0,128,115.749665
130.0,130,115.773372
144.0,144,115.799833
132.0,132,115.824009
136.0,136,115.848976
136.0,136,115.873736
136.0,136,115.898609
133.0,133,115.923126
122.0,122,115.989898
144.0,144,116.018323
141.0,141,116.044389
141.0,141,116.070996
57.0,57,116.081593
131.0,131,116.105711
144.0,144,116.13217
128.0,128,116.155679
143.0,143,116.18164
135.0,135,116.20728
140.0,140,116.233842
133.0,133,116.258246
140.0,140,116.284289
152.0,152,116.312517
156.0,156,116.340925
147.0,147,116.412986
161.0,161,116.442676
145.0,145,116.469499
161.0,161,116.499003
152.0,152,116.526934
145.0,145,116.553549
147.0,147,116.580681
148.0,148,116.607595
137.0,137,116.632459
137.0,137,116.657498
152.0,152,116.685457
166.0,166,116.717124
145.0,145,116.743618
60.0,60,116.754455
137.0,137,116.830796
142.0,142,116.860031
135.0,135,116.887808
14.0,14,116.890497
135.0,135,116.917618
142.0,142,116.946261
155.0,155,116.977426
143.0,143,117.006344
151.0,151,117.043408
144.0,144,117.091653
22.0,22,117.100736
163.0,163,117.136311
150.0,150,117.169053
129.0,129,117.19713
145.0,145,117.228927
132.0,132,117.307441
144.0,144,117.339554
139.0,139,117.370318
137.0,137,117.399912
151.0,151,117.434586
143.0,143,117.467575
127.0,127,117.50483
150.0,150,117.546883
156.0,156,117.57621
148.0,148,117.603705
149.0,149,117.631465
145.0,145,117.658175
139.0,139,117.684135
148.0,148,117.71226
139.0,139,117.780552
58.0,58,117.791772
133.0,133,117.816507
151.0,151,117.844676
135.0,135,117.869865
141.0,141,117.895645
146.0,146,117.922776
145.0,145,117.949256
138.0,138,117.974467
134.0,134,117.99911
59.0,59,118.009969
141.0,141,118.035847
135.0,135,118.06076
140.0,140,118.086345
131.0,131,118.110191
144.0,144,118.136504
148.0,148,118.213232
128.0,128,118.237487
146.0,146,118.264799
141.0,141,118.290591
135.0,135,118.315389
136.0,136,118.340388
143.0,143,118.366676
128.0,128,118.390288
148.0,148,118.418327
132.0,132,118.442901
126.0,126,118.465667
132.0,132,118.49005
136.0,136,118.514802
138.0,138,118.5407
140.0,140,118.609202
137.0,137,118.635365
144.0,144,118.66185
133.0,133,118.686181
143.0,143,118.713383
132.0,132,118.737972
126.0,126,118.760691
148.0,148,118.789306
19.0,19,118.79331
131.0,131,118.819751
131.0,131,118.846118
135.0,135,118.872453
131.0,131,118.899334
137.0,137,118.927854
134.0,134,118.955747
129.0,129,118.982475
124.0,124,119.054193
136.0,136,119.084125
133.0,133,119.125248
65.0,65,119.150853
123.0,123,119.18963
131.0,131,119.219675
132.0,132,119.247679
138.0,138,119.278127
142.0,142,119.30886
132.0,132,119.338577
137.0,137,119.398957
136.0,136,119.429376
123.0,123,119.455954
136.0,136,119.485434
131.0,131,119.517768
139.0,139,119.544088
124.0,124,119.613911
139.0,139,119.640313
143.0,143,119.666975
132.0,132,119.691686
122.0,122,119.714787
131.0,131,119.738808
160.0,160,119.768391
150.0,150,119.796386
135.0,135,119.821355
137.0,137,119.846469
125.0,125,119.869461
139.0,139,119.894975
130.0,130,119.918657
136.0,136,119.943631
138.0,138,120.011872
147.0,147,120.039671
138.0,138,120.065014
135.0,135,120.090137
32.0,32,120.096012
129.0,129,120.119868
129.0,129,120.143337
134.0,134,120.167842
139.0,139,120.194689
146.0,146,120.221707
132.0,132,120.245906
135.0,135,120.271028
129.0,129,120.294653
143.0,143,120.320977
144.0,144,120.34748
145.0,145,120.37414
134.0,134,120.444374
134.0,134,120.468801
132.0,132,120.493122
14.0,14,120.495874
148.0,148,120.523191
137.0,137,120.548283
138.0,138,120.573412
137.0,137,120.598999
124.0,124,120.621716
22.0,22,120.625579
147.0,147,120.652702
140.0,140,120.67819
131.0,131,120.70276
143.0,143,120.728783
15.0,15,120.731634
137.0,137,120.756525
133.0,133,120.781123
138.0,138,120.852443
133.0,133,120.877518
134.0,134,120.902591
144.0,144,120.929209
146.0,146,120.955864
148.0,148,120.983189
137.0,137,121.01097
136.0,136,121.037032
150.0,150,121.064381
140.0,140,121.089999
135.0,135,121.11587
136.0,136,121.141053
146.0,146,121.167568
134.0,134,121.193987
125.0,125,121.259477
136.0,136,121.285173
133.0,133,121.309805
141.0,141,121.336108
134.0,134,121.360663
152.0,152,121.38846
147.0,147,121.415557
142.0,142,121.441531
150.0,150,121.469218
144.0,144,121.49556
135.0,135,121.520565
131.0,131,121.544374
136.0,136,121.569496
140.0,140,121.595174
150.0,150,121.664247
136.0,136,121.694991
122.0,122,121.719904
124.0,124,121.746477
151.0,151,121.776922
141.0,141,121.818578
141.0,141,121.8645
144.0,144,121.892802
159.0,159,121.925225
134.0,134,121.953554
140.0,140,121.984714
145.0,145,122.014596
156.0,156,122.048932
161.0,161,122.082905
138.0,138,122.166732
146.0,146,122.199615
151.0,151,122.241072
136.0,136,122.28181
135.0,135,122.325348
142.0,142,122.357612
139.0,139,122.389391
128.0,128,122.417016
130.0,130,122.441993
145.0,145,122.469119
140.0,140,122.495102
148.0,148,122.522854
148.0,148,122.550103
134.0,134,122.574488
126.0,126,122.597908
126.0,126,122.663998
136.0,136,122.689771
142.0,142,122.717226
135.0,135,122.742497
148.0,148,122.769645
152.0,152,122.797617
147.0,147,122.824759
141.0,141,122.850966
147.0,147,122.877683
144.0,144,122.904228
144.0,144,122.930678
137.0,137,122.956683
145.0,145,122.983213
136.0,136,123.008156
140.0,140,123.079212
161.0,161,123.109171
145.0,145,123.135942
150.0,150,123.163864
136.0,136,123.189467
148.0,148,123.217256
151.0,151,123.244914
149.0,149,123.272095
162.0,162,123.301814
146.0,146,123.328772
149.0,149,123.356131
152.0,152,123.384158
147.0,147,123.411218
150.0,150,123.481853
146.0,146,123.510758
127.0,127,123.534541
157.0,157,123.563525
166.0,166,123.593972
148.0,148,123.621361
148.0,148,123.64865
143.0,143,123.675089
152.0,152,123.703567
140.0,140,123.729439
149.0,149,123.756837
29.0,29,123.762386
187.0,187,123.79653
157.0,157,123.825785
152.0,152,123.895926
175.0,175,123.928845
145.0,145,123.955917
146.0,146,123.982569
147.0,147,124.009615
145.0,145,124.035896
130.0,130,124.060174
154.0,154,124.088384
149.0,149,124.115605
145.0,145,124.142542
143.0,143,124.16835
124.0,124,124.191485
149.0,149,124.219387
144.0,144,124.245947
148.0,148,124.320252
152.0,152,124.348616
32.0,32,124.354557
139.0,139,124.380058
133.0,133,124.40485
18.0,18,124.407819
139.0,139,124.433381
166.0,166,124.463641
134.0,134,124.488368
152.0,152,124.516316
61.0,61,124.52744
159.0,159,124.556634
133.0,133,124.581024
166.0,166,124.611618
134.0,134,124.635667
15.0,15,124.638535
12.0,12,124.640715
156.0,156,124.669118
136.0,136,124.743758
135.0,135,124.769001
140.0,140,124.794849
129.0,129,124.818604
153.0,153,124.84672
163.0,163,124.876796
140.0,140,124.902551
140.0,140,124.928412
136.0,136,124.953382
152.0,152,124.981346
155.0,155,125.009993
207.0,207,125.047672
154.0,154,125.07616
154.0,154,125.153582
149.0,149,125.182267
151.0,151,125.210511
25.0,25,125.215502
134.0,134,125.239979
148.0,148,125.266961
159.0,159,125.296129
147.0,147,125.323208
17.0,17,125.326202
143.0,143,125.352617
150.0,150,125.379829
145.0,145,125.406648
176.0,176,125.438854
139.0,139,125.464525
160.0,160,125.493817
150.0,150,125.56587
137.0,137,125.59147
137.0,137,125.616635
148.0,148,125.643766
139.0,139,125.669687
135.0,135,125.694969
131.0,131,125.720453
153.0,153,125.748874
128.0,128,125.772484
155.0,155,125.800403
149.0,149,125.828006
175.0,175,125.859639
180.0,180,125.892555
153.0,153,125.920647
192.0,192,126.002964
152.0,152,126.03278
160.0,160,126.062398
141.0,141,126.087807
131.0,131,126.111883
155.0,155,126.140155
152.0,152,126.167917
159.0,159,126.198422
167.0,167,126.22946
176.0,176,126.261822
145.0,145,126.288454
14.0,14,126.291222
139.0,139,126.31637
145.0,145,126.343436
173.0,173,126.422944
134.0,134,126.447486
142.0,142,126.47397
145.0,145,126.50063
146.0,146,126.527533
13.0,13,126.529799
146.0,146,126.556593
141.0,141,126.5828
134.0,134,126.607327
146.0,146,126.634238
132.0,132,126.658405
159.0,159,126.687042
440.0,440,126.885392
158.0,158,126.918467
137.0,137,126.94633
128.0,128,126.973346
148.0,148,127.002832
125.0,125,127.028857
149.0,149,127.05956
64.0,64,127.080846
164.0,164,127.141488
144.0,144,127.172443
132.0,132,127.200665
140.0,140,127.230486
128.0,128,127.257377
129.0,129,127.286209
156.0,156,127.320113
136.0,136,127.399699
59.0,59,127.412872
140.0,140,127.443735
64.0,64,127.458461
122.0,122,127.48237
132.0,132,127.506989
126.0,126,127.530626
131.0,131,127.554811
122.0,122,127.577633
151.0,151,127.605726
153.0,153,127.633765
140.0,140,127.659691
132.0,132,127.684035
126.0,126,127.707845
129.0,129,127.731847
134.0,134,127.756345
134.0,134,127.824875
129.0,129,127.848979
147.0,147,127.876234
134.0,134,127.900683
141.0,141,127.926476
139.0,139,127.952163
147.0,147,127.979374
137.0,137,128.004638
131.0,131,128.028797
141.0,141,128.054638
149.0,149,128.081808
140.0,140,128.107735
140.0,140,128.133453
142.0,142,128.159812
147.0,147,128.229275
137.0,137,128.255054
147.0,147,128.282475
126.0,126,128.305649
21.0,21,128.309382
144.0,144,128.335894
135.0,135,128.360933
124.0,124,128.383483
141.0,141,128.410391
128.0,128,128.446079
132.0,132,128.487012
63.0,63,128.500158
146.0,146,128.538842
135.0,135,128.588938
132.0,132,128.616162
131.0,131,128.642247
143.0,143,128.717999
139.0,139,128.749421
128.0,128,128.777189
133.0,133,128.807444
154.0,154,128.842013
135.0,135,128.869661
142.0,142,128.900531
133.0,133,128.938431
154.0,154,128.989526
138.0,138,129.0267
136.0,136,129.057006
138.0,138,129.087283
142.0,142,129.11847
133.0,133,129.14883
143.0,143,129.176731
138.0,138,129.24579
139.0,139,129.272168
183.0,183,129.306087
155.0,155,129.335022
170.0,170,129.366026
167.0,167,129.396807
59.0,59,129.407906
206.0,206,129.445821
189.0,189,129.480907
131.0,131,129.50512
142.0,142,129.531255
168.0,168,129.562374
153.0,153,129.590286
139.0,139,129.661629
152.0,152,129.690201
164.0,164,129.720796
143.0,143,129.746898
140.0,140,129.772349
140.0,140,129.79798
159.0,159,129.827454
150.0,150,129.855323
178.0,178,129.887685
500.0,500,129.978955
189.0,189,130.06774
136.0,136,130.093817
211.0,211,130.133045
158.0,158,130.162309
157.0,157,130.191356
173.0,173,130.223414
154.0,154,130.252147
154.0,154,130.280437
219.0,219,130.320734
164.0,164,130.351035
152.0,152,130.378783
147.0,147,130.405732
138.0,138,130.430831
160.0,160,130.507623
148.0,148,130.534985
168.0,168,130.565885
173.0,173,130.597608
139.0,139,130.62333
162.0,162,130.653214
166.0,166,130.683506
166.0,166,130.714914
260.0,260,130.762621
230.0,230,130.804651
199.0,199,130.840873
140.0,140,130.920098
141.0,141,130.946957
222.0,222,130.988235
156.0,156,131.019547
152.0,152,131.048163
161.0,161,131.078279
157.0,157,131.107176
220.0,220,131.147801
145.0,145,131.174728
151.0,151,131.203443
179.0,179,131.236558
188.0,188,131.271148
155.0,155,131.349991
500.0,500,131.441836
146.0,146,131.468465
167.0,167,131.499604
157.0,157,131.52837
187.0,187,131.562698
147.0,147,131.589736
162.0,162,131.619104
146.0,146,131.646112
327.0,327,131.762161
488.0,488,131.864119
500.0,500,131.970765
500.0,500,132.099851
175.0,175,132.137444
500.0,500,132.303864
500.0,500,132.424806
164.0,164,132.472885
187.0,187,132.508324
155.0,155,132.537168
156.0,156,132.566179
181.0,181,132.599765
157.0,157,132.628777
154.0,154,132.657819
174.0,174,132.739857
18.0,18,132.743626
180.0,180,132.777294
155.0,155,132.805909
151.0,151,132.833969
154.0,154,132.862654
142.0,142,132.888671
182.0,182,132.922434
344.0,344,132.985866
180.0,180,133.018908
181.0,181,133.052113
170.0,170,133.083136
158.0,158,133.163737
162.0,162,133.194484
150.0,150,133.223247
198.0,198,133.259557
169.0,169,133.291241
164.0,164,133.321307
140.0,140,133.347043
156.0,156,133.375889
190.0,190,133.410971
168.0,168,133.441912
155.0,155,133.470726
55.0,55,133.480873
500.0,500,133.637762
183.0,183,133.671237
178.0,178,133.705113
157.0,157,133.73408
500.0,500,133.826035
177.0,177,133.858337
166.0,166,133.889106
351.0,351,133.953953
310.0,310,134.075393
272.0,272,134.125463
180.0,180,134.158709
281.0,281,134.210691
248.0,248,134.256412
158.0,158,134.285501
500.0,500,134.377424
169.0,169,134.464735
171.0,171,134.496547
167.0,167,134.527365
218.0,218,134.567375
217.0,217,134.607053
174.0,174,134.639017
419.0,419,134.716454
159.0,159,134.745408
159.0,159,134.774798
183.0,183,134.808649
500.0,500,134.958918
199.0,199,134.995801
177.0,177,135.028297
137.0,137,135.053171
165.0,165,135.083027
163.0,163,135.113268
176.0,176,135.145634
147.0,147,135.172791
209.0,209,135.211635
203.0,203,135.30294
157.0,157,135.332266
500.0,500,135.424405
186.0,186,135.458763
443.0,443,135.539598
500.0,500,135.630979
171.0,171,135.722771
358.0,358,135.791256
500.0,500,135.88378
292.0,292,135.937664
274.0,274,135.987946
266.0,266,136.040638
261.0,261,136.089324
280.0,280,136.249838
323.0,323,136.309889
316.0,316,136.368091
286.0,286,136.420609
265.0,265,136.4691
500.0,500,136.560898
326.0,326,136.730705
302.0,302,136.786546
317.0,317,136.845083
302.0,302,136.900147
309.0,309,136.957126
264.0,264,137.005811
288.0,288,137.164302
261.0,261,137.213993
395.0,395,137.287725
246.0,246,137.33884
295.0,295,137.39847
304.0,304,137.462007
326.0,326,137.527649
217.0,217,137.664956
279.0,279,137.738803
309.0,309,137.806371
246.0,246,137.860753
269.0,269,137.919323
280.0,280,137.983722
311.0,311,138.044233
259.0,259,138.188868
287.0,287,138.242968
259.0,259,138.290821
284.0,284,138.343161
59.0,59,138.354295
396.0,396,138.42703
238.0,238,138.470624
291.0,291,138.523758
206.0,206,138.654265
253.0,253,138.702109
292.0,292,138.756171
248.0,248,138.801611
250.0,250,138.84729
264.0,264,138.895556
357.0,357,138.961374
238.0,238,139.004558
281.0,281,139.141831
263.0,263,139.190897
310.0,310,139.248706
301.0,301,139.303719
236.0,236,139.346812
262.0,262,139.3948
308.0,308,139.451133
328.0,328,139.595949
299.0,299,139.667545
249.0,249,139.738709
282.0,282,139.796139
238.0,238,139.880159
278.0,278,139.940945
234.0,234,139.99179
288.0,288,140.188025
245.0,245,140.250009
266.0,266,140.306827
248.0,248,140.353351
263.0,263,140.402392
251.0,251,140.448823
270.0,270,140.498231
233.0,233,140.541044
247.0,247,140.688794
289.0,289,140.742654
245.0,245,140.788212
231.0,231,140.830405
233.0,233,140.873931
57.0,57,140.884546
220.0,220,140.926
56.0,56,140.936625
214.0,214,140.977196
221.0,221,141.021248
240.0,240,141.107238
225.0,225,141.149803
240.0,240,141.19552
216.0,216,141.237843
52.0,52,141.248376
228.0,228,141.292177
218.0,218,141.334487
234.0,234,141.380621
224.0,224,141.423695
239.0,239,141.539397
55.0,55,141.549686
64.0,64,141.561681
54.0,54,141.571893
211.0,211,141.611702
229.0,229,141.654068
236.0,236,141.6987
246.0,246,141.745162
48.0,48,141.754353
217.0,217,141.796216
224.0,224,141.839037
70.0,70,141.851958
204.0,204,141.890793
206.0,206,141.967964
47.0,47,141.976651
51.0,51,141.986219
219.0,219,142.027894
52.0,52,142.037736
213.0,213,142.078448
211.0,211,142.120091
219.0,219,142.16404
219.0,219,142.207353
211.0,211,142.247186
221.0,221,142.288245
239.0,239,142.33324
242.0,242,142.457658
204.0,204,142.496827
214.0,214,142.537044
52.0,52,142.546708
57.0,57,142.557223
52.0,52,142.566746
61.0,61,142.578539
52.0,52,142.588518
213.0,213,142.628263
235.0,235,142.67237
216.0,216,142.714347
51.0,51,142.723872
210.0,210,142.765341
255.0,255,142.833247
58.0,58,142.844485
212.0,212,142.885143
48.0,48,142.894556
203.0,203,142.933751
215.0,215,142.975089
63.0,63,142.987072
62.0,62,142.999743
203.0,203,143.038793
51.0,51,143.048865
65.0,65,143.061983
44.0,44,143.070347
52.0,52,143.080587
212.0,212,143.121297
212.0,212,143.160834
194.0,194,143.197918
203.0,203,143.298334
247.0,247,143.346406
20.0,20,143.350336
55.0,55,143.362064
50.0,50,143.373004
216.0,216,143.419067
193.0,193,143.461464
50.0,50,143.471898
227.0,227,143.520054
214.0,214,143.564771
200.0,200,143.607101
185.0,185,143.648109
55.0,55,143.665458
51.0,51,143.686767
69.0,69,143.77047
195.0,195,143.814441
59.0,59,143.827705
218.0,218,143.878521
219.0,219,143.928367
45.0,45,143.937324
214.0,214,143.984436
254.0,254,144.040343
55.0,55,144.052562
49.0,49,144.064025
57.0,57,144.076037
54.0,54,144.087268
216.0,216,144.1291
208.0,208,144.167909
61.0,61,144.179168
47.0,47,144.188205
209.0,209,144.273812
226.0,226,144.31576
54.0,54,144.3261
207.0,207,144.364898
44.0,44,144.373235
225.0,225,144.414503
242.0,242,144.459492
223.0,223,144.500995
192.0,192,144.536696
63.0,63,144.548647
203.0,203,144.586515
58.0,58,144.597167
54.0,54,144.607531
45.0,45,144.651346
66.0,66,144.664174
214.0,214,144.705717
57.0,57,144.716499
45.0,45,144.725085
229.0,229,144.768819
226.0,226,144.812123
54.0,54,144.82308
47.0,47,144.832396
55.0,55,144.843511
51.0,51,144.853686
59.0,59,144.865328
52.0,52,144.875544
243.0,243,144.922357
47.0,47,144.931593
191.0,191,144.967786
50.0,50,144.977003
60.0,60,144.988064
48.0,48,144.997051
52.0,52,145.00681
44.0,44,145.01502
209.0,209,145.109168
19.0,19,145.112376
68.0,68,145.125357
55.0,55,145.135848
198.0,198,145.173096
215.0,215,145.213874
51.0,51,145.223674
190.0,190,145.259682
200.0,200,145.297733
58.0,58,145.308667
49.0,49,145.31777
149.0,149,145.346717
172.0,172,145.37999
63.0,63,145.391695
53.0,53,145.402153
57.0,57,145.413025
199.0,199,145.450843
57.0,57,145.461615
52.0,52,145.51768
147.0,147,145.547051
73.0,73,145.561234
208.0,208,145.601077
53.0,53,145.611442
50.0,50,145.621215
61.0,61,145.632452
54.0,54,145.642337
126.0,126,145.666175
198.0,198,145.703329
194.0,194,145.73978
179.0,179,145.773119
142.0,142,145.799331
52.0,52,145.809028
44.0,44,145.817117
92.0,92,145.834245
49.0,49,145.843316
177.0,177,145.876845
168.0,168,145.957052
55.0,55,145.967788
139.0,139,145.9948
45.0,45,146.003471
145.0,145,146.034654
49.0,49,146.0445
49.0,49,146.054206
55.0,55,146.064989
194.0,194,146.101812
37.0,37,146.109365
79.0,79,146.124116
96.0,96,146.142019
238.0,238,146.185943
132.0,132,146.211366
184.0,184,146.247674
49.0,49,146.256955
206.0,206,146.296429
61.0,61,146.307914
54.0,54,146.31775
47.0,47,146.355066
199.0,199,146.393608
199.0,199,146.431125
133.0,133,146.45626
47.0,47,146.465111
157.0,157,146.49467
46.0,46,146.503365
164.0,164,146.537896
44.0,44,146.546877
137.0,137,146.573291
55.0,55,146.583732
44.0,44,146.592218
186.0,186,146.627548
184.0,184,146.662311
244.0,244,146.708427
46.0,46,146.717041
71.0,71,146.730554
136.0,136,146.80162
192.0,192,146.838449
162.0,162,146.869737
50.0,50,146.878925
163.0,163,146.909771
58.0,58,146.92032
49.0,49,146.930187
135.0,135,146.955185
139.0,139,146.981351
174.0,174,147.013796
225.0,225,147.055691
47.0,47,147.064502
43.0,43,147.072128
42.0,42,147.079994
192.0,192,147.115514
48.0,48,147.124285
54.0,54,147.134147
62.0,62,147.14611
70.0,70,147.19124
56.0,56,147.203451
44.0,44,147.212917
71.0,71,147.227309
45.0,45,147.23599
140.0,140,147.26316
146.0,146,147.29157
41.0,41,147.299241
134.0,134,147.325234
66.0,66,147.337588
47.0,47,147.346451
71.0,71,147.359767
43.0,43,147.367487
48.0,48,147.376468
77.0,77,147.391038
137.0,137,147.417934
54.0,54,147.42802
211.0,211,147.468693
50.0,50,147.478514
49.0,49,147.487608
56.0,56,147.498078
41.0,41,147.505679
13.0,13,147.50804
134.0,134,147.533144
149.0,149,147.560538
180.0,180,147.641528
128.0,128,147.666633
46.0,46,147.675897
145.0,145,147.70443
61.0,61,147.716808
133.0,133,147.743277
68.0,68,147.756566
141.0,141,147.78464
175.0,175,147.817092
138.0,138,147.843619
156.0,156,147.872921
53.0,53,147.882837
132.0,132,147.907313
174.0,174,147.939911
47.0,47,147.948349
146.0,146,147.976429
70.0,70,147.989507
50.0,50,147.999558
204.0,204,148.083561
142.0,142,148.110944
50.0,50,148.120812
144.0,144,148.149187
139.0,139,148.175406
137.0,137,148.201089
55.0,55,148.211521
37.0,37,148.218398
134.0,134,148.242946
49.0,49,148.252537
182.0,182,148.286286
192.0,192,148.321926
136.0,136,148.34693
137.0,137,148.37218
204.0,204,148.409871
199.0,199,148.513049
70.0,70,148.526411
180.0,180,148.559711
142.0,142,148.585645
50.0,50,148.594981
132.0,132,148.619038
76.0,76,148.633088
137.0,137,148.658294
152.0,152,148.686162
51.0,51,148.69571
136.0,136,148.720805
153.0,153,148.74899
157.0,157,148.777562
146.0,146,148.804618
164.0,164,148.834899
49.0,49,148.843913
192.0,192,148.915025
75.0,75,148.929944
137.0,137,148.955825
148.0,148,148.983253
135.0,135,149.008269
167.0,167,149.039586
48.0,48,149.048634
186.0,186,149.08346
129.0,129,149.107399
140.0,140,149.133462
70.0,70,149.146764
144.0,144,149.173709
137.0,137,149.199227
187.0,187,149.233866
182.0,182,149.267894
62.0,62,149.32929
28.0,28,149.334771
79.0,79,149.349285
131.0,131,149.373764
42.0,42,149.38182
138.0,138,149.407169
163.0,163,149.43962
131.0,131,149.465996
148.0,148,149.496088
49.0,49,149.506513
123.0,123,149.532084
145.0,145,149.584017
75.0,75,149.604756
148.0,148,149.635048
140.0,140,149.662413
16.0,16,149.665673
154.0,154,149.697968
142.0,142,149.728151
144.0,144,149.821258
146.0,146,149.861928
159.0,159,149.898009
140.0,140,149.926266
136.0,136,149.957262
44.0,44,149.967462
133.0,133,149.99673
136.0,136,150.026085
45.0,45,150.035598
149.0,149,150.069885
135.0,135,150.102275
34.0,34,150.110484
128.0,128,150.138657
145.0,145,150.171022
134.0,134,150.196468
17.0,17,150.199476
141.0,141,150.225785
156.0,156,150.276458
142.0,142,150.303665
32.0,32,150.3098
146.0,146,150.336787
138.0,138,150.362603
129.0,129,150.386194
134.0,134,150.437717
139.0,139,150.470873
128.0,128,150.494922
146.0,146,150.523095
131.0,131,150.547071
11.0,11,150.549224
140.0,140,150.575407
148.0,148,150.602661
136.0,136,150.627799
129.0,129,150.651521
46.0,46,150.660239
47.0,47,150.668914
47.0,47,150.677282
47.0,47,150.721593
38.0,38,150.729306
139.0,139,150.754503
50.0,50,150.763919
126.0,126,150.786986
136.0,136,150.812035
147.0,147,150.839249
45.0,45,150.847464
38.0,38,150.854692
138.0,138,150.880001
38.0,38,150.887472
152.0,152,150.915141
155.0,155,150.94355
184.0,184,150.977649
188.0,188,151.012904
143.0,143,151.041206
49.0,49,151.051129
15.0,15,151.053696
17.0,17,151.057262
142.0,142,151.083235
145.0,145,151.157002
138.0,138,151.182819
48.0,48,151.191843
49.0,49,151.200878
166.0,166,151.232293
142.0,142,151.261689
137.0,137,151.28977
144.0,144,151.318351
123.0,123,151.342722
41.0,41,151.350958
127.0,127,151.387534
42.0,42,151.403227
131.0,131,151.442369
142.0,142,151.470809
11.0,11,151.473226
128.0,128,151.498691
135.0,135,151.527406
139.0,139,151.557678
129.0,129,151.63184
126.0,126,151.660766
126.0,126,151.687115
128.0,128,151.716268
14.0,14,151.719548
13.0,13,151.722229
119.0,119,151.747773
129.0,129,151.776615
128.0,128,151.808946
129.0,129,151.84825
132.0,132,151.890472
126.0,126,151.921803
124.0,124,151.950407
151.0,151,151.984818
137.0,137,152.010774
48.0,48,152.019892
141.0,141,152.04612
38.0,38,152.053504
133.0,133,152.122682
129.0,129,152.14702
129.0,129,152.170585
125.0,125,152.193978
136.0,136,152.219012
136.0,136,152.243909
160.0,160,152.273063
136.0,136,152.29807
139.0,139,152.32349
14.0,14,152.326336
141.0,141,152.352059
136.0,136,152.376989
140.0,140,152.402577
17.0,17,152.40563
127.0,127,152.429105
122.0,122,152.451806
140.0,140,152.477328
147.0,147,152.547039
136.0,136,152.573433
132.0,132,152.597647
134.0,134,152.622474
129.0,129,152.646334
126.0,126,152.6697
131.0,131,152.693523
131.0,131,152.718022
131.0,131,152.741991
123.0,123,152.764702
146.0,146,152.791341
132.0,132,152.815612
15.0,15,152.818468
138.0,138,152.843801
129.0,129,152.867537
137.0,137,152.893053
143.0,143,152.967442
124.0,124,152.990751
128.0,128,153.014184
136.0,136,153.039463
126.0,126,153.062626
119.0,119,153.084642
131.0,131,153.10879
125.0,125,153.131658
17.0,17,153.134737
127.0,127,153.157873
27.0,27,153.162924
129.0,129,153.186411
132.0,132,153.210672
131.0,131,153.234616
14.0,14,153.236966
138.0,138,153.262464
129.0,129,153.286116
136.0,136,153.310996
133.0,133,153.379644
128.0,128,153.403436
128.0,128,153.427232
130.0,130,153.451396
131.0,131,153.474823
17.0,17,153.478315
130.0,130,153.501982
120.0,120,153.523976
132.0,132,153.548425
147.0,147,153.575386
15.0,15,153.578246
30.0,30,153.583574
143.0,143,153.60982
147.0,147,153.637038
147.0,147,153.663887
133.0,133,153.688653
139.0,139,153.714032
130.0,130,153.779602
119.0,119,153.80206
137.0,137,153.827245
132.0,132,153.851291
136.0,136,153.876432
129.0,129,153.900078
17.0,17,153.903012
135.0,135,153.927774
134.0,134,153.953413
125.0,125,153.9768
134.0,134,154.001219
142.0,142,154.027521
129.0,129,154.051037
136.0,136,154.07623
153.0,153,154.104242
157.0,157,154.133346
136.0,136,154.202763
220.0,220,154.243774
121.0,121,154.265935
135.0,135,154.290842
129.0,129,154.314349
126.0,126,154.337182
132.0,132,154.361851
129.0,129,154.385952
132.0,132,154.410267
129.0,129,154.434024
134.0,134,154.458508
126.0,126,154.482038
149.0,149,154.509284
135.0,135,154.53436
131.0,131,154.600043
142.0,142,154.626396
127.0,127,154.650045
163.0,163,154.680882
127.0,127,154.704496
133.0,133,154.730029
124.0,124,154.755739
141.0,141,154.783536
34.0,34,154.790566
133.0,133,154.81862
139.0,139,154.846604
12.0,12,154.848966
149.0,149,154.879801
122.0,122,154.904364
138.0,138,154.932209
127.0,127,154.956598
123.0,123,154.982291
147.0,147,155.081293
19.0,19,155.087035
136.0,136,155.125569
131.0,131,155.152816
129.0,129,155.181161
131.0,131,155.208652
127.0,127,155.236005
129.0,129,155.2639
130.0,130,155.29287
147.0,147,155.325125
158.0,158,155.35916
137.0,137,155.388113
127.0,127,155.415802
150.0,150,155.447845
132.0,132,155.47328
136.0,136,155.539949
17.0,17,155.543225
14.0,14,155.545651
132.0,132,155.570864
140.0,140,155.596896
122.0,122,155.619636
136.0,136,155.6448
139.0,139,155.67063
11.0,11,155.672298
133.0,133,155.697353
138.0,138,155.722455
134.0,134,155.747371
144.0,144,155.7739
143.0,143,155.799911
133.0,133,155.824475
138.0,138,155.84978
163.0,163,155.879523
140.0,140,155.948177
124.0,124,155.971464
124.0,124,155.994676
130.0,130,156.019192
122.0,122,156.043604
125.0,125,156.067333
123.0,123,156.090406
122.0,122,156.113154
125.0,125,156.136944
123.0,123,156.159663
16.0,16,156.162773
123.0,123,156.185935
118.0,118,156.208068
123.0,123,156.230464
130.0,130,156.254701
131.0,131,156.27891
24.0,24,156.283262
127.0,127,156.306459
122.0,122,156.369024
144.0,144,156.395875
130.0,130,156.420055
121.0,121,156.442619
124.0,124,156.465613
14.0,14,156.467913
132.0,132,156.492354
127.0,127,156.515869
126.0,126,156.538931
143.0,143,156.565523
118.0,118,156.587572
139.0,139,156.612841
129.0,129,156.636903
137.0,137,156.662087
123.0,123,156.684907
126.0,126,156.707993
138.0,138,156.77487
136.0,136,156.800814
121.0,121,156.823214
18.0,18,156.826262
129.0,129,156.850449
134.0,134,156.874852
124.0,124,156.897519
131.0,131,156.92176
129.0,129,156.94576
119.0,119,156.967728
124.0,124,156.990411
135.0,135,157.015411
123.0,123,157.037748
121.0,121,157.060309
132.0,132,157.084367
135.0,135,157.108674
126.0,126,157.131788
145.0,145,157.199657
15.0,15,157.202555
137.0,137,157.22837
19.0,19,157.231978
124.0,124,157.254799
138.0,138,157.280119
125.0,125,157.303389
126.0,126,157.326227
121.0,121,157.348014
14.0,14,157.350919
112.0,112,157.371604
126.0,126,157.39468
130.0,130,157.418707
132.0,132,157.442961
125.0,125,157.465679
126.0,126,157.489111
131.0,131,157.512806
14.0,14,157.515436
128.0,128,157.539025
121.0,121,157.60309
121.0,121,157.625738
116.0,116,157.6471
127.0,127,157.670453
136.0,136,157.695345
139.0,139,157.720817
141.0,141,157.746375
145.0,145,157.772643
112.0,112,157.793
123.0,123,157.815522
132.0,132,157.839601
142.0,142,157.865887
134.0,134,157.890149
22.0,22,157.894417
130.0,130,157.918134
135.0,135,157.942964
126.0,126,158.011551
121.0,121,158.034723
125.0,125,158.058112
121.0,121,158.080495
125.0,125,158.103538
119.0,119,158.125794
16.0,16,158.128743
116.0,116,158.150329
125.0,125,158.173385
118.0,118,158.195691
137.0,137,158.220866
14.0,14,158.223696
126.0,126,158.24689
13.0,13,158.249216
122.0,122,158.273258
127.0,127,158.298716
123.0,123,158.321441
129.0,129,158.345844
116.0,116,158.367392
122.0,122,158.429648
111.0,111,158.451082
116.0,116,158.473075
120.0,120,158.495345
123.0,123,158.51836
15.0,15,158.520848
131.0,131,158.545339
127.0,127,158.569145
129.0,129,158.593047
133.0,133,158.617709
119.0,119,158.639779
124.0,124,158.662801
125.0,125,158.685732
136.0,136,158.710931
126.0,126,158.734459
17.0,17,158.737538
119.0,119,158.759616
121.0,121,158.781891
118.0,118,158.84471
118.0,118,158.867154
113.0,113,158.888271
107.0,107,158.908783
123.0,123,158.932112
128.0,128,158.95582
134.0,134,158.980169
129.0,129,159.004352
133.0,133,159.029153
120.0,120,159.051246
120.0,120,159.073491
130.0,130,159.097287
119.0,119,159.119422
119.0,119,159.141523
122.0,122,159.163791
120.0,120,159.186084
122.0,122,159.251619
120.0,120,159.274182
118.0,118,159.295921
122.0,122,159.318829
122.0,122,159.341083
126.0,126,159.36466
127.0,127,159.388175
123.0,123,159.410686
127.0,127,159.434378
126.0,126,159.457851
116.0,116,159.479333
134.0,134,159.503663
15.0,15,159.50653
130.0,130,159.530226
129.0,129,159.554215
116.0,116,159.575675
14.0,14,159.577996
128.0,128,159.601504
122.0,122,159.66322
118.0,118,159.685315
126.0,126,159.709018
131.0,131,159.732901
122.0,122,159.755916
127.0,127,159.779435
14.0,14,159.781782
130.0,130,159.80589
124.0,124,159.828861
125.0,125,159.85211
123.0,123,159.874818
136.0,136,159.899667
127.0,127,159.922583
122.0,122,159.945149
130.0,130,159.968799
135.0,135,159.994052
125.0,125,160.017147
123.0,123,160.077711
118.0,118,160.100464
123.0,123,160.123438
16.0,16,160.126633
118.0,118,160.149043
114.0,114,160.169927
118.0,118,160.192148
126.0,126,160.215382
119.0,119,160.238885
123.0,123,160.263729
126.0,126,160.287586
19.0,19,160.291641
126.0,126,160.316492
126.0,126,160.341275
120.0,120,160.365134
123.0,123,160.389163
128.0,128,160.414107
14.0,14,160.416569
126.0,126,160.440999
121.0,121,160.509234
124.0,124,160.534684
89.0,89,160.553208
116.0,116,160.577087
16.0,16,160.581691
119.0,119,160.623219
124.0,124,160.662784
126.0,126,160.688447
125.0,125,160.713461
118.0,118,160.737826
122.0,122,160.763446
129.0,129,160.791863
117.0,117,160.817391
126.0,126,160.853661
17.0,17,160.860076
120.0,120,160.902153
114.0,114,160.937065
125.0,125,160.966843
138.0,138,161.043756
133.0,133,161.075405
118.0,118,161.100709
14.0,14,161.104132
122.0,122,161.130399
123.0,123,161.160509
128.0,128,161.189333
130.0,130,161.218359
131.0,131,161.249532
122.0,122,161.273594
117.0,117,161.295843
122.0,122,161.318974
122.0,122,161.342505
130.0,130,161.366793
121.0,121,161.3902
126.0,126,161.413584
120.0,120,161.43627
131.0,131,161.503281
124.0,124,161.527364
131.0,131,161.552632
127.0,127,161.576192
123.0,123,161.59926
131.0,131,161.623465
132.0,132,161.648366
125.0,125,161.672181
119.0,119,161.694508
15.0,15,161.697408
128.0,128,161.721069
126.0,126,161.744068
126.0,126,161.76746
123.0,123,161.790029
122.0,122,161.813053
132.0,132,161.837584
122.0,122,161.86004
118.0,118,161.921708
127.0,127,161.94624
121.0,121,161.96933
126.0,126,161.993081
126.0,126,162.016699
131.0,131,162.04118
131.0,131,162.065032
120.0,120,162.087519
125.0,125,162.111173
134.0,134,162.135613
121.0,121,162.157761
123.0,123,162.180525
122.0,122,162.203231
128.0,128,162.227033
126.0,126,162.250133
137.0,137,162.275542
20.0,20,162.318935
12.0,12,162.32147
116.0,116,162.343887
119.0,119,162.36623
118.0,118,162.388389
13.0,13,162.390707
117.0,117,162.412303
113.0,113,162.433015
117.0,117,162.454885
115.0,115,162.475953
13.0,13,162.478646
14.0,14,162.480987
119.0,119,162.502948
119.0,119,162.524897
121.0,121,162.547165
124.0,124,162.569806
121.0,121,162.592119
128.0,128,162.615703
114.0,114,162.636999
120.0,120,162.659408
116.0,116,162.680896
125.0,125,162.746149
122.0,122,162.77099
130.0,130,162.798401
119.0,119,162.822585
126.0,126,162.847846
120.0,120,162.875288
124.0,124,162.917965
125.0,125,162.953319
129.0,129,162.97957
124.0,124,163.005671
133.0,133,163.032514
17.0,17,163.036446
126.0,126,163.064133
120.0,120,163.089891
132.0,132,163.117985
128.0,128,163.145543
117.0,117,163.170771
118.0,118,163.239541
123.0,123,163.26758
12.0,12,163.27016
14.0,14,163.273713
125.0,125,163.301451
115.0,115,163.326949
126.0,126,163.364029
127.0,127,163.404352
121.0,121,163.444304
118.0,118,163.471195
122.0,122,163.498706
121.0,121,163.523343
102.0,102,163.54276
123.0,123,163.565923
114.0,114,163.586838
16.0,16,163.5899
123.0,123,163.612766
121.0,121,163.63532
118.0,118,163.657352
117.0,117,163.717932
11.0,11,163.720216
13.0,13,163.722653
130.0,130,163.746601
120.0,120,163.768744
117.0,117,163.790791
22.0,22,163.794628
126.0,126,163.818066
18.0,18,163.821159
13.0,13,163.823458
124.0,124,163.846332
115.0,115,163.867424
126.0,126,163.891033
121.0,121,163.913295
132.0,132,163.937685
130.0,130,163.961319
134.0,134,163.986333
19.0,19,163.989891
14.0,14,163.992242
119.0,119,164.014016
123.0,123,164.036849
118.0,118,164.058458
126.0,126,164.122402
129.0,129,164.146943
121.0,121,164.169086
126.0,126,164.192869
124.0,124,164.215832
120.0,120,164.237931
121.0,121,164.260351
127.0,127,164.283778
124.0,124,164.306672
116.0,116,164.328136
126.0,126,164.351205
124.0,124,164.373858
121.0,121,164.395925
120.0,120,164.417965
14.0,14,164.420804
131.0,131,164.444767
120.0,120,164.466861
116.0,116,164.528327
124.0,124,164.552082
118.0,118,164.573876
18.0,18,164.577434
124.0,124,164.600177
121.0,121,164.622393
132.0,132,164.646667
122.0,122,164.668663
122.0,122,164.69126
116.0,116,164.712943
127.0,127,164.73646
121.0,121,164.758586
126.0,126,164.781694
123.0,123,164.804487
126.0,126,164.827715
113.0,113,164.848203
128.0,128,164.871585
124.0,124,164.894433
121.0,121,164.957258
121.0,121,164.980045
125.0,125,165.00365
127.0,127,165.027012
121.0,121,165.049912
128.0,128,165.073384
126.0,126,165.096593
136.0,136,165.121579
125.0,125,165.144335
120.0,120,165.166459
14.0,14,165.169263
129.0,129,165.193103
121.0,121,165.215983
121.0,121,165.238503
120.0,120,165.260594
123.0,123,165.283011
116.0,116,165.304562
120.0,120,165.364783
121.0,121,165.387831
16.0,16,165.390903
129.0,129,165.414667
124.0,124,165.437314
129.0,129,165.461
131.0,131,165.485556
125.0,125,165.508335
126.0,126,165.53197
124.0,124,165.555386
120.0,120,165.577473
121.0,121,165.599516
132.0,132,165.623879
125.0,125,165.646626
116.0,116,165.668001
120.0,120,165.690017
129.0,129,165.71362
122.0,122,165.777815
125.0,125,165.801158
134.0,134,165.825969
135.0,135,165.850505
132.0,132,165.874601
128.0,128,165.898183
122.0,122,165.921241
120.0,120,165.945823
129.0,129,165.971605
126.0,126,165.997138
129.0,129,166.024512
124.0,124,166.051139
124.0,124,166.076506
13.0,13,166.080407
123.0,123,166.106672
132.0,132,166.133487
125.0,125,166.200969
125.0,125,166.236729
118.0,118,166.279167
124.0,124,166.311873
131.0,131,166.339942
119.0,119,166.365187
126.0,126,166.392015
17.0,17,166.395264
123.0,123,166.422526
129.0,129,166.449844
128.0,128,166.478958
129.0,129,166.506801
127.0,127,166.534021
124.0,124,166.561802
127.0,127,166.589542
123.0,123,166.616541
126.0,126,166.640815
132.0,132,166.708596
123.0,123,166.732007
126.0,126,166.755231
125.0,125,166.778715
127.0,127,166.802107
121.0,121,166.824838
124.0,124,166.847611
138.0,138,166.872894
122.0,122,166.895696
103.0,103,166.91425
130.0,130,166.938251
129.0,129,166.9618
125.0,125,166.984702
14.0,14,166.98753
134.0,134,167.01194
129.0,129,167.035902
129.0,129,167.05958
15.0,15,167.06247
121.0,121,167.127718
128.0,128,167.152432
119.0,119,167.174778
108.0,108,167.194622
125.0,125,167.217807
135.0,135,167.242668
131.0,131,167.266655
122.0,122,167.289717
125.0,125,167.312882
129.0,129,167.336492
124.0,124,167.359498
14.0,14,167.362296
12.0,12,167.364482
127.0,127,167.388148
124.0,124,167.411066
130.0,130,167.434657
128.0,128,167.458173
133.0,133,167.524496
122.0,122,167.548775
131.0,131,167.575716
15.0,15,167.578305
115.0,115,167.602291
129.0,129,167.628627
124.0,124,167.654084
13.0,13,167.658167
119.0,119,167.695777
125.0,125,167.728769
130.0,130,167.75526
127.0,127,167.780557
128.0,128,167.806179
132.0,132,167.834103
125.0,125,167.859794
120.0,120,167.886259
129.0,129,167.913783
126.0,126,167.942259
121.0,121,168.014422
129.0,129,168.043505
121.0,121,168.070877
128.0,128,168.112267
136.0,136,168.190058
130.0,130,168.224557
128.0,128,168.255489
130.0,130,168.286579
124.0,124,168.314797
125.0,125,168.341809
122.0,122,168.364682
110.0,110,168.385507
123.0,123,168.408361
124.0,124,168.431688
131.0,131,168.455785
114.0,114,168.477085
130.0,130,168.542183
126.0,126,168.566502
131.0,131,168.591026
128.0,128,168.614706
129.0,129,168.638708
128.0,128,168.662073
12.0,12,168.66429
132.0,132,168.688612
128.0,128,168.712089
131.0,131,168.736196
138.0,138,168.761183
132.0,132,168.785256
132.0,132,168.80937
129.0,129,168.833103
131.0,131,168.857024
130.0,130,168.881745
129.0,129,168.948947
134.0,134,168.974753
134.0,134,168.999921
140.0,140,169.025863
135.0,135,169.050799
114.0,114,169.0715
134.0,134,169.096208
141.0,141,169.122182
141.0,141,169.14832
134.0,134,169.173367
135.0,135,169.199506
135.0,135,169.22492
140.0,140,169.250698
136.0,136,169.275879
129.0,129,169.299583
146.0,146,169.370601
133.0,133,169.395705
116.0,116,169.417211
125.0,125,169.440208
14.0,14,169.443062
138.0,138,169.468301
128.0,128,169.491688
137.0,137,169.517453
142.0,142,169.543918
132.0,132,169.568156
133.0,133,169.59246
135.0,135,169.617212
114.0,114,169.638183
12.0,12,169.640358
136.0,136,169.665347
128.0,128,169.688813
142.0,142,169.714679
136.0,136,169.780981
142.0,142,169.808177
135.0,135,169.832507
138.0,138,169.858221
141.0,141,169.884054
138.0,138,169.909438
139.0,139,169.934621
136.0,136,169.959792
135.0,135,169.985002
133.0,133,170.009414
142.0,142,170.03554
17.0,17,170.038538
147.0,147,170.065458
131.0,131,170.089653
135.0,135,170.114193
138.0,138,170.139739
136.0,136,170.209421
135.0,135,170.234601
135.0,135,170.259124
132.0,132,170.283357
144.0,144,170.309637
129.0,129,170.333648
134.0,134,170.358068
125.0,125,170.381147
139.0,139,170.40687
128.0,128,170.430304
16.0,16,170.433215
131.0,131,170.457268
128.0,128,170.480731
138.0,138,170.505813
138.0,138,170.531398
146.0,146,170.603534
143.0,143,170.630837
16.0,16,170.633836
147.0,147,170.661095
136.0,136,170.686052
146.0,146,170.712822
141.0,141,170.738954
144.0,144,170.765623
146.0,146,170.792379
151.0,151,170.820265
141.0,141,170.846064
129.0,129,170.869623
14.0,14,170.87238
141.0,141,170.898075
153.0,153,170.925809
143.0,143,170.952082
138.0,138,171.022569
130.0,130,171.04941
117.0,117,171.072567
143.0,143,171.09922
150.0,150,171.127325
146.0,146,171.153951
140.0,140,171.179695
145.0,145,171.206525
117.0,117,171.228247
131.0,131,171.25231
143.0,143,171.279069
144.0,144,171.305936
141.0,141,171.331924
137.0,137,171.357418
132.0,132,171.38192
143.0,143,171.454644
142.0,142,171.484288
155.0,155,171.516667
145.0,145,171.545828
140.0,140,171.573801
147.0,147,171.604102
153.0,153,171.634785
139.0,139,171.662174
153.0,153,171.693582
134.0,134,171.725121
156.0,156,171.781376
145.0,145,171.817191
155.0,155,171.849904
136.0,136,171.926793
149.0,149,171.960639
129.0,129,171.988047
135.0,135,172.018221
140.0,140,172.04753
139.0,139,172.077171
138.0,138,172.107992
123.0,123,172.134732
144.0,144,172.163634
139.0,139,172.189237
123.0,123,172.212199
145.0,145,172.239382
145.0,145,172.266879
114.0,114,172.287715
145.0,145,172.314589
141.0,141,172.390581
146.0,146,172.417819
147.0,147,172.445284
134.0,134,172.469681
121.0,121,172.492442
140.0,140,172.518409
150.0,150,172.54596
151.0,151,172.573993
126.0,126,172.596839
155.0,155,172.625614
122.0,122,172.648213
121.0,121,172.670166
132.0,132,172.694192
147.0,147,172.721321
137.0,137,172.746286
129.0,129,172.816216
153.0,153,172.844594
142.0,142,172.871249
138.0,138,172.896694
143.0,143,172.923054
147.0,147,172.950245
142.0,142,172.976226
146.0,146,173.003318
145.0,145,173.029921
142.0,142,173.056395
148.0,148,173.083476
174.0,174,173.115314
144.0,144,173.141648
146.0,146,173.220841
146.0,146,173.250717
144.0,144,173.282393
155.0,155,173.336587
148.0,148,173.367014
148.0,148,173.397637
154.0,154,173.428028
151.0,151,173.459477
151.0,151,173.491025
146.0,146,173.523121
151.0,151,173.555811
143.0,143,173.587059
154.0,154,173.620426
145.0,145,173.653386
172.0,172,173.774967
166.0,166,173.815291
161.0,161,173.851469
156.0,156,173.886375
153.0,153,173.921307
155.0,155,173.954583
161.0,161,173.985147
152.0,152,174.013589
167.0,167,174.044356
156.0,156,174.073202
156.0,156,174.102231
164.0,164,174.13235
142.0,142,174.208262
156.0,156,174.238608
160.0,160,174.268425
164.0,164,174.298798
157.0,157,174.327496
132.0,132,174.351953
157.0,157,174.380919
164.0,164,174.411413
151.0,151,174.439103
18.0,18,174.442589
137.0,137,174.467867
156.0,156,174.496498
185.0,185,174.530267
150.0,150,174.557893
166.0,166,174.641466
155.0,155,174.671028
153.0,153,174.699494
155.0,155,174.728337
147.0,147,174.755453
163.0,163,174.785266
171.0,171,174.816937
149.0,149,174.844
152.0,152,174.871897
164.0,164,174.90206
157.0,157,174.931288
163.0,163,174.960943
155.0,155,174.989535
156.0,156,175.068757
154.0,154,175.097664
169.0,169,175.128779
151.0,151,175.156782
177.0,177,175.189161
160.0,160,175.218402
148.0,148,175.245557
154.0,154,175.273686
162.0,162,175.303524
151.0,151,175.33119
172.0,172,175.362337
156.0,156,175.390924
155.0,155,175.466545
135.0,135,175.492384
156.0,156,175.521473
160.0,160,175.5511
147.0,147,175.57812
152.0,152,175.605808
161.0,161,175.635413
170.0,170,175.66668
161.0,161,175.696172
182.0,182,175.729494
175.0,175,175.761812
154.0,154,175.79019
182.0,182,175.823148
167.0,167,175.906506
167.0,167,175.937568
154.0,154,175.965918
161.0,161,175.995319
168.0,168,176.026135
164.0,164,176.058306
157.0,157,176.088405
159.0,159,176.117472
177.0,177,176.15057
176.0,176,176.182949
164.0,164,176.21298
159.0,159,176.241799
156.0,156,176.322887
171.0,171,176.354631
156.0,156,176.38355
152.0,152,176.411683
164.0,164,176.441608
163.0,163,176.471796
133.0,133,176.496061
173.0,173,176.527885
156.0,156,176.556715
155.0,155,176.585279
158.0,158,176.614409
162.0,162,176.643707
157.0,157,176.672314
159.0,159,176.750312
173.0,173,176.782134
164.0,164,176.812327
175.0,175,176.844428
161.0,161,176.873653
177.0,177,176.90669
170.0,170,176.937348
165.0,165,176.967595
162.0,162,176.997262
161.0,161,177.026864
168.0,168,177.057531
178.0,178,177.142666
168.0,168,177.174573
153.0,153,177.202898
148.0,148,177.230483
167.0,167,177.261436
162.0,162,177.291309
135.0,135,177.316423
158.0,158,177.345232
153.0,153,177.373687
154.0,154,177.401573
157.0,157,177.430179
169.0,169,177.461579
169.0,169,177.492414
165.0,165,177.574041
157.0,157,177.605335
180.0,180,177.642141
176.0,176,177.678122
190.0,190,177.717797
170.0,170,177.751938
160.0,160,177.784595
165.0,165,177.843611
176.0,176,177.889355
180.0,180,177.927972
174.0,174,177.965831
184.0,184,178.004914
149.0,149,178.093783
169.0,169,178.130652
181.0,181,178.171175
195.0,195,178.21377
170.0,170,178.257491
228.0,228,178.315977
152.0,152,178.344773
174.0,174,178.37737
179.0,179,178.410521
177.0,177,178.444004
175.0,175,178.476375
180.0,180,178.569492
191.0,191,178.605102
189.0,189,178.639781
173.0,173,178.672034
181.0,181,178.705008
156.0,156,178.733845
193.0,193,178.769064
180.0,180,178.802453
185.0,185,178.836528
182.0,182,178.870021
185.0,185,178.903773
185.0,185,178.996856
167.0,167,179.027847
183.0,183,179.061955
196.0,196,179.097735
152.0,152,179.125727
176.0,176,179.15832
305.0,305,179.214145
194.0,194,179.250012
184.0,184,179.283713
185.0,185,179.31747
175.0,175,179.402417
166.0,166,179.43378
185.0,185,179.467822
171.0,171,179.499438
185.0,185,179.533475
193.0,193,179.569153
161.0,161,179.598527
149.0,149,179.625511
177.0,177,179.657939
180.0,180,179.690998
219.0,219,179.731066
208.0,208,179.82583
151.0,151,179.855317
170.0,170,179.886527
147.0,147,179.913797
174.0,174,179.946018
180.0,180,179.979338
175.0,175,180.011064
221.0,221,180.051886
161.0,161,180.08254
183.0,183,180.117709
196.0,196,180.154204
207.0,207,180.192071
211.0,211,180.285606
269.0,269,180.334984
211.0,211,180.373863
173.0,173,180.406101
200.0,200,180.44292
184.0,184,180.476778
174.0,174,180.508841
254.0,254,180.555318
431.0,431,180.698956
177.0,177,180.732038
190.0,190,180.76738
179.0,179,180.800501
198.0,198,180.836558
206.0,206,180.874689
421.0,421,180.95165
220.0,220,180.991921
180.0,180,181.024972
199.0,199,181.132946
207.0,207,181.171215
174.0,174,181.203747
167.0,167,181.23469
174.0,174,181.266558
355.0,355,181.331654
216.0,216,181.371561
191.0,191,181.406676
185.0,185,181.440118
199.0,199,181.476336
192.0,192,181.576677
181.0,181,181.610088
213.0,213,181.649235
185.0,185,181.682985
192.0,192,181.71835
168.0,168,181.74916
198.0,198,181.785544
212.0,212,181.824436
187.0,187,181.858833
187.0,187,181.892704
179.0,179,181.979258
193.0,193,182.016017
222.0,222,182.057274
227.0,227,182.099174
248.0,248,182.144662
226.0,226,182.18561
186.0,186,182.219903
202.0,202,182.256697
306.0,306,182.312719
307.0,307,182.428232
268.0,268,182.483014
500.0,500,182.574583
304.0,304,182.630197
206.0,206,182.668114
484.0,484,182.756109
235.0,235,182.893597
240.0,240,182.942651
240.0,240,182.991935
199.0,199,183.032568
436.0,436,183.122223
185.0,185,183.161992
236.0,236,183.236776
500.0,500,183.504397
240.0,240,183.560384
218.0,218,183.600966
396.0,396,183.674362
500.0,500,183.76615
393.0,393,183.838631
213.0,213,184.010835
433.0,433,184.091434
492.0,492,184.181665
500.0,500,184.273319
199.0,199,184.309635
203.0,203,184.346737
232.0,232,184.459403
216.0,216,184.499322
213.0,213,184.538925
238.0,238,184.582783
500.0,500,184.674894
490.0,490,184.765015
500.0,500,184.917362
500.0,500,185.009217
333.0,333,185.070425
199.0,199,185.106928
362.0,362,185.173887
446.0,446,185.447316
500.0,500,185.550761
500.0,500,185.659504
500.0,500,185.767716
500.0,500,186.065338
500.0,500,186.159363
500.0,500,186.251478
372.0,372,186.319714
500.0,500,186.539842
500.0,500,186.632608
500.0,500,186.724196
398.0,398,186.796729
500.0,500,186.887848
500.0,500,187.135072
289.0,289,187.188279
500.0,500,187.2794
500.0,500,187.371137
500.0,500,187.6067
500.0,500,187.699148
298.0,298,187.753797
500.0,500,187.845133
500.0,500,188.057012
500.0,500,188.149141
339.0,339,188.211773
500.0,500,188.303408
494.0,494,188.393358
200.0,200,188.584167
500.0,500,188.676436
500.0,500,188.767692
307.0,307,188.824142
500.0,500,188.915304
500.0,500,189.093344
500.0,500,189.185346
500.0,500,189.276238
333.0,333,189.338326
500.0,500,189.592014
229.0,229,189.637962
500.0,500,189.777127
274.0,274,189.836201
500.0,500,189.976821
500.0,500,190.245312
429.0,429,190.325439
221.0,221,190.366134
429.0,429,190.445127
447.0,447,190.527257
351.0,351,190.744137
500.0,500,190.83703
500.0,500,190.928326
500.0,500,191.019753
500.0,500,191.267706
408.0,408,191.343206
500.0,500,191.435402
500.0,500,191.526823
495.0,495,191.770757
500.0,500,191.864332
500.0,500,191.955994
500.0,500,192.047662
500.0,500,192.295
500.0,500,192.389458
446.0,446,192.4713
269.0,269,192.520867
500.0,500,192.612058
500.0,500,192.859515
500.0,500,192.954953
498.0,498,193.047864
500.0,500,193.139755
449.0,449,193.306578
500.0,500,193.398759
348.0,348,193.462432
500.0,500,193.554635
500.0,500,193.740144
500.0,500,193.833324
500.0,500,193.924711
500.0,500,194.016261
305.0,305,194.072333
500.0,500,194.301069
405.0,405,194.375509
158.0,158,194.404193
500.0,500,194.495913
500.0,500,194.587409
500.0,500,194.834522
500.0,500,194.926871
269.0,269,194.976693
410.0,410,195.051392
500.0,500,195.269783
326.0,326,195.365641
500.0,500,195.467571
389.0,389,195.550569
500.0,500,195.69051
500.0,500,195.909939
500.0,500,196.006329
500.0,500,196.102317
277.0,277,196.15303
500.0,500,196.399855
500.0,500,196.492881
396.0,396,196.566007
500.0,500,196.657552
332.0,332,196.718336
316.0,316,196.861558
500.0,500,196.954246
500.0,500,197.046573
351.0,351,197.110905
438.0,438,197.190116
500.0,500,197.485373
494.0,494,197.588192
345.0,345,197.663221
500.0,500,197.772561
193.0,193,197.814036
336.0,336,198.058367
357.0,357,198.12541
500.0,500,198.217909
306.0,306,198.274676
500.0,500,198.366789
270.0,270,198.515283
445.0,445,198.597896
359.0,359,198.664474
314.0,314,198.722318
320.0,320,198.781333
315.0,315,198.839441
258.0,258,199.04162
315.0,315,199.099864
466.0,466,199.1859
338.0,338,199.247481
289.0,289,199.300721
401.0,401,199.528181
383.0,383,199.600636
185.0,185,199.635049
500.0,500,199.727432
267.0,267,199.77596
331.0,331,199.837149
500.0,500,200.08244
500.0,500,200.174883
475.0,475,200.262555
391.0,391,200.33428
357.0,357,200.399234
282.0,282,200.548415
309.0,309,200.605931
471.0,471,200.692368
500.0,500,200.78408
212.0,212,200.823025
498.0,498,201.0103
394.0,394,201.085254
500.0,500,201.178586
500.0,500,201.270363
356.0,356,201.337188
432.0,432,201.590244
404.0,404,201.708268
267.0,267,201.766446
231.0,231,201.81625
500.0,500,201.922779
384.0,384,202.161972
500.0,500,202.255444
481.0,481,202.343803
389.0,389,202.41483
290.0,290,202.468304
500.0,500,202.706223
500.0,500,202.798567
387.0,387,202.869513
500.0,500,202.960731
500.0,500,203.207858
500.0,500,203.300228
500.0,500,203.391652
500.0,500,203.483364
283.0,283,203.53567
500.0,500,203.783092
275.0,275,203.833782
456.0,456,203.91694
298.0,298,203.971336
442.0,442,204.05204
359.0,359,204.273205
500.0,500,204.365719
500.0,500,204.457406
357.0,357,204.52298
201.0,201,204.559669
500.0,500,204.806481
329.0,329,204.867579
384.0,384,204.937986
365.0,365,205.005246
500.0,500,205.097893
403.0,403,205.305225
500.0,500,205.397778
500.0,500,205.490324
500.0,500,205.58258
324.0,324,205.769874
500.0,500,205.864674
500.0,500,205.958306
500.0,500,206.050664
500.0,500,206.345135
364.0,364,206.413431
439.0,439,206.494012
500.0,500,206.585884
500.0,500,206.677902
394.0,394,206.823654
192.0,192,206.859469
500.0,500,206.951304
500.0,500,207.043223
65.0,65,207.054962
177.0,177,207.087247
342.0,342,207.28301
500.0,500,207.420624
500.0,500,207.528225
500.0,500,207.636504
420.0,420,207.863025
500.0,500,207.962415
500.0,500,208.055467
500.0,500,208.14751
500.0,500,208.394247
500.0,500,208.487585
379.0,379,208.56027
500.0,500,208.652596
272.0,272,208.703368
500.0,500,208.950773
196.0,196,208.987198
345.0,345,209.052584
500.0,500,209.184908
475.0,475,209.28364
500.0,500,209.569729
473.0,473,209.671336
500.0,500,209.776274
315.0,315,209.835292
333.0,333,209.897171
500.0,500,210.13006
301.0,301,210.185714
500.0,500,210.277903
241.0,241,210.322443
347.0,347,210.386404
235.0,235,210.430161
76.0,76,210.552086
307.0,307,210.60975
500.0,500,210.701959
384.0,384,210.772181
287.0,287,210.824679
500.0,500,211.070866
479.0,479,211.163417
271.0,271,211.213951
319.0,319,211.274832
500.0,500,211.366672
456.0,456,211.605147
307.0,307,211.665863
161.0,161,211.695794
347.0,347,211.759251
500.0,500,211.852399
392.0,392,211.924217
500.0,500,212.236533
70.0,70,212.251641
441.0,441,212.34523
500.0,500,212.454027
359.0,359,212.532099
466.0,466,212.794992
500.0,500,212.88931
500.0,500,212.981305
432.0,432,213.060856
500.0,500,213.285154
500.0,500,213.37988
476.0,476,213.467667
500.0,500,213.5599
459.0,459,213.644671
323.0,323,213.852638
378.0,378,213.922331
345.0,345,213.985882
445.0,445,214.067337
303.0,303,214.123189
500.0,500,214.364553
317.0,317,214.425131
243.0,243,214.469567
474.0,474,214.556041
500.0,500,214.647649
244.0,244,214.829656
485.0,485,214.920094
309.0,309,214.977195
500.0,500,215.068534
500.0,500,215.15977
312.0,312,215.371564
227.0,227,215.413318
317.0,317,215.472102
500.0,500,215.563835
500.0,500,215.655751
264.0,264,215.704039
500.0,500,215.885579
417.0,417,215.962001
434.0,434,216.041186
311.0,311,216.100522
500.0,500,216.340795
500.0,500,216.432726
316.0,316,216.490776
297.0,297,216.545315
319.0,319,216.603795
478.0,478,216.844964
367.0,367,216.912964
424.0,424,216.99083
335.0,335,217.052538
345.0,345,217.115686
456.0,456,217.199519
396.0,396,217.410884
477.0,477,217.507977
340.0,340,217.576893
389.0,389,217.676743
336.0,336,217.759375
500.0,500,218.037822
433.0,433,218.119988
338.0,338,218.182431
304.0,304,218.238886
351.0,351,218.303055
433.0,433,218.542349
343.0,343,218.606354
500.0,500,218.699182
473.0,473,218.786709
500.0,500,219.034044
500.0,500,219.129286
460.0,460,219.214672
494.0,494,219.305772
375.0,375,219.375501
351.0,351,219.595313
336.0,336,219.658187
359.0,359,219.724115
293.0,293,219.778593
370.0,370,219.846957
459.0,459,220.04945
500.0,500,220.142765
288.0,288,220.196198
217.0,217,220.236188
352.0,352,220.300511
276.0,276,220.351371
395.0,395,220.563605
500.0,500,220.656583
197.0,197,220.692874
303.0,303,220.748667
500.0,500,220.840415
304.0,304,220.896357
500.0,500,221.147471
312.0,312,221.204565
500.0,500,221.296778
266.0,266,221.345449
500.0,500,221.437141
398.0,398,221.651721
319.0,319,221.71057
340.0,340,221.772744
325.0,325,221.832537
359.0,359,221.899474
286.0,286,221.951836
488.0,488,222.174819
326.0,326,222.23747
368.0,368,222.328534
270.0,270,222.400293
500.0,500,222.5027
432.0,432,222.788819
323.0,323,222.86306
70.0,70,222.878238
317.0,317,222.946439
370.0,370,223.015453
488.0,488,223.106343
305.0,305,223.28004
297.0,297,223.335369
447.0,447,223.417244
374.0,374,223.486057
285.0,285,223.538344
357.0,357,223.704546
348.0,348,223.7702
83.0,83,223.785648
500.0,500,223.878583
273.0,273,223.928383
282.0,282,223.980056
466.0,466,224.065183
351.0,351,224.225571
464.0,464,224.319495
500.0,500,224.455477
478.0,478,224.556816
278.0,278,224.776011
413.0,413,224.871181
255.0,255,224.918952
274.0,274,224.970077
356.0,356,225.036421
304.0,304,225.092673
388.0,388,225.26481
303.0,303,225.322571
269.0,269,225.372732
277.0,277,225.423955
461.0,461,225.508751
306.0,306,225.565254
67.0,67,225.577421
277.0,277,225.628491
334.0,334,225.830086
500.0,500,225.922223
500.0,500,226.014054
282.0,282,226.066332
400.0,400,226.143199
347.0,347,226.301084
422.0,422,226.379082
361.0,361,226.445567
379.0,379,226.515261
357.0,357,226.5811
249.0,249,226.728608
285.0,285,226.782251
303.0,303,226.838281
319.0,319,226.897578
354.0,354,226.963104
351.0,351,227.027621
233.0,233,227.070954
500.0,500,227.265281
367.0,367,227.332955
377.0,377,227.402969
500.0,500,227.494838
62.0,62,227.5061
262.0,262,227.655794
344.0,344,227.752165
500.0,500,227.844423
286.0,286,227.897038
308.0,308,227.953871
364.0,364,228.020821
110.0,110,228.04128
342.0,342,228.230403
376.0,376,228.299881
279.0,279,228.351642
331.0,331,228.413124
261.0,261,228.461337
274.0,274,228.511368
377.0,377,228.685779
260.0,260,228.739717
60.0,60,228.752098
381.0,381,228.830416
167.0,167,228.865502
297.0,297,228.927429
60.0,60,228.940819
340.0,340,229.046251
177.0,177,229.085216
394.0,394,229.305584
379.0,379,229.380086
260.0,260,229.428684
358.0,358,229.49573
251.0,251,229.542114
92.0,92,229.559067
395.0,395,229.714828
395.0,395,229.788853
11.0,11,229.791055
333.0,333,229.852702
342.0,342,229.916126
271.0,271,229.965508
323.0,323,230.024987
385.0,385,230.183584
71.0,71,230.197311
124.0,124,230.220334
260.0,260,230.268302
315.0,315,230.326734
404.0,404,230.401203
274.0,274,230.451769
254.0,254,230.498716
373.0,373,230.676681
289.0,289,230.730313
392.0,392,230.802892
309.0,309,230.860781
264.0,264,230.909373
332.0,332,230.970522
