#{"t_start": 1789074826.0134678, "env_id": "Pendulum-v1"}
r,l,t
-1771.748584,200,0.464495
-1622.743439,200,1.50336
-1654.472817,200,2.469496
-1597.258415,200,3.336758
-1087.833189,200,4.158792
-1245.434976,200,4.987445
-1577.434639,200,5.900787
-1505.869658,200,7.186565
-1506.226412,200,8.16544
-1509.224606,200,9.156418
-1410.83832,200,10.602164
-1345.895796,200,11.543341
-1589.451251,200,12.426922
-1618.074961,200,13.331919
-1306.971534,200,14.209617
-1599.448931,200,15.093309
-1494.457773,200,15.978332
-1281.869334,200,16.868006
-1575.033319,200,17.75832
-1440.819582,200,18.651854
-1099.566182,200,19.747959
-1107.177341,200,20.846784
-951.566122,200,21.943019
-839.127183,200,23.078128
-995.29551,200,24.214869
-804.447752,200,25.310748
-852.826972,200,26.404594
-786.59855,200,27.497699
-640.683043,200,28.590444
-658.449679,200,29.683867
-407.789402,200,31.094531
-1405.9825,200,32.213313
-1351.500457,200,33.307463
-1201.834079,200,34.41672
-1192.257613,200,35.553548
-645.988272,200,36.68311
-530.618246,200,37.827001
-424.425229,200,38.956312
-682.767217,200,40.117409
-525.987271,200,41.174754
-649.835005,200,42.412505
-526.766779,200,43.478746
-421.036638,200,44.480346
-156.073307,200,45.465143
-365.812455,200,46.427205
-370.448489,200,47.426298
-16.454487,200,48.457798
-392.988269,200,49.434842
-136.964292,200,50.441339
-229.37454,200,51.407964
-371.238403,200,52.569784
-144.247862,200,53.636396
-142.659208,200,54.655623
-133.821641,200,55.735061
-125.772795,200,56.719723
-129.663379,200,57.721127
-236.129845,200,58.667108
-257.014822,200,59.681625
-347.13875,200,61.15142
-11.803152,200,62.236571
-130.656041,200,63.465602
-255.478073,200,64.703821
-142.815509,200,65.594419
-8.589283,200,66.400678
-8.061429,200,67.258585
-227.89701,200,68.443474
-126.878209,200,69.310188
-136.730094,200,70.116315
-295.91179,200,71.04901
-273.172842,200,72.189602
-122.888058,200,73.182035
-119.292502,200,73.996121
-118.328778,200,74.916583
-132.211721,200,76.123515
-125.447651,200,76.967669
-125.299414,200,77.769304
-125.066008,200,78.722716
-131.631538,200,79.897947
-229.958975,200,80.790803
-122.741782,200,81.648183
-128.331873,200,82.594284
-236.734512,200,83.411281
-120.312438,200,84.28057
-118.730094,200,85.479084
-126.656062,200,86.534754
-132.424365,200,87.348767
-231.497226,200,88.166117
-237.587982,200,89.290759
-336.905974,200,90.198573
-355.899738,200,91.062388
-284.206061,200,92.014093
-317.319505,200,92.808976
-125.474347,200,93.583153
-123.55463,200,94.3687
-316.817686,200,95.226204
-133.449138,200,96.343432
-135.893506,200,97.1897
-244.880382,200,97.986729
-134.132784,200,98.783024
-2.78502,200,100.010484
-121.478779,200,101.09298
-124.894019,200,101.909041
-235.280162,200,102.722316
-231.481556,200,103.827308
-128.628852,200,104.705336
-254.270284,200,105.534098
-122.201849,200,106.472142
-118.786733,200,107.614151
-253.826876,200,108.435082
-122.365333,200,109.38922
-127.669458,200,110.495425
-236.049007,200,111.366287
-229.904978,200,112.43411
-363.973533,200,113.258565
-122.94006,200,114.119131
-229.160936,200,115.161375
-120.560541,200,116.056181
-121.794956,200,116.92641
-121.618216,200,117.723613
-124.164064,200,118.492829
-122.253216,200,119.446691
-123.369692,200,120.506928
-126.573531,200,121.347251
-116.930474,200,122.12759
-374.850664,200,122.955887
-134.094231,200,124.056545
-0.639742,200,124.881806
-233.734887,200,125.671088
-4.199022,200,126.475328
-130.282607,200,127.253281
-230.47473,200,128.171087
-120.951168,200,128.969448
-124.614954,200,129.73773
-125.894595,200,130.520569
-254.991105,200,131.3249
-228.154769,200,132.344813
-129.955581,200,133.398143
-137.789532,200,134.259323
-127.156044,200,135.111326
-131.369082,200,135.958508
-122.741792,200,136.966924
-120.73403,200,137.825687
-125.064964,200,138.66517
-237.453075,200,139.504878
-128.919561,200,140.344423
-125.7952,200,141.198965
-139.120835,200,142.052742
-243.181721,200,142.889295
-133.658023,200,143.72484
-121.176375,200,144.564874
-7.58194,200,145.547794
-7.770511,200,146.418016
-378.574991,200,147.261744
-132.975447,200,148.094137
-9.418741,200,148.925348
-9.375748,200,149.756899
-273.419158,200,150.637485
-137.392806,200,151.557134
-8.115193,200,152.41255
-130.32646,200,153.239957
-126.07135,200,154.214686
-134.10337,200,155.08178
-130.25489,200,155.910576
-242.375519,200,156.737291
-130.592942,200,157.562193
-238.283362,200,158.385749
-259.190226,200,159.208797
-274.863131,200,160.029788
-243.024306,200,160.852678
-124.721507,200,161.672003
-134.238418,200,162.626732
-10.008275,200,163.486112
-231.449265,200,164.313861
-248.294495,200,165.134513
-246.606473,200,165.952202
-238.823987,200,166.784469
-12.188673,200,167.611724
-133.041778,200,168.428064
-132.887591,200,169.247702
-130.54231,200,170.065421
-133.287482,200,171.020817
-313.568693,200,171.879559
-7.489719,200,172.703286
-232.252931,200,173.524435
-7.933116,200,174.347346
-244.486804,200,175.16829
-122.139274,200,175.988044
-127.100731,200,176.767965
-119.000637,200,177.973833
-136.071339,200,179.142928
-252.03472,200,180.078093
-7.035493,200,181.094658
-7.770843,200,182.00681
-7.586478,200,182.800647
-252.783666,200,183.659899
-122.387205,200,184.525913
-323.187537,200,185.594821
-242.84554,200,186.383055
-126.300421,200,187.145087
-137.625845,200,187.934646
-124.112811,200,188.928601
-124.327629,200,189.971147
-133.659068,200,190.764079
-130.057914,200,191.527402
-130.268399,200,192.34059
-292.884567,200,193.392876
-10.503483,200,194.197931
-134.139672,200,194.967818
-238.470408,200,195.752502
-129.02344,200,196.524139
-129.512128,200,197.438406
-122.672587,200,198.245156
-233.599363,200,199.013712
-135.484722,200,199.775885
-131.6197,200,200.53768
-123.470125,200,201.442817
-230.855947,200,202.448983
-138.609644,200,203.266189
-130.488121,200,204.043447
-132.491442,200,204.816036
-124.149908,200,205.716633
-236.8154,200,206.500587
-125.786508,200,207.265705
-127.444371,200,208.025701
-139.318007,200,208.803624
-238.129983,200,209.727034
-135.948575,200,210.773979
-135.061965,200,211.571875
-238.766301,200,212.336102
-239.878317,200,213.100621
-362.043092,200,214.027606
-134.73926,200,214.809136
-123.787178,200,215.573256
-236.208622,200,216.335279
-134.954135,200,217.106512
-135.979519,200,218.206677
-11.029144,200,219.044615
-347.627661,200,219.813955
-124.708973,200,220.579069
-131.060831,200,221.340036
-9.868762,200,222.238325
-246.116257,200,223.018316
-140.998961,200,223.804713
-235.028971,200,224.574814
-130.885891,200,225.326111
-126.046237,200,226.082846
-123.163838,200,226.856203
-298.361111,200,228.006322
-236.916495,200,228.845556
-126.597267,200,229.619398
-141.844097,200,230.531308
-131.471331,200,231.319522
-229.502372,200,232.106366
-9.980628,200,232.868661
-237.009504,200,233.643336
-11.781527,200,234.406433
-380.772614,200,235.252929
-236.090975,200,236.337834
-282.018802,200,237.177626
-132.596784,200,237.994132
-129.592376,200,238.990749
-247.015754,200,239.828109
-238.697072,200,240.655035
-130.515785,200,241.482536
-136.930339,200,242.312514
-244.452761,200,243.141317
-234.285883,200,244.009453
-139.176895,200,244.846012
-139.996343,200,245.67706
-126.263036,200,246.504847
-257.210447,200,247.474035
-123.554896,200,248.34213
-10.096764,200,249.216103
-314.056773,200,250.04862
-8.612514,200,250.876005
-133.328871,200,251.750716
-124.962011,200,252.640301
-119.025129,200,253.599457
-234.564281,200,254.454173
-132.210772,200,255.276307
-131.409672,200,256.248388
-4.303466,200,257.108089
-122.249115,200,257.93329
-230.871274,200,258.752618
-227.57295,200,259.570988
-119.489521,200,260.391653
-235.962779,200,261.205459
-225.615477,200,262.01999
-124.318272,200,262.832703
-3.277242,200,263.644954
-362.514912,200,264.593492
-123.445411,200,265.443511
-132.824905,200,266.258906
-122.58859,200,267.687683
-280.631725,200,268.613907
-5.270955,200,269.459282
-128.030057,200,270.649825
-124.566527,200,271.466311
-132.593405,200,272.230341
-129.497435,200,272.991569
-234.057797,200,273.943833
-119.825459,200,274.988611
-135.137346,200,275.810473
-125.288484,200,276.585083
-117.880614,200,277.350196
-236.1109,200,278.113877
-128.218531,200,278.875103
-128.502927,200,279.639177
-6.551773,200,280.40181
-125.678468,200,281.164076
-122.850082,200,282.062382
-244.845713,200,282.866497
-5.031808,200,283.64741
-123.160538,200,284.490956
-128.611908,200,285.316878
-226.964187,200,286.077303
-127.671244,200,287.026374
-5.703994,200,288.450106
-125.078778,200,289.307991
-127.725679,200,290.091242
-129.322596,200,291.000772
-135.072858,200,291.785439
-131.563652,200,292.561911
-135.969791,200,293.341013
-134.300805,200,294.10518
-134.547603,200,295.082181
-8.751527,200,296.041632
-232.343213,200,296.832111
-130.235158,200,297.612379
-10.827365,200,298.413703
-135.697031,200,299.325107
-11.528146,200,300.113883
-246.8923,200,300.876074
-360.850822,200,301.637429
-304.932262,200,302.399161
-128.200224,200,303.554325
-129.924283,200,304.485148
-130.320959,200,305.279376
-122.109241,200,306.050156
-128.69531,200,306.812011
-6.285322,200,307.730751
-259.729561,200,308.553497
-139.291935,200,309.323504
-6.640399,200,310.085508
-255.250368,200,310.846734
-6.036642,200,311.871588
-127.422134,200,312.860214
-247.373424,200,313.665184
-124.028717,200,314.435964
-118.79961,200,315.200263
-126.37625,200,316.101737
-129.845174,200,316.872836
-5.494603,200,317.641437
-129.89143,200,318.42786
-236.252976,200,319.188987
-230.517788,200,319.988201
-226.589959,200,321.139384
-5.242831,200,321.954707
-131.31394,200,322.722525
-5.485655,200,323.514476
-242.561688,200,324.438876
-117.807634,200,325.233582
-141.920252,200,325.99534
-133.521125,200,326.755214
-5.414259,200,327.511279
-132.15561,200,328.540158
-257.95355,200,329.457148
-142.704874,200,330.239215
-244.082274,200,331.010175
-135.030855,200,331.773634
-240.649612,200,332.673543
-238.485772,200,333.481527
-238.296427,200,334.257089
-126.535912,200,335.020208
-5.355775,200,335.784412
-364.599372,200,336.557553
-237.992973,200,337.700049
-129.209949,200,338.543236
-125.523749,200,339.347328
-120.185664,200,340.123054
-115.344724,200,341.023667
-129.22926,200,341.808041
-129.380587,200,342.570622
-348.476805,200,343.344224
-4.031829,200,344.110801
-132.309354,200,345.141561
-121.656372,200,346.106875
-3.4882,200,346.891521
-117.414709,200,347.653939
-248.629327,200,348.442249
-323.94329,200,349.344465
-232.873438,200,350.1329
-4.901107,200,350.895588
-232.711197,200,351.651705
-123.267638,200,352.407978
-123.649582,200,353.403339
-224.353254,200,354.333463
-125.642449,200,355.118915
-119.478505,200,355.89061
-332.918216,200,356.658299
-132.2154,200,357.583181
-115.904884,200,358.396258
-238.899258,200,359.232447
-130.491786,200,360.053896
-122.598449,200,360.87076
-126.265804,200,361.68933
-125.301351,200,362.50917
-333.453349,200,363.333959
-248.579334,200,364.169008
-239.340766,200,364.998231
-125.386717,200,365.960642
-122.785059,200,366.919628
-125.188671,200,367.783344
-130.097236,200,368.615546
-121.198831,200,369.440903
-123.570164,200,370.323337
-4.66968,200,371.236022
-229.254259,200,372.083665
-121.854385,200,372.906351
-132.66647,200,373.724937
-127.4202,200,374.69247
-125.099198,200,375.550712
-136.044065,200,376.377719
-238.733183,200,377.196341
-240.772165,200,378.013734
-238.278763,200,378.830045
-236.595153,200,379.647297
-118.975668,200,380.4636
-129.292176,200,381.277691
-4.281446,200,382.09033
-121.213105,200,383.078462
-133.302563,200,383.949441
-345.65613,200,384.806661
-117.577466,200,385.627941
-225.176827,200,386.442797
-124.470277,200,387.258676
-5.918999,200,388.076159
-132.510279,200,388.894385
-135.099708,200,389.71117
-225.504553,200,390.527182
-225.386402,200,391.479348
-308.546849,200,392.334346
-239.725045,200,393.153921
-121.176433,200,393.977313
-134.320475,200,394.799543
-126.20148,200,395.616872
-3.859275,200,396.431896
-123.032547,200,397.249077
-124.72658,200,398.065858
-5.121631,200,398.881383
-236.636378,200,399.875516
-122.286358,200,400.751209
-115.931037,200,401.574163
-3.980246,200,402.395836
-233.757415,200,403.218188
-118.46897,200,404.042084
-225.234449,200,404.864472
-133.509781,200,405.650233
-246.895729,200,406.412728
-5.012304,200,407.194312
-3.981647,200,408.093341
-232.035726,200,408.868122
-226.558525,200,409.64147
-119.471657,200,410.736422
-5.092904,200,411.942876
-131.851616,200,412.750394
-238.8114,200,413.517382
-121.894955,200,414.304975
-230.084904,200,415.067614
-128.210791,200,415.826832
-225.727271,200,416.959483
-334.610844,200,418.027031
-127.198226,200,419.130929
-230.274417,200,420.592159
-4.426721,200,421.739791
-121.428174,200,422.851928
-117.462474,200,423.971629
-339.662826,200,425.626038
-124.373985,200,427.228584
-239.43457,200,428.697023
-118.01868,200,430.157467
-121.996833,200,431.385839
-126.517504,200,432.551869
-134.883691,200,433.727793
-121.829648,200,434.90682
-3.790277,200,436.131747
-230.791863,200,437.307409
-134.999667,200,438.807077
-116.225305,200,441.011959
-227.67152,200,442.285311
-232.314388,200,443.661113
-121.539162,200,444.869816
-240.123339,200,446.435722
-122.827913,200,448.160646
-120.257351,200,449.335432
-3.731431,200,450.564566
-237.196473,200,451.716337
-125.964591,200,453.478528
-133.683827,200,455.17628
-132.251732,200,456.385458
-125.541817,200,457.728395
-3.826059,200,458.837532
-5.695594,200,459.967613
-127.158165,200,461.02005
-126.573461,200,462.118333
-222.623993,200,463.048738
-366.152999,200,464.08955
-232.440125,200,464.977397
-125.349757,200,466.001429
-126.120446,200,467.102458
-231.258011,200,468.412059
-231.542339,200,469.5306
-239.131621,200,470.500027
-229.566842,200,471.461178
-131.542915,200,472.384167
-224.837694,200,473.480838
-230.277634,200,474.621415
-120.777009,200,475.717936
-241.209548,200,476.801383
-125.480737,200,477.811384
-131.719855,200,478.975693
-2.713712,200,480.108424
-123.123665,200,481.210683
-133.292631,200,482.315215
-2.294497,200,483.524195
-129.855797,200,484.656828
-122.4511,200,485.955975
-124.597271,200,487.671835
-128.08239,200,488.776175
-344.588041,200,489.699615
-4.631331,200,490.854329
-229.912313,200,492.211247
-121.757968,200,493.27043
-122.255105,200,494.222418
-340.656657,200,495.103338
-238.154461,200,495.958513
-249.100253,200,496.839565
-121.296495,200,498.082206
-126.127025,200,499.112033
-244.36601,200,500.045256
-132.916718,200,501.091485
-3.520244,200,501.999273
-119.484219,200,502.878786
-227.316606,200,503.747796
-120.321373,200,504.633687
-237.207147,200,505.645533
-1.886173,200,506.897162
-133.852458,200,507.991742
-1.900003,200,509.034608
-116.910707,200,510.0436
-118.966311,200,511.29267
-135.829048,200,512.299141
-119.899922,200,513.278628
-121.006501,200,514.36844
-1.911795,200,516.152101
-125.404251,200,517.403461
-233.451295,200,518.525954
-121.728707,200,519.649499
-122.389527,200,520.753632
-218.968573,200,521.999097
-122.762577,200,523.330872
-2.073715,200,524.435433
-239.945778,200,525.32172
-121.41039,200,526.181139
-3.272666,200,527.030536
-118.681434,200,528.246138
-117.775545,200,529.410254
-117.478708,200,530.360194
-231.387581,200,531.226026
-126.977978,200,532.091457
-127.968087,200,533.123999
-246.706027,200,534.062411
-2.089524,200,534.939679
-351.505398,200,535.789652
-123.46048,200,536.658137
-325.603011,200,537.954301
-247.977663,200,539.058095
-118.728858,200,540.005909
-115.288847,200,540.886279
-126.1966,200,541.85877
-275.675435,200,543.030688
-120.183208,200,544.066098
-116.258325,200,544.963087
-243.050988,200,545.819753
-1.63244,200,546.907058
-311.004119,200,547.883969
-303.831701,200,548.704182
-130.821099,200,549.534162
-131.219549,200,550.339268
-126.589816,200,551.132848
-133.073629,200,552.061526
-115.50711,200,552.873428
-2.863019,200,553.652999
-230.932837,200,554.457339
-237.160325,200,555.246281
-128.609087,200,556.282525
-128.41846,200,557.270419
-228.114498,200,558.080038
-224.929534,200,558.903344
-1.893777,200,559.715637
-117.080878,200,560.66098
-133.181023,200,561.463563
-356.526158,200,562.243391
-235.205503,200,563.01299
-127.458136,200,563.784904
-120.007878,200,564.63105
-241.660156,200,565.813899
-131.697045,200,566.660894
-3.237822,200,567.463063
-1.786548,200,568.248381
-119.664219,200,569.202612
-116.494074,200,570.015124
-230.148678,200,570.803793
-248.552682,200,571.586659
-122.914267,200,572.368148
-3.346579,200,573.139964
-120.575364,200,573.906317
-285.893857,200,574.719845
-119.848496,200,575.767812
-237.552886,200,576.789243
-2.926007,200,577.750673
-124.617836,200,578.854051
-119.073232,200,579.7265
-241.677433,200,580.523356
-3.50328,200,581.428035
-1.55315,200,582.457244
-126.11536,200,583.261269
-119.688243,200,584.052939
-122.507085,200,584.869327
-237.278733,200,585.645695
-235.95836,200,586.582966
-119.552871,200,587.41238
-130.033824,200,588.296254
-124.109776,200,589.279683
-130.907921,200,590.262541
-126.631837,200,591.240658
-306.708057,200,592.185961
-115.238034,200,593.042779
-249.999864,200,594.022121
-116.497764,200,594.916336
-121.166417,200,595.970668
-239.061328,200,596.866063
-125.03499,200,597.724364
-223.375384,200,598.582496
-118.532559,200,599.438912
-126.519045,200,600.279592
-250.478017,200,601.120823
-233.061799,200,601.959343
-223.495368,200,602.795623
-121.733019,200,603.636099
-222.460041,200,604.617588
-134.5419,200,605.491201
-120.111513,200,606.3379
-124.737832,200,607.17445
-225.930657,200,608.096301
-1.633254,200,609.12989
-120.052373,200,610.193072
-3.281788,200,611.161291
-238.766609,200,612.134001
-286.495683,200,613.104267
-125.944341,200,614.434145
-246.053976,200,615.635384
-127.70375,200,616.778261
-227.668722,200,617.879062
-3.122859,200,618.814889
-126.578774,200,619.65327
-287.174513,200,620.474158
-352.847394,200,621.294377
-122.52096,200,622.114386
-334.596353,200,622.936301
-227.376854,200,623.894547
-128.210577,200,624.828978
-136.391811,200,625.891797
-2.76658,200,627.14035
-120.772249,200,628.764831
-328.252628,200,630.135514
-3.116268,200,631.39129
-118.002769,200,632.615984
-1.189991,200,633.836855
-125.893762,200,635.08045
-1.159543,200,636.506373
-222.632445,200,637.870979
-319.869679,200,639.162616
-220.804433,200,640.496833
-119.227541,200,641.786736
-116.484092,200,643.032474
-226.955751,200,644.233317
-0.95915,200,645.448621
-252.123126,200,646.7518
-232.156979,200,648.174705
-226.128911,200,649.827588
-6.048585,200,651.25631
-0.939392,200,652.700821
-120.82972,200,654.097074
-5.229432,200,655.578323
-226.109408,200,657.123219
-132.333364,200,658.211537
-127.489383,200,658.99733
-128.909263,200,659.798216
-125.660815,200,660.591861
-121.166233,200,662.135846
-121.695291,200,662.997516
-1.012483,200,663.765159
-128.318437,200,664.546553
-130.164423,200,665.316245
-123.293951,200,666.08332
-123.338307,200,666.849204
-225.142484,200,667.62056
-223.5926,200,668.400944
-121.008972,200,669.184501
-1.335384,200,670.093024
-223.588228,200,670.906214
-230.97905,200,671.708203
-0.501938,200,672.494897
-231.266881,200,673.556423
-125.886427,200,674.605985
-232.869202,200,675.425363
-131.893878,200,676.258459
-122.537627,200,677.040912
-0.505165,200,677.814914
-122.343722,200,678.797193
-114.65359,200,680.051678
-239.039117,200,681.136259
-135.223152,200,681.965198
-119.896435,200,682.797351
-132.046195,200,683.860875
-124.19753,200,684.696485
-116.351,200,685.503249
-123.261222,200,686.359852
-237.512828,200,687.154936
-125.631881,200,688.076756
-121.473105,200,688.883845
-232.265974,200,689.660023
-0.704741,200,690.426941
-123.580361,200,691.223524
-121.629834,200,692.01163
-126.880372,200,693.119804
-133.39514,200,693.993773
-125.410086,200,694.801411
-234.182266,200,695.57863
-118.234499,200,696.541503
-117.294973,200,697.342394
-131.743716,200,698.110336
-0.43752,200,698.877881
-242.030251,200,699.659567
-121.884043,200,700.659635
-238.695742,200,701.764756
-229.095733,200,702.588095
-276.682074,200,703.376351
-119.344645,200,704.155167
-242.602425,200,705.248024
-325.437201,200,706.117756
-231.236642,200,706.924677
-244.708391,200,707.698724
-122.334718,200,708.481947
-228.382773,200,709.633601
-123.755968,200,710.524378
-129.253521,200,711.345905
-1.27345,200,712.138468
-117.720589,200,713.182316
-229.300928,200,714.177221
-224.38476,200,714.986966
-0.046098,200,715.787508
-221.71331,200,716.652041
-117.487028,200,717.504084
-124.467061,200,718.349279
-120.486736,200,719.197771
-233.886299,200,720.048998
-1.400348,200,720.903806
-113.722879,200,721.759135
-125.373865,200,722.758518
-130.789657,200,723.638809
-119.07639,200,724.501155
-116.726124,200,725.367121
-124.652142,200,726.239519
-123.398061,200,727.190096
-238.377717,200,728.15902
-224.43776,200,729.020042
-272.285941,200,729.878509
-1.671,200,730.737018
-118.342581,200,731.791559
-118.233069,200,732.706099
-136.610981,200,733.566838
-120.340254,200,734.425809
-119.821987,200,735.319727
-114.94789,200,736.280173
-0.236372,200,737.254504
-238.288097,200,738.243695
-113.32582,200,739.111889
-128.780267,200,740.072553
-0.120443,200,742.140007
-0.465733,200,743.223288
-231.895187,200,744.051043
-242.336467,200,744.846463
-317.584612,200,745.625576
-126.252494,200,746.404165
-124.129636,200,747.18364
-118.856949,200,747.97899
-127.376079,200,748.766457
-338.001848,200,749.557426
-127.194065,200,750.474355
-127.17258,200,751.292287
-0.95962,200,752.094462
-124.336349,200,752.887756
-125.346227,200,753.719689
-224.934217,200,754.524754
-230.794533,200,755.325334
-236.805276,200,756.124965
-126.557927,200,756.938182
-125.994394,200,757.73124
-2.257768,200,758.665875
-0.645279,200,759.942783
-125.35639,200,760.905818
-219.549913,200,761.714737
-244.85904,200,762.556862
-131.623735,200,763.59776
-2.314292,200,764.429083
-120.574704,200,765.394
-234.139247,200,766.470352
-126.182957,200,767.293396
-117.477756,200,768.23965
-121.23385,200,769.049377
-230.104529,200,769.846364
-128.808245,200,770.626407
-131.027007,200,771.408464
-226.948716,200,772.365631
-229.136607,200,773.297822
-0.069343,200,774.103997
-119.612004,200,774.910131
-224.818067,200,775.697731
-224.565916,200,776.605057
-0.119535,200,777.395491
-117.478822,200,778.179661
-121.092262,200,778.949098
-225.704669,200,779.712427
-222.502407,200,780.506869
-118.112906,200,781.283419
-121.203022,200,782.427643
-0.334717,200,783.300325
-227.957715,200,784.090502
-121.54594,200,785.040822
-129.661265,200,785.842248
-131.495193,200,786.614823
-230.355321,200,787.37745
-120.914776,200,788.157487
-123.02716,200,789.221663
-115.06789,200,790.069849
-0.37887,200,790.865409
-244.846511,200,791.639776
-232.821022,200,792.411313
-1.056276,200,793.319181
-114.80621,200,794.09169
-125.480758,200,794.872169
-116.727502,200,795.664878
-126.440554,200,796.431085
-119.134869,200,797.382261
-322.119354,200,798.489277
-131.645293,200,799.289995
-127.419168,200,800.08044
-118.915817,200,800.889532
-226.853793,200,801.797733
-127.535953,200,802.58509
-121.760262,200,803.351258
-0.397975,200,804.113396
-0.50708,200,804.882641
-228.101342,200,805.93226
-240.816391,200,806.892954
-126.329739,200,807.702157
-124.819836,200,808.474529
-228.153625,200,809.242434
-305.435537,200,810.161093
-117.487652,200,810.97461
-225.153567,200,811.739343
-128.016213,200,812.502488
-124.504939,200,813.263569
-232.858122,200,814.30329
-130.318805,200,815.205723
-123.304744,200,816.013047
-126.041538,200,816.779701
-118.576883,200,817.542693
-130.493138,200,818.446139
-236.840617,200,819.222983
-0.70429,200,819.983597
-230.467758,200,820.780399
-224.829578,200,821.545738
-234.893545,200,822.362209
-236.073757,200,823.482635
-4.763549,200,824.294352
-232.941614,200,825.068772
-218.638307,200,825.882747
-118.208397,200,826.789549
-123.088458,200,827.568551
-116.397907,200,828.331816
-127.609892,200,829.093347
-221.502886,200,829.851388
-1.07872,200,830.627829
-229.828117,200,831.653023
-120.373831,200,832.615465
-120.159288,200,833.394719
-128.327053,200,834.161319
-222.890579,200,835.065362
-118.661555,200,835.872296
-121.568536,200,836.64126
-119.950133,200,837.398798
-221.946289,200,838.157975
-120.024522,200,838.917297
-120.76758,200,839.677609
-124.356064,200,840.450531
-131.048985,200,841.235239
-311.423229,200,841.999372
-1.396779,200,842.916538
-118.371582,200,843.725243
-2.426255,200,844.555066
-120.464247,200,845.38084
-319.879736,200,846.23942
-125.600897,200,847.067783
-115.730141,200,847.897562
-1.858855,200,848.841461
-239.085566,200,849.720511
-1.482645,200,850.567881
-3.236161,200,851.538093
-120.239635,200,852.404716
-0.76419,200,853.237127
-235.935265,200,854.113184
-232.605666,200,855.003895
-235.87491,200,855.888963
-129.258732,200,856.775902
-0.816311,200,857.666045
-231.544605,200,858.546169
-130.560517,200,859.441891
-134.040227,200,860.484926
-118.563857,200,861.469601
-121.025343,200,862.380864
-223.230926,200,863.293062
-120.279748,200,864.191434
-119.269546,200,865.106341
-119.693519,200,866.013733
-2.248277,200,866.980309
-118.870165,200,867.870905
-133.396763,200,868.730486
-222.658638,200,869.752784
-1.077804,200,870.632358
-221.775947,200,871.572637
-229.921781,200,872.652507
-132.022162,200,873.571194
-129.535991,200,874.434839
-132.516924,200,875.294359
-229.932402,200,876.153634
-115.816155,200,877.003052
-117.595774,200,877.845801
-224.053406,200,878.829392
-119.259578,200,879.703719
-1.573451,200,880.564786
-234.041483,200,881.382537
-125.619262,200,882.179402
-1.312195,200,883.144273
-5.251949,200,884.567005
-123.104875,200,885.510815
-119.099869,200,886.316215
-117.632463,200,887.098263
-116.103488,200,888.005368
-2.061063,200,888.787333
-0.560729,200,889.587469
-226.190073,200,890.362867
-226.643781,200,891.132834
-120.153945,200,891.896427
-121.542838,200,892.672665
-230.357081,200,893.439307
-119.220033,200,894.20858
-124.418189,200,894.980594
-126.834418,200,895.880289
-307.890605,200,896.687531
-115.095247,200,897.451848
-119.84225,200,898.222375
-123.056544,200,899.013035
-131.583449,200,899.790901
-238.27885,200,900.613772
-230.662119,200,901.469352
-2.132221,200,902.29352
-120.262904,200,903.084478
-251.567786,200,903.994214
-228.096035,200,904.812116
-122.668949,200,905.586094
-118.778518,200,906.356251
-129.893386,200,907.26503
-130.172518,200,908.153544
-2.067593,200,909.465856
-119.363849,200,910.468509
-124.317722,200,911.384672
-123.481261,200,912.306774
-130.471282,200,913.468733
-126.572779,200,914.443573
-223.71673,200,915.418337
-230.841054,200,916.484606
-116.140894,200,917.368436
-4.624588,200,918.191997
-286.089998,200,919.001632
-116.357196,200,919.806129
-1.816792,200,920.610784
-312.81091,200,921.388472
-128.746138,200,922.487128
-130.994452,200,923.926941
-1.092384,200,924.923812
-271.662009,200,925.733556
-118.898687,200,926.518829
-123.958896,200,927.301374
-137.288108,200,928.27183
-222.212121,200,929.329244
-123.857539,200,930.147349
-133.337435,200,930.951229
-127.867732,200,931.887228
-121.484157,200,932.694777
-2.001372,200,933.487136
-3.038731,200,934.285941
-116.413155,200,935.073318
-233.523382,200,936.111905
-121.129129,200,937.099983
-130.898046,200,937.905571
-120.053591,200,938.731116
-223.604455,200,939.538846
-309.724986,200,940.482041
-338.732876,200,941.287385
-114.628985,200,942.085101
-222.453244,200,942.929911
-121.936733,200,943.794819
-127.083997,200,944.658061
-122.045868,200,945.515173
-274.295924,200,946.3723
-114.699109,200,947.228776
-0.599444,200,948.163146
-127.490676,200,949.318698
-130.089403,200,950.3131
-129.472654,200,951.195883
-130.359119,200,952.074253
-1.566881,200,952.948889
-117.881441,200,953.818952
-1.811852,200,954.688976
-221.90645,200,955.558378
-242.381237,200,956.435581
-119.409181,200,957.29545
-120.140783,200,958.312978
-126.781228,200,959.194694
-128.485128,200,960.054487
-119.525423,200,960.913676
-1.283232,200,961.772094
-1.523117,200,962.628012
-132.597245,200,963.430951
-235.993459,200,964.207554
-126.250817,200,965.013324
-124.001415,200,966.454768
-122.005038,200,967.72106
-120.641396,200,968.547954
-121.30014,200,969.329446
-232.631745,200,970.100392
-2.480747,200,970.870236
-125.870137,200,971.669187
-116.65397,200,972.434705
-126.817387,200,973.202446
-117.628777,200,973.969661
-119.273217,200,974.740485
-225.82305,200,975.641219
-119.881451,200,976.457503
-127.853321,200,977.228104
-126.244104,200,977.997589
-130.014926,200,978.762724
-222.951596,200,979.531838
-216.664571,200,980.294387
-228.395489,200,981.069527
-2.395723,200,981.840097
-121.343086,200,982.614881
-310.987297,200,983.655757
-120.668358,200,984.516106
-245.63578,200,985.282609
-115.806945,200,986.04879
-221.42814,200,987.08648
-120.133778,200,988.392844
-228.25971,200,989.250977
-229.082706,200,990.055464
-227.384058,200,990.817421
-298.648097,200,991.579556
-128.637612,200,992.497242
-118.50269,200,993.519524
-117.176065,200,994.509566
-120.008665,200,995.317331
-256.852799,200,996.171464
-130.97929,200,997.195092
-130.296406,200,998.004263
-116.730663,200,998.77857
-120.493573,200,999.575834
-117.891482,200,1000.367776
-2.615191,200,1001.304503
-117.309567,200,1002.094308
-126.596854,200,1002.865799
-118.754739,200,1003.6273
-119.617819,200,1004.418046
-120.694699,200,1005.200533
-128.947885,200,1006.261528
-220.928468,200,1007.167813
-128.06301,200,1007.956574
-221.680557,200,1008.722475
-2.249883,200,1009.662381
-118.901148,200,1010.447511
-126.024555,200,1011.215347
-224.978985,200,1011.975661
-221.948604,200,1012.73815
-123.303598,200,1013.584448
-129.467765,200,1014.756646
-132.01308,200,1015.56707
-116.492478,200,1016.340411
-229.582826,200,1017.131464
-221.8535,200,1018.050055
-117.737023,200,1018.8449
-127.148319,200,1019.634427
-227.724641,200,1020.399265
-121.819768,200,1021.160025
-228.733528,200,1021.923898
-119.664156,200,1022.973593
-126.763736,200,1023.865382
-222.444552,200,1024.686119
-219.980152,200,1025.503701
-1.482542,200,1026.406888
-240.077537,200,1027.182052
-0.567234,200,1027.944429
-127.573959,200,1028.705729
-118.293017,200,1029.474501
-123.779387,200,1030.50422
-230.057798,200,1031.48936
-236.34389,200,1032.275485
-268.596014,200,1033.041307
-120.882442,200,1033.802194
-124.783337,200,1034.721447
-122.689626,200,1035.517673
-115.476776,200,1036.282508
-226.737835,200,1037.044297
-226.898705,200,1037.807466
-220.073641,200,1039.020315
-129.325003,200,1039.891786
-222.730203,200,1040.686653
-232.101866,200,1041.459186
-126.344441,200,1042.225689
-128.661898,200,1043.129969
-126.634848,200,1043.905881
-226.629278,200,1044.686683
-122.271406,200,1045.501228
-120.651793,200,1046.263796
-243.428018,200,1047.105844
-2.870689,200,1048.193826
-121.327647,200,1048.993735
-2.523282,200,1049.779311
-124.392363,200,1050.5543
-121.602893,200,1051.45566
-121.397362,200,1052.24045
-6.564577,200,1053.00251
-1.79971,200,1053.763611
-130.593301,200,1054.527241
-217.124851,200,1055.620409
-128.408144,200,1056.472394
-122.149517,200,1057.250482
-1.994522,200,1058.036452
-222.294299,200,1058.802722
-3.041999,200,1059.706853
-1.848766,200,1060.511961
-115.617124,200,1061.294781
-225.131481,200,1062.070686
-244.605251,200,1062.836412
-240.973672,200,1063.599044
-1.316261,200,1064.371444
-120.447641,200,1065.166797
-124.895679,200,1065.939991
-217.505821,200,1066.706946
-118.548821,200,1067.625522
-226.246472,200,1068.458189
-133.012068,200,1069.382724
-124.646751,200,1070.402939
-122.476974,200,1071.396999
-119.126955,200,1072.305651
-125.568885,200,1073.214783
-129.342079,200,1074.074755
-123.207219,200,1074.980906
-115.592701,200,1075.84313
-129.49395,200,1076.861176
-233.564237,200,1077.739229
-320.356125,200,1078.607557
-2.036056,200,1079.510336
-253.677267,200,1080.507347
-125.977771,200,1081.384096
-228.736857,200,1082.243738
-0.98984,200,1083.102513
-121.870749,200,1083.960319
-232.939216,200,1084.818516
-219.751019,200,1085.801881
-117.45884,200,1086.676652
-126.959668,200,1087.53412
-118.541815,200,1088.377697
-119.402291,200,1089.222455
-129.055575,200,1090.064844
-1.118665,200,1090.905238
-1.124868,200,1091.746996
-123.153503,200,1092.589147
-117.882974,200,1093.430461
-126.223333,200,1094.41492
-1.1997,200,1095.290359
-128.319331,200,1096.119835
-221.083514,200,1096.924768
-222.544752,200,1098.057572
-293.392255,200,1099.344882
-132.24931,200,1100.223411
-123.304238,200,1101.035157
-1.356318,200,1101.823367
-121.821589,200,1102.588858
-120.198997,200,1103.498022
-119.622906,200,1104.540301
-225.896601,200,1105.510044
-119.428137,200,1106.308068
-121.633405,200,1107.2791
-129.559158,200,1108.308166
-121.420449,200,1109.116335
-117.451975,200,1109.915567
-118.627339,200,1110.713403
-121.486584,200,1111.49049
-119.836798,200,1112.410579
-230.619451,200,1113.20306
-122.939948,200,1113.973848
-227.956898,200,1114.74506
-121.696552,200,1115.574468
-131.691744,200,1116.719952
-129.206286,200,1117.567126
-240.850191,200,1118.375254
-294.641136,200,1119.157059
-126.668017,200,1119.953349
-117.533141,200,1120.904078
-134.265037,200,1121.707006
-133.715144,200,1122.489309
-232.77207,200,1123.264835
-310.499,200,1124.04892
-230.875957,200,1125.079618
-267.18745,200,1126.168194
-121.541766,200,1126.981143
-134.968567,200,1127.785347
-119.656238,200,1128.602083
-4.212157,200,1129.542827
-229.037728,200,1130.368784
-128.856304,200,1131.172721
-124.768222,200,1131.947401
-225.067766,200,1132.736293
-252.232061,200,1133.851941
-130.901319,200,1134.763768
-288.551436,200,1135.638575
-7.173265,200,1136.448181
-120.988115,200,1137.252934
-249.375173,200,1138.201843
-223.057249,200,1139.027007
-229.777931,200,1139.829724
-130.365205,200,1140.643424
-254.426347,200,1141.444504
-131.808905,200,1142.233281
-7.013565,200,1143.020862
-122.870507,200,1143.820951
-278.959704,200,1144.619922
-5.726824,200,1145.398367
-129.508117,200,1146.335716
-132.487975,200,1147.560875
-295.626363,200,1148.520924
-293.967117,200,1149.328368
-128.305171,200,1150.24789
-124.310789,200,1151.297546
-123.952981,200,1152.127079
-311.483732,200,1152.956512
-121.149798,200,1153.764155
-132.074682,200,1154.561714
-2.988136,200,1155.493315
-120.194692,200,1156.306527
-223.979077,200,1157.121548
-222.250628,200,1157.996497
-120.895436,200,1158.856734
-121.899206,200,1159.710472
-118.18704,200,1160.569228
-121.177047,200,1161.428509
-121.039404,200,1162.28736
-123.937128,200,1163.155712
-0.528232,200,1164.377808
-1.940954,200,1165.480276
-218.527582,200,1166.474749
-220.320026,200,1167.598902
-1.531885,200,1168.797629
-118.905041,200,1169.836755
-232.056964,200,1170.86812
-127.493557,200,1171.88138
-119.907485,200,1172.837909
-235.20621,200,1173.749265
-130.33572,200,1174.800202
-1.752026,200,1175.753443
-123.897727,200,1176.64037
-131.250739,200,1177.566758
-235.066584,200,1178.430529
-351.718961,200,1180.733588
-127.39496,200,1182.335184
-122.206015,200,1183.413362
-0.903689,200,1184.672577
-126.368366,200,1185.586519
-118.294462,200,1186.652404
-127.112205,200,1187.537503
-115.005526,200,1188.343801
-229.583701,200,1189.149123
-125.277181,200,1190.01451
-117.952893,200,1191.153828
-121.533536,200,1192.029947
-130.689221,200,1192.84776
-242.034127,200,1193.65809
-122.729157,200,1194.464408
-236.103705,200,1195.413755
-118.846566,200,1196.230922
-240.180382,200,1197.03897
-118.918692,200,1197.841104
-121.278664,200,1198.640063
-122.276716,200,1199.822113
-119.655533,200,1200.79281
-1.921937,200,1201.646551
-294.206802,200,1202.453382
-127.708257,200,1203.259277
-0.257508,200,1204.220322
-124.60318,200,1205.045713
-118.68669,200,1205.850949
-225.760627,200,1206.654406
-256.781526,200,1207.465978
-231.019174,200,1208.63275
-131.575225,200,1209.518654
-223.462885,200,1210.327671
-220.06683,200,1211.133116
-121.093219,200,1211.937278
-1.101637,200,1212.911411
-122.612118,200,1213.739357
-232.038142,200,1214.546042
-2.257354,200,1215.341982
-224.615801,200,1216.331371
-220.607598,200,1217.339406
-124.338154,200,1218.149485
-122.840047,200,1218.956817
-121.434044,200,1219.762681
-124.097061,200,1220.562348
-118.611079,200,1221.498635
-118.6853,200,1222.354113
-233.642302,200,1223.161728
-119.136367,200,1223.946655
-129.807819,200,1224.747635
-1.252382,200,1225.933677
-1.260999,200,1226.903365
-129.261774,200,1227.711401
-118.601295,200,1228.520659
-121.717907,200,1229.312455
-0.179834,200,1230.236692
-3.011866,200,1231.038524
-321.179595,200,1231.815652
-116.965766,200,1232.596365
-217.818444,200,1233.426282
-121.308832,200,1234.563512
-119.851668,200,1235.398083
-118.520246,200,1236.201829
-126.167462,200,1236.98388
-118.186071,200,1237.772975
-127.800513,200,1238.693018
-121.435132,200,1239.500704
-1.209247,200,1240.267902
-343.128234,200,1241.037236
-121.814827,200,1241.814844
-129.052846,200,1242.928079
-128.187195,200,1243.803761
-119.569332,200,1244.615005
-224.306111,200,1245.39778
-120.571119,200,1246.206001
-119.087383,200,1247.134072
-129.931695,200,1247.926648
-231.758338,200,1248.696969
-3.22125,200,1249.464764
-120.699757,200,1250.240147
-128.418774,200,1251.037405
-3.173259,200,1252.13853
-132.201066,200,1252.975008
-128.190801,200,1253.765904
-118.766994,200,1254.545214
-122.381107,200,1255.457216
-244.296274,200,1256.264391
-234.020565,200,1257.043544
-119.731757,200,1257.809567
-245.577194,200,1258.584407
-125.469743,200,1259.42871
-6.575915,200,1260.540115
-305.997778,200,1261.359298
-125.132807,200,1262.160493
-130.765783,200,1262.943621
-127.281949,200,1263.863449
-127.849441,200,1264.663408
-122.082081,200,1265.435346
-131.865434,200,1266.202105
-10.18166,200,1266.979122
-131.688383,200,1267.980105
-237.884416,200,1268.91792
-132.995776,200,1269.718226
-125.518565,200,1270.494795
-225.500858,200,1271.269708
-129.075676,200,1272.206351
-7.855776,200,1273.030581
-227.519922,200,1273.809319
-125.450826,200,1274.573394
-118.628602,200,1275.354063
-116.698236,200,1276.488991
-227.813487,200,1277.342104
-224.214981,200,1278.13575
-132.938885,200,1278.914231
-219.29208,200,1279.695995
-223.824649,200,1280.630953
-117.45261,200,1281.478632
-228.607346,200,1282.325479
-124.478777,200,1283.173295
-238.797846,200,1284.02505
-121.317655,200,1284.879982
-229.827663,200,1285.733449
-116.028967,200,1286.585559
-115.123767,200,1287.440015
-224.641767,200,1288.292073
-1.267604,200,1289.286957
-224.445473,200,1290.152086
-244.628027,200,1291.005858
-122.885124,200,1291.858619
-224.853493,200,1292.709843
-1.1007,200,1293.565865
-126.585074,200,1294.478968
-122.504035,200,1295.445346
-299.921469,200,1296.305483
-116.938118,200,1297.167273
-118.349295,200,1298.184077
-224.808572,200,1299.049097
-228.628893,200,1299.899534
-125.599048,200,1300.749184
-128.28039,200,1301.599668
-225.675366,200,1302.456602
-1.728573,200,1303.322959
-218.59556,200,1304.182434
-250.664703,200,1305.043886
-249.605004,200,1305.902868
-128.678364,200,1306.903125
-1.696728,200,1307.767423
-119.874902,200,1308.623002
-230.295204,200,1309.477368
-118.955923,200,1310.335172
-124.247497,200,1311.191766
-119.327542,200,1312.049253
-0.40012,200,1312.911535
-125.620679,200,1313.810681
-219.729927,200,1314.694264
-125.882961,200,1315.711503
-233.197546,200,1316.604921
-124.651427,200,1317.514633
-120.956991,200,1318.40979
-220.641585,200,1319.315078
-225.86464,200,1320.200924
-3.793381,200,1321.095274
-117.185368,200,1321.986566
-117.012734,200,1322.877857
-240.602433,200,1323.782117
-223.583469,200,1324.838196
-224.696154,200,1325.672297
-114.697111,200,1326.485502
-0.64242,200,1327.291687
-125.577661,200,1328.096724
-118.759941,200,1328.887113
-116.511746,200,1329.923488
-243.487871,200,1331.303749
-121.272703,200,1332.228598
-114.963285,200,1333.069733
-229.971361,200,1334.17664
-222.270412,200,1335.01321
-126.727229,200,1335.819022
-114.914543,200,1336.620354
-292.344682,200,1337.404642
-236.217722,200,1338.197848
-125.37538,200,1338.995728
-129.289122,200,1339.848648
-117.667996,200,1340.657855
-230.703863,200,1341.463405
-1.546609,200,1342.380547
-220.657057,200,1343.179995
-1.480639,200,1343.972144
-125.73692,200,1344.764836
-121.971399,200,1345.589928
-1.812146,200,1346.397473
-1.690047,200,1347.23535
-233.633479,200,1348.118096
-121.921818,200,1348.923919
-225.538596,200,1349.725387
-223.810287,200,1350.652255
-123.079864,200,1351.44744
-116.097066,200,1352.233181
-1.296935,200,1353.012885
-227.019018,200,1353.800383
-124.551144,200,1354.582177
-2.987968,200,1355.365895
-120.578539,200,1356.147612
-246.848699,200,1356.92865
-1.254104,200,1357.706472
-342.802895,200,1358.636513
-1.290305,200,1359.438401
-117.199937,200,1360.234775
-124.726739,200,1361.01429
-231.139916,200,1361.786582
-126.398196,200,1362.584882
-1.092851,200,1363.365997
-127.370727,200,1364.165325
-226.310028,200,1365.32608
-128.980395,200,1366.548301
-126.500181,200,1367.528845
-242.688807,200,1368.342258
-236.866518,200,1369.163201
-120.325691,200,1369.971596
-224.588931,200,1370.771604
-125.960428,200,1371.543927
-120.35983,200,1372.335377
-2.937402,200,1373.199034
-120.791393,200,1374.330638
-125.618042,200,1375.154568
-114.113738,200,1376.080871
-0.911993,200,1376.883733
-217.030069,200,1377.651085
-119.618818,200,1378.415259
-116.766555,200,1379.177038
-294.204254,200,1380.169956
-124.236648,200,1381.147367
-115.062349,200,1381.937297
-114.231216,200,1382.709605
-2.947461,200,1383.475398
-114.934415,200,1384.380925
-0.930781,200,1385.152753
-238.362813,200,1385.915897
-218.564718,200,1386.666485
-237.795622,200,1387.419811
-123.755533,200,1388.479078
-125.50966,200,1389.349334
-2.762024,200,1390.119757
-125.599032,200,1390.88271
-122.238874,200,1391.645267
-130.219924,200,1392.535425
-222.232728,200,1393.308338
-117.895446,200,1394.069658
-127.155794,200,1394.81263
-1.23459,200,1395.581569
-1.96685,200,1396.646226
-120.06842,200,1397.449068
-124.616472,200,1398.213646
-114.0345,200,1398.97605
-128.491696,200,1399.72334
-117.620321,200,1400.598949
-120.790783,200,1401.355809
-253.190406,200,1402.095505
-222.384427,200,1402.829988
-238.775802,200,1403.573918
-114.878549,200,1404.493394
-241.703757,200,1405.517922
-119.568412,200,1406.296574
-228.584826,200,1407.044673
-115.010978,200,1407.786491
-5.001866,200,1408.650623
-118.328669,200,1409.40961
-229.595007,200,1410.14082
-122.01757,200,1410.86856
-235.58925,200,1411.604192
-309.27865,200,1412.659235
-242.77549,200,1413.501181
-119.618102,200,1414.26368
-127.042462,200,1415.00282
-220.307378,200,1415.74349
-0.687384,200,1416.609117
-231.994819,200,1417.364419
-119.119354,200,1418.095606
-222.530424,200,1418.827088
-0.856393,200,1419.591868
-119.337393,200,1420.471997
-125.429618,200,1421.473464
-266.230524,200,1422.327117
-124.774538,200,1423.122956
-218.816364,200,1423.882095
-313.830018,200,1424.748611
-124.739849,200,1425.497451
-240.25331,200,1426.23196
-226.776191,200,1426.959794
-118.44616,200,1427.686956
-122.385179,200,1428.577165
-116.340473,200,1429.474976
-126.375956,200,1430.237939
-242.225889,200,1430.96718
-0.282526,200,1431.696983
-117.808831,200,1432.554213
-115.722545,200,1433.290829
-5.488538,200,1434.020404
-117.946069,200,1434.74575
-0.412076,200,1435.47345
-115.264183,200,1436.203312
-119.400788,200,1437.108879
-125.916404,200,1438.014021
-115.623331,200,1438.767568
-231.025693,200,1439.498594
-276.190337,200,1440.360397
-117.433474,200,1441.097491
-218.71848,200,1441.825109
-1.545156,200,1442.550274
-229.591494,200,1443.270316
-126.987085,200,1444.153991
-231.976183,200,1445.093634
-286.603512,200,1445.847546
-3.504836,200,1446.572822
-227.503947,200,1447.302276
-117.246107,200,1448.172313
-119.495449,200,1448.934742
-225.281066,200,1449.698917
-312.206836,200,1450.47188
-115.724437,200,1451.244954
-126.899376,200,1452.019002
-269.16149,200,1452.823231
-124.810444,200,1453.605435
-3.617226,200,1454.381991
-218.657236,200,1455.211038
-125.512523,200,1456.211906
-224.375025,200,1457.017551
-241.335693,200,1457.827246
-224.984091,200,1458.623804
-268.686801,200,1459.400813
-116.769071,200,1460.176893
-1.840902,200,1460.953378
-316.640946,200,1461.729366
-124.45308,200,1462.50353
-128.011511,200,1463.27986
-1.681239,200,1464.182721
-231.224408,200,1464.970505
-118.559395,200,1465.747782
-115.316683,200,1466.525921
-223.908816,200,1467.302541
-225.323163,200,1468.079932
-125.44987,200,1468.859296
-1.855725,200,1469.637319
-121.202576,200,1470.417299
-221.816264,200,1471.196856
-331.779077,200,1472.106933
-224.231263,200,1472.900203
-115.255688,200,1473.686965
-121.394403,200,1474.472354
-249.32636,200,1475.254628
-126.828244,200,1476.039261
-1.357554,200,1476.823905
-125.639905,200,1477.607619
-122.62891,200,1478.393087
-228.941374,200,1479.180279
-229.647255,200,1480.09885
-122.913057,200,1480.899056
-256.975114,200,1481.68815
-1.831151,200,1482.488654
-116.726375,200,1483.290038
-131.885782,200,1484.08876
-1.046266,200,1484.887279
-231.731517,200,1485.679685
-224.736439,200,1486.47147
-117.704324,200,1487.264136
-295.422847,200,1488.188295
-286.576498,200,1488.990616
-122.315121,200,1489.78776
-226.702369,200,1490.581298
-131.701791,200,1491.37896
-129.273342,200,1492.173662
-125.096517,200,1492.968251
-2.346068,200,1493.764451
-231.888899,200,1494.560354
-123.998029,200,1495.356984
-117.607541,200,1496.285382
-258.026286,200,1497.087513
-126.873233,200,1497.885064
-3.088996,200,1498.681822
-120.902319,200,1499.479288
-316.84086,200,1500.284427
-312.875504,200,1501.095132
-118.760973,200,1501.902995
-129.03979,200,1502.712307
-122.059829,200,1503.546118
-244.595785,200,1504.514273
-320.914031,200,1505.337828
-4.161818,200,1506.14708
-220.823104,200,1506.956488
-127.844438,200,1507.764844
-129.023355,200,1508.575962
-123.990103,200,1509.387179
-120.660471,200,1510.193366
-121.129376,200,1511.001068
-129.037571,200,1511.808148
-122.796905,200,1512.780902
-123.239282,200,1513.605308
-252.009585,200,1514.415947
-126.154046,200,1515.228021
-116.593638,200,1516.039916
-232.087117,200,1516.855315
-4.651832,200,1517.660785
-122.002125,200,1518.42517
-308.219461,200,1519.190799
-229.89987,200,1519.954988
-5.24437,200,1520.854021
-5.572458,200,1521.61158
-5.412634,200,1522.350546
-5.769128,200,1523.098433
-233.716755,200,1523.859984
-223.66622,200,1525.172415
-230.224352,200,1526.068472
-119.720779,200,1526.833144
-3.632072,200,1527.602912
-123.632274,200,1528.713017
-228.069495,200,1529.662134
-123.985303,200,1530.433886
-238.156751,200,1531.196712
-117.795465,200,1531.946007
-231.700012,200,1532.697792
-120.328082,200,1533.442443
-291.743737,200,1534.197896
-234.269256,200,1534.954908
-128.284571,200,1535.715837
-252.080348,200,1536.461277
-124.929002,200,1537.322877
-127.724269,200,1538.078325
-295.568289,200,1538.848375
-127.614438,200,1539.970716
-119.255361,200,1540.789086
-119.350373,200,1541.551366
-118.87333,200,1542.314188
-295.337022,200,1543.110257
-225.422369,200,1543.875885
-295.959658,200,1544.630388
-244.027978,200,1545.510288
-126.22668,200,1546.326251
-1.548463,200,1547.429306
-118.079008,200,1548.216838
-118.855398,200,1548.980738
-286.336975,200,1550.015895
-2.250493,200,1550.844639
-244.996382,200,1551.61068
-127.612386,200,1552.373322
-221.818915,200,1553.134784
-121.84798,200,1554.01163
-126.384039,200,1554.77655
-1.579897,200,1555.520203
-120.605185,200,1556.256429
-127.18543,200,1556.999601
-2.666573,200,1557.912653
-122.837346,200,1558.854726
-127.93795,200,1559.62748
-225.27717,200,1560.440678
-126.076024,200,1561.395499
-118.759936,200,1562.552959
-240.011989,200,1563.66322
-116.933894,200,1564.73713
-125.149817,200,1565.627197
-222.758219,200,1566.725955
-231.912298,200,1567.907932
-130.000575,200,1568.781969
-126.337014,200,1569.63325
-116.361332,200,1570.616318
-224.604307,200,1571.734735
-128.775657,200,1572.82572
-115.600872,200,1573.728129
-235.182922,200,1574.59657
-125.646727,200,1575.442053
-122.998889,200,1576.34253
-239.005787,200,1577.569889
-3.509942,200,1578.673491
-117.542332,200,1579.812969
-118.938409,200,1581.55177
-218.066238,200,1583.322038
-123.636169,200,1587.535335
-227.660218,200,1591.437058
-127.288586,200,1594.458853
-217.937184,200,1597.109729
-123.973454,200,1599.820047
-250.213658,200,1601.682362
-125.561348,200,1605.972011
-219.820561,200,1608.976215
-225.315477,200,1611.502459
-121.160193,200,1613.933545
-123.70312,200,1615.885013
-119.375472,200,1617.129904
-116.948193,200,1618.347086
-122.256947,200,1619.550673
-1.494289,200,1620.752293
-121.116558,200,1621.959567
-128.350155,200,1623.171478
-232.928932,200,1624.374235
-119.156226,200,1625.593459
-129.210451,200,1626.790883
-291.77626,200,1628.174611
-1.398207,200,1629.376323
-117.205793,200,1630.57625
-0.595058,200,1631.690727
-302.241837,200,1632.923358
-1.799082,200,1634.237373
-1.790862,200,1635.528302
-123.80419,200,1636.775691
-242.386424,200,1637.981945
-316.250255,200,1639.187832
-124.91754,200,1640.684796
-117.495688,200,1641.983748
-118.883216,200,1643.260404
-2.301006,200,1646.728532
-116.163408,200,1651.419911
-128.344099,200,1654.588137
-124.6684,200,1660.31847
-117.32721,200,1663.251396
-120.45212,200,1668.057999
-228.374836,200,1670.928634
-259.668801,200,1676.04795
-3.356597,200,1678.754825
-256.31045,200,1684.611351
-116.53539,200,1686.88655
-0.736264,200,1690.708828
-244.543091,200,1693.970306
-329.895882,200,1696.662287
-4.282588,200,1700.257015
-127.131598,200,1702.802319
-117.874217,200,1707.101092
-123.512645,200,1710.027512
-114.826569,200,1714.030905
-119.191797,200,1718.023918
-114.734037,200,1720.051576
-118.009864,200,1724.275819
-117.687963,200,1726.855496
-120.253761,200,1729.457454
-228.550153,200,1733.510686
-227.010216,200,1735.438769
-0.924649,200,1737.191614
-117.837342,200,1741.370388
-124.106006,200,1745.375931
-121.282981,200,1747.564301
-232.720957,200,1750.289634
-123.662467,200,1753.202761
-122.748528,200,1756.504193
-120.29616,200,1759.814769
-117.539439,200,1763.264531
-120.859239,200,1767.284376
-121.938369,200,1770.671176
-232.341203,200,1773.58814
-126.363114,200,1776.888369
-117.502386,200,1781.490201
-121.382884,200,1784.78026
-121.053911,200,1787.465609
-119.628564,200,1793.253241
-234.664279,200,1795.896966
-122.03089,200,1797.815627
-129.643718,200,1799.083412
-123.407625,200,1800.287384
-225.883505,200,1801.417091
-219.128313,200,1802.266919
-1.334158,200,1803.112468
-119.774541,200,1803.953299
-222.335765,200,1804.874269
-126.890787,200,1805.852434
-222.348639,200,1806.705391
-293.063083,200,1807.519318
-229.273857,200,1808.349331
-118.574843,200,1809.238004
-217.613481,200,1810.238233
-118.783801,200,1811.070969
-125.720514,200,1811.898862
-227.856753,200,1812.661752
-237.885287,200,1813.418222
-116.714029,200,1814.259779
-2.352299,200,1815.641449
-237.106192,200,1816.505788
-0.640367,200,1817.297485
-118.661042,200,1818.07605
-115.024176,200,1819.354231
-230.742398,200,1820.181996
-123.142878,200,1820.967796
-120.061126,200,1821.762636
-125.315671,200,1822.82376
-124.991687,200,1823.707083
-223.605289,200,1824.49272
-4.155409,200,1825.272962
-216.410943,200,1826.028409
-126.906474,200,1826.845572
-125.502197,200,1827.799955
-229.13996,200,1828.554609
-122.44802,200,1829.303338
-114.815024,200,1830.044822
-219.454123,200,1830.872997
-120.17887,200,1831.922703
-128.024834,200,1832.717532
-119.037022,200,1833.464925
-113.912991,200,1834.191058
-116.828082,200,1834.919075
-128.703352,200,1835.779304
-218.468753,200,1836.537305
-227.920626,200,1837.267681
-118.400035,200,1837.994754
-120.48539,200,1838.746334
-232.763258,200,1839.559742
-126.173938,200,1840.515992
-128.954445,200,1841.276303
-121.180538,200,1842.071021
-0.290626,200,1842.815938
-218.420928,200,1843.673141
-222.180676,200,1844.41795
-119.20015,200,1845.161706
-3.264597,200,1845.868166
-118.442402,200,1846.599309
-121.617894,200,1847.537491
-117.48357,200,1848.40682
-237.118079,200,1849.136808
-222.829598,200,1849.879116
-124.90958,200,1850.606362
-119.963238,200,1851.430653
-2.679438,200,1852.176831
-116.810238,200,1852.905856
-0.178764,200,1853.61804
-2.661238,200,1854.323578
-227.856059,200,1855.32594
-117.318615,200,1856.278816
-0.860117,200,1857.01635
-290.178338,200,1857.723838
-3.134951,200,1858.434498
-0.581551,200,1859.264196
-215.835503,200,1859.994216
-115.945311,200,1860.752427
-127.0919,200,1861.508006
-235.639861,200,1862.250676
-0.751735,200,1863.001923
-231.979855,200,1864.137739
-116.818449,200,1864.992195
-226.661982,200,1865.791357
-119.308666,200,1866.576986
-0.619716,200,1867.538206
-123.331661,200,1868.311121
-117.477969,200,1869.043113
-113.671828,200,1869.757615
-2.216031,200,1870.461172
-119.119486,200,1871.295941
-118.625213,200,1872.245873
-130.239043,200,1873.008781
-221.054837,200,1873.733694
-128.520344,200,1874.439532
-122.948681,200,1875.27616
-119.496061,200,1875.995787
-225.227765,200,1876.70811
-124.170249,200,1877.405796
-233.831235,200,1878.102717
-123.535814,200,1878.801909
-1.960684,200,1879.539216
-118.610261,200,1880.562261
-312.096572,200,1881.312821
-221.996322,200,1882.030493
-127.418792,200,1882.871402
-227.587172,200,1883.594925
-130.072083,200,1884.298114
-122.018149,200,1884.996323
-2.49325,200,1885.692458
-113.316932,200,1886.417449
-121.712673,200,1887.408378
-118.053433,200,1888.175527
-310.105363,200,1888.895136
-116.206096,200,1889.602964
-116.242221,200,1890.431486
-221.655058,200,1891.147347
-122.429792,200,1891.85141
-236.118344,200,1892.54771
-314.337123,200,1893.244587
-129.672783,200,1893.961856
-119.840233,200,1895.002376
-219.925852,200,1895.773577
-122.574676,200,1896.491075
-119.829601,200,1897.190063
-118.152271,200,1898.028176
-274.364802,200,1898.762401
-118.700499,200,1899.468824
-228.347146,200,1900.16701
-119.700564,200,1900.864706
-116.074879,200,1901.564187
-121.247932,200,1902.560785
-119.694752,200,1903.356921
-301.095012,200,1904.069805
-292.116952,200,1904.796944
-1.098648,200,1905.655774
-118.943036,200,1906.371704
-2.003003,200,1907.073825
-114.609201,200,1907.7696
-220.092809,200,1908.466964
-3.24926,200,1909.2878
-120.498978,200,1910.186938
-116.634823,200,1910.897373
-123.139009,200,1911.592865
-117.892289,200,1912.282297
-236.984148,200,1913.09535
-239.907308,200,1913.800166
-0.833091,200,1914.497559
-121.102717,200,1915.182449
-125.363646,200,1915.86729
-124.644824,200,1916.549347
-224.176597,200,1917.239558
-257.85807,200,1917.931809
-123.685641,200,1918.617481
-114.943728,200,1919.365187
-125.094315,200,1920.201073
-230.241999,200,1920.923542
-223.522866,200,1921.717553
-122.789451,200,1922.510176
-120.997094,200,1923.231778
-118.86971,200,1923.96085
-245.085866,200,1924.683674
-125.529827,200,1925.404175
-0.52912,200,1926.13872
-229.352418,200,1926.86588
-118.281404,200,1927.735582
-118.114093,200,1928.47607
-127.276753,200,1929.211656
-256.327538,200,1929.938816
-116.128369,200,1930.68055
-1.894723,200,1931.413772
-223.328742,200,1932.167585
-1.148161,200,1932.889438
-1.662868,200,1933.610864
-309.326461,200,1934.339783
-117.163364,200,1935.205782
-219.247182,200,1935.931702
-2.968478,200,1936.664956
-229.201356,200,1937.406461
-121.104812,200,1938.131464
-1.589484,200,1938.856064
-252.345726,200,1939.60511
-233.420748,200,1940.334888
-117.549099,200,1941.083082
-120.274692,200,1941.82458
-228.251681,200,1942.694398
-249.90421,200,1943.448395
-113.782962,200,1944.188738
-218.702886,200,1944.96154
-121.783934,200,1945.714865
-116.758641,200,1946.450812
-118.38778,200,1947.203898
-123.37837,200,1948.02186
-122.226286,200,1948.769717
-117.763148,200,1949.500596
-234.548186,200,1950.358395
-121.77,200,1951.095453
-120.143295,200,1951.835472
-120.683342,200,1952.602254
-225.62561,200,1953.406612
-308.429443,200,1954.225058
-233.041325,200,1955.030804
-222.541623,200,1955.857258
-120.38396,200,1956.693285
-227.744768,200,1957.52864
-125.126495,200,1958.490552
-236.004639,200,1959.321906
-227.771653,200,1960.153468
-0.90443,200,1960.915062
-1.664075,200,1961.666961
-124.487683,200,1962.402316
-0.666936,200,1963.13649
-228.688164,200,1963.867909
-267.521035,200,1964.599097
-230.889267,200,1965.331032
-118.090135,200,1966.186718
-120.735821,200,1966.927355
-232.362624,200,1967.653843
-224.356375,200,1968.379922
-299.97955,200,1969.118888
-298.319826,200,1969.844625
-117.94402,200,1970.571001
-122.881425,200,1971.295314
-121.252625,200,1972.034909
-126.148139,200,1972.78565
-129.444872,200,1974.186135
-124.026625,200,1974.974192
-236.25702,200,1975.676275
-120.978176,200,1976.374601
-223.6894,200,1977.065696
-229.872718,200,1977.986138
-120.00657,200,1978.753734
-1.651681,200,1979.452025
-221.914684,200,1980.14409
-126.385971,200,1980.863251
-3.207028,200,1981.893201
-117.964613,200,1982.63526
-225.896537,200,1983.334516
-131.723077,200,1984.03326
-122.079122,200,1984.742394
-227.362316,200,1985.616575
-121.018106,200,1986.428563
-2.388067,200,1987.142741
-128.160066,200,1987.83996
-2.999548,200,1988.536294
-126.931101,200,1989.349147
-126.556264,200,1990.049912
-5.042058,200,1990.74654
-119.332113,200,1991.441702
-122.444693,200,1992.132179
-123.767856,200,1992.823675
-117.378613,200,1993.756452
-126.421008,200,1994.52445
-238.472729,200,1995.222292
-124.033819,200,1995.918268
-3.028329,200,1996.730826
-116.791584,200,1997.43226
-226.318846,200,1998.118786
-3.277643,200,1998.80015
-115.805764,200,1999.481021
-120.730289,200,2000.179034
-268.736417,200,2000.919173
-219.282012,200,2001.848178
-242.720591,200,2002.569663
-122.079487,200,2003.262198
-120.701791,200,2004.069278
-119.57042,200,2004.776446
-122.6377,200,2005.482982
-306.057991,200,2006.175553
-219.816215,200,2006.866421
-121.596543,200,2007.55821
-119.320587,200,2008.416674
-2.899821,200,2009.261791
-236.009845,200,2009.96589
-120.560922,200,2010.67787
-128.361945,200,2011.482237
-220.260152,200,2012.177679
-121.847849,200,2012.861735
-118.867105,200,2013.541782
-129.779961,200,2014.217029
-129.145086,200,2014.895052
-120.448021,200,2015.613558
-217.562239,200,2016.548244
-222.887219,200,2017.262381
-120.717147,200,2017.944506
-122.072674,200,2018.74166
-2.981061,200,2019.431219
-119.346633,200,2020.106156
-132.584361,200,2020.783199
-121.665931,200,2021.458681
-228.634685,200,2022.141954
-4.633195,200,2023.015497
-117.971655,200,2023.737428
-224.458124,200,2024.429322
-115.930207,200,2025.103445
-5.035732,200,2025.906044
-125.655057,200,2026.591086
-123.714189,200,2027.277494
-2.450182,200,2027.950984
-1.082947,200,2028.622753
-115.816865,200,2029.294952
-224.479362,200,2030.20064
-4.021773,200,2031.078801
-119.413806,200,2031.765405
-120.876531,200,2032.45423
-127.210897,200,2033.261725
-118.391148,200,2033.957168
-120.441747,200,2034.64825
-302.73875,200,2035.339618
-117.289488,200,2036.030997
-241.152446,200,2036.728959
-116.609618,200,2037.428138
-127.7708,200,2038.127679
-127.055144,200,2038.826252
-123.133268,200,2039.526008
-231.720936,200,2040.344038
-127.567689,200,2041.058295
-126.729685,200,2041.757567
-246.914038,200,2042.469816
-116.577538,200,2043.172231
-238.385009,200,2043.873658
-129.729446,200,2044.576424
-120.611269,200,2045.276384
-3.669617,200,2045.974933
-126.546628,200,2046.671356
-309.925425,200,2047.542128
-122.355187,200,2048.321668
-265.570838,200,2049.043775
-118.28982,200,2049.749238
-3.876068,200,2050.457668
-117.668712,200,2051.158326
-124.134096,200,2051.85813
-2.573932,200,2052.558347
-125.733835,200,2053.257336
-317.961736,200,2053.956418
-124.55367,200,2054.773198
-224.236545,200,2055.483681
-232.408751,200,2056.18564
-234.404226,200,2056.884658
-122.027416,200,2057.58525
-130.447617,200,2058.285664
-231.662672,200,2058.985022
-120.394949,200,2059.683932
-127.786877,200,2060.384603
-129.238455,200,2061.084587
-4.228456,200,2061.900426
-229.365473,200,2062.611215
-228.599244,200,2063.311188
-118.787179,200,2064.012329
-120.96104,200,2064.782099
-126.267208,200,2065.714038
-120.622631,200,2066.562402
-232.754595,200,2067.368743
-5.221354,200,2068.163221
-222.765416,200,2068.968946
-131.291655,200,2069.830531
-122.919416,200,2070.628582
-130.722652,200,2071.681174
-220.118161,200,2072.63325
-128.998285,200,2073.500998
-4.228054,200,2074.252751
-121.444578,200,2074.978402
-122.152035,200,2075.693008
-122.992416,200,2076.391492
-126.190147,200,2077.087161
-128.913736,200,2077.89316
-119.923052,200,2078.583019
-228.611452,200,2079.268971
-1.560082,200,2080.069231
-223.47101,200,2081.173274
-222.94506,200,2081.919555
-240.389198,200,2082.616672
-116.784127,200,2083.300326
-1.297274,200,2083.981333
-0.938748,200,2084.671415
-120.994795,200,2085.46968
-125.533225,200,2086.163099
-0.895152,200,2086.847265
-116.700757,200,2087.52916
-224.612649,200,2088.208666
-227.103937,200,2088.891806
-117.474927,200,2089.573648
-115.326648,200,2090.252245
-1.894525,200,2090.932327
-125.328148,200,2091.611495
-296.293953,200,2092.412864
-115.494639,200,2093.101252
-125.781282,200,2093.783583
-126.974539,200,2094.464261
-243.719078,200,2095.144802
-129.60988,200,2095.827155
-117.270512,200,2096.507069
-127.842923,200,2097.20215
-126.677818,200,2097.972642
-227.029216,200,2098.674819
-128.154512,200,2099.473106
-222.750557,200,2100.163404
-3.307932,200,2100.846437
-234.404951,200,2101.526625
-130.32292,200,2102.207107
-262.776801,200,2102.892578
-115.740593,200,2103.569122
-116.417359,200,2104.249889
-1.140192,200,2104.932849
-124.923152,200,2105.613064
-238.762794,200,2106.418217
-228.94507,200,2107.118067
-235.174743,200,2107.806643
-229.171304,200,2108.492466
-233.177727,200,2109.177706
-240.576529,200,2109.859749
-2.656403,200,2110.538225
-126.407478,200,2111.215407
-265.797457,200,2111.894863
-115.29744,200,2112.571795
-118.551625,200,2113.562335
-119.565961,200,2114.605393
-118.644815,200,2115.320071
-123.899089,200,2116.009668
-120.081913,200,2116.696142
-119.025382,200,2117.383264
-124.128311,200,2118.066387
-123.150034,200,2118.749722
-114.749941,200,2119.425207
-119.247859,200,2120.101673
-0.053448,200,2120.901929
-118.662982,200,2121.826996
-117.349623,200,2122.62564
-258.953132,200,2123.319246
-127.333085,200,2124.001091
-290.687217,200,2124.695918
-124.33787,200,2125.575583
-0.399477,200,2126.304863
-221.301997,200,2126.994556
-126.139268,200,2127.679624
-321.783111,200,2128.475538
-119.012946,200,2129.165585
-123.089651,200,2129.845155
-117.159487,200,2130.522053
-126.248312,200,2131.19947
-124.39029,200,2131.95741
-225.892714,200,2132.852608
-116.803038,200,2133.555364
-126.52692,200,2134.237836
-116.748818,200,2134.917971
-119.763638,200,2135.714143
-127.129126,200,2136.406927
-115.445898,200,2137.088282
-228.342384,200,2137.762739
-118.646241,200,2138.437151
-117.16668,200,2139.137622
-123.642551,200,2140.070868
-1.251303,200,2140.78213
-128.255059,200,2141.462618
-119.432324,200,2142.143053
-115.272853,200,2142.941135
-1.162768,200,2143.628976
-0.719434,200,2144.314403
-312.540224,200,2144.988246
-311.4018,200,2145.706709
-1.581031,200,2146.557488
-127.749528,200,2147.532316
-117.604794,200,2148.249302
-124.235538,200,2148.945172
-119.198568,200,2149.649809
-113.891408,200,2150.459416
-125.005871,200,2151.155771
-127.603664,200,2151.833773
-293.662916,200,2152.506068
-122.506541,200,2153.192199
-220.024153,200,2153.916093
-123.347635,200,2154.651113
-123.366499,200,2155.399241
-118.019086,200,2156.175549
-126.178332,200,2156.898523
-1.026463,200,2157.720022
-309.28756,200,2158.4331
-274.894509,200,2159.137268
-227.554464,200,2159.841906
-260.594409,200,2160.548179
-116.38881,200,2161.252535
-123.324127,200,2161.955074
-123.906708,200,2162.660015
-227.098173,200,2163.363908
-118.983273,200,2164.070208
-119.884893,200,2164.889629
-234.091131,200,2165.603683
-119.634978,200,2166.306447
-120.837577,200,2167.009406
-120.745072,200,2167.709498
-252.689623,200,2168.410547
-0.899196,200,2169.111304
-126.620466,200,2169.812921
-119.5291,200,2170.513309
-119.788637,200,2171.215006
-127.912019,200,2172.03067
-119.301256,200,2172.7405
-118.050831,200,2173.440594
-121.890548,200,2174.141339
-226.267912,200,2174.840019
-231.274897,200,2175.539123
-120.945128,200,2176.240601
-223.846705,200,2176.938699
-2.509506,200,2177.638475
-118.688224,200,2178.349872
-2.934848,200,2179.165957
-234.826085,200,2179.876297
-116.76973,200,2180.579172
-117.954598,200,2181.284362
-1.953246,200,2181.984093
-227.779242,200,2182.687383
-278.153019,200,2183.391943
-126.297387,200,2184.092677
-239.695036,200,2184.794588
-124.658295,200,2185.496137
-220.540674,200,2186.31538
-283.110245,200,2187.026243
-119.328335,200,2187.729326
-2.17763,200,2188.432175
-221.345895,200,2189.133732
-235.16019,200,2189.834595
-121.420774,200,2190.536633
-118.925201,200,2191.240173
-241.179401,200,2191.942286
-117.578523,200,2192.644229
-231.850362,200,2193.476397
-228.522961,200,2194.177328
-291.746256,200,2194.881486
-124.598573,200,2196.04424
-129.025603,200,2196.827994
-128.356919,200,2197.524075
-228.21176,200,2198.211102
-302.389093,200,2198.891195
-123.85898,200,2199.566633
-120.470657,200,2200.247249
-250.6999,200,2201.042047
-115.723094,200,2201.725964
-237.67037,200,2202.405124
-125.226219,200,2203.082
-121.917137,200,2203.757355
-116.46388,200,2204.440704
-120.072907,200,2205.114614
-252.007516,200,2205.801414
-126.616987,200,2206.47775
-257.541104,200,2207.153311
-128.638209,200,2207.99797
-123.46578,200,2208.69104
-3.505203,200,2209.370887
-1.65532,200,2210.048252
-227.690494,200,2210.725522
-1.404916,200,2211.405093
-278.345304,200,2212.081226
-121.880142,200,2212.813511
-122.121894,200,2213.556522
-120.490077,200,2214.23791
-306.675264,200,2215.036906
-120.037621,200,2215.725435
-119.95249,200,2216.402178
-1.61447,200,2217.078989
-2.002162,200,2217.759944
-2.257548,200,2218.440453
-118.001547,200,2219.11796
-295.323953,200,2219.79478
-250.268449,200,2220.489462
-2.399989,200,2221.172676
-121.856963,200,2221.966847
-117.433956,200,2222.650949
-230.988544,200,2223.330462
-117.176945,200,2224.004856
-218.12625,200,2224.691609
-115.380725,200,2225.376321
-120.341415,200,2226.05824
-224.916317,200,2226.733801
-123.715114,200,2227.411519
-3.909961,200,2228.086231
-226.955149,200,2228.880661
-118.281312,200,2229.560432
-116.63215,200,2230.235667
-220.672453,200,2230.913307
-312.326224,200,2231.593028
-3.382793,200,2232.270266
-230.870503,200,2232.948557
-1.164851,200,2233.620207
-1.136101,200,2234.292237
-115.161995,200,2234.963935
-126.799134,200,2235.905522
-126.072695,200,2236.981345
-287.503785,200,2237.697731
-119.930063,200,2238.372882
-124.686328,200,2239.093644
-305.828412,200,2239.984428
-224.550285,200,2240.692183
-122.410328,200,2241.371357
-223.596068,200,2242.103898
-126.764717,200,2242.859697
-127.414381,200,2243.674357
-122.840356,200,2244.415132
-227.682132,200,2245.105962
-1.278536,200,2245.780413
-224.726491,200,2246.457025
-226.390081,200,2247.135481
-257.471954,200,2247.833951
-293.971745,200,2248.777665
-220.993223,200,2249.494763
-316.043821,200,2250.175818
-260.819138,200,2250.970433
-0.909757,200,2251.657692
-120.008909,200,2252.339666
-235.414406,200,2253.013611
-119.730952,200,2253.685306
-115.772929,200,2254.356261
-125.973873,200,2255.028711
-319.718208,200,2255.70222
-115.753837,200,2256.377
-123.136846,200,2257.051099
-116.781423,200,2257.855635
-115.432632,200,2258.551694
-122.208583,200,2259.2428
-222.899893,200,2259.940733
-242.478282,200,2260.640982
-217.938658,200,2261.397704
-118.327096,200,2262.170993
-1.252478,200,2262.890161
-235.475383,200,2263.591772
-222.710121,200,2264.295648
-224.333767,200,2265.114758
-230.788846,200,2265.826518
-4.321173,200,2266.529441
-283.568716,200,2267.231004
-123.35143,200,2267.931909
-118.909217,200,2268.63308
-229.667354,200,2269.334786
-122.185725,200,2270.034262
-4.439957,200,2270.734238
-120.028742,200,2271.436172
-226.81096,200,2272.253965
-1.451909,200,2272.963168
-228.438847,200,2273.663703
-126.267455,200,2274.363686
-232.956177,200,2275.061703
-118.704364,200,2275.760455
-224.928079,200,2276.461188
-310.474233,200,2277.160161
-293.10966,200,2277.858619
-2.894432,200,2278.557319
-269.499032,200,2279.377453
-119.137101,200,2280.087949
-120.165602,200,2280.788515
-232.667406,200,2281.490592
-225.105773,200,2282.191742
-118.264081,200,2282.892304
-117.401983,200,2283.595386
-119.752939,200,2284.29761
-117.553821,200,2284.996444
-117.150074,200,2285.694479
-116.210312,200,2286.525366
-116.68427,200,2287.241125
-118.502841,200,2287.952565
-122.665857,200,2288.651856
-0.751777,200,2289.351075
-119.669616,200,2290.062034
-119.59117,200,2290.76126
-125.901365,200,2291.871131
-121.428795,200,2292.729365
-127.248827,200,2293.423847
-230.464005,200,2294.221484
-240.179729,200,2294.955155
-333.972787,200,2295.855191
-119.781653,200,2296.562785
-223.474779,200,2297.242004
-114.941252,200,2298.064711
-121.926685,200,2298.897154
-125.172781,200,2299.586783
-117.731167,200,2300.323988
-293.93213,200,2301.220282
-115.953862,200,2302.04315
-116.510179,200,2302.736553
-217.900622,200,2303.421091
-126.355929,200,2304.095921
-114.697671,200,2304.776058
-122.344117,200,2305.469076
-125.58123,200,2306.175478
-120.735789,200,2307.057668
-119.725357,200,2307.844768
-224.841401,200,2308.536937
-4.173851,200,2309.339183
-114.741265,200,2310.035614
-244.698216,200,2310.718872
-235.717494,200,2311.39736
-120.668331,200,2312.075263
-114.456528,200,2312.75486
-119.948671,200,2313.687413
-1.9902,200,2314.438842
-248.179131,200,2315.133687
-222.642264,200,2315.815146
-219.389305,200,2316.618551
-114.881828,200,2317.313975
-125.840695,200,2317.991017
-0.595214,200,2318.667256
-222.652331,200,2319.370148
-121.655428,200,2320.082122
-1.411372,200,2321.015916
-1.609733,200,2321.791405
-258.174175,200,2322.526405
-219.193705,200,2323.217671
-114.026909,200,2324.022127
-122.906356,200,2324.717421
-115.069344,200,2325.399104
-228.190947,200,2326.075855
-233.669758,200,2326.753536
-121.551187,200,2327.484518
-127.373862,200,2328.399482
-0.735522,200,2329.105672
-126.939888,200,2329.787299
-1.729558,200,2330.47022
-118.434782,200,2331.273291
-117.746179,200,2331.962742
-114.781852,200,2332.641269
-236.139922,200,2333.31478
-124.866105,200,2333.991276
-124.642816,200,2334.675369
-285.186586,200,2335.553477
-223.438456,200,2336.354215
-282.960722,200,2337.048303
-120.023897,200,2337.733197
-120.179197,200,2338.541408
-0.689704,200,2339.239902
-120.231143,200,2339.92549
-126.072705,200,2340.599935
-116.750896,200,2341.278115
-225.275701,200,2341.978846
-125.867756,200,2342.918062
-218.184313,200,2343.663513
-0.853951,200,2344.370596
-320.8215,200,2345.062197
-119.43064,200,2345.873786
-116.640816,200,2346.570992
-0.800401,200,2347.253866
-2.120054,200,2347.929005
-122.596599,200,2348.607481
-118.002484,200,2349.294554
-124.630916,200,2350.173807
-233.131891,200,2350.92044
-229.044427,200,2351.612901
-310.872705,200,2352.30342
-118.843033,200,2353.113128
-115.167574,200,2353.803205
-123.691316,200,2354.482591
-222.067344,200,2355.158559
-1.07379,200,2355.843325
-123.627062,200,2356.523447
-115.225094,200,2357.51483
-119.581766,200,2358.289219
-1.000358,200,2358.978951
-121.616314,200,2359.664789
-119.288533,200,2360.480622
-218.907026,200,2361.172947
-114.145214,200,2361.855635
-115.453725,200,2362.528996
-116.399152,200,2363.202233
-119.192017,200,2363.87828
-126.554591,200,2364.715433
-122.296457,200,2365.551976
-128.928615,200,2366.245388
-337.079647,200,2366.924453
-116.526796,200,2367.720417
-116.639093,200,2368.412325
-228.81675,200,2369.086202
-229.272277,200,2369.759367
-121.326068,200,2370.437988
-118.751541,200,2371.246233
-122.464638,200,2372.091073
-305.908608,200,2372.780732
-122.643085,200,2373.459672
-126.942359,200,2374.137222
-124.619041,200,2374.941692
-313.344474,200,2375.658862
-297.252421,200,2376.414923
-220.411313,200,2377.164712
-118.776418,200,2377.935663
-123.190765,200,2378.74531
-238.473838,200,2379.557575
-121.254089,200,2380.373517
-117.945343,200,2381.213973
-224.911904,200,2382.048777
-228.843469,200,2383.012435
-222.658469,200,2383.88314
-224.42847,200,2384.70651
-231.924662,200,2385.547874
-126.987136,200,2386.400709
-283.277852,200,2387.202793
-122.76154,200,2388.047781
-246.157009,200,2388.861329
-119.624944,200,2389.720657
-2.962104,200,2390.565172
-118.772589,200,2391.752995
-128.107745,200,2392.698584
-128.225489,200,2393.451762
-123.261279,200,2394.175393
-3.463231,200,2394.904534
-243.125915,200,2395.627602
-129.072335,200,2396.347315
-121.163725,200,2397.072352
-121.190545,200,2397.825139
-117.140263,200,2398.547883
-116.106808,200,2399.497593
-222.681317,200,2400.225615
-223.276233,200,2400.949532
-127.452417,200,2401.671603
-225.182064,200,2402.391229
-0.810345,200,2403.104295
-126.303363,200,2403.826227
-126.035132,200,2404.546424
-116.864307,200,2405.260598
-1.431815,200,2405.974833
-221.975777,200,2406.807038
-115.111086,200,2407.531136
-219.375321,200,2408.247896
-228.708173,200,2408.962381
-0.9221,200,2409.677101
-118.407967,200,2410.391322
-3.127404,200,2411.10536
-121.05834,200,2411.820828
-118.916922,200,2412.553515
-1.050789,200,2413.294326
-120.589152,200,2414.317902
-120.659904,200,2415.071532
-215.472442,200,2415.811278
-315.882422,200,2416.684729
-218.047062,200,2417.601458
-1.450776,200,2418.38169
-124.226155,200,2419.119065
-118.882394,200,2419.91053
-121.598899,200,2420.665999
-0.612447,200,2421.389166
-119.88115,200,2422.228759
-1.997745,200,2422.940075
-131.941661,200,2423.64164
-276.565098,200,2424.339771
-235.723024,200,2425.038417
-126.702297,200,2425.725952
-1.158255,200,2426.41498
-125.560485,200,2427.46448
-119.462575,200,2428.416547
-229.453048,200,2429.122685
-5.501835,200,2429.922723
-226.045154,200,2430.68078
-5.637078,200,2431.629891
-130.374515,200,2432.34594
-222.145592,200,2433.032269
-2.751171,200,2433.718229
-119.168179,200,2434.414322
-118.406866,200,2435.095201
-0.921973,200,2435.774206
-128.846527,200,2436.460624
-2.432632,200,2437.269546
-238.626006,200,2437.966718
-126.301363,200,2438.652333
-234.926234,200,2439.341576
-5.239039,200,2440.027773
-129.654853,200,2440.707004
-129.628138,200,2441.38622
-116.566445,200,2442.066261
-230.536634,200,2442.770272
-224.159553,200,2443.458935
-119.402884,200,2444.310711
-307.540635,200,2445.067958
-235.329226,200,2445.762468
-305.952248,200,2446.444395
-227.066955,200,2447.126224
-127.991353,200,2447.806632
-119.333099,200,2448.485258
-129.250069,200,2449.160813
-132.479349,200,2449.837322
-122.064743,200,2450.513352
-294.619591,200,2451.320126
-235.30446,200,2452.008576
-1.5277,200,2452.685666
-123.207159,200,2453.381877
-227.506992,200,2454.075253
-1.099795,200,2454.798499
-0.88321,200,2455.480359
-122.74256,200,2456.166194
-119.032006,200,2456.850857
-0.512709,200,2457.533333
-313.341935,200,2458.33857
-226.238153,200,2459.048269
-127.728255,200,2459.739244
-227.461669,200,2460.437463
-237.841411,200,2461.136843
-120.995266,200,2461.833521
-226.32035,200,2462.558324
-120.077093,200,2463.265918
-123.697288,200,2463.943552
-116.910245,200,2464.664602
-128.104221,200,2465.956451
-128.445261,200,2466.753674
-305.5304,200,2467.459871
-115.29073,200,2468.200707
-122.558943,200,2469.029843
-126.758932,200,2469.989173
-125.013485,200,2470.708439
-120.392742,200,2471.394404
-129.47878,200,2472.084479
-303.813359,200,2472.791631
-128.339902,200,2473.597115
-120.961587,200,2474.31304
-291.936366,200,2475.04638
-230.257364,200,2475.762703
-231.484447,200,2476.455479
-220.191465,200,2477.160298
-232.434024,200,2478.041212
-126.371207,200,2478.860254
-227.500987,200,2479.592701
-118.102345,200,2480.298879
-4.851023,200,2481.293306
-123.973214,200,2482.080056
-133.94392,200,2482.800968
-127.617549,200,2483.53388
-121.545767,200,2484.23733
-117.492635,200,2485.042918
-6.628683,200,2485.773861
-126.803447,200,2486.485229
-117.05959,200,2487.192477
-224.76501,200,2487.894121
-127.089313,200,2488.715981
-307.764364,200,2489.449353
-229.178786,200,2490.229192
-126.615701,200,2491.035672
-118.514736,200,2491.828099
-226.419998,200,2492.624214
-291.124854,200,2493.394375
-120.992825,200,2494.148668
-118.611987,200,2494.891654
-118.356514,200,2495.634833
-1.539518,200,2496.478468
-225.829843,200,2497.232022
-224.847972,200,2497.972596
-227.275382,200,2498.689614
-116.987334,200,2499.441938
-123.444668,200,2500.160845
-125.455965,200,2500.85887
-117.646892,200,2501.556354
-116.243527,200,2502.255349
-222.811349,200,2502.984792
-120.687604,200,2503.800919
-119.989499,200,2504.51252
-220.177952,200,2505.216405
-118.354921,200,2505.910587
-125.603308,200,2506.605661
-121.324106,200,2507.301215
-310.347995,200,2507.994459
-124.595205,200,2508.687335
-123.629406,200,2509.380848
-119.628603,200,2510.071811
-0.820077,200,2510.887982
-117.287593,200,2511.584648
-121.665752,200,2512.275977
-122.607236,200,2512.96677
-316.508901,200,2513.65835
-234.758925,200,2514.349957
-220.832728,200,2515.040353
-239.310486,200,2515.730887
-251.72017,200,2516.422036
-117.711279,200,2517.116762
-124.728473,200,2517.909882
-117.13285,200,2518.589611
-125.197489,200,2519.261744
-124.788924,200,2519.934312
-1.253674,200,2520.971905
-228.313322,200,2521.874072
-231.283549,200,2522.576644
-219.1957,200,2523.279495
-0.995686,200,2523.981677
-119.023524,200,2524.661858
-5.253744,200,2525.450132
-122.834198,200,2526.12929
-3.799535,200,2526.92785
-118.749526,200,2527.736488
-231.237842,200,2528.421521
-113.460043,200,2529.096895
-116.610155,200,2529.770128
-122.350443,200,2530.442285
-120.845126,200,2531.120893
-227.380493,200,2531.797584
-126.030478,200,2532.616389
-127.659426,200,2533.299974
-229.565116,200,2533.973461
-217.46193,200,2534.715315
-220.233426,200,2535.629984
-226.735013,200,2536.329184
-114.510388,200,2537.003597
-116.673864,200,2537.678855
-223.613404,200,2538.354509
-120.827869,200,2539.033455
-0.407942,200,2539.82652
-127.67099,200,2540.500802
-223.129329,200,2541.167786
-113.735138,200,2541.87113
-225.169687,200,2542.786642
-301.879021,200,2543.507398
-227.128738,200,2544.18459
-121.943541,200,2544.863861
-309.042472,200,2545.538562
-227.810595,200,2546.212257
-219.729055,200,2546.995941
-304.503857,200,2547.669493
-117.258737,200,2548.350377
-227.189853,200,2549.259383
-129.207579,200,2549.976335
-233.078224,200,2550.651167
-244.348311,200,2551.326308
-116.6581,200,2552.001022
-114.146405,200,2552.67436
-126.94066,200,2553.369082
-124.028118,200,2554.162735
-125.383351,200,2554.844746
-124.499913,200,2555.637256
-122.321935,200,2556.470538
-0.506866,200,2557.155358
-1.303527,200,2557.828246
-227.779396,200,2558.502723
-226.199583,200,2559.177273
-116.87376,200,2559.849376
-124.019553,200,2560.523488
-301.998401,200,2561.302552
-1.384676,200,2561.978742
-114.18262,200,2562.734235
-124.169496,200,2563.665352
-125.745572,200,2564.374286
-116.918173,200,2565.056226
-116.132789,200,2565.728184
-120.107067,200,2566.462987
-120.738064,200,2567.322989
-290.909036,200,2568.025143
-119.066257,200,2568.820132
-0.885931,200,2569.500833
-221.551599,200,2570.174416
-241.831749,200,2570.848378
-233.515087,200,2571.519262
-119.422791,200,2572.189661
-127.53194,200,2572.909491
-1.74172,200,2573.791546
-117.273812,200,2574.484921
-127.552055,200,2575.159789
-1.191254,200,2575.948864
-233.405547,200,2576.628256
-116.850495,200,2577.302457
-238.859228,200,2577.971129
-235.414085,200,2578.637732
-115.923512,200,2579.308546
-127.599623,200,2580.187863
-120.906663,200,2580.93712
-227.288066,200,2581.613267
-1.073795,200,2582.304742
-115.423122,200,2583.113223
-302.804935,200,2583.797647
-130.287285,200,2584.480699
-2.68428,200,2585.151352
-228.400367,200,2585.816838
-1.629842,200,2586.538753
-119.04106,200,2587.421132
-222.869198,200,2588.119335
-125.267041,200,2588.793163
-117.605174,200,2589.468313
-2.130165,200,2590.256878
-0.914381,200,2590.935432
-120.133202,200,2591.607572
-129.03335,200,2592.27044
-236.671972,200,2592.956178
-312.60571,200,2593.63595
-230.908435,200,2594.581809
-3.491692,200,2595.294815
-128.525267,200,2595.969271
-3.244879,200,2596.64405
-226.572142,200,2597.436482
-119.206891,200,2598.116268
-117.35545,200,2598.785041
-126.095824,200,2599.446195
-318.588431,200,2600.115183
-296.050109,200,2600.797081
-124.766816,200,2601.673591
-116.486621,200,2602.413571
-0.915724,200,2603.087159
-121.232821,200,2603.768029
-120.076919,200,2604.572504
-123.342024,200,2605.274781
-120.358229,200,2605.979142
-121.689001,200,2606.673112
-224.727187,200,2607.364312
-114.962198,200,2608.055975
-1.134701,200,2608.746291
-127.83364,200,2609.436636
-122.955798,200,2610.127331
-127.088448,200,2610.868474
-4.950084,200,2611.745886
-126.006518,200,2612.445898
-121.150285,200,2613.137114
-1.407956,200,2613.827738
-243.170052,200,2614.521621
-126.845042,200,2615.224165
-119.130993,200,2615.914975
-119.932057,200,2616.60621
-233.428412,200,2617.330103
-116.337983,200,2618.052468
-126.370884,200,2618.872715
-119.44676,200,2619.571797
-281.926681,200,2620.301807
-113.840849,200,2621.008585
-2.768632,200,2621.708866
-116.5145,200,2622.402581
-0.117098,200,2623.110047
-125.618723,200,2623.801614
-302.746492,200,2624.494269
-124.143465,200,2625.178489
-215.673757,200,2626.05651
-119.135668,200,2626.77555
-220.627091,200,2627.468267
-239.45415,200,2628.157271
-116.614174,200,2628.841484
-124.443179,200,2629.525266
-119.393296,200,2630.207523
-115.171069,200,2630.904074
-119.002953,200,2631.596996
-223.858761,200,2632.281051
-0.914512,200,2633.079998
-123.897277,200,2633.770986
-221.972974,200,2634.453672
-234.448029,200,2635.141433
-125.118551,200,2635.823705
-0.818479,200,2636.50504
-0.26939,200,2637.190436
-126.923625,200,2637.885346
-232.551496,200,2638.587765
-117.445356,200,2639.274591
-0.678135,200,2640.085317
-123.678993,200,2640.782095
-113.829692,200,2641.47079
-126.680229,200,2642.153156
-124.567602,200,2642.834685
-2.2815,200,2643.529425
-117.048501,200,2644.22516
-117.135069,200,2644.911299
-118.359812,200,2645.610915
-124.785442,200,2646.312459
-248.698708,200,2647.134909
-1.141266,200,2647.848798
-116.825042,200,2648.546101
-129.324805,200,2649.243134
-123.49041,200,2649.93871
-126.64834,200,2650.628592
-217.703598,200,2651.3279
-0.663281,200,2652.036398
-240.960994,200,2652.772158
-223.740834,200,2653.490494
-114.196964,200,2654.333547
-125.994979,200,2655.040363
-234.668807,200,2655.738102
-120.527005,200,2656.427141
-247.294351,200,2657.108313
-1.863611,200,2657.792723
-253.397783,200,2658.520865
-0.539688,200,2659.226107
-288.030536,200,2659.923161
-1.231563,200,2660.614835
-278.370449,200,2661.410574
-124.967009,200,2662.269678
-224.762573,200,2663.377007
-289.577092,200,2664.091066
-126.932398,200,2664.790702
-116.642973,200,2665.481432
-218.57866,200,2666.346312
-124.737712,200,2667.271067
-223.603926,200,2667.965306
-119.177732,200,2668.646034
-120.117216,200,2669.433966
-229.792317,200,2670.106212
-114.927907,200,2670.793002
-126.160009,200,2671.494215
-127.471329,200,2672.196954
-230.950619,200,2672.906393
-126.847906,200,2673.595614
-329.686444,200,2674.298122
-121.484885,200,2675.014744
-125.469921,200,2675.728313
-318.702427,200,2676.546965
-2.096189,200,2677.251867
-119.974889,200,2677.939047
-117.338221,200,2678.624034
-245.220759,200,2679.301084
-121.862392,200,2680.08836
-126.262309,200,2680.783011
-313.381565,200,2681.49914
-124.718915,200,2682.18144
-117.97998,200,2682.871713
-120.412466,200,2683.659923
-118.899432,200,2684.345111
-1.032602,200,2685.022827
-228.245085,200,2685.687452
-4.103345,200,2686.351875
-123.614431,200,2687.012295
-241.754729,200,2687.679622
-126.261214,200,2688.347093
-240.139536,200,2689.015351
-2.899331,200,2689.683897
-118.330721,200,2690.464977
-125.062078,200,2691.128524
-230.780073,200,2691.787775
-118.33699,200,2692.463734
-119.078249,200,2693.595799
-118.50373,200,2694.331325
-120.770702,200,2695.007154
-290.555472,200,2695.673752
-219.704769,200,2696.346983
-127.459605,200,2697.020946
-2.872837,200,2697.800348
-1.93595,200,2698.470107
-116.250771,200,2699.180947
-126.430201,200,2700.146678
-126.583448,200,2700.849406
-121.853137,200,2701.547792
-120.148594,200,2702.236495
-1.442335,200,2702.985958
-216.187341,200,2703.861305
-126.459338,200,2704.564454
-218.223267,200,2705.342912
-225.122751,200,2706.031234
-234.113212,200,2706.867058
-124.811036,200,2707.637687
-116.905377,200,2708.327206
-233.960547,200,2709.0225
-126.971956,200,2709.703836
-116.454739,200,2710.393689
-124.581177,200,2711.07904
-117.749474,200,2711.761978
-317.357049,200,2712.551194
-129.767961,200,2713.240754
-115.897395,200,2713.926815
-121.889645,200,2714.77154
-125.68451,200,2715.543017
-117.047107,200,2716.23634
-230.345714,200,2716.971257
-221.820007,200,2717.664718
-120.83581,200,2718.342337
-120.61598,200,2719.02387
-296.189418,200,2719.830436
-225.823061,200,2720.531908
-1.561376,200,2721.206596
-115.986166,200,2721.8863
-123.097665,200,2722.562366
-128.203523,200,2723.236086
-121.110465,200,2723.915531
-242.405232,200,2724.60676
-219.113359,200,2725.281668
-3.728778,200,2725.968661
-127.533786,200,2726.845977
-2.22675,200,2727.543245
-127.723464,200,2728.22184
-118.340773,200,2728.898087
-124.774233,200,2729.573462
-218.771,200,2730.247555
-118.285288,200,2730.922157
-122.798077,200,2731.595839
-117.123734,200,2732.280722
-120.923524,200,2732.957868
-116.845827,200,2733.74806
-126.244047,200,2734.432445
-117.891766,200,2735.107357
-127.445389,200,2735.781555
-118.563137,200,2736.45503
-238.660115,200,2737.130467
-0.972767,200,2737.805974
-228.772269,200,2738.478742
-233.84473,200,2739.151414
-120.987527,200,2739.824539
-124.151097,200,2740.618952
-233.113915,200,2741.299589
-312.797009,200,2741.993078
-115.820819,200,2742.687425
-0.923026,200,2743.365184
-117.574595,200,2744.036739
-115.490147,200,2744.709027
-222.103837,200,2745.379839
-114.383337,200,2746.049303
-119.857055,200,2746.720475
-118.761311,200,2747.51066
-122.840888,200,2748.184673
-119.049761,200,2748.853322
-124.287256,200,2749.522305
-0.572685,200,2750.197796
-122.119446,200,2750.857004
-118.831757,200,2751.510342
-227.09626,200,2752.163395
-119.187847,200,2752.815703
-0.647934,200,2753.466257
-113.682582,200,2754.371501
-129.618117,200,2755.378301
-123.642849,200,2756.069461
-119.377844,200,2756.724794
-114.77158,200,2757.377359
-119.373389,200,2758.025856
-231.715698,200,2758.673325
-126.278175,200,2759.365557
-223.306538,200,2760.234587
-224.823794,200,2760.927471
-120.580139,200,2761.6987
-117.283686,200,2762.359906
-116.829938,200,2763.012622
-123.213737,200,2763.658208
-0.790169,200,2764.310632
-306.05593,200,2764.956459
-125.430951,200,2765.608239
-116.207722,200,2766.410974
-116.674013,200,2767.188502
-122.140201,200,2767.848374
-116.904814,200,2768.613672
-126.770937,200,2769.270054
-117.75051,200,2769.91835
-114.561776,200,2770.564962
-117.217685,200,2771.211266
-224.369638,200,2771.859222
-0.945729,200,2772.713251
-1.598399,200,2773.467527
-124.875656,200,2774.135902
-240.038329,200,2774.830366
-219.099153,200,2775.661293
-119.75382,200,2776.327984
-0.283129,200,2776.99514
-0.297281,200,2777.647046
-125.915362,200,2778.298908
-118.075902,200,2778.947782
-119.697995,200,2779.703266
-1.550842,200,2780.50261
-216.638632,200,2781.161598
-291.655535,200,2781.812648
-122.32013,200,2782.57735
-300.868188,200,2783.234091
-123.374763,200,2783.885239
-223.153363,200,2784.539056
-118.709029,200,2785.186148
-1.260918,200,2785.8344
-224.715812,200,2786.772342
-121.491701,200,2787.489446
-117.519763,200,2788.148466
-0.330857,200,2788.802514
-121.696935,200,2789.5661
-226.806295,200,2790.226
-126.334195,200,2790.882029
-250.655458,200,2791.536697
-124.069403,200,2792.186339
-1.496313,200,2792.836081
-224.33832,200,2793.723953
-126.228688,200,2794.418029
-128.13071,200,2795.072492
-1.285259,200,2795.725522
-121.120423,200,2796.4966
-119.938857,200,2797.161502
-1.312481,200,2797.81205
-234.267999,200,2798.459163
-0.838845,200,2799.106407
-230.666148,200,2799.757512
-118.715572,200,2800.409425
-226.746374,200,2801.303491
-126.391372,200,2801.995234
-121.526667,200,2802.671981
-126.986363,200,2803.445507
-120.073446,200,2804.114719
-124.586643,200,2804.774438
-230.540913,200,2805.421913
-124.128894,200,2806.071069
-218.295534,200,2806.72415
-119.197263,200,2807.591606
-118.934976,200,2808.306122
-116.879252,200,2808.963797
-1.94159,200,2809.614728
-119.506539,200,2810.374991
-229.045792,200,2811.034418
-122.365135,200,2811.682734
-128.368315,200,2812.328311
-219.044422,200,2812.974447
-127.912056,200,2813.658668
-127.469031,200,2814.528962
-2.123249,200,2815.303212
-125.065265,200,2816.113426
-126.39237,200,2816.81214
-304.818329,200,2817.60535
-119.517053,200,2818.266549
-118.253128,200,2818.920123
-223.817816,200,2819.567196
-115.975662,200,2820.213993
-260.311631,200,2820.861024
-222.550426,200,2821.519546
-118.021881,200,2822.447619
-127.718279,200,2823.137298
-1.252667,200,2823.793408
-120.851587,200,2824.571925
-117.288975,200,2825.23869
-113.920264,200,2825.921901
-234.225319,200,2826.636708
-129.64391,200,2827.292404
-118.016008,200,2827.949579
-236.856206,200,2828.764908
-0.600325,200,2829.531297
-114.144003,200,2830.199854
-1.065438,200,2830.856059
-119.036376,200,2831.645201
-117.57152,200,2832.312941
-128.074104,200,2833.011418
-113.465184,200,2833.685839
-122.476887,200,2834.354757
-125.827221,200,2835.015426
-123.20775,200,2835.67303
-305.691779,200,2836.337327
-123.101972,200,2837.03138
-240.740329,200,2837.907735
-234.85906,200,2839.105776
-225.382502,200,2839.843767
-230.550922,200,2840.57792
-120.788389,200,2841.302122
-128.335982,200,2842.016625
-127.123538,200,2842.734677
-116.168266,200,2843.462469
-126.451199,200,2844.20054
-122.493288,200,2844.927873
-120.984251,200,2845.663066
-234.764025,200,2846.514536
-119.537333,200,2847.232281
-281.504235,200,2847.95631
-298.036035,200,2848.685924
-235.617962,200,2849.38463
-120.355388,200,2850.069368
-268.43764,200,2850.750726
-119.505907,200,2851.432906
-225.235545,200,2852.114054
-309.663271,200,2852.79444
-125.999081,200,2853.595311
-118.567803,200,2854.285709
-226.310468,200,2854.968338
-3.007777,200,2855.70475
-123.44694,200,2856.390033
-117.53041,200,2857.069391
-118.10058,200,2857.748688
-117.828647,200,2858.427618
-127.004307,200,2859.105426
-117.76233,200,2859.783122
-119.480588,200,2860.574378
-114.425583,200,2861.261267
-124.542393,200,2861.937797
-113.888145,200,2862.632357
-120.913794,200,2863.322387
-117.622969,200,2863.999529
-1.373575,200,2864.676381
-129.218977,200,2865.351703
-1.623343,200,2866.025825
-114.741209,200,2866.700126
-119.04508,200,2867.489565
-2.116241,200,2868.170844
-225.832076,200,2868.844848
-2.040172,200,2869.518242
-117.232214,200,2870.190757
-248.041122,200,2870.863039
-117.138724,200,2871.535651
-123.987577,200,2872.207637
-114.795537,200,2872.87966
-224.582231,200,2873.552211
-120.301813,200,2874.339896
-228.125201,200,2875.016532
-2.692813,200,2875.688418
-126.041857,200,2876.358776
-226.06269,200,2877.029511
-123.694458,200,2877.701054
-127.20655,200,2878.37088
-117.484663,200,2879.041215
-222.617287,200,2879.711059
-131.987869,200,2880.379957
-245.026559,200,2881.168391
-269.325988,200,2881.841444
-120.090443,200,2882.528309
-126.99312,200,2883.210049
-244.953927,200,2883.885687
-119.412601,200,2884.564916
-2.691054,200,2885.234636
-123.995278,200,2885.90846
-121.04417,200,2886.576879
-229.907045,200,2887.234047
-5.046477,200,2888.000085
-125.612599,200,2888.655726
-118.123616,200,2889.302249
-129.897283,200,2890.070065
-229.857561,200,2891.08459
-242.949171,200,2891.782963
-119.893732,200,2892.445783
-122.620668,200,2893.10622
-117.984927,200,2893.757334
-121.188061,200,2894.407587
-221.511011,200,2895.16639
-237.314625,200,2895.82132
-121.358245,200,2896.469277
-237.515872,200,2897.11671
-127.84267,200,2897.763979
-117.253179,200,2898.412891
-219.486368,200,2899.059973
-127.918298,200,2899.711771
-222.737301,200,2900.361894
-114.30972,200,2901.008055
-295.697497,200,2901.765701
-245.182755,200,2902.419623
-123.381163,200,2903.069066
-120.590395,200,2903.713642
-125.266907,200,2904.368921
-116.76806,200,2905.013586
-118.521756,200,2905.659785
-129.48851,200,2906.304501
-228.601117,200,2906.950979
-0.991472,200,2907.596706
-220.806098,200,2908.352866
-234.570912,200,2909.006781
-118.909863,200,2909.656508
-117.619449,200,2910.300479
-115.961975,200,2910.945482
-115.725738,200,2911.589059
-114.245314,200,2912.235425
-116.273008,200,2912.879033
-115.026513,200,2913.525971
-115.326905,200,2914.16961
-117.651372,200,2914.925323
-116.971404,200,2915.582315
-118.193508,200,2916.252
-124.951915,200,2916.901789
-1.161929,200,2917.552645
-114.139427,200,2918.199066
-238.429382,200,2918.849923
-124.878994,200,2919.491197
-115.277803,200,2920.1327
-222.742058,200,2920.776879
-236.792764,200,2921.812267
-115.365012,200,2922.604972
-219.117325,200,2923.264013
-125.372621,200,2923.906908
-125.679551,200,2924.555078
-120.523547,200,2925.421917
-222.696219,200,2926.132897
-117.995133,200,2926.78516
-312.411631,200,2927.504017
-117.60709,200,2928.157962
-0.281527,200,2928.915101
-125.843344,200,2929.569411
-239.851133,200,2930.213911
-117.219501,200,2930.855173
-243.842528,200,2931.498095
-121.897998,200,2932.142142
-127.51929,200,2933.072719
-127.009589,200,2933.799474
-232.07852,200,2934.453222
-220.5255,200,2935.098125
-4.49429,200,2935.85722
-130.316516,200,2936.510944
-122.697603,200,2937.155374
-239.929643,200,2937.799581
-114.794734,200,2938.442566
-1.549762,200,2939.087431
-115.039133,200,2939.905635
-243.265746,200,2940.707821
-317.481251,200,2941.36437
-245.41914,200,2942.008688
-125.405324,200,2942.766455
-118.70296,200,2943.420064
-124.562195,200,2944.061813
-224.674728,200,2944.712161
-122.484222,200,2945.352737
-116.714842,200,2946.006182
-228.184133,200,2946.875072
-1.403995,200,2947.619482
-119.755128,200,2948.271084
-121.634519,200,2948.912008
-117.086832,200,2949.670522
-120.876118,200,2950.323409
-119.959477,200,2950.975699
-230.500541,200,2951.630352
-2.192751,200,2952.2853
-220.121425,200,2952.964919
-119.971265,200,2953.623077
-124.23086,200,2954.280109
-221.730967,200,2954.936533
-3.723145,200,2955.592061
-119.789256,200,2956.360114
-317.774448,200,2957.026081
-120.52509,200,2957.682833
-225.825159,200,2958.339847
-220.541309,200,2958.996111
-118.782769,200,2959.651886
-116.640336,200,2960.308484
-226.517839,200,2960.964464
-119.005403,200,2961.619368
-120.483994,200,2962.274841
-3.149574,200,2963.042088
-121.101501,200,2963.707187
-130.684301,200,2964.36501
-3.429269,200,2965.022084
-118.549837,200,2965.67702
-119.30227,200,2966.333094
-120.039799,200,2966.99012
-121.289014,200,2967.645711
-222.70454,200,2968.30214
-115.874819,200,2968.958168
-1.504309,200,2969.725814
-262.620913,200,2970.390245
-246.208352,200,2971.047134
-230.353131,200,2971.702685
-127.061865,200,2972.359741
-119.122807,200,2973.016955
-225.56173,200,2973.67513
-129.700857,200,2974.332742
-127.67274,200,2974.989938
-119.743714,200,2975.646191
-119.055541,200,2976.420532
-126.479851,200,2977.112519
-120.45262,200,2977.762131
-121.310896,200,2978.404903
-127.208749,200,2979.04785
-3.490684,200,2979.724672
-292.237253,200,2980.682073
-122.931544,200,2981.360528
-117.879039,200,2982.008983
-129.616959,200,2982.669874
-130.719679,200,2983.431506
-223.592496,200,2984.081523
-121.163823,200,2984.727282
-131.824257,200,2985.369494
-217.36118,200,2986.022119
-225.02697,200,2986.664975
-129.980873,200,2987.308087
-259.871197,200,2987.951601
-125.011057,200,2988.595469
-234.553211,200,2989.239385
-1.820572,200,2989.990643
-2.77574,200,2990.641851
-4.869099,200,2991.286877
-2.842988,200,2991.933958
-255.588474,200,2992.57925
-230.798697,200,2993.2242
-118.379982,200,2993.873884
-122.980062,200,2994.515139
-122.625598,200,2995.158194
-3.700607,200,2995.806642
-231.531667,200,2996.888523
-115.604241,200,2997.590111
-118.912842,200,2998.243796
-119.845643,200,2998.887152
-228.536215,200,2999.532921
-121.466829,200,3000.178424
-124.085564,200,3001.042897
-233.333672,200,3001.777501
-121.377116,200,3002.43715
-131.926127,200,3003.083861
-121.687681,200,3003.853193
-118.151057,200,3004.518159
-124.239869,200,3005.167469
-127.224809,200,3005.816625
-293.796673,200,3006.464505
-128.727268,200,3007.111734
-120.913099,200,3007.757402
-130.504959,200,3008.404152
-120.160894,200,3009.048755
-116.750394,200,3009.693575
-120.014491,200,3010.455843
-126.653675,200,3011.336604
-120.638157,200,3012.190533
-233.426804,200,3012.871889
-224.747451,200,3013.527433
-230.582232,200,3014.189913
-128.074527,200,3015.078681
-228.107777,200,3015.766284
-128.504124,200,3016.421875
-239.703188,200,3017.072504
-125.74414,200,3017.837258
-118.815637,200,3018.494125
-3.941726,200,3019.14345
-125.157619,200,3019.790426
-224.451042,200,3020.437078
-3.652162,200,3021.131989
-226.624877,200,3022.080244
-1.490201,200,3022.763183
-306.033846,200,3023.418673
-6.766551,200,3024.066849
-122.053945,200,3024.835326
-130.175718,200,3025.492199
-241.896001,200,3026.141082
-237.954182,200,3026.788355
-220.457592,200,3027.435617
-119.41728,200,3028.08464
-122.285145,200,3028.934552
-244.677001,200,3029.71819
-223.547844,200,3030.378261
-129.236121,200,3031.033028
-231.337773,200,3031.798271
-287.984462,200,3032.465267
-131.562558,200,3033.120341
-3.749797,200,3033.776586
-131.875213,200,3034.424915
-127.498249,200,3035.074015
-225.56743,200,3035.862221
-121.899744,200,3036.690681
-237.439007,200,3037.359949
-3.573631,200,3038.017768
-127.398869,200,3038.792183
-2.330541,200,3039.452737
-229.044598,200,3040.105471
-229.188687,200,3040.753911
-222.416213,200,3041.415995
-117.753649,200,3042.108484
-121.611646,200,3043.138251
-126.93498,200,3043.846981
-126.060104,200,3044.512827
-236.708171,200,3045.169894
-116.745039,200,3045.9413
-278.561353,200,3046.602272
-3.00646,200,3047.255244
-230.108128,200,3047.904433
-3.812146,200,3048.554291
-119.594809,200,3049.205486
-118.90436,200,3050.09146
-120.932288,200,3051.0165
-131.563503,200,3051.769054
-115.679317,200,3052.480502
-117.779088,200,3053.310911
-125.993693,200,3053.993242
-120.269387,200,3054.654285
-225.819194,200,3055.309775
-225.510119,200,3055.992886
-3.70701,200,3056.652139
-4.193277,200,3057.589679
-125.565217,200,3058.342097
-231.404573,200,3059.008978
-130.810606,200,3059.66424
-121.117153,200,3060.442854
-122.859187,200,3061.10559
-1.996376,200,3061.760378
-118.66422,200,3062.415583
-124.238174,200,3063.066481
-124.795717,200,3063.71581
-225.971276,200,3064.420591
-126.37822,200,3065.372839
-120.765676,200,3066.059382
-119.169092,200,3066.713659
-116.990834,200,3067.482686
-3.788255,200,3068.154965
-242.541527,200,3068.825005
-131.557465,200,3069.491595
-132.049534,200,3070.160138
-117.100526,200,3070.828169
-118.256167,200,3071.497383
-115.621732,200,3072.167023
-115.397749,200,3072.859588
-279.886424,200,3073.531427
-232.620831,200,3074.322144
-127.022991,200,3074.997174
-129.850384,200,3075.668108
-127.49145,200,3076.338511
-267.554847,200,3077.016409
-2.644237,200,3077.713451
-125.613439,200,3078.385925
-123.85805,200,3079.080673
-122.8093,200,3079.789067
-232.465379,200,3080.529683
-2.874627,200,3081.333408
-119.370691,200,3082.023464
-118.042937,200,3082.709733
-120.663947,200,3083.395566
-128.900646,200,3084.088606
-120.635957,200,3084.773223
-234.46623,200,3085.458559
-119.248765,200,3086.136572
-128.688712,200,3086.884731
-130.12987,200,3087.570758
-221.579374,200,3088.356666
-122.066032,200,3089.028891
-120.998404,200,3089.689748
-231.016734,200,3090.349926
-115.482361,200,3091.020359
-121.207412,200,3091.704585
-257.576182,200,3092.716066
-120.675836,200,3093.433383
-1.697195,200,3094.114673
-117.163008,200,3094.793035
-222.45781,200,3095.594129
-125.473135,200,3096.259825
-291.995979,200,3096.92185
-220.097833,200,3097.576881
-117.816009,200,3098.249411
-2.893134,200,3098.906207
-1.661254,200,3099.561236
-1.625578,200,3100.220757
-122.445685,200,3100.905502
-119.86515,200,3101.564998
-1.948498,200,3102.333086
-217.505338,200,3103.019073
-215.742391,200,3103.673209
-117.256977,200,3104.330047
-2.875861,200,3104.977939
-128.375706,200,3105.625478
-3.306824,200,3106.272031
-119.793859,200,3106.918486
-128.271158,200,3107.565703
-125.440851,200,3108.212508
-115.641532,200,3108.976312
-298.678816,200,3109.627252
-121.458273,200,3110.271486
-118.836499,200,3110.917168
-231.259123,200,3111.692832
-122.537659,200,3112.578898
-120.925786,200,3113.246172
-132.351223,200,3113.899182
-305.215641,200,3114.550465
-130.02136,200,3115.196921
-119.493738,200,3115.951088
-4.114892,200,3116.603212
-224.22965,200,3117.253073
-119.319989,200,3118.169394
-223.87562,200,3118.869378
-2.735368,200,3119.523292
-234.815955,200,3120.171237
-237.597354,200,3120.821218
-2.719616,200,3121.468384
-258.945532,200,3122.111203
-118.558204,200,3122.86417
-127.405349,200,3123.532501
-224.898885,200,3124.389775
-124.334736,200,3125.196103
-126.242337,200,3125.852661
-230.451092,200,3126.50144
-222.75224,200,3127.146034
-126.099965,200,3127.79442
-116.665115,200,3128.441626
-263.14052,200,3129.085612
-257.983658,200,3129.838721
-121.949091,200,3130.492459
-222.868835,200,3131.281019
-128.948953,200,3132.053943
-128.02311,200,3132.728992
-126.990246,200,3133.382742
-125.23092,200,3134.028169
-2.019967,200,3134.674556
-122.258529,200,3135.323566
-279.939359,200,3135.970344
-2.420056,200,3136.72524
-231.293399,200,3137.376065
-119.539375,200,3138.022003
-118.87466,200,3138.716803
-120.669163,200,3139.673946
-119.774945,200,3140.370193
-236.882165,200,3141.022535
-133.397272,200,3141.672138
-1.579361,200,3142.318405
-1.709421,200,3142.964659
-242.966694,200,3143.718105
-225.718891,200,3144.375184
-117.344124,200,3145.02893
-123.831322,200,3145.832245
-326.77123,200,3146.60081
-232.154121,200,3147.260071
-230.970053,200,3147.904994
-322.684969,200,3148.555861
-232.997002,200,3149.208737
-119.014108,200,3149.867263
-224.987862,200,3150.639119
-119.440745,200,3151.308031
-119.786505,200,3151.970346
-118.751904,200,3152.632003
-221.187337,200,3153.29383
-232.198251,200,3153.959764
-128.017029,200,3154.623097
-277.362213,200,3155.321649
-117.343169,200,3156.00616
-118.10811,200,3156.675542
-1.543904,200,3157.464757
-280.192323,200,3158.136442
-129.959678,200,3158.803653
-126.722925,200,3159.468505
-129.136737,200,3160.134211
-123.825765,200,3160.798199
-226.336372,200,3161.461956
-241.144691,200,3162.120532
-127.809461,200,3162.795141
-119.484014,200,3163.451302
-2.365117,200,3164.214438
-118.855454,200,3164.882184
-1.009754,200,3165.561015
-225.281962,200,3166.545535
-118.476236,200,3167.243612
-238.794361,200,3167.90207
-129.543753,200,3168.552292
-123.292489,200,3169.226933
-121.025342,200,3170.118221
-127.02005,200,3170.793104
-130.381733,200,3171.558873
-230.658623,200,3172.216525
-128.159109,200,3172.868518
-279.022855,200,3173.51326
-223.225548,200,3174.160058
-119.43753,200,3174.81098
-1.326656,200,3175.766289
-119.466324,200,3176.46787
-218.004284,200,3177.122122
-129.861568,200,3177.768396
-128.136223,200,3178.536494
-222.51377,200,3179.19497
-121.62099,200,3179.846088
-3.178245,200,3180.496212
-224.647522,200,3181.142775
-129.42918,200,3181.790938
-2.931419,200,3182.436247
-120.442054,200,3183.080809
-115.866815,200,3183.725971
-128.227771,200,3184.426423
-225.610845,200,3185.385658
-224.84734,200,3186.053411
-118.633514,200,3186.729026
-117.088185,200,3187.695811
-244.44904,200,3188.386502
-220.378159,200,3189.041475
-122.781334,200,3189.692932
-227.198147,200,3190.342277
-117.669933,200,3190.992201
-122.196248,200,3191.638693
-223.880982,200,3192.397763
-229.070258,200,3193.070723
-224.593875,200,3193.873109
-217.657984,200,3194.658521
-1.021461,200,3195.320145
-118.20109,200,3195.971701
-114.331088,200,3196.621086
-121.038585,200,3197.270988
-225.691827,200,3197.919797
-218.619414,200,3198.567194
-130.113055,200,3199.32128
-119.443828,200,3199.974747
-129.859389,200,3200.621082
-298.872916,200,3201.378346
-127.220681,200,3202.26873
-3.055501,200,3202.941697
-121.6414,200,3203.596333
-227.620212,200,3204.251756
-124.921047,200,3204.908048
-129.95995,200,3205.558056
-122.489091,200,3206.314349
-127.210095,200,3206.992286
-116.363443,200,3207.662432
-230.094575,200,3208.571232
-277.892619,200,3209.310023
-288.290411,200,3209.988957
-223.862407,200,3210.678489
-119.537191,200,3211.362379
-275.745489,200,3212.031468
-308.007767,200,3212.693285
-230.880026,200,3213.475958
-118.263512,200,3214.175382
-4.321385,200,3214.844642
-216.917364,200,3215.67824
-220.029328,200,3216.598896
-126.487117,200,3217.290273
-347.504435,200,3217.961607
-115.745036,200,3218.649656
-120.92429,200,3219.347003
-123.764439,200,3220.012373
-122.408504,200,3220.791411
-117.509969,200,3221.589816
-4.891733,200,3222.642805
-127.135527,200,3223.380901
-219.409167,200,3224.062132
-305.430428,200,3224.726688
-121.662556,200,3225.580091
-121.190243,200,3226.439146
-113.978914,200,3227.130011
-2.270824,200,3227.798689
-118.627588,200,3228.597421
-268.292381,200,3229.288201
-120.465555,200,3229.970709
-121.848856,200,3230.670018
-116.784885,200,3231.330771
-124.333454,200,3232.036279
-125.5745,200,3232.940137
-232.24395,200,3233.639712
-120.430782,200,3234.300876
-278.80409,200,3234.96616
-237.8045,200,3235.760096
-320.047806,200,3236.450591
-1.842633,200,3237.130791
-123.08648,200,3237.806317
-114.897264,200,3238.459825
-220.406348,200,3239.123043
-222.838596,200,3239.903241
-2.644774,200,3240.788725
-119.514486,200,3241.503272
-128.063523,200,3242.173417
-116.02874,200,3242.964077
-2.270469,200,3243.635143
-125.201851,200,3244.317159
-234.889277,200,3244.986001
-243.071801,200,3245.664213
-115.789977,200,3246.336017
-118.392252,200,3247.161642
-124.693677,200,3247.922104
-268.329684,200,3248.582265
-116.092494,200,3249.249438
-226.26329,200,3250.035703
-0.723018,200,3250.714047
-254.61027,200,3251.381777
-120.843231,200,3252.050439
-222.537864,200,3252.74893
-222.866485,200,3253.420555
-125.744872,200,3254.408622
-116.67281,200,3255.126267
-125.978691,200,3255.808833
-253.379345,200,3256.547858
-116.865735,200,3257.331439
-121.254915,200,3258.003827
-239.99966,200,3258.664081
-120.911346,200,3259.366924
-311.409201,200,3260.046217
-309.728767,200,3260.734453
-0.423999,200,3261.676061
-123.51947,200,3262.424825
-218.777769,200,3263.133129
-126.532158,200,3263.84323
-227.271581,200,3264.62862
-125.611329,200,3265.304913
-115.109273,200,3265.977965
-232.387589,200,3266.669365
-264.634889,200,3267.336452
-114.318436,200,3268.102509
-118.492748,200,3269.055474
-125.484638,200,3269.762918
-287.015932,200,3270.438316
-122.716981,200,3271.098534
-115.954942,200,3271.884103
-118.049005,200,3272.562417
-225.7571,200,3273.235131
-125.170705,200,3273.915267
-234.957119,200,3274.591849
-217.906452,200,3275.297213
-117.722587,200,3275.977632
-227.014655,200,3276.647888
-124.741141,200,3277.317232
-234.320393,200,3277.987251
-0.719757,200,3278.764818
-118.817406,200,3279.436943
-117.58341,200,3280.103561
-129.856836,200,3280.76885
-128.156669,200,3281.432772
-114.296726,200,3282.097474
-123.984719,200,3282.775447
-121.501554,200,3283.444973
-0.792126,200,3284.113967
-120.190157,200,3284.77894
-114.201521,200,3285.554437
-115.59002,200,3286.240023
-119.611957,200,3286.917987
-122.397702,200,3287.587348
-240.74739,200,3288.255206
-288.944945,200,3288.918586
-118.541162,200,3289.585188
-119.439581,200,3290.253593
-116.506335,200,3290.915567
-117.304341,200,3291.578054
-218.350331,200,3292.350463
-115.846279,200,3293.017331
-121.622309,200,3293.671861
-122.151006,200,3294.323466
-124.949418,200,3294.9809
-118.004841,200,3295.625821
-1.543325,200,3296.271321
-116.824718,200,3297.037539
-128.077695,200,3297.915486
-118.840549,200,3298.582173
-238.60523,200,3299.341579
-118.646127,200,3299.993201
-124.912198,200,3300.63702
-0.569998,200,3301.279112
-5.169894,200,3301.921266
-128.211465,200,3302.564082
-115.474677,200,3303.205514
-226.857801,200,3303.859709
-219.844394,200,3304.509814
-2.37043,200,3305.151703
-116.117656,200,3305.911977
-116.54732,200,3306.562909
-118.509428,200,3307.204129
-226.659008,200,3307.846616
-124.532875,200,3308.486987
-1.522316,200,3309.12819
-217.902247,200,3309.768639
-220.672751,200,3310.408903
-0.362343,200,3311.049456
-115.682591,200,3311.689439
-117.75941,200,3312.449365
-303.112982,200,3313.110297
-116.553018,200,3313.753678
-113.985874,200,3314.39539
-216.160439,200,3315.035093
-114.355819,200,3315.67322
-117.867904,200,3316.312716
-229.620877,200,3316.969632
-130.105897,200,3317.955618
-117.346687,200,3318.638165
-227.198261,200,3319.398499
-118.169927,200,3320.050024
-118.639007,200,3320.695158
-3.35015,200,3321.334065
-221.297148,200,3321.973449
-126.020313,200,3322.615514
-119.778602,200,3323.392259
-227.705981,200,3324.221267
-118.62344,200,3324.894186
-1.731078,200,3325.540254
-0.285763,200,3326.295594
-126.900424,200,3326.947057
-114.537153,200,3327.596958
-131.062062,200,3328.239445
-119.078674,200,3328.878847
-120.344953,200,3329.518451
-214.820173,200,3330.181245
-227.889632,200,3331.129653
-113.277497,200,3331.811626
-113.955189,200,3332.457936
-112.779089,200,3333.214036
-124.731589,200,3333.879271
-222.806475,200,3334.537085
-119.008331,200,3335.198812
-229.340047,200,3335.842654
-239.81499,200,3336.496097
-224.324163,200,3337.36352
-225.904328,200,3338.0909
-124.595646,200,3338.764458
-223.091874,200,3339.422984
-224.776677,200,3340.177713
-224.506185,200,3340.846418
-117.713605,200,3341.5161
-0.297114,200,3342.160614
-114.178387,200,3342.834237
-118.439921,200,3343.557728
-2.255983,200,3344.462787
-119.926639,200,3345.133213
-131.374416,200,3345.77805
-124.257029,200,3346.424391
-120.651832,200,3347.178434
-227.673791,200,3347.829293
-225.250285,200,3348.471159
-214.602252,200,3349.110393
-119.708463,200,3349.764885
-285.084249,200,3350.412085
-122.440968,200,3351.154324
-230.996156,200,3351.967369
-248.556063,200,3352.624155
-123.625604,200,3353.263636
-0.926542,200,3354.028524
-117.432005,200,3354.682717
-121.897465,200,3355.336284
-2.176438,200,3355.988466
-126.570272,200,3356.649315
-225.547474,200,3357.303698
-302.805922,200,3357.957697
-218.329304,200,3358.613677
-1.965188,200,3359.269616
-125.842541,200,3359.925283
-121.861313,200,3360.702091
-124.307083,200,3361.373567
-118.351776,200,3362.033892
-116.251193,200,3362.703067
-127.543018,200,3363.373473
-1.050673,200,3364.041151
-3.127073,200,3364.725556
-1.171209,200,3365.395904
-0.103199,200,3366.070065
-126.170101,200,3366.731704
-232.160746,200,3367.503795
-0.947508,200,3368.165446
-219.838021,200,3368.831705
-4.191167,200,3369.503316
-229.326668,200,3370.177399
-130.508455,200,3370.847787
-120.937668,200,3371.518962
-118.747576,200,3372.174007
-123.760605,200,3372.861826
-130.007945,200,3373.580399
-231.449972,200,3374.692812
-124.074962,200,3375.402457
-120.833046,200,3376.076742
-1.046429,200,3376.729403
-1.089842,200,3377.374371
-122.252907,200,3378.061285
-119.118791,200,3378.736284
-2.443755,200,3379.647599
-122.61508,200,3380.35186
-129.316496,200,3381.006164
-120.292269,200,3381.783077
-118.612292,200,3382.451344
-124.871287,200,3383.098318
-117.500813,200,3383.741234
-221.237541,200,3384.386834
-113.481197,200,3385.035995
-225.607175,200,3386.01561
-118.565399,200,3386.724676
-115.630586,200,3387.380875
-122.16412,200,3388.027316
-296.016194,200,3388.787631
-120.568467,200,3389.454857
-123.496052,200,3390.113822
-0.810321,200,3390.760894
-227.773946,200,3391.410856
-117.456423,200,3392.063805
-116.608461,200,3392.93648
-130.081027,200,3393.656863
-120.274525,200,3394.319882
-1.137815,200,3394.978488
-2.348623,200,3395.741232
-325.501936,200,3396.410596
-227.517804,200,3397.074663
-118.328914,200,3397.728786
-124.148847,200,3398.374641
-223.52016,200,3399.02623
-117.157491,200,3399.881444
-127.707594,200,3400.688629
-232.292201,200,3401.346154
-232.02412,200,3401.995755
-127.430784,200,3402.790768
-290.546658,200,3403.458769
-220.504847,200,3404.112071
-130.284041,200,3404.761175
-124.28381,200,3405.406014
-222.249063,200,3406.049675
-118.51549,200,3406.760059
-128.744791,200,3407.618043
-226.157044,200,3408.282085
-124.359206,200,3408.933572
-239.956048,200,3409.721472
-0.614339,200,3410.419932
-114.437172,200,3411.087986
-125.634701,200,3411.735251
-236.826498,200,3412.38626
-117.185537,200,3413.053269
-121.532791,200,3413.722548
-122.19003,200,3414.67851
-121.009091,200,3415.428473
-2.64436,200,3416.104724
-116.613938,200,3416.898535
-0.656674,200,3417.589691
-229.337517,200,3418.250468
-128.006223,200,3418.911532
-225.408938,200,3419.566923
-118.950621,200,3420.325549
-127.561429,200,3421.223164
-125.793395,200,3421.912985
-223.277464,200,3422.583397
-125.649444,200,3423.246668
-227.14112,200,3424.024876
-280.79724,200,3424.693928
-221.290366,200,3425.354219
-227.066045,200,3426.005637
-116.076616,200,3426.666896
-122.58849,200,3427.413391
-308.190388,200,3428.36188
-233.626499,200,3429.067232
-121.521811,200,3429.735917
-118.176033,200,3430.39782
-233.927635,200,3431.184623
-228.418534,200,3431.847875
-256.784367,200,3432.577402
-245.311206,200,3433.252126
-128.117376,200,3433.902318
-2.458579,200,3434.597872
-118.997354,200,3435.501625
-126.665815,200,3436.175193
-125.974251,200,3436.831207
-122.074948,200,3437.507913
-271.307877,200,3438.275055
-229.586897,200,3438.934439
-115.732181,200,3439.585518
-125.486166,200,3440.230842
-220.175438,200,3440.877859
-299.350039,200,3441.527501
-120.393027,200,3442.312455
-119.674393,200,3443.199224
-218.191361,200,3443.920804
-117.025262,200,3444.613376
-125.075614,200,3445.401849
-125.343353,200,3446.202059
-126.556638,200,3446.914267
-121.856759,200,3447.607706
-223.404322,200,3448.305782
-1.675019,200,3449.037339
-119.653865,200,3450.000164
-124.977408,200,3450.71404
-119.027043,200,3451.382104
-5.016664,200,3452.044288
-232.462187,200,3452.832086
-120.160144,200,3453.50693
-236.357743,200,3454.167497
-3.783674,200,3454.852196
-129.421011,200,3455.526809
-120.995897,200,3456.21618
-224.600742,200,3457.119205
-122.303762,200,3458.052904
-4.445986,200,3458.758601
-119.793692,200,3459.443003
-239.34684,200,3460.235473
-3.253817,200,3460.935565
-117.57901,200,3461.611755
-127.324575,200,3462.273352
-8.011841,200,3463.032109
-119.782971,200,3464.005835
-222.425076,200,3464.887956
-226.231376,200,3465.703189
-126.944981,200,3466.367407
-3.269034,200,3467.051087
-225.908961,200,3467.826945
-304.676268,200,3468.485142
-235.790738,200,3469.137168
-128.820792,200,3469.804137
-127.633828,200,3470.461599
-229.236059,200,3471.132793
-126.105908,200,3472.090854
-126.683938,200,3472.78442
-231.356662,200,3473.43734
-2.370276,200,3474.08677
-117.329834,200,3474.857111
-121.624364,200,3475.527273
-5.407161,200,3476.189655
-124.195218,200,3476.851765
-124.006328,200,3477.514046
-128.443324,200,3478.175871
-226.123073,200,3478.839664
-119.886847,200,3479.503231
-222.897448,200,3480.167583
-123.230938,200,3480.83127
-123.249203,200,3481.606183
-1.742159,200,3482.276814
-121.047948,200,3482.942033
-119.54008,200,3483.607117
-128.906708,200,3484.274451
-120.952079,200,3484.961504
-117.45622,200,3485.634717
-1.172198,200,3486.30702
-117.355387,200,3486.986732
-125.837864,200,3487.678267
-126.146737,200,3488.472663
-118.37126,200,3489.156397
-119.048562,200,3489.835986
-226.734319,200,3490.513205
-131.053457,200,3491.188156
-4.087252,200,3491.8641
-123.014646,200,3492.565615
-231.012819,200,3493.252216
-125.410339,200,3493.922909
-124.947426,200,3494.590704
-286.057512,200,3495.362213
-322.731174,200,3496.029326
-122.292966,200,3496.68693
-230.428302,200,3497.346618
-230.403901,200,3498.004163
-243.811414,200,3498.657196
-117.10095,200,3499.304109
-127.491013,200,3499.950145
-121.068453,200,3500.605203
-127.107562,200,3501.266674
-127.6592,200,3502.048893
-125.865811,200,3502.839359
-122.556068,200,3503.770599
-114.469336,200,3504.454414
-127.557589,200,3505.109137
-115.647226,200,3505.762929
-126.23844,200,3506.431346
-118.232397,200,3507.074933
-119.331074,200,3507.72313
-232.631973,200,3508.383252
-220.194476,200,3509.143938
-226.215719,200,3509.852739
-1.671127,200,3510.540178
-225.916211,200,3511.206511
-236.843776,200,3511.859765
-117.629998,200,3512.513749
-303.592659,200,3513.156395
-117.200773,200,3513.801048
-125.009355,200,3514.474453
-124.845185,200,3515.124171
-116.09452,200,3515.891463
-116.057498,200,3516.544356
-0.14712,200,3517.214139
-123.355413,200,3517.884844
-120.260957,200,3518.542979
-227.475085,200,3519.216653
-124.100782,200,3519.877917
-1.391395,200,3520.527203
-233.996604,200,3521.195393
-114.775784,200,3521.983136
-0.810142,200,3522.992756
-123.735629,200,3523.672965
-0.161104,200,3524.357945
-118.377927,200,3525.021312
-316.688252,200,3525.69065
-122.20029,200,3526.583684
-130.283334,200,3527.292847
-230.501788,200,3527.963879
-123.634763,200,3528.642149
-0.170539,200,3529.310181
-120.556689,200,3530.087545
-120.775335,200,3530.766397
-1.904132,200,3531.444072
-127.289119,200,3532.105071
-0.19882,200,3532.777774
-322.490667,200,3533.549168
-116.815924,200,3534.454934
-217.734532,200,3535.127337
-232.304933,200,3535.818559
-125.395318,200,3536.491498
-228.575951,200,3537.379251
-120.793945,200,3538.26894
-224.790944,200,3538.941071
-0.096888,200,3539.596216
-116.43815,200,3540.255972
-115.262059,200,3540.907887
-118.815911,200,3541.867971
-2.270211,200,3542.571845
-1.60441,200,3543.226093
-308.007048,200,3543.871851
-124.724296,200,3544.64029
-2.625449,200,3545.293985
-1.96367,200,3545.937374
-114.647384,200,3546.581692
-124.846831,200,3547.224243
-126.71671,200,3547.921162
-2.809762,200,3548.778222
-221.946817,200,3549.44319
-114.446209,200,3550.090951
-127.728246,200,3550.735591
-121.6708,200,3551.492763
-227.907621,200,3552.145142
-114.122529,200,3552.808652
-1.511359,200,3553.452529
-221.809342,200,3554.094771
-226.567043,200,3554.741513
-114.864164,200,3555.562683
-124.051634,200,3556.387743
-225.100795,200,3557.045788
-119.938287,200,3557.690127
-122.431515,200,3558.451156
-124.811461,200,3559.103942
-115.103647,200,3559.756643
-121.770805,200,3560.41096
-124.166844,200,3561.065904
-126.247091,200,3561.721727
-225.185325,200,3562.377847
-125.531747,200,3563.033829
-223.142617,200,3563.702017
-117.706826,200,3564.363303
-117.329609,200,3565.132453
-128.124825,200,3565.79856
-120.243925,200,3566.455931
-112.945839,200,3567.112949
-228.304001,200,3567.769815
-239.465913,200,3568.425934
-229.783989,200,3569.082393
-1.270214,200,3569.738893
-125.899278,200,3570.39534
-120.655139,200,3571.053319
-113.979057,200,3571.820095
-126.326932,200,3572.475256
-293.548959,200,3573.120915
-124.127982,200,3573.762426
-116.600647,200,3574.404377
-307.7231,200,3575.048003
-220.88245,200,3575.812679
-116.197812,200,3576.730808
-239.493653,200,3577.394604
-123.596285,200,3578.03929
-116.331492,200,3578.791467
-217.925332,200,3579.441204
-116.105299,200,3580.082788
-0.741745,200,3580.725394
-128.30282,200,3581.376757
-125.385445,200,3582.01913
-228.157845,200,3582.67916
-125.219083,200,3583.321621
-119.918517,200,3583.964174
-306.46645,200,3584.770339
-114.700758,200,3585.728868
-119.44779,200,3586.450484
-319.02713,200,3587.104554
-115.881823,200,3587.747292
-124.046183,200,3588.399259
-118.630267,200,3589.0585
-231.168267,200,3589.949294
-119.646137,200,3590.642259
-118.18618,200,3591.306904
-116.678229,200,3591.971087
-303.418724,200,3592.734035
-130.031353,200,3593.392371
-229.395234,200,3594.057925
-232.119547,200,3594.726979
-230.829782,200,3595.3849
-119.293772,200,3596.0529
-286.499998,200,3596.8898
-124.73263,200,3597.759626
-218.355842,200,3598.451038
-117.775989,200,3599.123039
-118.235972,200,3599.907515
-221.246954,200,3600.562793
-0.843449,200,3601.22965
-238.075711,200,3601.890267
-122.825877,200,3602.551603
-128.073617,200,3603.243766
-258.185635,200,3604.135887
-232.320272,200,3604.816381
-114.344384,200,3605.481924
-120.366233,200,3606.161335
-128.466799,200,3606.927628
-118.160419,200,3607.607119
-115.148948,200,3608.256309
-226.720777,200,3608.898804
-116.810747,200,3609.543309
-124.383095,200,3610.192965
-118.683764,200,3611.119514
-230.783816,200,3611.867914
-1.991238,200,3612.555388
-120.141762,200,3613.232128
-122.814941,200,3614.031045
-1.949955,200,3614.708061
-119.007354,200,3615.369843
-217.731692,200,3616.028592
-227.798228,200,3616.691119
-117.626103,200,3617.395431
-1.536867,200,3618.30875
-218.348763,200,3619.002698
-1.26838,200,3619.674384
-120.906882,200,3620.341898
-229.138573,200,3621.120313
-288.064611,200,3621.781629
-114.915494,200,3622.439002
-117.67347,200,3623.095931
-115.466763,200,3623.760413
-124.333522,200,3624.424694
-120.081326,200,3625.259515
-0.652442,200,3626.10053
-230.322907,200,3626.772486
-125.343823,200,3627.438433
-118.209165,200,3628.222718
-229.32242,200,3628.914441
-227.608485,200,3629.570229
-129.705564,200,3630.214734
-118.73968,200,3630.864299
-0.980156,200,3631.558573
-118.721078,200,3632.432738
-118.682276,200,3633.108816
-120.227243,200,3633.773516
-124.399586,200,3634.437426
-123.524852,200,3635.22824
-118.488506,200,3635.898237
-118.491686,200,3636.557564
-121.51713,200,3637.225359
-220.906707,200,3637.882455
-128.412462,200,3638.543492
-0.646687,200,3639.445203
-120.285575,200,3640.27596
-221.57312,200,3640.941538
-0.356415,200,3641.606189
-120.75773,200,3642.378282
-4.347103,200,3643.057908
-114.477858,200,3643.710797
-232.828587,200,3644.359041
-2.367883,200,3645.016623
-259.865429,200,3645.691748
-0.939944,200,3646.579329
-2.119592,200,3647.270007
-120.269361,200,3647.923572
-304.826026,200,3648.658288
-129.279351,200,3649.44446
-117.468267,200,3650.106264
-115.328988,200,3650.772351
-125.059823,200,3651.420284
-227.24585,200,3652.068211
-118.46282,200,3652.781625
-0.61356,200,3653.793267
-118.941079,200,3654.495973
-233.232851,200,3655.199629
-1.825097,200,3655.913056
-126.91712,200,3656.69096
-128.407067,200,3657.354773
-124.661626,200,3658.009863
-216.458021,200,3658.662483
-118.01614,200,3659.309088
-128.803508,200,3659.957975
-0.59697,200,3660.610614
-117.854779,200,3661.297695
-119.221145,200,3662.178641
-221.844252,200,3662.853043
-217.70488,200,3663.625419
-119.365551,200,3664.289654
-0.948833,200,3664.988206
-272.051134,200,3665.64509
-114.584799,200,3666.293505
-122.823679,200,3666.945737
-116.162391,200,3667.841363
-222.96972,200,3668.627043
-120.088093,200,3669.301513
-219.46243,200,3669.958235
-2.045359,200,3670.726237
-305.32605,200,3671.382275
-311.15656,200,3672.035025
-233.596462,200,3672.70265
-114.728308,200,3673.357987
-116.223596,200,3674.046987
-120.315798,200,3674.965276
-247.844986,200,3675.695641
-0.267319,200,3676.38457
-1.004045,200,3677.049962
-120.119182,200,3677.829626
-124.434167,200,3678.512405
-118.555469,200,3679.255187
-3.234084,200,3680.011837
-117.451155,200,3680.768356
-123.996182,200,3681.495224
-118.877136,200,3682.226359
-129.594468,200,3683.018207
-0.454143,200,3683.7417
-122.456655,200,3684.48325
-229.867907,200,3685.336886
-117.537781,200,3686.051426
-119.353993,200,3686.755229
-243.513028,200,3687.469195
-122.343554,200,3688.179782
-114.849548,200,3688.924308
-0.321244,200,3689.691748
-120.990173,200,3690.412375
-115.625775,200,3691.111174
-124.649149,200,3691.804517
-226.858822,200,3692.611279
-121.364422,200,3693.308235
-120.406042,200,3693.998879
-118.718808,200,3694.687544
-116.210525,200,3695.37704
-1.312881,200,3696.072398
-113.880849,200,3696.804841
-234.905849,200,3697.50219
-233.211409,200,3698.18932
-118.909572,200,3698.878524
-3.085751,200,3699.688857
-119.011918,200,3700.416657
-126.654582,200,3701.153548
-224.878649,200,3701.877774
-126.821999,200,3702.60782
-227.157451,200,3703.308628
-119.755763,200,3703.991447
-125.189232,200,3704.671991
-120.032386,200,3705.350187
-223.303841,200,3706.029149
-2.604691,200,3706.832452
-115.22336,200,3707.524901
-119.374722,200,3708.205338
-226.119599,200,3708.884282
-124.142468,200,3709.56157
-125.858415,200,3710.238986
-117.770817,200,3710.926797
-223.988518,200,3711.606056
-1.868518,200,3712.290034
-324.115112,200,3712.969367
-123.011845,200,3713.761927
-226.634892,200,3714.447659
-246.683257,200,3715.125548
-272.201629,200,3715.802305
-115.426617,200,3716.478698
-236.875115,200,3717.15493
-115.047815,200,3717.83376
-127.355525,200,3718.505256
-126.587855,200,3719.16557
-113.826787,200,3719.82337
-128.894639,200,3720.596172
-125.44169,200,3721.345712
-0.681012,200,3722.274099
-227.083594,200,3722.969462
-284.634221,200,3723.626893
-117.920825,200,3724.288644
-229.824052,200,3724.946604
-2.993288,200,3725.756366
-264.746304,200,3726.55292
-230.8908,200,3727.223541
-225.083191,200,3727.998158
-127.550497,200,3728.6569
-123.671022,200,3729.31152
-125.305257,200,3729.964782
-224.420933,200,3730.618403
-3.121169,200,3731.27097
-124.102967,200,3731.922658
-227.47929,200,3732.588615
-116.474532,200,3733.24322
-236.415188,200,3733.898372
-1.443308,200,3734.672714
-241.938452,200,3735.332366
-116.859051,200,3735.984552
-0.449941,200,3736.635377
-113.90415,200,3737.288018
-113.925702,200,3737.939401
-118.66029,200,3738.591292
-117.889133,200,3739.240738
-227.723066,200,3739.891619
-127.014226,200,3740.542407
-119.722821,200,3741.305154
-121.081483,200,3741.961355
-119.008119,200,3742.611818
-293.59382,200,3743.260543
-223.69896,200,3743.906685
-225.096845,200,3744.555667
-218.013552,200,3745.20504
-1.217316,200,3745.859534
-276.9319,200,3746.509827
-227.321254,200,3747.180808
-120.643665,200,3747.948397
-302.681361,200,3748.607446
-117.885541,200,3749.257223
-120.314186,200,3749.90669
-298.116397,200,3750.554088
-227.907406,200,3751.203124
-126.56263,200,3751.84932
-0.77468,200,3752.496278
-117.544905,200,3753.141423
-125.332878,200,3753.787876
-117.381758,200,3754.544375
-121.612597,200,3755.195427
-119.419733,200,3755.841751
-251.148781,200,3756.490569
-122.190886,200,3757.136992
-303.973687,200,3757.779593
-0.249499,200,3758.423539
-125.920282,200,3759.067431
-117.830734,200,3759.708698
-117.618313,200,3760.350889
-117.805431,200,3761.104385
-116.661472,200,3761.757506
-118.557948,200,3762.423907
-114.687032,200,3763.085123
-113.641022,200,3763.726647
-219.621037,200,3764.373187
-297.582584,200,3765.017474
-229.374709,200,3765.660899
-119.03093,200,3766.489391
-1.275412,200,3767.335991
-118.991348,200,3768.133997
-226.51744,200,3768.840211
-224.704653,200,3769.490201
-216.779256,200,3770.140504
-118.94385,200,3770.802389
-124.568982,200,3771.451825
-120.701629,200,3772.259791
-225.862833,200,3773.053306
-119.973372,200,3773.723934
-220.859095,200,3774.37946
-116.468178,200,3775.15043
-117.464749,200,3775.816183
-124.559301,200,3776.467694
-124.572531,200,3777.118069
-117.054975,200,3777.765948
-124.206536,200,3778.407305
-127.791362,200,3779.065999
-119.414894,200,3779.713775
-0.40306,200,3780.359488
-226.39731,200,3781.006817
-305.463496,200,3781.765438
-0.14266,200,3782.418143
-113.785674,200,3783.066741
-218.204906,200,3783.718312
-1.37252,200,3784.376405
-118.500892,200,3785.032356
-237.997624,200,3785.692205
-123.066345,200,3786.372401
-126.332448,200,3787.038965
-223.77315,200,3787.704356
-126.747762,200,3788.469613
-117.569278,200,3789.137529
-235.039331,200,3789.808129
-127.677018,200,3790.468946
-124.870646,200,3791.129562
-240.16717,200,3791.852878
-217.974442,200,3792.554183
-232.524015,200,3793.237389
-125.521695,200,3793.907793
-243.978556,200,3794.575362
-243.641359,200,3795.34111
-120.800007,200,3796.006345
-222.633388,200,3796.660981
-121.322463,200,3797.311513
-221.635933,200,3797.962898
-122.631687,200,3798.613887
-118.676314,200,3799.262155
-117.052385,200,3799.939184
-116.531176,200,3800.67045
-117.824441,200,3801.351384
-0.523403,200,3802.128954
-274.911853,200,3802.791064
-118.470956,200,3803.444168
-0.707561,200,3804.096205
-118.033335,200,3804.748782
-126.627153,200,3805.399215
-244.771742,200,3806.06558
-229.011816,200,3806.760227
-218.456511,200,3807.499697
-224.830426,200,3808.202349
-0.913456,200,3808.989821
-119.813766,200,3809.694156
-315.343724,200,3810.414597
-127.115478,200,3811.147001
-887.337415,200,3811.854279
-124.539112,200,3812.54142
-224.51014,200,3813.237707
-228.378263,200,3814.156524
-117.381629,200,3814.985141
-119.630348,200,3815.644823
-307.897681,200,3816.403982
-296.46184,200,3817.095166
-122.29043,200,3817.973279
-219.431186,200,3818.639596
-236.904462,200,3819.284729
-126.58932,200,3819.927746
-226.976942,200,3820.569946
-120.168484,200,3821.423604
-1.022005,200,3822.312808
-240.142712,200,3823.039446
-218.866093,200,3823.846505
-227.464377,200,3824.525407
-119.081345,200,3825.190369
-117.434903,200,3825.843498
-236.955264,200,3826.489443
-124.689308,200,3827.154596
-0.677391,200,3827.885489
-231.286938,200,3828.762574
-123.696713,200,3829.434258
-228.344558,200,3830.089694
-116.716856,200,3830.927156
-116.409498,200,3831.597563
-118.36072,200,3832.261589
-224.273893,200,3833.013273
-244.38093,200,3833.705845
-119.973242,200,3834.379204
-232.059495,200,3835.366823
-123.293097,200,3836.099955
-116.071944,200,3836.790885
-238.335518,200,3837.468473
-122.133099,200,3838.262696
-237.444663,200,3838.955451
-221.857297,200,3839.648276
-0.49975,200,3840.309397
-227.310807,200,3840.967464
-116.451084,200,3841.627681
-2.488737,200,3842.424954
-121.353895,200,3843.259539
-221.541359,200,3843.931904
-114.85096,200,3844.613288
-234.582898,200,3845.389903
-223.590848,200,3846.056708
-126.581809,200,3846.719157
-1.74831,200,3847.380698
-246.489211,200,3848.036655
-233.711818,200,3848.706615
-119.020746,200,3849.742585
-238.309652,200,3850.445276
-118.541655,200,3851.102269
-326.068824,200,3851.753219
-1.190575,200,3852.531369
-1.137335,200,3853.194176
-115.837535,200,3853.848359
-123.263265,200,3854.498365
-120.053964,200,3855.143716
-118.740602,200,3855.792298
-126.232299,200,3856.565903
-114.413883,200,3857.405582
-0.94944,200,3858.069958
-120.668205,200,3858.720823
-123.99774,200,3859.478521
-113.959345,200,3860.138516
-237.036108,200,3860.791715
-127.119289,200,3861.448426
-119.855196,200,3862.094343
-124.071628,200,3862.739983
-125.648485,200,3863.461381
-292.131043,200,3864.319659
-123.726626,200,3864.982421
-227.133624,200,3865.633197
-123.807188,200,3866.399338
-0.166432,200,3867.092108
-234.497695,200,3867.74695
-120.173522,200,3868.393157
-125.406074,200,3869.036683
-0.448432,200,3869.680952
-219.816372,200,3870.360452
-214.448477,200,3871.345614
-115.86003,200,3872.025654
-223.868261,200,3872.675645
-3.704953,200,3873.434532
-123.927336,200,3874.091071
-216.176088,200,3874.735764
-120.202412,200,3875.377517
-232.078966,200,3876.019768
-119.038199,200,3876.66415
-0.811094,200,3877.485162
-228.937384,200,3878.216288
-120.293807,200,3878.870791
-122.604073,200,3879.516343
-123.381716,200,3880.280405
-216.050288,200,3880.936685
-115.911466,200,3881.586752
-116.218412,200,3882.233328
-120.720828,200,3882.901084
-121.768012,200,3883.548406
-129.415715,200,3884.189684
-119.593546,200,3884.839887
-119.108883,200,3885.483277
-127.37747,200,3886.136233
-118.906168,200,3887.218203
-119.049398,200,3887.912464
-121.431999,200,3888.563869
-117.222045,200,3889.207201
-227.019739,200,3889.852108
-116.650259,200,3890.567007
-310.20713,200,3891.407665
-230.046049,200,3892.069442
-234.468116,200,3892.715293
-118.511094,200,3893.359934
-119.637142,200,3894.119685
-221.206785,200,3894.773542
-122.435688,200,3895.437141
-231.262127,200,3896.081416
-120.922737,200,3896.727684
-124.246487,200,3897.372203
-126.334233,200,3898.156527
-116.567647,200,3899.023276
-123.215252,200,3899.690449
-114.298442,200,3900.34484
-116.412867,200,3901.111659
-117.541784,200,3901.777127
-4.094545,200,3902.441705
-122.479563,200,3903.112614
-121.712668,200,3903.787188
-128.920056,200,3904.456303
-124.831663,200,3905.124844
-119.736983,200,3905.794163
-116.700863,200,3906.484913
-1.627186,200,3907.173676
-114.15891,200,3907.946723
-116.846514,200,3908.628123
-117.487531,200,3909.299698
-225.678567,200,3909.968116
-232.534043,200,3910.633364
-126.278213,200,3911.293613
-233.642535,200,3911.948166
-116.54064,200,3912.619392
-118.531881,200,3913.301033
-227.201062,200,3913.969421
-126.250965,200,3914.742769
-117.463928,200,3915.404686
-116.016616,200,3916.05659
-0.357429,200,3916.711557
-223.016719,200,3917.363129
-292.121048,200,3918.019154
-230.659658,200,3918.684234
-0.450398,200,3919.359076
-117.776765,200,3920.029501
-236.600141,200,3920.711199
-220.735895,200,3921.502661
-121.107009,200,3922.168362
-0.897721,200,3922.835849
-126.209506,200,3923.509929
-226.947797,200,3924.182071
-1.116381,200,3924.847106
-1.045129,200,3925.49469
-117.883252,200,3926.142422
-0.34975,200,3926.846989
-313.556132,200,3927.532158
-116.398335,200,3928.300806
-117.531788,200,3928.966204
-235.3042,200,3929.633851
-118.587626,200,3930.30836
-114.363393,200,3930.96533
-2.305479,200,3931.62407
-119.138954,200,3932.291219
-282.515691,200,3932.948579
-5.501103,200,3933.598404
-319.830646,200,3934.256238
-123.447094,200,3935.046118
-122.971753,200,3935.732957
-237.683228,200,3936.391257
-124.683255,200,3937.050755
-231.013808,200,3937.707241
-126.538387,200,3938.357133
-120.015393,200,3939.015007
-0.818847,200,3939.737799
-1.779193,200,3940.734227
-115.592809,200,3941.431976
-0.849803,200,3942.192855
-120.073298,200,3942.887403
-116.374625,200,3943.537669
-118.247194,200,3944.181509
-296.584708,200,3944.828292
-113.878879,200,3945.47986
-125.839593,200,3946.133602
-123.881317,200,3946.800754
-219.938305,200,3947.683714
-119.08751,200,3948.378267
-118.806857,200,3949.133048
-219.835927,200,3949.782893
-117.538162,200,3950.436461
-119.035317,200,3951.07714
-3.193295,200,3951.734824
-127.355139,200,3952.402255
-119.410375,200,3953.286354
-252.190902,200,3954.148576
-232.623892,200,3954.814813
-117.132507,200,3955.464638
-117.493159,200,3956.216453
-221.768091,200,3956.865818
-117.152299,200,3957.52826
-222.807611,200,3958.174658
-222.480518,200,3958.829735
-219.217447,200,3959.474656
-116.392713,200,3960.27222
-119.558942,200,3961.034983
-114.49183,200,3961.686816
-2.364329,200,3962.328899
-1.471721,200,3963.08284
-128.044333,200,3963.733083
-0.312948,200,3964.38432
-123.954143,200,3965.022393
-0.934718,200,3965.661152
-124.376638,200,3966.300692
-0.758247,200,3967.0613
-223.689601,200,3967.922932
-118.14176,200,3968.584341
-119.017954,200,3969.227181
-119.821757,200,3969.981828
-1.520182,200,3970.636811
-243.378706,200,3971.282697
-121.874187,200,3971.923574
-116.297141,200,3972.580375
-116.688357,200,3973.242788
-119.620413,200,3973.885815
-230.989654,200,3974.742346
-0.192548,200,3975.614422
-120.269388,200,3976.284551
-123.621149,200,3977.041369
-310.522062,200,3977.706542
-227.68309,200,3978.369445
-228.203168,200,3979.021749
-118.149569,200,3979.690585
-125.763565,200,3980.356251
-118.415799,200,3981.238849
-119.024051,200,3981.944059
-275.445995,200,3982.597929
-119.567747,200,3983.249711
-114.291806,200,3984.028856
-118.722675,200,3984.706516
-118.375821,200,3985.36897
-126.276819,200,3986.017703
-116.253465,200,3986.660135
-0.291837,200,3987.380822
-270.660652,200,3988.29395
-228.77411,200,3988.968431
-0.522318,200,3989.61228
-222.098528,200,3990.26099
-132.111462,200,3991.019337
-0.642861,200,3991.669135
-222.68442,200,3992.314754
-118.851996,200,3992.975941
-117.260207,200,3993.61402
-126.455799,200,3994.283581
-125.533788,200,3995.004266
-118.694595,200,3995.920708
-118.925209,200,3996.625382
-118.882075,200,3997.293356
-214.608137,200,3998.076623
-113.58078,200,3998.748482
-1.467217,200,3999.439167
-120.659462,200,4000.103126
-222.064889,200,4000.789557
-124.348694,200,4001.464461
-218.766294,200,4002.125031
-246.468841,200,4002.805796
-234.275305,200,4003.484198
-215.011925,200,4004.172173
-117.972097,200,4004.952749
-119.725812,200,4005.634829
-119.648361,200,4006.294808
-118.777951,200,4006.963878
-122.017447,200,4007.638472
-117.378078,200,4008.30245
-120.363599,200,4008.980644
-126.305498,200,4009.678434
-226.397875,200,4010.380215
-123.974043,200,4011.070707
-118.266514,200,4011.87056
-119.126024,200,4012.561018
-0.902071,200,4013.251336
-117.37097,200,4013.921752
-118.273553,200,4014.598692
-2.287155,200,4015.256085
-116.172272,200,4015.917899
-120.203372,200,4016.582037
-1.013309,200,4017.243724
-0.24315,200,4017.908365
-252.534943,200,4018.732861
-127.981872,200,4019.406203
-117.542251,200,4020.061979
-230.668321,200,4020.714959
-126.830222,200,4021.366199
-123.861853,200,4022.032249
-126.035334,200,4022.685261
-4.219736,200,4023.339992
-120.281315,200,4023.989329
-221.795285,200,4024.63988
-228.035955,200,4025.390153
-117.4359,200,4026.046055
-117.451772,200,4026.685321
-120.731896,200,4027.330513
-124.892804,200,4027.972657
-116.362546,200,4028.756639
-233.354095,200,4029.635437
-219.928765,200,4030.312516
-233.212908,200,4030.954113
-116.254828,200,4031.607902
-269.602942,200,4032.375087
-125.591546,200,4033.04994
-121.02968,200,4033.711276
-0.428687,200,4034.367108
-116.877882,200,4035.018218
-116.107154,200,4035.684763
-127.043368,200,4036.331041
-113.37931,200,4037.006804
-115.067838,200,4037.667353
-116.894692,200,4038.324663
-0.823408,200,4039.087149
-303.09453,200,4039.733749
-114.055271,200,4040.407674
-218.14361,200,4041.092072
-225.419925,200,4041.765818
-287.985345,200,4042.415705
-129.059102,200,4043.08501
-235.791832,200,4043.740909
-238.570504,200,4044.438834
-116.375294,200,4045.426776
-0.440854,200,4046.250512
-230.738852,200,4046.925073
-118.905577,200,4047.590302
-119.076763,200,4048.257839
-116.593502,200,4048.909435
-123.245464,200,4049.590577
-118.634891,200,4050.44914
-116.318205,200,4051.233852
-223.664337,200,4051.917003
-116.376042,200,4052.558872
