#{"t_start": 1789064500.349025, "env_id": "Pendulum-v1"}
r,l,t
-1082.743198,200,0.358588
-1496.137126,200,1.024789
-1510.643865,200,1.714685
-1651.024457,200,2.374312
-1492.701017,200,3.0299
-1603.962249,200,3.685437
-1532.271578,200,4.34105
-1532.650561,200,4.99673
-1386.967292,200,5.651493
-1326.411606,200,6.310534
-1306.06116,200,7.089897
-1061.476678,200,7.757746
-1493.990836,200,8.420283
-1035.792898,200,9.108388
-1148.628216,200,9.777118
-908.281765,200,10.433276
-1067.919,200,11.097431
-1045.136867,200,11.753532
-1491.711716,200,12.409668
-900.884514,200,13.065312
-857.275822,200,13.839157
-778.951463,200,14.504291
-793.839178,200,15.165258
-643.992483,200,15.821347
-417.686336,200,16.481563
-395.029044,200,17.137649
-147.516442,200,17.793282
-128.209067,200,18.44916
-248.571974,200,19.105421
-263.643557,200,19.761239
-130.202961,200,20.536693
-129.829337,200,21.207612
-258.579505,200,21.869735
-127.930016,200,22.52645
-246.07934,200,23.245747
-245.093365,200,23.927167
-250.020049,200,24.611154
-3.537719,200,25.285558
-122.75462,200,25.959213
-244.749996,200,26.63817
-126.065272,200,27.420908
-128.229136,200,28.091222
-261.979947,200,28.753071
-131.258661,200,29.410148
-125.300231,200,30.074119
-125.852234,200,30.736127
-125.914537,200,31.396028
-124.591117,200,32.057195
-244.784141,200,32.718891
-128.642272,200,33.379194
-125.097192,200,34.153575
-243.074369,200,34.831124
-120.593939,200,35.496651
-2.150023,200,36.156652
-333.745921,200,36.817737
-117.434848,200,37.477901
-122.33538,200,38.142986
-124.868098,200,38.804233
-124.62354,200,39.463423
-124.188829,200,40.12368
-125.098282,200,40.901824
-122.896031,200,41.581739
-2.589725,200,42.248406
-236.089514,200,42.909223
-118.52379,200,43.569419
-121.605177,200,44.230726
-234.751365,200,44.959939
-116.062106,200,45.636333
-124.11684,200,46.297544
-122.086778,200,46.958461
-239.928866,200,47.734071
-114.178039,200,48.41131
-0.585475,200,49.079356
-123.008864,200,49.740276
-0.732026,200,50.401675
-251.232093,200,51.062838
-123.443275,200,51.722867
-247.047004,200,52.384214
-116.51016,200,53.044749
-122.747247,200,53.705165
-129.249743,200,54.480221
-123.794452,200,55.158986
-0.882571,200,55.825364
-129.672403,200,56.48925
-124.617596,200,57.150445
-121.717841,200,57.811789
-125.73148,200,58.480355
-126.53194,200,59.145297
-379.201085,200,59.806342
-341.683137,200,60.469292
-121.143076,200,61.243449
-123.616339,200,61.922331
-240.588396,200,62.588607
-355.664986,200,63.250577
-244.952428,200,63.912774
-116.509051,200,64.574428
-125.592725,200,65.237972
-244.580355,200,65.899224
-127.199145,200,66.559438
-233.575437,200,67.221793
-2.20134,200,67.994205
-117.086422,200,68.671335
-237.067491,200,69.337588
-127.080953,200,69.999662
-120.124137,200,70.66164
-248.902258,200,71.321684
-1.867691,200,71.981853
-0.499765,200,72.641978
-235.064344,200,73.305022
-122.588906,200,73.965559
-129.048958,200,74.738649
-248.628622,200,75.415652
-241.996834,200,76.084862
-119.635584,200,76.745723
-232.29738,200,77.408131
-117.707443,200,78.085644
-2.24507,200,78.750836
-232.371899,200,79.413227
-123.407849,200,80.075785
-284.612109,200,80.738351
-233.91716,200,81.513184
-239.933134,200,82.19012
-122.061091,200,82.855757
-121.956033,200,83.516969
-116.696234,200,84.177408
-130.527697,200,84.837367
-2.220777,200,85.497203
-118.486994,200,86.15706
-228.024828,200,86.816906
-119.2936,200,87.478367
-2.91871,200,88.253037
-123.977573,200,88.929556
-128.679453,200,89.595396
-247.295717,200,90.256176
-122.055177,200,90.91403
-235.876224,200,91.571647
-125.288289,200,92.228833
-126.665726,200,92.886017
-236.551166,200,93.543048
-227.238706,200,94.200122
-134.149628,200,94.971435
-126.426407,200,95.683237
-259.057518,200,96.358683
-117.471447,200,97.021287
-123.794005,200,97.684039
-115.054759,200,98.341561
-253.376967,200,98.999293
-126.799071,200,99.656848
-126.662064,200,100.314632
-232.224896,200,100.972276
-121.708368,200,101.748461
-5.163716,200,102.420113
-132.833308,200,103.082684
-248.737145,200,103.74087
-131.965804,200,104.399307
-127.828889,200,105.057998
-124.494781,200,105.715844
-5.733669,200,106.373189
-121.503672,200,107.031553
-224.708934,200,107.689698
-114.000169,200,108.460464
-340.135834,200,109.132183
-122.97474,200,109.795201
-123.655731,200,110.453972
-225.758681,200,111.112732
-118.146196,200,111.77213
-119.958536,200,112.435836
-119.922219,200,113.101203
-121.554341,200,113.771342
-114.23547,200,114.430865
-118.120857,200,115.201922
-114.483429,200,115.879199
-0.322975,200,116.543748
-0.534182,200,117.212963
-120.280599,200,117.883934
-120.213082,200,118.546855
-1.104148,200,119.243921
-117.77929,200,119.936793
-127.317112,200,120.601514
-1.203653,200,121.265841
-129.377874,200,122.039542
-115.732016,200,122.717738
-234.885819,200,123.383628
-118.326598,200,124.046371
-2.111229,200,124.707989
-128.296588,200,125.369817
-116.089984,200,126.031226
-1.56759,200,126.69224
-247.966713,200,127.354456
-122.384063,200,128.016372
-130.133569,200,128.790341
-113.815361,200,129.467201
-117.412483,200,130.133659
-127.632435,200,130.794429
-116.949262,200,131.455399
-2.251635,200,132.116615
-130.64668,200,132.778196
-129.14584,200,133.440439
-119.524185,200,134.101475
-119.742978,200,134.762652
-228.050131,200,135.568301
-125.064788,200,136.246675
-122.951183,200,136.913535
-122.866646,200,137.577603
-128.562728,200,138.241302
-292.329198,200,138.904145
-131.709045,200,139.566816
-227.35574,200,140.228948
-360.73623,200,140.890595
-254.258134,200,141.552038
-124.7004,200,142.325053
-134.265699,200,143.003065
-124.10691,200,143.669161
-120.37015,200,144.331427
-1.55431,200,144.992866
-120.100826,200,145.654007
-1.067347,200,146.316168
-127.886464,200,146.977962
-240.848729,200,147.639723
-229.833397,200,148.301184
-232.311395,200,149.074595
-3.991554,200,149.750769
-124.020056,200,150.416628
-4.684689,200,151.080031
-239.942015,200,151.741231
-128.965028,200,152.401839
-126.843293,200,153.062576
-123.327635,200,153.723409
-130.674761,200,154.385838
-355.858705,200,155.079527
-121.246436,200,155.85907
-122.320086,200,156.538807
-121.656563,200,157.224205
-234.302962,200,157.88821
-120.519943,200,158.551295
-121.071019,200,159.212899
-127.457018,200,159.875402
-224.956298,200,160.539218
-240.055514,200,161.201073
-131.486766,200,161.863635
-231.075096,200,162.636579
-118.699698,200,163.315617
-122.021355,200,163.982895
-231.814645,200,164.6445
-121.325646,200,165.306875
-128.804272,200,165.968612
-118.222916,200,166.631059
-115.251654,200,167.295383
-239.274462,200,167.95686
-115.972701,200,168.618282
-128.640096,200,169.398855
-122.169734,200,170.077265
-233.266226,200,170.745096
-123.032257,200,171.407954
-125.853865,200,172.070532
-124.748399,200,172.735513
-119.70558,200,173.399005
-120.777081,200,174.061204
-235.270584,200,174.72321
-126.6725,200,175.385182
-0.578028,200,176.164252
-238.02397,200,176.842674
-0.456852,200,177.510267
-129.122928,200,178.173869
-129.439274,200,178.837479
-122.476536,200,179.498765
-121.003675,200,180.160918
-124.627827,200,180.823995
-223.065511,200,181.486091
-287.492949,200,182.148028
-223.288379,200,182.921331
-120.245667,200,183.596647
-119.117701,200,184.262438
-117.988517,200,184.924522
-115.158841,200,185.589682
-234.08155,200,186.251154
-120.938092,200,186.912622
-122.467595,200,187.572933
-124.887777,200,188.233571
-114.457096,200,188.893856
-224.67298,200,189.668191
-238.106052,200,190.344563
-1.896024,200,191.011474
-2.227253,200,191.673026
-2.509655,200,192.334364
-1.929303,200,192.995474
-126.915373,200,193.659809
-244.902391,200,194.322256
-120.531829,200,194.983245
-117.958804,200,195.643455
-1.328542,200,196.418631
-224.630695,200,197.095165
-124.428696,200,197.763974
-117.75288,200,198.425499
-231.029268,200,199.08733
-356.728433,200,199.748667
-0.219154,200,200.412685
-121.034866,200,201.074063
-122.45106,200,201.735973
-123.633423,200,202.396997
-115.224951,200,203.1725
-114.319753,200,203.849701
-114.523554,200,204.516757
-122.878274,200,205.178738
-125.57013,200,205.845163
-129.775227,200,206.505927
-228.074086,200,207.167901
-235.565592,200,207.829852
-1.137211,200,208.491928
-230.190432,200,209.1564
-230.690815,200,209.948501
-321.70827,200,210.731551
-119.211252,200,211.414542
-114.942931,200,212.092222
-125.26174,200,212.765089
-116.945745,200,213.442646
-0.470244,200,214.121841
-128.380941,200,214.790227
-116.661601,200,215.478926
-228.674127,200,216.157673
-113.842725,200,216.932948
-0.379204,200,217.615265
-132.404103,200,218.27813
-231.228485,200,218.941451
-114.00803,200,219.600544
-250.140128,200,220.260219
-116.198611,200,220.918731
-2.512289,200,221.577596
-120.869381,200,222.23703
-121.468022,200,222.896111
-126.769211,200,223.668681
-245.263978,200,224.342028
-116.877082,200,225.00628
-118.269647,200,225.66613
-249.465199,200,226.32629
-124.00586,200,226.992192
-230.802936,200,227.651182
-128.184199,200,228.310258
-128.401292,200,228.973477
-2.957433,200,229.633451
-114.776281,200,230.406007
-2.6903,200,231.077944
-129.449481,200,231.742044
-124.249005,200,232.402094
-119.624539,200,233.061683
-120.851933,200,233.720733
-119.029131,200,234.37996
-252.37419,200,235.039315
-129.032821,200,235.698285
-130.358677,200,236.357556
-278.85965,200,237.129826
-123.042985,200,237.844928
-226.036981,200,238.567632
-277.302019,200,239.287757
-124.199099,200,240.023886
-119.117084,200,240.69061
-119.692604,200,241.380066
-120.093032,200,242.043086
-114.408365,200,242.702137
-225.32356,200,243.361845
-1.791113,200,244.133368
-234.876554,200,244.806724
-119.384804,200,245.471217
-224.362648,200,246.130229
-117.636197,200,246.789806
-123.268995,200,247.452111
-119.645953,200,248.114629
-123.717327,200,248.773171
-128.643272,200,249.432434
-2.376257,200,250.091508
-3.616068,200,250.861931
-130.785789,200,251.534313
-243.180739,200,252.198682
-124.170341,200,252.860447
-219.526697,200,253.523677
-119.101504,200,254.183399
-120.358203,200,254.842436
-239.569013,200,255.501291
-123.703892,200,256.16027
-120.494149,200,256.822648
-122.356032,200,257.623315
-6.410003,200,258.304517
-230.024291,200,258.968273
-230.61821,200,259.627173
-264.044016,200,260.286799
-125.106032,200,260.945616
-238.881646,200,261.604717
-348.38517,200,262.263664
-225.821977,200,262.922077
-129.764889,200,263.580913
-121.361163,200,264.353735
-122.330342,200,265.028604
-118.326182,200,265.882343
-122.163102,200,266.61085
-128.871494,200,267.291109
-4.163022,200,267.952443
-120.757661,200,268.613018
-233.525503,200,269.272475
-254.698742,200,269.931888
-229.537275,200,270.591738
-334.203504,200,271.366062
-130.486683,200,272.038172
-1.155274,200,272.702304
-222.938793,200,273.362103
-1.731513,200,274.021585
-117.548169,200,274.68043
-292.190386,200,275.339551
-129.822404,200,275.99885
-233.641252,200,276.658644
-124.303359,200,277.331561
-231.907621,200,278.110921
-130.391448,200,278.789984
-123.488507,200,279.460295
-122.249168,200,280.126796
-337.682008,200,280.790536
-120.170955,200,281.45312
-122.37147,200,282.115699
-119.914534,200,282.780235
-128.05438,200,283.443476
-116.442633,200,284.106678
-230.5025,200,284.882521
-4.436551,200,285.564073
-124.910862,200,286.231717
-231.99651,200,286.894433
-130.264572,200,287.556631
-233.695867,200,288.218507
-120.240138,200,288.88143
-118.144495,200,289.544685
-126.709465,200,290.20873
-128.904523,200,290.870729
-118.081986,200,291.64708
-125.577647,200,292.327135
-2.361429,200,292.99532
-126.027022,200,293.65809
-231.856018,200,294.32157
-280.98243,200,294.984073
-117.021661,200,295.646162
-127.921385,200,296.308113
-120.27191,200,296.971582
-126.682828,200,297.633648
-117.758938,200,298.410651
-2.069917,200,299.090645
-224.897621,200,299.759081
-230.329579,200,300.422429
-117.660495,200,301.085364
-245.208843,200,301.749685
-121.507556,200,302.412697
-130.608571,200,303.074517
-123.670587,200,303.736359
-127.923921,200,304.398019
-325.069821,200,305.173476
-122.755317,200,305.852377
-115.633715,200,306.518622
-349.160391,200,307.182263
-224.724272,200,307.845942
-226.929729,200,308.508076
-130.618103,200,309.168834
-121.915856,200,309.830709
-2.644007,200,310.492474
-124.362907,200,311.154895
-119.473562,200,311.936918
-127.747749,200,312.617398
-125.164372,200,313.285445
-5.930885,200,313.949073
-130.662789,200,314.611499
-230.386561,200,315.273814
-323.036391,200,315.936471
-125.063112,200,316.598759
-126.887042,200,317.261313
-123.658178,200,317.923111
-2.519322,200,318.69937
-5.773652,200,319.376625
-229.831266,200,320.044597
-234.353371,200,320.708754
-128.374123,200,321.37221
-116.179515,200,322.034501
-123.529627,200,322.6972
-119.400455,200,323.361036
-5.425786,200,324.023982
-119.143877,200,324.688205
-120.738397,200,325.465615
-123.332404,200,326.142613
-246.301273,200,326.807539
-1.548839,200,327.469274
-116.979518,200,328.130476
-227.525578,200,328.79306
-2.592732,200,329.456706
-133.056474,200,330.11889
-121.807131,200,330.781429
-129.243718,200,331.444321
-230.124183,200,332.235008
-227.949798,200,332.917498
-123.474003,200,333.58565
-118.083064,200,334.251311
-119.355466,200,334.914959
-1.859804,200,335.57713
-126.742765,200,336.240395
-230.400535,200,336.903158
-261.593327,200,337.564084
-238.598409,200,338.223366
-129.761334,200,339.000967
-120.932324,200,339.673974
-2.13268,200,340.337892
-122.438344,200,340.998156
-120.044878,200,341.65768
-121.759326,200,342.316727
-117.563876,200,342.97501
-117.931177,200,343.633383
-127.55347,200,344.292259
-329.210608,200,344.9524
-131.775047,200,345.722945
-316.136371,200,346.426902
-120.673691,200,347.090791
-128.023157,200,347.750993
-122.901025,200,348.410822
-232.654321,200,349.070239
-238.048617,200,349.729775
-117.452975,200,350.389053
-1.491477,200,351.047616
-118.383219,200,351.706071
-2.427532,200,352.475832
-308.091165,200,353.150601
-223.660289,200,353.814078
-233.039524,200,354.473534
-128.013616,200,355.133944
-114.478282,200,355.806627
-118.791246,200,356.494252
-116.571606,200,357.173336
-1.452449,200,357.987314
-118.860046,200,358.766657
-118.263641,200,359.564244
-116.35687,200,360.243435
-129.217157,200,360.90912
-221.561527,200,361.570953
-232.201128,200,362.2309
-2.552544,200,362.888905
-115.598446,200,363.547681
-1.748633,200,364.218076
-126.02523,200,364.878099
-1.792242,200,365.537682
-241.98001,200,366.309439
-129.839231,200,366.983216
-120.296354,200,367.6471
-117.774935,200,368.306699
-116.0804,200,368.966517
-117.180745,200,369.625117
-1.113601,200,370.285278
-119.722455,200,370.943873
-124.875179,200,371.608731
-233.550234,200,372.270894
-117.807324,200,373.052021
-117.21665,200,373.730186
-225.336656,200,374.39905
-118.823435,200,375.064189
-123.736768,200,375.728596
-114.008984,200,376.391718
-221.68619,200,377.056114
-2.564008,200,377.719328
-119.401779,200,378.383507
-120.587679,200,379.04736
-119.232505,200,379.822882
-123.426826,200,380.498961
-115.095022,200,381.167703
-218.584693,200,381.830313
-119.24456,200,382.493862
-3.31544,200,383.156637
-124.757772,200,383.824097
-116.683733,200,384.487471
-118.88148,200,385.150802
-1.69731,200,385.813621
-124.718037,200,386.591152
-117.991344,200,387.270735
-1.799244,200,387.938725
-123.409863,200,388.602265
-1.118296,200,389.266321
-114.752184,200,389.929083
-128.283587,200,390.591051
-126.293338,200,391.25506
-121.655887,200,391.917704
-235.725221,200,392.579734
-130.966744,200,393.356683
-231.980485,200,394.033504
-1.692934,200,394.700787
-245.124991,200,395.363294
-121.110182,200,396.025325
-121.024026,200,396.688156
-243.482634,200,397.351009
-127.957668,200,398.019529
-219.284393,200,398.699745
-306.422605,200,399.365935
-2.04729,200,400.143893
-123.861266,200,400.887499
-224.932085,200,401.557681
-116.730394,200,402.221048
-127.375079,200,402.884381
-130.845058,200,403.547056
-128.908822,200,404.209406
-240.194841,200,404.872295
-235.370244,200,405.534341
-126.553035,200,406.196718
-128.233741,200,406.972329
-293.420479,200,407.652005
-233.212694,200,408.320561
-129.642619,200,408.984038
-241.335194,200,409.647257
-2.190095,200,410.313557
-115.587228,200,410.975451
-233.960375,200,411.661193
-120.144428,200,412.323864
-315.519367,200,412.986878
-121.4665,200,413.764008
-118.964331,200,414.445428
-125.928768,200,415.113465
-129.375723,200,415.778647
-220.161629,200,416.441671
-2.516375,200,417.105676
-2.49492,200,417.768242
-245.406719,200,418.431024
-129.03306,200,419.092571
-116.835938,200,419.758823
-122.387405,200,420.538044
-123.234525,200,421.216552
-239.869253,200,421.884418
-0.275887,200,422.547515
-113.922255,200,423.209677
-226.880481,200,423.87167
-0.468893,200,424.535186
-119.208787,200,425.198421
-0.186039,200,425.861228
-228.789621,200,426.523545
-1.902402,200,427.301325
-1.232049,200,427.978374
-119.145738,200,428.64697
-124.660315,200,429.310261
-125.793586,200,429.974125
-117.10422,200,430.636837
-230.71213,200,431.30015
-118.91786,200,431.962864
-127.387513,200,432.626826
-121.272669,200,433.290466
-123.822904,200,434.064943
-120.600859,200,434.742489
-114.453943,200,435.410166
-123.845687,200,436.073094
-117.139109,200,436.735465
-222.470048,200,437.39746
-124.792741,200,438.05877
-124.585249,200,438.719815
-122.83759,200,439.381401
-230.875789,200,440.041853
-132.180622,200,440.815845
-119.614757,200,441.49491
-225.550874,200,442.163334
-4.999412,200,442.826901
-117.698551,200,443.489967
-126.081566,200,444.153819
-242.021168,200,444.816666
-236.765041,200,445.480913
-220.338771,200,446.145349
-125.717477,200,446.80828
-124.916109,200,447.583868
-123.309493,200,448.263655
-3.593778,200,448.931866
-128.901941,200,449.595423
-123.131921,200,450.258763
-117.958373,200,450.922575
-4.90085,200,451.585278
-126.254055,200,452.24676
-133.088213,200,452.90998
-121.982471,200,453.572754
-226.32281,200,454.347569
-126.916967,200,455.025242
-6.87715,200,455.692731
-225.346899,200,456.355568
-126.394687,200,457.020409
-120.049686,200,457.684172
-7.72471,200,458.346482
-124.176459,200,459.005632
-126.18771,200,459.664773
-131.267591,200,460.323668
-231.213976,200,461.094379
-123.492913,200,461.767757
-129.171185,200,462.432144
-122.198833,200,463.091676
-303.141071,200,463.751122
-133.12628,200,464.409783
-129.69001,200,465.068881
-126.666691,200,465.728277
-127.62519,200,466.387594
-133.704017,200,467.046599
-233.092573,200,467.817901
-137.323645,200,468.524294
-135.119464,200,469.188976
-228.706183,200,469.850259
-131.305159,200,470.510216
-138.534415,200,471.179644
-234.006728,200,471.840001
-15.367169,200,472.499613
-301.914375,200,473.15919
-126.101518,200,473.818233
-9.087971,200,474.590276
-131.239949,200,475.264295
-125.948833,200,475.928274
-236.388142,200,476.588298
-133.564673,200,477.248349
-10.10513,200,477.90712
-232.749458,200,478.56678
-127.342783,200,479.226255
-239.625505,200,479.885222
-7.642114,200,480.544557
-287.831093,200,481.315821
-124.550488,200,481.988145
-240.823572,200,482.652646
-134.321928,200,483.312185
-6.469143,200,483.972036
-235.92563,200,484.631568
-223.52939,200,485.291462
-257.454143,200,485.95084
-120.889837,200,486.609587
-2.187913,200,487.26871
-235.851485,200,488.039536
-118.223465,200,488.711999
-119.832547,200,489.3763
-117.765734,200,490.035834
-306.339994,200,490.694884
-237.78287,200,491.353664
-123.796492,200,492.012525
-127.014397,200,492.671787
-230.949593,200,493.331133
-228.352116,200,493.989704
-2.766026,200,494.760581
-115.258324,200,495.433725
-132.418343,200,496.098097
-128.958827,200,496.757992
-235.139646,200,497.417712
-124.614645,200,498.076319
-4.261386,200,498.73558
-120.235672,200,499.395086
-121.683366,200,500.054679
-119.055693,200,500.71427
-238.538893,200,501.494521
-129.301222,200,502.170377
-115.22055,200,502.8352
-117.294344,200,503.495217
-118.137127,200,504.154758
-3.471189,200,504.814614
-224.211387,200,505.479905
-126.857223,200,506.140141
-223.473112,200,506.801123
-230.171169,200,507.461183
-126.27014,200,508.240353
-2.315943,200,508.931788
-121.840495,200,509.605386
-222.667173,200,510.270285
-224.163262,200,510.935336
-243.098703,200,511.605826
-128.96616,200,512.269993
-332.626626,200,512.934583
-224.532495,200,513.598266
-115.497336,200,514.26301
-234.793773,200,515.045606
-239.461562,200,515.725757
-123.633765,200,516.397736
-328.010834,200,517.06186
-122.013003,200,517.726065
-119.598897,200,518.390135
-2.829759,200,519.053984
-226.635393,200,519.717022
-3.538893,200,520.380199
-231.476406,200,521.042613
-123.573277,200,521.819737
-118.621839,200,522.497787
-122.294481,200,523.165719
-129.514516,200,523.829366
-129.77813,200,524.492981
-318.356686,200,525.157238
-115.719377,200,525.820713
-126.400942,200,526.483091
-122.953062,200,527.146607
-125.173066,200,527.818766
-124.923523,200,528.596664
-127.924322,200,529.276129
-218.793458,200,529.95083
-121.661503,200,530.615887
-116.952215,200,531.279221
-230.932262,200,531.941502
-119.520203,200,532.603485
-305.414041,200,533.265373
-121.490988,200,533.927388
-223.629003,200,534.589514
-2.525612,200,535.365295
-231.52054,200,536.041225
-118.132654,200,536.707501
-125.135751,200,537.370492
-128.379863,200,538.032647
-122.390933,200,538.695586
-126.704736,200,539.358608
-244.252153,200,540.020846
-226.555267,200,540.683341
-7.40617,200,541.365845
-234.921722,200,542.209971
-2.992456,200,542.929842
-234.128729,200,543.599027
-132.560878,200,544.2684
-115.624411,200,544.934522
-127.362336,200,545.5992
-2.001257,200,546.264374
-232.560617,200,546.927696
-117.436441,200,547.592018
-117.664456,200,548.257958
-224.748914,200,549.034782
-231.390806,200,549.714019
-249.477201,200,550.385552
-227.698104,200,551.052207
-116.111295,200,551.726448
-125.86751,200,552.390803
-122.785392,200,553.05735
-116.917635,200,553.726086
-118.143616,200,554.390145
-0.39089,200,555.054248
-119.512299,200,555.831621
-119.243947,200,556.50962
-118.939379,200,557.179548
-128.252965,200,557.843444
-128.527543,200,558.508248
-120.644752,200,559.173121
-119.613697,200,559.836899
-267.792752,200,560.501077
-239.448665,200,561.166588
-118.382561,200,561.829527
-1.377731,200,562.605267
-121.082345,200,563.28394
-269.316753,200,563.952222
-241.955882,200,564.616794
-117.579093,200,565.279932
-127.622253,200,565.94378
-125.705806,200,566.607472
-1.715292,200,567.271324
-228.732949,200,567.933998
-115.696618,200,568.596384
-120.477407,200,569.36962
-130.554448,200,570.042241
-1.206926,200,570.706773
-1.476202,200,571.367486
-125.883828,200,572.027867
-220.13724,200,572.688484
-130.403924,200,573.349318
-121.11972,200,574.009035
-117.824326,200,574.668503
-227.149475,200,575.327997
-119.652132,200,576.102126
-119.650001,200,576.775311
-119.526245,200,577.440718
-233.974758,200,578.101711
-117.982696,200,578.762196
-117.803024,200,579.422092
-113.412647,200,580.08213
-129.640348,200,580.748551
-118.907075,200,581.408957
-228.449453,200,582.069251
-1.253569,200,582.842084
-118.838391,200,583.515594
-129.062427,200,584.18018
-126.884743,200,584.840555
-6.986874,200,585.501059
-129.041724,200,586.161074
-235.985479,200,586.821047
-121.190373,200,587.480178
-1.227625,200,588.140498
-3.092554,200,588.800834
-124.672933,200,589.574105
-126.119625,200,590.248764
-118.518034,200,590.913279
-122.554873,200,591.573264
-122.879192,200,592.233516
-118.11691,200,592.893954
-125.236963,200,593.553692
-119.903178,200,594.212901
-122.12131,200,594.871926
-125.935656,200,595.530961
-121.803005,200,596.303535
-119.31638,200,596.977043
-3.991808,200,597.641349
-114.639384,200,598.302156
-115.74329,200,598.963217
-1.850735,200,599.623232
-122.126046,200,600.283387
-0.914685,200,600.943797
-280.244128,200,601.603644
-120.09382,200,602.263713
-232.669379,200,603.034057
-122.752771,200,603.706882
-128.556246,200,604.372335
-126.745084,200,605.03276
-273.755841,200,605.693246
-2.601292,200,606.353355
-117.640739,200,607.013069
-236.449368,200,607.6726
-1.381821,200,608.332069
-237.21359,200,608.992124
-317.095422,200,609.764976
-118.188185,200,610.437907
-125.10788,200,611.104345
-3.306113,200,611.76449
-326.882995,200,612.42447
-237.292783,200,613.084624
-126.013925,200,613.744402
-118.076884,200,614.403632
-126.030677,200,615.063114
-323.415651,200,615.722615
-122.55404,200,616.4952
-232.514458,200,617.168278
-116.609607,200,617.832961
-114.090751,200,618.492743
-2.607183,200,619.152612
-119.979384,200,619.811698
-120.733784,200,620.470844
-121.514398,200,621.130309
-237.371393,200,621.789357
-127.964755,200,622.448293
-115.444215,200,623.220276
-288.493338,200,623.893453
-122.485123,200,624.556913
-121.870928,200,625.217292
-233.329453,200,625.878494
-225.319547,200,626.538819
-128.938664,200,627.198429
-125.192954,200,627.858268
-120.53832,200,628.518092
-249.39127,200,629.178317
-118.888862,200,629.951312
-298.494908,200,630.625183
-123.67249,200,631.289816
-230.072126,200,631.950063
-239.779639,200,632.610149
-128.776509,200,633.27022
-114.211366,200,633.929885
-126.154987,200,634.589543
-1.13359,200,635.248792
-120.754132,200,635.90835
-0.147006,200,636.69025
-227.717274,200,637.371372
-126.127064,200,638.052012
-235.251076,200,638.717732
-116.243456,200,639.381615
-0.17157,200,640.045334
-0.77032,200,640.709135
-236.027866,200,641.372257
-126.172222,200,642.037579
-118.740041,200,642.700661
-125.325326,200,643.476694
-242.53708,200,644.155372
-126.352816,200,644.824786
-120.273135,200,645.490479
-217.969858,200,646.154611
-229.915433,200,646.817947
-120.405782,200,647.481588
-222.416035,200,648.145559
-125.862598,200,648.809711
-228.727724,200,649.479565
-0.253374,200,650.255149
-127.916551,200,650.933878
-122.490962,200,651.605383
-118.49717,200,652.269956
-115.585446,200,652.934174
-0.775895,200,653.611587
-235.898725,200,654.276257
-271.074065,200,654.939339
-119.202634,200,655.602134
-115.418934,200,656.265332
-115.303929,200,657.043162
-122.376138,200,657.754556
-131.775095,200,658.423233
-121.449498,200,659.092329
-265.054582,200,659.756132
-127.256864,200,660.42054
-1.625936,200,661.084608
-1.55804,200,661.747722
-3.184195,200,662.411089
-238.928358,200,663.073494
-116.68135,200,663.84859
-119.264904,200,664.528504
-227.020104,200,665.196467
-117.575612,200,665.859955
-120.579136,200,666.522888
-2.205183,200,667.186353
-7.671268,200,667.849789
-1.687295,200,668.512475
-274.860982,200,669.175914
-220.660918,200,669.838503
-1.129739,200,670.615177
-1.103642,200,671.294189
-231.909969,200,671.962762
-128.375733,200,672.626942
-231.931299,200,673.291435
-119.837718,200,673.955838
-117.120626,200,674.619522
-1.764046,200,675.283752
-119.537636,200,675.946788
-119.311391,200,676.609335
-118.019822,200,677.395539
-224.857005,200,678.07329
-1.630797,200,678.742001
-125.404626,200,679.406882
-127.442731,200,680.071271
-126.290699,200,680.735019
-113.775017,200,681.39964
-0.937587,200,682.063387
-126.165075,200,682.726748
-224.264825,200,683.390363
-236.421009,200,684.166668
-226.587058,200,684.84482
-128.806913,200,685.51365
-0.700261,200,686.178489
-1.803472,200,686.842454
-0.516403,200,687.50596
-127.2513,200,688.1688
-117.201476,200,688.831633
-0.643952,200,689.494819
-0.590934,200,690.157528
-114.079873,200,690.934547
-127.494675,200,691.616932
-118.583551,200,692.285691
-300.903545,200,692.951528
-127.126006,200,693.615739
-250.002846,200,694.27894
-123.240743,200,694.942437
-117.926258,200,695.604238
-125.29851,200,696.266657
-2.072223,200,696.928902
-127.375205,200,697.704753
-120.717365,200,698.380968
-121.024284,200,699.04599
-121.138854,200,699.705831
-121.153671,200,700.365293
-0.5811,200,701.024913
-116.17104,200,701.684121
-118.985994,200,702.343319
-1.437219,200,703.002682
-122.690593,200,703.662021
-1.257703,200,704.433275
-220.033897,200,705.105556
-230.696793,200,705.770177
-228.214845,200,706.430576
-128.451933,200,707.089671
-226.841958,200,707.790158
-127.736244,200,708.469461
-117.243506,200,709.132331
-125.446551,200,709.796383
-299.668317,200,710.458369
-117.646602,200,711.231065
-116.851618,200,711.904785
-236.684777,200,712.570198
-318.541288,200,713.231047
-122.395356,200,713.891872
-113.221777,200,714.552354
-116.137843,200,715.212433
-114.55958,200,715.872556
-123.970147,200,716.532413
-114.920862,200,717.192209
-128.21746,200,717.964905
-0.206252,200,718.637505
-114.838623,200,719.302043
-219.814474,200,719.962903
-128.233803,200,720.622477
-124.920684,200,721.282514
-226.407464,200,721.942521
-130.581511,200,722.602367
-130.277263,200,723.261995
-124.378296,200,723.921146
-221.475561,200,724.693561
-126.432008,200,725.366405
-222.003908,200,726.03084
-0.985331,200,726.690906
-124.85506,200,727.350971
-221.045572,200,728.011017
-230.115122,200,728.670797
-114.385029,200,729.330948
-113.506455,200,729.990218
-119.604978,200,730.649389
-222.660346,200,731.421249
-228.450556,200,732.093126
-256.313275,200,732.7561
-125.976696,200,733.415498
-230.100623,200,734.074896
-116.599197,200,734.733554
-119.309636,200,735.391837
-0.269491,200,736.050485
-222.220901,200,736.708624
-230.428164,200,737.366874
-120.113081,200,738.138408
-131.957451,200,738.811027
-233.972219,200,739.47573
-275.691452,200,740.136872
-235.815755,200,740.808995
-231.681676,200,741.473258
-320.319753,200,742.136778
-115.603163,200,742.79954
-219.257817,200,743.462502
-123.244347,200,744.127761
-2.026941,200,744.902922
-127.773244,200,745.580632
-279.885869,200,746.248788
-306.874079,200,746.912052
-120.43557,200,747.574902
-303.392991,200,748.238852
-2.346576,200,748.901471
-121.208635,200,749.563975
-117.911398,200,750.228394
-114.484733,200,750.891299
-125.57923,200,751.666004
-118.020147,200,752.345765
-126.014465,200,753.01325
-120.707174,200,753.678116
-239.8061,200,754.341317
-123.702762,200,755.003722
-126.131673,200,755.666915
-1.589274,200,756.329766
-116.440305,200,756.992884
-227.186858,200,757.656622
-273.124698,200,758.432999
-227.98106,200,759.111115
-122.225775,200,759.779822
-222.965262,200,760.442857
-235.861237,200,761.105632
-231.908487,200,761.768872
-121.083284,200,762.431884
-118.306432,200,763.09543
-250.441225,200,763.757355
-2.533309,200,764.419871
-119.333604,200,765.197963
-238.792648,200,765.878698
-0.800239,200,766.547509
-127.176472,200,767.212948
-126.619316,200,767.879859
-229.202475,200,768.544642
-232.985835,200,769.210578
-115.995268,200,769.874381
-244.646517,200,770.537962
-118.941376,200,771.205646
-120.560432,200,771.982646
-118.527896,200,772.661134
-237.025999,200,773.330448
-118.935719,200,773.995874
-119.956039,200,774.659551
-125.072362,200,775.324592
-125.365476,200,775.98706
-3.515356,200,776.650958
-116.047212,200,777.314083
-122.257847,200,777.97681
-117.927538,200,778.751922
-116.411781,200,779.461818
-244.750082,200,780.131973
-1.3875,200,780.795381
-319.578919,200,781.458214
-0.294304,200,782.121616
-228.004487,200,782.785449
-117.203357,200,783.449835
-115.575387,200,784.11344
-117.239559,200,784.777362
-223.039808,200,785.55391
-241.366373,200,786.233083
-127.072762,200,786.902357
-117.000414,200,787.567231
-117.556127,200,788.231083
-116.77946,200,788.895684
-124.80703,200,789.558576
-117.030504,200,790.220729
-2.01842,200,790.88384
-117.320549,200,791.546232
-1.179004,200,792.322079
-127.599285,200,793.004546
-117.843446,200,793.672903
-229.372992,200,794.335868
-119.009258,200,794.998799
-0.525087,200,795.660231
-121.64271,200,796.322324
-231.508541,200,796.984595
-227.345084,200,797.647724
-119.551467,200,798.310327
-125.444364,200,799.086122
-115.596262,200,799.765205
-126.597557,200,800.433143
-125.374727,200,801.094893
-123.833017,200,801.75399
-121.153706,200,802.412838
-127.076135,200,803.071452
-4.485005,200,803.729185
-127.0181,200,804.387927
-228.208748,200,805.046609
-125.132507,200,805.819365
-250.094454,200,806.491155
-124.214343,200,807.154743
-7.023471,200,807.81371
-233.350448,200,808.472414
-122.248884,200,809.131865
-122.969064,200,809.789788
-3.100327,200,810.448709
-117.289183,200,811.107668
-120.572462,200,811.766437
-120.435154,200,812.537198
-117.592574,200,813.209829
-2.96584,200,813.873734
-320.412132,200,814.533174
-129.139171,200,815.20195
-227.247497,200,815.862519
-3.196551,200,816.524874
-249.227864,200,817.18416
-127.994942,200,817.843581
-230.297392,200,818.502298
-124.568328,200,819.273737
-128.252151,200,819.946424
-227.156012,200,820.609879
-117.921808,200,821.270217
-127.18014,200,821.930063
-123.744891,200,822.589785
-118.498269,200,823.24824
-229.56412,200,823.907147
-114.180998,200,824.565673
-231.515335,200,825.22441
-122.046305,200,825.996031
-131.779351,200,826.667663
-126.068806,200,827.331458
-308.681449,200,827.990768
-236.179719,200,828.710046
-125.972751,200,829.370049
-122.613454,200,830.028922
-4.184654,200,830.688021
-128.640619,200,831.346334
-235.551603,200,832.004808
-2.83248,200,832.775296
-2.888521,200,833.446778
-121.982389,200,834.117417
-122.931842,200,834.781497
-120.239953,200,835.445325
-0.985367,200,836.110117
-226.753369,200,836.772964
-230.533105,200,837.436082
-123.260586,200,838.099156
-232.486853,200,838.761746
-126.057238,200,839.537369
-1.572934,200,840.215599
-128.228392,200,840.883451
-127.179567,200,841.549394
-126.292416,200,842.217415
-118.667908,200,842.879517
-124.000762,200,843.543509
-236.455407,200,844.205877
-253.917063,200,844.867111
-3.008572,200,845.529488
-241.375137,200,846.311233
-130.641933,200,846.989473
-220.003147,200,847.65853
-290.657687,200,848.321966
-229.701006,200,848.985533
-118.466843,200,849.650807
-225.865039,200,850.314313
-121.947258,200,850.977193
-228.963299,200,851.63945
-247.485645,200,852.301669
-1.811756,200,853.079521
-1.586669,200,853.757875
-127.91166,200,854.426398
-304.0723,200,855.089207
-309.721524,200,855.75187
-297.30847,200,856.413225
-243.795553,200,857.075535
-123.933396,200,857.73794
-118.655343,200,858.400486
-127.73958,200,859.062638
-229.448451,200,859.83772
-115.925657,200,860.547856
-232.557147,200,861.215819
-123.63915,200,861.879495
-228.543621,200,862.542556
-128.853011,200,863.204607
-2.080042,200,863.867125
-126.901424,200,864.530412
-244.835034,200,865.193438
-120.541697,200,865.85621
-227.552843,200,866.632239
-227.752036,200,867.311275
-121.050862,200,867.978865
-237.433217,200,868.644536
-233.850544,200,869.308293
-119.347522,200,869.972585
-231.934333,200,870.636054
-115.192762,200,871.29865
-116.793055,200,871.961519
-118.979948,200,872.62341
-226.910515,200,873.397832
-226.85979,200,874.074617
-119.29254,200,874.740916
-3.473667,200,875.402773
-222.731534,200,876.068949
-3.774302,200,876.73296
-227.955699,200,877.396193
-123.477302,200,878.059675
-259.493917,200,878.722022
-117.848029,200,879.383659
-0.563373,200,880.159211
-118.181977,200,880.838486
-119.970397,200,881.505774
-224.607151,200,882.169244
-127.513086,200,882.832043
-329.37551,200,883.494078
-127.824383,200,884.156095
-1.691145,200,884.818167
-117.698317,200,885.480098
-117.154252,200,886.142675
-125.319379,200,886.921642
-229.594267,200,887.600105
-114.46737,200,888.269456
-313.045266,200,888.933317
-117.898145,200,889.59751
-229.099499,200,890.262314
-126.458467,200,890.925632
-120.114284,200,891.588883
-2.343031,200,892.255623
-241.433486,200,892.917805
-287.025635,200,893.694838
-307.412295,200,894.373873
-126.661086,200,895.042955
-121.094102,200,895.706293
-231.154984,200,896.370227
-131.980511,200,897.033519
-235.419315,200,897.697142
-221.453615,200,898.360732
-123.242116,200,899.023214
-123.067508,200,899.686866
-289.074305,200,900.462077
-0.839809,200,901.142014
-118.746874,200,901.811534
-227.807265,200,902.474967
-118.912024,200,903.138439
-2.036355,200,903.801859
-114.568663,200,904.465533
-0.903401,200,905.128167
-117.11853,200,905.791416
-233.315008,200,906.454092
-228.819202,200,907.231328
-119.150476,200,907.910217
-126.290021,200,908.578129
-4.523551,200,909.241877
-127.350033,200,909.9059
-122.909342,200,910.567584
-303.360269,200,911.230588
-268.050452,200,911.893282
-222.041549,200,912.555996
-121.60309,200,913.220019
-229.032638,200,913.995417
-125.039702,200,914.673797
-123.024495,200,915.342219
-227.868718,200,916.010989
-1.706499,200,916.674902
-1.656843,200,917.339373
-221.816959,200,918.002855
-2.976097,200,918.665837
-129.156444,200,919.328754
-130.927075,200,919.994596
-121.497354,200,920.770673
-127.451056,200,921.449326
-223.515643,200,922.113849
-116.485041,200,922.774589
-120.122042,200,923.434602
-223.865587,200,924.094437
-125.759217,200,924.753796
-2.024871,200,925.413212
-117.186845,200,926.072993
-227.324739,200,926.732112
-121.727726,200,927.503247
-117.124521,200,928.175561
-0.551107,200,928.840155
-116.601124,200,929.499929
-124.679231,200,930.160525
-219.326073,200,930.819614
-308.533328,200,931.478394
-119.477479,200,932.137904
-128.676185,200,932.796866
-116.27455,200,933.456402
-226.302941,200,934.228009
-238.577832,200,934.90125
-114.75314,200,935.564846
-122.105427,200,936.225156
-241.205302,200,936.885274
-223.921614,200,937.544435
-121.016448,200,938.204404
-307.388879,200,938.864166
-221.464419,200,939.523483
-121.010435,200,940.183533
-0.385566,200,940.955236
-280.606342,200,941.62911
-129.763629,200,942.293978
-120.518986,200,942.954188
-4.296537,200,943.613903
-256.030215,200,944.273394
-263.160425,200,944.998682
-3.415207,200,945.671146
-226.521442,200,946.331953
-117.437768,200,946.993291
-0.643017,200,947.767569
-119.241013,200,948.442184
-227.49824,200,949.110226
-118.401847,200,949.772254
-124.773799,200,950.433655
-128.815178,200,951.094604
-334.30663,200,951.755716
-127.234831,200,952.416057
-0.473657,200,953.077082
-2.686443,200,953.748385
-125.86716,200,954.524087
-5.183511,200,955.198269
-233.198333,200,955.863734
-117.410187,200,956.525352
-5.292415,200,957.187071
-121.639779,200,957.847712
-118.765368,200,958.512185
-241.823142,200,959.184024
-117.271081,200,959.85456
-219.111661,200,960.52628
-116.32148,200,961.308953
-124.076874,200,961.995431
-237.144579,200,962.673161
-227.629649,200,963.345676
-121.984972,200,964.019248
-231.36647,200,964.686845
-127.407202,200,965.353419
-220.067873,200,966.022275
-131.43855,200,966.690282
-124.725367,200,967.3551
-233.389056,200,968.128796
-120.736029,200,968.810234
-120.248105,200,969.476157
-122.555299,200,970.137232
-226.983344,200,970.798084
-124.334847,200,971.458208
-118.521814,200,972.119079
-128.022105,200,972.778692
-119.629458,200,973.438813
-2.776655,200,974.098631
-0.16388,200,974.872339
-115.757001,200,975.57792
-123.726144,200,976.246082
-265.685403,200,976.936721
-227.113477,200,977.598093
-3.070587,200,978.259575
-0.671682,200,978.920845
-121.588096,200,979.580139
-2.516195,200,980.24053
-125.476896,200,980.900746
-114.381817,200,981.677978
-121.162558,200,982.359811
-229.324093,200,983.033832
-130.688266,200,983.697529
-220.329842,200,984.361418
-219.511679,200,985.025681
-219.676239,200,985.68904
-4.410414,200,986.352609
-127.657931,200,987.016471
-124.106593,200,987.679551
-124.817889,200,988.456532
-127.203064,200,989.135812
-1.359043,200,989.804304
-227.103701,200,990.468918
-115.160182,200,991.132041
-117.952163,200,991.79495
-235.608033,200,992.458389
-299.292623,200,993.122397
-126.179734,200,993.784782
-1.988259,200,994.44896
-261.307644,200,995.226524
-226.600025,200,995.908013
-113.774172,200,996.577027
-118.692125,200,997.242397
-237.006752,200,997.906211
-118.590728,200,998.568917
-123.139168,200,999.2316
-119.213085,200,999.893857
-223.47113,200,1000.558587
-218.613643,200,1001.220934
-115.217446,200,1001.998861
-221.610816,200,1002.677702
-318.428635,200,1003.346088
-228.880555,200,1004.00975
-119.750532,200,1004.673121
-230.790852,200,1005.338343
-123.389676,200,1006.002265
-287.761929,200,1006.665595
-116.215489,200,1007.328116
-221.634622,200,1007.99076
-117.905585,200,1008.767748
-119.619172,200,1009.447825
-115.596978,200,1010.118846
-321.755828,200,1010.782018
-2.384958,200,1011.446034
-113.711937,200,1012.115134
-229.616237,200,1012.778146
-226.667354,200,1013.441569
-327.288672,200,1014.104669
-220.20824,200,1014.769798
-231.543809,200,1015.550916
-120.489058,200,1016.231083
-236.60332,200,1016.900439
-219.123114,200,1017.563791
-221.464847,200,1018.227412
-217.699959,200,1018.890676
-117.29552,200,1019.554034
-243.549042,200,1020.218541
-115.513146,200,1020.881391
-127.525794,200,1021.54489
-232.190434,200,1022.320949
-115.909799,200,1023.001724
-119.470553,200,1023.670111
-118.425164,200,1024.334148
-118.016608,200,1024.997991
-124.463823,200,1025.66197
-218.586603,200,1026.32523
-119.61319,200,1026.988743
-128.467031,200,1027.655885
-230.158205,200,1028.338147
-133.575742,200,1029.117395
-219.422011,200,1029.797978
-118.947237,200,1030.467931
-218.4751,200,1031.133949
-234.777244,200,1031.797021
-119.485513,200,1032.460629
-120.051762,200,1033.125883
-118.342622,200,1033.790847
-117.682671,200,1034.4545
-224.09725,200,1035.119202
-229.166942,200,1035.896949
-2.110905,200,1036.576915
-215.323674,200,1037.246116
-1.113779,200,1037.909373
-236.353558,200,1038.574745
-232.663255,200,1039.241248
-123.099796,200,1039.903862
-230.696345,200,1040.567633
-126.415559,200,1041.232297
-120.058045,200,1041.896496
-1.340326,200,1042.674173
-2.185143,200,1043.361453
-116.390582,200,1044.039922
-126.205111,200,1044.704151
-121.429297,200,1045.369399
-224.558885,200,1046.033779
-296.126479,200,1046.697374
-242.1672,200,1047.361165
-237.430456,200,1048.025697
-125.314705,200,1048.688823
-0.777347,200,1049.467271
-268.967829,200,1050.145573
-118.241321,200,1050.812495
-124.036185,200,1051.47511
-120.507224,200,1052.138554
-318.41681,200,1052.80321
-1.912555,200,1053.466328
-2.848485,200,1054.129507
-228.8284,200,1054.793925
-235.003243,200,1055.457499
-124.253176,200,1056.23505
-124.356761,200,1056.915687
-124.89579,200,1057.584476
-225.288748,200,1058.249734
-126.280734,200,1058.912345
-288.50779,200,1059.575115
-121.589283,200,1060.239389
-228.975698,200,1060.902047
-125.882469,200,1061.564795
-127.520869,200,1062.227722
-125.640228,200,1063.004471
-123.819986,200,1063.68479
-118.412062,200,1064.351677
-127.13513,200,1065.016422
-0.978497,200,1065.680978
-235.658531,200,1066.344849
-126.877503,200,1067.007329
-222.717975,200,1067.670528
-127.143663,200,1068.333011
-126.939858,200,1068.996579
-125.77194,200,1069.773071
-217.375119,200,1070.452621
-1.014931,200,1071.121155
-126.206148,200,1071.78499
-121.628157,200,1072.449101
-119.825042,200,1073.112941
-120.50142,200,1073.776708
-115.868074,200,1074.441583
-229.524331,200,1075.104146
-235.425943,200,1075.770773
-119.602214,200,1076.54556
-126.976162,200,1077.223376
-120.874946,200,1077.893214
-118.179386,200,1078.55705
-125.830782,200,1079.219838
-126.993552,200,1079.881539
-226.94888,200,1080.543294
-126.643263,200,1081.206385
-121.257237,200,1081.867595
-0.959849,200,1082.529738
-298.418542,200,1083.305213
-233.849947,200,1083.982795
-114.241812,200,1084.649348
-125.956869,200,1085.312554
-116.709886,200,1085.975796
-1.073284,200,1086.637641
-128.75929,200,1087.299867
-115.121091,200,1087.961441
-123.832616,200,1088.623918
-116.030995,200,1089.286828
-130.374339,200,1090.062036
-3.170615,200,1090.73946
-119.661046,200,1091.408361
-307.478258,200,1092.071277
-1.386532,200,1092.734796
-121.90829,200,1093.398694
-314.464472,200,1094.060832
-118.282975,200,1094.724355
-116.304233,200,1095.387732
-119.959016,200,1096.051703
-122.014972,200,1096.825516
-126.527501,200,1097.535639
-218.990439,200,1098.204414
-115.47578,200,1098.869869
-222.634291,200,1099.538699
-1.709578,200,1100.202595
-126.934639,200,1100.864536
-300.341759,200,1101.530435
-117.903939,200,1102.195442
-237.02055,200,1102.861439
-120.618738,200,1103.635552
-223.445483,200,1104.310484
-118.53888,200,1104.978532
-221.617996,200,1105.643319
-225.659309,200,1106.304335
-121.517364,200,1106.968396
-119.334913,200,1107.631259
-242.829931,200,1108.293457
-117.095651,200,1108.956612
-224.126893,200,1109.617573
-235.208788,200,1110.393493
-119.332292,200,1111.069794
-247.274049,200,1111.733716
-114.727911,200,1112.395428
-118.070551,200,1113.056547
-229.669233,200,1113.717045
-232.828433,200,1114.37752
-126.920251,200,1115.038241
-123.369431,200,1115.704765
-1.834954,200,1116.368016
-120.102413,200,1117.141805
-130.007217,200,1117.817883
-232.326117,200,1118.482439
-226.999871,200,1119.143693
-302.720591,200,1119.805194
-2.384062,200,1120.466079
-120.267803,200,1121.126569
-1.088973,200,1121.78613
-258.31292,200,1122.447213
-220.032863,200,1123.107358
-270.09575,200,1123.880574
-1.397597,200,1124.55369
-118.009875,200,1125.217819
-225.220551,200,1125.877623
-123.873575,200,1126.538017
-3.205767,200,1127.197331
-1.107613,200,1127.856556
-120.120938,200,1128.516859
-124.431609,200,1129.176875
-125.135867,200,1129.84279
-123.239958,200,1130.61568
-120.368755,200,1131.289249
-122.054271,200,1131.953974
-118.126501,200,1132.614321
-125.272668,200,1133.274193
-116.554022,200,1133.934317
-126.117319,200,1134.594978
-230.084699,200,1135.254237
-121.765245,200,1135.913769
-126.549685,200,1136.575883
-123.672601,200,1137.349805
-237.832471,200,1138.024117
-125.972266,200,1138.689625
-122.6127,200,1139.349534
-2.921198,200,1140.011206
-235.675595,200,1140.672154
-218.462569,200,1141.332997
-224.567349,200,1141.992801
-116.774182,200,1142.653419
-125.17766,200,1143.313334
-118.176402,200,1144.085113
-226.317555,200,1144.757179
-127.153473,200,1145.422887
-121.151265,200,1146.084654
-224.678401,200,1146.745613
-122.769076,200,1147.407125
-2.741649,200,1148.06695
-218.772683,200,1148.727053
-2.711397,200,1149.388245
-228.707809,200,1150.049665
-130.455197,200,1150.824085
-1.60474,200,1151.498689
-120.618129,200,1152.163243
-115.643807,200,1152.824373
-2.16098,200,1153.486325
-126.804452,200,1154.147074
-124.420784,200,1154.806781
-3.139947,200,1155.466499
-126.445697,200,1156.126107
-124.936328,200,1156.785206
-122.865044,200,1157.558249
-1.65351,200,1158.232674
-231.022917,200,1158.898507
-231.692799,200,1159.558838
-217.340007,200,1160.218413
-282.015819,200,1160.87817
-222.168432,200,1161.538493
-127.584941,200,1162.199527
-233.083897,200,1162.859973
-227.134978,200,1163.520569
-237.426693,200,1164.295678
-300.740709,200,1164.968867
-217.388859,200,1165.634879
-115.677284,200,1166.296194
-116.23239,200,1166.957108
-126.872488,200,1167.617995
-120.902241,200,1168.278603
-126.434203,200,1168.938553
-130.033718,200,1169.59843
-116.416714,200,1170.259011
-221.829576,200,1171.032459
-120.014511,200,1171.709154
-116.994281,200,1172.381971
-122.258595,200,1173.052879
-1.543962,200,1173.716405
-119.301406,200,1174.379985
-115.182024,200,1175.042949
-124.027922,200,1175.705802
-123.923033,200,1176.368945
-115.900386,200,1177.029997
-229.520365,200,1177.804809
-219.450507,200,1178.512424
-127.754763,200,1179.181197
-119.167662,200,1179.845526
-229.827587,200,1180.510529
-220.059831,200,1181.183276
-129.386816,200,1181.856596
-1.018915,200,1182.521184
-124.355006,200,1183.18569
-242.108708,200,1183.86484
-117.84415,200,1184.651533
-122.024589,200,1185.320473
-217.631832,200,1185.984904
-125.015222,200,1186.649317
-117.784204,200,1187.312921
-322.886391,200,1187.975806
-220.552523,200,1188.6501
-118.291301,200,1189.316504
-119.665401,200,1189.980872
-117.308516,200,1190.644167
-127.657437,200,1191.422513
-118.00159,200,1192.091669
-121.658929,200,1192.755174
-1.795724,200,1193.42279
-247.105757,200,1194.098839
-267.806492,200,1194.76521
-119.669063,200,1195.428153
-119.053473,200,1196.091941
-129.559326,200,1196.755051
-127.109891,200,1197.417527
-234.336176,200,1198.194325
-121.392735,200,1198.874291
-0.812154,200,1199.541748
-122.931519,200,1200.205469
-121.835117,200,1200.868871
-126.095877,200,1201.531435
-125.968906,200,1202.194662
-2.997787,200,1202.857458
-125.341621,200,1203.519588
-117.111098,200,1204.18166
-233.642846,200,1204.957597
-120.290849,200,1205.635888
-234.343508,200,1206.304098
-0.575574,200,1206.966091
-226.169273,200,1207.630359
-115.980289,200,1208.297555
-283.223847,200,1208.960104
-258.287203,200,1209.623221
-120.722737,200,1210.286625
-122.272597,200,1210.949715
-120.323122,200,1211.724897
-118.157903,200,1212.403468
-125.196955,200,1213.072291
-306.55415,200,1213.73792
-118.953687,200,1214.400842
-120.639629,200,1215.063502
-223.73321,200,1215.725841
-123.614558,200,1216.389401
-223.811047,200,1217.052906
-117.011134,200,1217.729039
-119.780263,200,1218.516734
-117.785376,200,1219.195097
-256.813502,200,1219.863899
-1.777007,200,1220.527156
-1.374794,200,1221.19086
-121.421378,200,1221.853965
-116.959124,200,1222.516678
-120.353164,200,1223.181889
-118.945326,200,1223.844415
-317.295857,200,1224.508079
-1.364749,200,1225.285213
-1.568098,200,1225.964877
-2.156961,200,1226.633235
-119.783295,200,1227.297447
-119.828081,200,1227.961698
-120.380591,200,1228.624724
-226.676484,200,1229.288531
-4.938594,200,1229.952323
-2.100138,200,1230.615853
-1.898983,200,1231.279007
-221.563188,200,1232.055457
-294.726833,200,1232.735447
-229.712818,200,1233.406091
-120.007164,200,1234.070148
-223.857758,200,1234.733419
-2.562163,200,1235.396562
-311.05654,200,1236.059993
-119.77727,200,1236.722758
-237.606063,200,1237.385225
-222.684492,200,1238.048426
-125.266736,200,1238.826285
-120.724519,200,1239.507778
-125.424664,200,1240.17877
-127.81157,200,1240.84442
-122.543748,200,1241.51246
-128.214606,200,1242.176965
-129.166595,200,1242.840964
-300.840078,200,1243.501182
-127.645688,200,1244.162172
-225.185363,200,1244.823827
-243.922236,200,1245.602599
-119.144977,200,1246.281617
-119.835317,200,1246.949822
-217.782318,200,1247.613305
-240.902558,200,1248.277338
-299.345334,200,1248.940529
-119.564453,200,1249.603729
-126.979773,200,1250.267407
-125.339146,200,1250.929783
-123.802244,200,1251.591551
-306.034577,200,1252.369041
-118.385505,200,1253.04695
-124.857403,200,1253.71408
-119.459244,200,1254.377614
-228.028344,200,1255.040322
-223.758422,200,1255.702246
-117.364752,200,1256.365614
-117.215491,200,1257.027244
-119.46326,200,1257.689415
-1.671459,200,1258.353552
-128.266406,200,1259.129155
-231.21067,200,1259.805993
-119.834078,200,1260.473304
-225.541737,200,1261.13651
-117.416874,200,1261.802041
-119.497216,200,1262.464993
-1.153101,200,1263.126973
-129.349464,200,1263.78868
-217.814327,200,1264.447531
-121.592016,200,1265.108584
-128.439907,200,1265.885541
-118.73865,200,1266.566877
-225.420218,200,1267.236747
-2.254555,200,1267.899446
-230.025585,200,1268.563229
-119.972945,200,1269.226332
-234.062379,200,1269.889513
-126.024888,200,1270.553062
-124.300133,200,1271.216846
-1.080207,200,1271.881017
-115.302147,200,1272.657192
-118.024707,200,1273.336018
-304.216375,200,1274.004398
-222.0209,200,1274.668906
-221.547994,200,1275.333187
-114.022039,200,1275.996297
-221.176326,200,1276.658556
-0.28925,200,1277.322141
-0.514731,200,1277.984324
-218.619935,200,1278.64716
-216.222152,200,1279.4228
-233.771029,200,1280.100296
-225.105125,200,1280.769341
-223.087664,200,1281.437623
-269.931632,200,1282.103422
-218.82059,200,1282.768614
-118.221182,200,1283.432398
-224.967352,200,1284.096315
-126.355512,200,1284.76181
-126.162362,200,1285.426261
-240.924888,200,1286.204189
-126.935359,200,1286.919765
-117.312099,200,1287.589002
-117.573144,200,1288.253848
-116.513326,200,1288.920461
-0.915797,200,1289.586084
-121.897516,200,1290.25074
-1.129816,200,1290.914568
-3.153257,200,1291.579642
-223.44567,200,1292.242525
-227.969342,200,1293.018792
-118.23586,200,1293.691803
-125.896507,200,1294.358445
-234.994449,200,1295.020772
-120.876317,200,1295.681755
-120.588703,200,1296.343913
-225.437254,200,1297.004502
-230.665247,200,1297.664535
-126.114764,200,1298.324103
-117.894824,200,1298.984057
-226.975378,200,1299.757626
-122.295812,200,1300.430831
-223.160784,200,1301.095636
-122.696207,200,1301.756285
-119.682649,200,1302.416004
-224.62112,200,1303.076277
-122.326697,200,1303.742221
-2.941733,200,1304.409379
-120.527694,200,1305.07469
-132.428202,200,1305.73725
-127.652351,200,1306.510242
-2.401821,200,1307.186718
-117.137401,200,1307.854403
-4.351295,200,1308.514489
-1.255509,200,1309.176233
-124.178551,200,1309.837048
-129.05124,200,1310.497645
-220.60994,200,1311.157108
-317.269944,200,1311.81733
-128.121566,200,1312.476851
-275.602812,200,1313.249817
-120.983934,200,1313.924472
-231.484733,200,1314.590232
-233.444748,200,1315.250594
-116.810918,200,1315.910902
-129.80183,200,1316.571206
-127.866225,200,1317.230857
-3.092015,200,1317.890615
-129.406849,200,1318.550509
-124.089622,200,1319.210053
-129.783919,200,1319.981817
-225.867824,200,1320.658359
-223.78165,200,1321.323709
-215.735569,200,1321.984543
-124.019961,200,1322.645061
-117.188039,200,1323.30573
-306.540526,200,1323.967768
-232.632288,200,1324.629251
-120.31847,200,1325.288749
-0.688818,200,1325.948634
-120.313349,200,1326.720788
-128.559099,200,1327.39477
-219.180389,200,1328.059033
-219.039731,200,1328.720282
-2.827132,200,1329.380887
-229.568447,200,1330.041816
-1.33928,200,1330.701462
-124.486297,200,1331.362102
-121.027488,200,1332.02213
-222.457536,200,1332.68226
-127.360936,200,1333.454969
-127.382098,200,1334.128651
-219.607348,200,1334.79327
-119.207586,200,1335.454148
-119.492045,200,1336.115467
-221.569407,200,1336.775848
-2.690925,200,1337.436528
-232.040765,200,1338.097024
-1.885448,200,1338.757466
-125.360244,200,1339.417694
-253.008943,200,1340.19092
-3.088753,200,1340.864198
-127.044206,200,1341.529372
-306.843292,200,1342.190074
-244.656297,200,1342.850685
-301.749215,200,1343.510317
-126.354811,200,1344.170221
-117.112002,200,1344.829525
-125.865152,200,1345.489976
-127.532132,200,1346.150384
-116.304384,200,1346.923072
-224.48503,200,1347.597381
-116.275811,200,1348.277182
-126.438623,200,1348.941896
-125.20528,200,1349.604514
-235.688679,200,1350.265781
-117.02338,200,1350.927516
-118.453032,200,1351.588342
-119.588227,200,1352.24945
-3.013077,200,1352.910127
-120.530292,200,1353.693183
-116.771362,200,1354.368666
-127.309391,200,1355.036197
-117.302067,200,1355.699123
-115.112044,200,1356.360999
-225.882127,200,1357.021127
-118.259791,200,1357.681243
-2.094916,200,1358.341933
-303.15164,200,1359.001969
-121.538219,200,1359.661533
-128.865507,200,1360.43464
-123.523665,200,1361.110464
-119.955498,200,1361.775848
-117.715912,200,1362.435798
-124.421051,200,1363.095628
-0.570905,200,1363.755861
-228.603426,200,1364.416714
-244.450927,200,1365.076976
-117.169298,200,1365.738279
-274.679877,200,1366.398451
-118.113665,200,1367.172095
-120.566276,200,1367.845368
-125.37599,200,1368.510187
-278.151773,200,1369.17054
-119.13442,200,1369.830755
-0.498264,200,1370.490331
-2.637648,200,1371.162822
-116.17367,200,1371.847193
-0.655327,200,1372.590735
-122.873193,200,1373.268688
-116.240492,200,1374.044926
-236.933089,200,1374.718129
-0.589884,200,1375.396679
-117.023301,200,1376.08047
-124.129762,200,1376.743893
-125.690644,200,1377.405405
-219.000166,200,1378.066691
-315.330978,200,1378.727915
-129.589253,200,1379.389211
-218.311084,200,1380.050863
-2.121484,200,1380.824437
-116.563382,200,1381.50134
-0.798431,200,1382.167411
-127.916268,200,1382.827165
-313.652624,200,1383.48763
-315.237445,200,1384.160599
-118.389652,200,1384.872412
-0.310036,200,1385.533308
-118.348818,200,1386.193555
-1.553047,200,1386.873074
-121.3131,200,1387.645122
-116.23119,200,1388.318861
-117.890657,200,1388.984281
-223.727029,200,1389.644255
-121.829281,200,1390.304541
-242.260176,200,1390.966147
-232.189714,200,1391.625452
-121.660443,200,1392.284675
-118.730745,200,1392.943581
-120.144876,200,1393.602569
-1.092327,200,1394.374673
-0.874605,200,1395.066616
-118.900004,200,1395.738694
-120.735237,200,1396.404771
-228.668089,200,1397.068842
-119.604374,200,1397.73265
-120.311817,200,1398.396052
-113.645778,200,1399.060609
-117.2103,200,1399.72495
-228.613458,200,1400.389006
-124.738441,200,1401.167272
-249.606553,200,1401.847453
-216.383768,200,1402.51516
-223.094963,200,1403.180402
-0.120715,200,1403.849796
-118.008899,200,1404.609572
-2.439239,200,1405.274094
-119.352089,200,1405.93808
-126.26693,200,1406.602452
-0.58054,200,1407.266437
-281.469581,200,1408.042736
-121.538736,200,1408.757408
-118.865222,200,1409.426967
-231.160002,200,1410.30376
-0.371757,200,1411.112603
-235.633989,200,1411.777694
-234.71785,200,1412.443543
-124.717453,200,1413.106191
-114.201905,200,1413.781971
-118.575538,200,1414.449167
-126.717053,200,1415.225864
-117.710019,200,1415.900608
-118.32323,200,1416.57006
-0.898148,200,1417.233427
-287.895492,200,1417.896702
-119.196863,200,1418.573955
-1.16847,200,1419.264856
-0.965763,200,1419.929208
-307.44731,200,1420.593117
-218.797183,200,1421.257087
-0.125368,200,1422.033925
-115.755444,200,1422.703061
-281.371273,200,1423.367113
-231.061526,200,1424.04366
-0.815443,200,1424.709649
-231.27745,200,1425.373224
-123.810583,200,1426.036323
-124.307601,200,1426.699011
-214.682974,200,1427.360827
-231.134873,200,1428.022781
-226.648002,200,1428.797647
-215.957818,200,1429.47819
-122.040449,200,1430.145032
-235.433975,200,1430.819154
-264.671853,200,1431.481885
-224.988142,200,1432.142639
-230.867949,200,1432.806205
-298.088187,200,1433.468153
-126.325372,200,1434.130678
-123.196638,200,1434.793417
-234.030267,200,1435.572106
-125.219785,200,1436.249727
-117.404392,200,1436.92001
-121.057903,200,1437.582797
-123.781248,200,1438.247901
-219.947881,200,1438.910847
-129.733068,200,1439.573216
-124.09766,200,1440.23541
-115.779678,200,1440.896957
-0.579657,200,1441.560486
-128.174564,200,1442.336747
-116.665366,200,1443.019088
-233.821485,200,1443.686968
-114.712142,200,1444.350224
-116.096904,200,1445.013008
-229.015015,200,1445.675631
-226.56641,200,1446.338649
-116.889473,200,1447.000258
-1.078463,200,1447.661689
-118.927522,200,1448.324311
-117.910676,200,1449.15443
-232.350042,200,1449.837532
-116.900313,200,1450.512998
-115.441719,200,1451.180768
-126.854653,200,1451.84677
-118.681377,200,1452.513099
-2.202855,200,1453.180055
-256.475275,200,1453.844855
-127.056337,200,1454.509978
-120.109208,200,1455.173494
-128.80948,200,1455.948697
-121.398108,200,1456.622126
-119.311669,200,1457.288454
-117.185743,200,1457.949554
-121.511179,200,1458.610517
-2.202525,200,1459.271889
-1.170056,200,1459.932814
-118.628839,200,1460.593579
-118.173213,200,1461.253625
-118.097956,200,1461.91391
-120.870037,200,1462.687965
-115.509298,200,1463.361874
-124.334777,200,1464.028306
-117.91924,200,1464.689291
-226.59398,200,1465.35037
-118.639389,200,1466.011047
-125.433428,200,1466.671556
-128.234026,200,1467.331265
-227.521255,200,1467.991372
-221.181435,200,1468.650845
-239.250038,200,1469.424434
-120.145297,200,1470.098195
-131.421105,200,1470.762648
-118.979725,200,1471.423452
-116.090906,200,1472.083938
-130.981278,200,1472.743494
-116.696579,200,1473.403576
-1.348462,200,1474.063911
-120.012654,200,1474.724157
-224.635182,200,1475.383557
-124.657366,200,1476.157682
-235.973917,200,1476.865384
-116.685708,200,1477.53116
-125.664164,200,1478.19266
-0.316616,200,1478.85481
-227.616092,200,1479.514766
-0.289032,200,1480.17513
-1.580926,200,1480.83622
-217.249605,200,1481.495906
-119.341175,200,1482.15552
-127.082434,200,1482.926993
-127.643073,200,1483.60296
-119.944072,200,1484.267234
-119.446939,200,1484.927627
-118.749363,200,1485.589032
-126.0391,200,1486.250286
-122.080676,200,1486.910123
-119.332343,200,1487.569925
-2.017157,200,1488.229398
-118.399813,200,1488.888258
-1.293297,200,1489.661197
-3.411226,200,1490.335717
-224.803426,200,1491.001754
-310.678675,200,1491.662289
-116.929643,200,1492.322355
-219.489854,200,1492.981948
-125.023898,200,1493.643116
-238.892315,200,1494.309379
-121.146988,200,1494.973454
-117.338701,200,1495.635473
-126.55902,200,1496.409995
-216.223526,200,1497.087809
-119.173074,200,1497.755499
-3.865668,200,1498.41886
-1.759257,200,1499.082921
-118.50419,200,1499.745815
-119.085625,200,1500.407764
-220.478609,200,1501.070029
-120.420754,200,1501.733926
-121.807479,200,1502.3987
-126.403287,200,1503.175426
-2.029406,200,1503.852635
-122.562585,200,1504.521528
-116.802247,200,1505.185333
-119.759149,200,1505.847789
-265.688809,200,1506.511413
-125.454935,200,1507.174154
-122.037717,200,1507.836723
-121.600393,200,1508.499129
-119.165568,200,1509.162771
-115.065021,200,1509.938405
-225.163136,200,1510.617313
-1.496585,200,1511.28588
-1.002361,200,1511.949226
-1.332979,200,1512.612647
-120.525243,200,1513.275722
-121.779386,200,1513.939224
-225.152672,200,1514.602571
-125.411707,200,1515.265227
-122.71824,200,1515.928108
-3.474523,200,1516.704809
-115.129759,200,1517.382525
-276.83423,200,1518.049595
-5.527425,200,1518.714291
-308.757124,200,1519.376433
-1.70087,200,1520.038868
-316.245469,200,1520.701376
-122.084351,200,1521.364316
-118.463007,200,1522.026385
-117.883306,200,1522.689135
-1.078434,200,1523.472647
-0.99898,200,1524.1504
-130.189438,200,1524.819192
-228.976946,200,1525.482977
-119.163422,200,1526.145834
-114.720382,200,1526.810223
-231.91542,200,1527.472831
-225.899765,200,1528.134865
-0.740097,200,1528.798253
-0.997686,200,1529.460422
-216.824022,200,1530.237674
-216.695455,200,1530.915645
-228.56123,200,1531.583933
-120.327504,200,1532.247779
-296.487429,200,1532.910317
-128.271206,200,1533.572819
-119.625367,200,1534.236128
-264.260715,200,1534.898884
-127.683408,200,1535.562619
-118.219157,200,1536.22609
-1.957749,200,1537.004923
-227.309161,200,1537.681921
-126.359859,200,1538.349964
-118.210533,200,1539.014246
-220.451334,200,1539.676957
-120.131787,200,1540.342051
-115.259638,200,1541.005339
-216.308822,200,1541.668555
-117.977338,200,1542.331222
-224.214584,200,1542.994125
-118.926046,200,1543.771614
-266.55161,200,1544.495767
-119.308572,200,1545.164783
-273.18076,200,1545.82798
-119.085192,200,1546.493368
-117.587932,200,1547.157523
-128.400358,200,1547.821171
-115.344534,200,1548.483605
-227.785937,200,1549.147457
-124.887053,200,1549.810496
-118.972262,200,1550.588198
-116.278797,200,1551.267023
-117.540712,200,1551.934485
-226.32112,200,1552.598631
-119.485279,200,1553.262542
-0.553901,200,1553.925206
-118.161141,200,1554.587853
-1.955177,200,1555.251431
-225.920277,200,1555.913908
-1.878271,200,1556.576095
-115.114278,200,1557.351726
-117.976127,200,1558.030283
-114.926724,200,1558.698418
-118.885913,200,1559.361681
-116.882171,200,1560.025337
-126.679044,200,1560.688147
-125.901477,200,1561.352016
-2.010932,200,1562.016026
-254.694318,200,1562.679485
-228.201524,200,1563.342352
-116.494563,200,1564.119041
-219.989095,200,1564.799009
-1.299496,200,1565.467698
-125.503271,200,1566.13197
-117.150544,200,1566.7965
-117.316694,200,1567.459778
-125.917824,200,1568.122899
-276.96295,200,1568.787351
-118.830784,200,1569.449423
-118.003576,200,1570.11289
-236.271233,200,1570.889817
-220.868018,200,1571.567107
-120.558745,200,1572.235453
-120.476569,200,1572.899001
-2.550946,200,1573.562551
-119.394371,200,1574.227187
-116.674788,200,1574.889078
-271.047606,200,1575.551156
-123.137541,200,1576.211842
-118.110818,200,1576.870694
-126.231252,200,1577.645562
-218.136689,200,1578.32008
-126.689605,200,1578.986561
-126.273718,200,1579.647104
-229.371179,200,1580.308055
-229.759698,200,1580.968707
-114.645494,200,1581.629959
-122.374433,200,1582.290346
-221.577258,200,1582.950704
-1.309269,200,1583.611361
-309.81151,200,1584.385826
-123.240436,200,1585.058897
-121.87332,200,1585.723159
-2.363341,200,1586.383957
-118.420569,200,1587.045297
-118.154154,200,1587.705137
-120.927332,200,1588.366104
-120.783183,200,1589.026391
-127.061413,200,1589.686354
-229.295319,200,1590.346722
-119.980509,200,1591.120463
-2.429472,200,1591.795016
-120.645841,200,1592.459049
-129.380068,200,1593.119955
-1.143267,200,1593.781049
-119.401723,200,1594.44152
-222.320071,200,1595.100681
-218.442727,200,1595.76026
-116.752427,200,1596.420542
-119.401204,200,1597.080415
-121.251323,200,1597.853392
-118.094209,200,1598.558612
-2.488755,200,1599.224078
-118.122949,200,1599.885097
-1.443753,200,1600.544842
-234.082818,200,1601.204931
-118.880805,200,1601.864743
-116.385697,200,1602.524595
-126.490747,200,1603.183383
-115.05694,200,1603.842721
-0.226014,200,1604.614748
-0.595584,200,1605.288391
-123.236465,200,1605.952583
-0.488231,200,1606.613659
-122.443543,200,1607.274851
-1.97395,200,1607.934969
-115.359433,200,1608.595547
-120.678636,200,1609.255837
-233.800019,200,1609.915897
-122.214192,200,1610.575212
-271.349823,200,1611.350805
-0.616688,200,1612.024067
-124.908663,200,1612.68982
-116.566816,200,1613.351153
-220.684697,200,1614.011402
-312.790039,200,1614.6718
-117.877347,200,1615.332116
-234.996422,200,1615.990972
-4.544093,200,1616.651425
-129.088518,200,1617.311501
-119.165067,200,1618.084618
-292.440466,200,1618.760205
-126.08889,200,1619.426515
-122.057026,200,1620.087015
-116.929693,200,1620.748595
-124.575949,200,1621.410373
-124.215646,200,1622.072572
-127.629455,200,1622.733711
-331.950429,200,1623.394041
-114.18707,200,1624.054021
-0.191858,200,1624.82644
-304.792039,200,1625.50143
-116.737638,200,1626.167062
-117.199671,200,1626.828579
-124.892166,200,1627.488844
-114.048901,200,1628.148383
-119.138516,200,1628.809132
-123.892559,200,1629.46953
-115.318459,200,1630.129648
-119.149174,200,1630.790477
-119.789664,200,1631.563644
-120.050508,200,1632.23862
-116.740424,200,1632.903455
-223.777435,200,1633.564699
-243.99501,200,1634.225349
-0.085446,200,1634.887208
-123.471343,200,1635.5466
-128.733848,200,1636.207028
-119.389968,200,1636.866921
-219.747072,200,1637.527002
-2.438907,200,1638.299087
-224.925304,200,1638.975033
-115.537328,200,1639.639319
-218.69458,200,1640.300469
-120.848957,200,1640.96071
-221.031282,200,1641.62507
-219.075294,200,1642.292371
-221.54061,200,1642.956307
-119.325388,200,1643.61893
-129.781473,200,1644.28152
-1.022494,200,1645.059027
-115.338782,200,1645.734709
-221.249104,200,1646.402941
-116.770493,200,1647.0668
-121.160175,200,1647.728651
-125.470721,200,1648.391507
-117.495338,200,1649.053671
-117.121992,200,1649.715752
-127.19843,200,1650.376944
-114.851926,200,1651.039418
-0.075856,200,1651.815436
-125.744662,200,1652.493166
-123.896213,200,1653.166146
-118.384082,200,1653.829938
-128.811101,200,1654.49473
-117.938327,200,1655.197779
-117.643115,200,1655.860888
-128.656783,200,1656.524179
-221.219484,200,1657.186364
-232.091683,200,1657.849086
-1.259881,200,1658.626291
-121.539188,200,1659.306723
-117.222378,200,1659.975086
-1.335197,200,1660.663589
-243.276592,200,1661.359144
-2.018988,200,1662.023174
-119.971089,200,1662.706733
-243.769821,200,1663.370397
-294.857602,200,1664.032848
-235.691104,200,1664.69526
-243.084265,200,1665.470968
-121.804455,200,1666.188516
-117.081207,200,1666.873978
-121.416491,200,1667.537147
-227.463319,200,1668.227469
-117.34614,200,1668.904446
-225.170627,200,1669.569357
-116.286365,200,1670.232887
-223.846433,200,1670.896461
-118.790123,200,1671.560892
-1.718705,200,1672.341861
-226.027691,200,1673.019374
-129.522716,200,1673.690056
-0.612387,200,1674.357067
-116.366174,200,1675.02409
-227.08252,200,1675.688091
-127.865769,200,1676.352211
-120.138265,200,1677.016073
-116.757598,200,1677.681093
-236.917321,200,1678.345718
-125.678795,200,1679.124443
-300.144959,200,1679.803884
-226.598742,200,1680.472964
-123.619321,200,1681.135657
-1.730256,200,1681.79861
-224.236782,200,1682.462239
-226.772401,200,1683.124724
-128.246606,200,1683.789325
-115.535042,200,1684.451401
-117.731197,200,1685.114293
-249.881415,200,1685.890775
-120.94447,200,1686.569352
-127.154951,200,1687.23846
-230.462127,200,1687.903017
-126.263246,200,1688.566925
-225.987506,200,1689.230359
-117.450647,200,1689.893064
-0.224452,200,1690.55571
-126.184629,200,1691.219106
-0.425736,200,1691.882263
-278.474019,200,1692.667518
-217.421265,200,1693.347759
-124.033492,200,1694.017126
-117.48552,200,1694.682625
-119.089583,200,1695.349093
-127.928072,200,1696.014874
-116.493523,200,1696.679328
-232.929857,200,1697.345065
-115.858974,200,1698.009625
-117.909791,200,1698.674356
-123.237085,200,1699.452229
-290.802683,200,1700.132447
-123.277289,200,1700.801724
-234.353317,200,1701.46747
-219.276653,200,1702.133286
-127.378618,200,1702.793722
-1.864254,200,1703.454398
-237.819019,200,1704.116024
-119.108115,200,1704.776576
-116.801634,200,1705.436978
-121.106956,200,1706.210928
-127.718482,200,1706.885462
-126.385231,200,1707.551629
-126.724443,200,1708.213634
-236.045246,200,1708.875558
-119.559676,200,1709.538012
-217.990865,200,1710.199482
-121.386239,200,1710.860189
-118.081377,200,1711.521534
-115.965662,200,1712.182622
-125.164951,200,1712.957723
-119.602558,200,1713.630839
-118.798762,200,1714.297344
-316.668657,200,1714.95874
-117.375887,200,1715.661347
-218.922179,200,1716.325452
-117.497442,200,1716.985604
-226.503126,200,1717.648672
-120.541477,200,1718.310851
-229.869079,200,1718.971993
-228.344429,200,1719.747473
-120.781237,200,1720.421868
-123.758775,200,1721.087902
-125.565671,200,1721.74981
-2.574803,200,1722.411106
-118.261954,200,1723.072019
-128.448792,200,1723.732962
-124.168893,200,1724.392924
-119.213656,200,1725.053661
-233.106569,200,1725.71453
-118.500938,200,1726.489425
-312.659194,200,1727.164292
-1.738581,200,1727.829805
-226.698334,200,1728.491769
-235.724489,200,1729.152955
-232.482654,200,1729.813198
-231.681488,200,1730.474258
-119.91418,200,1731.135042
-119.108118,200,1731.804732
-114.5288,200,1732.466616
-119.484607,200,1733.240389
-125.760363,200,1733.915156
-307.181939,200,1734.581698
-218.862003,200,1735.24388
-224.58598,200,1735.90516
-119.298325,200,1736.565862
-4.285462,200,1737.225989
-120.553578,200,1737.88651
-119.079395,200,1738.547534
-2.200412,200,1739.208548
-228.246781,200,1739.981424
-130.731162,200,1740.655755
-128.324626,200,1741.3217
-117.668492,200,1741.983726
-4.634279,200,1742.645661
-127.916903,200,1743.306196
-315.638816,200,1743.967567
-228.293162,200,1744.628415
-120.132995,200,1745.289619
-119.7283,200,1745.950361
-1.081527,200,1746.724314
-238.324012,200,1747.398576
-318.293551,200,1748.06503
-216.276128,200,1748.732267
-125.453009,200,1749.396993
-1.845986,200,1750.062881
-240.881632,200,1750.72575
-0.884286,200,1751.388361
-121.410501,200,1752.226962
-120.057579,200,1752.904445
-128.154947,200,1753.682444
-129.516531,200,1754.356699
-120.559919,200,1755.031289
-119.17705,200,1755.69999
-124.128933,200,1756.366833
-249.807315,200,1757.033021
-122.685677,200,1757.700246
-227.193296,200,1758.366156
-116.718582,200,1759.030624
-1.513624,200,1759.694298
-225.639366,200,1760.469744
-229.038677,200,1761.140568
-1.185228,200,1761.810311
-127.659785,200,1762.489075
-325.364793,200,1763.15595
-122.893375,200,1763.822468
-225.895911,200,1764.488436
-116.39306,200,1765.154092
-1.564995,200,1765.820267
-2.345469,200,1766.485925
-119.186141,200,1767.261481
-225.844928,200,1767.932568
-115.27335,200,1768.604815
-0.677056,200,1769.273711
-118.885869,200,1769.950259
-224.047566,200,1770.625999
-117.509677,200,1771.315197
-122.922715,200,1771.985553
-118.698501,200,1772.664445
-122.961288,200,1773.526192
-116.010148,200,1774.319397
-0.92238,200,1774.992645
-119.17826,200,1775.695217
-296.144705,200,1776.512632
-235.34583,200,1777.18192
-117.182172,200,1777.850356
-223.226581,200,1778.51905
-230.016162,200,1779.312455
-297.411661,200,1780.102271
-216.805844,200,1780.770392
-0.504319,200,1781.54839
-0.393411,200,1782.220581
-119.881956,200,1782.886632
-129.227646,200,1783.553319
-125.568644,200,1784.219112
-120.812306,200,1784.884973
-116.989014,200,1785.55069
-222.334586,200,1786.217183
-0.699569,200,1786.882999
-0.152106,200,1787.548682
-119.763865,200,1788.325779
-124.967573,200,1788.997658
-116.255294,200,1789.664322
-222.131508,200,1790.330501
-125.832156,200,1790.996064
-0.220271,200,1791.662035
-308.924724,200,1792.327809
-226.440026,200,1792.993102
-278.768962,200,1793.656767
-1.341545,200,1794.321156
-125.675141,200,1795.098207
-121.741804,200,1795.770043
-118.979619,200,1796.436157
-0.647125,200,1797.102071
-2.868643,200,1797.769009
-0.777304,200,1798.43448
-117.367067,200,1799.100954
-119.816766,200,1799.766466
-308.942403,200,1800.432068
-120.086719,200,1801.097041
-116.380453,200,1801.875564
-116.386204,200,1802.546867
-123.870224,200,1803.214209
-128.02412,200,1803.880295
-117.777018,200,1804.547255
-290.327843,200,1805.213431
-316.587702,200,1805.880342
-122.581658,200,1806.546184
-113.770472,200,1807.212408
-123.258732,200,1807.877768
-221.788132,200,1808.655275
-116.816299,200,1809.327744
-117.945208,200,1809.993624
-0.777837,200,1810.65984
-252.958491,200,1811.32581
-3.537167,200,1811.99055
-128.270322,200,1812.655914
-124.254593,200,1813.321374
-120.207979,200,1813.986274
-301.762149,200,1814.652688
-228.139027,200,1815.428089
-0.430816,200,1816.099141
-129.465455,200,1816.766278
-118.736872,200,1817.432467
-128.013388,200,1818.099917
-125.581533,200,1818.767253
-118.676729,200,1819.433307
-124.652717,200,1820.099702
-225.74949,200,1820.765991
-277.165477,200,1821.432162
-0.899964,200,1822.21045
-117.342556,200,1822.878182
-233.033374,200,1823.544907
-113.584271,200,1824.211148
-1.295234,200,1824.874042
-127.813611,200,1825.542596
-129.234396,200,1826.206362
-222.766054,200,1826.868337
-120.089375,200,1827.532213
-121.476738,200,1828.194972
-121.97549,200,1828.968907
-237.435628,200,1829.63813
-122.147156,200,1830.301956
-2.954125,200,1830.965199
-122.074957,200,1831.628912
-229.363251,200,1832.293476
-125.328539,200,1832.956483
-122.197278,200,1833.619527
-117.156607,200,1834.282505
-295.531237,200,1834.945166
-132.129471,200,1835.721221
-119.786063,200,1836.389723
-117.895358,200,1837.054493
-118.484698,200,1837.718536
-126.999753,200,1838.382562
-114.589897,200,1839.046609
-129.376585,200,1839.709624
-2.759198,200,1840.37289
-222.193754,200,1841.035363
-230.130423,200,1841.699386
-120.335998,200,1842.473958
-125.819367,200,1843.141282
-225.183674,200,1843.803403
-124.478515,200,1844.469272
-235.651202,200,1845.142082
-128.876708,200,1845.805657
-1.403392,200,1846.468542
-124.376514,200,1847.233303
-119.146016,200,1847.915493
-123.31334,200,1848.579362
-127.440519,200,1849.353992
-115.782147,200,1850.023927
-1.211006,200,1850.689623
-221.763897,200,1851.35395
-114.928856,200,1852.017671
-325.136755,200,1852.680741
-220.633285,200,1853.343307
-119.389647,200,1854.00548
-1.439983,200,1854.66932
-118.098553,200,1855.3336
-220.598406,200,1856.106644
-114.144026,200,1856.775768
-115.710255,200,1857.440267
-242.457848,200,1858.104315
-118.881852,200,1858.767961
-1.125752,200,1859.431373
-235.547626,200,1860.099594
-116.024459,200,1860.76659
-240.852598,200,1861.42989
-292.013891,200,1862.094681
-230.529287,200,1862.877735
-114.327043,200,1863.54524
-117.33273,200,1864.208666
-228.939735,200,1864.872094
-128.205065,200,1865.534876
-224.03125,200,1866.198802
-116.080431,200,1866.86087
-118.938693,200,1867.523306
-228.047937,200,1868.185964
-116.926313,200,1868.848575
-225.427621,200,1869.621714
-121.917254,200,1870.289193
-226.643615,200,1871.034011
-1.065402,200,1871.696943
-227.065553,200,1872.359964
-121.068954,200,1873.022129
-250.296525,200,1873.685068
-234.827824,200,1874.347615
-1.028627,200,1875.019299
-119.074484,200,1875.685202
-124.530171,200,1876.46391
-127.912062,200,1877.138129
-119.380706,200,1877.805336
-126.626079,200,1878.4714
-123.783142,200,1879.137434
-0.744222,200,1879.802075
-125.212485,200,1880.468099
-0.947958,200,1881.13332
-121.79353,200,1881.798987
-114.430616,200,1882.464438
-226.053207,200,1883.24547
-229.762609,200,1883.916189
-119.375752,200,1884.581291
-129.037685,200,1885.246069
-238.101275,200,1885.912219
-225.895675,200,1886.577575
-218.554871,200,1887.241729
-227.470961,200,1887.906653
-0.530887,200,1888.571982
-1.986534,200,1889.245677
-128.897206,200,1890.022384
-2.45571,200,1890.693774
-223.144429,200,1891.365861
-288.374681,200,1892.032839
-125.004481,200,1892.698747
-128.927017,200,1893.365003
-222.896434,200,1894.030281
-237.674305,200,1894.695716
-2.53595,200,1895.360368
-2.969053,200,1896.024676
-223.896187,200,1896.80262
-222.434957,200,1897.47403
-117.582822,200,1898.140836
-234.904742,200,1898.806892
-119.048518,200,1899.471566
-123.294096,200,1900.136987
-0.980694,200,1900.801675
-127.365808,200,1901.467218
-122.751346,200,1902.13148
-0.825127,200,1902.795748
-217.307599,200,1903.571583
-119.716535,200,1904.242803
-129.336268,200,1904.908543
-117.382862,200,1905.573224
-117.236222,200,1906.239575
-118.847168,200,1906.903993
-1.588532,200,1907.570119
-124.322543,200,1908.236479
-310.546274,200,1908.902097
-237.377299,200,1909.5674
-120.528314,200,1910.345496
-1.02935,200,1911.016613
-3.956837,200,1911.681762
-2.017135,200,1912.346421
-223.47914,200,1913.011486
-0.888015,200,1913.675877
-122.151933,200,1914.340753
-1.238624,200,1915.005819
-234.125702,200,1915.67058
-225.047439,200,1916.335034
-127.00167,200,1917.109897
-117.566366,200,1917.779807
-124.916891,200,1918.445245
-233.606338,200,1919.110322
-1.771688,200,1919.774494
-241.334507,200,1920.439563
-116.589415,200,1921.10386
-114.100536,200,1921.768512
-124.123126,200,1922.432918
-301.252372,200,1923.098844
-228.610229,200,1923.877638
-120.044937,200,1924.546195
-117.422609,200,1925.212371
-122.43728,200,1925.877072
-120.193274,200,1926.541886
-217.938179,200,1927.218439
-119.415099,200,1927.895788
-234.152063,200,1928.5627
-117.418301,200,1929.227901
-231.374939,200,1929.892784
-121.102622,200,1930.67055
-119.147744,200,1931.340536
-3.633281,200,1932.006854
-3.108721,200,1932.672431
-119.957376,200,1933.336994
-119.938261,200,1934.001778
-124.811848,200,1934.667533
-225.35547,200,1935.331573
-128.170357,200,1935.995909
-129.534885,200,1936.659666
-302.588478,200,1937.433636
-1.362956,200,1938.103056
-223.20832,200,1938.767105
-126.861414,200,1939.430116
-130.988493,200,1940.093651
-115.040517,200,1940.75601
-128.352594,200,1941.419139
-0.515952,200,1942.081579
-118.37265,200,1942.74374
-242.248322,200,1943.406263
-308.986092,200,1944.179487
-234.341674,200,1944.846634
-1.27075,200,1945.510247
-126.973569,200,1946.174231
-280.816035,200,1946.837881
-4.255602,200,1947.500851
-0.762203,200,1948.164828
-119.671313,200,1948.909291
-1.616964,200,1949.574823
-121.310631,200,1950.238884
-121.404014,200,1951.013797
-128.407442,200,1951.682231
-231.817142,200,1952.345223
-127.443479,200,1953.00734
-119.062256,200,1953.67007
-1.996401,200,1954.332489
-1.634217,200,1954.994238
-282.804886,200,1955.656264
-126.136152,200,1956.318218
-120.29482,200,1956.980042
-1.164973,200,1957.753879
-224.680793,200,1958.424012
-218.36197,200,1959.087535
-121.712629,200,1959.75142
-119.183663,200,1960.414703
-123.724616,200,1961.076969
-123.560771,200,1961.739123
-1.150066,200,1962.401322
-2.036233,200,1963.063638
-221.113805,200,1963.725843
-127.410255,200,1964.498185
-114.655993,200,1965.165797
-123.71511,200,1965.82899
-294.722651,200,1966.491858
-117.22323,200,1967.154995
-120.405702,200,1967.817902
-219.095742,200,1968.480617
-123.327239,200,1969.142564
-120.272989,200,1969.80571
-242.146026,200,1970.468852
-128.62615,200,1971.242724
-128.234332,200,1971.911166
-125.277613,200,1972.574377
-220.626549,200,1973.236646
-119.654564,200,1973.899734
-229.099873,200,1974.563468
-127.841638,200,1975.225021
-122.206116,200,1975.88775
-119.773914,200,1976.549105
-122.769886,200,1977.211018
-125.54017,200,1977.984966
-1.11051,200,1978.653018
-113.741083,200,1979.316338
-127.029487,200,1979.980532
-128.330183,200,1980.643011
-118.39517,200,1981.304629
-230.59491,200,1981.966136
-269.362574,200,1982.628429
-1.597883,200,1983.290547
-234.760767,200,1983.95152
-128.806108,200,1984.727875
-121.677136,200,1985.399273
-117.036048,200,1986.067902
-117.145852,200,1986.733372
-218.571793,200,1987.397623
-122.015784,200,1988.065151
-226.41126,200,1988.730575
-113.900696,200,1989.394089
-226.601177,200,1990.059378
-226.611101,200,1990.724399
-125.578268,200,1991.498752
-221.430177,200,1992.168346
-126.819701,200,1992.833829
-273.118059,200,1993.498895
-116.602509,200,1994.166826
-116.391735,200,1994.83215
-115.101476,200,1995.501379
-3.161184,200,1996.165096
-119.582052,200,1996.83074
-128.321215,200,1997.495504
-1.906689,200,1998.271367
-115.439528,200,1998.943799
-118.936134,200,1999.609553
-223.476335,200,2000.278568
-217.296332,200,2000.944806
-126.656551,200,2001.610025
-119.389575,200,2002.27687
-119.260564,200,2002.946268
-125.072788,200,2003.611025
-302.79152,200,2004.274991
-123.734365,200,2005.050028
-119.609232,200,2005.719406
-225.403955,200,2006.383468
-125.999879,200,2007.048439
-120.77028,200,2007.712648
-119.209526,200,2008.377825
-119.040761,200,2009.042719
-126.016518,200,2009.706744
-124.556295,200,2010.369843
-127.483669,200,2011.033459
-236.739778,200,2011.80905
-118.651285,200,2012.477675
-127.385183,200,2013.141782
-2.484382,200,2013.806729
-122.560655,200,2014.469826
-230.446819,200,2015.134809
-124.212365,200,2015.803675
-122.585298,200,2016.470592
-114.715095,200,2017.139002
-1.884199,200,2017.803657
-230.521992,200,2018.578255
-230.759924,200,2019.247528
-127.149151,200,2019.912211
-114.360726,200,2020.577206
-228.422192,200,2021.241616
-218.86027,200,2021.905519
-234.877225,200,2022.570468
-120.961106,200,2023.235037
-231.319639,200,2023.90032
-128.282269,200,2024.563732
-120.739714,200,2025.340672
-115.881143,200,2026.016357
-117.021953,200,2026.683826
-218.764583,200,2027.350573
-122.139418,200,2028.015629
-230.225071,200,2028.680961
-127.792541,200,2029.346142
-117.777429,200,2030.012077
-222.60158,200,2030.678756
-127.521026,200,2031.343861
-126.354967,200,2032.127038
-119.159813,200,2032.806001
-4.680492,200,2033.473348
-121.983388,200,2034.139184
-292.408234,200,2034.803915
-131.273153,200,2035.469517
-222.157289,200,2036.133752
-221.110801,200,2036.798493
-2.713395,200,2037.464231
-127.499486,200,2038.127974
-121.606408,200,2038.907179
-126.757551,200,2039.576429
-116.541926,200,2040.252742
-116.957642,200,2040.917113
-121.408121,200,2041.583509
-121.690252,200,2042.248688
-120.040766,200,2042.915375
-128.123986,200,2043.580989
-228.863338,200,2044.246137
-121.254755,200,2044.91251
-2.422445,200,2045.690396
-127.405912,200,2046.388795
-117.256182,200,2047.056333
-126.494516,200,2047.721903
-113.421437,200,2048.388764
-224.866824,200,2049.054946
-230.530353,200,2049.720637
-122.764178,200,2050.386063
-0.914034,200,2051.051538
-0.873878,200,2051.716282
-220.36296,200,2052.495402
-128.64171,200,2053.165497
-125.487064,200,2053.831149
-221.845524,200,2054.495636
-128.591589,200,2055.16183
-115.150915,200,2055.82595
-118.524631,200,2056.489271
-120.286806,200,2057.154502
-220.576181,200,2057.817673
-123.473949,200,2058.479269
-227.784058,200,2059.25324
-228.52948,200,2059.919948
-217.107045,200,2060.583382
-126.476218,200,2061.246888
-219.117233,200,2061.911425
-124.636467,200,2062.573452
-287.459247,200,2063.24234
-228.706325,200,2063.915003
-225.112798,200,2064.579823
-225.162994,200,2065.243491
-120.721075,200,2066.018121
-2.794655,200,2066.686779
-117.25421,200,2067.350795
-224.634879,200,2068.013207
-122.10042,200,2068.676304
-114.653847,200,2069.340312
-4.675724,200,2070.00458
-128.018293,200,2070.667237
-119.437308,200,2071.329619
-117.749102,200,2071.991208
-127.079227,200,2072.763282
-315.330854,200,2073.430744
-306.557125,200,2074.094297
-1.437442,200,2074.757566
-127.112462,200,2075.4201
-128.059536,200,2076.082123
-3.204904,200,2076.744281
-120.293916,200,2077.406015
-226.86046,200,2078.067947
-123.951931,200,2078.730275
-119.598288,200,2079.503001
-227.300693,200,2080.17246
-127.596859,200,2080.836253
-124.910356,200,2081.498914
-278.837054,200,2082.161358
-232.181642,200,2082.823204
-236.975848,200,2083.485844
-118.785503,200,2084.148379
-119.739528,200,2084.811509
-125.21268,200,2085.474927
-222.076109,200,2086.24974
-296.921908,200,2086.916156
-223.482605,200,2087.578417
-124.53791,200,2088.240861
-229.957503,200,2088.904223
-0.938258,200,2089.566262
-217.798666,200,2090.230612
-128.580214,200,2090.894846
-1.684108,200,2091.557906
-226.637174,200,2092.220016
-223.039814,200,2092.992023
-127.85569,200,2093.659841
-118.756177,200,2094.32211
-116.702046,200,2094.984197
-123.797798,200,2095.647987
-232.330509,200,2096.308818
-124.741775,200,2096.97041
-120.406345,200,2097.632406
-128.36962,200,2098.293643
-118.660057,200,2098.955015
-124.285317,200,2099.728198
-119.772164,200,2100.395652
-119.416766,200,2101.058142
-117.017316,200,2101.719898
-0.913755,200,2102.38127
-1.65183,200,2103.043459
-321.181832,200,2103.705156
-217.610313,200,2104.366174
-222.740784,200,2105.027474
-117.574772,200,2105.689586
-116.312551,200,2106.463189
-1.47478,200,2107.131927
-116.41314,200,2107.795875
-239.032791,200,2108.45793
-113.461973,200,2109.119536
-119.123552,200,2109.781656
-118.678339,200,2110.444466
-226.67329,200,2111.107175
-227.354784,200,2111.769908
-231.116432,200,2112.432081
-123.478915,200,2113.206231
-237.246359,200,2113.874192
-117.240699,200,2114.536613
-2.049637,200,2115.199532
-124.322968,200,2115.86123
-1.122327,200,2116.523099
-224.067613,200,2117.184022
-124.614036,200,2117.847182
-118.921709,200,2118.510299
-119.192076,200,2119.173308
-1.897801,200,2119.948267
-117.759796,200,2120.617031
-314.214349,200,2121.279795
-217.617691,200,2121.941977
-118.384889,200,2122.605128
-122.525559,200,2123.268567
-3.835601,200,2123.931523
-120.577776,200,2124.593416
-1.947871,200,2125.254787
-121.489178,200,2125.916858
-124.412246,200,2126.691492
-1.295774,200,2127.359635
-120.630524,200,2128.023292
-116.545456,200,2128.68449
-220.198344,200,2129.346297
-125.246461,200,2130.008395
-117.458775,200,2130.671385
-234.868918,200,2131.333477
-226.103035,200,2131.994886
-0.607814,200,2132.655947
-227.774852,200,2133.428872
-114.513935,200,2134.110714
-125.958867,200,2134.775603
-116.930159,200,2135.440863
-120.968468,200,2136.105216
-231.929755,200,2136.770824
-124.982058,200,2137.435097
-225.505246,200,2138.099866
-221.858143,200,2138.768406
-121.177406,200,2139.432011
-117.156938,200,2140.208368
-242.512199,200,2140.878191
-222.441265,200,2141.542367
-222.295069,200,2142.207357
-236.611131,200,2142.873598
-127.154835,200,2143.538291
-238.434322,200,2144.203781
-116.788205,200,2144.868097
-223.036745,200,2145.533208
-119.459495,200,2146.196985
-226.304393,200,2146.974726
-119.913471,200,2147.644777
-116.922353,200,2148.310803
-120.992277,200,2148.976359
-224.073707,200,2149.641017
-126.326788,200,2150.306453
-233.035918,200,2150.972048
-119.44666,200,2151.637186
-120.356844,200,2152.30089
-115.892172,200,2152.965798
-307.570623,200,2153.743977
-122.608601,200,2154.413009
-227.28217,200,2155.077396
-229.963466,200,2155.740965
-219.599786,200,2156.404503
-118.608786,200,2157.069087
-224.145443,200,2157.733612
-123.057962,200,2158.397496
-126.159352,200,2159.063651
-238.844708,200,2159.727621
-127.155197,200,2160.505527
-126.121921,200,2161.175446
-237.764667,200,2161.841993
-1.715538,200,2162.507651
-115.039728,200,2163.180885
-119.625291,200,2163.848596
-116.09817,200,2164.512939
-119.706503,200,2165.178298
-228.296319,200,2165.843115
-125.523109,200,2166.506902
-222.888534,200,2167.282723
-124.013414,200,2167.952634
-1.00416,200,2168.618268
-124.453039,200,2169.282633
-120.122702,200,2169.947007
-246.225079,200,2170.611864
-223.854856,200,2171.276823
-116.904457,200,2171.940879
-230.731592,200,2172.605645
-223.641048,200,2173.271728
-125.811987,200,2174.047181
-132.950846,200,2174.718362
-124.095345,200,2175.386031
-120.505407,200,2176.051635
-125.244316,200,2176.71745
-217.186618,200,2177.383014
-218.700839,200,2178.048881
-128.017557,200,2178.715349
-229.512051,200,2179.381298
-230.472003,200,2180.045783
-0.905965,200,2180.820913
-1.314833,200,2181.489626
-116.117289,200,2182.154553
-120.153997,200,2182.819785
-123.719748,200,2183.48544
-236.172026,200,2184.151002
-119.238735,200,2184.816249
-226.499078,200,2185.480955
-116.067547,200,2186.145339
-123.654104,200,2186.80901
-0.69034,200,2187.585046
-1.507613,200,2188.255207
-128.015904,200,2188.920826
-126.622541,200,2189.586108
-239.281403,200,2190.251689
-115.88214,200,2190.916825
-119.58078,200,2191.581586
-127.808111,200,2192.245695
-127.179884,200,2192.910267
-125.611414,200,2193.574947
-120.086477,200,2194.348383
-126.265613,200,2195.014302
-114.031953,200,2195.676042
-124.071271,200,2196.337618
-236.864635,200,2196.998495
-277.335528,200,2197.659495
-0.776392,200,2198.32032
-114.179971,200,2198.982091
-122.043233,200,2199.642367
-123.421146,200,2200.304002
-113.915674,200,2201.084161
-121.374485,200,2201.74982
-119.412725,200,2202.411752
-115.018878,200,2203.073159
-126.763477,200,2203.734505
-124.32295,200,2204.39556
-115.50582,200,2205.056247
-224.515854,200,2205.717471
-0.613497,200,2206.379243
-120.294193,200,2207.039988
-232.285389,200,2207.814384
-227.024279,200,2208.481159
-122.40868,200,2209.143874
-229.647389,200,2209.805986
-5.732195,200,2210.468396
-131.011481,200,2211.130963
-120.075431,200,2211.79316
-129.355611,200,2212.454473
-120.2187,200,2213.116073
-119.401857,200,2213.778412
-233.943807,200,2214.5513
-1.32441,200,2215.216755
-1.646449,200,2215.879125
-1.044303,200,2216.540669
-119.434082,200,2217.201994
-121.7371,200,2217.863216
-115.1043,200,2218.52463
-117.312429,200,2219.185869
-114.655208,200,2219.847658
-119.695343,200,2220.508264
-116.378378,200,2221.281112
-120.920758,200,2221.94656
-131.565135,200,2222.609026
-126.126878,200,2223.270944
-114.679035,200,2223.932371
-222.66265,200,2224.595394
-114.037095,200,2225.256767
-117.141273,200,2225.919561
-125.697239,200,2226.580672
-113.784148,200,2227.242451
-225.661534,200,2228.015138
-0.965845,200,2228.680898
-118.966246,200,2229.343179
-119.677912,200,2230.00536
-123.909917,200,2230.667269
-117.231533,200,2231.329585
-128.713323,200,2231.991822
-301.800472,200,2232.653196
-119.77242,200,2233.315672
-0.421527,200,2233.977814
-229.619015,200,2234.751807
-119.521011,200,2235.4196
-120.315257,200,2236.081412
-226.633099,200,2236.742219
-0.373111,200,2237.404221
-121.714013,200,2238.065842
-222.97827,200,2238.727074
-118.649632,200,2239.388354
-116.258776,200,2240.050437
-3.357824,200,2240.71269
-0.514501,200,2241.484937
-118.167218,200,2242.151823
-128.690033,200,2242.81488
-125.401986,200,2243.476042
-114.87686,200,2244.137773
-123.222589,200,2244.799416
-119.441299,200,2245.461453
-282.405057,200,2246.123071
-284.430821,200,2246.784998
-124.604485,200,2247.446785
-128.111664,200,2248.219628
-126.528787,200,2248.922307
-217.130327,200,2249.585113
-123.899446,200,2250.252301
-222.932,200,2250.91678
-125.493402,200,2251.579995
-1.398199,200,2252.245319
-0.59054,200,2252.910851
-2.17022,200,2253.576625
-118.605195,200,2254.246015
-1.398812,200,2255.026714
-226.714166,200,2255.696455
-0.851506,200,2256.362109
-117.390204,200,2257.027997
-114.788371,200,2257.693211
-1.602843,200,2258.359444
-127.403719,200,2259.025383
-120.121679,200,2259.69048
-3.245778,200,2260.354759
-242.666698,200,2261.019136
-225.490225,200,2261.795707
-238.34528,200,2262.467827
-229.297811,200,2263.136014
-123.186141,200,2263.8006
-222.475429,200,2264.467171
-215.621104,200,2265.133744
-117.814566,200,2265.800209
-4.163263,200,2266.466044
-1.010563,200,2267.133913
-1.833042,200,2267.799112
-127.941225,200,2268.590688
-117.407302,200,2269.262813
-117.028213,200,2269.929294
-4.179697,200,2270.593868
-221.388576,200,2271.259779
-122.629688,200,2271.925056
-223.37039,200,2272.590039
-120.563249,200,2273.256802
-0.799043,200,2273.922032
-118.802527,200,2274.587816
-125.740119,200,2275.364333
-229.727399,200,2276.035227
-118.695545,200,2276.701021
-266.502403,200,2277.367716
-223.938686,200,2278.032936
-118.57407,200,2278.696943
-123.035271,200,2279.362756
-128.704017,200,2280.028848
-117.138761,200,2280.69416
-122.708371,200,2281.358813
-124.83344,200,2282.136526
-115.495446,200,2282.807128
-114.481435,200,2283.474236
-124.697707,200,2284.140366
-115.038568,200,2284.805483
-114.717048,200,2285.470763
-225.701582,200,2286.135503
-228.221686,200,2286.800506
-217.575052,200,2287.465012
-125.519914,200,2288.130405
-115.026245,200,2288.907315
-0.317081,200,2289.57799
-131.680502,200,2290.243713
-118.953157,200,2290.91076
-118.768211,200,2291.576693
-264.936271,200,2292.24323
-221.254284,200,2292.909532
-122.728592,200,2293.575274
-119.442217,200,2294.241078
-3.125295,200,2294.906875
-303.188667,200,2295.688229
-118.463359,200,2296.363051
-4.61669,200,2297.029265
-119.985471,200,2297.695621
-3.514368,200,2298.36279
-118.334769,200,2299.028574
-119.4722,200,2299.695167
-118.964193,200,2300.369437
-114.007604,200,2301.03619
-116.671232,200,2301.702132
-127.633344,200,2302.480833
-231.134454,200,2303.151659
-116.998264,200,2303.818826
-118.086274,200,2304.485963
-216.222823,200,2305.152278
-120.860128,200,2305.818671
-124.40445,200,2306.484265
-1.416127,200,2307.149944
-221.89347,200,2307.815341
-224.314289,200,2308.481152
-117.337286,200,2309.257224
-124.642681,200,2309.926488
-118.807712,200,2310.593702
-217.931756,200,2311.260303
-242.658485,200,2311.925268
-239.012077,200,2312.590898
-289.743582,200,2313.255949
-230.488371,200,2313.922737
-228.175947,200,2314.587097
-117.533157,200,2315.249433
-1.75167,200,2316.022766
-121.359452,200,2316.698854
-115.240229,200,2317.362399
-0.825382,200,2318.028948
-113.581172,200,2318.691549
-126.996139,200,2319.355162
-1.177601,200,2320.017251
-119.80746,200,2320.679123
-118.762829,200,2321.341871
-124.94946,200,2322.003765
-115.402353,200,2322.776356
-119.082689,200,2323.442132
-0.712498,200,2324.105132
-123.830021,200,2324.767746
-216.546356,200,2325.429311
-117.729619,200,2326.091733
-124.292822,200,2326.753461
-226.41238,200,2327.416332
-117.771179,200,2328.077987
-0.779938,200,2328.738713
-115.3723,200,2329.511215
-0.352268,200,2330.178464
-0.707538,200,2330.840311
-224.992855,200,2331.501699
-131.313667,200,2332.163368
-117.710378,200,2332.825147
-316.238231,200,2333.48684
-118.785872,200,2334.155651
-118.205689,200,2334.817785
-233.172877,200,2335.480362
-1.211529,200,2336.253954
-118.627401,200,2336.920282
-118.565656,200,2337.582292
-117.854982,200,2338.24541
-295.043214,200,2338.907665
-312.969155,200,2339.569297
-119.907152,200,2340.231758
-2.317412,200,2340.893623
-311.967195,200,2341.555573
-230.313943,200,2342.217194
-303.318815,200,2342.990189
-1.720675,200,2343.658595
-117.859601,200,2344.321405
-1.982797,200,2344.983185
-119.38813,200,2345.645535
-120.739806,200,2346.307562
-118.887893,200,2346.969482
-119.162097,200,2347.630498
-125.57565,200,2348.292178
-228.984188,200,2348.953344
-0.791098,200,2349.726991
-217.18482,200,2350.393921
-237.435537,200,2351.057085
-128.478168,200,2351.719637
-2.650297,200,2352.382498
-129.439858,200,2353.043742
-121.664319,200,2353.706066
-1.080472,200,2354.368426
-218.309094,200,2355.030863
-1.406149,200,2355.692014
-236.699402,200,2356.464907
-1.325793,200,2357.131523
-276.905431,200,2357.793968
-217.813038,200,2358.456423
-123.44306,200,2359.119227
-128.272384,200,2359.781314
-122.060814,200,2360.444899
-122.338975,200,2361.107501
-236.695435,200,2361.769379
-123.781452,200,2362.431873
-118.775834,200,2363.2052
-127.886399,200,2363.870317
-127.016691,200,2364.531968
-1.45972,200,2365.193937
-121.699611,200,2365.85619
-117.776343,200,2366.518362
-222.376266,200,2367.179937
-0.962327,200,2367.841148
-118.349393,200,2368.50249
-123.681089,200,2369.164032
-131.870426,200,2369.945288
-118.635983,200,2370.613051
-118.121306,200,2371.277613
-125.381167,200,2371.941592
-0.606249,200,2372.604818
-217.090717,200,2373.267273
-117.823629,200,2373.929759
-1.292479,200,2374.593025
-126.61873,200,2375.256705
-245.182868,200,2375.918718
-127.478059,200,2376.691767
-116.971521,200,2377.358633
-243.541859,200,2378.023083
-222.204129,200,2378.69654
-120.838312,200,2379.362611
-114.955979,200,2380.029458
-125.969537,200,2380.694518
-236.523871,200,2381.360258
-292.636948,200,2382.02561
-115.747144,200,2382.691448
-218.111987,200,2383.470068
-118.716429,200,2384.141507
-122.857721,200,2384.808134
-117.906254,200,2385.474644
-119.773966,200,2386.141566
-272.652363,200,2386.808006
-120.48846,200,2387.47474
-114.23593,200,2388.140435
-127.336394,200,2388.806452
-0.894307,200,2389.473234
-231.473985,200,2390.250099
-1.588401,200,2390.920715
-117.651326,200,2391.586814
-229.499338,200,2392.251538
-228.841577,200,2392.916439
-3.097268,200,2393.581702
-297.939457,200,2394.247975
-226.878262,200,2394.915485
-124.959636,200,2395.582565
-219.932877,200,2396.249021
-114.249341,200,2397.025526
-125.335527,200,2397.696016
-119.698834,200,2398.363646
-118.210351,200,2399.029555
-115.99486,200,2399.694151
-220.31104,200,2400.359618
-221.752712,200,2401.023226
-227.361669,200,2401.687192
-225.466863,200,2402.35165
-228.987498,200,2403.016736
-116.700436,200,2403.793033
-116.477157,200,2404.464286
-0.198287,200,2405.129901
-303.700702,200,2405.795213
-120.191831,200,2406.461981
-288.901434,200,2407.128398
-126.128991,200,2407.793947
-115.647393,200,2408.458722
-234.04489,200,2409.124479
-117.089398,200,2409.79063
-238.371051,200,2410.573188
-223.93271,200,2411.24494
-217.541797,200,2411.91148
-0.760147,200,2412.577199
-118.485327,200,2413.242673
-1.339429,200,2413.907673
-120.325782,200,2414.574078
-3.682994,200,2415.24009
-119.734793,200,2415.904955
-118.607115,200,2416.571956
-119.190558,200,2417.347828
-116.736628,200,2418.018634
-116.415629,200,2418.685057
-121.023085,200,2419.35034
-0.674784,200,2420.016007
-243.905124,200,2420.681807
-124.074855,200,2421.347737
-121.440505,200,2422.012965
-1.830933,200,2422.678616
-118.121854,200,2423.344563
-127.538049,200,2424.122569
-230.82807,200,2424.794477
-1.070517,200,2425.460814
-119.018758,200,2426.127034
-228.294887,200,2426.792376
-117.344343,200,2427.457941
-0.953924,200,2428.123497
-118.187191,200,2428.789466
-114.473347,200,2429.45524
-242.625514,200,2430.120713
-114.075878,200,2430.903076
-125.204017,200,2431.574161
-117.650702,200,2432.239651
-126.367034,200,2432.905091
-226.87398,200,2433.569584
-219.437678,200,2434.23474
-225.380355,200,2434.900419
-220.739462,200,2435.564917
-220.264537,200,2436.230691
-308.378862,200,2436.895411
-126.052979,200,2437.678408
-1.913005,200,2438.350589
-126.443889,200,2439.013734
-118.174939,200,2439.676426
-120.067564,200,2440.340049
-336.662923,200,2441.003303
-118.925725,200,2441.715825
-126.760984,200,2442.397628
-273.779533,200,2443.060468
-126.614904,200,2443.745267
-4.005391,200,2444.519767
-118.834592,200,2445.187933
-0.899327,200,2445.85163
-119.602129,200,2446.515331
-116.543417,200,2447.178164
-2.464336,200,2447.84529
-121.214453,200,2448.520789
-125.348029,200,2449.183863
-120.071842,200,2449.845786
-118.911981,200,2450.508925
-120.086487,200,2451.284179
-124.72973,200,2451.951555
-305.879066,200,2452.614355
-125.754512,200,2453.276772
-121.176,200,2453.938965
-216.865897,200,2454.601328
-221.742917,200,2455.263841
-126.652884,200,2455.926269
-128.829722,200,2456.588871
-280.491239,200,2457.251545
-120.222859,200,2458.02533
-118.320194,200,2458.69321
-126.014046,200,2459.356299
-217.278874,200,2460.018605
-114.165016,200,2460.681069
-118.00742,200,2461.34302
-122.14024,200,2462.004654
-118.789515,200,2462.665972
-230.238416,200,2463.327949
-4.047033,200,2463.990011
-217.835849,200,2464.762306
-226.75062,200,2465.428441
-1.373674,200,2466.09164
-115.219237,200,2466.754464
-0.25298,200,2467.416719
-114.737418,200,2468.07905
-120.306049,200,2468.741022
-0.241109,200,2469.404124
-125.074924,200,2470.067894
-114.169278,200,2470.729336
-228.283241,200,2471.50166
-224.797927,200,2472.170981
-219.404091,200,2472.833336
-1.207016,200,2473.494735
-121.972164,200,2474.156908
-268.085614,200,2474.81865
-119.953077,200,2475.481981
-127.38941,200,2476.144108
-119.569169,200,2476.807057
-127.619664,200,2477.4695
-284.164298,200,2478.243304
-315.78756,200,2478.908964
-128.225082,200,2479.571717
-124.71856,200,2480.235043
-123.954009,200,2480.899243
-122.000702,200,2481.562042
-0.87921,200,2482.224199
-116.967788,200,2482.886866
-0.618215,200,2483.54921
-116.786409,200,2484.211786
-1.597542,200,2484.986558
-306.203277,200,2485.654033
-114.459772,200,2486.317264
-313.300192,200,2486.980154
-220.384697,200,2487.64309
-217.608038,200,2488.305712
-125.981192,200,2488.967876
-229.616104,200,2489.630856
-117.297943,200,2490.294081
-124.863379,200,2490.956762
-114.505168,200,2491.730946
-270.221362,200,2492.398273
-227.898426,200,2493.061677
-117.422441,200,2493.723931
-119.039187,200,2494.386945
-246.017335,200,2495.05182
-271.132787,200,2495.716748
-1.505877,200,2496.381618
-118.056255,200,2497.046726
-125.344724,200,2497.711032
-118.476336,200,2498.486893
-116.511855,200,2499.163923
-122.763189,200,2499.829435
-310.924062,200,2500.495461
-310.178611,200,2501.161383
-116.112413,200,2501.82818
-124.971665,200,2502.492817
-241.240945,200,2503.158294
-118.026011,200,2503.824183
-113.564795,200,2504.490553
-127.145076,200,2505.26839
-117.741612,200,2505.938697
-118.116893,200,2506.603671
-227.435634,200,2507.269235
-227.027555,200,2507.934476
-114.186136,200,2508.59939
-259.355104,200,2509.264972
-1.130444,200,2509.929721
-1.71908,200,2510.593706
-244.342319,200,2511.259255
-126.970044,200,2512.034441
-239.578074,200,2512.703078
-117.030418,200,2513.36895
-1.314423,200,2514.034184
-116.616823,200,2514.699034
-126.994946,200,2515.400098
-229.871651,200,2516.079904
-227.728751,200,2516.745658
-125.469421,200,2517.411471
-1.409698,200,2518.076785
-0.778001,200,2518.854484
-227.987141,200,2519.525934
-122.81702,200,2520.191741
-128.910114,200,2520.857921
-118.286916,200,2521.523366
-128.264575,200,2522.188525
-305.99484,200,2522.854342
-289.378879,200,2523.521492
-122.71558,200,2524.185303
-117.603925,200,2524.850337
-222.841332,200,2525.628066
-121.605628,200,2526.29973
-124.210015,200,2526.964464
-118.258601,200,2527.632233
-228.335113,200,2528.297646
-118.602007,200,2528.991412
-1.109822,200,2529.672908
-118.613289,200,2530.339022
-296.922886,200,2531.005258
-122.877836,200,2531.67212
-125.628028,200,2532.451149
-1.307764,200,2533.123915
-236.503957,200,2533.789754
-295.899192,200,2534.455581
-119.937852,200,2535.122835
-262.749915,200,2535.789477
-126.22064,200,2536.454592
-116.640676,200,2537.120105
-222.057818,200,2537.786469
-114.014412,200,2538.451128
-216.159788,200,2539.233383
-0.885208,200,2539.907465
-116.115853,200,2540.575008
-215.875763,200,2541.242628
-119.461339,200,2541.910518
-126.441275,200,2542.576162
-2.486695,200,2543.242822
-253.187571,200,2543.908147
-224.867627,200,2544.574143
-126.250153,200,2545.239298
-230.976641,200,2546.016966
-119.640685,200,2546.689193
-119.811105,200,2547.356154
-0.418125,200,2548.021273
-125.234479,200,2548.687013
-115.577992,200,2549.353067
-275.959078,200,2550.019884
-118.339365,200,2550.685637
-125.528334,200,2551.352003
-240.59754,200,2552.019654
-1.559432,200,2552.800371
-297.523639,200,2553.47059
-227.943847,200,2554.1378
-117.968852,200,2554.80312
-126.82863,200,2555.468262
-117.062851,200,2556.133758
-226.756006,200,2556.800627
-1.171274,200,2557.465967
-118.786662,200,2558.130872
-118.676053,200,2558.795682
-127.93808,200,2559.571365
-124.535771,200,2560.238202
-113.660766,200,2560.901859
-126.923173,200,2561.563364
-118.246368,200,2562.224482
-0.011983,200,2562.885882
-232.364082,200,2563.547962
-227.277713,200,2564.20989
-118.501463,200,2564.871428
-293.282745,200,2565.533301
-119.72358,200,2566.308581
-227.65544,200,2566.975297
-121.721471,200,2567.637988
-116.829326,200,2568.300945
-3.478395,200,2568.963008
-124.585032,200,2569.624825
-227.279739,200,2570.287503
-129.456954,200,2570.949228
-122.598216,200,2571.614016
-292.223586,200,2572.276581
-270.249822,200,2573.050487
-216.290631,200,2573.717163
-122.884395,200,2574.386558
-119.00682,200,2575.050334
-118.230797,200,2575.713739
-119.955872,200,2576.375636
-118.92596,200,2577.037214
-259.519474,200,2577.699384
-118.202831,200,2578.361533
-1.516803,200,2579.024038
-117.30934,200,2579.796402
-123.645215,200,2580.462534
-115.054245,200,2581.125691
-116.769135,200,2581.788113
-118.80804,200,2582.450306
-240.148971,200,2583.113271
-115.061763,200,2583.775857
-123.995723,200,2584.438043
-295.909743,200,2585.099796
-126.32771,200,2585.760919
-241.902235,200,2586.533357
-218.258553,200,2587.20092
-300.616694,200,2587.864985
-232.681026,200,2588.526797
-117.531215,200,2589.189116
-315.393125,200,2589.851003
-120.573489,200,2590.512987
-119.151082,200,2591.175082
-124.25243,200,2591.836429
-0.2017,200,2592.497238
-116.87792,200,2593.271294
-115.469106,200,2593.940052
-125.462457,200,2594.603963
-121.03187,200,2595.267658
-120.964033,200,2595.930412
-125.470908,200,2596.5928
-119.104557,200,2597.255685
-115.791209,200,2597.917282
-229.081538,200,2598.579794
-220.203126,200,2599.241679
-245.693634,200,2600.016613
-228.846042,200,2600.685662
-278.239806,200,2601.348829
-124.644879,200,2602.0111
-126.540831,200,2602.67436
-118.850967,200,2603.337182
-122.908171,200,2604.00002
-129.449569,200,2604.66237
-119.974951,200,2605.324674
-125.942721,200,2605.986643
-117.071795,200,2606.797804
-116.906945,200,2607.46563
-1.746774,200,2608.128959
-122.552272,200,2608.791118
-126.676653,200,2609.452579
-124.036809,200,2610.114687
-116.534658,200,2610.776825
-122.884787,200,2611.438667
-114.101659,200,2612.10017
-355.385582,200,2612.761911
-116.844021,200,2613.535059
-117.171522,200,2614.202091
-218.510697,200,2614.864245
-116.030395,200,2615.527474
-235.616759,200,2616.190298
-125.052927,200,2616.852958
-122.954594,200,2617.526417
-1.026125,200,2618.206214
-126.878184,200,2618.87742
-241.708442,200,2619.543556
-126.23259,200,2620.322342
-119.264265,200,2620.993888
-114.1725,200,2621.660884
-2.219703,200,2622.327362
-114.970824,200,2622.992749
-117.022319,200,2623.658982
-1.669742,200,2624.324188
-118.90114,200,2624.989733
-288.154397,200,2625.656065
-114.013589,200,2626.321045
-306.113274,200,2627.099262
-116.757146,200,2627.772163
-124.715136,200,2628.439021
-120.612938,200,2629.105776
-117.021959,200,2629.771756
-116.818038,200,2630.437451
-225.983789,200,2631.104022
-117.275248,200,2631.770809
-118.108011,200,2632.43799
-121.202793,200,2633.104042
-119.471894,200,2633.8814
-1.301096,200,2634.552847
-231.394818,200,2635.229814
-114.103345,200,2635.897445
-119.92948,200,2636.563943
-219.311417,200,2637.230472
-0.586465,200,2637.896787
-119.24269,200,2638.564031
-3.142378,200,2639.23083
-0.511808,200,2639.897284
-127.438992,200,2640.677556
-231.246991,200,2641.352431
-125.270256,200,2642.019354
-116.608583,200,2642.685074
-126.211852,200,2643.350809
-120.646274,200,2644.015991
-119.821583,200,2644.680579
-127.256489,200,2645.346785
-125.84994,200,2646.014048
-122.149256,200,2646.680284
-123.809253,200,2647.457821
-224.37437,200,2648.127434
-227.151043,200,2648.794288
-127.301239,200,2649.460392
-127.232031,200,2650.127165
-116.231751,200,2650.793222
-282.221963,200,2651.460585
-230.357736,200,2652.126742
-120.092523,200,2652.794011
-124.133049,200,2653.460097
-238.201373,200,2654.23718
-123.422034,200,2654.907942
-126.339524,200,2655.574763
-116.995521,200,2656.242636
-127.7621,200,2656.908236
-117.289484,200,2657.574974
-122.602616,200,2658.241218
-220.381171,200,2658.90742
-116.777367,200,2659.573435
-127.935609,200,2660.237667
-231.917075,200,2661.01563
-2.797547,200,2661.685199
-2.76639,200,2662.352243
-124.207424,200,2663.018167
-123.043623,200,2663.684622
-115.033157,200,2664.349321
-119.669325,200,2665.012482
-126.059695,200,2665.675866
-119.697444,200,2666.38756
-120.674204,200,2667.078288
-116.188981,200,2667.858913
-124.591336,200,2668.558609
-119.486716,200,2669.224186
-219.447945,200,2669.890508
-121.52791,200,2670.555391
-123.746442,200,2671.228504
-223.109683,200,2671.948378
-120.564296,200,2672.644381
-124.710109,200,2673.33053
-0.914013,200,2674.04446
-229.893295,200,2674.840848
-308.280859,200,2675.558077
-121.267473,200,2676.230573
-221.460819,200,2676.898201
-220.245458,200,2677.598241
-115.130614,200,2678.266153
-119.978826,200,2678.935154
-119.29337,200,2679.608847
-217.979689,200,2680.280102
-3.445383,200,2680.949147
-1.51671,200,2681.731258
-240.092182,200,2682.401851
-222.051108,200,2683.069882
-117.822508,200,2683.737367
-219.806748,200,2684.403992
-0.902859,200,2685.068252
-231.59776,200,2685.735253
-120.779152,200,2686.401502
-127.269508,200,2687.066476
-117.587321,200,2687.733013
-117.168449,200,2688.5101
-299.934227,200,2689.179957
-120.580218,200,2689.845283
-115.578034,200,2690.510928
-121.689496,200,2691.175789
-219.392555,200,2691.84088
-251.390052,200,2692.505226
-1.596447,200,2693.169411
-119.734535,200,2693.831764
-115.17168,200,2694.495401
-126.454499,200,2695.27128
-121.960772,200,2695.940637
-122.467487,200,2696.605188
-115.939576,200,2697.269908
-120.934696,200,2697.932456
-1.029152,200,2698.594544
-118.441517,200,2699.257089
-0.581343,200,2699.920106
-241.424294,200,2700.581215
-115.181396,200,2701.244475
-114.58817,200,2702.019042
-117.068301,200,2702.687295
-117.785655,200,2703.350214
-117.411235,200,2704.013454
-122.919098,200,2704.675858
-119.386292,200,2705.33813
-121.143411,200,2706.000621
-0.461449,200,2706.663608
-122.948377,200,2707.325648
-272.618595,200,2707.98782
-120.974699,200,2708.767216
-222.695329,200,2709.436446
-2.227016,200,2710.099854
-125.366993,200,2710.761906
-1.574078,200,2711.432509
-128.091252,200,2712.096503
-127.74118,200,2712.75895
-119.575862,200,2713.421281
-1.544714,200,2714.085094
-223.458155,200,2714.748235
-114.271084,200,2715.52218
-119.916654,200,2716.194831
-117.829023,200,2716.858279
-116.159472,200,2717.520601
-118.994141,200,2718.182352
-226.237941,200,2718.845
-1.502815,200,2719.50758
-117.28969,200,2720.170707
-225.133082,200,2720.833824
-125.748041,200,2721.496287
-122.737049,200,2722.268093
-117.843631,200,2722.935543
-289.905853,200,2723.598604
-1.228955,200,2724.260928
-122.529588,200,2724.922093
-127.592317,200,2725.583764
-114.144115,200,2726.2463
-220.179409,200,2726.911718
-117.615013,200,2727.573483
-282.16904,200,2728.235291
-122.783806,200,2729.007663
-234.292713,200,2729.673786
-125.80321,200,2730.335403
-116.644512,200,2730.997067
-218.312976,200,2731.658996
-1.341148,200,2732.32108
-119.222674,200,2732.990644
-270.778019,200,2733.656204
-116.992149,200,2734.321051
-118.138314,200,2734.987329
-117.295947,200,2735.765815
-117.858227,200,2736.437638
-126.588462,200,2737.102844
-1.78681,200,2737.77075
-118.109788,200,2738.437081
-226.847006,200,2739.102625
-228.667338,200,2739.766838
-123.317453,200,2740.431325
-286.703,200,2741.09729
-118.864428,200,2741.761672
-246.792423,200,2742.538451
-2.042344,200,2743.210268
-120.429962,200,2743.875437
-119.026726,200,2744.547088
-120.964685,200,2745.225129
-118.740085,200,2745.888605
-217.279074,200,2746.556744
-120.958681,200,2747.25356
-1.489341,200,2747.94339
-232.231823,200,2748.609385
-117.229703,200,2749.385298
-117.03421,200,2750.056894
-123.820818,200,2750.723308
-128.232189,200,2751.388298
-114.450496,200,2752.055076
-117.366981,200,2752.719353
-121.137011,200,2753.382878
-118.763905,200,2754.046744
-224.761031,200,2754.710959
-120.437836,200,2755.376209
-245.564255,200,2756.153453
-222.889453,200,2756.823327
-229.513093,200,2757.487904
-124.12613,200,2758.152338
-251.299671,200,2758.817757
-118.865799,200,2759.483915
-119.27501,200,2760.149226
-222.883833,200,2760.81679
-117.200824,200,2761.484075
-119.331534,200,2762.152415
-117.030137,200,2762.929759
-223.987208,200,2763.600238
-117.022807,200,2764.264177
-119.17931,200,2764.928201
-0.511386,200,2765.593967
-119.096821,200,2766.260239
-3.878652,200,2766.925006
-117.569814,200,2767.58934
-216.793032,200,2768.254049
-0.735876,200,2768.919354
-114.936708,200,2769.694915
-222.489748,200,2770.363834
-128.268867,200,2771.029081
-121.102389,200,2771.694753
-118.127221,200,2772.360444
-128.313471,200,2773.025911
-240.529913,200,2773.69193
-3.757983,200,2774.357512
-215.23785,200,2775.021967
-120.674536,200,2775.688114
-114.8986,200,2776.464222
-128.124256,200,2777.134712
-117.678514,200,2777.800726
-234.205001,200,2778.46701
-121.777286,200,2779.132492
-119.034368,200,2779.797869
-119.035778,200,2780.46299
-114.64457,200,2781.12931
-0.99299,200,2781.794787
-1.939808,200,2782.459519
-115.09249,200,2783.236825
-223.061877,200,2783.907057
-0.515607,200,2784.573168
-299.492649,200,2785.238266
-217.220267,200,2785.905467
-119.271574,200,2786.571724
-121.417417,200,2787.23784
-130.580184,200,2787.904403
-3.643941,200,2788.570008
-124.562095,200,2789.236106
-239.391702,200,2790.013005
-129.313159,200,2790.684922
-121.978975,200,2791.350819
-1.467805,200,2792.016879
-122.347639,200,2792.681973
-117.566661,200,2793.347104
-124.270799,200,2794.012975
-323.779367,200,2794.679134
-224.785143,200,2795.345088
-227.690272,200,2796.0103
-232.378142,200,2796.787192
-227.33236,200,2797.45712
-126.184997,200,2798.123995
-127.041204,200,2798.785789
-120.57718,200,2799.44931
-127.457445,200,2800.111927
-127.980419,200,2800.774142
-121.841856,200,2801.435235
-119.010403,200,2802.097586
-127.323099,200,2802.759179
-0.600416,200,2803.531369
-118.355424,200,2804.197592
-116.503359,200,2804.859631
-119.443081,200,2805.521982
-119.259309,200,2806.184707
-218.411076,200,2806.846517
-120.297022,200,2807.508697
-120.980638,200,2808.170742
-234.904942,200,2808.831996
-122.569588,200,2809.493001
-125.687394,200,2810.266044
-226.767156,200,2810.93249
-0.49789,200,2811.595679
-218.704357,200,2812.257374
-122.416609,200,2812.920288
-283.80494,200,2813.58232
-218.789548,200,2814.245402
-220.332937,200,2814.907497
-243.204937,200,2815.569042
-0.882754,200,2816.231234
-225.837848,200,2817.003909
-238.165878,200,2817.670152
-126.246409,200,2818.333035
-116.885675,200,2818.995386
-236.21999,200,2819.657269
-2.707065,200,2820.319358
-115.61817,200,2820.981637
-114.879649,200,2821.64313
-126.61495,200,2822.304948
-118.684504,200,2822.966727
-222.323484,200,2823.739602
-124.789044,200,2824.40671
-222.820886,200,2825.069905
-127.561321,200,2825.731458
-124.770512,200,2826.394109
-115.546456,200,2827.055892
-1.517044,200,2827.718415
-1.490063,200,2828.380231
-116.722487,200,2829.042431
-121.98996,200,2829.703967
-126.137783,200,2830.476723
-124.536544,200,2831.143835
-1.09888,200,2831.806756
-115.033007,200,2832.469146
-242.431493,200,2833.130605
-116.902431,200,2833.792541
-1.092266,200,2834.454299
-115.845586,200,2835.116135
-0.457863,200,2835.777649
-223.608344,200,2836.439644
-128.890621,200,2837.211654
-122.87355,200,2837.878632
-307.00812,200,2838.54074
-2.060542,200,2839.203122
-226.199619,200,2839.864993
-117.240958,200,2840.526139
-121.365213,200,2841.187998
-126.389186,200,2841.849671
-117.030337,200,2842.511438
-124.526582,200,2843.172546
-258.917115,200,2843.945582
-292.059247,200,2844.611254
-116.433629,200,2845.276522
-123.56839,200,2845.946446
-124.678372,200,2846.611991
-222.549398,200,2847.277611
-228.714798,200,2847.944295
-117.985326,200,2848.616489
-114.397143,200,2849.283978
-125.271083,200,2849.949429
-225.551302,200,2850.729915
-307.051226,200,2851.401611
-0.509247,200,2852.070164
-122.511286,200,2852.737118
-128.922492,200,2853.403705
-124.672082,200,2854.06772
-129.878575,200,2854.730021
-117.625046,200,2855.392079
-125.570187,200,2856.062309
-116.95611,200,2856.727055
-0.716667,200,2857.500702
-127.003874,200,2858.168752
-124.578866,200,2858.833627
-117.424727,200,2859.498117
-118.35027,200,2860.162444
-120.956884,200,2860.827389
-118.958329,200,2861.491311
-290.699305,200,2862.154208
-240.66718,200,2862.819154
-215.941093,200,2863.483741
-0.819769,200,2864.259867
-118.753456,200,2864.929521
-231.165255,200,2865.594225
-0.447854,200,2866.259319
-119.350489,200,2866.923949
-123.719819,200,2867.588695
-218.99044,200,2868.252934
-126.413739,200,2868.917504
-316.072752,200,2869.580433
-116.609063,200,2870.243527
-120.066998,200,2871.016497
-278.187676,200,2871.686575
-2.125112,200,2872.352272
-227.056323,200,2873.018496
-130.028082,200,2873.684244
-120.56828,200,2874.347795
-222.723292,200,2875.013204
-118.635363,200,2875.677351
-250.285745,200,2876.342741
-116.716164,200,2877.006394
-279.115447,200,2877.790322
-238.516039,200,2878.460906
-0.695892,200,2879.12565
-289.035144,200,2879.78941
-115.991357,200,2880.451941
-218.898368,200,2881.115404
-233.026433,200,2881.779351
-224.074624,200,2882.44515
-241.066632,200,2883.110637
-221.390127,200,2883.774518
-116.244766,200,2884.554255
-123.840351,200,2885.22326
-216.78579,200,2885.886554
-222.876874,200,2886.550299
-225.966461,200,2887.214402
-117.319902,200,2887.877386
-306.732327,200,2888.541113
-228.960448,200,2889.204188
-118.327471,200,2889.866764
-0.768646,200,2890.529473
-251.945538,200,2891.307913
-118.070518,200,2891.978082
-304.17684,200,2892.641811
-127.026506,200,2893.304683
-116.522707,200,2893.969281
-117.709131,200,2894.633492
-115.79369,200,2895.297405
-117.379039,200,2895.959126
-231.08975,200,2896.621746
-232.685222,200,2897.288281
-241.645755,200,2898.062732
-117.125332,200,2898.732338
-255.923318,200,2899.396917
-124.649773,200,2900.061388
-220.617133,200,2900.72853
-116.34737,200,2901.394099
-113.510963,200,2902.060121
-2.671022,200,2902.72385
-302.002348,200,2903.388742
-120.869489,200,2904.052359
-120.45377,200,2904.826981
-116.595241,200,2905.495616
-1.745379,200,2906.163074
-119.017093,200,2906.833355
-124.087636,200,2907.498824
-125.995739,200,2908.163586
-124.951599,200,2908.827494
-120.087615,200,2909.49212
-228.749818,200,2910.156334
-0.374163,200,2910.820409
-119.056473,200,2911.597847
-118.274095,200,2912.270705
-239.52477,200,2912.935878
-116.027137,200,2913.599597
-228.150853,200,2914.264181
-238.820693,200,2914.928896
-118.580805,200,2915.59388
-122.397372,200,2916.258334
-120.208772,200,2916.923144
-126.326224,200,2917.587441
-217.008331,200,2918.365992
-262.170686,200,2919.086844
-114.987805,200,2919.755548
-117.56105,200,2920.420595
-126.002567,200,2921.085364
-223.601727,200,2921.750445
-305.824885,200,2922.415631
-123.594931,200,2923.079241
-116.988508,200,2923.942053
-223.595901,200,2924.637288
-119.970043,200,2925.415135
-118.127218,200,2926.08608
-291.457065,200,2926.753731
-131.69203,200,2927.421333
-314.449937,200,2928.088228
-1.49252,200,2928.753575
-115.503445,200,2929.417765
-222.150372,200,2930.084383
-120.923617,200,2930.751124
-228.101045,200,2931.416081
-115.44026,200,2932.190802
-215.26963,200,2932.863226
-233.975717,200,2933.528895
-117.109283,200,2934.194285
-118.650704,200,2934.861273
-126.851998,200,2935.526413
-124.429423,200,2936.263423
-228.791377,200,2936.930823
-1.082357,200,2937.595065
-114.939974,200,2938.261023
-230.508479,200,2939.037882
-126.90905,200,2939.7102
-1.26732,200,2940.395756
-119.757187,200,2941.077898
-283.020018,200,2941.74204
-118.807434,200,2942.406477
-4.652158,200,2943.071852
-279.66641,200,2943.73491
-3.35649,200,2944.398795
-115.079714,200,2945.063431
-1.758999,200,2945.840426
-316.237645,200,2946.512114
-218.69486,200,2947.177008
-0.525608,200,2947.839944
-0.576285,200,2948.504874
-118.017851,200,2949.169858
-304.078537,200,2949.833473
-3.588723,200,2950.638575
-116.847451,200,2951.359989
-127.469344,200,2952.028162
-129.062259,200,2952.806431
-125.020977,200,2953.479162
-225.435271,200,2954.147474
-120.735072,200,2954.811927
-117.776684,200,2955.476559
-115.445759,200,2956.140717
-0.943312,200,2956.806514
-127.427125,200,2957.470475
-124.173172,200,2958.139394
-115.841472,200,2958.807529
-218.280705,200,2959.588719
-219.086799,200,2960.268436
-0.821256,200,2960.937373
-219.898902,200,2961.604372
-123.359574,200,2962.274125
-125.090442,200,2962.944315
-126.844863,200,2963.613513
-3.533034,200,2964.28025
-123.562984,200,2964.948408
-230.59537,200,2965.618452
-125.090838,200,2966.404846
-117.738914,200,2967.100874
-221.092931,200,2967.792155
-117.445694,200,2968.460019
-317.313754,200,2969.126031
-239.877592,200,2969.795613
-6.993603,200,2970.464665
-1.235686,200,2971.131966
-124.881304,200,2971.799662
-226.687331,200,2972.466453
-124.073089,200,2973.246333
-118.667722,200,2973.922059
-2.237041,200,2974.589746
-127.864849,200,2975.256095
-0.508503,200,2975.920992
-2.234571,200,2976.5857
-1.166075,200,2977.25145
-121.249192,200,2977.916135
-224.837838,200,2978.581202
-230.107642,200,2979.245194
-121.066048,200,2980.019822
-253.107053,200,2980.691192
-117.73664,200,2981.356164
-216.774354,200,2982.020501
-228.430932,200,2982.685066
-217.647104,200,2983.347754
-126.497271,200,2984.012668
-120.605003,200,2984.677096
-130.275105,200,2985.544061
-217.158815,200,2986.262658
-219.469106,200,2987.041465
-120.325606,200,2987.713171
-117.325595,200,2988.380128
-219.94352,200,2989.045947
-118.419593,200,2989.711783
-313.958875,200,2990.376989
-223.802831,200,2991.043313
-241.711113,200,2991.710149
-238.394455,200,2992.375266
-119.691661,200,2993.040715
-116.4718,200,2993.839408
-221.896315,200,2994.532321
-114.135055,200,2995.200775
-216.5392,200,2995.867639
-118.398249,200,2996.533689
-304.113085,200,2997.201586
-0.468614,200,2997.866836
-126.907138,200,2998.53208
-232.15084,200,2999.198065
-0.771408,200,2999.863645
-119.567712,200,3000.641477
-113.449525,200,3001.322988
-0.713776,200,3002.03044
-116.021514,200,3002.697704
-124.507353,200,3003.363694
-119.954296,200,3004.029831
-116.908893,200,3004.694696
-120.458481,200,3005.358992
-1.069574,200,3006.024422
-117.899895,200,3006.690391
-2.82023,200,3007.466243
-122.773226,200,3008.136925
-243.80794,200,3008.802928
-118.434133,200,3009.468756
-120.01308,200,3010.134749
-123.90315,200,3010.800214
-1.384647,200,3011.465727
-307.966223,200,3012.132089
-121.006286,200,3012.79719
-229.101827,200,3013.46181
-1.250905,200,3014.239305
-281.184999,200,3014.909786
-0.521675,200,3015.574614
-116.345889,200,3016.239031
-123.087953,200,3016.903569
-115.175033,200,3017.568264
-0.925275,200,3018.233598
-117.04947,200,3018.900107
-1.384046,200,3019.56521
-117.378756,200,3020.230656
-243.626095,200,3021.006934
-129.029769,200,3021.678675
-127.855899,200,3022.344936
-217.465614,200,3023.011308
-119.771324,200,3023.675411
-119.49854,200,3024.339917
-1.357822,200,3025.005394
-238.859093,200,3025.669766
-119.292835,200,3026.33497
-118.533287,200,3026.998404
-129.664586,200,3027.772317
-2.960477,200,3028.43871
-125.735897,200,3029.101767
-127.7288,200,3029.763833
-114.057156,200,3030.426938
-231.07383,200,3031.08875
-121.125404,200,3031.75085
-119.069813,200,3032.412966
-114.797579,200,3033.075294
-224.726363,200,3033.736549
-228.63734,200,3034.50954
-308.75911,200,3035.177775
-119.200213,200,3035.84176
-129.916321,200,3036.504684
-116.927728,200,3037.169315
-225.572262,200,3037.832422
-118.682835,200,3038.494477
-226.689097,200,3039.156655
-0.696163,200,3039.819723
-0.694907,200,3040.482938
-230.014194,200,3041.257148
-126.409682,200,3041.923732
-118.469443,200,3042.586312
-222.075141,200,3043.248739
-224.205759,200,3043.911136
-0.606249,200,3044.572925
-117.160393,200,3045.235685
-0.612551,200,3045.89992
-118.769795,200,3046.563633
-227.686559,200,3047.225521
-131.839964,200,3048.005712
-127.591825,200,3048.672862
-130.032062,200,3049.336531
-224.915551,200,3050.00007
-119.7069,200,3050.664391
-118.686841,200,3051.326862
-0.716368,200,3051.989646
-283.765672,200,3052.652401
-124.876255,200,3053.314714
-120.112321,200,3053.97715
-253.226841,200,3054.751504
-126.254776,200,3055.420003
-0.111814,200,3056.084003
-224.18101,200,3056.746169
-239.68519,200,3057.407684
-126.930216,200,3058.070441
-249.699036,200,3058.731977
-126.864572,200,3059.393451
-234.61201,200,3060.056308
-309.321015,200,3060.718075
-294.542354,200,3061.491135
-1.255701,200,3062.158043
-244.561377,200,3062.820272
-119.223099,200,3063.482036
-225.215174,200,3064.143983
-221.828,200,3064.804899
-1.298609,200,3065.467783
-221.232832,200,3066.130799
-123.922725,200,3066.79293
-121.155221,200,3067.455214
-116.54935,200,3068.229622
-216.11069,200,3068.897009
-114.657312,200,3069.559819
-129.038679,200,3070.222594
-1.818521,200,3070.884408
-276.868313,200,3071.545645
-122.205273,200,3072.20794
-1.635784,200,3072.86927
-116.238309,200,3073.530865
-229.964353,200,3074.192618
-124.431679,200,3074.965945
-114.901654,200,3075.631621
-119.165237,200,3076.293911
-222.193387,200,3076.955904
-219.92022,200,3077.617513
-1.492584,200,3078.279818
-128.198457,200,3078.941269
-1.552218,200,3079.603135
-117.005442,200,3080.266583
-120.711186,200,3080.929562
-232.062201,200,3081.7011
-221.717313,200,3082.368378
-301.923966,200,3083.031487
-224.109118,200,3083.694047
-229.382671,200,3084.355611
-126.619889,200,3085.017262
-223.769477,200,3085.678867
-226.159534,200,3086.340771
-287.972825,200,3087.001895
-126.823536,200,3087.663903
-117.709382,200,3088.435932
-284.847435,200,3089.103114
-220.613365,200,3089.765865
-119.814536,200,3090.428836
-117.915516,200,3091.090819
-2.555814,200,3091.753115
-127.366827,200,3092.414176
-230.771486,200,3093.076426
-223.285696,200,3093.738323
-118.702883,200,3094.400575
-222.767223,200,3095.173624
-258.95598,200,3095.839241
-126.627482,200,3096.502411
-125.972445,200,3097.164531
-221.314058,200,3097.826181
-249.048962,200,3098.489204
-228.26649,200,3099.151452
-219.368862,200,3099.814303
-114.667842,200,3100.47565
-114.725562,200,3101.142408
-0.881732,200,3101.917657
-233.916506,200,3102.584322
-1.113687,200,3103.247122
-126.353827,200,3103.909925
-1.035362,200,3104.574859
-118.613286,200,3105.239631
-243.446159,200,3105.902429
-121.704015,200,3106.568456
-118.519119,200,3107.233591
-115.219499,200,3107.897398
-127.071992,200,3108.675103
-127.679014,200,3109.346562
-114.872553,200,3110.011904
-1.21058,200,3110.677276
-118.588309,200,3111.34286
-118.29093,200,3112.008426
-222.365921,200,3112.674842
-253.272884,200,3113.341139
-227.98817,200,3114.006424
-1.031735,200,3114.672009
-126.658986,200,3115.448986
-1.05808,200,3116.120442
-299.776715,200,3116.785539
-126.626879,200,3117.449726
-227.435448,200,3118.115034
-223.89799,200,3118.780987
-119.345598,200,3119.447127
-123.499428,200,3120.111425
-127.761466,200,3120.775012
-224.564963,200,3121.439921
-123.863367,200,3122.216202
-118.540396,200,3122.89409
-117.233437,200,3123.562338
-230.066399,200,3124.228785
-115.783414,200,3124.893805
-2.622173,200,3125.559618
-122.921099,200,3126.226223
-117.568481,200,3126.892301
-121.262418,200,3127.55712
-1.020839,200,3128.224
-114.361048,200,3129.000979
-232.9791,200,3129.672108
-117.039077,200,3130.338247
-120.444308,200,3131.004683
-117.665485,200,3131.671122
-118.598793,200,3132.336939
-112.973566,200,3133.002837
-226.666122,200,3133.667986
-117.947668,200,3134.333678
-231.685211,200,3135.000418
-0.689576,200,3135.778611
-222.505219,200,3136.448888
-114.41703,200,3137.114549
-117.450329,200,3137.779682
-115.789686,200,3138.444743
-126.564254,200,3139.109835
-269.016696,200,3139.774523
-228.078871,200,3140.438749
-0.437021,200,3141.103986
-229.827934,200,3141.770075
-119.147666,200,3142.545595
-219.748189,200,3143.216144
-287.964657,200,3143.882617
-1.862193,200,3144.548142
-250.030426,200,3145.213598
-126.970052,200,3145.878763
-117.472751,200,3146.543713
-227.805119,200,3147.207755
-118.544631,200,3147.872334
-116.621336,200,3148.536789
-227.185204,200,3149.31373
-226.557675,200,3149.983051
-118.266368,200,3150.649661
-119.112317,200,3151.315509
-216.742679,200,3151.982232
-117.812745,200,3152.648543
-223.864555,200,3153.314642
-244.59007,200,3153.980392
-121.790521,200,3154.644531
-118.740865,200,3155.309399
-125.58905,200,3156.087182
-0.849495,200,3156.757466
-118.593052,200,3157.424143
-126.717563,200,3158.089992
-124.73545,200,3158.755036
-118.254218,200,3159.420308
-288.463652,200,3160.084755
-117.02839,200,3160.750143
-232.092526,200,3161.414386
-114.912924,200,3162.080139
-0.133065,200,3162.858339
-127.117795,200,3163.527334
-116.686494,200,3164.193156
-220.558959,200,3164.857648
-220.213958,200,3165.523555
-222.375058,200,3166.188842
-228.991581,200,3166.851938
-116.345333,200,3167.515276
-219.784037,200,3168.191155
-115.13307,200,3168.855232
-127.243652,200,3169.628797
-220.215637,200,3170.295768
-115.051308,200,3170.958605
-122.149783,200,3171.621941
-219.838072,200,3172.285111
-128.465764,200,3172.951215
-0.476168,200,3173.614634
-114.583049,200,3174.277085
-116.871524,200,3174.938937
-113.51127,200,3175.600923
-122.108956,200,3176.375011
-124.830043,200,3177.042757
-118.887354,200,3177.706263
-291.914623,200,3178.36924
-216.345127,200,3179.032919
-121.176614,200,3179.695108
-116.057902,200,3180.358461
-117.100548,200,3181.022777
-0.71482,200,3181.685654
-222.119529,200,3182.348427
-130.005817,200,3183.122733
-225.122808,200,3183.789994
-3.0857,200,3184.45328
-124.412345,200,3185.115895
-1.314687,200,3185.778558
-116.189372,200,3186.441446
-307.055327,200,3187.104813
-291.145495,200,3187.76769
-117.609254,200,3188.430321
-119.45373,200,3189.092919
-299.099181,200,3189.867308
-119.096078,200,3190.533594
-126.493086,200,3191.196667
-256.234724,200,3191.85972
-224.10979,200,3192.52213
-2.308966,200,3193.185251
-124.08027,200,3193.847706
-324.384364,200,3194.510558
-5.124813,200,3195.172938
-121.784045,200,3195.835355
-5.739232,200,3196.609959
-4.374081,200,3197.277881
-119.455999,200,3197.941108
-121.272513,200,3198.602891
-127.605015,200,3199.265424
-2.907849,200,3199.928543
-117.451897,200,3200.591343
-119.782645,200,3201.254302
-119.81739,200,3201.916759
-123.626727,200,3202.577886
-120.279317,200,3203.352109
-2.020445,200,3204.019423
-120.843966,200,3204.682888
-126.393055,200,3205.345776
-125.298971,200,3206.007572
-121.134193,200,3206.67285
-1.82794,200,3207.335227
-1.582016,200,3207.997336
-117.391737,200,3208.659905
-123.224963,200,3209.321265
-115.940623,200,3210.095708
-120.118242,200,3210.762724
-121.316709,200,3211.426786
-120.571938,200,3212.088937
-115.00365,200,3212.752345
-121.789698,200,3213.415088
-125.13176,200,3214.077562
-117.326318,200,3214.739547
-120.205055,200,3215.401577
-1.292866,200,3216.064626
-122.303066,200,3216.844487
-3.705336,200,3217.512752
-115.433544,200,3218.176095
-240.850022,200,3218.838263
-2.911373,200,3219.501477
-125.264913,200,3220.171193
-2.484987,200,3220.836791
-122.534202,200,3221.499333
-119.059255,200,3222.164166
-0.564099,200,3222.830545
-234.618981,200,3223.608417
-246.417727,200,3224.279469
-117.304462,200,3224.945245
-123.683988,200,3225.612015
-117.261341,200,3226.277841
-308.161938,200,3226.946518
-117.374208,200,3227.612464
-3.387126,200,3228.278914
-234.880472,200,3228.944527
-120.333034,200,3229.60892
-120.901987,200,3230.386546
-127.762395,200,3231.056506
-120.488617,200,3231.721448
-124.009873,200,3232.387128
-128.317898,200,3233.051
-0.986799,200,3233.715884
-245.75529,200,3234.380654
-2.212687,200,3235.046543
-1.598861,200,3235.711937
-118.894964,200,3236.378007
-117.026193,200,3237.168094
-126.317015,200,3237.841174
-118.305665,200,3238.506599
-122.325293,200,3239.17289
-127.186537,200,3239.840061
-3.893057,200,3240.506373
-123.625178,200,3241.172823
-230.201758,200,3241.837837
-126.2286,200,3242.504062
-120.2811,200,3243.170796
-321.339366,200,3243.948041
-125.748491,200,3244.619303
-122.099736,200,3245.285767
-116.787392,200,3245.952109
-0.439277,200,3246.61898
-227.535394,200,3247.285213
-223.674012,200,3247.951135
-219.511652,200,3248.616188
-0.707067,200,3249.281648
-0.215801,200,3249.946971
-292.842729,200,3250.72558
-119.047511,200,3251.396125
-114.89447,200,3252.063152
-1.674385,200,3252.729968
-125.460689,200,3253.395666
-122.068948,200,3254.061457
-218.630098,200,3254.726717
-117.46407,200,3255.392229
-236.578158,200,3256.058558
-218.039739,200,3256.724075
-125.321311,200,3257.502832
-229.894276,200,3258.174418
-123.765037,200,3258.841431
-117.370778,200,3259.507286
-229.186078,200,3260.181909
-118.693429,200,3260.848805
-117.102787,200,3261.515034
-117.954274,200,3262.180341
-120.148671,200,3262.848208
-124.821222,200,3263.513896
-231.252718,200,3264.292026
-115.311722,200,3264.963812
-118.382448,200,3265.630508
-221.282487,200,3266.295677
-129.142322,200,3266.96132
-246.874524,200,3267.627608
-5.378212,200,3268.292319
-317.985573,200,3268.958223
-125.963975,200,3269.624282
-234.884295,200,3270.290181
-3.563034,200,3271.06755
-117.461677,200,3271.739184
-125.224772,200,3272.406253
-120.41407,200,3273.071667
-320.8113,200,3273.735917
-299.970946,200,3274.402014
-242.727916,200,3275.067595
-230.559128,200,3275.733074
-118.855777,200,3276.398959
-122.868255,200,3277.063902
-121.206515,200,3277.839209
-1.240155,200,3278.510691
-119.194767,200,3279.177687
-125.203295,200,3279.843644
-1.407756,200,3280.51038
-3.027433,200,3281.17703
-228.041001,200,3281.842834
-225.193522,200,3282.510036
-119.300136,200,3283.175432
-126.766914,200,3283.840964
-130.864769,200,3284.619463
-234.59768,200,3285.291612
-125.599681,200,3285.958377
-126.336969,200,3286.624328
-123.025193,200,3287.289613
-275.24833,200,3287.953026
-115.175499,200,3288.615087
-114.249863,200,3289.278661
-120.988461,200,3289.940712
-223.802333,200,3290.60569
-219.031023,200,3291.379635
-125.727768,200,3292.047601
-226.093705,200,3292.712744
-309.247332,200,3293.37899
-1.114505,200,3294.046372
-289.535203,200,3294.711617
-0.158965,200,3295.374118
-114.48497,200,3296.03786
-130.90099,200,3296.701282
-123.662518,200,3297.367108
-1.079338,200,3298.143076
-117.109566,200,3298.810239
-116.982504,200,3299.473844
-123.496651,200,3300.139664
-117.382892,200,3300.802097
-120.313389,200,3301.464933
-239.781587,200,3302.127101
-120.493885,200,3302.789527
-315.102328,200,3303.451753
-227.976373,200,3304.114528
-220.829632,200,3304.887591
-291.199008,200,3305.55485
-123.518449,200,3306.218156
-128.750737,200,3306.879935
-249.779282,200,3307.54245
-125.438217,200,3308.205304
-122.828938,200,3308.86817
-115.373401,200,3309.530379
-222.382196,200,3310.193193
-127.24689,200,3310.857558
-113.270611,200,3311.666354
-224.678413,200,3312.33566
-123.15873,200,3312.999439
-115.258408,200,3313.662835
-297.422123,200,3314.325228
-222.652123,200,3314.988871
-227.29501,200,3315.651661
-120.648314,200,3316.314995
-233.324153,200,3316.976964
-130.146271,200,3317.639465
-126.322656,200,3318.41262
-217.667601,200,3319.083267
-308.83758,200,3319.746458
-117.856929,200,3320.410103
-122.541553,200,3321.074726
-234.286624,200,3321.737589
-119.159438,200,3322.400561
-118.954023,200,3323.062698
-223.457706,200,3323.726714
-2.271005,200,3324.390328
-239.760787,200,3325.165705
-228.995736,200,3325.833085
-222.242978,200,3326.496766
-226.431256,200,3327.160263
-222.163745,200,3327.824323
-126.192162,200,3328.488492
-266.646111,200,3329.151513
-308.616685,200,3329.813959
-118.501428,200,3330.47617
-119.263215,200,3331.139182
-127.830739,200,3331.912611
-118.419168,200,3332.58057
-307.266919,200,3333.244194
-116.100113,200,3333.90643
-122.716207,200,3334.568246
-120.313058,200,3335.230549
-226.424795,200,3335.893089
-122.102141,200,3336.555727
-4.620204,200,3337.219752
-125.591389,200,3337.882832
-124.29911,200,3338.655681
-124.904329,200,3339.322703
-118.497577,200,3339.986081
-223.180255,200,3340.649129
-122.145111,200,3341.311762
-122.385816,200,3341.974086
-115.04341,200,3342.637059
-226.278521,200,3343.298981
-128.108372,200,3343.961892
-234.519204,200,3344.623825
-117.748431,200,3345.396909
-113.346816,200,3346.06393
-116.910383,200,3346.726234
-119.023899,200,3347.389642
-1.461245,200,3348.053385
-295.3026,200,3348.716162
-120.867896,200,3349.378986
-283.007874,200,3350.041738
-217.608393,200,3350.703914
-114.730418,200,3351.369751
-0.816955,200,3352.155819
-224.150788,200,3352.829998
-304.663593,200,3353.497267
-302.645657,200,3354.164509
-122.244193,200,3354.831045
-114.386212,200,3355.496482
-1.615578,200,3356.162372
-118.984579,200,3356.827142
-122.114192,200,3357.492949
-226.997164,200,3358.158122
-125.999208,200,3358.941251
-114.662456,200,3359.611149
-0.829937,200,3360.276686
-123.178701,200,3360.942535
-227.299605,200,3361.608462
-0.762638,200,3362.274567
-117.915142,200,3362.942047
-123.188163,200,3363.607753
-227.95613,200,3364.273146
-222.964447,200,3364.939524
-125.881755,200,3365.717361
-120.458695,200,3366.388734
-121.393149,200,3367.056496
-123.130349,200,3367.72199
-126.478654,200,3368.38748
-117.066754,200,3369.05355
-124.819818,200,3369.720432
-218.515944,200,3370.387402
-130.754882,200,3371.054072
-126.076937,200,3371.720069
-132.551309,200,3372.495954
-220.379165,200,3373.166642
-120.5713,200,3373.833187
-286.449901,200,3374.500868
-217.533917,200,3375.166399
-221.136114,200,3375.831481
-119.410084,200,3376.497943
-114.743695,200,3377.163558
-124.8078,200,3377.829021
-228.689591,200,3378.493363
-117.289422,200,3379.271452
-125.841174,200,3379.942423
-119.045063,200,3380.607693
-122.269901,200,3381.27289
-128.657239,200,3381.937861
-116.884988,200,3382.604944
-116.340488,200,3383.269666
-117.068175,200,3383.933868
-126.535916,200,3384.59931
-120.823725,200,3385.26442
