#{"t_start": 1788107649.32382, "env_id": "CartPole-v1"}
r,l,t
18.0,18,0.002524
16.0,16,0.002986
11.0,11,0.003305
14.0,14,0.003691
11.0,11,0.004037
15.0,15,0.004449
24.0,24,0.006611
26.0,26,0.010997
58.0,58,0.022184
22.0,22,0.02578
14.0,14,0.028554
20.0,20,0.032138
10.0,10,0.033823
12.0,12,0.036132
24.0,24,0.040324
20.0,20,0.043844
14.0,14,0.046753
17.0,17,0.049817
37.0,37,0.055953
16.0,16,0.058933
15.0,15,0.061872
25.0,25,0.066036
22.0,22,0.070447
26.0,26,0.074606
16.0,16,0.077418
52.0,52,0.087647
79.0,79,0.101694
26.0,26,0.105823
29.0,29,0.111671
19.0,19,0.114567
23.0,23,0.118613
17.0,17,0.121422
32.0,32,0.126698
11.0,11,0.1288
39.0,39,0.135718
44.0,44,0.143534
34.0,34,0.149276
25.0,25,0.15425
36.0,36,0.16052
19.0,19,0.163357
11.0,11,0.165589
18.0,18,0.169147
13.0,13,0.171265
21.0,21,0.174767
16.0,16,0.17756
32.0,32,0.183002
10.0,10,0.184959
27.0,27,0.189067
17.0,17,0.192708
14.0,14,0.194864
24.0,24,0.199096
14.0,14,0.201845
19.0,19,0.204787
22.0,22,0.208623
22.0,22,0.211823
33.0,33,0.218067
19.0,19,0.221037
12.0,12,0.222965
13.0,13,0.225604
26.0,26,0.229643
17.0,17,0.23237
12.0,12,0.234428
18.0,18,0.237623
13.0,13,0.239599
13.0,13,0.24179
24.0,24,0.245997
50.0,50,0.255236
16.0,16,0.258014
11.0,11,0.260195
23.0,23,0.263505
19.0,19,0.267136
21.0,21,0.270591
30.0,30,0.276494
15.0,15,0.279217
21.0,21,0.282719
12.0,12,0.28479
19.0,19,0.288162
14.0,14,0.290318
19.0,19,0.293552
10.0,10,0.294891
27.0,27,0.299633
10.0,10,0.30168
24.0,24,0.305829
28.0,28,0.31084
26.0,26,0.315315
25.0,25,0.319323
16.0,16,0.322217
54.0,54,0.331621
30.0,30,0.336687
11.0,11,0.338843
24.0,24,0.34948
24.0,24,0.3544
31.0,31,0.360192
43.0,43,0.367968
42.0,42,0.375144
13.0,13,0.377338
14.0,14,0.379957
30.0,30,0.385107
25.0,25,0.390061
12.0,12,0.392004
13.0,13,0.394207
15.0,15,0.397275
37.0,37,0.403883
28.0,28,0.408791
15.0,15,0.411768
68.0,68,0.423889
18.0,18,0.426949
20.0,20,0.430829
28.0,28,0.436099
28.0,28,0.441423
12.0,12,0.443859
26.0,26,0.449265
19.0,19,0.452417
18.0,18,0.455935
16.0,16,0.458663
27.0,27,0.463778
34.0,34,0.469554
16.0,16,0.472686
28.0,28,0.47814
48.0,48,0.487135
20.0,20,0.491457
15.0,15,0.494257
19.0,19,0.497907
11.0,11,0.499653
15.0,15,0.502527
24.0,24,0.506825
20.0,20,0.510319
30.0,30,0.516268
16.0,16,0.519248
11.0,11,0.520826
13.0,13,0.523644
17.0,17,0.526419
24.0,24,0.530599
23.0,23,0.534909
19.0,19,0.537695
26.0,26,0.542534
22.0,22,0.54632
15.0,15,0.549252
16.0,16,0.552285
16.0,16,0.555284
19.0,19,0.558975
22.0,22,0.562779
11.0,11,0.564775
10.0,10,0.566891
24.0,24,0.570969
12.0,12,0.573117
43.0,43,0.580393
24.0,24,0.584646
17.0,17,0.588216
12.0,12,0.590885
13.0,13,0.59326
13.0,13,0.595483
21.0,21,0.599331
12.0,12,0.601537
21.0,21,0.605768
16.0,16,0.60848
26.0,26,0.613124
18.0,18,0.616789
21.0,21,0.62027
9.0,9,0.621782
13.0,13,0.624009
26.0,26,0.629053
62.0,62,0.639762
28.0,28,0.645054
15.0,15,0.64777
15.0,15,0.650711
72.0,72,0.663189
9.0,9,0.66474
23.0,23,0.669116
18.0,18,0.671765
10.0,10,0.673975
17.0,17,0.676856
16.0,16,0.679667
18.0,18,0.683259
16.0,16,0.68593
15.0,15,0.688042
11.0,11,0.689956
43.0,43,0.698234
15.0,15,0.701193
30.0,30,0.706017
29.0,29,0.721646
25.0,25,0.726643
10.0,10,0.728483
24.0,24,0.73265
15.0,15,0.735617
52.0,52,0.744951
19.0,19,0.748591
16.0,16,0.751466
12.0,12,0.753892
25.0,25,0.758244
13.0,13,0.760672
20.0,20,0.764262
14.0,14,0.767009
35.0,35,0.773005
27.0,27,0.778034
34.0,34,0.784151
18.0,18,0.7872
20.0,20,0.790749
10.0,10,0.792933
17.0,17,0.795778
15.0,15,0.798869
19.0,19,0.801795
12.0,12,0.803807
24.0,24,0.807998
47.0,47,0.81596
14.0,14,0.818698
11.0,11,0.820159
10.0,10,0.82217
13.0,13,0.824511
15.0,15,0.827273
30.0,30,0.832363
43.0,43,0.840053
17.0,17,0.842955
15.0,15,0.845691
22.0,22,0.849818
15.0,15,0.851838
12.0,12,0.853864
20.0,20,0.857205
13.0,13,0.859742
11.0,11,0.861125
23.0,23,0.865551
22.0,22,0.869667
25.0,25,0.873873
17.0,17,0.876707
17.0,17,0.879633
30.0,30,0.885421
13.0,13,0.887558
10.0,10,0.889673
15.0,15,0.892177
13.0,13,0.895115
41.0,41,0.902283
12.0,12,0.904385
12.0,12,0.906667
33.0,33,0.912408
19.0,19,0.916097
33.0,33,0.921809
42.0,42,0.929713
17.0,17,0.932438
26.0,26,0.936631
22.0,22,0.940789
35.0,35,0.947302
15.0,15,0.949484
44.0,44,0.956952
14.0,14,0.95999
18.0,18,0.962814
18.0,18,0.966547
18.0,18,0.969578
21.0,21,0.973881
12.0,12,0.976181
32.0,32,0.981797
15.0,15,0.983968
12.0,12,0.986257
41.0,41,0.994027
20.0,20,0.997317
24.0,24,1.001208
17.0,17,1.00413
13.0,13,1.0064
29.0,29,1.011521
14.0,14,1.014309
16.0,16,1.017484
20.0,20,1.021049
15.0,15,1.024179
10.0,10,1.025615
20.0,20,1.02897
14.0,14,1.031926
11.0,11,1.033594
16.0,16,1.036179
11.0,11,1.038246
15.0,15,1.040946
11.0,11,1.043009
29.0,29,1.048191
16.0,16,1.051487
15.0,15,1.054537
22.0,22,1.05827
15.0,15,1.061271
25.0,25,1.065347
20.0,20,1.068889
14.0,14,1.071585
9.0,9,1.073134
14.0,14,1.075409
24.0,24,1.083724
12.0,12,1.085824
11.0,11,1.087797
14.0,14,1.090759
25.0,25,1.09518
27.0,27,1.100316
30.0,30,1.105846
16.0,16,1.108872
31.0,31,1.114574
13.0,13,1.116905
17.0,17,1.119856
12.0,12,1.122155
15.0,15,1.125114
22.0,22,1.129193
20.0,20,1.132975
20.0,20,1.136395
24.0,24,1.140458
17.0,17,1.1435
15.0,15,1.146027
10.0,10,1.147585
13.0,13,1.149889
10.0,10,1.151827
21.0,21,1.155477
15.0,15,1.158085
22.0,22,1.161738
13.0,13,1.164472
13.0,13,1.166655
25.0,25,1.170954
15.0,15,1.174177
14.0,14,1.176647
12.0,12,1.178949
30.0,30,1.184261
18.0,18,1.187023
14.0,14,1.189692
31.0,31,1.195157
30.0,30,1.200403
54.0,54,1.210571
14.0,14,1.212872
19.0,19,1.216219
12.0,12,1.21851
27.0,27,1.223181
20.0,20,1.227017
24.0,24,1.231479
17.0,17,1.234261
12.0,12,1.236276
28.0,28,1.240984
16.0,16,1.243626
17.0,17,1.246305
12.0,12,1.248333
30.0,30,1.254296
18.0,18,1.257248
15.0,15,1.260186
36.0,36,1.266473
17.0,17,1.269409
43.0,43,1.277423
17.0,17,1.280567
21.0,21,1.284035
33.0,33,1.290204
10.0,10,1.291714
17.0,17,1.294943
24.0,24,1.29928
17.0,17,1.302923
25.0,25,1.306949
18.0,18,1.309809
31.0,31,1.315327
11.0,11,1.317281
23.0,23,1.321462
25.0,25,1.325728
20.0,20,1.328918
28.0,28,1.333489
17.0,17,1.336433
12.0,12,1.338588
16.0,16,1.341531
19.0,19,1.345136
24.0,24,1.349575
15.0,15,1.352244
23.0,23,1.355946
35.0,35,1.362199
29.0,29,1.366892
37.0,37,1.3736
15.0,15,1.376063
14.0,14,1.378952
11.0,11,1.381073
25.0,25,1.385577
15.0,15,1.38861
20.0,20,1.392125
11.0,11,1.393741
13.0,13,1.396325
26.0,26,1.400596
15.0,15,1.403432
16.0,16,1.406327
28.0,28,1.410954
55.0,55,1.420992
17.0,17,1.423957
29.0,29,1.428902
33.0,33,1.434542
15.0,15,1.437569
18.0,18,1.445598
13.0,13,1.447733
30.0,30,1.453254
14.0,14,1.456237
20.0,20,1.459975
24.0,24,1.46446
17.0,17,1.467982
16.0,16,1.470881
20.0,20,1.474916
21.0,21,1.478584
15.0,15,1.481525
21.0,21,1.48521
9.0,9,1.487298
15.0,15,1.489631
25.0,25,1.494391
11.0,11,1.495841
16.0,16,1.498405
19.0,19,1.502008
12.0,12,1.504267
17.0,17,1.507295
9.0,9,1.50964
11.0,11,1.511252
16.0,16,1.514227
28.0,28,1.519445
24.0,24,1.523645
25.0,25,1.528499
19.0,19,1.531414
19.0,19,1.535103
22.0,22,1.539289
20.0,20,1.542926
13.0,13,1.545149
20.0,20,1.54878
18.0,18,1.551644
16.0,16,1.554823
16.0,16,1.55784
24.0,24,1.562282
11.0,11,1.564329
10.0,10,1.566452
23.0,23,1.570021
22.0,22,1.57442
29.0,29,1.579522
27.0,27,1.584593
13.0,13,1.586817
31.0,31,1.592774
18.0,18,1.595482
19.0,19,1.598895
14.0,14,1.601483
17.0,17,1.604699
26.0,26,1.609257
11.0,11,1.61125
10.0,10,1.613336
36.0,36,1.620101
21.0,21,1.624085
17.0,17,1.626852
17.0,17,1.630174
25.0,25,1.635142
11.0,11,1.637048
11.0,11,1.639317
57.0,57,1.649626
62.0,62,1.661219
15.0,15,1.664017
11.0,11,1.665879
16.0,16,1.668863
10.0,10,1.670804
10.0,10,1.672226
23.0,23,1.676523
22.0,22,1.680955
23.0,23,1.68443
17.0,17,1.688133
26.0,26,1.692416
13.0,13,1.694795
14.0,14,1.697668
20.0,20,1.701443
15.0,15,1.704527
10.0,10,1.705904
18.0,18,1.709392
12.0,12,1.711886
60.0,60,1.722357
9.0,9,1.723765
36.0,36,1.730333
16.0,16,1.733616
37.0,37,1.740125
12.0,12,1.742077
13.0,13,1.744253
9.0,9,1.746474
17.0,17,1.749181
25.0,25,1.753479
12.0,12,1.755717
17.0,17,1.758733
15.0,15,1.761611
18.0,18,1.764972
21.0,21,1.7685
26.0,26,1.772699
25.0,25,1.777775
24.0,24,1.782189
16.0,16,1.784982
22.0,22,1.788321
13.0,13,1.790661
12.0,12,1.792698
22.0,22,1.797024
22.0,22,1.80077
19.0,19,1.804515
13.0,13,1.806914
46.0,46,1.823482
20.0,20,1.827359
11.0,11,1.829508
26.0,26,1.834351
18.0,18,1.838006
17.0,17,1.840974
21.0,21,1.844415
9.0,9,1.846024
10.0,10,1.848045
14.0,14,1.850416
17.0,17,1.853753
13.0,13,1.855822
30.0,30,1.86076
48.0,48,1.869074
13.0,13,1.872154
18.0,18,1.875072
22.0,22,1.879384
32.0,32,1.885034
19.0,19,1.888014
14.0,14,1.891005
26.0,26,1.895598
11.0,11,1.897858
17.0,17,1.900902
24.0,24,1.905215
26.0,26,1.91026
13.0,13,1.912348
20.0,20,1.915923
15.0,15,1.919024
17.0,17,1.921787
21.0,21,1.925711
22.0,22,1.929602
14.0,14,1.93188
12.0,12,1.934041
11.0,11,1.936289
53.0,53,1.945447
22.0,22,1.949777
26.0,26,1.95425
15.0,15,1.957268
11.0,11,1.959637
45.0,45,1.96742
23.0,23,1.971984
23.0,23,1.97642
15.0,15,1.978522
12.0,12,1.980912
16.0,16,1.983818
20.0,20,1.987511
13.0,13,1.990259
34.0,34,1.995817
10.0,10,1.998013
21.0,21,2.001478
15.0,15,2.004663
26.0,26,2.009143
12.0,12,2.011464
23.0,23,2.016042
23.0,23,2.02053
11.0,11,2.022224
16.0,16,2.025274
24.0,24,2.029575
16.0,16,2.032566
30.0,30,2.038214
27.0,27,2.043084
42.0,42,2.050393
28.0,28,2.055338
28.0,28,2.060586
36.0,36,2.067448
19.0,19,2.070841
14.0,14,2.073038
31.0,31,2.078565
13.0,13,2.080774
41.0,41,2.089367
20.0,20,2.093208
25.0,25,2.097737
14.0,14,2.100041
32.0,32,2.105605
26.0,26,2.110466
11.0,11,2.112559
11.0,11,2.114229
20.0,20,2.11762
15.0,15,2.120401
12.0,12,2.122847
11.0,11,2.125206
14.0,14,2.127301
32.0,32,2.133443
48.0,48,2.142492
19.0,19,2.146077
14.0,14,2.148975
28.0,28,2.153916
12.0,12,2.156085
47.0,47,2.16426
19.0,19,2.168019
14.0,14,2.170965
16.0,16,2.173995
15.0,15,2.176406
30.0,30,2.181782
13.0,13,2.188384
20.0,20,2.191795
13.0,13,2.194113
25.0,25,2.199712
15.0,15,2.202253
10.0,10,2.204392
29.0,29,2.209677
37.0,37,2.216055
12.0,12,2.218482
15.0,15,2.22173
18.0,18,2.225126
26.0,26,2.22965
31.0,31,2.23564
25.0,25,2.240109
25.0,25,2.24477
33.0,33,2.251421
18.0,18,2.255024
13.0,13,2.257388
17.0,17,2.261146
17.0,17,2.264519
18.0,18,2.26763
15.0,15,2.270603
18.0,18,2.274336
14.0,14,2.276744
18.0,18,2.280146
20.0,20,2.283546
14.0,14,2.28603
20.0,20,2.289679
11.0,11,2.291718
21.0,21,2.295346
24.0,24,2.299887
14.0,14,2.302692
13.0,13,2.305084
17.0,17,2.307899
31.0,31,2.313706
16.0,16,2.316557
30.0,30,2.321922
16.0,16,2.324909
19.0,19,2.328492
11.0,11,2.330776
23.0,23,2.335659
12.0,12,2.337778
22.0,22,2.341335
15.0,15,2.343897
37.0,37,2.350482
53.0,53,2.359888
24.0,24,2.36409
12.0,12,2.366195
23.0,23,2.370516
11.0,11,2.372575
13.0,13,2.375099
18.0,18,2.378834
14.0,14,2.381031
16.0,16,2.384139
33.0,33,2.389533
10.0,10,2.391485
39.0,39,2.39883
22.0,22,2.402394
27.0,27,2.407272
11.0,11,2.409419
15.0,15,2.411771
16.0,16,2.414568
12.0,12,2.417066
52.0,52,2.426417
26.0,26,2.431537
19.0,19,2.434964
14.0,14,2.437388
21.0,21,2.440707
47.0,47,2.4495
20.0,20,2.452826
18.0,18,2.456494
30.0,30,2.461887
16.0,16,2.464884
20.0,20,2.468586
21.0,21,2.472074
11.0,11,2.474291
12.0,12,2.476648
16.0,16,2.479571
13.0,13,2.482023
11.0,11,2.484383
15.0,15,2.487059
10.0,10,2.488637
31.0,31,2.494591
17.0,17,2.497552
12.0,12,2.499804
11.0,11,2.502238
10.0,10,2.504543
13.0,13,2.506889
27.0,27,2.511788
16.0,16,2.514881
14.0,14,2.517211
21.0,21,2.521174
18.0,18,2.524566
14.0,14,2.526623
13.0,13,2.529494
13.0,13,2.53174
20.0,20,2.535703
26.0,26,2.540161
15.0,15,2.543259
17.0,17,2.546048
39.0,39,2.553392
9.0,9,2.555103
16.0,16,2.562949
9.0,9,2.565061
18.0,18,2.568273
11.0,11,2.571095
34.0,34,2.577232
18.0,18,2.58109
17.0,17,2.584385
16.0,16,2.587383
36.0,36,2.593926
21.0,21,2.597564
46.0,46,2.606278
17.0,17,2.609457
17.0,17,2.6127
25.0,25,2.617654
10.0,10,2.619377
11.0,11,2.621615
17.0,17,2.624684
25.0,25,2.62911
11.0,11,2.631332
12.0,12,2.633589
49.0,49,2.643014
19.0,19,2.646555
31.0,31,2.652417
17.0,17,2.655573
32.0,32,2.661226
62.0,62,2.67305
18.0,18,2.676012
26.0,26,2.681058
36.0,36,2.687479
19.0,19,2.690767
13.0,13,2.693448
20.0,20,2.697107
14.0,14,2.699577
23.0,23,2.703802
12.0,12,2.706104
16.0,16,2.709043
51.0,51,2.718381
28.0,28,2.723295
29.0,29,2.728433
15.0,15,2.731097
16.0,16,2.734325
15.0,15,2.736636
16.0,16,2.739757
9.0,9,2.741948
28.0,28,2.74717
25.0,25,2.751873
20.0,20,2.755587
20.0,20,2.759391
11.0,11,2.761774
16.0,16,2.764695
19.0,19,2.767701
22.0,22,2.771825
15.0,15,2.775085
10.0,10,2.776981
17.0,17,2.78011
20.0,20,2.784531
16.0,16,2.787851
10.0,10,2.790062
15.0,15,2.793261
14.0,14,2.79554
14.0,14,2.798454
17.0,17,2.801863
15.0,15,2.805233
21.0,21,2.809156
22.0,22,2.813355
42.0,42,2.821868
14.0,14,2.824459
29.0,29,2.830384
19.0,19,2.83373
32.0,32,2.83914
8.0,8,2.840565
13.0,13,2.843322
26.0,26,2.847894
11.0,11,2.850148
15.0,15,2.852905
15.0,15,2.855279
11.0,11,2.857267
49.0,49,2.86639
17.0,17,2.869926
19.0,19,2.872924
20.0,20,2.876588
22.0,22,2.880723
12.0,12,2.882844
18.0,18,2.885794
25.0,25,2.890565
20.0,20,2.894155
27.0,27,2.898759
15.0,15,2.901939
11.0,11,2.904058
22.0,22,2.907885
23.0,23,2.912299
59.0,59,2.923541
18.0,18,2.92652
16.0,16,2.929802
39.0,39,2.937055
26.0,26,2.947397
17.0,17,2.950657
17.0,17,2.954178
9.0,9,2.955878
19.0,19,2.959447
19.0,19,2.96349
23.0,23,2.967845
33.0,33,2.973708
36.0,36,2.980317
17.0,17,2.983431
53.0,53,2.993766
16.0,16,2.996823
18.0,18,3.000494
10.0,10,3.002167
18.0,18,3.005843
18.0,18,3.008963
18.0,18,3.01288
12.0,12,3.015132
38.0,38,3.022029
20.0,20,3.025749
17.0,17,3.02942
14.0,14,3.031931
13.0,13,3.034181
12.0,12,3.036769
18.0,18,3.040671
17.0,17,3.043663
15.0,15,3.046405
14.0,14,3.048805
31.0,31,3.054805
16.0,16,3.058016
31.0,31,3.063848
12.0,12,3.066083
19.0,19,3.069851
14.0,14,3.072122
13.0,13,3.074312
16.0,16,3.077041
20.0,20,3.08047
19.0,19,3.084415
14.0,14,3.087399
19.0,19,3.090508
23.0,23,3.094794
29.0,29,3.099942
17.0,17,3.103753
19.0,19,3.107084
18.0,18,3.110916
12.0,12,3.1133
11.0,11,3.115604
23.0,23,3.119298
17.0,17,3.122619
39.0,39,3.129473
60.0,60,3.140682
12.0,12,3.142944
15.0,15,3.145758
13.0,13,3.148195
17.0,17,3.151913
28.0,28,3.157229
16.0,16,3.159986
34.0,34,3.165918
32.0,32,3.171893
10.0,10,3.174178
27.0,27,3.178679
24.0,24,3.183043
10.0,10,3.185216
16.0,16,3.188253
22.0,22,3.191834
54.0,54,3.20207
25.0,25,3.206635
14.0,14,3.20945
35.0,35,3.215494
18.0,18,3.219277
20.0,20,3.222897
15.0,15,3.225555
47.0,47,3.234033
24.0,24,3.238423
14.0,14,3.241329
19.0,19,3.244834
60.0,60,3.256174
14.0,14,3.258883
28.0,28,3.264202
20.0,20,3.267997
23.0,23,3.272477
22.0,22,3.276404
12.0,12,3.278412
14.0,14,3.281332
22.0,22,3.285083
32.0,32,3.290775
28.0,28,3.296111
16.0,16,3.299239
20.0,20,3.302711
18.0,18,3.30595
15.0,15,3.308871
10.0,10,3.310424
17.0,17,3.313635
11.0,11,3.316123
9.0,9,3.317693
17.0,17,3.325653
19.0,19,3.328749
29.0,29,3.335844
13.0,13,3.338517
22.0,22,3.34252
12.0,12,3.344745
20.0,20,3.348565
41.0,41,3.356301
19.0,19,3.359514
11.0,11,3.361729
20.0,20,3.365605
13.0,13,3.368043
10.0,10,3.370275
33.0,33,3.376032
17.0,17,3.379233
15.0,15,3.382438
26.0,26,3.38733
14.0,14,3.389753
18.0,18,3.393507
26.0,26,3.398453
24.0,24,3.402661
9.0,9,3.404303
15.0,15,3.407081
59.0,59,3.417752
20.0,20,3.421194
24.0,24,3.42549
17.0,17,3.428354
14.0,14,3.430983
12.0,12,3.433291
18.0,18,3.436465
22.0,22,3.440906
10.0,10,3.442434
11.0,11,3.444553
15.0,15,3.447695
11.0,11,3.449566
39.0,39,3.456794
12.0,12,3.458881
16.0,16,3.46151
19.0,19,3.464999
9.0,9,3.46657
12.0,12,3.469061
24.0,24,3.473655
14.0,14,3.476371
22.0,22,3.480162
20.0,20,3.484094
10.0,10,3.486361
12.0,12,3.488893
15.0,15,3.491691
17.0,17,3.495654
13.0,13,3.498109
13.0,13,3.500476
15.0,15,3.50321
12.0,12,3.505683
14.0,14,3.507796
29.0,29,3.514128
51.0,51,3.522896
12.0,12,3.525092
14.0,14,3.528001
10.0,10,3.529664
15.0,15,3.532701
13.0,13,3.535124
23.0,23,3.539111
15.0,15,3.542117
33.0,33,3.548605
15.0,15,3.551784
16.0,16,3.554859
12.0,12,3.557098
13.0,13,3.559247
12.0,12,3.561622
16.0,16,3.564746
13.0,13,3.567248
26.0,26,3.57272
43.0,43,3.581241
47.0,47,3.589692
13.0,13,3.592703
42.0,42,3.600022
25.0,25,3.604707
10.0,10,3.606884
11.0,11,3.609211
29.0,29,3.61462
13.0,13,3.616839
12.0,12,3.619236
20.0,20,3.622796
28.0,28,3.627683
16.0,16,3.630509
16.0,16,3.633517
32.0,32,3.639416
17.0,17,3.642431
18.0,18,3.645958
25.0,25,3.650443
11.0,11,3.652525
13.0,13,3.654809
21.0,21,3.658387
21.0,21,3.662864
12.0,12,3.665305
21.0,21,3.669429
20.0,20,3.673221
21.0,21,3.676862
13.0,13,3.679016
16.0,16,3.682174
19.0,19,3.686017
22.0,22,3.690376
19.0,19,3.693645
14.0,14,3.696592
24.0,24,3.709119
11.0,11,3.71138
10.0,10,3.713545
13.0,13,3.716026
22.0,22,3.720995
29.0,29,3.726459
24.0,24,3.731212
12.0,12,3.733615
57.0,57,3.743582
24.0,24,3.74771
27.0,27,3.753012
10.0,10,3.755445
14.0,14,3.757942
32.0,32,3.78344
14.0,14,3.792065
36.0,36,3.801218
17.0,17,3.804804
38.0,38,3.811751
36.0,36,3.818767
16.0,16,3.822003
15.0,15,3.824888
29.0,29,3.8301
12.0,12,3.832675
21.0,21,3.837092
17.0,17,3.840019
19.0,19,3.843733
30.0,30,3.849419
38.0,38,3.856626
15.0,15,3.859051
13.0,13,3.861939
20.0,20,3.865682
21.0,21,3.869618
26.0,26,3.874632
21.0,21,3.878989
12.0,12,3.881423
16.0,16,3.884365
17.0,17,3.887496
33.0,33,3.893508
15.0,15,3.896553
32.0,32,3.902023
15.0,15,3.905009
24.0,24,3.909864
15.0,15,3.911973
14.0,14,3.914636
27.0,27,3.919918
15.0,15,3.922487
24.0,24,3.926767
56.0,56,3.936978
14.0,14,3.939589
24.0,24,3.944285
15.0,15,3.947335
11.0,11,3.948886
20.0,20,3.95233
78.0,78,3.967224
14.0,14,3.969347
19.0,19,3.972909
33.0,33,3.979149
26.0,26,3.98457
12.0,12,3.986981
33.0,33,3.993136
17.0,17,3.996198
84.0,84,4.011588
16.0,16,4.014806
21.0,21,4.019263
8.0,8,4.020873
22.0,22,4.02482
15.0,15,4.027684
11.0,11,4.029857
23.0,23,4.033708
21.0,21,4.038193
25.0,25,4.042994
17.0,17,4.045712
23.0,23,4.050608
20.0,20,4.054525
25.0,25,4.059044
18.0,18,4.062853
13.0,13,4.065264
26.0,26,4.069855
45.0,45,4.078245
75.0,75,4.091605
84.0,84,4.10721
24.0,24,4.111589
15.0,15,4.14494
34.0,34,4.152346
18.0,18,4.15547
50.0,50,4.165275
87.0,87,4.1817
28.0,28,4.187057
12.0,12,4.189463
65.0,65,4.202776
35.0,35,4.208877
27.0,27,4.214011
41.0,41,4.221759
17.0,17,4.225172
15.0,15,4.227343
36.0,36,4.234092
19.0,19,4.237538
53.0,53,4.247706
14.0,14,4.250847
45.0,45,4.260134
50.0,50,4.269295
29.0,29,4.274552
43.0,43,4.282858
17.0,17,4.286017
21.0,21,4.28999
13.0,13,4.292319
32.0,32,4.298022
26.0,26,4.303896
41.0,41,4.311263
13.0,13,4.3133
26.0,26,4.319097
18.0,18,4.322249
16.0,16,4.325196
20.0,20,4.328814
27.0,27,4.334152
21.0,21,4.338234
23.0,23,4.342614
11.0,11,4.344666
18.0,18,4.347632
106.0,106,4.367976
25.0,25,4.372425
15.0,15,4.375321
28.0,28,4.380796
11.0,11,4.383033
81.0,81,4.398283
14.0,14,4.400897
35.0,35,4.407733
20.0,20,4.411727
82.0,82,4.427544
16.0,16,4.430697
14.0,14,4.433081
106.0,106,4.453462
33.0,33,4.459567
15.0,15,4.462486
27.0,27,4.46737
51.0,51,4.476981
15.0,15,4.480019
10.0,10,4.481507
28.0,28,4.486353
50.0,50,4.496036
23.0,23,4.50038
12.0,12,4.502829
24.0,24,4.507462
45.0,45,4.515754
28.0,28,4.520951
19.0,19,4.548667
59.0,59,4.560296
22.0,22,4.56498
15.0,15,4.568147
44.0,44,4.576396
47.0,47,4.584948
17.0,17,4.588594
14.0,14,4.590917
104.0,104,4.611027
19.0,19,4.615049
21.0,21,4.6192
38.0,38,4.626116
20.0,20,4.629634
32.0,32,4.635407
40.0,40,4.642832
17.0,17,4.645664
15.0,15,4.648399
31.0,31,4.653879
25.0,25,4.659137
45.0,45,4.667937
49.0,49,4.677295
91.0,91,4.694993
22.0,22,4.698656
14.0,14,4.70135
13.0,13,4.703565
42.0,42,4.711803
20.0,20,4.715613
28.0,28,4.721108
16.0,16,4.724139
50.0,50,4.733314
39.0,39,4.740919
31.0,31,4.747187
13.0,13,4.749748
157.0,157,4.779198
27.0,27,4.784497
37.0,37,4.791222
25.0,25,4.795983
20.0,20,4.799729
60.0,60,4.811004
26.0,26,4.816146
18.0,18,4.819384
31.0,31,4.825548
53.0,53,4.835318
19.0,19,4.838794
10.0,10,4.840924
31.0,31,4.846388
20.0,20,4.850367
30.0,30,4.856496
12.0,12,4.858759
31.0,31,4.865178
12.0,12,4.867453
16.0,16,4.870851
22.0,22,4.874787
41.0,41,4.882373
22.0,22,4.886917
62.0,62,4.898864
24.0,24,4.903539
22.0,22,4.907985
9.0,9,4.909617
38.0,38,4.916603
15.0,15,4.918878
17.0,17,4.922687
43.0,43,4.978327
15.0,15,4.981557
15.0,15,4.985066
55.0,55,4.995389
16.0,16,4.998471
69.0,69,5.011339
23.0,23,5.015805
42.0,42,5.023236
56.0,56,5.034162
19.0,19,5.03761
33.0,33,5.04369
19.0,19,5.047659
40.0,40,5.05518
64.0,64,5.067315
19.0,19,5.070916
27.0,27,5.07565
15.0,15,5.078811
35.0,35,5.085659
45.0,45,5.094083
73.0,73,5.107651
39.0,39,5.115354
32.0,32,5.121547
37.0,37,5.128432
87.0,87,5.145641
10.0,10,5.147739
28.0,28,5.153184
14.0,14,5.15552
56.0,56,5.16581
19.0,19,5.169678
29.0,29,5.174857
16.0,16,5.177952
88.0,88,5.194947
18.0,18,5.198616
31.0,31,5.203462
26.0,26,5.208653
114.0,114,5.230418
21.0,21,5.234595
21.0,21,5.238732
75.0,75,5.253935
39.0,39,5.261846
111.0,111,5.28316
42.0,42,5.291648
18.0,18,5.294798
35.0,35,5.301971
43.0,43,5.310464
29.0,29,5.315713
68.0,68,5.328893
32.0,32,5.335096
21.0,21,5.339324
13.0,13,5.34157
24.0,24,5.346263
61.0,61,5.358191
11.0,11,5.35976
51.0,51,5.543361
19.0,19,5.547358
16.0,16,5.550618
23.0,23,5.5551
45.0,45,5.563928
35.0,35,5.571046
78.0,78,5.586164
9.0,9,5.587792
25.0,25,5.59303
171.0,171,5.626167
17.0,17,5.629728
89.0,89,5.646868
37.0,37,5.653913
28.0,28,5.659104
13.0,13,5.661364
44.0,44,5.670324
20.0,20,5.674228
17.0,17,5.677839
33.0,33,5.683852
87.0,87,5.700057
64.0,64,5.71218
11.0,11,5.713901
26.0,26,5.719609
30.0,30,5.725044
11.0,11,5.727208
10.0,10,5.729249
26.0,26,5.734397
13.0,13,5.736753
32.0,32,5.742986
48.0,48,5.752258
36.0,36,5.759404
28.0,28,5.764367
28.0,28,5.769749
30.0,30,5.775871
12.0,12,5.778222
14.0,14,5.780677
35.0,35,5.787282
12.0,12,5.789505
21.0,21,5.79343
30.0,30,5.799365
18.0,18,5.802594
55.0,55,5.813632
24.0,24,5.818106
11.0,11,5.820315
27.0,27,5.826141
31.0,31,5.831312
51.0,51,5.841131
38.0,38,5.848432
18.0,18,5.851345
43.0,43,5.859332
14.0,14,5.861744
33.0,33,5.868469
32.0,32,5.875143
51.0,51,5.884725
62.0,62,5.896897
29.0,29,5.902264
93.0,93,5.91965
64.0,64,6.106757
49.0,49,6.116692
18.0,18,6.119782
32.0,32,6.125934
29.0,29,6.131991
37.0,37,6.139751
13.0,13,6.142231
22.0,22,6.146301
15.0,15,6.148915
28.0,28,6.154349
31.0,31,6.160612
21.0,21,6.164583
15.0,15,6.167608
30.0,30,6.174756
32.0,32,6.182056
87.0,87,6.199347
45.0,45,6.20848
295.0,295,6.267142
61.0,61,6.27866
26.0,26,6.28418
78.0,78,6.298392
118.0,118,6.320902
22.0,22,6.324879
40.0,40,6.33258
80.0,80,6.348044
12.0,12,6.350654
21.0,21,6.355031
15.0,15,6.357551
52.0,52,6.367928
16.0,16,6.371164
61.0,61,6.383464
51.0,51,6.39334
29.0,29,6.399504
49.0,49,6.408997
21.0,21,6.412813
33.0,33,6.419059
21.0,21,6.423753
98.0,98,6.442603
84.0,84,6.458269
67.0,67,6.471907
17.0,17,6.475006
67.0,67,6.488039
33.0,33,6.590371
128.0,128,6.615826
40.0,40,6.623325
30.0,30,6.629476
90.0,90,6.646338
21.0,21,6.650199
44.0,44,6.658316
75.0,75,6.672568
60.0,60,6.684488
55.0,55,6.69551
34.0,34,6.701486
34.0,34,6.708417
36.0,36,6.71524
60.0,60,6.726899
12.0,12,6.729486
29.0,29,6.734915
37.0,37,6.74123
65.0,65,6.7543
43.0,43,6.762275
21.0,21,6.766525
21.0,21,6.770306
117.0,117,6.792688
31.0,31,6.798529
24.0,24,6.803248
21.0,21,6.807043
34.0,34,6.813383
21.0,21,6.817221
19.0,19,6.820939
35.0,35,6.827154
12.0,12,6.829543
17.0,17,6.833321
63.0,63,6.845091
10.0,10,6.847384
10.0,10,6.849112
76.0,76,6.864351
61.0,61,6.876318
53.0,53,6.885827
19.0,19,6.889548
14.0,14,6.891857
40.0,40,6.899423
131.0,131,6.92514
97.0,97,6.944245
73.0,73,6.957491
29.0,29,6.963714
49.0,49,7.046028
54.0,54,7.057877
14.0,14,7.060985
12.0,12,7.063268
15.0,15,7.066694
73.0,73,7.080473
55.0,55,7.091543
16.0,16,7.094511
42.0,42,7.102462
57.0,57,7.11342
84.0,84,7.129243
56.0,56,7.140253
23.0,23,7.145258
35.0,35,7.152107
73.0,73,7.166461
40.0,40,7.174132
12.0,12,7.176472
99.0,99,7.195881
33.0,33,7.202701
54.0,54,7.213934
120.0,120,7.236896
53.0,53,7.246789
28.0,28,7.252097
41.0,41,7.260245
20.0,20,7.264218
15.0,15,7.267252
16.0,16,7.270215
44.0,44,7.278739
17.0,17,7.281961
97.0,97,7.300801
81.0,81,7.317062
28.0,28,7.322317
70.0,70,7.335815
35.0,35,7.342502
26.0,26,7.347194
22.0,22,7.352358
67.0,67,7.365278
16.0,16,7.368306
18.0,18,7.371508
14.0,14,7.374333
33.0,33,7.380438
18.0,18,7.3836
14.0,14,7.386734
32.0,32,7.393258
42.0,42,7.401419
78.0,78,7.417521
74.0,74,7.431586
30.0,30,7.509249
37.0,37,7.517352
52.0,52,7.527905
15.0,15,7.531042
155.0,155,7.562492
39.0,39,7.569323
34.0,34,7.575861
30.0,30,7.581043
18.0,18,7.584913
19.0,19,7.588801
37.0,37,7.595886
47.0,47,7.605153
118.0,118,7.627716
105.0,105,7.650747
61.0,61,7.664482
30.0,30,7.670728
53.0,53,7.681161
22.0,22,7.685521
39.0,39,7.692913
14.0,14,7.695079
56.0,56,7.706368
22.0,22,7.710861
11.0,11,7.712646
25.0,25,7.718104
42.0,42,7.725755
25.0,25,7.730601
113.0,113,7.752752
70.0,70,7.76568
16.0,16,7.769013
34.0,34,7.776471
21.0,21,7.780909
35.0,35,7.788282
49.0,49,7.797448
57.0,57,7.809614
62.0,62,7.825109
12.0,12,7.827925
39.0,39,7.836906
42.0,42,7.845696
11.0,11,7.84798
36.0,36,7.855004
72.0,72,7.868757
19.0,19,7.872228
33.0,33,7.879399
13.0,13,7.881702
15.0,15,7.885014
71.0,71,7.89848
68.0,68,7.973845
19.0,19,7.97792
25.0,25,7.983405
33.0,33,7.990606
33.0,33,7.99719
28.0,28,8.003007
55.0,55,8.014754
46.0,46,8.023493
27.0,27,8.029224
28.0,28,8.03498
12.0,12,8.037202
82.0,82,8.053381
27.0,27,8.058938
36.0,36,8.065907
24.0,24,8.070295
16.0,16,8.073235
14.0,14,8.076079
82.0,82,8.091862
21.0,21,8.095786
140.0,140,8.123035
101.0,101,8.143095
12.0,12,8.14519
90.0,90,8.162112
28.0,28,8.167475
41.0,41,8.175899
15.0,15,8.179453
43.0,43,8.188613
67.0,67,8.201947
114.0,114,8.223833
17.0,17,8.226938
13.0,13,8.2299
121.0,121,8.254273
27.0,27,8.259642
48.0,48,8.269506
53.0,53,8.280134
57.0,57,8.291239
14.0,14,8.29421
55.0,55,8.304522
57.0,57,8.316225
27.0,27,8.320807
28.0,28,8.326578
28.0,28,8.331983
39.0,39,8.339847
148.0,148,8.433646
47.0,47,8.444094
24.0,24,8.448909
40.0,40,8.457569
44.0,44,8.466217
17.0,17,8.46927
113.0,113,8.490827
78.0,78,8.506856
24.0,24,8.511845
56.0,56,8.524093
29.0,29,8.529979
134.0,134,8.558087
111.0,111,8.579653
20.0,20,8.583845
41.0,41,8.593079
28.0,28,8.598619
14.0,14,8.601285
39.0,39,8.608853
116.0,116,8.632027
38.0,38,8.639252
15.0,15,8.642396
104.0,104,8.662456
69.0,69,8.67567
82.0,82,8.692487
16.0,16,8.695821
15.0,15,8.699121
16.0,16,8.702194
57.0,57,8.71332
86.0,86,8.730156
32.0,32,8.7365
28.0,28,8.742468
13.0,13,8.745572
42.0,42,8.753649
60.0,60,8.766096
110.0,110,8.7884
90.0,90,8.806557
70.0,70,8.820587
25.0,25,8.825247
130.0,130,8.916906
15.0,15,8.920309
47.0,47,8.930321
29.0,29,8.936197
106.0,106,8.958278
165.0,165,8.990975
76.0,76,9.006263
18.0,18,9.009686
28.0,28,9.015084
94.0,94,9.034251
88.0,88,9.052297
35.0,35,9.059103
38.0,38,9.066231
29.0,29,9.072214
95.0,95,9.090865
84.0,84,9.107728
23.0,23,9.112081
176.0,176,9.147907
27.0,27,9.153427
38.0,38,9.160473
59.0,59,9.172166
59.0,59,9.18438
17.0,17,9.187744
46.0,46,9.196567
37.0,37,9.204785
45.0,45,9.213225
26.0,26,9.218619
98.0,98,9.239508
48.0,48,9.248963
163.0,163,9.281615
70.0,70,9.295237
38.0,38,9.303121
33.0,33,9.387081
157.0,157,9.419979
51.0,51,9.430028
55.0,55,9.442279
88.0,88,9.460238
24.0,24,9.464989
39.0,39,9.471985
92.0,92,9.490874
74.0,74,9.505671
101.0,101,9.525768
22.0,22,9.530237
11.0,11,9.531856
81.0,81,9.548685
43.0,43,9.556737
129.0,129,9.583803
27.0,27,9.588925
103.0,103,9.610445
58.0,58,9.622415
41.0,41,9.630711
86.0,86,9.647527
27.0,27,9.653248
128.0,128,9.678768
147.0,147,9.708164
17.0,17,9.711515
33.0,33,9.71755
35.0,35,9.725089
152.0,152,9.756332
19.0,19,9.76028
137.0,137,9.853255
11.0,11,9.855686
10.0,10,9.8574
138.0,138,9.886397
54.0,54,9.897261
77.0,77,9.912708
55.0,55,9.923434
101.0,101,9.944282
81.0,81,9.960022
45.0,45,9.968324
51.0,51,9.978173
80.0,80,9.994496
134.0,134,10.02149
18.0,18,10.025402
68.0,68,10.038548
17.0,17,10.041661
156.0,156,10.071064
41.0,41,10.079426
67.0,67,10.092605
137.0,137,10.119704
53.0,53,10.1304
146.0,146,10.159538
141.0,141,10.187246
48.0,48,10.197242
56.0,56,10.208065
40.0,40,10.216232
75.0,75,10.231624
26.0,26,10.236768
29.0,29,10.242273
123.0,123,10.361695
76.0,76,10.377271
32.0,32,10.384005
19.0,19,10.387315
24.0,24,10.392214
25.0,25,10.397716
18.0,18,10.401182
102.0,102,10.42208
87.0,87,10.438399
58.0,58,10.450394
100.0,100,10.470056
43.0,43,10.47886
66.0,66,10.492536
153.0,153,10.523808
103.0,103,10.544372
26.0,26,10.550162
50.0,50,10.55982
143.0,143,10.589589
66.0,66,10.603182
67.0,67,10.616942
156.0,156,10.649573
28.0,28,10.655574
41.0,41,10.664298
144.0,144,10.694554
66.0,66,10.707924
21.0,21,10.711918
42.0,42,10.720606
50.0,50,10.731094
14.0,14,10.734113
62.0,62,10.746167
10.0,10,10.748326
30.0,30,10.826588
32.0,32,10.833948
31.0,31,10.840432
161.0,161,10.87347
27.0,27,10.878934
36.0,36,10.886456
71.0,71,10.90161
83.0,83,10.918223
182.0,182,10.955946
190.0,190,10.99474
127.0,127,11.02075
26.0,26,11.025654
72.0,72,11.040502
40.0,40,11.04846
169.0,169,11.082101
95.0,95,11.101029
97.0,97,11.119846
29.0,29,11.125367
80.0,80,11.141693
185.0,185,11.178463
80.0,80,11.194093
28.0,28,11.200015
54.0,54,11.211282
112.0,112,11.317893
91.0,91,11.363328
100.0,100,11.38501
38.0,38,11.392434
74.0,74,11.408065
115.0,115,11.430488
52.0,52,11.440856
12.0,12,11.442991
105.0,105,11.46477
12.0,12,11.467137
107.0,107,11.488333
49.0,49,11.498525
46.0,46,11.507472
32.0,32,11.514118
69.0,69,11.528592
174.0,174,11.565086
241.0,241,11.613887
252.0,252,11.663901
101.0,101,11.684071
203.0,203,11.726443
179.0,179,11.855973
148.0,148,11.887073
55.0,55,11.898941
198.0,198,11.938494
155.0,155,11.970578
149.0,149,12.001908
53.0,53,12.012315
133.0,133,12.039883
243.0,243,12.089869
99.0,99,12.109913
79.0,79,12.125861
37.0,37,12.133456
157.0,157,12.164404
343.0,343,12.234855
91.0,91,12.336249
102.0,102,12.358469
45.0,45,12.368579
91.0,91,12.38664
166.0,166,12.42077
44.0,44,12.429637
229.0,229,12.476463
49.0,49,12.486693
110.0,110,12.510732
222.0,222,12.557004
25.0,25,12.562268
214.0,214,12.605674
48.0,48,12.616006
39.0,39,12.623783
179.0,179,12.661444
34.0,34,12.66826
134.0,134,12.696378
97.0,97,12.715834
21.0,21,12.719768
9.0,9,12.721189
124.0,124,12.747304
192.0,192,12.876446
220.0,220,12.922484
179.0,179,12.959518
225.0,225,13.006141
216.0,216,13.050423
16.0,16,13.053546
69.0,69,13.068167
210.0,210,13.110998
61.0,61,13.123
122.0,122,13.147997
197.0,197,13.188064
26.0,26,13.193764
79.0,79,13.210462
46.0,46,13.22016
97.0,97,13.239768
176.0,176,13.364463
137.0,137,13.392572
180.0,180,13.429341
102.0,102,13.450248
86.0,86,13.467513
143.0,143,13.4972
178.0,178,13.533783
204.0,204,13.577331
14.0,14,13.579775
133.0,133,13.607604
178.0,178,13.645455
30.0,30,13.651281
16.0,16,13.654328
116.0,116,13.679064
237.0,237,13.728421
193.0,193,13.871896
231.0,231,13.920182
201.0,201,13.962
163.0,163,13.995233
219.0,219,14.047278
48.0,48,14.058371
98.0,98,14.080992
58.0,58,14.093699
206.0,206,14.137166
274.0,274,14.193778
233.0,233,14.242527
205.0,205,14.285537
67.0,67,14.375436
236.0,236,14.425651
196.0,196,14.466158
228.0,228,14.514516
139.0,139,14.542475
249.0,249,14.594842
53.0,53,14.606066
193.0,193,14.644984
212.0,212,14.689344
50.0,50,14.700231
298.0,298,14.763048
155.0,155,14.883255
192.0,192,14.924096
169.0,169,14.960149
186.0,186,14.999591
220.0,220,15.04606
119.0,119,15.070969
109.0,109,15.093772
189.0,189,15.132736
300.0,300,15.19562
204.0,204,15.237186
216.0,216,15.283842
188.0,188,15.411094
187.0,187,15.450904
246.0,246,15.502664
62.0,62,15.516821
20.0,20,15.520965
209.0,209,15.565956
293.0,293,15.627972
112.0,112,15.651312
306.0,306,15.714822
228.0,228,15.762229
117.0,117,15.785995
174.0,174,15.911404
220.0,220,15.959123
236.0,236,16.008625
204.0,204,16.051884
153.0,153,16.086496
202.0,202,16.131971
283.0,283,16.19732
243.0,243,16.25009
210.0,210,16.296101
16.0,16,16.299616
270.0,270,16.431041
263.0,263,16.48813
200.0,200,16.529929
185.0,185,16.570145
226.0,226,16.617857
206.0,206,16.662383
282.0,282,16.720956
24.0,24,16.725852
214.0,214,16.771536
221.0,221,16.818472
247.0,247,16.955514
192.0,192,16.998739
239.0,239,17.054629
198.0,198,17.097694
246.0,246,17.151056
228.0,228,17.200982
187.0,187,17.240986
191.0,191,17.282621
99.0,99,17.303275
256.0,256,17.436371
276.0,276,17.499638
271.0,271,17.561803
191.0,191,17.603532
199.0,199,17.647319
227.0,227,17.695095
69.0,69,17.709831
227.0,227,17.758813
243.0,243,17.813575
293.0,293,17.968644
225.0,225,18.018739
200.0,200,18.062759
113.0,113,18.087076
219.0,219,18.13467
418.0,418,18.225028
191.0,191,18.265952
182.0,182,18.305938
240.0,240,18.358175
189.0,189,18.485291
189.0,189,18.529514
249.0,249,18.587766
214.0,214,18.634027
232.0,232,18.684764
190.0,190,18.725939
242.0,242,18.77864
185.0,185,18.818427
197.0,197,18.860615
202.0,202,18.904453
240.0,240,19.033251
225.0,225,19.110676
271.0,271,19.171481
221.0,221,19.219992
217.0,217,19.266465
225.0,225,19.316171
339.0,339,19.389115
198.0,198,19.4323
217.0,217,19.566378
250.0,250,19.623168
248.0,248,19.677095
217.0,217,19.72408
216.0,216,19.771
233.0,233,19.821391
215.0,215,19.868422
270.0,270,19.926134
230.0,230,19.976784
191.0,191,20.093388
271.0,271,20.153257
238.0,238,20.206157
209.0,209,20.251392
225.0,225,20.301249
79.0,79,20.318559
224.0,224,20.368304
311.0,311,20.43733
243.0,243,20.489768
252.0,252,20.627263
213.0,213,20.674359
221.0,221,20.722703
216.0,216,20.770745
210.0,210,20.817453
245.0,245,20.871285
212.0,212,20.917932
184.0,184,20.958954
247.0,247,21.013067
221.0,221,21.149165
252.0,252,21.205947
248.0,248,21.260319
242.0,242,21.313792
223.0,223,21.362974
210.0,210,21.408889
210.0,210,21.456113
298.0,298,21.520593
187.0,187,21.638735
206.0,206,21.685351
212.0,212,21.733016
216.0,216,21.782376
199.0,199,21.827882
215.0,215,21.87933
247.0,247,21.938848
241.0,241,21.991073
185.0,185,22.032904
261.0,261,22.174108
276.0,276,22.237022
278.0,278,22.299466
202.0,202,22.344592
220.0,220,22.393374
202.0,202,22.437354
223.0,223,22.485993
194.0,194,22.530327
181.0,181,22.57069
221.0,221,22.691517
226.0,226,22.744271
224.0,224,22.796444
262.0,262,22.856059
228.0,228,22.906784
356.0,356,22.986516
249.0,249,23.042623
259.0,259,23.099971
256.0,256,23.233395
194.0,194,23.278751
265.0,265,23.339847
232.0,232,23.391383
188.0,188,23.433921
210.0,210,23.480659
276.0,276,23.542306
239.0,239,23.597022
247.0,247,23.652418
239.0,239,23.805334
246.0,246,23.861105
220.0,220,23.910652
223.0,223,23.96168
228.0,228,24.012833
269.0,269,24.072759
289.0,289,24.137356
232.0,232,24.188344
212.0,212,24.320887
341.0,341,24.397927
192.0,192,24.440897
306.0,306,24.50874
235.0,235,24.561067
262.0,262,24.620293
227.0,227,24.670922
195.0,195,24.714158
250.0,250,24.845062
189.0,189,24.887932
210.0,210,24.937806
251.0,251,24.993573
227.0,227,25.045052
248.0,248,25.101356
198.0,198,25.145186
323.0,323,25.225149
211.0,211,25.275905
322.0,322,25.428908
249.0,249,25.484456
218.0,218,25.533207
220.0,220,25.58254
276.0,276,25.644407
247.0,247,25.699884
186.0,186,25.741019
254.0,254,25.797966
208.0,208,25.928876
500.0,500,26.040682
226.0,226,26.095306
252.0,252,26.156815
227.0,227,26.207376
216.0,216,26.254672
243.0,243,26.310287
266.0,266,26.472119
287.0,287,26.541775
294.0,294,26.609996
265.0,265,26.671167
243.0,243,26.727203
278.0,278,26.790414
326.0,326,26.863981
328.0,328,27.033802
222.0,222,27.087088
413.0,413,27.208544
218.0,218,27.260408
195.0,195,27.30561
259.0,259,27.364502
232.0,232,27.416721
222.0,222,27.466661
310.0,310,27.634921
328.0,328,27.7095
241.0,241,27.763348
208.0,208,27.813482
262.0,262,27.877254
302.0,302,27.946735
210.0,210,27.996738
213.0,213,28.045314
193.0,193,28.18898
197.0,197,28.236296
220.0,220,28.286529
320.0,320,28.359578
275.0,275,28.421428
217.0,217,28.469667
212.0,212,28.516884
199.0,199,28.560584
223.0,223,28.611686
190.0,190,28.737344
209.0,209,28.784676
251.0,251,28.840873
260.0,260,28.898947
251.0,251,28.955224
191.0,191,28.997703
205.0,205,29.043451
323.0,323,29.116447
202.0,202,29.254936
279.0,279,29.319106
203.0,203,29.364559
238.0,238,29.418497
269.0,269,29.477762
212.0,212,29.52484
264.0,264,29.584642
191.0,191,29.627309
228.0,228,29.679205
240.0,240,29.823097
215.0,215,29.872587
192.0,192,29.915552
210.0,210,29.963043
207.0,207,30.009647
217.0,217,30.058506
264.0,264,30.117105
212.0,212,30.164544
195.0,195,30.208358
281.0,281,30.368158
330.0,330,30.442791
177.0,177,30.482906
213.0,213,30.530898
214.0,214,30.577108
211.0,211,30.62475
228.0,228,30.676352
203.0,203,30.722821
198.0,198,30.766004
230.0,230,30.88707
251.0,251,30.942978
499.0,499,31.053933
203.0,203,31.099509
230.0,230,31.151447
228.0,228,31.205223
355.0,355,31.285069
215.0,215,31.416794
278.0,278,31.479464
184.0,184,31.521122
200.0,200,31.565777
188.0,188,31.60737
206.0,206,31.653508
205.0,205,31.700044
225.0,225,31.750842
269.0,269,31.809497
250.0,250,31.942478
194.0,194,31.986685
232.0,232,32.039303
305.0,305,32.106475
251.0,251,32.162692
212.0,212,32.211018
216.0,216,32.259659
207.0,207,32.305979
212.0,212,32.424242
274.0,274,32.485538
225.0,225,32.537273
303.0,303,32.605368
184.0,184,32.646436
188.0,188,32.687955
222.0,222,32.738541
193.0,193,32.78166
203.0,203,32.830461
239.0,239,32.969775
193.0,193,33.014282
274.0,274,33.075897
179.0,179,33.118536
199.0,199,33.163105
207.0,207,33.209053
168.0,168,33.246491
365.0,365,33.328754
209.0,209,33.375253
198.0,198,33.50701
216.0,216,33.556838
248.0,248,33.612167
229.0,229,33.665572
205.0,205,33.710814
201.0,201,33.756492
205.0,205,33.801918
193.0,193,33.845766
205.0,205,33.892276
205.0,205,33.937758
206.0,206,34.062602
232.0,232,34.114881
263.0,263,34.173472
187.0,187,34.216051
221.0,221,34.264999
194.0,194,34.308794
212.0,212,34.356763
235.0,235,34.408518
231.0,231,34.459857
224.0,224,34.587942
204.0,204,34.634275
212.0,212,34.681845
205.0,205,34.728431
191.0,191,34.770214
231.0,231,34.822723
254.0,254,34.880193
238.0,238,34.932597
238.0,238,34.985839
210.0,210,35.113674
171.0,171,35.152251
195.0,195,35.223432
189.0,189,35.265431
203.0,203,35.313502
229.0,229,35.365356
195.0,195,35.409395
256.0,256,35.467331
225.0,225,35.517641
246.0,246,35.645356
190.0,190,35.689592
208.0,208,35.736418
206.0,206,35.782451
213.0,213,35.830969
201.0,201,35.876008
205.0,205,35.920617
164.0,164,35.957204
194.0,194,36.000493
212.0,212,36.048484
231.0,231,36.178255
190.0,190,36.220927
216.0,216,36.26992
283.0,283,36.334014
245.0,245,36.387799
213.0,213,36.435022
219.0,219,36.484044
237.0,237,36.537075
252.0,252,36.593599
251.0,251,36.722152
204.0,204,36.767314
221.0,221,36.816394
260.0,260,36.87505
208.0,208,36.920287
231.0,231,36.972442
200.0,200,37.016798
196.0,196,37.06171
170.0,170,37.099517
223.0,223,37.22665
230.0,230,37.278424
273.0,273,37.340998
239.0,239,37.395689
200.0,200,37.440195
260.0,260,37.498755
204.0,204,37.546149
181.0,181,37.586415
359.0,359,37.752027
234.0,234,37.807469
270.0,270,37.871911
221.0,221,37.920299
198.0,198,37.964291
226.0,226,38.016082
186.0,186,38.057321
214.0,214,38.105355
260.0,260,38.16353
207.0,207,38.283322
201.0,201,38.32942
209.0,209,38.375946
255.0,255,38.43231
178.0,178,38.471273
206.0,206,38.518427
180.0,180,38.55794
219.0,219,38.605519
268.0,268,38.667118
264.0,264,38.825263
199.0,199,38.870345
213.0,213,38.919309
206.0,206,38.965034
226.0,226,39.016196
204.0,204,39.06238
188.0,188,39.104451
235.0,235,39.15736
220.0,220,39.206662
224.0,224,39.256903
211.0,211,39.382996
211.0,211,39.430576
290.0,290,39.495035
274.0,274,39.555175
176.0,176,39.595383
288.0,288,39.65958
293.0,293,39.725231
251.0,251,39.782318
348.0,348,39.933477
234.0,234,39.986817
247.0,247,40.042357
218.0,218,40.091686
240.0,240,40.145329
226.0,226,40.196025
239.0,239,40.249084
239.0,239,40.303751
279.0,279,40.44778
228.0,228,40.499532
227.0,227,40.55067
229.0,229,40.602362
203.0,203,40.648035
183.0,183,40.689593
232.0,232,40.741852
226.0,226,40.791564
305.0,305,40.932241
233.0,233,40.985249
212.0,212,41.033601
215.0,215,41.08178
238.0,238,41.13571
199.0,199,41.180857
185.0,185,41.222813
232.0,232,41.275651
236.0,236,41.329234
206.0,206,41.375041
194.0,194,41.497169
228.0,228,41.549136
310.0,310,41.619117
204.0,204,41.664917
208.0,208,41.711991
208.0,208,41.75779
224.0,224,41.808333
276.0,276,41.870113
180.0,180,41.994105
254.0,254,42.052355
232.0,232,42.104473
232.0,232,42.155875
205.0,205,42.201366
203.0,203,42.247359
220.0,220,42.296698
184.0,184,42.338163
294.0,294,42.403627
265.0,265,42.543093
274.0,274,42.605329
195.0,195,42.648553
207.0,207,42.694222
282.0,282,42.756539
220.0,220,42.806934
396.0,396,42.898586
222.0,222,42.947107
250.0,250,43.074376
362.0,362,43.156271
183.0,183,43.197302
262.0,262,43.255142
210.0,210,43.302833
272.0,272,43.363861
237.0,237,43.418326
294.0,294,43.484283
310.0,310,43.637606
281.0,281,43.729468
209.0,209,43.777363
243.0,243,43.832198
170.0,170,43.869578
228.0,228,43.920915
178.0,178,43.958902
203.0,203,44.004383
201.0,201,44.048902
216.0,216,44.16691
227.0,227,44.219179
198.0,198,44.263425
240.0,240,44.318614
216.0,216,44.36712
365.0,365,44.448726
207.0,207,44.4929
238.0,238,44.54561
174.0,174,44.666056
180.0,180,44.706752
230.0,230,44.758278
246.0,246,44.812304
259.0,259,44.869842
187.0,187,44.912332
270.0,270,44.972031
233.0,233,45.024422
200.0,200,45.068779
197.0,197,45.192039
181.0,181,45.23364
214.0,214,45.282684
227.0,227,45.334279
202.0,202,45.378515
212.0,212,45.426724
259.0,259,45.485204
219.0,219,45.534013
185.0,185,45.575532
213.0,213,45.623275
227.0,227,45.746708
190.0,190,45.7897
248.0,248,45.844769
207.0,207,45.890456
179.0,179,45.930942
188.0,188,45.972493
181.0,181,46.012344
177.0,177,46.052391
184.0,184,46.093673
214.0,214,46.141643
181.0,181,46.252503
220.0,220,46.301556
205.0,205,46.347112
192.0,192,46.390089
223.0,223,46.440594
197.0,197,46.485368
221.0,221,46.535554
210.0,210,46.583354
249.0,249,46.640779
206.0,206,46.756027
213.0,213,46.803882
168.0,168,46.841772
193.0,193,46.884089
203.0,203,46.929014
168.0,168,46.967248
231.0,231,47.018929
216.0,216,47.067488
205.0,205,47.112789
237.0,237,47.165053
206.0,206,47.276508
175.0,175,47.316752
174.0,174,47.356123
192.0,192,47.398645
243.0,243,47.454019
186.0,186,47.495249
212.0,212,47.543533
179.0,179,47.583833
169.0,169,47.621447
196.0,196,47.665114
201.0,201,47.779376
199.0,199,47.826785
193.0,193,47.870151
213.0,213,47.917429
313.0,313,47.986133
178.0,178,48.025683
182.0,182,48.067333
227.0,227,48.118492
175.0,175,48.156924
226.0,226,48.207795
192.0,192,48.318093
162.0,162,48.354294
239.0,239,48.409241
324.0,324,48.480997
212.0,212,48.527894
189.0,189,48.570231
210.0,210,48.616839
177.0,177,48.656108
172.0,172,48.695301
193.0,193,48.810506
229.0,229,48.862809
194.0,194,48.905777
178.0,178,48.945672
177.0,177,48.98511
224.0,224,49.035006
172.0,172,49.072885
172.0,172,49.111268
260.0,260,49.167839
196.0,196,49.211221
202.0,202,49.328766
169.0,169,49.368114
181.0,181,49.409097
162.0,162,49.446373
215.0,215,49.49426
178.0,178,49.534589
185.0,185,49.575816
193.0,193,49.618279
243.0,243,49.672916
181.0,181,49.71341
225.0,225,49.762874
177.0,177,49.870461
171.0,171,49.908424
208.0,208,49.954339
208.0,208,50.000537
168.0,168,50.038335
198.0,198,50.082207
207.0,207,50.128243
188.0,188,50.170106
195.0,195,50.214006
187.0,187,50.256382
243.0,243,50.382067
186.0,186,50.424861
204.0,204,50.471975
197.0,197,50.517113
191.0,191,50.559474
203.0,203,50.604121
176.0,176,50.642807
222.0,222,50.692898
199.0,199,50.736071
187.0,187,50.777742
199.0,199,50.89875
192.0,192,50.94195
203.0,203,50.988571
211.0,211,51.03585
191.0,191,51.077535
202.0,202,51.123108
193.0,193,51.165342
188.0,188,51.207166
205.0,205,51.252887
223.0,223,51.302737
220.0,220,51.42728
193.0,193,51.471873
191.0,191,51.515379
159.0,159,51.551401
185.0,185,51.59402
172.0,172,51.632371
177.0,177,51.671766
189.0,189,51.713673
188.0,188,51.756585
182.0,182,51.797382
203.0,203,51.84222
194.0,194,51.950813
172.0,172,51.990355
217.0,217,52.066292
193.0,193,52.110024
178.0,178,52.149807
196.0,196,52.193628
218.0,218,52.243364
168.0,168,52.280728
200.0,200,52.326964
243.0,243,52.380521
195.0,195,52.488166
270.0,270,52.549829
224.0,224,52.600418
184.0,184,52.64179
163.0,163,52.677476
194.0,194,52.721219
191.0,191,52.763771
197.0,197,52.809778
179.0,179,52.852083
227.0,227,52.903829
192.0,192,53.018402
164.0,164,53.05597
227.0,227,53.107858
189.0,189,53.149998
178.0,178,53.191069
189.0,189,53.233302
195.0,195,53.27749
189.0,189,53.319625
172.0,172,53.359027
206.0,206,53.404862
172.0,172,53.511082
215.0,215,53.561331
212.0,212,53.609479
167.0,167,53.646933
203.0,203,53.692514
209.0,209,53.739759
176.0,176,53.780381
204.0,204,53.827324
183.0,183,53.868223
189.0,189,53.910498
193.0,193,53.953703
170.0,170,54.056897
188.0,188,54.099067
187.0,187,54.141855
193.0,193,54.183946
200.0,200,54.228538
198.0,198,54.27174
179.0,179,54.311726
172.0,172,54.350982
182.0,182,54.391684
174.0,174,54.430845
177.0,177,54.469225
190.0,190,54.581548
195.0,195,54.62679
297.0,297,54.693139
186.0,186,54.734665
201.0,201,54.779739
201.0,201,54.824057
199.0,199,54.867499
179.0,179,54.907231
183.0,183,54.94813
175.0,175,54.987783
217.0,217,55.095546
209.0,209,55.142602
175.0,175,55.182311
194.0,194,55.225517
190.0,190,55.267717
212.0,212,55.315325
194.0,194,55.359227
243.0,243,55.413279
197.0,197,55.456399
213.0,213,55.589846
250.0,250,55.647095
199.0,199,55.692204
262.0,262,55.751346
237.0,237,55.803386
260.0,260,55.861805
176.0,176,55.901536
221.0,221,55.951041
219.0,219,55.999827
271.0,271,56.132594
216.0,216,56.180675
267.0,267,56.239746
231.0,231,56.291002
205.0,205,56.336699
194.0,194,56.38223
231.0,231,56.435354
198.0,198,56.479924
225.0,225,56.531014
56.0,56,56.543625
194.0,194,56.664554
234.0,234,56.717712
228.0,228,56.770106
205.0,205,56.817565
199.0,199,56.861441
252.0,252,56.917453
207.0,207,56.964075
162.0,162,57.000337
213.0,213,57.049242
189.0,189,57.162225
186.0,186,57.205482
199.0,199,57.249133
195.0,195,57.292005
177.0,177,57.33192
189.0,189,57.375121
305.0,305,57.442458
230.0,230,57.493874
187.0,187,57.536712
156.0,156,57.57167
179.0,179,57.681089
194.0,194,57.725395
203.0,203,57.770779
185.0,185,57.814617
228.0,228,57.866722
174.0,174,57.905868
171.0,171,57.944513
158.0,158,57.978522
174.0,174,58.017421
222.0,222,58.067102
167.0,167,58.105704
230.0,230,58.236583
206.0,206,58.282417
245.0,245,58.337221
231.0,231,58.38912
197.0,197,58.433688
196.0,196,58.475595
179.0,179,58.515297
216.0,216,58.563531
207.0,207,58.609844
206.0,206,58.723081
202.0,202,58.769885
177.0,177,58.808893
190.0,190,58.850543
162.0,162,58.887463
256.0,256,58.943957
161.0,161,58.979443
187.0,187,59.021087
237.0,237,59.074346
211.0,211,59.122506
179.0,179,59.163277
177.0,177,59.278355
194.0,194,59.322022
235.0,235,59.375054
218.0,218,59.424112
213.0,213,59.47073
197.0,197,59.515169
200.0,200,59.558382
212.0,212,59.606322
209.0,209,59.652685
277.0,277,59.783119
181.0,181,59.823746
168.0,168,59.861609
191.0,191,59.905187
216.0,216,59.953788
180.0,180,59.994106
251.0,251,60.049608
211.0,211,60.096192
197.0,197,60.139769
173.0,173,60.177889
232.0,232,60.300173
173.0,173,60.340704
209.0,209,60.415359
200.0,200,60.461106
217.0,217,60.50847
247.0,247,60.563535
213.0,213,60.611305
237.0,237,60.664292
291.0,291,60.727648
174.0,174,60.841396
173.0,173,60.880929
216.0,216,60.930134
197.0,197,60.974399
222.0,222,61.024494
227.0,227,61.074978
252.0,252,61.130805
217.0,217,61.178403
180.0,180,61.218989
229.0,229,61.348457
171.0,171,61.388489
164.0,164,61.425315
188.0,188,61.469324
169.0,169,61.509885
174.0,174,61.549987
211.0,211,61.596696
173.0,173,61.637444
187.0,187,61.679417
180.0,180,61.719595
229.0,229,61.770329
202.0,202,61.87699
256.0,256,61.935949
183.0,183,61.976742
200.0,200,62.021
190.0,190,62.063049
196.0,196,62.105959
238.0,238,62.1593
209.0,209,62.206258
170.0,170,62.244043
184.0,184,62.285058
231.0,231,62.406168
189.0,189,62.449402
196.0,196,62.493203
180.0,180,62.53376
242.0,242,62.588586
232.0,232,62.640225
236.0,236,62.693261
220.0,220,62.742275
217.0,217,62.790717
192.0,192,62.900481
195.0,195,62.946738
193.0,193,62.990825
209.0,209,63.038073
166.0,166,63.07501
194.0,194,63.118708
180.0,180,63.158344
229.0,229,63.209256
224.0,224,63.2585
184.0,184,63.300033
220.0,220,63.418654
280.0,280,63.48326
199.0,199,63.529387
246.0,246,63.58401
198.0,198,63.628909
210.0,210,63.676815
167.0,167,63.714687
196.0,196,63.758571
181.0,181,63.79985
185.0,185,63.840458
49.0,49,63.852116
161.0,161,63.9527
171.0,171,63.992464
179.0,179,64.032308
217.0,217,64.080573
187.0,187,64.122008
179.0,179,64.16183
199.0,199,64.206293
184.0,184,64.246902
162.0,162,64.281465
166.0,166,64.318607
202.0,202,64.36451
188.0,188,64.490193
175.0,175,64.530005
186.0,186,64.571644
275.0,275,64.63309
180.0,180,64.673085
246.0,246,64.727016
235.0,235,64.778425
216.0,216,64.827238
179.0,179,64.86857
251.0,251,64.995663
179.0,179,65.036114
176.0,176,65.075541
166.0,166,65.112696
179.0,179,65.152614
249.0,249,65.207569
199.0,199,65.251783
165.0,165,65.289196
180.0,180,65.330558
201.0,201,65.375099
177.0,177,65.415971
175.0,175,65.526783
176.0,176,65.566366
212.0,212,65.614018
251.0,251,65.670386
165.0,165,65.707732
187.0,187,65.750021
180.0,180,65.790436
188.0,188,65.832009
177.0,177,65.872491
181.0,181,65.911836
174.0,174,65.950918
257.0,257,66.075941
161.0,161,66.112439
175.0,175,66.151638
171.0,171,66.188998
167.0,167,66.226277
143.0,143,66.257941
164.0,164,66.294439
207.0,207,66.341353
178.0,178,66.381023
156.0,156,66.416271
176.0,176,66.456257
180.0,180,66.553188
172.0,172,66.593129
170.0,170,66.631574
152.0,152,66.665464
147.0,147,66.697847
174.0,174,66.737612
148.0,148,66.770459
195.0,195,66.814483
158.0,158,66.850553
155.0,155,66.886359
155.0,155,66.920546
147.0,147,66.952445
169.0,169,67.04916
169.0,169,67.088034
160.0,160,67.124607
176.0,176,67.164446
168.0,168,67.202241
184.0,184,67.24291
162.0,162,67.279047
157.0,157,67.31579
174.0,174,67.354816
153.0,153,67.389035
160.0,160,67.424937
156.0,156,67.459687
149.0,149,67.553514
169.0,169,67.592919
164.0,164,67.630791
164.0,164,67.669382
162.0,162,67.705554
172.0,172,67.744393
166.0,166,67.781764
176.0,176,67.824262
164.0,164,67.8631
154.0,154,67.897177
158.0,158,67.932437
170.0,170,67.970284
166.0,166,68.063572
174.0,174,68.104991
152.0,152,68.139047
167.0,167,68.176952
174.0,174,68.217093
147.0,147,68.248786
151.0,151,68.283263
157.0,157,68.317432
12.0,12,68.320174
164.0,164,68.358179
176.0,176,68.397015
169.0,169,68.435799
150.0,150,68.469554
176.0,176,68.508542
318.0,318,68.645998
152.0,152,68.707244
153.0,153,68.741182
171.0,171,68.779783
202.0,202,68.826023
164.0,164,68.862621
160.0,160,68.898671
221.0,221,68.947206
167.0,167,68.984565
185.0,185,69.025458
11.0,11,69.02823
159.0,159,69.125359
169.0,169,69.164224
189.0,189,69.206166
155.0,155,69.240593
252.0,252,69.297547
189.0,189,69.339828
191.0,191,69.382695
153.0,153,69.416761
162.0,162,69.452797
175.0,175,69.492547
164.0,164,69.529656
168.0,168,69.626783
188.0,188,69.670438
208.0,208,69.71837
159.0,159,69.753384
182.0,182,69.793088
156.0,156,69.827644
164.0,164,69.864106
169.0,169,69.901798
177.0,177,69.939966
182.0,182,69.980659
156.0,156,70.01547
149.0,149,70.048441
155.0,155,70.14154
164.0,164,70.178954
166.0,166,70.216018
180.0,180,70.257055
170.0,170,70.294495
174.0,174,70.33349
149.0,149,70.367411
167.0,167,70.404591
180.0,180,70.445002
151.0,151,70.479593
182.0,182,70.52001
150.0,150,70.553405
220.0,220,70.66034
168.0,168,70.698928
161.0,161,70.734699
172.0,172,70.773516
177.0,177,70.813012
152.0,152,70.846738
199.0,199,70.890717
187.0,187,70.933775
200.0,200,70.979777
168.0,168,71.017637
150.0,150,71.05319
175.0,175,71.160369
218.0,218,71.211482
174.0,174,71.25087
177.0,177,71.294171
159.0,159,71.330843
153.0,153,71.366027
156.0,156,71.402036
167.0,167,71.439837
180.0,180,71.481108
145.0,145,71.514609
167.0,167,71.552496
169.0,169,71.58985
151.0,151,71.682297
185.0,185,71.724781
169.0,169,71.763566
137.0,137,71.794093
142.0,142,71.826072
142.0,142,71.857775
145.0,145,71.890327
14.0,14,71.8936
143.0,143,71.925363
169.0,169,71.963094
148.0,148,71.997011
152.0,152,72.030903
177.0,177,72.069668
152.0,152,72.102673
176.0,176,72.198699
165.0,165,72.23525
154.0,154,72.270578
156.0,156,72.305653
166.0,166,72.343586
146.0,146,72.377013
160.0,160,72.411632
164.0,164,72.448163
169.0,169,72.486983
153.0,153,72.522003
173.0,173,72.561356
153.0,153,72.596112
138.0,138,72.626324
158.0,158,72.718793
162.0,162,72.755379
141.0,141,72.788901
151.0,151,72.825032
153.0,153,72.8609
146.0,146,72.8929
164.0,164,72.930196
147.0,147,72.963466
233.0,233,73.015918
147.0,147,73.048239
150.0,150,73.081181
150.0,150,73.114796
160.0,160,73.205931
151.0,151,73.241509
178.0,178,73.281552
144.0,144,73.314181
164.0,164,73.351841
161.0,161,73.387942
160.0,160,73.423663
160.0,160,73.459717
159.0,159,73.494109
202.0,202,73.539302
150.0,150,73.572402
158.0,158,73.608246
164.0,164,73.703411
152.0,152,73.738946
140.0,140,73.771359
143.0,143,73.804661
139.0,139,73.83725
151.0,151,73.871533
151.0,151,73.906007
156.0,156,73.941086
149.0,149,73.9745
160.0,160,74.010205
147.0,147,74.043868
162.0,162,74.082324
148.0,148,74.116595
158.0,158,74.152868
156.0,156,74.242298
143.0,143,74.274189
149.0,149,74.3084
143.0,143,74.34102
131.0,131,74.371179
175.0,175,74.410546
147.0,147,74.443141
147.0,147,74.475707
134.0,134,74.506223
148.0,148,74.53948
168.0,168,74.577572
121.0,121,74.604306
145.0,145,74.636711
134.0,134,74.718782
144.0,144,74.75248
137.0,137,74.78356
161.0,161,74.820152
134.0,134,74.850984
153.0,153,74.885578
151.0,151,74.919032
136.0,136,74.949107
161.0,161,74.986026
162.0,162,75.022985
137.0,137,75.053659
138.0,138,75.084147
143.0,143,75.115644
126.0,126,75.144286
122.0,122,75.220577
148.0,148,75.255184
140.0,140,75.288026
160.0,160,75.324895
142.0,142,75.357562
158.0,158,75.392902
144.0,144,75.425804
140.0,140,75.457256
153.0,153,75.491119
146.0,146,75.523689
160.0,160,75.559335
158.0,158,75.594431
146.0,146,75.626831
35.0,35,75.634615
144.0,144,75.667017
148.0,148,75.749748
142.0,142,75.780645
145.0,145,75.813875
134.0,134,75.844612
170.0,170,75.881907
141.0,141,75.913686
162.0,162,75.950213
147.0,147,75.983034
134.0,134,76.01201
170.0,170,76.050445
163.0,163,76.087872
151.0,151,76.120948
151.0,151,76.155129
139.0,139,76.239467
129.0,129,76.268692
133.0,133,76.299146
128.0,128,76.327986
138.0,138,76.360291
156.0,156,76.42359
138.0,138,76.453996
137.0,137,76.485122
144.0,144,76.516978
132.0,132,76.546947
144.0,144,76.578847
146.0,146,76.611342
142.0,142,76.643072
137.0,137,76.672658
128.0,128,76.752129
142.0,142,76.785107
130.0,130,76.81424
150.0,150,76.847355
149.0,149,76.881298
153.0,153,76.916203
142.0,142,76.947893
137.0,137,76.979303
141.0,141,77.010058
141.0,141,77.041926
144.0,144,77.07397
132.0,132,77.102313
132.0,132,77.131307
16.0,16,77.134678
148.0,148,77.168074
12.0,12,77.170858
139.0,139,77.253273
13.0,13,77.256337
130.0,130,77.286539
13.0,13,77.289437
136.0,136,77.320424
138.0,138,77.352035
153.0,153,77.386962
131.0,131,77.415799
146.0,146,77.447936
129.0,129,77.477134
135.0,135,77.507205
157.0,157,77.542365
136.0,136,77.573109
149.0,149,77.606218
147.0,147,77.639221
152.0,152,77.672544
139.0,139,77.752611
135.0,135,77.784562
139.0,139,77.81889
152.0,152,77.854419
133.0,133,77.885065
136.0,136,77.91597
140.0,140,77.947442
134.0,134,77.977764
134.0,134,78.007444
153.0,153,78.041215
134.0,134,78.071178
140.0,140,78.102537
140.0,140,78.133953
138.0,138,78.164318
127.0,127,78.19219
133.0,133,78.267884
138.0,138,78.299227
139.0,139,78.331582
137.0,137,78.363462
137.0,137,78.394354
138.0,138,78.42485
140.0,140,78.455871
136.0,136,78.48594
130.0,130,78.515966
134.0,134,78.54498
149.0,149,78.577553
158.0,158,78.613075
132.0,132,78.641602
137.0,137,78.671686
125.0,125,78.749673
123.0,123,78.778672
138.0,138,78.810275
131.0,131,78.839493
15.0,15,78.84326
128.0,128,78.872668
123.0,123,78.900913
129.0,129,78.930449
114.0,114,78.956092
132.0,132,78.986188
122.0,122,79.013533
134.0,134,79.045136
134.0,134,79.075023
126.0,126,79.104349
126.0,126,79.132317
130.0,130,79.161866
134.0,134,79.192324
136.0,136,79.267804
127.0,127,79.297794
128.0,128,79.326637
135.0,135,79.35777
127.0,127,79.385788
128.0,128,79.414933
136.0,136,79.444982
134.0,134,79.474905
11.0,11,79.47754
134.0,134,79.507513
128.0,128,79.536305
137.0,137,79.567008
124.0,124,79.59441
128.0,128,79.623501
131.0,131,79.653517
120.0,120,79.680236
118.0,118,79.7492
137.0,137,79.781505
126.0,126,79.80953
130.0,130,79.83921
128.0,128,79.868593
125.0,125,79.897285
138.0,138,79.928949
126.0,126,79.95704
138.0,138,79.989112
123.0,123,80.016115
129.0,129,80.044937
125.0,125,80.073416
127.0,127,80.102142
125.0,125,80.129512
124.0,124,80.157559
132.0,132,80.187484
115.0,115,80.256586
137.0,137,80.287745
126.0,126,80.316508
122.0,122,80.345035
127.0,127,80.373795
126.0,126,80.402763
123.0,123,80.431343
124.0,124,80.45945
117.0,117,80.485383
122.0,122,80.513342
129.0,129,80.542132
136.0,136,80.571789
12.0,12,80.574333
122.0,122,80.601532
120.0,120,80.629674
132.0,132,80.659975
115.0,115,80.685284
126.0,126,80.762069
124.0,124,80.790342
132.0,132,80.820363
119.0,119,80.846686
113.0,113,80.872492
139.0,139,80.903688
122.0,122,80.931646
128.0,128,80.959183
122.0,122,80.986264
120.0,120,81.013424
127.0,127,81.04233
119.0,119,81.069171
122.0,122,81.09604
132.0,132,81.12608
117.0,117,81.153117
121.0,121,81.18051
128.0,128,81.254626
116.0,116,81.280913
126.0,126,81.308896
123.0,123,81.337108
127.0,127,81.365511
117.0,117,81.391058
124.0,124,81.417829
127.0,127,81.445999
125.0,125,81.474434
121.0,121,81.501616
118.0,118,81.52878
119.0,119,81.556066
114.0,114,81.581559
132.0,132,81.611062
116.0,116,81.637732
122.0,122,81.665783
118.0,118,81.73399
121.0,121,81.761715
121.0,121,81.78936
122.0,122,81.816526
128.0,128,81.844411
119.0,119,81.871859
121.0,121,81.898198
115.0,115,81.924196
121.0,121,81.951358
126.0,126,81.980103
125.0,125,82.008056
120.0,120,82.035606
134.0,134,82.06607
116.0,116,82.092179
119.0,119,82.118563
116.0,116,82.145177
128.0,128,82.17402
122.0,122,82.243687
120.0,120,82.27093
115.0,115,82.296502
120.0,120,82.322601
121.0,121,82.350631
117.0,117,82.376253
124.0,124,82.403494
123.0,123,82.430838
11.0,11,82.432767
20.0,20,82.437543
120.0,120,82.464683
118.0,118,82.491431
124.0,124,82.519173
16.0,16,82.522661
128.0,128,82.551927
121.0,121,82.578627
117.0,117,82.603612
125.0,125,82.631764
126.0,126,82.659743
119.0,119,82.72739
116.0,116,82.753479
15.0,15,82.757246
16.0,16,82.760765
123.0,123,82.787892
117.0,117,82.819788
121.0,121,82.853096
120.0,120,82.882771
113.0,113,82.908428
17.0,17,82.911972
17.0,17,82.916182
120.0,120,82.943076
18.0,18,82.946919
119.0,119,82.973461
114.0,114,82.998505
16.0,16,83.002425
122.0,122,83.030255
123.0,123,83.057401
122.0,122,83.084098
15.0,15,83.087812
118.0,118,83.113506
121.0,121,83.141394
118.0,118,83.167059
124.0,124,83.223143
120.0,120,83.250923
118.0,118,83.278856
121.0,121,83.306137
123.0,123,83.334812
120.0,120,83.363081
119.0,119,83.389852
16.0,16,83.393375
18.0,18,83.397446
109.0,109,83.421697
120.0,120,83.448457
117.0,117,83.474756
15.0,15,83.478233
18.0,18,83.482585
127.0,127,83.511414
121.0,121,83.539939
111.0,111,83.564519
15.0,15,83.567904
129.0,129,83.596758
15.0,15,83.600237
17.0,17,83.604093
113.0,113,83.629691
110.0,110,83.698139
111.0,111,83.724425
18.0,18,83.728328
109.0,109,83.753074
113.0,113,83.77808
113.0,113,83.803065
104.0,104,83.82656
114.0,114,83.852248
114.0,114,83.878388
120.0,120,83.906808
116.0,116,83.933224
113.0,113,83.959221
112.0,112,83.984826
116.0,116,84.011134
109.0,109,84.036664
14.0,14,84.039727
112.0,112,84.065874
108.0,108,84.090466
15.0,15,84.094068
110.0,110,84.118022
118.0,118,84.145101
115.0,115,84.212637
16.0,16,84.216375
113.0,113,84.241929
110.0,110,84.266595
115.0,115,84.293021
105.0,105,84.316187
14.0,14,84.319616
117.0,117,84.368222
118.0,118,84.397191
114.0,114,84.422522
111.0,111,84.448216
114.0,114,84.47367
16.0,16,84.477153
112.0,112,84.502447
103.0,103,84.526298
114.0,114,84.552148
119.0,119,84.578086
109.0,109,84.603294
118.0,118,84.629882
114.0,114,84.656425
11.0,11,84.658413
109.0,109,84.710972
18.0,18,84.714996
116.0,116,84.741604
111.0,111,84.76781
20.0,20,84.772409
110.0,110,84.796427
110.0,110,84.821146
114.0,114,84.846599
16.0,16,84.850312
13.0,13,84.853885
119.0,119,84.880068
108.0,108,84.904591
14.0,14,84.908191
16.0,16,84.911831
115.0,115,84.937014
114.0,114,84.961706
13.0,13,84.96461
18.0,18,84.969108
109.0,109,84.9929
117.0,117,85.019067
115.0,115,85.045406
105.0,105,85.068464
15.0,15,85.072048
16.0,16,85.07568
119.0,119,85.102573
111.0,111,85.12745
16.0,16,85.131098
16.0,16,85.134539
18.0,18,85.138472
113.0,113,85.183496
114.0,114,85.210107
114.0,114,85.235502
122.0,122,85.263374
16.0,16,85.266772
19.0,19,85.271135
20.0,20,85.275573
19.0,19,85.279365
18.0,18,85.283755
113.0,113,85.309803
115.0,115,85.335913
110.0,110,85.361726
20.0,20,85.36653
17.0,17,85.370719
15.0,15,85.373784
120.0,120,85.400414
16.0,16,85.404143
17.0,17,85.408456
19.0,19,85.412408
15.0,15,85.41607
17.0,17,85.419764
115.0,115,85.445556
111.0,111,85.470876
115.0,115,85.496639
115.0,115,85.522659
17.0,17,85.527203
17.0,17,85.530915
16.0,16,85.534418
16.0,16,85.537972
14.0,14,85.540832
12.0,12,85.543593
18.0,18,85.548064
18.0,18,85.55191
16.0,16,85.555527
17.0,17,85.55958
15.0,15,85.562501
19.0,19,85.566833
17.0,17,85.570439
19.0,19,85.57486
17.0,17,85.578512
21.0,21,85.583811
16.0,16,85.58742
18.0,18,85.591278
110.0,110,85.616587
16.0,16,85.620009
22.0,22,85.657777
14.0,14,85.66167
114.0,114,85.689114
117.0,117,85.715742
108.0,108,85.739662
109.0,109,85.764838
14.0,14,85.767613
120.0,120,85.793555
20.0,20,85.798396
18.0,18,85.802923
13.0,13,85.805651
14.0,14,85.808345
20.0,20,85.812751
20.0,20,85.817336
118.0,118,85.844291
17.0,17,85.848113
20.0,20,85.852787
122.0,122,85.879748
17.0,17,85.883624
125.0,125,85.912032
113.0,113,85.937996
107.0,107,85.962712
11.0,11,85.965482
11.0,11,85.968164
116.0,116,85.994204
111.0,111,86.018875
14.0,14,86.022098
116.0,116,86.048495
17.0,17,86.052025
118.0,118,86.078973
101.0,101,86.101079
115.0,115,86.157454
18.0,18,86.161548
113.0,113,86.186856
109.0,109,86.211546
20.0,20,86.216056
15.0,15,86.218908
18.0,18,86.223246
17.0,17,86.226983
20.0,20,86.231456
14.0,14,86.234952
16.0,16,86.238767
20.0,20,86.243183
115.0,115,86.267979
17.0,17,86.272597
105.0,105,86.296085
16.0,16,86.299886
22.0,22,86.304374
11.0,11,86.307142
107.0,107,86.331442
14.0,14,86.33433
107.0,107,86.360329
118.0,118,86.387652
11.0,11,86.389821
16.0,16,86.393617
116.0,116,86.420889
13.0,13,86.424477
11.0,11,86.426691
109.0,109,86.45238
18.0,18,86.456311
17.0,17,86.459871
20.0,20,86.464436
103.0,103,86.487835
15.0,15,86.491555
16.0,16,86.495221
17.0,17,86.499146
13.0,13,86.502165
17.0,17,86.506559
13.0,13,86.509584
15.0,15,86.512993
116.0,116,86.539969
15.0,15,86.543084
14.0,14,86.5466
13.0,13,86.549334
116.0,116,86.575921
113.0,113,86.622902
111.0,111,86.649988
24.0,24,86.655688
20.0,20,86.660262
14.0,14,86.6637
102.0,102,86.68713
17.0,17,86.69082
18.0,18,86.69548
20.0,20,86.700028
15.0,15,86.703621
17.0,17,86.707526
17.0,17,86.71141
18.0,18,86.715916
114.0,114,86.742424
111.0,111,86.768295
14.0,14,86.771177
20.0,20,86.775557
21.0,21,86.780346
110.0,110,86.804996
13.0,13,86.807995
13.0,13,86.811337
108.0,108,86.836133
103.0,103,86.85986
12.0,12,86.862626
110.0,110,86.888008
109.0,109,86.912911
115.0,115,86.939016
18.0,18,86.942974
17.0,17,86.947459
18.0,18,86.951327
14.0,14,86.954672
17.0,17,86.958502
113.0,113,86.98386
12.0,12,86.986742
20.0,20,86.991554
17.0,17,86.995336
15.0,15,86.999023
15.0,15,87.002784
17.0,17,87.006556
10.0,10,87.009222
16.0,16,87.012801
16.0,16,87.016805
110.0,110,87.041717
16.0,16,87.045341
112.0,112,87.070397
18.0,18,87.0747
20.0,20,87.104399
15.0,15,87.107618
108.0,108,87.133121
18.0,18,87.137638
118.0,118,87.163672
20.0,20,87.168188
15.0,15,87.171754
18.0,18,87.176025
114.0,114,87.201372
17.0,17,87.20505
25.0,25,87.21108
109.0,109,87.23535
20.0,20,87.239865
115.0,115,87.266668
113.0,113,87.291958
23.0,23,87.297368
19.0,19,87.301323
110.0,110,87.3258
112.0,112,87.351807
16.0,16,87.355203
15.0,15,87.358786
20.0,20,87.363548
20.0,20,87.368072
14.0,14,87.370995
18.0,18,87.375297
22.0,22,87.379914
115.0,115,87.40597
18.0,18,87.409682
115.0,115,87.434534
16.0,16,87.438156
18.0,18,87.442816
18.0,18,87.446882
18.0,18,87.451262
16.0,16,87.454655
16.0,16,87.45842
15.0,15,87.461138
13.0,13,87.464487
18.0,18,87.468441
17.0,17,87.47238
22.0,22,87.477972
16.0,16,87.481488
11.0,11,87.484118
20.0,20,87.488749
19.0,19,87.49248
17.0,17,87.496837
115.0,115,87.522325
20.0,20,87.526876
14.0,14,87.530349
18.0,18,87.534272
21.0,21,87.539899
18.0,18,87.543766
117.0,117,87.590748
23.0,23,87.596338
18.0,18,87.600766
16.0,16,87.605019
13.0,13,87.607959
22.0,22,87.612557
19.0,19,87.617139
17.0,17,87.620984
13.0,13,87.62439
115.0,115,87.650202
107.0,107,87.67508
112.0,112,87.699595
115.0,115,87.725822
118.0,118,87.752036
20.0,20,87.756791
110.0,110,87.781827
102.0,102,87.805605
112.0,112,87.831551
12.0,12,87.834685
109.0,109,87.861519
20.0,20,87.865866
16.0,16,87.869573
13.0,13,87.872332
18.0,18,87.876202
19.0,19,87.880534
15.0,15,87.883872
114.0,114,87.90921
18.0,18,87.913599
20.0,20,87.918197
20.0,20,87.922973
19.0,19,87.927545
17.0,17,87.931201
16.0,16,87.934847
20.0,20,87.939518
116.0,116,87.96572
19.0,19,87.970493
16.0,16,87.974411
17.0,17,87.978136
16.0,16,87.981557
20.0,20,87.985838
16.0,16,87.989198
22.0,22,87.993551
115.0,115,88.018987
18.0,18,88.023655
14.0,14,88.026737
20.0,20,88.031182
20.0,20,88.042415
21.0,21,88.046842
19.0,19,88.051885
13.0,13,88.055025
16.0,16,88.058643
16.0,16,88.062251
15.0,15,88.066042
15.0,15,88.069827
13.0,13,88.073023
112.0,112,88.099501
21.0,21,88.104466
20.0,20,88.109354
18.0,18,88.113971
20.0,20,88.118838
20.0,20,88.123636
109.0,109,88.149034
114.0,114,88.178189
20.0,20,88.18318
110.0,110,88.208885
17.0,17,88.213161
114.0,114,88.239841
16.0,16,88.243542
107.0,107,88.267601
21.0,21,88.272102
114.0,114,88.298041
15.0,15,88.301753
21.0,21,88.30652
14.0,14,88.310194
115.0,115,88.336414
15.0,15,88.339537
20.0,20,88.344423
19.0,19,88.34912
116.0,116,88.375995
110.0,110,88.401362
25.0,25,88.406841
18.0,18,88.410999
18.0,18,88.415664
16.0,16,88.419454
112.0,112,88.445046
20.0,20,88.449572
19.0,19,88.453819
16.0,16,88.457364
17.0,17,88.460834
20.0,20,88.465209
16.0,16,88.468627
109.0,109,88.493503
13.0,13,88.496311
15.0,15,88.499831
13.0,13,88.502621
15.0,15,88.505915
19.0,19,88.526999
19.0,19,88.531463
17.0,17,88.535163
17.0,17,88.539546
23.0,23,88.544992
16.0,16,88.54859
16.0,16,88.552386
17.0,17,88.556296
106.0,106,88.580376
116.0,116,88.605784
17.0,17,88.609633
21.0,21,88.614145
20.0,20,88.618419
117.0,117,88.643939
18.0,18,88.647975
110.0,110,88.672123
110.0,110,88.697555
11.0,11,88.700258
17.0,17,88.704246
15.0,15,88.707788
23.0,23,88.712732
13.0,13,88.715858
19.0,19,88.719921
113.0,113,88.745669
104.0,104,88.768881
22.0,22,88.773508
17.0,17,88.777178
107.0,107,88.801413
12.0,12,88.804024
15.0,15,88.807792
16.0,16,88.811483
18.0,18,88.815048
15.0,15,88.818746
16.0,16,88.822484
114.0,114,88.848246
112.0,112,88.872944
15.0,15,88.875987
18.0,18,88.880635
16.0,16,88.884384
107.0,107,88.909057
107.0,107,88.933239
16.0,16,88.9368
111.0,111,88.962344
19.0,19,88.966919
21.0,21,88.971671
16.0,16,88.975435
17.0,17,88.992414
21.0,21,88.997865
19.0,19,89.002395
113.0,113,89.029295
16.0,16,89.033248
21.0,21,89.037677
20.0,20,89.041937
118.0,118,89.067738
14.0,14,89.071325
22.0,22,89.076221
15.0,15,89.079798
111.0,111,89.104576
22.0,22,89.10933
16.0,16,89.113148
109.0,109,89.138307
20.0,20,89.142851
16.0,16,89.146355
14.0,14,89.14895
110.0,110,89.173903
16.0,16,89.177339
22.0,22,89.182433
19.0,19,89.18698
15.0,15,89.190395
112.0,112,89.2163
18.0,18,89.220217
12.0,12,89.222931
15.0,15,89.226649
15.0,15,89.230201
27.0,27,89.235985
19.0,19,89.240135
21.0,21,89.244831
15.0,15,89.248499
15.0,15,89.252158
16.0,16,89.2559
16.0,16,89.259691
15.0,15,89.263129
16.0,16,89.267024
15.0,15,89.270257
18.0,18,89.274704
23.0,23,89.279955
20.0,20,89.284566
19.0,19,89.288662
16.0,16,89.292586
17.0,17,89.296781
16.0,16,89.300529
18.0,18,89.304384
16.0,16,89.308102
116.0,116,89.33507
16.0,16,89.338506
12.0,12,89.341187
17.0,17,89.344907
118.0,118,89.372853
16.0,16,89.376733
22.0,22,89.381696
19.0,19,89.385971
18.0,18,89.390359
110.0,110,89.414702
22.0,22,89.420211
107.0,107,89.443909
18.0,18,89.461589
20.0,20,89.466266
18.0,18,89.470572
17.0,17,89.475147
18.0,18,89.479029
105.0,105,89.502987
109.0,109,89.527753
103.0,103,89.550641
13.0,13,89.554227
15.0,15,89.557148
18.0,18,89.561555
17.0,17,89.565234
16.0,16,89.568668
17.0,17,89.572769
111.0,111,89.598343
16.0,16,89.602214
15.0,15,89.605579
18.0,18,89.609728
18.0,18,89.614118
18.0,18,89.617767
21.0,21,89.623438
21.0,21,89.627997
18.0,18,89.631519
23.0,23,89.636916
16.0,16,89.640363
105.0,105,89.663161
12.0,12,89.665719
21.0,21,89.670812
17.0,17,89.674685
20.0,20,89.679281
20.0,20,89.683776
13.0,13,89.686577
18.0,18,89.690931
19.0,19,89.694982
106.0,106,89.718429
114.0,114,89.744873
19.0,19,89.749356
110.0,110,89.774356
16.0,16,89.778073
16.0,16,89.781749
16.0,16,89.785346
18.0,18,89.789294
18.0,18,89.793634
16.0,16,89.797205
17.0,17,89.801077
16.0,16,89.804537
16.0,16,89.807921
107.0,107,89.832205
16.0,16,89.836019
15.0,15,89.838868
19.0,19,89.843332
15.0,15,89.846791
15.0,15,89.8502
20.0,20,89.854719
106.0,106,89.878653
20.0,20,89.883029
16.0,16,89.8864
15.0,15,89.889925
16.0,16,89.893641
109.0,109,89.930445
18.0,18,89.935143
18.0,18,89.939307
117.0,117,89.965593
19.0,19,89.970174
21.0,21,89.97466
20.0,20,89.979653
17.0,17,89.983858
16.0,16,89.987702
21.0,21,89.992501
25.0,25,89.998075
15.0,15,90.001498
18.0,18,90.005115
21.0,21,90.010216
16.0,16,90.013873
16.0,16,90.017749
14.0,14,90.020834
17.0,17,90.024554
15.0,15,90.028169
114.0,114,90.05384
12.0,12,90.056651
15.0,15,90.05948
15.0,15,90.062832
19.0,19,90.06733
111.0,111,90.092766
20.0,20,90.097276
17.0,17,90.101135
108.0,108,90.12528
17.0,17,90.128878
17.0,17,90.132748
114.0,114,90.158682
18.0,18,90.162504
18.0,18,90.166816
112.0,112,90.19179
18.0,18,90.195482
18.0,18,90.199947
18.0,18,90.203805
18.0,18,90.207978
15.0,15,90.21171
18.0,18,90.215461
12.0,12,90.218147
16.0,16,90.221801
16.0,16,90.225515
19.0,19,90.229616
110.0,110,90.253384
18.0,18,90.257621
17.0,17,90.261421
18.0,18,90.265603
16.0,16,90.268967
16.0,16,90.272533
18.0,18,90.276266
20.0,20,90.281182
13.0,13,90.28408
110.0,110,90.308883
20.0,20,90.313197
111.0,111,90.338566
18.0,18,90.342572
14.0,14,90.346464
18.0,18,90.350673
11.0,11,90.353164
115.0,115,90.379052
18.0,18,90.402446
19.0,19,90.407568
113.0,113,90.434288
18.0,18,90.438807
28.0,28,90.445047
16.0,16,90.448775
20.0,20,90.45343
14.0,14,90.456204
110.0,110,90.481327
18.0,18,90.485163
18.0,18,90.489517
114.0,114,90.51448
106.0,106,90.538532
23.0,23,90.543619
20.0,20,90.54858
16.0,16,90.552155
18.0,18,90.556526
112.0,112,90.581784
21.0,21,90.586519
18.0,18,90.591161
13.0,13,90.594102
15.0,15,90.597811
19.0,19,90.60174
19.0,19,90.605893
17.0,17,90.60967
15.0,15,90.613251
21.0,21,90.6179
15.0,15,90.62131
18.0,18,90.625612
18.0,18,90.629215
19.0,19,90.633651
15.0,15,90.637168
13.0,13,90.639815
112.0,112,90.665343
106.0,106,90.68839
18.0,18,90.692498
18.0,18,90.696418
18.0,18,90.700876
15.0,15,90.704576
16.0,16,90.707995
19.0,19,90.711919
112.0,112,90.736834
112.0,112,90.761373
14.0,14,90.764946
21.0,21,90.769397
112.0,112,90.79468
20.0,20,90.79916
15.0,15,90.802499
20.0,20,90.806737
111.0,111,90.832082
18.0,18,90.836098
118.0,118,90.89079
17.0,17,90.894754
108.0,108,90.919209
19.0,19,90.923345
114.0,114,90.948443
20.0,20,90.953066
12.0,12,90.95581
17.0,17,90.959684
22.0,22,90.965173
14.0,14,90.968075
123.0,123,90.996286
16.0,16,90.999759
21.0,21,91.004777
116.0,116,91.031136
15.0,15,91.034836
22.0,22,91.040509
19.0,19,91.0445
26.0,26,91.051053
19.0,19,91.055901
125.0,125,91.084048
15.0,15,91.087849
19.0,19,91.091854
26.0,26,91.097894
20.0,20,91.102607
15.0,15,91.106408
10.0,10,91.108497
15.0,15,91.112344
16.0,16,91.116007
24.0,24,91.121392
18.0,18,91.125362
113.0,113,91.151214
114.0,114,91.176415
21.0,21,91.18098
117.0,117,91.207389
18.0,18,91.211346
114.0,114,91.237378
116.0,116,91.263653
118.0,118,91.290616
13.0,13,91.293401
21.0,21,91.29871
13.0,13,91.30156
16.0,16,91.305213
107.0,107,91.329963
15.0,15,91.33286
120.0,120,91.396611
115.0,115,91.423313
16.0,16,91.426872
18.0,18,91.436516
13.0,13,91.448179
18.0,18,91.458199
20.0,20,91.46481
21.0,21,91.470391
20.0,20,91.47556
124.0,124,91.503246
20.0,20,91.507737
20.0,20,91.51225
119.0,119,91.539403
17.0,17,91.543637
20.0,20,91.548303
14.0,14,91.55104
23.0,23,91.556292
121.0,121,91.583464
16.0,16,91.587286
116.0,116,91.613811
22.0,22,91.619093
112.0,112,91.64453
16.0,16,91.648413
118.0,118,91.675307
120.0,120,91.703438
122.0,122,91.731242
124.0,124,91.759356
19.0,19,91.76363
118.0,118,91.790541
122.0,122,91.817344
130.0,130,91.847646
20.0,20,91.886538
121.0,121,91.914576
119.0,119,91.941766
12.0,12,91.944713
118.0,118,91.971047
117.0,117,91.997513
125.0,125,92.026354
22.0,22,92.031411
124.0,124,92.060035
18.0,18,92.064501
16.0,16,92.0679
120.0,120,92.095634
119.0,119,92.123119
113.0,113,92.148269
114.0,114,92.172938
123.0,123,92.200751
16.0,16,92.204135
21.0,21,92.208655
115.0,115,92.234446
123.0,123,92.261621
122.0,122,92.288596
122.0,122,92.31642
114.0,114,92.369482
20.0,20,92.374684
125.0,125,92.40346
116.0,116,92.430556
116.0,116,92.456623
111.0,111,92.4809
108.0,108,92.505096
126.0,126,92.534097
124.0,124,92.561749
121.0,121,92.588153
16.0,16,92.59164
15.0,15,92.59503
114.0,114,92.620543
17.0,17,92.624904
122.0,122,92.652538
119.0,119,92.679538
19.0,19,92.684056
19.0,19,92.687859
121.0,121,92.714646
117.0,117,92.740285
21.0,21,92.744856
122.0,122,92.772515
119.0,119,92.799115
122.0,122,92.85814
16.0,16,92.861786
130.0,130,92.890757
114.0,114,92.916498
120.0,120,92.943907
22.0,22,92.948781
19.0,19,92.953473
112.0,112,92.979121
128.0,128,93.008461
16.0,16,93.012318
16.0,16,93.01596
121.0,121,93.043125
17.0,17,93.047316
114.0,114,93.073246
18.0,18,93.077783
20.0,20,93.082079
16.0,16,93.08579
120.0,120,93.112463
15.0,15,93.115438
113.0,113,93.141187
122.0,122,93.16799
121.0,121,93.195594
18.0,18,93.200262
111.0,111,93.225239
114.0,114,93.250675
15.0,15,93.254245
115.0,115,93.280277
124.0,124,93.332024
106.0,106,93.356692
128.0,128,93.386146
19.0,19,93.390726
117.0,117,93.416739
119.0,119,93.444292
18.0,18,93.448139
121.0,121,93.4753
122.0,122,93.502364
115.0,115,93.528724
19.0,19,93.53344
16.0,16,93.537377
17.0,17,93.541067
131.0,131,93.570239
19.0,19,93.574148
128.0,128,93.603159
115.0,115,93.628656
113.0,113,93.65413
112.0,112,93.679258
13.0,13,93.682634
125.0,125,93.710089
123.0,123,93.737149
124.0,124,93.764168
16.0,16,93.767698
122.0,122,93.83178
16.0,16,93.835445
21.0,21,93.840475
125.0,125,93.868936
29.0,29,93.874899
18.0,18,93.878691
129.0,129,93.908623
118.0,118,93.936685
22.0,22,93.94205
123.0,123,93.970022
16.0,16,93.973725
133.0,133,94.004296
14.0,14,94.007459
16.0,16,94.010943
120.0,120,94.038628
129.0,129,94.067946
15.0,15,94.071451
120.0,120,94.098943
16.0,16,94.102767
20.0,20,94.107052
118.0,118,94.13455
122.0,122,94.161399
20.0,20,94.165916
17.0,17,94.169646
115.0,115,94.19542
26.0,26,94.201445
16.0,16,94.205111
123.0,123,94.232114
118.0,118,94.258581
128.0,128,94.317458
122.0,122,94.345031
19.0,19,94.349495
124.0,124,94.378153
119.0,119,94.404849
116.0,116,94.431118
124.0,124,94.459132
127.0,127,94.488288
129.0,129,94.517259
18.0,18,94.521206
129.0,129,94.549645
26.0,26,94.555122
122.0,122,94.582437
128.0,128,94.610932
18.0,18,94.614821
125.0,125,94.64367
19.0,19,94.647747
122.0,122,94.675139
113.0,113,94.700604
16.0,16,94.704646
114.0,114,94.730293
16.0,16,94.734071
121.0,121,94.805669
118.0,118,94.833081
122.0,122,94.860186
23.0,23,94.864844
119.0,119,94.891921
115.0,115,94.91763
20.0,20,94.921949
21.0,21,94.926564
117.0,117,94.952303
120.0,120,94.978727
18.0,18,94.983503
114.0,114,95.008643
124.0,124,95.036778
18.0,18,95.041227
120.0,120,95.068086
125.0,125,95.09614
35.0,35,95.10415
123.0,123,95.132091
15.0,15,95.135146
19.0,19,95.139529
129.0,129,95.168603
126.0,126,95.19616
117.0,117,95.221955
134.0,134,95.28095
30.0,30,95.287816
123.0,123,95.315478
120.0,120,95.342017
124.0,124,95.370265
122.0,122,95.397569
23.0,23,95.402912
123.0,123,95.430872
137.0,137,95.461999
122.0,122,95.490094
135.0,135,95.519916
16.0,16,95.523425
116.0,116,95.549141
123.0,123,95.576428
122.0,122,95.603868
129.0,129,95.633182
18.0,18,95.636724
128.0,128,95.66618
129.0,129,95.695491
118.0,118,95.752911
108.0,108,95.779275
19.0,19,95.783612
128.0,128,95.812094
17.0,17,95.815784
19.0,19,95.820416
17.0,17,95.824452
18.0,18,95.828804
127.0,127,95.857483
127.0,127,95.887243
122.0,122,95.917192
23.0,23,95.9221
126.0,126,95.951413
118.0,118,95.978275
124.0,124,96.006007
123.0,123,96.033666
122.0,122,96.061841
19.0,19,96.066026
20.0,20,96.070886
19.0,19,96.075194
128.0,128,96.103729
121.0,121,96.129887
18.0,18,96.134027
126.0,126,96.16164
124.0,124,96.190017
21.0,21,96.195186
126.0,126,96.26819
131.0,131,96.29916
123.0,123,96.326724
121.0,121,96.354273
118.0,118,96.380581
123.0,123,96.409243
116.0,116,96.435561
24.0,24,96.441473
123.0,123,96.469726
120.0,120,96.496719
12.0,12,96.499137
19.0,19,96.503728
127.0,127,96.532052
125.0,125,96.559792
119.0,119,96.586045
125.0,125,96.614746
16.0,16,96.618456
123.0,123,96.645338
122.0,122,96.672963
128.0,128,96.701603
10.0,10,96.70356
121.0,121,96.777753
124.0,124,96.806255
22.0,22,96.811088
13.0,13,96.813954
123.0,123,96.842097
125.0,125,96.870105
122.0,122,96.898909
125.0,125,96.927146
136.0,136,96.957902
27.0,27,96.96383
19.0,19,96.968349
18.0,18,96.972116
133.0,133,97.001681
125.0,125,97.029907
23.0,23,97.034973
25.0,25,97.041315
115.0,115,97.06659
120.0,120,97.093814
118.0,118,97.120301
127.0,127,97.14933
126.0,126,97.177476
18.0,18,97.181894
127.0,127,97.253969
123.0,123,97.28311
128.0,128,97.312027
20.0,20,97.316495
126.0,126,97.34566
126.0,126,97.374265
17.0,17,97.377951
17.0,17,97.382241
24.0,24,97.38739
129.0,129,97.416743
21.0,21,97.421582
18.0,18,97.426106
20.0,20,97.430708
131.0,131,97.459885
120.0,120,97.48574
26.0,26,97.492321
129.0,129,97.522138
122.0,122,97.549097
129.0,129,97.57809
112.0,112,97.603265
135.0,135,97.633722
14.0,14,97.636327
12.0,12,97.63898
122.0,122,97.666243
123.0,123,97.693127
120.0,120,97.765538
121.0,121,97.794822
118.0,118,97.82343
119.0,119,97.851333
126.0,126,97.879618
123.0,123,97.908329
15.0,15,97.91169
119.0,119,97.938637
17.0,17,97.94227
118.0,118,97.968702
16.0,16,97.972607
133.0,133,98.002319
19.0,19,98.006217
119.0,119,98.033649
123.0,123,98.06142
116.0,116,98.087522
111.0,111,98.11366
117.0,117,98.139817
115.0,115,98.165803
112.0,112,98.191346
126.0,126,98.265479
116.0,116,98.291881
125.0,125,98.320606
123.0,123,98.348429
122.0,122,98.376643
17.0,17,98.380219
112.0,112,98.405944
136.0,136,98.436544
125.0,125,98.464599
118.0,118,98.490762
124.0,124,98.519656
123.0,123,98.546462
19.0,19,98.550626
115.0,115,98.576532
122.0,122,98.603943
111.0,111,98.629214
125.0,125,98.657631
119.0,119,98.684357
121.0,121,98.754188
115.0,115,98.781667
26.0,26,98.78775
128.0,128,98.816076
19.0,19,98.81965
117.0,117,98.845453
16.0,16,98.848917
117.0,117,98.875301
118.0,118,98.901974
22.0,22,98.907487
19.0,19,98.911931
122.0,122,98.939069
117.0,117,98.965683
117.0,117,98.992213
118.0,118,99.019159
124.0,124,99.046699
127.0,127,99.075583
126.0,126,99.103513
121.0,121,99.130942
123.0,123,99.158397
21.0,21,99.163508
126.0,126,99.191708
118.0,118,99.286341
129.0,129,99.316065
119.0,119,99.342604
125.0,125,99.371259
115.0,115,99.398228
122.0,122,99.426086
129.0,129,99.455449
120.0,120,99.482934
116.0,116,99.509846
123.0,123,99.537353
20.0,20,99.541567
129.0,129,99.569951
130.0,130,99.599366
118.0,118,99.625528
119.0,119,99.652329
20.0,20,99.656863
126.0,126,99.685655
123.0,123,99.712945
123.0,123,99.785517
119.0,119,99.813646
122.0,122,99.840322
121.0,121,99.86839
134.0,134,99.898467
121.0,121,99.925649
120.0,120,99.952538
121.0,121,99.979686
121.0,121,100.005887
120.0,120,100.032588
128.0,128,100.06092
121.0,121,100.087805
23.0,23,100.093166
15.0,15,100.096423
119.0,119,100.122588
19.0,19,100.126908
121.0,121,100.153695
118.0,118,100.181036
118.0,118,100.206992
111.0,111,100.2728
114.0,114,100.298811
121.0,121,100.326176
122.0,122,100.353499
125.0,125,100.382976
123.0,123,100.410665
127.0,127,100.439062
125.0,125,100.467415
119.0,119,100.493281
118.0,118,100.520215
123.0,123,100.546937
120.0,120,100.574006
124.0,124,100.600735
16.0,16,100.604428
119.0,119,100.631058
120.0,120,100.657168
124.0,124,100.684872
121.0,121,100.758691
120.0,120,100.785891
126.0,126,100.814228
126.0,126,100.843056
130.0,130,100.873015
16.0,16,100.876663
125.0,125,100.905175
114.0,114,100.931201
18.0,18,100.935289
128.0,128,100.963325
117.0,117,100.989252
120.0,120,101.016613
119.0,119,101.04316
116.0,116,101.068606
127.0,127,101.097442
130.0,130,101.126829
19.0,19,101.131219
113.0,113,101.156404
115.0,115,101.182137
120.0,120,101.252083
126.0,126,101.280909
117.0,117,101.307444
122.0,122,101.335241
121.0,121,101.363158
122.0,122,101.391257
126.0,126,101.420224
119.0,119,101.446372
122.0,122,101.473536
118.0,118,101.499626
124.0,124,101.528029
127.0,127,101.556893
129.0,129,101.585152
121.0,121,101.612967
135.0,135,101.643233
15.0,15,101.646795
17.0,17,101.650403
117.0,117,101.677089
126.0,126,101.749105
120.0,120,101.775795
114.0,114,101.801657
123.0,123,101.829118
128.0,128,101.85823
132.0,132,101.888217
123.0,123,101.916224
18.0,18,101.920602
125.0,125,101.948536
128.0,128,101.977414
119.0,119,102.004823
121.0,121,102.032137
121.0,121,102.059647
123.0,123,102.087834
119.0,119,102.114257
120.0,120,102.141855
122.0,122,102.169556
28.0,28,102.175937
125.0,125,102.247151
18.0,18,102.251696
120.0,120,102.278964
120.0,120,102.305766
118.0,118,102.332241
126.0,126,102.360986
118.0,118,102.386638
25.0,25,102.392774
127.0,127,102.421367
125.0,125,102.449809
119.0,119,102.475608
119.0,119,102.501709
118.0,118,102.528783
122.0,122,102.556152
120.0,120,102.58294
23.0,23,102.58842
122.0,122,102.61556
114.0,114,102.641598
140.0,140,102.671816
117.0,117,102.738798
122.0,122,102.766771
132.0,132,102.797353
120.0,120,102.826463
126.0,126,102.855644
127.0,127,102.885002
123.0,123,102.912343
128.0,128,102.941122
127.0,127,102.968722
120.0,120,102.995697
119.0,119,103.022354
115.0,115,103.047917
21.0,21,103.052213
119.0,119,103.079079
115.0,115,103.105229
123.0,123,103.132891
121.0,121,103.160217
118.0,118,103.230069
110.0,110,103.255109
123.0,123,103.281533
109.0,109,103.306569
119.0,119,103.333857
108.0,108,103.357993
112.0,112,103.384079
120.0,120,103.41146
122.0,122,103.439205
121.0,121,103.466353
113.0,113,103.491657
20.0,20,103.496256
118.0,118,103.522984
114.0,114,103.548575
120.0,120,103.575723
118.0,118,103.602949
129.0,129,103.631892
116.0,116,103.657742
127.0,127,103.73169
113.0,113,103.756967
122.0,122,103.78404
114.0,114,103.809679
121.0,121,103.835674
121.0,121,103.863051
115.0,115,103.888226
122.0,122,103.916069
127.0,127,103.944879
119.0,119,103.972123
119.0,119,103.999496
17.0,17,104.003024
116.0,116,104.028619
116.0,116,104.054763
13.0,13,104.057847
122.0,122,104.085641
119.0,119,104.113195
23.0,23,104.118876
34.0,34,104.125754
123.0,123,104.153239
121.0,121,104.223882
125.0,125,104.251853
123.0,123,104.279749
11.0,11,104.282489
111.0,111,104.308212
117.0,117,104.334382
118.0,118,104.361185
19.0,19,104.366065
116.0,116,104.391522
131.0,131,104.420834
119.0,119,104.447855
124.0,124,104.474899
120.0,120,104.503706
123.0,123,104.531243
23.0,23,104.536554
126.0,126,104.565006
121.0,121,104.59219
120.0,120,104.619082
123.0,123,104.646996
117.0,117,104.714335
119.0,119,104.742167
113.0,113,104.768125
114.0,114,104.793206
123.0,123,104.820679
120.0,120,104.848474
120.0,120,104.874452
107.0,107,104.898783
129.0,129,104.927209
125.0,125,104.955278
115.0,115,104.981514
125.0,125,105.009557
115.0,115,105.034711
115.0,115,105.060451
122.0,122,105.087843
119.0,119,105.115868
128.0,128,105.144593
119.0,119,105.21628
118.0,118,105.243116
129.0,129,105.272364
115.0,115,105.298287
113.0,113,105.3246
125.0,125,105.352208
26.0,26,105.357827
21.0,21,105.363717
124.0,124,105.392484
119.0,119,105.418639
122.0,122,105.449584
116.0,116,105.479799
124.0,124,105.510874
122.0,122,105.539031
113.0,113,105.567301
118.0,118,105.593549
23.0,23,105.599038
19.0,19,105.603665
118.0,118,105.631576
116.0,116,105.659501
119.0,119,105.733758
122.0,122,105.761892
114.0,114,105.788566
17.0,17,105.792195
114.0,114,105.817984
115.0,115,105.844476
23.0,23,105.849943
119.0,119,105.8779
123.0,123,105.907771
117.0,117,105.933645
131.0,131,105.962615
120.0,120,105.989128
122.0,122,106.016641
130.0,130,106.046509
20.0,20,106.051262
117.0,117,106.077443
13.0,13,106.08041
13.0,13,106.083084
115.0,115,106.109475
122.0,122,106.138221
119.0,119,106.164951
108.0,108,106.23052
130.0,130,106.261075
119.0,119,106.288311
113.0,113,106.313495
118.0,118,106.339663
120.0,120,106.368054
125.0,125,106.397597
108.0,108,106.422172
118.0,118,106.448141
119.0,119,106.475226
18.0,18,106.478988
118.0,118,106.505363
15.0,15,106.508746
127.0,127,106.536604
117.0,117,106.563418
120.0,120,106.590532
109.0,109,106.615153
119.0,119,106.641708
121.0,121,106.706817
112.0,112,106.733006
117.0,117,106.760127
118.0,118,106.786937
118.0,118,106.814205
123.0,123,106.84211
111.0,111,106.867766
118.0,118,106.894519
122.0,122,106.922385
121.0,121,106.949761
18.0,18,106.953479
117.0,117,106.98022
109.0,109,107.004742
111.0,111,107.03006
118.0,118,107.056581
118.0,118,107.083174
120.0,120,107.110287
113.0,113,107.135354
19.0,19,107.139952
118.0,118,107.22883
121.0,121,107.260832
110.0,110,107.285793
121.0,121,107.313804
118.0,118,107.341032
113.0,113,107.366938
119.0,119,107.394187
123.0,123,107.420799
130.0,130,107.450013
119.0,119,107.477794
114.0,114,107.502792
116.0,116,107.528677
130.0,130,107.557702
112.0,112,107.582627
118.0,118,107.609381
118.0,118,107.636483
123.0,123,107.663381
119.0,119,107.734614
121.0,121,107.762683
119.0,119,107.789942
115.0,115,107.818209
122.0,122,107.847322
122.0,122,107.876584
124.0,124,107.904933
120.0,120,107.931625
120.0,120,107.958105
117.0,117,107.985094
120.0,120,108.012659
121.0,121,108.039974
115.0,115,108.065187
124.0,124,108.093532
115.0,115,108.118574
112.0,112,108.143576
112.0,112,108.167981
133.0,133,108.244398
112.0,112,108.269962
118.0,118,108.297593
117.0,117,108.324117
104.0,104,108.347488
114.0,114,108.37449
115.0,115,108.401351
12.0,12,108.404278
116.0,116,108.430306
111.0,111,108.455281
110.0,110,108.479619
105.0,105,108.504312
108.0,108,108.528275
120.0,120,108.555738
111.0,111,108.580607
108.0,108,108.604766
112.0,112,108.629959
118.0,118,108.657085
114.0,114,108.720551
112.0,112,108.747038
115.0,115,108.772897
118.0,118,108.800271
114.0,114,108.825459
117.0,117,108.852145
114.0,114,108.878862
108.0,108,108.902533
113.0,113,108.928463
115.0,115,108.953566
111.0,111,108.979314
13.0,13,108.98199
117.0,117,109.008981
113.0,113,109.034355
114.0,114,109.0602
13.0,13,109.062933
15.0,15,109.066667
114.0,114,109.092063
124.0,124,109.120507
110.0,110,109.145384
116.0,116,109.21023
116.0,116,109.23783
116.0,116,109.264756
11.0,11,109.267287
116.0,116,109.293289
128.0,128,109.322482
112.0,112,109.348342
28.0,28,109.354977
115.0,115,109.380935
114.0,114,109.407142
109.0,109,109.431905
110.0,110,109.457549
118.0,118,109.484494
18.0,18,109.48879
114.0,114,109.513843
122.0,122,109.541581
111.0,111,109.565972
119.0,119,109.592483
110.0,110,109.617504
115.0,115,109.642684
114.0,114,109.705496
114.0,114,109.731035
110.0,110,109.756004
113.0,113,109.781009
106.0,106,109.80508
105.0,105,109.828628
110.0,110,109.853204
111.0,111,109.878456
119.0,119,109.905702
108.0,108,109.930035
116.0,116,109.955592
111.0,111,109.980943
119.0,119,110.007108
114.0,114,110.033432
109.0,109,110.057584
116.0,116,110.08384
114.0,114,110.110007
112.0,112,110.134378
118.0,118,110.202562
123.0,123,110.232357
107.0,107,110.256174
111.0,111,110.281129
114.0,114,110.306793
112.0,112,110.333098
118.0,118,110.36013
109.0,109,110.386247
111.0,111,110.410312
114.0,114,110.435745
14.0,14,110.43878
106.0,106,110.462352
113.0,113,110.487444
107.0,107,110.512358
26.0,26,110.517729
15.0,15,110.521439
110.0,110,110.546148
113.0,113,110.571577
106.0,106,110.594738
118.0,118,110.620753
20.0,20,110.625328
112.0,112,110.692083
109.0,109,110.717455
111.0,111,110.742364
17.0,17,110.746059
18.0,18,110.750446
108.0,108,110.774902
108.0,108,110.799921
109.0,109,110.824543
107.0,107,110.849799
114.0,114,110.87553
112.0,112,110.90054
107.0,107,110.923635
114.0,114,110.949257
109.0,109,110.974201
114.0,114,110.99944
116.0,116,111.025211
110.0,110,111.05038
110.0,110,111.074494
109.0,109,111.099092
115.0,115,111.124777
117.0,117,111.192316
111.0,111,111.21645
110.0,110,111.241419
110.0,110,111.265638
28.0,28,111.272085
11.0,11,111.274799
26.0,26,111.280506
107.0,107,111.304838
111.0,111,111.329893
110.0,110,111.354148
113.0,113,111.380749
109.0,109,111.405501
110.0,110,111.429369
110.0,110,111.454689
117.0,117,111.481028
112.0,112,111.505886
110.0,110,111.531246
109.0,109,111.555083
114.0,114,111.579541
111.0,111,111.604645
116.0,116,111.669596
110.0,110,111.696298
120.0,120,111.723258
112.0,112,111.748111
106.0,106,111.771693
116.0,116,111.796899
107.0,107,111.821443
13.0,13,111.824161
110.0,110,111.849025
115.0,115,111.876066
115.0,115,111.902734
101.0,101,111.927201
103.0,103,111.951381
110.0,110,111.976852
112.0,112,112.003017
112.0,112,112.029622
20.0,20,112.034494
114.0,114,112.06149
112.0,112,112.088107
110.0,110,112.113955
104.0,104,112.177261
115.0,115,112.203966
113.0,113,112.231062
31.0,31,112.23814
110.0,110,112.264657
16.0,16,112.268501
113.0,113,112.29487
110.0,110,112.320996
12.0,12,112.323983
103.0,103,112.34789
11.0,11,112.350746
114.0,114,112.378197
110.0,110,112.403179
111.0,111,112.428622
111.0,111,112.45338
102.0,102,112.477071
115.0,115,112.50422
104.0,104,112.529285
116.0,116,112.556869
106.0,106,112.581365
31.0,31,112.588517
109.0,109,112.612714
112.0,112,112.679209
110.0,110,112.706181
109.0,109,112.731063
111.0,111,112.756815
21.0,21,112.761553
111.0,111,112.786346
115.0,115,112.817981
20.0,20,112.823167
20.0,20,112.827884
115.0,115,112.855376
25.0,25,112.862019
120.0,120,112.890524
103.0,103,112.913878
113.0,113,112.940792
118.0,118,112.967064
113.0,113,112.99235
108.0,108,113.017576
112.0,112,113.042447
118.0,118,113.069575
110.0,110,113.093309
112.0,112,113.118162
20.0,20,113.12281
114.0,114,113.19121
104.0,104,113.216499
116.0,116,113.243565
111.0,111,113.268878
107.0,107,113.29305
109.0,109,113.318317
100.0,100,113.341844
109.0,109,113.367265
108.0,108,113.393264
114.0,114,113.418776
116.0,116,113.444843
23.0,23,113.450043
105.0,105,113.473433
112.0,112,113.49869
116.0,116,113.525519
112.0,112,113.552651
112.0,112,113.579343
108.0,108,113.604445
116.0,116,113.632266
111.0,111,113.697928
107.0,107,113.724278
112.0,112,113.749943
110.0,110,113.774945
112.0,112,113.800616
111.0,111,113.826365
106.0,106,113.851686
110.0,110,113.876861
18.0,18,113.881337
118.0,118,113.908965
110.0,110,113.934978
106.0,106,113.958463
114.0,114,113.984794
111.0,111,114.009497
113.0,113,114.038172
110.0,110,114.064236
115.0,115,114.091505
18.0,18,114.095337
110.0,110,114.121913
16.0,16,114.125413
108.0,108,114.150722
104.0,104,114.214539
109.0,109,114.239973
100.0,100,114.263106
105.0,105,114.287104
105.0,105,114.31146
105.0,105,114.336051
108.0,108,114.362007
104.0,104,114.388284
122.0,122,114.416215
110.0,110,114.441092
104.0,104,114.46426
114.0,114,114.48878
111.0,111,114.514182
115.0,115,114.541364
119.0,119,114.567617
105.0,105,114.590909
111.0,111,114.616022
109.0,109,114.640031
110.0,110,114.702748
109.0,109,114.728775
105.0,105,114.752887
106.0,106,114.776566
106.0,106,114.800971
113.0,113,114.826472
116.0,116,114.878631
111.0,111,114.904879
109.0,109,114.928955
111.0,111,114.954512
121.0,121,114.982516
116.0,116,115.009216
111.0,111,115.03437
107.0,107,115.058588
106.0,106,115.08219
110.0,110,115.107096
106.0,106,115.131399
115.0,115,115.157463
111.0,111,115.220758
105.0,105,115.245566
111.0,111,115.271297
116.0,116,115.29757
118.0,118,115.323365
110.0,110,115.347629
108.0,108,115.372242
109.0,109,115.397505
110.0,110,115.42138
21.0,21,115.426364
101.0,101,115.44829
107.0,107,115.472044
109.0,109,115.495852
106.0,106,115.519116
109.0,109,115.543497
111.0,111,115.567237
106.0,106,115.591406
108.0,108,115.615825
105.0,105,115.639517
105.0,105,115.700774
110.0,110,115.726375
112.0,112,115.752539
107.0,107,115.777388
101.0,101,115.800416
104.0,104,115.824423
108.0,108,115.849866
106.0,106,115.874294
105.0,105,115.898387
109.0,109,115.922634
115.0,115,115.948588
114.0,114,115.974639
112.0,112,115.999557
111.0,111,116.024415
105.0,105,116.047899
127.0,127,116.075676
110.0,110,116.100108
111.0,111,116.125778
120.0,120,116.15302
108.0,108,116.214696
120.0,120,116.242517
112.0,112,116.267649
109.0,109,116.291183
114.0,114,116.317163
117.0,117,116.345195
115.0,115,116.372798
115.0,115,116.400364
112.0,112,116.426442
110.0,110,116.4513
106.0,106,116.476225
43.0,43,116.485642
109.0,109,116.510889
111.0,111,116.536111
117.0,117,116.563975
107.0,107,116.587962
109.0,109,116.613209
109.0,109,116.638228
114.0,114,116.704762
105.0,105,116.729852
115.0,115,116.755715
101.0,101,116.779044
106.0,106,116.802808
113.0,113,116.828662
106.0,106,116.853425
103.0,103,116.877053
103.0,103,116.899652
109.0,109,116.925164
107.0,107,116.949731
126.0,126,116.978802
112.0,112,117.003923
100.0,100,117.026937
110.0,110,117.050776
106.0,106,117.074907
110.0,110,117.099635
114.0,114,117.12586
104.0,104,117.188491
115.0,115,117.214876
13.0,13,117.217966
118.0,118,117.244008
114.0,114,117.269766
116.0,116,117.296418
114.0,114,117.320832
109.0,109,117.346259
110.0,110,117.370599
120.0,120,117.397871
103.0,103,117.420884
109.0,109,117.445212
112.0,112,117.471014
109.0,109,117.495607
104.0,104,117.519452
110.0,110,117.543962
105.0,105,117.567823
110.0,110,117.592723
108.0,108,117.617472
104.0,104,117.679661
22.0,22,117.684515
119.0,119,117.712281
111.0,111,117.738473
105.0,105,117.762241
109.0,109,117.786095
106.0,106,117.810556
109.0,109,117.836916
114.0,114,117.863561
108.0,108,117.88746
107.0,107,117.911533
100.0,100,117.933746
112.0,112,117.958671
110.0,110,117.983168
101.0,101,118.005629
108.0,108,118.029529
104.0,104,118.052101
130.0,130,118.081396
110.0,110,118.107393
109.0,109,118.178834
106.0,106,118.205828
120.0,120,118.23243
126.0,126,118.260513
115.0,115,118.286283
110.0,110,118.310729
118.0,118,118.337973
111.0,111,118.362975
112.0,112,118.390093
110.0,110,118.41472
121.0,121,118.442173
114.0,114,118.468459
120.0,120,118.496258
119.0,119,118.523238
114.0,114,118.548066
118.0,118,118.575095
120.0,120,118.602247
113.0,113,118.62694
118.0,118,118.69923
122.0,122,118.727063
125.0,125,118.753979
111.0,111,118.778803
112.0,112,118.803625
114.0,114,118.829094
122.0,122,118.856687
114.0,114,118.88188
118.0,118,118.908651
111.0,111,118.933644
110.0,110,118.957371
142.0,142,118.988757
123.0,123,119.015718
122.0,122,119.043643
112.0,112,119.069377
123.0,123,119.097462
126.0,126,119.125897
116.0,116,119.192083
119.0,119,119.219127
118.0,118,119.245271
117.0,117,119.272125
119.0,119,119.297901
113.0,113,119.324229
125.0,125,119.351946
105.0,105,119.374671
109.0,109,119.399176
120.0,120,119.426235
118.0,118,119.452919
122.0,122,119.480723
120.0,120,119.50732
114.0,114,119.533455
120.0,120,119.560551
143.0,143,119.592452
117.0,117,119.664056
153.0,153,119.699569
109.0,109,119.723917
124.0,124,119.751881
109.0,109,119.776724
114.0,114,119.801651
134.0,134,119.831962
116.0,116,119.858095
115.0,115,119.884402
117.0,117,119.911233
121.0,121,119.938455
111.0,111,119.964334
104.0,104,119.986905
112.0,112,120.012505
120.0,120,120.039926
105.0,105,120.063112
115.0,115,120.089165
113.0,113,120.161574
111.0,111,120.188297
115.0,115,120.213747
135.0,135,120.243735
128.0,128,120.272462
134.0,134,120.303231
113.0,113,120.328638
121.0,121,120.355589
112.0,112,120.381097
115.0,115,120.406796
120.0,120,120.434258
114.0,114,120.459551
118.0,118,120.486277
118.0,118,120.512746
124.0,124,120.541976
114.0,114,120.568463
114.0,114,120.59388
118.0,118,120.662824
113.0,113,120.689337
166.0,166,120.72811
117.0,117,120.754531
111.0,111,120.779244
133.0,133,120.809458
144.0,144,120.84193
121.0,121,120.868326
119.0,119,120.894886
127.0,127,120.924036
142.0,142,120.956097
124.0,124,120.984038
120.0,120,121.01103
120.0,120,121.03766
119.0,119,121.064674
124.0,124,121.092749
115.0,115,121.1572
129.0,129,121.186812
134.0,134,121.217151
139.0,139,121.248322
133.0,133,121.27875
154.0,154,121.314535
154.0,154,121.349314
125.0,125,121.37754
140.0,140,121.410161
142.0,142,121.442067
111.0,111,121.466643
142.0,142,121.496742
138.0,138,121.528358
111.0,111,121.5539
145.0,145,121.587013
117.0,117,121.656622
124.0,124,121.684374
148.0,148,121.717835
119.0,119,121.744386
110.0,110,121.768223
122.0,122,121.796114
134.0,134,121.825937
132.0,132,121.855157
155.0,155,121.890013
118.0,118,121.91743
132.0,132,121.947004
136.0,136,121.977526
130.0,130,122.00598
118.0,118,122.032205
168.0,168,122.07018
144.0,144,122.14355
120.0,120,122.172564
118.0,118,122.199231
116.0,116,122.225541
111.0,111,122.251045
160.0,160,122.287166
128.0,128,122.316874
109.0,109,122.341748
111.0,111,122.366998
118.0,118,122.394956
149.0,149,122.428477
144.0,144,122.461364
117.0,117,122.487588
117.0,117,122.51339
152.0,152,122.548089
121.0,121,122.575161
128.0,128,122.661827
111.0,111,122.687584
115.0,115,122.715041
108.0,108,122.740763
146.0,146,122.775183
111.0,111,122.829789
107.0,107,122.856229
115.0,115,122.883206
118.0,118,122.909285
118.0,118,122.936796
118.0,118,122.962285
111.0,111,122.987688
148.0,148,123.020613
124.0,124,123.049253
136.0,136,123.079722
105.0,105,123.103392
116.0,116,123.129616
124.0,124,123.208777
175.0,175,123.248614
114.0,114,123.273691
128.0,128,123.303083
127.0,127,123.332503
116.0,116,123.357839
107.0,107,123.382174
125.0,125,123.410261
150.0,150,123.444473
116.0,116,123.471349
194.0,194,123.513804
122.0,122,123.542164
142.0,142,123.574248
142.0,142,123.606554
116.0,116,123.632277
164.0,164,123.729818
123.0,123,123.757005
201.0,201,123.802693
112.0,112,123.828627
174.0,174,123.867525
133.0,133,123.897527
126.0,126,123.926273
107.0,107,123.950445
155.0,155,123.985635
147.0,147,124.018308
138.0,138,124.049584
149.0,149,124.084435
250.0,250,124.140065
158.0,158,124.229692
115.0,115,124.256267
147.0,147,124.289413
210.0,210,124.337097
176.0,176,124.377672
192.0,192,124.421466
165.0,165,124.458587
106.0,106,124.483304
159.0,159,124.519121
157.0,157,124.553968
189.0,189,124.596066
116.0,116,124.623123
164.0,164,124.731839
181.0,181,124.774362
119.0,119,124.801055
119.0,119,124.82782
112.0,112,124.852916
152.0,152,124.8875
155.0,155,124.921379
117.0,117,124.947598
137.0,137,124.977777
114.0,114,125.003162
116.0,116,125.029105
121.0,121,125.057165
169.0,169,125.094991
109.0,109,125.118734
107.0,107,125.143532
115.0,115,125.169376
175.0,175,125.253655
126.0,126,125.282419
116.0,116,125.308938
152.0,152,125.343233
215.0,215,125.392389
155.0,155,125.426316
154.0,154,125.461153
121.0,121,125.487422
123.0,123,125.514988
114.0,114,125.540256
122.0,122,125.568508
119.0,119,125.595655
115.0,115,125.620718
112.0,112,125.645465
139.0,139,125.718402
111.0,111,125.744899
127.0,127,125.773974
123.0,123,125.800729
210.0,210,125.847854
481.0,481,125.954081
239.0,239,126.007352
165.0,165,126.043885
167.0,167,126.081369
437.0,437,126.237298
180.0,180,126.278304
167.0,167,126.316811
144.0,144,126.348936
196.0,196,126.394125
176.0,176,126.433876
217.0,217,126.481817
169.0,169,126.519921
165.0,165,126.557495
198.0,198,126.601471
346.0,346,126.733885
179.0,179,126.775269
232.0,232,126.826793
119.0,119,126.854261
248.0,248,126.910053
344.0,344,126.987332
300.0,300,127.054076
148.0,148,127.087299
205.0,205,127.133671
184.0,184,127.175659
117.0,117,127.28992
322.0,322,127.361525
128.0,128,127.390959
212.0,212,127.439373
497.0,497,127.553225
313.0,313,127.625221
216.0,216,127.67549
337.0,337,127.828523
160.0,160,127.870254
221.0,221,127.923689
414.0,414,128.02204
278.0,278,128.083976
205.0,205,128.129615
158.0,158,128.166205
346.0,346,128.244538
149.0,149,128.329718
151.0,151,128.366911
365.0,365,128.454853
126.0,126,128.482547
382.0,382,128.571984
201.0,201,128.619133
193.0,193,128.663218
457.0,457,128.766179
137.0,137,128.844673
235.0,235,128.900059
168.0,168,128.93924
186.0,186,129.031691
130.0,130,129.064546
348.0,348,129.154781
204.0,204,129.208408
185.0,185,129.255992
245.0,245,129.317085
147.0,147,129.353951
391.0,391,129.517398
296.0,296,129.586242
421.0,421,129.683503
205.0,205,129.728948
301.0,301,129.794701
174.0,174,129.834434
278.0,278,129.898398
328.0,328,130.050929
128.0,128,130.080644
201.0,201,130.128154
160.0,160,130.165209
218.0,218,130.215996
203.0,203,130.263775
242.0,242,130.319965
144.0,144,130.352023
198.0,198,130.398042
250.0,250,130.513711
481.0,481,130.626528
192.0,192,130.67024
152.0,152,130.707703
481.0,481,130.818544
306.0,306,130.886494
500.0,500,131.047336
304.0,304,131.117219
500.0,500,131.232925
314.0,314,131.305857
229.0,229,131.360756
220.0,220,131.412835
389.0,389,131.627113
468.0,468,131.733584
348.0,348,131.814913
218.0,218,131.865314
322.0,322,131.9385
169.0,169,131.975858
206.0,206,132.021242
341.0,341,132.222659
184.0,184,132.265326
372.0,372,132.348848
235.0,235,132.402543
213.0,213,132.450222
352.0,352,132.530828
136.0,136,132.561504
220.0,220,132.611061
256.0,256,132.780892
234.0,234,132.837204
450.0,450,132.938195
206.0,206,132.982896
108.0,108,133.007622
500.0,500,133.118315
284.0,284,133.181861
196.0,196,133.339671
242.0,242,133.396391
430.0,430,133.494527
360.0,360,133.574208
113.0,113,133.59916
380.0,380,133.685387
416.0,416,133.884099
284.0,284,133.951909
463.0,463,134.058291
221.0,221,134.109614
204.0,204,134.157126
278.0,278,134.22076
232.0,232,134.271897
231.0,231,134.323947
286.0,286,134.488171
255.0,255,134.544791
374.0,374,134.630015
203.0,203,134.6755
500.0,500,134.78777
198.0,198,134.833279
232.0,232,134.985602
388.0,388,135.077493
240.0,240,135.13219
179.0,179,135.172564
217.0,217,135.221891
256.0,256,135.27938
183.0,183,135.320847
226.0,226,135.370986
248.0,248,135.427855
215.0,215,135.576173
184.0,184,135.619538
214.0,214,135.667938
363.0,363,135.748534
261.0,261,135.806495
320.0,320,135.877575
224.0,224,135.927658
294.0,294,136.089707
184.0,184,136.134537
180.0,180,136.176527
381.0,381,136.262718
298.0,298,136.331508
256.0,256,136.388424
282.0,282,136.454154
371.0,371,136.635486
184.0,184,136.681727
310.0,310,136.783471
206.0,206,136.829435
299.0,299,136.895915
270.0,270,136.956051
267.0,267,137.015114
228.0,228,137.066306
224.0,224,137.117013
289.0,289,137.281176
262.0,262,137.34017
203.0,203,137.38515
438.0,438,137.482949
227.0,227,137.533124
220.0,220,137.581761
372.0,372,137.76853
210.0,210,137.82177
286.0,286,137.891014
325.0,325,137.963843
295.0,295,138.03079
364.0,364,138.112461
234.0,234,138.164871
293.0,293,138.295029
252.0,252,138.35997
179.0,179,138.402656
329.0,329,138.483928
253.0,253,138.544245
218.0,218,138.593514
152.0,152,138.628521
202.0,202,138.675272
296.0,296,138.742462
397.0,397,138.910664
247.0,247,138.966311
192.0,192,139.0095
285.0,285,139.073454
185.0,185,139.117149
210.0,210,139.163752
280.0,280,139.227265
162.0,162,139.263025
187.0,187,139.397825
247.0,247,139.458508
179.0,179,139.501066
172.0,172,139.54058
179.0,179,139.580045
186.0,186,139.623164
196.0,196,139.668573
164.0,164,139.704579
447.0,447,139.805176
165.0,165,139.841785
195.0,195,139.966986
213.0,213,140.01504
182.0,182,140.056907
203.0,203,140.103684
291.0,291,140.170462
157.0,157,140.205306
218.0,218,140.25396
170.0,170,140.291221
187.0,187,140.332331
166.0,166,140.370342
217.0,217,140.536243
195.0,195,140.581805
166.0,166,140.620557
170.0,170,140.658932
197.0,197,140.703824
166.0,166,140.742025
172.0,172,140.779915
229.0,229,140.830562
170.0,170,140.869937
194.0,194,140.913459
179.0,179,141.032895
178.0,178,141.076679
172.0,172,141.117098
267.0,267,141.176055
171.0,171,141.215002
172.0,172,141.254156
219.0,219,141.302917
212.0,212,141.35089
220.0,220,141.399911
193.0,193,141.4431
189.0,189,141.485002
367.0,367,141.660527
456.0,456,141.764468
157.0,157,141.797992
188.0,188,141.840073
174.0,174,141.879956
177.0,177,141.920286
234.0,234,141.973335
252.0,252,142.09804
173.0,173,142.142318
171.0,171,142.180534
193.0,193,142.224692
156.0,156,142.259983
164.0,164,142.295954
166.0,166,142.333195
500.0,500,142.448563
164.0,164,142.484912
213.0,213,142.533133
171.0,171,142.634336
168.0,168,142.675534
150.0,150,142.709586
171.0,171,142.749853
174.0,174,142.789718
170.0,170,142.830481
165.0,165,142.869945
162.0,162,142.908609
168.0,168,142.947747
170.0,170,142.986838
160.0,160,143.023232
180.0,180,143.06402
176.0,176,143.16159
162.0,162,143.20101
165.0,165,143.237899
181.0,181,143.279564
155.0,155,143.31503
158.0,158,143.350862
159.0,159,143.386428
167.0,167,143.425561
174.0,174,143.46422
162.0,162,143.501244
174.0,174,143.539782
179.0,179,143.580521
150.0,150,143.669353
161.0,161,143.710935
168.0,168,143.751286
162.0,162,143.787971
168.0,168,143.826573
167.0,167,143.865432
166.0,166,143.903092
159.0,159,143.939536
169.0,169,143.977061
178.0,178,144.017365
21.0,21,144.021873
155.0,155,144.056168
185.0,185,144.096692
154.0,154,144.187705
163.0,163,144.249497
187.0,187,144.298334
157.0,157,144.332573
162.0,162,144.367905
152.0,152,144.403267
167.0,167,144.441003
171.0,171,144.479303
163.0,163,144.516846
152.0,152,144.5518
188.0,188,144.593742
183.0,183,144.635211
167.0,167,144.736583
167.0,167,144.776024
181.0,181,144.818719
157.0,157,144.854544
163.0,163,144.892078
183.0,183,144.934524
182.0,182,144.975819
211.0,211,145.023294
166.0,166,145.061496
178.0,178,145.101966
161.0,161,145.138591
165.0,165,145.230223
167.0,167,145.271913
171.0,171,145.31215
215.0,215,145.36186
155.0,155,145.397898
171.0,171,145.452502
158.0,158,145.499416
183.0,183,145.544915
194.0,194,145.593509
152.0,152,145.628056
195.0,195,145.672314
211.0,211,145.722628
169.0,169,145.826178
178.0,178,145.867601
179.0,179,145.908648
170.0,170,145.949032
150.0,150,145.984058
170.0,170,146.022962
163.0,163,146.059744
163.0,163,146.096353
173.0,173,146.13633
193.0,193,146.181559
173.0,173,146.221293
176.0,176,146.331819
12.0,12,146.335605
163.0,163,146.377549
176.0,176,146.421823
210.0,210,146.472927
175.0,175,146.51297
164.0,164,146.551066
173.0,173,146.592299
171.0,171,146.633235
209.0,209,146.684311
180.0,180,146.726641
180.0,180,146.769696
183.0,183,146.87872
166.0,166,146.920396
161.0,161,146.990107
169.0,169,147.030978
178.0,178,147.074244
149.0,149,147.108198
233.0,233,147.160325
263.0,263,147.221118
179.0,179,147.260664
206.0,206,147.305762
193.0,193,147.349717
169.0,169,147.459717
173.0,173,147.49997
148.0,148,147.534073
146.0,146,147.568689
213.0,213,147.61634
206.0,206,147.662718
183.0,183,147.704973
173.0,173,147.743329
159.0,159,147.779475
450.0,450,147.883304
164.0,164,147.983457
143.0,143,148.015834
215.0,215,148.064868
164.0,164,148.102405
167.0,167,148.141975
163.0,163,148.180526
182.0,182,148.225226
177.0,177,148.266983
171.0,171,148.306514
176.0,176,148.347569
190.0,190,148.393937
166.0,166,148.504341
163.0,163,148.545536
202.0,202,148.593099
176.0,176,148.635264
164.0,164,148.674047
164.0,164,148.712173
205.0,205,148.761637
178.0,178,148.802723
190.0,190,148.848286
207.0,207,148.896845
382.0,382,149.053128
181.0,181,149.097393
163.0,163,149.137471
149.0,149,149.173448
159.0,159,149.210335
178.0,178,149.250884
151.0,151,149.286496
221.0,221,149.338357
169.0,169,149.377985
148.0,148,149.41476
170.0,170,149.45308
159.0,159,149.491654
174.0,174,149.594237
176.0,176,149.637077
177.0,177,149.677858
173.0,173,149.717469
182.0,182,149.75823
172.0,172,149.796764
177.0,177,149.836363
281.0,281,149.899927
197.0,197,149.944298
389.0,389,150.145134
154.0,154,150.182586
500.0,500,150.295641
500.0,500,150.410025
175.0,175,150.449429
216.0,216,150.498607
261.0,261,150.558007
179.0,179,150.597958
171.0,171,150.712914
204.0,204,150.758525
182.0,182,150.799298
182.0,182,150.839757
157.0,157,150.876357
171.0,171,150.913806
251.0,251,150.971623
175.0,175,151.010965
176.0,176,151.050978
186.0,186,151.094043
236.0,236,151.21961
181.0,181,151.262391
178.0,178,151.30321
176.0,176,151.342631
196.0,196,151.387012
210.0,210,151.435256
157.0,157,151.472034
174.0,174,151.51252
176.0,176,151.554629
221.0,221,151.607721
184.0,184,151.651821
175.0,175,151.758317
236.0,236,151.813615
169.0,169,151.852882
149.0,149,151.887063
427.0,427,151.982001
176.0,176,152.02027
177.0,177,152.060202
180.0,180,152.100174
151.0,151,152.134119
201.0,201,152.179018
209.0,209,152.341265
214.0,214,152.391685
229.0,229,152.443901
170.0,170,152.481493
161.0,161,152.520448
183.0,183,152.562603
214.0,214,152.615912
203.0,203,152.665901
223.0,223,152.718613
184.0,184,152.761677
151.0,151,152.871132
158.0,158,152.911821
157.0,157,152.950806
179.0,179,152.993108
500.0,500,153.114557
165.0,165,153.156534
182.0,182,153.204952
193.0,193,153.256437
174.0,174,153.30266
174.0,174,153.447693
169.0,169,153.52239
173.0,173,153.56822
179.0,179,153.613685
162.0,162,153.65276
275.0,275,153.719097
194.0,194,153.766131
206.0,206,153.815946
204.0,204,153.864848
180.0,180,153.90753
146.0,146,153.943673
184.0,184,154.051117
190.0,190,154.09862
209.0,209,154.156193
148.0,148,154.191059
162.0,162,154.231061
171.0,171,154.270674
173.0,173,154.308622
253.0,253,154.366047
167.0,167,154.409641
189.0,189,154.454424
150.0,150,154.489654
162.0,162,154.595133
173.0,173,154.636598
183.0,183,154.682015
147.0,147,154.716356
160.0,160,154.754667
153.0,153,154.789753
162.0,162,154.826759
169.0,169,154.864089
153.0,153,154.898034
201.0,201,154.944999
160.0,160,154.980565
163.0,163,155.018147
145.0,145,155.146174
207.0,207,155.197228
205.0,205,155.24784
179.0,179,155.316161
216.0,216,155.365702
192.0,192,155.409318
191.0,191,155.45204
211.0,211,155.49998
239.0,239,155.553741
214.0,214,155.60208
157.0,157,155.700537
231.0,231,155.757915
160.0,160,155.795395
156.0,156,155.830318
177.0,177,155.871806
213.0,213,155.920434
161.0,161,155.956672
165.0,165,155.994228
182.0,182,156.034534
183.0,183,156.078554
186.0,186,156.122272
210.0,210,156.242288
161.0,161,156.281385
175.0,175,156.324088
154.0,154,156.361349
224.0,224,156.417533
202.0,202,156.46681
166.0,166,156.507994
186.0,186,156.553123
180.0,180,156.597339
193.0,193,156.644418
172.0,172,156.686715
195.0,195,156.810563
198.0,198,156.860177
178.0,178,156.902413
165.0,165,156.941193
163.0,163,156.980845
184.0,184,157.025679
196.0,196,157.070801
174.0,174,157.112385
204.0,204,157.1601
204.0,204,157.207138
195.0,195,157.25052
191.0,191,157.369421
212.0,212,157.421758
186.0,186,157.465447
185.0,185,157.507594
178.0,178,157.548414
190.0,190,157.59182
182.0,182,157.633553
211.0,211,157.680861
181.0,181,157.720902
144.0,144,157.752992
208.0,208,157.798544
243.0,243,157.970473
166.0,166,158.008314
220.0,220,158.059171
164.0,164,158.095354
236.0,236,158.148438
193.0,193,158.191531
164.0,164,158.227927
190.0,190,158.271427
165.0,165,158.308663
175.0,175,158.34658
193.0,193,158.456179
178.0,178,158.495866
149.0,149,158.528819
160.0,160,158.565348
184.0,184,158.606726
139.0,139,158.637051
154.0,154,158.671334
201.0,201,158.715272
174.0,174,158.753601
173.0,173,158.792682
179.0,179,158.831005
196.0,196,158.874088
162.0,162,158.976931
209.0,209,159.0245
208.0,208,159.070659
186.0,186,159.113171
170.0,170,159.152462
215.0,215,159.20154
172.0,172,159.240612
206.0,206,159.287272
210.0,210,159.334594
220.0,220,159.383515
214.0,214,159.50829
222.0,222,159.559681
184.0,184,159.601731
14.0,14,159.604722
207.0,207,159.651386
179.0,179,159.691932
178.0,178,159.731841
202.0,202,159.776809
177.0,177,159.815317
166.0,166,159.854326
282.0,282,159.916961
229.0,229,160.0393
218.0,218,160.088235
193.0,193,160.131153
199.0,199,160.176162
188.0,188,160.217625
213.0,213,160.26661
211.0,211,160.314594
197.0,197,160.361081
217.0,217,160.413572
198.0,198,160.543866
181.0,181,160.588991
181.0,181,160.631367
188.0,188,160.674907
171.0,171,160.71329
207.0,207,160.760653
234.0,234,160.813588
195.0,195,160.858342
187.0,187,160.902375
224.0,224,160.958066
179.0,179,161.00303
184.0,184,161.129698
211.0,211,161.182022
191.0,191,161.252645
218.0,218,161.31388
179.0,179,161.356912
183.0,183,161.39988
276.0,276,161.464054
165.0,165,161.500442
205.0,205,161.546486
191.0,191,161.59114
224.0,224,161.72419
184.0,184,161.766001
169.0,169,161.803853
149.0,149,161.836726
170.0,170,161.874097
195.0,195,161.919104
165.0,165,161.956832
163.0,163,161.993105
189.0,189,162.034794
186.0,186,162.077475
190.0,190,162.119486
173.0,173,162.231737
182.0,182,162.274761
209.0,209,162.326276
192.0,192,162.372568
202.0,202,162.419039
220.0,220,162.46751
166.0,166,162.505708
163.0,163,162.543734
203.0,203,162.591999
190.0,190,162.636873
187.0,187,162.747212
203.0,203,162.795915
163.0,163,162.836495
187.0,187,162.882419
149.0,149,162.917132
192.0,192,162.961432
161.0,161,162.998189
179.0,179,163.037995
174.0,174,163.077733
198.0,198,163.121627
216.0,216,163.170326
209.0,209,163.28774
154.0,154,163.323174
179.0,179,163.362851
176.0,176,163.4038
201.0,201,163.45038
212.0,212,163.499512
190.0,190,163.543188
206.0,206,163.589991
204.0,204,163.635058
227.0,227,163.685655
168.0,168,163.791982
150.0,150,163.829296
204.0,204,163.875756
178.0,178,163.916688
175.0,175,163.956703
250.0,250,164.012364
215.0,215,164.060748
186.0,186,164.10291
191.0,191,164.14659
195.0,195,164.190554
221.0,221,164.240752
200.0,200,164.3535
224.0,224,164.405785
209.0,209,164.454152
196.0,196,164.497842
209.0,209,164.545826
169.0,169,164.58334
190.0,190,164.625772
203.0,203,164.672299
226.0,226,164.724075
206.0,206,164.770464
204.0,204,164.890758
172.0,172,164.92902
199.0,199,164.974761
168.0,168,165.011988
200.0,200,165.062518
179.0,179,165.107215
148.0,148,165.141373
159.0,159,165.176218
190.0,190,165.218697
16.0,16,165.222033
188.0,188,165.264345
183.0,183,165.386695
188.0,188,165.434904
173.0,173,165.475207
254.0,254,165.533916
181.0,181,165.575342
194.0,194,165.618775
226.0,226,165.672644
217.0,217,165.726342
207.0,207,165.775893
208.0,208,165.824403
204.0,204,165.948642
163.0,163,165.989125
165.0,165,166.027784
255.0,255,166.087387
190.0,190,166.131416
213.0,213,166.178605
205.0,205,166.22478
229.0,229,166.275637
188.0,188,166.317632
197.0,197,166.361751
238.0,238,166.490802
160.0,160,166.528171
240.0,240,166.582824
233.0,233,166.636225
211.0,211,166.683235
192.0,192,166.726212
229.0,229,166.778124
216.0,216,166.826584
186.0,186,166.867769
177.0,177,166.907867
242.0,242,167.031
193.0,193,167.077269
144.0,144,167.10974
200.0,200,167.153352
238.0,238,167.207112
192.0,192,167.251859
228.0,228,167.304996
220.0,220,167.356131
204.0,204,167.404679
221.0,221,167.530087
185.0,185,167.575897
205.0,205,167.62382
188.0,188,167.666424
216.0,216,167.714911
240.0,240,167.768078
206.0,206,167.815613
180.0,180,167.860744
208.0,208,167.914446
201.0,201,167.962427
189.0,189,168.092439
235.0,235,168.182903
251.0,251,168.242834
208.0,208,168.291451
190.0,190,168.337959
208.0,208,168.386484
253.0,253,168.447525
225.0,225,168.501949
191.0,191,168.548123
232.0,232,168.691304
242.0,242,168.750854
231.0,231,168.805544
228.0,228,168.858151
220.0,220,168.908253
265.0,265,168.969226
279.0,279,169.03382
208.0,208,169.082189
246.0,246,169.137905
233.0,233,169.276016
185.0,185,169.318513
178.0,178,169.358902
193.0,193,169.402071
139.0,139,169.43412
203.0,203,169.480346
210.0,210,169.528627
197.0,197,169.572141
196.0,196,169.616533
204.0,204,169.663266
208.0,208,169.790949
248.0,248,169.849023
224.0,224,169.900218
204.0,204,169.94614
199.0,199,169.990603
226.0,226,170.041964
220.0,220,170.091206
190.0,190,170.133648
272.0,272,170.194632
197.0,197,170.396385
16.0,16,170.400266
241.0,241,170.457259
212.0,212,170.50517
235.0,235,170.559458
222.0,222,170.612414
215.0,215,170.66281
247.0,247,170.723279
230.0,230,170.778693
272.0,272,170.842081
263.0,263,171.014303
204.0,204,171.061439
181.0,181,171.102566
208.0,208,171.149419
212.0,212,171.19787
224.0,224,171.249195
212.0,212,171.29611
231.0,231,171.347628
220.0,220,171.398868
210.0,210,171.536347
164.0,164,171.576933
213.0,213,171.626563
203.0,203,171.673833
215.0,215,171.723503
232.0,232,171.777268
213.0,213,171.826218
209.0,209,171.87457
228.0,228,171.926295
171.0,171,171.965195
198.0,198,172.108395
286.0,286,172.173304
248.0,248,172.230822
196.0,196,172.275447
243.0,243,172.331608
87.0,87,172.35108
288.0,288,172.415856
275.0,275,172.478896
232.0,232,172.62221
231.0,231,172.676675
228.0,228,172.728841
230.0,230,172.780748
239.0,239,172.836227
169.0,169,172.875966
399.0,399,172.967293
281.0,281,173.031617
321.0,321,173.227841
230.0,230,173.280325
281.0,281,173.344306
250.0,250,173.401767
228.0,228,173.455291
261.0,261,173.51382
396.0,396,173.603739
242.0,242,173.739692
218.0,218,173.792586
265.0,265,173.87911
205.0,205,173.925352
308.0,308,173.992928
363.0,363,174.073338
226.0,226,174.123977
247.0,247,174.180965
242.0,242,174.340258
243.0,243,174.404868
500.0,500,174.530445
253.0,253,174.588816
212.0,212,174.637022
245.0,245,174.692537
350.0,350,174.772466
226.0,226,174.95848
244.0,244,175.013376
360.0,360,175.09551
250.0,250,175.152566
275.0,275,175.218348
212.0,212,175.268083
199.0,199,175.314106
500.0,500,175.505447
273.0,273,175.571284
249.0,249,175.627461
228.0,228,175.710217
262.0,262,175.771071
201.0,201,175.816095
226.0,226,175.867543
230.0,230,175.919915
236.0,236,176.067918
376.0,376,176.153961
315.0,315,176.228407
208.0,208,176.280199
400.0,400,176.382316
500.0,500,176.507082
303.0,303,176.738599
264.0,264,176.804705
259.0,259,176.868256
209.0,209,176.919202
273.0,273,176.981334
228.0,228,177.035942
228.0,228,177.091107
263.0,263,177.161517
201.0,201,177.309932
297.0,297,177.395167
280.0,280,177.468671
207.0,207,177.518516
216.0,216,177.570924
229.0,229,177.626771
292.0,292,177.701446
319.0,319,177.777185
217.0,217,177.964612
500.0,500,178.079374
239.0,239,178.135418
281.0,281,178.203676
406.0,406,178.298897
264.0,264,178.359859
272.0,272,178.547363
340.0,340,178.670762
500.0,500,178.790813
369.0,369,178.875724
258.0,258,178.935139
500.0,500,179.223007
443.0,443,179.325939
229.0,229,179.37853
267.0,267,179.439164
500.0,500,179.557687
500.0,500,179.76938
297.0,297,179.842807
364.0,364,179.931402
276.0,276,179.99918
254.0,254,180.065581
500.0,500,180.189962
401.0,401,180.436322
486.0,486,180.554983
331.0,331,180.63464
263.0,263,180.693765
248.0,248,180.781725
272.0,272,180.862336
375.0,375,181.142501
500.0,500,181.270874
451.0,451,181.38682
245.0,245,181.446819
500.0,500,181.569684
500.0,500,181.874445
297.0,297,181.944028
346.0,346,182.021672
500.0,500,182.134014
500.0,500,182.247417
468.0,468,182.52331
258.0,258,182.581506
500.0,500,182.698558
279.0,279,182.764127
343.0,343,182.845087
283.0,283,183.096025
296.0,296,183.175865
500.0,500,183.314858
284.0,284,183.386922
246.0,246,183.448269
463.0,463,183.561002
305.0,305,183.757942
418.0,418,183.856193
500.0,500,183.976625
500.0,500,184.095315
340.0,340,184.172446
330.0,330,184.421147
363.0,363,184.509282
500.0,500,184.631677
500.0,500,184.747037
500.0,500,185.041445
500.0,500,185.157959
500.0,500,185.26991
500.0,500,185.380259
500.0,500,185.724271
427.0,427,185.855167
458.0,458,185.979529
500.0,500,186.104609
500.0,500,186.22784
500.0,500,186.51752
277.0,277,186.580746
500.0,500,186.697038
331.0,331,186.772787
500.0,500,187.057697
500.0,500,187.173517
290.0,290,187.241179
355.0,355,187.322174
411.0,411,187.416347
500.0,500,187.71216
355.0,355,187.794944
392.0,392,187.889309
500.0,500,188.004654
500.0,500,188.11918
500.0,500,188.407217
444.0,444,188.508223
104.0,104,188.531587
320.0,320,188.602541
500.0,500,188.712562
500.0,500,188.996502
500.0,500,189.11658
284.0,284,189.187635
500.0,500,189.315306
500.0,500,189.606705
500.0,500,189.723179
135.0,135,189.75884
295.0,295,189.837246
500.0,500,189.956502
500.0,500,190.07681
294.0,294,190.339175
500.0,500,190.451342
500.0,500,190.562435
500.0,500,190.673756
500.0,500,190.963076
500.0,500,191.075657
500.0,500,191.196406
371.0,371,191.286909
500.0,500,191.575811
158.0,158,191.613195
329.0,329,191.694944
500.0,500,191.812242
500.0,500,191.924654
500.0,500,192.211509
500.0,500,192.325748
442.0,442,192.429222
500.0,500,192.553857
500.0,500,192.853834
500.0,500,192.970508
14.0,14,192.973969
442.0,442,193.072623
500.0,500,193.185314
500.0,500,193.47135
500.0,500,193.594635
500.0,500,193.706753
306.0,306,193.776615
500.0,500,193.88877
500.0,500,194.177144
500.0,500,194.294149
500.0,500,194.408058
500.0,500,194.52095
500.0,500,194.775187
500.0,500,194.888304
500.0,500,195.000967
500.0,500,195.112674
500.0,500,195.398472
500.0,500,195.511193
500.0,500,195.623339
500.0,500,195.734389
500.0,500,196.027356
500.0,500,196.140764
500.0,500,196.25284
500.0,500,196.365703
500.0,500,196.65827
500.0,500,196.770667
500.0,500,196.881437
500.0,500,196.992354
500.0,500,197.286335
500.0,500,197.400341
500.0,500,197.513884
500.0,500,197.627943
500.0,500,197.949876
500.0,500,198.066682
500.0,500,198.179724
500.0,500,198.290732
500.0,500,198.579058
500.0,500,198.691704
500.0,500,198.813781
500.0,500,198.935422
500.0,500,199.237417
500.0,500,199.352918
500.0,500,199.466648
500.0,500,199.579718
500.0,500,199.867756
500.0,500,199.986291
500.0,500,200.10111
500.0,500,200.212165
500.0,500,200.506227
500.0,500,200.622868
500.0,500,200.743575
500.0,500,200.856615
500.0,500,201.145557
500.0,500,201.263502
500.0,500,201.376292
500.0,500,201.489235
500.0,500,201.782302
500.0,500,201.899601
500.0,500,202.016551
500.0,500,202.134845
500.0,500,202.45809
500.0,500,202.569614
500.0,500,202.682423
500.0,500,202.793696
500.0,500,203.084918
500.0,500,203.196503
500.0,500,203.307682
500.0,500,203.419144
500.0,500,203.71359
500.0,500,203.826103
500.0,500,203.940125
500.0,500,204.052551
500.0,500,204.351852
500.0,500,204.476721
500.0,500,204.599038
500.0,500,204.714354
500.0,500,205.004587
500.0,500,205.118378
500.0,500,205.229951
500.0,500,205.342899
500.0,500,205.630125
500.0,500,205.742324
500.0,500,205.853596
500.0,500,205.965417
500.0,500,206.251659
500.0,500,206.365336
500.0,500,206.481642
500.0,500,206.603344
500.0,500,206.919128
500.0,500,207.042696
500.0,500,207.165722
500.0,500,207.282632
500.0,500,207.575747
500.0,500,207.695405
500.0,500,207.816162
500.0,500,207.938054
500.0,500,208.24219
500.0,500,208.353758
500.0,500,208.465834
500.0,500,208.577086
500.0,500,208.863715
500.0,500,208.976738
500.0,500,209.088182
500.0,500,209.200133
500.0,500,209.46289
500.0,500,209.576444
500.0,500,209.693806
500.0,500,209.821887
500.0,500,210.141527
500.0,500,210.273135
500.0,500,210.625776
500.0,500,210.760606
500.0,500,211.089038
500.0,500,211.239886
500.0,500,211.358588
500.0,500,211.479582
500.0,500,211.798291
500.0,500,211.93214
500.0,500,212.074361
500.0,500,212.217835
500.0,500,212.564616
500.0,500,212.700684
500.0,500,212.840001
500.0,500,212.976987
500.0,500,213.303149
500.0,500,213.425313
500.0,500,213.542807
500.0,500,213.660982
500.0,500,213.955874
500.0,500,214.07117
500.0,500,214.184127
500.0,500,214.298115
500.0,500,214.584733
500.0,500,214.696524
500.0,500,214.808408
500.0,500,214.922237
500.0,500,215.208224
500.0,500,215.319188
500.0,500,215.4331
500.0,500,215.545324
500.0,500,215.827866
500.0,500,215.94021
500.0,500,216.049702
500.0,500,216.162017
500.0,500,216.447062
500.0,500,216.559835
500.0,500,216.66916
500.0,500,216.781547
500.0,500,217.067446
500.0,500,217.180314
500.0,500,217.292368
500.0,500,217.403799
500.0,500,217.690433
500.0,500,217.802324
500.0,500,217.919853
500.0,500,218.033712
500.0,500,218.320403
500.0,500,218.433674
500.0,500,218.548806
500.0,500,218.658716
500.0,500,218.944879
500.0,500,219.058943
499.0,499,219.168933
500.0,500,219.281042
500.0,500,219.565799
500.0,500,219.708161
500.0,500,219.818854
500.0,500,219.932689
500.0,500,220.216526
500.0,500,220.331042
500.0,500,220.443099
500.0,500,220.555176
500.0,500,220.841064
500.0,500,220.952496
500.0,500,221.065983
500.0,500,221.179529
500.0,500,221.464368
500.0,500,221.578481
500.0,500,221.68945
500.0,500,221.801836
500.0,500,222.083415
500.0,500,222.199106
500.0,500,222.310502
500.0,500,222.423896
500.0,500,222.70766
500.0,500,222.81925
500.0,500,222.935883
500.0,500,223.046752
500.0,500,223.330365
500.0,500,223.443302
500.0,500,223.556605
500.0,500,223.667913
500.0,500,223.950652
500.0,500,224.063773
500.0,500,224.175676
500.0,500,224.287042
500.0,500,224.548708
500.0,500,224.660824
500.0,500,224.770741
500.0,500,224.880838
500.0,500,225.164968
500.0,500,225.274298
87.0,87,225.293873
500.0,500,225.405494
500.0,500,225.517962
500.0,500,225.796969
500.0,500,225.908241
500.0,500,226.019661
500.0,500,226.128496
500.0,500,226.411975
500.0,500,226.523343
500.0,500,226.636041
500.0,500,226.748651
500.0,500,227.033517
500.0,500,227.145345
500.0,500,227.25734
500.0,500,227.3692
454.0,454,227.627726
500.0,500,227.740594
500.0,500,227.854936
500.0,500,227.96892
466.0,466,228.218883
500.0,500,228.330178
500.0,500,228.442227
464.0,464,228.547394
500.0,500,228.833069
500.0,500,228.945132
500.0,500,229.057519
500.0,500,229.17035
500.0,500,229.457218
500.0,500,229.600814
500.0,500,229.714444
500.0,500,229.826138
500.0,500,230.110055
500.0,500,230.223589
500.0,500,230.336618
500.0,500,230.449115
500.0,500,230.737378
500.0,500,230.851929
500.0,500,230.965696
500.0,500,231.077692
500.0,500,231.361685
500.0,500,231.475268
500.0,500,231.587416
500.0,500,231.699263
500.0,500,231.965083
500.0,500,232.078131
500.0,500,232.191248
500.0,500,232.304645
500.0,500,232.5908
500.0,500,232.70603
432.0,432,232.803906
409.0,409,232.899777
500.0,500,233.179103
500.0,500,233.292647
385.0,385,233.381213
437.0,437,233.479556
500.0,500,233.592264
500.0,500,233.872201
500.0,500,233.98395
500.0,500,234.096434
400.0,400,234.186179
500.0,500,234.468085
439.0,439,234.568136
500.0,500,234.682262
500.0,500,234.793518
500.0,500,235.077134
500.0,500,235.188585
500.0,500,235.301355
500.0,500,235.413158
500.0,500,235.69887
500.0,500,235.810871
418.0,418,235.902668
500.0,500,236.013988
500.0,500,236.299678
500.0,500,236.416898
500.0,500,236.532787
500.0,500,236.64825
500.0,500,236.939483
381.0,381,237.028233
500.0,500,237.139325
359.0,359,237.220168
500.0,500,237.332597
500.0,500,237.559831
500.0,500,237.671359
500.0,500,237.783087
500.0,500,237.89923
500.0,500,238.112809
500.0,500,238.232045
500.0,500,238.343796
500.0,500,238.457306
500.0,500,238.744932
500.0,500,238.858452
500.0,500,238.970474
500.0,500,239.082627
500.0,500,239.396509
500.0,500,239.510491
500.0,500,239.622838
500.0,500,239.735884
500.0,500,240.019629
500.0,500,240.130912
500.0,500,240.242409
500.0,500,240.355397
500.0,500,240.621113
500.0,500,240.732385
500.0,500,240.844258
500.0,500,240.957224
500.0,500,241.238659
500.0,500,241.351457
500.0,500,241.463615
500.0,500,241.577814
500.0,500,241.868728
500.0,500,241.981896
500.0,500,242.09437
500.0,500,242.207485
500.0,500,242.490503
500.0,500,242.603781
500.0,500,242.716272
500.0,500,242.82735
500.0,500,243.11312
500.0,500,243.225176
500.0,500,243.336426
500.0,500,243.449468
500.0,500,243.734737
500.0,500,243.845859
500.0,500,243.958052
500.0,500,244.070827
500.0,500,244.353646
500.0,500,244.466889
500.0,500,244.580675
500.0,500,244.693648
500.0,500,244.979999
500.0,500,245.095485
500.0,500,245.208815
500.0,500,245.321404
500.0,500,245.606286
500.0,500,245.718708
500.0,500,245.832844
500.0,500,245.950254
500.0,500,246.232247
500.0,500,246.363527
500.0,500,246.478213
500.0,500,246.593135
500.0,500,246.876726
500.0,500,246.989602
500.0,500,247.103065
500.0,500,247.216279
500.0,500,247.504184
500.0,500,247.6174
500.0,500,247.729892
500.0,500,247.843846
500.0,500,248.134885
500.0,500,248.247097
500.0,500,248.360029
500.0,500,248.472893
500.0,500,248.708971
500.0,500,248.820019
500.0,500,248.931678
500.0,500,249.045084
500.0,500,249.350149
500.0,500,249.465044
500.0,500,249.578055
500.0,500,249.690391
500.0,500,249.973757
500.0,500,250.087197
500.0,500,250.198865
500.0,500,250.312061
500.0,500,250.596817
500.0,500,250.708881
500.0,500,250.820143
500.0,500,250.932134
500.0,500,251.21935
500.0,500,251.332783
500.0,500,251.444832
500.0,500,251.557005
500.0,500,251.842753
500.0,500,251.954143
500.0,500,252.066419
500.0,500,252.177817
500.0,500,252.462291
500.0,500,252.576016
500.0,500,252.689696
500.0,500,252.802254
500.0,500,253.08978
500.0,500,253.202766
500.0,500,253.313647
500.0,500,253.426989
500.0,500,253.713391
500.0,500,253.827656
500.0,500,253.940932
500.0,500,254.055058
500.0,500,254.343025
500.0,500,254.457999
500.0,500,254.57452
500.0,500,254.686589
500.0,500,254.969652
500.0,500,255.082124
500.0,500,255.192432
500.0,500,255.303939
500.0,500,255.588045
500.0,500,255.700835
500.0,500,255.812731
500.0,500,255.924399
500.0,500,256.2072
500.0,500,256.319149
500.0,500,256.43223
500.0,500,256.545321
500.0,500,256.830351
500.0,500,256.942586
500.0,500,257.054206
500.0,500,257.166167
500.0,500,257.450695
500.0,500,257.564771
500.0,500,257.679176
500.0,500,257.792277
500.0,500,258.082234
500.0,500,258.192974
500.0,500,258.30502
500.0,500,258.417675
500.0,500,258.703631
500.0,500,258.817296
500.0,500,258.929033
279.0,279,258.990407
500.0,500,259.287507
500.0,500,259.427074
500.0,500,259.543854
500.0,500,259.658635
500.0,500,259.940987
500.0,500,260.056092
500.0,500,260.169109
500.0,500,260.282094
500.0,500,260.568394
500.0,500,260.681783
500.0,500,260.794755
500.0,500,260.90695
500.0,500,261.180368
500.0,500,261.29347
500.0,500,261.405219
500.0,500,261.518039
500.0,500,261.806531
500.0,500,261.920219
500.0,500,262.033187
500.0,500,262.146062
500.0,500,262.426501
500.0,500,262.54215
500.0,500,262.655497
500.0,500,262.767044
500.0,500,263.052105
500.0,500,263.165644
500.0,500,263.276508
500.0,500,263.388345
500.0,500,263.674278
287.0,287,263.740226
500.0,500,263.854188
500.0,500,263.981425
500.0,500,264.269028
500.0,500,264.387831
500.0,500,264.506351
500.0,500,264.625034
500.0,500,264.911123
500.0,500,265.026189
500.0,500,265.140803
500.0,500,265.252478
500.0,500,265.534991
500.0,500,265.649886
500.0,500,265.761017
306.0,306,265.829209
500.0,500,265.94001
500.0,500,266.223179
500.0,500,266.336258
500.0,500,266.454321
500.0,500,266.571593
337.0,337,266.828415
500.0,500,266.94379
500.0,500,267.05933
342.0,342,267.136821
500.0,500,267.408409
500.0,500,267.524029
500.0,500,267.639362
500.0,500,267.751784
500.0,500,268.037174
500.0,500,268.184295
500.0,500,268.301213
500.0,500,268.414683
500.0,500,268.688126
500.0,500,268.803018
500.0,500,268.917126
500.0,500,269.030158
500.0,500,269.297805
500.0,500,269.410624
500.0,500,269.520925
500.0,500,269.635707
500.0,500,269.919282
500.0,500,270.032553
457.0,457,270.1361
500.0,500,270.247334
432.0,432,270.343281
500.0,500,270.629258
500.0,500,270.743398
500.0,500,270.854953
500.0,500,270.968531
500.0,500,271.243442
500.0,500,271.356347
500.0,500,271.467317
500.0,500,271.583549
500.0,500,271.86645
500.0,500,271.97861
500.0,500,272.089811
500.0,500,272.203619
500.0,500,272.486224
500.0,500,272.610425
500.0,500,272.735033
500.0,500,272.857072
451.0,451,273.149566
461.0,461,273.254548
326.0,326,273.329604
451.0,451,273.431351
411.0,411,273.6811
392.0,392,273.771627
344.0,344,273.849007
347.0,347,273.928927
384.0,384,274.014114
350.0,350,274.092626
424.0,424,274.360708
296.0,296,274.428654
381.0,381,274.514211
325.0,325,274.589582
384.0,384,274.677394
318.0,318,274.747886
383.0,383,274.955725
367.0,367,275.039161
342.0,342,275.116614
341.0,341,275.193656
385.0,385,275.281194
368.0,368,275.500581
320.0,320,275.574013
367.0,367,275.656152
344.0,344,275.733188
37.0,37,275.741048
329.0,329,275.813378
330.0,330,275.888109
