#{"t_start": 1789067885.7444391, "env_id": "Pendulum-v1"}
r,l,t
-1302.902353,200,0.364898
-1508.572936,200,1.035627
-1579.182703,200,1.700816
-1591.225022,200,2.367194
-1546.313741,200,3.027428
-1428.553465,200,3.688019
-1176.534669,200,4.349949
-1350.195535,200,5.011076
-1494.060323,200,5.672182
-1431.122725,200,6.336849
-1432.187607,200,7.151611
-1511.108164,200,8.062071
-1411.063431,200,8.728303
-1013.019112,200,9.395484
-1193.223077,200,10.060406
-1120.599755,200,10.724313
-1068.706442,200,11.558672
-956.900228,200,12.230171
-817.956561,200,12.895736
-970.353463,200,13.580887
-970.696496,200,14.538773
-788.374321,200,15.202796
-658.098958,200,15.865703
-523.354793,200,16.611015
-652.146773,200,17.413601
-532.140121,200,18.077781
-511.980175,200,18.739949
-268.522354,200,19.407626
-392.29599,200,20.213022
-398.433208,200,20.980392
-396.580298,200,21.767642
-405.173513,200,22.435497
-755.807259,200,23.13663
-264.332658,200,23.941432
-3.874992,200,24.605572
-4.204951,200,25.268846
-130.634658,200,25.931688
-259.029263,200,26.753915
-330.415596,200,27.493357
-127.03682,200,28.1541
-236.998719,200,28.931842
-237.544881,200,29.597244
-352.000642,200,30.257481
-340.697245,200,30.917444
-239.161347,200,31.576131
-335.486164,200,32.235188
-124.39367,200,32.894719
-129.422635,200,33.554116
-4.166204,200,34.213592
-245.615976,200,34.873902
-131.429055,200,35.643481
-130.458332,200,36.306894
-234.70756,200,36.967012
-232.65498,200,37.626291
-130.074436,200,38.285966
-233.890595,200,38.945718
-2.24327,200,39.604343
-232.370064,200,40.263069
-123.483334,200,40.921824
-353.873999,200,41.580991
-231.812524,200,42.34938
-128.568638,200,43.013368
-1.507421,200,43.672429
-117.03078,200,44.332642
-119.602335,200,44.992842
-359.320798,200,45.652535
-312.519324,200,46.310774
-231.321465,200,46.970339
-126.508087,200,47.629623
-2.016179,200,48.288712
-229.868166,200,49.063948
-227.309404,200,49.729665
-115.776617,200,50.389188
-1.897509,200,51.04981
-250.18344,200,51.709298
-284.259522,200,52.369242
-125.473787,200,53.027828
-125.969617,200,53.687087
-1.557618,200,54.346116
-124.700188,200,55.005805
-240.12822,200,55.775893
-122.144976,200,56.439386
-126.387991,200,57.100033
-123.968227,200,57.760067
-323.695233,200,58.419889
-118.997414,200,59.079676
-122.721985,200,59.739049
-292.780319,200,60.39825
-1.831125,200,61.057547
-2.106212,200,61.717846
-122.455229,200,62.488062
-230.719217,200,63.152172
-245.668882,200,63.812787
-304.192275,200,64.472703
-117.271065,200,65.132909
-233.837357,200,65.791884
-124.571634,200,66.450773
-242.64683,200,67.110154
-247.022708,200,67.769378
-120.801657,200,68.427604
-238.77746,200,69.197662
-2.294088,200,69.8621
-117.352429,200,70.522104
-122.698547,200,71.185345
-131.530148,200,71.884079
-249.550905,200,72.789513
-127.380097,200,73.463723
-120.917852,200,74.132677
-226.946556,200,74.816263
-116.442168,200,75.675461
-4.45038,200,76.460659
-223.733853,200,77.132075
-332.431873,200,77.800163
-131.390058,200,78.605707
-116.916209,200,79.365357
-117.625226,200,80.031408
-225.742827,200,80.699699
-246.041142,200,81.363957
-2.167373,200,82.028531
-2.405795,200,82.693225
-127.53168,200,83.471581
-127.919648,200,84.18365
-124.423937,200,84.985511
-131.425062,200,85.6525
-118.609022,200,86.321273
-115.463757,200,86.989153
-117.751137,200,87.688727
-120.625439,200,88.55553
-124.336207,200,89.221988
-229.794504,200,89.887026
-122.79435,200,90.669911
-123.119349,200,91.513578
-123.841452,200,92.179429
-120.971754,200,92.845538
-128.569158,200,93.511108
-232.278341,200,94.175181
-116.153598,200,94.839807
-126.239787,200,95.50307
-238.438126,200,96.166554
-117.674309,200,96.830046
-121.213425,200,97.607231
-125.42936,200,98.275802
-228.307228,200,98.93969
-2.009437,200,99.604631
-124.5013,200,100.268209
-230.189657,200,100.931617
-126.886824,200,101.594812
-1.785919,200,102.257934
-114.314183,200,102.921644
-115.834247,200,103.584856
-126.262072,200,104.360368
-123.411541,200,105.029185
-226.474873,200,105.693056
-0.953143,200,106.355914
-1.180418,200,107.018825
-1.162877,200,107.691783
-3.010869,200,108.585489
-0.697954,200,109.253561
-122.309031,200,109.918853
-114.485094,200,110.583424
-119.184456,200,111.358149
-124.871539,200,112.027947
-238.901043,200,112.692239
-237.609359,200,113.354944
-123.875887,200,114.019215
-125.533222,200,114.798547
-118.653547,200,115.527015
-235.52843,200,116.192424
-240.652739,200,116.856262
-237.566248,200,117.520954
-126.370826,200,118.295688
-238.968779,200,118.963387
-125.579548,200,119.628482
-131.281062,200,120.293478
-120.551212,200,120.958833
-129.928166,200,121.729291
-122.009735,200,122.521274
-122.533309,200,123.187163
-121.335989,200,123.85124
-1.659922,200,124.516531
-238.357442,200,125.293315
-116.793031,200,125.963617
-126.045388,200,126.629997
-119.284104,200,127.294782
-240.871897,200,127.961435
-125.386732,200,128.76796
-115.330225,200,129.506236
-115.010167,200,130.171819
-120.523646,200,130.836054
-126.284766,200,131.499011
-120.694323,200,132.275383
-341.84207,200,132.945326
-315.497347,200,133.609553
-116.898394,200,134.273918
-3.795395,200,134.938402
-129.359925,200,135.82782
-237.054667,200,136.53597
-238.03975,200,137.200488
-1.280169,200,137.863842
-336.886388,200,138.529762
-121.420203,200,139.306492
-126.267226,200,139.976149
-129.205494,200,140.641751
-2.354879,200,141.30672
-234.709841,200,141.974309
-123.24775,200,142.775231
-244.835465,200,143.54111
-233.357194,200,144.206466
-132.161583,200,144.87821
-122.34519,200,145.542388
-117.178538,200,146.327999
-256.659285,200,146.997713
-129.906493,200,147.660051
-120.710587,200,148.325619
-125.982388,200,148.994962
-250.054903,200,149.656909
-128.58426,200,150.318223
-120.700696,200,150.979901
-118.191178,200,151.64097
-124.529145,200,152.309414
-247.190326,200,153.082421
-227.145627,200,153.748536
-127.625366,200,154.410927
-4.96101,200,155.072614
-124.465592,200,155.735113
-339.957508,200,156.396136
-7.987145,200,157.05769
-126.42246,200,157.719507
-122.919375,200,158.38018
-120.071941,200,159.04146
-131.003634,200,159.813163
-130.053947,200,160.479246
-4.418512,200,161.141375
-130.464228,200,161.80296
-129.221086,200,162.464136
-228.41161,200,163.126669
-225.957993,200,163.788198
-125.038004,200,164.450437
-128.882894,200,165.112722
-6.783731,200,165.779544
-234.820753,200,166.551839
-238.417122,200,167.220153
-241.150578,200,167.883027
-5.970757,200,168.544685
-313.055368,200,169.206821
-260.758134,200,169.868767
-249.708428,200,170.531467
-121.251394,200,171.192721
-242.59511,200,171.853984
-126.438273,200,172.514475
-126.164489,200,173.29208
-233.672795,200,173.958891
-130.503209,200,174.621653
-231.007559,200,175.283644
-231.699736,200,175.944777
-235.39364,200,176.605675
-247.447331,200,177.266426
-232.920945,200,177.927315
-132.913476,200,178.587635
-128.814551,200,179.248355
-120.578839,200,180.020306
-249.194359,200,180.686395
-5.103511,200,181.348641
-120.708039,200,182.009647
-0.810823,200,182.670992
-127.835814,200,183.332032
-118.152022,200,183.992618
-132.286918,200,184.653923
-125.885045,200,185.31546
-115.877876,200,185.976407
-122.002516,200,186.747582
-244.319586,200,187.413023
-124.450772,200,188.074205
-130.94374,200,188.736865
-233.097501,200,189.397656
-243.372909,200,190.058654
-318.595188,200,190.718878
-123.54588,200,191.37937
-0.182258,200,192.040018
-117.987532,200,192.708591
-123.47978,200,193.488569
-252.751026,200,194.402088
-0.277122,200,195.07738
-236.278594,200,195.742913
-128.360257,200,196.411213
-129.580424,200,197.077507
-231.571556,200,197.744839
-127.271483,200,198.410783
-237.248988,200,199.075779
-123.947336,200,199.74098
-128.486767,200,200.673277
-115.097289,200,201.357503
-224.910578,200,202.023158
-234.249792,200,202.688186
-121.295129,200,203.353777
-230.681113,200,204.018756
-125.138586,200,204.689821
-121.038444,200,205.356025
-801.649358,200,206.019596
-122.277026,200,206.68201
-121.295611,200,207.458344
-240.483308,200,208.1281
-132.876587,200,208.791474
-117.387899,200,209.455249
-226.749639,200,210.120675
-239.54059,200,210.783843
-123.114374,200,211.445551
-252.15701,200,212.109301
-127.724939,200,212.772724
-131.581787,200,213.435338
-121.988837,200,214.209529
-250.112033,200,214.877421
-121.821495,200,215.542928
-240.421175,200,216.207059
-241.89802,200,216.871117
-131.248476,200,217.534503
-132.116482,200,218.198378
-128.880105,200,218.862838
-1.363062,200,219.527205
-1.816882,200,220.191805
-122.331227,200,220.967157
-129.396623,200,221.637343
-126.612937,200,222.300902
-120.333947,200,222.964137
-2.106782,200,223.628465
-128.89572,200,224.292333
-226.65679,200,224.95942
-231.876197,200,225.748879
-1.314713,200,226.528156
-126.501295,200,227.195175
-127.629137,200,227.972322
-226.441053,200,228.642329
-247.47344,200,229.307415
-2.060947,200,229.972425
-2.436798,200,230.638938
-114.671513,200,231.316222
-300.077956,200,232.146351
-119.293319,200,232.815026
-329.850706,200,233.480318
-128.717497,200,234.144128
-228.414396,200,234.920523
-126.208003,200,235.588789
-228.767244,200,236.252572
-128.012884,200,236.917595
-128.922653,200,237.582829
-324.786811,200,238.247116
-117.913308,200,238.912531
-226.653435,200,239.693895
-127.19025,200,240.485133
-120.18458,200,241.149826
-128.973028,200,241.925983
-225.724592,200,242.595028
-237.702282,200,243.260883
-127.327696,200,243.928316
-117.788049,200,244.592207
-115.888669,200,245.283755
-116.171667,200,246.153041
-117.109693,200,246.821864
-128.407867,200,247.488585
-234.699331,200,248.153488
-225.589501,200,248.928547
-120.873504,200,249.599775
-120.237002,200,250.263495
-121.689242,200,250.929982
-235.600427,200,251.594882
-5.812525,200,252.294295
-123.040514,200,253.103282
-120.734091,200,253.767679
-228.561136,200,254.430234
-128.584717,200,255.093191
-118.112871,200,255.864773
-127.425201,200,256.531189
-118.846064,200,257.19278
-131.031907,200,257.854439
-118.732422,200,258.515612
-120.932239,200,259.18203
-116.962208,200,259.851998
-117.278675,200,260.513064
-127.725546,200,261.174235
-118.438734,200,261.863863
-241.931578,200,262.65366
-127.593319,200,263.323766
-1.074604,200,263.986275
-127.511041,200,264.648277
-0.506676,200,265.30984
-115.201849,200,265.97259
-128.892207,200,266.637963
-119.932734,200,267.301893
-128.12098,200,267.962949
-117.097857,200,268.625748
-236.760967,200,269.398546
-119.831559,200,270.068518
-1.133259,200,270.73125
-121.559285,200,271.392103
-117.579286,200,272.05504
-120.151765,200,272.715632
-116.99301,200,273.376555
-228.975327,200,274.038103
-231.472322,200,274.699238
-126.168019,200,275.360125
-123.637125,200,276.284928
-1.972019,200,277.268151
-230.204293,200,277.9326
-226.035785,200,278.596014
-119.739276,200,279.259977
-116.438726,200,279.921835
-128.970602,200,280.583037
-2.496785,200,281.243855
-129.438801,200,281.905037
-1.630293,200,282.565514
-1.625345,200,283.338182
-118.0567,200,284.004074
-234.42021,200,285.012139
-228.245808,200,285.68824
-225.173916,200,286.353851
-118.561922,200,287.0165
-119.755061,200,287.679904
-234.205955,200,288.341513
-116.813167,200,289.004018
-234.389728,200,289.665988
-240.778368,200,290.43836
-119.958402,200,291.104795
-123.535161,200,291.766406
-1.075267,200,292.428934
-121.269677,200,293.128512
-2.546445,200,293.837296
-2.255738,200,294.501015
-238.767079,200,295.165143
-246.024664,200,295.83604
-224.426305,200,296.498152
-125.834085,200,297.276037
-228.76819,200,298.083329
-124.445327,200,298.784206
-238.871355,200,299.449955
-115.40837,200,300.115429
-0.654502,200,300.782732
-123.5823,200,301.446971
-126.419772,200,302.210187
-119.50265,200,303.100718
-0.684815,200,303.766452
-316.897199,200,304.546688
-1.884855,200,305.218652
-271.874243,200,305.885097
-228.298879,200,306.553235
-116.253787,200,307.219546
-118.725938,200,307.883352
-117.728717,200,308.546725
-224.995718,200,309.211165
-114.201503,200,309.874368
-122.000725,200,310.584828
-119.093948,200,311.434878
-2.967679,200,312.103049
-129.096197,200,312.768167
-117.854755,200,313.508774
-0.417031,200,314.220503
-115.043804,200,314.886177
-310.187251,200,315.552389
-226.693604,200,316.2176
-118.965363,200,316.957928
-332.58337,200,317.656502
-233.663451,200,318.434324
-124.715914,200,319.104764
-242.485055,200,319.770368
-0.759914,200,320.43547
-1.272672,200,321.10016
-115.403065,200,321.783777
-124.457855,200,322.545215
-128.380621,200,323.212915
-116.998279,200,323.879029
-115.849547,200,324.545321
-130.834298,200,325.325626
-129.31058,200,325.997521
-232.960339,200,326.661073
-119.855571,200,327.326211
-120.389456,200,327.993714
-119.302482,200,328.661264
-0.98717,200,329.420665
-1.709627,200,330.151227
-114.60553,200,330.81845
-228.247215,200,331.483628
-239.506712,200,332.260094
-4.177651,200,332.929711
-229.150014,200,333.595105
-126.194276,200,334.261171
-123.935462,200,334.927608
-233.558652,200,335.640401
-114.370584,200,336.421457
-225.82276,200,337.08666
-124.112364,200,337.752234
-120.621119,200,338.41732
-121.58087,200,339.195735
-121.161338,200,339.984691
-238.584924,200,340.678443
-282.269923,200,341.342863
-238.361983,200,342.242847
-120.60436,200,342.930649
-232.864406,200,343.690902
-116.580992,200,344.357352
-119.252966,200,345.029529
-122.378131,200,345.695995
-117.986125,200,346.478792
-123.382174,200,347.150952
-117.527527,200,347.819587
-236.370651,200,348.484874
-233.615687,200,349.151797
-126.758621,200,349.819303
-121.792392,200,350.48447
-121.794639,200,351.153999
-1.56276,200,351.964685
-119.920104,200,352.634592
-121.371526,200,353.411253
-123.865327,200,354.172637
-131.1298,200,354.865239
-232.359607,200,355.533412
-302.055003,200,356.200673
-4.116768,200,356.906916
-120.019138,200,357.643875
-116.587505,200,358.31128
-129.284132,200,358.976428
-230.571362,200,359.641339
-125.7576,200,360.420002
-122.357139,200,361.089981
-116.45757,200,361.968093
-230.369964,200,362.635884
-234.305355,200,363.302223
-115.48477,200,363.968083
-366.043607,200,364.633461
-120.273055,200,365.300149
-235.155877,200,366.044144
-224.068604,200,366.731314
-295.754543,200,367.507344
-284.637372,200,368.180491
-2.188782,200,368.846675
-229.411702,200,369.512437
-119.850369,200,370.178014
-0.839823,200,370.867536
-221.176025,200,371.705094
-325.01493,200,372.377438
-0.669022,200,373.04474
-224.188493,200,373.710842
-122.907732,200,374.485639
-297.138823,200,375.152212
-303.906,200,375.814669
-128.546002,200,376.47741
-122.634643,200,377.140291
-119.785666,200,377.802551
-236.882301,200,378.464301
-127.834123,200,379.127478
-241.65264,200,379.78961
-124.830818,200,380.452156
-240.842028,200,381.224882
-117.544151,200,381.891322
-128.322236,200,382.553336
-119.792085,200,383.25816
-124.597604,200,383.959501
-120.424763,200,384.623082
-126.510206,200,385.286253
-122.677794,200,385.948521
-226.752789,200,386.610451
-225.29918,200,387.27222
-119.621662,200,388.054153
-126.087411,200,388.724259
-124.107371,200,389.387197
-1.377233,200,390.049515
-120.657244,200,390.711208
-116.775587,200,391.373899
-312.611579,200,392.037941
-118.708619,200,392.699257
-114.678959,200,393.36329
-239.683714,200,394.025166
-117.220762,200,394.798047
-120.122892,200,395.468407
-121.998044,200,396.1773
-126.471664,200,396.858487
-312.320436,200,397.576498
-1.830328,200,398.24479
-120.590017,200,398.911407
-119.750578,200,399.577625
-115.62215,200,400.240905
-1.49441,200,400.903565
-3.100856,200,401.679102
-245.40404,200,402.345835
-231.576787,200,403.008796
-0.868161,200,403.671562
-113.941308,200,404.333651
-226.280238,200,404.997086
-124.648112,200,405.658849
-237.831364,200,406.320709
-228.272746,200,406.982119
-225.073214,200,407.643015
-122.480593,200,408.421921
-2.260956,200,409.09077
-115.893542,200,409.774245
-122.426198,200,410.436058
-129.300134,200,411.098087
-115.378159,200,411.759326
-125.722731,200,412.420375
-123.724241,200,413.0804
-120.353609,200,413.741486
-1.54897,200,414.401969
-120.103623,200,415.177253
-235.636428,200,415.84465
-120.477825,200,416.506563
-355.815449,200,417.168021
-232.695766,200,417.829291
-118.593099,200,418.49111
-221.144488,200,419.152698
-273.762844,200,419.814744
-127.448309,200,420.476158
-121.870762,200,421.136961
-225.026473,200,421.909488
-120.186721,200,422.586415
-351.734686,200,423.251947
-117.340499,200,423.916096
-125.769325,200,424.579426
-129.785513,200,425.24672
-2.384359,200,425.913054
-251.465995,200,426.720739
-119.022914,200,427.564362
-3.403927,200,428.228138
-118.660519,200,429.015503
-127.158858,200,429.695564
-126.565746,200,430.494837
-238.751405,200,431.187512
-2.303511,200,431.893461
-116.475032,200,432.561426
-123.077906,200,433.232118
-123.903032,200,433.901636
-229.789922,200,434.568431
-4.104989,200,435.234421
-223.013321,200,436.076314
-300.192999,200,436.767263
-232.765546,200,437.434185
-119.695908,200,438.099142
-119.407572,200,438.764104
-122.485888,200,439.427462
-236.141079,200,440.090178
-117.984889,200,440.754786
-252.710281,200,441.418717
-0.917667,200,442.083799
-364.226076,200,442.859934
-2.200656,200,443.565979
-0.439282,200,444.275876
-117.466516,200,444.947531
-123.767024,200,445.612143
-116.597654,200,446.276415
-119.973173,200,446.940765
-119.039244,200,447.605008
-117.315529,200,448.27055
-242.208116,200,448.935
-313.215363,200,449.710692
-119.285486,200,450.380638
-116.586415,200,451.046174
-120.411991,200,451.710936
-218.655788,200,452.374476
-121.263549,200,453.038061
-129.530467,200,453.715303
-124.209051,200,454.381056
-118.565103,200,455.045885
-223.84187,200,455.710689
-1.918663,200,456.486512
-131.944658,200,457.160568
-120.017359,200,457.825447
-235.539377,200,458.487763
-128.360929,200,459.153866
-307.350953,200,459.820005
-226.318034,200,460.485161
-126.984918,200,461.165151
-125.17174,200,461.833806
-122.249432,200,462.498529
-220.47908,200,463.303275
-127.459291,200,464.28158
-126.203701,200,464.95615
-233.452524,200,465.62359
-310.811442,200,466.29204
-232.871987,200,467.058486
-119.255473,200,467.775267
-3.280014,200,468.441343
-116.50595,200,469.107947
-117.853225,200,469.775235
-3.94537,200,470.553121
-118.46045,200,471.224382
-130.36918,200,471.889055
-230.968739,200,472.554918
-227.503296,200,473.218548
-2.859978,200,473.927727
-130.076325,200,474.72137
-227.261865,200,475.387408
-124.442759,200,476.053272
-2.281815,200,476.720109
-237.668822,200,477.497957
-1.98096,200,478.168824
-132.474595,200,478.832425
-123.40881,200,479.497465
-123.827323,200,480.163789
-112.821792,200,480.828916
-113.570328,200,481.492455
-2.284456,200,482.155538
-128.337636,200,482.818791
-118.986795,200,483.654525
-130.412924,200,484.440297
-120.155389,200,485.112276
-0.341468,200,485.77902
-119.026171,200,486.444053
-0.152389,200,487.109243
-228.457944,200,487.777399
-123.525329,200,488.442177
-125.814102,200,489.107075
-115.608615,200,489.771972
-229.320796,200,490.436403
-116.302709,200,491.213929
-118.136031,200,491.884012
-120.257271,200,492.548064
-239.411862,200,493.212539
-114.305928,200,493.876055
-223.029749,200,494.54094
-1.541577,200,495.20953
-237.651342,200,495.875112
-239.84458,200,496.539923
-119.465791,200,497.247434
-253.734611,200,498.035132
-1.29369,200,498.705433
-225.661844,200,499.369409
-115.997731,200,500.033839
-282.84867,200,500.697396
-219.706387,200,501.361316
-1.76359,200,502.02472
-119.107105,200,502.687994
-127.521713,200,503.351639
-119.77141,200,504.014055
-324.420505,200,504.7877
-235.079664,200,505.456567
-118.602634,200,506.118959
-117.264073,200,506.781904
-242.574219,200,507.44481
-116.313098,200,508.106838
-2.453315,200,508.769045
-218.801964,200,509.431181
-119.347264,200,510.092662
-114.603644,200,510.753336
-0.792742,200,511.530227
-128.467526,200,512.199046
-240.096885,200,512.864686
-118.832361,200,513.53095
-117.559837,200,514.196049
-127.719463,200,514.860384
-116.689024,200,515.720855
-124.976502,200,516.522881
-118.656065,200,517.191138
-124.41607,200,517.858291
-121.003195,200,518.643139
-118.899962,200,519.315628
-119.471539,200,519.983949
-217.539462,200,520.651104
-231.10285,200,521.316759
-236.427652,200,521.98288
-1.483756,200,522.647954
-123.592565,200,523.314208
-240.313081,200,523.987605
-118.251133,200,524.843037
-243.986475,200,525.622619
-226.546308,200,526.294018
-117.753699,200,526.960464
-128.682755,200,527.62333
-233.779662,200,528.286379
-232.678545,200,528.950429
-121.210214,200,529.615316
-122.295011,200,530.381261
-120.933343,200,531.081951
-115.400149,200,531.746353
-124.601732,200,532.525411
-356.22867,200,533.196894
-326.542487,200,533.899666
-1.35278,200,534.566115
-1.101461,200,535.231875
-119.720075,200,535.925879
-122.53329,200,536.690866
-124.744271,200,537.359096
-121.174818,200,538.024781
-122.27055,200,538.691495
-117.677456,200,539.468372
-126.912185,200,540.139537
-129.794208,200,540.805139
-1.457659,200,541.469784
-233.992454,200,542.134294
-127.608875,200,542.817438
-228.6157,200,543.655063
-125.700761,200,544.322128
-114.590638,200,544.987848
-303.572651,200,545.652964
-115.494948,200,546.430991
-119.731545,200,547.109943
-0.644762,200,547.775167
-330.157633,200,548.439947
-128.325558,200,549.105655
-227.671752,200,549.799928
-237.648779,200,550.598992
-129.702928,200,551.266234
-120.988229,200,551.931694
-115.772468,200,552.597885
-123.461175,200,553.375736
-126.405328,200,554.045893
-125.19742,200,554.711986
-229.269889,200,555.376923
-128.080644,200,556.044903
-115.943125,200,556.824258
-229.577556,200,557.50513
-0.882573,200,558.169985
-125.571788,200,558.835723
-117.909547,200,559.500881
-301.061314,200,560.288138
-246.669638,200,560.963217
-128.130549,200,561.629991
-230.240939,200,562.296326
-2.303269,200,562.963546
-0.957607,200,563.795432
-126.198328,200,564.497716
-226.768973,200,565.164725
-119.683145,200,565.830531
-124.472472,200,566.496372
-120.810483,200,567.275104
-118.745389,200,567.946457
-2.701333,200,568.612426
-122.500509,200,569.277916
-128.969532,200,569.943783
-117.024494,200,570.609818
-239.784195,200,571.331094
-132.780543,200,572.148551
-226.232011,200,572.815016
-222.148826,200,573.482069
-129.275081,200,574.261797
-118.144374,200,574.933244
-124.931352,200,575.599813
-223.187038,200,576.265634
-2.115032,200,576.932465
-0.985607,200,577.604635
-221.765565,200,578.442758
-220.356301,200,579.112336
-4.521982,200,579.779225
-118.868097,200,580.483503
-226.199515,200,581.260952
-124.63193,200,581.932539
-2.257791,200,582.598855
-221.966193,200,583.264857
-118.4266,200,583.930679
-236.996753,200,584.595574
-115.428089,200,585.323055
-116.574967,200,586.112615
-222.134178,200,586.77945
-240.024064,200,587.446103
-124.103972,200,588.223717
-116.526639,200,588.89264
-116.250944,200,589.5575
-122.13862,200,590.222973
-0.374887,200,590.888626
-223.318582,200,591.561127
-126.879698,200,592.393253
-236.53678,200,593.061089
-119.355264,200,593.726936
-116.932653,200,594.393818
-127.428006,200,595.170424
-123.126973,200,595.840675
-117.161778,200,596.505848
-120.136688,200,597.17023
-127.431799,200,597.834837
-228.617234,200,598.527593
-2.093402,200,599.340196
-127.478968,200,600.006842
-261.97685,200,600.672756
-0.964844,200,601.337239
-216.713787,200,602.113108
-128.524367,200,602.782703
-126.372047,200,603.445761
-114.803059,200,604.108792
-117.98555,200,604.773068
-113.346656,200,605.436403
-118.004912,200,606.097912
-221.682709,200,606.760039
-117.319473,200,607.421111
-238.299603,200,608.082787
-115.46957,200,608.855207
-0.677073,200,609.521323
-116.187084,200,610.183038
-125.62774,200,610.844309
-117.267316,200,611.505812
-234.025437,200,612.167513
-1.601091,200,612.828733
-308.726751,200,613.490726
-228.528112,200,614.196403
-116.966259,200,614.900907
-311.817072,200,615.673979
-223.265664,200,616.340331
-124.299988,200,617.002893
-219.16865,200,617.665172
-229.785206,200,618.327309
-121.17413,200,618.989677
-119.926216,200,619.651429
-129.95148,200,620.313674
-128.973124,200,620.975822
-125.590089,200,621.636981
-124.537199,200,622.409735
-118.377199,200,623.07897
-226.501668,200,623.741434
-228.330163,200,624.404544
-1.117091,200,625.067865
-117.158014,200,625.730418
-121.632064,200,626.392697
-223.58469,200,627.055163
-122.827634,200,627.716544
-221.880312,200,628.378415
-278.944534,200,629.15172
-115.405491,200,629.819748
-126.993809,200,630.482333
-113.540995,200,631.154285
-232.852343,200,631.825168
-0.766055,200,632.487901
-322.99678,200,633.15001
-121.364251,200,633.812249
-117.190935,200,634.474513
-221.901585,200,635.136741
-125.585821,200,635.910696
-123.040369,200,636.578302
-305.884429,200,637.240699
-228.489979,200,637.902711
-235.741884,200,638.564831
-117.400279,200,639.226532
-117.758497,200,639.888778
-241.618264,200,640.549999
-279.897811,200,641.21167
-123.970034,200,641.873678
-232.335176,200,642.64668
-1.314692,200,643.347589
-123.205648,200,644.010744
-222.474246,200,644.674121
-2.190189,200,645.36375
-124.054424,200,646.039259
-232.146269,200,647.024203
-127.218522,200,647.69624
-2.842107,200,648.362868
-296.712144,200,649.03008
-125.230656,200,649.808663
-121.674702,200,650.479443
-115.632273,200,651.148399
-126.629221,200,651.813594
-231.266696,200,652.479191
-124.871138,200,653.14481
-244.668395,200,653.81046
-241.317421,200,654.475475
-309.013977,200,655.141328
-224.244097,200,655.806806
-225.596955,200,656.584087
-1.418628,200,657.256123
-121.023186,200,657.92126
-223.017526,200,658.586855
-1.947553,200,659.252104
-126.671737,200,659.917687
-117.391447,200,660.583494
-223.972947,200,661.249436
-123.911359,200,661.915184
-236.255957,200,662.579533
-219.297115,200,663.39658
-117.212171,200,664.11032
-1.543588,200,664.778535
-116.577005,200,665.443994
-117.895045,200,666.112444
-123.862545,200,666.784046
-125.721054,200,667.453309
-123.827397,200,668.136377
-122.277239,200,668.802028
-230.397117,200,669.467246
-116.040344,200,670.246155
-229.474335,200,670.918481
-123.37805,200,671.606505
-0.224293,200,672.564488
-118.912908,200,673.232296
-1.760966,200,673.89938
-115.82059,200,674.565383
-125.986396,200,675.230096
-118.198635,200,675.894786
-222.5632,200,676.560139
-224.460928,200,677.335738
-302.086889,200,678.006808
-222.926871,200,678.671652
-0.49936,200,679.336861
-299.6262,200,680.001854
-320.819156,200,680.666405
-117.685471,200,681.33063
-303.041963,200,681.994819
-218.763239,200,682.659304
-121.010497,200,683.323885
-124.655549,200,684.099661
-116.597878,200,684.77642
-224.234609,200,685.441979
-131.756491,200,686.122628
-0.598492,200,686.788263
-125.134357,200,687.453827
-122.532643,200,688.188567
-0.426172,200,688.998148
-133.925021,200,689.666443
-9.97391,200,690.33608
-232.853282,200,691.119739
-125.906266,200,691.79052
-291.920342,200,692.457714
-222.257633,200,693.125143
-124.596041,200,693.794222
-7.578337,200,694.627583
-0.494006,200,695.298255
-2.310185,200,695.965817
-120.834386,200,696.636953
-114.472295,200,697.314527
-129.170233,200,698.204195
-0.851403,200,698.877164
-125.908039,200,699.543879
-354.313576,200,700.210194
-227.406012,200,700.876253
-1.588986,200,701.624426
-117.405413,200,702.329917
-127.279083,200,702.997971
-116.950835,200,703.664181
-129.492167,200,704.330142
-117.869646,200,705.107014
-118.39812,200,705.776847
-120.23521,200,706.439699
-125.968291,200,707.101537
-121.874431,200,707.764605
-120.792893,200,708.426899
-119.048268,200,709.089031
-118.614724,200,709.750889
-127.354955,200,710.413392
-117.88919,200,711.075473
-273.293431,200,711.849661
-119.779347,200,712.51797
-4.147295,200,713.217211
-124.682092,200,713.920945
-314.255274,200,714.583736
-122.270916,200,715.246279
-2.440682,200,715.909187
-124.521637,200,716.571448
-121.535437,200,717.232509
-114.650935,200,717.894691
-220.59933,200,718.669278
-2.290906,200,719.33735
-230.341298,200,720.000674
-119.279565,200,720.663034
-125.668233,200,721.324979
-123.755296,200,721.987221
-223.751008,200,722.649095
-0.989989,200,723.311046
-2.808929,200,723.972632
-118.795126,200,724.634579
-123.962771,200,725.407724
-122.918626,200,726.07379
-126.691593,200,726.735628
-113.537772,200,727.397532
-119.028414,200,728.059002
-117.696214,200,728.723165
-120.982906,200,729.389493
-127.592027,200,730.055076
-1.116958,200,730.719172
-0.679746,200,731.384202
-123.729067,200,732.374185
-221.631156,200,733.156316
-118.91414,200,733.823471
-116.933322,200,734.495537
-119.887153,200,735.162295
-129.283225,200,735.827083
-0.632168,200,736.492418
-120.723997,200,737.157013
-119.257115,200,737.865891
-221.950469,200,738.534285
-123.295412,200,739.310566
-118.231645,200,739.980355
-118.523203,200,740.646639
-119.564601,200,741.311491
-125.718711,200,741.975718
-119.72588,200,742.64095
-232.980229,200,743.30642
-1.675032,200,743.970152
-284.436877,200,744.636036
-120.178019,200,745.300835
-225.361024,200,746.075065
-1.613692,200,746.744511
-122.818636,200,747.410065
-234.579736,200,748.073639
-248.174999,200,748.73822
-226.627209,200,749.442938
-291.481296,200,750.1439
-115.045041,200,750.80845
-118.39946,200,751.473419
-117.725619,200,752.374829
-115.537498,200,753.201157
-257.441486,200,753.873656
-229.360132,200,754.64603
-118.532647,200,755.313706
-119.459506,200,755.979528
-128.911498,200,756.809533
-115.210352,200,757.495752
-122.580221,200,758.161845
-115.55299,200,758.827014
-115.68885,200,759.492932
-120.929422,200,760.269831
-237.589472,200,760.940813
-225.157593,200,761.60761
-119.607598,200,762.272392
-126.195397,200,762.939368
-229.0824,200,763.749113
-115.738731,200,764.433392
-228.412286,200,765.101109
-115.487804,200,765.767841
-267.555665,200,766.432908
-123.515456,200,767.213237
-0.843151,200,767.884384
-229.490288,200,768.549105
-220.030619,200,769.213266
-119.160498,200,769.879161
-5.613383,200,770.556802
-1.036446,200,771.387798
-124.313497,200,772.055655
-302.952102,200,772.721434
-118.406831,200,773.38817
-231.890611,200,774.163209
-116.715606,200,774.83459
-220.503114,200,775.501213
-0.992428,200,776.167915
-266.151836,200,776.833119
-0.761225,200,777.567093
-124.987207,200,778.333064
-127.867157,200,778.999603
-3.408932,200,779.665868
-128.136928,200,780.329823
-114.782459,200,781.109513
-121.665378,200,781.779808
-119.929676,200,782.44544
-229.14508,200,783.110501
-117.352934,200,783.775147
-121.550923,200,784.438901
-220.345924,200,785.126994
-113.745618,200,785.939464
-234.913466,200,786.607158
-116.861776,200,787.274348
-125.389621,200,788.058904
-122.375276,200,788.728632
-115.809131,200,789.393354
-117.1732,200,790.058951
-234.515093,200,790.724766
-242.611369,200,791.39878
-240.304324,200,792.173397
-120.465024,200,792.839749
-1.290697,200,793.505028
-115.629695,200,794.170169
-129.302396,200,794.947592
-1.920652,200,795.61867
-2.875054,200,796.284055
-124.811564,200,796.949294
-119.507357,200,797.61471
-231.878886,200,798.282083
-236.26249,200,799.102967
-121.894713,200,799.771481
-226.120384,200,800.436813
-229.93613,200,801.101628
-117.607467,200,801.875906
-1.618124,200,802.546337
-228.848845,200,803.21144
-228.158286,200,803.877657
-128.106008,200,804.542438
-222.865173,200,805.215829
-127.209924,200,806.039892
-125.775289,200,806.710044
-2.915791,200,807.376543
-4.489717,200,808.042117
-222.160552,200,808.817787
-229.518844,200,809.488037
-124.67627,200,810.154741
-120.356606,200,810.819975
-121.534367,200,811.485054
-233.064738,200,812.189711
-126.46141,200,812.979067
-119.307036,200,813.643792
-120.779611,200,814.309783
-120.302481,200,814.977551
-119.665892,200,815.754297
-119.72198,200,816.423357
-120.388067,200,817.0887
-295.519999,200,817.754522
-116.746555,200,818.4194
-239.579898,200,819.237431
-126.559753,200,819.923619
-225.709854,200,820.589717
-218.285076,200,821.256173
-1.467903,200,821.923023
-234.043445,200,822.73555
-297.113245,200,823.409653
-120.245335,200,824.074174
-3.023676,200,824.745293
-2.766605,200,825.410017
-234.064212,200,826.071916
-126.407974,200,826.73342
-238.65505,200,827.394122
-127.949686,200,828.054336
-122.450128,200,828.715259
-291.694226,200,829.487084
-120.55377,200,830.153669
-121.023911,200,830.815082
-122.945593,200,831.476542
-120.122099,200,832.137474
-121.185834,200,832.798285
-270.887615,200,833.45921
-1.468551,200,834.171359
-2.134083,200,834.877112
-220.288014,200,835.539284
-2.048201,200,836.312135
-124.615112,200,836.979874
-122.601505,200,837.641985
-230.889605,200,838.30267
-219.727737,200,838.964036
-303.499038,200,839.625612
-127.93788,200,840.287625
-223.204317,200,840.94859
-229.837039,200,841.608847
-126.049782,200,842.269803
-224.22813,200,843.040964
-117.190594,200,843.706745
-116.491128,200,844.368046
-118.687372,200,845.030454
-120.407705,200,845.692139
-117.799202,200,846.353135
-118.726148,200,847.013891
-121.690092,200,847.67504
-229.395378,200,848.336
-116.437671,200,848.997042
-122.903147,200,849.768693
-122.602698,200,850.434656
-116.479878,200,851.096476
-227.328316,200,851.757975
-230.713018,200,852.419857
-115.315023,200,853.081477
-129.150347,200,853.743183
-228.017172,200,854.404409
-235.381288,200,855.066336
-220.018378,200,855.728334
-120.593966,200,856.501088
-223.715186,200,857.167035
-316.136839,200,857.829103
-127.153275,200,858.489946
-117.698385,200,859.151253
-127.529022,200,859.812622
-118.246091,200,860.47375
-224.60689,200,861.134094
-121.685227,200,861.794443
-266.177028,200,862.46303
-2.737388,200,863.245687
-125.545366,200,864.07976
-122.590652,200,864.937318
-230.189231,200,865.60618
-124.756465,200,866.27476
-1.728889,200,866.94146
-122.371482,200,867.607977
-118.045824,200,868.417647
-115.389967,200,869.145157
-117.844922,200,869.813319
-126.034524,200,870.590559
-225.290001,200,871.37471
-120.233976,200,872.100307
-121.058564,200,872.768741
-315.533676,200,873.437058
-2.364007,200,874.161241
-221.562441,200,874.894153
-119.417671,200,875.560797
-121.448047,200,876.2263
-120.924438,200,876.893607
-115.375698,200,877.670008
-1.506126,200,878.34047
-228.560626,200,879.006691
-121.633027,200,879.672767
-120.475508,200,880.33935
-120.622612,200,881.05891
-127.200021,200,881.835989
-115.599279,200,882.502079
-122.217274,200,883.16859
-232.619214,200,883.836854
-231.149147,200,884.613569
-128.493736,200,885.285663
-296.751276,200,885.952117
-127.255193,200,886.617635
-282.640321,200,887.282702
-2.916213,200,887.959077
-119.939645,200,888.799219
-119.39615,200,889.466697
-132.877013,200,890.132488
-3.387008,200,890.799797
-226.842613,200,891.575725
-119.982865,200,892.244324
-2.427241,200,892.909725
-118.03193,200,893.573949
-221.376574,200,894.238931
-117.335676,200,895.035149
-1.926818,200,895.75099
-123.117194,200,896.417752
-125.472838,200,897.082893
-116.605235,200,897.748807
-121.555296,200,898.528234
-126.227011,200,899.199024
-122.195602,200,899.864877
-242.914131,200,900.52933
-230.885712,200,901.194639
-124.154649,200,901.968545
-125.626507,200,902.698445
-226.244098,200,903.365328
-230.579982,200,904.031388
-115.32082,200,904.700465
-115.172773,200,905.477886
-236.857978,200,906.148942
-129.766815,200,906.816015
-2.163413,200,907.481367
-117.760157,200,908.146521
-129.335451,200,908.811997
-227.146049,200,909.571346
-125.949392,200,910.334724
-119.948281,200,911.002815
-126.587736,200,911.669998
-3.708837,200,912.447349
-2.280331,200,913.119056
-228.952358,200,913.785873
-120.811712,200,914.451961
-120.496387,200,915.11847
-122.079901,200,915.785145
-1.991803,200,916.460844
-120.457591,200,917.290362
-220.396268,200,917.958872
-297.394041,200,918.625185
-119.669957,200,919.403563
-120.508266,200,920.075817
-219.394874,200,920.741853
-118.764302,200,921.407114
-126.044743,200,922.073264
-120.954132,200,922.850113
-227.682211,200,923.595156
-118.325839,200,924.259066
-226.211869,200,924.923922
-228.198833,200,925.587238
-128.510387,200,926.361563
-238.520889,200,927.0297
-3.651243,200,927.693219
-119.836185,200,928.355516
-119.069696,200,929.018362
-223.252858,200,929.680971
-128.502711,200,930.343193
-272.281477,200,931.005519
-243.269832,200,931.667221
-120.323162,200,932.329089
-119.257619,200,933.101898
-122.790158,200,933.769408
-127.859732,200,934.432481
-223.777571,200,935.09525
-121.296589,200,935.758542
-243.574056,200,936.420951
-119.862125,200,937.083853
-233.508095,200,937.745939
-127.042544,200,938.449158
-234.196869,200,939.153085
-115.393451,200,939.925216
-1.473753,200,940.592207
-228.243556,200,941.254465
-243.500461,200,941.916394
-221.244096,200,942.578259
-312.886096,200,943.239941
-240.488186,200,943.902122
-123.648114,200,944.564099
-120.049353,200,945.226612
-221.594823,200,945.888217
-2.457362,200,946.661933
-324.563005,200,947.329916
-120.692097,200,947.992068
-242.542566,200,948.652904
-118.910514,200,949.314324
-118.352186,200,949.976237
-128.943263,200,950.640435
-124.203743,200,951.306708
-118.244582,200,951.970292
-221.068148,200,952.635654
-115.740684,200,953.411191
-121.94427,200,954.08174
-116.078239,200,954.994189
-224.366166,200,955.749588
-116.256223,200,956.416071
-229.226266,200,957.082814
-224.189709,200,957.749018
-128.675664,200,958.41501
-227.449848,200,959.080045
-117.419095,200,959.744388
-118.957664,200,960.520686
-123.017534,200,961.191644
-0.291868,200,961.857024
-117.635507,200,962.521952
-118.792923,200,963.18737
-119.617349,200,963.853233
-114.900188,200,964.516909
-117.851845,200,965.188311
-113.758161,200,965.853536
-229.86892,200,966.517884
-306.010845,200,967.294087
-0.582039,200,967.962801
-124.144659,200,968.62682
-123.846038,200,969.29276
-115.406309,200,969.959397
-222.831669,200,970.62529
-116.986256,200,971.298863
-121.360227,200,972.00407
-221.658339,200,972.709479
-114.052657,200,973.38259
-300.52536,200,974.456839
-229.71079,200,975.130079
-223.721259,200,975.797284
-118.426682,200,976.464138
-234.06393,200,977.129772
-128.808657,200,977.838681
-222.004152,200,978.601261
-118.69755,200,979.268048
-241.891969,200,979.9339
-220.039355,200,980.602648
-235.922781,200,981.380836
-224.070917,200,982.053638
-123.395059,200,982.721249
-228.614143,200,983.386479
-118.703612,200,984.051747
-293.07625,200,984.720467
-126.115412,200,985.517716
-126.6868,200,986.219467
-124.395606,200,986.885564
-235.454266,200,987.551628
-120.914177,200,988.327982
-216.145985,200,988.998389
-120.984132,200,989.664891
-115.196658,200,990.330823
-115.700027,200,990.995908
-225.769899,200,991.662879
-115.958002,200,992.500621
-1.376993,200,993.169215
-119.013571,200,993.835188
-117.385364,200,994.501515
-123.328074,200,995.280748
-118.707511,200,995.95052
-226.516157,200,996.620926
-118.10363,200,997.286799
-236.413537,200,997.952583
-124.277129,200,998.717968
-116.661866,200,999.447236
-117.814375,200,1000.113235
-0.378614,200,1000.779675
-117.213243,200,1001.447097
-0.195697,200,1002.224673
-1.249755,200,1002.896718
-116.556925,200,1003.562074
-0.363464,200,1004.22729
-125.822953,200,1004.900518
-217.123455,200,1005.566115
-117.530583,200,1006.360688
-118.454157,200,1007.065147
-0.43475,200,1007.731481
-128.354798,200,1008.397366
-120.219268,200,1009.175403
-225.90683,200,1009.846988
-1.821304,200,1010.513641
-125.061238,200,1011.17882
-118.706907,200,1011.845029
-0.194097,200,1012.540103
-229.444985,200,1013.365094
-126.407518,200,1014.03347
-241.227567,200,1014.698939
-118.29073,200,1015.365066
-117.665045,200,1016.141689
-126.808563,200,1016.81212
-0.13731,200,1017.476358
-126.361305,200,1018.141475
-118.839337,200,1018.806953
-225.097628,200,1019.47166
-1.38795,200,1020.135925
-118.466933,200,1020.800165
-0.6316,200,1021.613625
-221.267842,200,1022.299653
-306.067252,200,1023.07612
-230.323019,200,1023.748205
-269.775622,200,1024.416029
-114.429634,200,1025.090558
-123.03426,200,1025.75624
-119.34242,200,1026.422387
-221.465571,200,1027.135248
-215.212633,200,1027.915298
-119.260987,200,1028.582543
-223.863512,200,1029.248763
-123.142267,200,1030.028607
-122.054128,200,1030.702734
-116.970732,200,1031.370103
-123.777179,200,1032.035466
-219.461717,200,1032.700763
-118.259925,200,1033.482844
-125.998907,200,1034.197236
-128.967665,200,1034.864445
-230.674474,200,1035.531792
-119.827724,200,1036.198361
-120.828685,200,1036.983364
-120.876514,200,1037.656255
-233.706086,200,1038.329529
-124.150369,200,1038.998543
-125.630082,200,1039.671013
-327.139547,200,1040.339089
-114.876114,200,1041.170053
-120.205856,200,1041.845927
-0.947028,200,1042.512511
-117.444316,200,1043.176537
-0.741973,200,1043.952045
-294.29536,200,1044.620572
-234.022351,200,1045.285761
-118.966384,200,1045.95025
-116.908888,200,1046.613684
-228.084186,200,1047.276873
-0.943847,200,1047.94011
-0.739797,200,1048.602856
-126.368566,200,1049.26529
-118.225161,200,1049.927104
-216.538699,200,1050.700344
-217.874749,200,1051.367302
-229.308886,200,1052.030132
-118.647077,200,1052.692635
-116.83201,200,1053.35485
-232.863319,200,1054.0178
-117.414218,200,1054.680245
-123.612085,200,1055.356045
-121.931241,200,1056.064015
-222.817411,200,1056.775002
-223.182077,200,1057.547798
-119.120031,200,1058.215066
-229.305504,200,1058.87761
-0.245123,200,1059.54043
-123.020465,200,1060.202472
-256.63366,200,1060.864302
-116.065901,200,1061.525508
-290.963819,200,1062.187625
-0.360203,200,1062.849573
-116.426745,200,1063.512225
-126.182558,200,1064.284786
-124.79033,200,1064.952306
-118.456954,200,1065.614595
-0.120279,200,1066.2767
-226.042247,200,1066.938482
-233.898715,200,1067.600693
-122.470927,200,1068.262178
-117.884524,200,1068.924682
-126.880648,200,1069.586577
-130.92201,200,1070.247481
-316.355474,200,1071.019937
-117.04504,200,1071.685782
-273.085547,200,1072.348685
-114.113249,200,1073.010671
-115.556821,200,1073.672122
-126.600783,200,1074.334075
-227.814057,200,1074.996722
-219.691718,200,1075.658914
-118.409834,200,1076.320551
-216.405978,200,1076.981566
-116.924651,200,1077.754369
-214.173741,200,1078.419184
-217.626422,200,1079.080317
-227.425533,200,1079.742277
-232.708995,200,1080.403678
-123.061418,200,1081.064827
-114.74699,200,1081.725261
-222.135454,200,1082.38656
-114.568093,200,1083.047828
-121.407431,200,1083.708251
-267.173645,200,1084.479785
-232.730201,200,1085.146694
-224.984504,200,1085.809501
-126.420481,200,1086.471862
-120.308196,200,1087.132442
-123.14899,200,1087.794479
-1.228343,200,1088.456113
-223.972917,200,1089.117757
-218.717076,200,1089.778881
-124.610053,200,1090.440625
-4.725659,200,1091.212735
-114.273804,200,1091.878192
-116.654743,200,1092.540258
-227.069957,200,1093.202436
-219.887665,200,1093.864238
-127.510796,200,1094.526367
-118.924624,200,1095.188019
-215.390912,200,1095.849115
-221.540724,200,1096.510642
-289.993555,200,1097.172553
-113.343873,200,1097.944202
-0.509278,200,1098.610499
-126.738393,200,1099.271777
-223.929691,200,1099.931922
-122.79596,200,1100.593232
-119.52976,200,1101.254348
-126.367904,200,1101.9151
-117.477062,200,1102.576639
-232.57137,200,1103.238411
-118.678283,200,1103.8998
-0.492764,200,1104.678008
-122.707632,200,1105.349577
-124.898215,200,1106.017986
-244.250996,200,1106.68463
-229.416217,200,1107.36414
-0.299031,200,1108.037879
-256.719715,200,1108.987901
-225.293287,200,1109.696733
-114.305703,200,1110.380565
-116.99834,200,1111.181706
-230.308673,200,1111.960435
-1.078018,200,1112.62972
-0.384305,200,1113.295609
-121.487611,200,1113.960541
-116.263187,200,1114.625316
-260.136776,200,1115.290291
-218.247937,200,1115.958027
-118.985354,200,1116.621935
-114.793743,200,1117.290375
-119.184544,200,1117.96254
-219.723612,200,1118.736608
-125.548321,200,1119.406023
-114.774713,200,1120.0702
-124.836255,200,1120.732976
-115.768354,200,1121.396149
-0.52458,200,1122.059736
-117.559299,200,1122.722599
-116.083804,200,1123.386446
-221.232045,200,1124.050481
-126.66517,200,1124.713531
-119.530322,200,1125.527599
-5.790315,200,1126.237219
-124.844096,200,1126.899154
-114.722449,200,1127.5621
-1.373572,200,1128.227851
-128.378417,200,1129.169974
-1.167209,200,1129.86406
-252.804822,200,1130.528925
-119.911566,200,1131.193647
-227.897327,200,1131.864647
-121.765584,200,1132.643187
-218.887674,200,1133.313582
-0.408858,200,1133.980158
-2.53248,200,1134.780665
-292.461747,200,1135.509122
-126.036222,200,1136.176896
-114.601657,200,1136.843077
-119.817567,200,1137.508941
-0.207396,200,1138.174923
-221.855238,200,1138.841091
-221.589747,200,1139.620827
-119.642347,200,1140.292383
-118.97646,200,1140.957499
-122.657502,200,1141.661238
-128.160622,200,1142.500115
-127.513066,200,1143.168488
-231.60266,200,1143.83452
-354.555328,200,1144.499873
-114.024559,200,1145.1719
-127.014149,200,1145.837535
-231.237135,200,1146.615258
-219.721229,200,1147.28529
-226.249606,200,1147.952711
-119.869499,200,1148.619006
-116.145415,200,1149.284593
-128.936089,200,1150.064744
-227.896774,200,1150.789919
-231.406166,200,1151.456657
-3.360553,200,1152.122573
-241.634743,200,1152.789675
-132.006868,200,1153.567076
-122.291593,200,1154.237234
-118.838835,200,1154.903375
-223.899195,200,1155.569893
-124.719408,200,1156.235287
-235.04023,200,1156.904568
-224.757091,200,1157.785223
-223.991901,200,1158.465471
-218.295535,200,1159.136547
-222.103311,200,1159.820765
-221.062574,200,1160.600152
-114.154011,200,1161.27074
-0.340564,200,1161.97158
-235.231988,200,1162.660311
-118.216829,200,1163.326416
-215.500502,200,1164.024298
-123.842416,200,1164.825363
-113.202832,200,1165.490306
-1.01347,200,1166.154562
-119.211131,200,1166.818319
-226.964225,200,1167.594569
-1.382085,200,1168.261262
-128.983243,200,1168.92411
-114.127022,200,1169.587625
-222.035026,200,1170.250248
-235.579516,200,1170.912045
-118.22507,200,1171.574279
-228.126039,200,1172.236029
-113.534785,200,1172.897268
-123.394106,200,1173.559106
-0.152695,200,1174.332493
-221.514674,200,1175.000159
-235.146843,200,1175.663755
-221.366082,200,1176.326935
-0.962985,200,1176.991533
-119.16295,200,1177.657642
-119.852372,200,1178.36245
-281.675832,200,1179.067652
-3.099723,200,1179.731758
-116.614736,200,1180.394614
-117.820199,200,1181.167194
-238.085802,200,1181.833884
-123.850052,200,1182.498053
-222.261811,200,1183.159752
-236.216037,200,1183.823401
-113.802921,200,1184.486756
-225.067013,200,1185.149224
-124.225395,200,1185.811427
-0.990944,200,1186.473823
-119.84384,200,1187.135971
-222.237163,200,1187.908758
-237.784728,200,1188.57516
-126.140506,200,1189.237445
-228.108411,200,1189.902129
-126.564095,200,1190.566929
-229.000237,200,1191.230462
-118.383606,200,1191.893138
-118.53701,200,1192.5559
-125.738292,200,1193.2188
-124.95744,200,1193.881905
-119.260808,200,1194.65655
-128.442738,200,1195.322966
-2.408462,200,1195.986244
-126.692407,200,1196.648543
-128.342842,200,1197.31105
-118.467799,200,1197.972906
-116.453529,200,1198.634446
-124.397857,200,1199.296764
-250.577509,200,1199.959027
-121.843971,200,1200.621245
-237.349613,200,1201.395068
-120.003269,200,1202.062099
-225.0221,200,1202.724591
-125.536635,200,1203.387057
-129.836838,200,1204.048262
-125.683149,200,1204.711911
-119.530617,200,1205.373953
-228.121395,200,1206.037455
-114.685417,200,1206.700179
-119.100652,200,1207.362359
-1.987492,200,1208.142474
-230.316137,200,1208.811944
-114.388775,200,1209.475602
-117.247449,200,1210.139237
-124.261554,200,1210.802719
-1.788645,200,1211.463993
-120.889186,200,1212.12541
-124.188284,200,1212.786999
-116.442284,200,1213.448047
-2.866438,200,1214.110301
-4.247728,200,1214.884236
-227.485202,200,1215.551031
-120.929071,200,1216.21388
-119.424086,200,1216.875735
-124.127833,200,1217.537737
-119.698828,200,1218.199929
-114.758837,200,1218.866295
-127.567112,200,1219.532154
-293.430326,200,1220.19965
-121.276257,200,1220.868392
-118.587894,200,1221.651236
-126.611055,200,1222.322421
-117.157447,200,1223.159182
-120.781868,200,1223.984124
-115.7248,200,1224.652269
-232.162723,200,1225.325082
-125.597814,200,1225.995743
-119.38398,200,1226.84119
-118.775429,200,1227.513378
-126.431734,200,1228.179867
-126.174753,200,1228.959866
-229.205416,200,1229.631372
-219.306151,200,1230.298093
-1.09588,200,1230.96327
-118.966178,200,1231.62858
-120.049545,200,1232.292776
-278.944418,200,1232.958135
-127.17331,200,1233.623256
-125.053826,200,1234.289638
-126.072135,200,1234.954753
-1.921041,200,1235.730944
-116.14941,200,1236.403252
-233.749734,200,1237.069766
-127.673383,200,1237.735636
-122.540563,200,1238.402771
-223.309073,200,1239.066987
-124.241474,200,1239.732676
-124.149943,200,1240.440289
-128.135634,200,1241.146872
-123.857503,200,1241.812159
-222.908344,200,1242.589348
-238.217575,200,1243.259166
-252.810401,200,1243.923558
-119.367661,200,1244.588738
-2.88187,200,1245.271351
-232.303226,200,1245.938934
-118.806448,200,1246.60369
-124.656195,200,1247.268119
-114.332234,200,1247.932148
-2.26544,200,1248.596225
-126.061501,200,1249.372038
-124.028931,200,1250.042279
-128.499317,200,1250.708029
-125.990164,200,1251.374836
-223.992171,200,1252.040699
-122.768587,200,1252.707058
-127.143117,200,1253.371776
-315.431756,200,1254.162578
-0.928944,200,1255.038659
-125.601785,200,1255.705583
-116.51392,200,1256.483585
-2.002045,200,1257.156964
-0.820739,200,1257.823231
-227.591766,200,1258.489229
-307.397979,200,1259.154845
-114.251058,200,1259.820479
-127.991351,200,1260.611313
-127.358959,200,1261.300292
-120.095912,200,1261.967634
-218.934776,200,1262.635323
-128.933241,200,1263.412862
-128.680708,200,1264.083857
-227.253914,200,1264.75747
-225.185401,200,1265.424933
-124.239456,200,1266.091307
-248.585536,200,1266.770113
-0.881341,200,1267.589574
-117.072238,200,1268.257895
-117.031516,200,1268.924578
-224.775065,200,1269.591856
-224.530125,200,1270.369065
-123.909933,200,1271.039869
-115.495584,200,1271.707354
-128.685081,200,1272.373782
-128.01776,200,1273.039891
-125.677392,200,1273.74081
-120.990188,200,1274.575298
-305.296126,200,1275.244099
-128.127937,200,1275.910327
-2.41507,200,1276.57749
-119.619388,200,1277.354972
-1.581714,200,1278.027981
-317.338958,200,1278.693542
-268.549747,200,1279.358908
-3.624666,200,1280.023494
-119.409988,200,1280.688022
-1.055263,200,1281.353746
-126.806943,200,1282.15501
-117.785139,200,1282.883084
-124.435413,200,1283.549441
-119.779009,200,1284.327096
-122.267287,200,1285.006493
-120.063321,200,1285.670646
-126.462729,200,1286.332497
-114.827305,200,1286.994025
-118.933159,200,1287.656126
-120.076512,200,1288.317653
-1.491465,200,1288.979592
-235.619271,200,1289.64082
-1.356561,200,1290.302467
-124.943103,200,1291.074505
-117.244228,200,1291.740475
-120.180574,200,1292.40247
-127.805691,200,1293.063913
-118.056752,200,1293.725897
-224.849713,200,1294.392768
-228.496671,200,1295.054722
-217.398676,200,1295.760566
-216.187254,200,1296.46617
-123.644593,200,1297.128481
-125.127276,200,1297.902037
-129.290862,200,1298.568076
-121.125644,200,1299.229823
-116.745541,200,1299.891562
-125.306184,200,1300.553301
-117.627321,200,1301.215111
-127.969836,200,1301.876438
-232.543162,200,1302.538178
-2.247907,200,1303.200183
-126.106645,200,1303.861801
-117.42708,200,1304.633633
-0.84822,200,1305.300827
-118.407106,200,1305.963048
-227.368629,200,1306.625122
-220.854229,200,1307.28669
-124.11664,200,1307.948566
-116.878321,200,1308.609886
-123.268311,200,1309.271298
-1.660435,200,1309.932788
-118.021018,200,1310.594571
-119.362368,200,1311.366677
-120.95219,200,1312.032609
-317.054862,200,1312.694328
-230.170446,200,1313.356266
-117.662187,200,1314.018154
-227.779928,200,1314.680043
-116.223735,200,1315.341547
-117.273162,200,1316.003463
-296.168648,200,1316.665429
-119.935771,200,1317.326518
-118.075679,200,1318.098167
-224.602115,200,1318.763227
-119.393314,200,1319.426001
-120.322056,200,1320.087685
-116.102721,200,1320.749809
-117.75419,200,1321.411422
-1.675455,200,1322.074166
-310.670934,200,1322.73561
-119.869626,200,1323.396941
-233.339704,200,1324.058259
-5.084836,200,1324.830655
-126.918887,200,1325.498844
-117.732397,200,1326.161128
-218.850106,200,1326.822794
-125.406722,200,1327.484031
-119.130205,200,1328.145469
-226.859082,200,1328.80727
-125.842521,200,1329.468805
-0.880069,200,1330.129975
-2.553254,200,1330.791141
-229.268178,200,1331.562865
-222.152164,200,1332.228477
-117.065374,200,1332.8903
-118.376871,200,1333.551674
-121.134921,200,1334.213449
-1.429889,200,1334.875286
-113.648508,200,1335.536768
-125.111442,200,1336.197436
-116.298619,200,1336.859101
-218.428593,200,1337.520363
-124.271521,200,1338.29259
-126.362839,200,1338.957758
-123.874358,200,1339.62589
-118.698153,200,1340.290278
-229.673541,200,1340.952373
-2.998042,200,1341.612917
-304.564315,200,1342.273654
-309.050547,200,1342.93483
-123.319043,200,1343.603176
-126.704119,200,1344.272551
-1.421959,200,1345.043573
-117.185472,200,1345.712206
-117.186381,200,1346.379867
-303.613664,200,1347.324874
-116.484231,200,1348.033586
-282.192671,200,1348.701119
-2.704336,200,1349.368798
-330.935398,200,1350.051638
-2.179192,200,1350.897027
-122.277592,200,1351.565584
-128.535741,200,1352.345079
-119.442063,200,1353.016914
-232.335494,200,1353.684658
-119.50782,200,1354.350904
-120.326948,200,1355.017504
-227.09478,200,1355.684173
-127.535291,200,1356.358509
-1.469001,200,1357.025832
-122.617154,200,1357.692347
-226.835803,200,1358.358327
-280.98821,200,1359.134216
-121.528228,200,1359.805492
-130.26288,200,1360.47313
-122.150116,200,1361.137621
-115.091364,200,1361.802863
-120.029625,200,1362.467918
-116.974044,200,1363.132818
-124.63057,200,1363.84113
-125.836109,200,1364.548827
-0.872605,200,1365.219641
-127.124804,200,1365.996821
-125.858388,200,1366.667333
-121.213574,200,1367.334577
-225.943919,200,1368.000847
-123.36401,200,1368.665088
-225.031255,200,1369.330775
-229.827646,200,1369.99745
-123.474352,200,1370.683657
-121.139834,200,1371.658973
-1.970742,200,1372.32768
-1.833805,200,1373.105111
-2.882977,200,1373.856694
-120.184528,200,1374.680431
-224.298755,200,1375.349317
-221.385885,200,1376.016292
-124.728742,200,1376.769605
-1.076568,200,1377.480475
-220.543426,200,1378.147405
-234.471139,200,1378.81416
-227.23062,200,1379.481884
-122.209972,200,1380.265375
-240.712283,200,1380.938003
-225.840053,200,1381.606406
-124.518557,200,1382.279124
-127.83414,200,1382.947145
-124.950196,200,1383.612646
-124.466223,200,1384.279017
-115.825015,200,1384.952612
-2.014832,200,1385.61727
-115.549179,200,1386.388989
-120.574058,200,1387.251497
-129.220169,200,1387.923008
-126.272743,200,1388.589328
-224.166174,200,1389.254347
-224.824152,200,1389.918561
-233.320156,200,1390.585634
-1.159222,200,1391.347528
-224.799353,200,1392.061084
-115.846772,200,1392.72836
-126.282733,200,1393.394539
-0.515315,200,1394.172484
-118.845147,200,1394.844273
-116.071917,200,1395.511099
-126.690429,200,1396.175535
-221.210016,200,1396.841759
-126.327876,200,1397.513273
-286.290634,200,1398.338989
-0.135871,200,1399.007168
-126.25426,200,1399.674343
-228.866094,200,1400.341401
-124.408606,200,1401.119601
-0.18635,200,1401.791625
-233.558672,200,1402.457583
-118.954616,200,1403.123367
-1.691684,200,1403.787726
-2.483117,200,1404.450268
-0.762409,200,1405.113237
-126.508,200,1405.774885
-218.689983,200,1406.436392
-229.317515,200,1407.098232
-120.122058,200,1407.871297
-116.811847,200,1408.538128
-226.926874,200,1409.199759
-0.453253,200,1409.861241
-119.329992,200,1410.523443
-118.600105,200,1411.185616
-116.303548,200,1411.84754
-113.082712,200,1412.548057
-119.154134,200,1413.248387
-129.236343,200,1413.910811
-226.755018,200,1414.684149
-123.70182,200,1415.35073
-229.094006,200,1416.013178
-220.088153,200,1416.675026
-222.171926,200,1417.33676
-128.998724,200,1417.998953
-1.386553,200,1418.660783
-120.525274,200,1419.321988
-117.320906,200,1419.98363
-2.027287,200,1420.644623
-0.925903,200,1421.418148
-115.205812,200,1422.084719
-124.768045,200,1422.747049
-126.922418,200,1423.408249
-225.682032,200,1424.070706
-291.046309,200,1424.734045
-118.922858,200,1425.396086
-118.508579,200,1426.057537
-234.350187,200,1426.719941
-120.038365,200,1427.380797
-116.906922,200,1428.15421
-117.621579,200,1428.820479
-123.915462,200,1429.482913
-225.53229,200,1430.144398
-113.387092,200,1430.806255
-119.959176,200,1431.467486
-117.397289,200,1432.132389
-114.140276,200,1432.983992
-123.954712,200,1433.788777
-0.216596,200,1434.454247
-227.791382,200,1435.233032
-125.39267,200,1435.935689
-114.275819,200,1436.715207
-215.816416,200,1437.383141
-1.088009,200,1438.049881
-116.823397,200,1438.719741
-2.741369,200,1439.399378
-118.712143,200,1440.181822
-127.651695,200,1440.850932
-244.734486,200,1441.517098
-303.227299,200,1442.294007
-115.569695,200,1442.967
-119.34011,200,1443.632838
-230.729362,200,1444.298343
-118.918158,200,1444.972309
-234.973548,200,1445.638119
-118.884576,200,1446.435539
-297.819937,200,1447.139091
-113.447823,200,1447.806801
-123.521671,200,1448.473564
-121.879001,200,1449.251296
-116.319327,200,1449.923374
-124.393273,200,1450.589253
-127.60526,200,1451.254051
-219.159948,200,1451.919407
-127.223467,200,1452.583572
-231.535154,200,1453.24799
-114.184034,200,1453.921399
-122.237473,200,1454.763273
-235.770045,200,1455.431004
-224.562414,200,1456.208901
-118.013912,200,1456.888875
-122.504589,200,1457.555186
-231.895658,200,1458.21987
-118.576769,200,1458.885981
-118.044546,200,1459.552572
-119.791738,200,1460.265518
-2.801491,200,1461.049341
-118.333999,200,1461.71671
-127.882715,200,1462.385835
-115.350002,200,1463.173244
-3.124457,200,1463.848532
-218.524413,200,1464.518348
-119.438358,200,1465.19229
-119.408094,200,1465.859616
-228.256638,200,1466.526404
-117.006004,200,1467.194171
-119.502544,200,1467.859711
-129.361707,200,1468.524917
-117.324195,200,1469.189289
-127.022684,200,1469.967
-226.836777,200,1470.638512
-121.617841,200,1471.307376
-117.711459,200,1471.973093
-118.845196,200,1472.636767
-261.917227,200,1473.300298
-227.734279,200,1474.02761
-125.19463,200,1474.948215
-121.52812,200,1475.617036
-295.849019,200,1476.283936
-324.931542,200,1477.06157
-226.867754,200,1477.732725
-216.459735,200,1478.494544
-1.640198,200,1479.249963
-114.351555,200,1479.916897
-121.227514,200,1480.584277
-225.130225,200,1481.250597
-126.757792,200,1481.91779
-247.248993,200,1482.583494
-114.955268,200,1483.249375
-122.706525,200,1484.025345
-1.390325,200,1484.69598
-228.347444,200,1485.363068
-0.127613,200,1486.161362
-125.334675,200,1486.910446
-126.689444,200,1487.577276
-125.747111,200,1488.241907
-123.566796,200,1488.907505
-222.884683,200,1489.577365
-225.724259,200,1490.244049
-120.754051,200,1491.020689
-126.074357,200,1491.691279
-116.648239,200,1492.357333
-125.094671,200,1493.092758
-221.092343,200,1493.817799
-313.709482,200,1494.485265
-115.173256,200,1495.152012
-310.213087,200,1495.819604
-270.479087,200,1496.486569
-131.436196,200,1497.152555
-113.495761,200,1497.928283
-0.488417,200,1498.599385
-116.916193,200,1499.29337
-222.496136,200,1500.090983
-221.387663,200,1500.757118
-116.592993,200,1501.421304
-387.41004,200,1502.086491
-786.474148,200,1502.751565
-288.03848,200,1503.415525
-0.83351,200,1504.079388
-117.299352,200,1504.858898
-236.587108,200,1505.52926
-116.953911,200,1506.243591
-117.643752,200,1507.037959
-228.076268,200,1507.703691
-116.846708,200,1508.369176
-297.494883,200,1509.03322
-234.695934,200,1509.697699
-223.666419,200,1510.362167
-221.770082,200,1511.026518
-222.300191,200,1511.80028
-125.337387,200,1512.468969
-228.239969,200,1513.133318
-221.522335,200,1513.815554
-126.818355,200,1514.630579
-269.498855,200,1515.296406
-115.694123,200,1515.961122
-128.643113,200,1516.627555
-117.301004,200,1517.29168
-119.179738,200,1517.95695
-118.707315,200,1518.732456
-113.941699,200,1519.407862
-114.113715,200,1520.160154
-125.29419,200,1520.918901
-124.735098,200,1521.585865
-128.095195,200,1522.251861
-236.767864,200,1522.917537
-227.74131,200,1523.583318
-122.750723,200,1524.24981
-115.117258,200,1524.913641
-217.054978,200,1525.685251
-115.891366,200,1526.34955
-125.975429,200,1527.009869
-118.138248,200,1527.671074
-119.195245,200,1528.330866
-270.777455,200,1528.991058
-230.423582,200,1529.651931
-122.667945,200,1530.313888
-229.596208,200,1530.974003
-0.14966,200,1531.633755
-226.809511,200,1532.445336
-303.830651,200,1533.110329
-116.874545,200,1533.77063
-221.150687,200,1534.431154
-116.671893,200,1535.091646
-226.112998,200,1535.75253
-119.304949,200,1536.412538
-217.866779,200,1537.073369
-120.116382,200,1537.734205
-0.31414,200,1538.394257
-269.501247,200,1539.163978
-218.563317,200,1539.829872
-225.894822,200,1540.491243
-218.571046,200,1541.1524
-1.673436,200,1541.812986
-117.640526,200,1542.473787
-126.087245,200,1543.134157
-118.672408,200,1543.794832
-231.689739,200,1544.455211
-252.81765,200,1545.117387
-116.096935,200,1545.888783
-121.612254,200,1546.553372
-222.8759,200,1547.213871
-0.752114,200,1547.874102
-129.186559,200,1548.53402
-123.25757,200,1549.194155
-125.135502,200,1549.854718
-126.964836,200,1550.514451
-299.974614,200,1551.17465
-124.080443,200,1551.834907
-119.109125,200,1552.612763
-1.224948,200,1553.279886
-224.621706,200,1553.942075
-117.314159,200,1554.604035
-221.496262,200,1555.266198
-119.813288,200,1555.928635
-124.871415,200,1556.589728
-116.338687,200,1557.250812
-118.437833,200,1557.911596
-118.015887,200,1558.573473
-223.289129,200,1559.345848
-225.11758,200,1560.012769
-317.082433,200,1560.675058
-121.085666,200,1561.336683
-228.809204,200,1561.999022
-115.763619,200,1562.660918
-221.780284,200,1563.322133
-116.173392,200,1563.983582
-227.430302,200,1564.646078
-311.889316,200,1565.308313
-129.659003,200,1566.080699
-120.624709,200,1566.746706
-121.893888,200,1567.409026
-126.621951,200,1568.0713
-127.899467,200,1568.733965
-124.834014,200,1569.395273
-223.128747,200,1570.058775
-113.525018,200,1570.721229
-115.771765,200,1571.383655
-117.291758,200,1572.045729
-127.467492,200,1572.819906
-115.771619,200,1573.487561
-115.484236,200,1574.150891
-221.282115,200,1574.813492
-309.413388,200,1575.47437
-265.306217,200,1576.136411
-264.617895,200,1576.797645
-127.886965,200,1577.459599
-270.494247,200,1578.120871
-118.962871,200,1578.782669
-0.607975,200,1579.555708
-126.377933,200,1580.224196
-0.715932,200,1580.886434
-128.74636,200,1581.548116
-219.976882,200,1582.210066
-275.173002,200,1582.87159
-118.790209,200,1583.533682
-217.293692,200,1584.194953
-129.192101,200,1584.857298
-116.937768,200,1585.518417
-119.440543,200,1586.357081
-5.679653,200,1587.100987
-118.776645,200,1587.766877
-126.851796,200,1588.429946
-228.583872,200,1589.09384
-114.888598,200,1589.776005
-0.36062,200,1590.448811
-129.828184,200,1591.114581
-0.719572,200,1591.778525
-0.182547,200,1592.449717
-125.843094,200,1593.237271
-114.890354,200,1593.935902
-0.171203,200,1594.933625
-118.175854,200,1595.61912
-1.602166,200,1596.298604
-115.120247,200,1596.981995
-114.798729,200,1597.66418
-116.793683,200,1598.340326
-124.686885,200,1599.014
-125.520901,200,1599.843418
-125.53258,200,1600.707835
-127.913808,200,1601.389394
-223.71171,200,1602.061298
-303.476256,200,1602.728797
-0.504322,200,1603.395941
-222.93931,200,1604.066022
-241.511664,200,1604.743845
-0.320792,200,1605.419608
-220.36491,200,1606.094834
-253.348285,200,1606.816692
-120.408164,200,1607.723923
-228.342842,200,1608.400809
-227.578396,200,1609.070269
-228.041903,200,1609.755906
-235.122363,200,1610.42856
-126.88686,200,1611.118669
-1.54631,200,1611.941299
-115.229856,200,1612.618723
-119.633885,200,1613.296954
-0.64134,200,1613.970728
-1.508204,200,1614.755022
-123.908705,200,1615.437748
-122.451912,200,1616.106777
-283.588525,200,1616.779197
-114.113986,200,1617.448652
-115.388283,200,1618.117393
-115.086207,200,1618.785188
-122.833756,200,1619.474752
-217.290148,200,1620.32934
-118.268707,200,1620.996623
-0.067436,200,1621.776402
-115.516059,200,1622.448473
-231.201086,200,1623.114846
-1.289233,200,1623.78023
-292.827989,200,1624.444706
-222.489895,200,1625.115203
-114.2395,200,1625.779682
-118.950776,200,1626.511393
-117.102058,200,1627.276475
-117.296394,200,1627.946984
-125.895569,200,1628.723858
-223.474217,200,1629.395087
-225.944956,200,1630.06196
-229.084911,200,1630.72796
-1.667516,200,1631.393322
-227.070105,200,1632.057686
-122.44488,200,1632.824459
-122.198075,200,1633.549692
-944.204672,200,1634.215408
-125.283595,200,1634.88073
-227.767583,200,1635.656304
-128.135987,200,1636.528021
-231.086046,200,1637.263695
-232.052557,200,1637.929852
-115.183512,200,1638.595858
-114.133685,200,1639.263556
-117.476664,200,1640.083979
-114.097596,200,1640.757782
-124.064069,200,1641.425674
-246.912566,200,1642.091783
-0.841282,200,1642.869919
-118.364894,200,1643.540777
-130.116492,200,1644.205846
-308.180743,200,1644.871336
-229.828914,200,1645.535556
-217.716807,200,1646.2912
-129.108094,200,1647.03264
-113.801822,200,1647.699645
-307.043508,200,1648.366776
-2.271887,200,1649.033023
-229.385516,200,1649.808669
-126.748338,200,1650.478514
-230.945342,200,1651.143936
-118.471597,200,1651.808566
-116.840059,200,1652.473356
-119.574163,200,1653.170816
-241.669487,200,1654.005044
-117.287814,200,1654.713628
-295.278554,200,1655.376236
-117.45085,200,1656.038788
-119.252315,200,1656.823871
-315.759113,200,1657.499121
-115.559228,200,1658.161222
-116.67415,200,1658.823106
-123.758437,200,1659.484867
-114.727681,200,1660.147833
-0.938857,200,1660.809078
-120.69626,200,1661.469774
-125.461878,200,1662.131424
-116.83908,200,1662.792046
-0.660732,200,1663.56386
-1.752662,200,1664.230835
-238.769241,200,1664.894832
-226.953746,200,1665.557383
-116.730007,200,1666.307668
-123.398777,200,1666.97058
-118.374593,200,1667.63295
-118.511394,200,1668.294531
-125.57358,200,1668.956422
-114.349338,200,1669.617422
-115.358683,200,1670.391209
-120.442466,200,1671.058054
-1.489904,200,1671.720293
-118.547743,200,1672.384039
-0.315416,200,1673.046911
-119.477691,200,1673.710728
-120.080846,200,1674.374335
-0.373319,200,1675.038255
-113.065452,200,1675.7001
-126.973176,200,1676.361582
-126.667456,200,1677.134479
-0.266398,200,1677.80407
-121.52674,200,1678.465783
-127.412758,200,1679.127112
-119.256646,200,1679.787638
-117.202263,200,1680.449515
-116.416918,200,1681.111697
-225.232013,200,1681.772887
-118.980714,200,1682.434505
-115.813034,200,1683.09582
-127.300283,200,1683.867335
-124.763458,200,1684.532823
-125.977926,200,1685.195118
-231.103545,200,1685.856769
-221.137167,200,1686.517568
-125.818197,200,1687.178785
-300.095845,200,1687.84073
-119.309796,200,1688.502048
-120.838372,200,1689.16383
-0.074002,200,1689.824471
-0.632702,200,1690.595765
-119.017842,200,1691.262537
-0.212122,200,1691.924139
-124.364787,200,1692.58524
-214.959724,200,1693.245195
-228.407691,200,1693.90633
-119.056154,200,1694.566967
-226.053336,200,1695.23209
-316.64471,200,1695.896602
-221.509113,200,1696.56126
-118.30163,200,1697.336212
-226.061176,200,1698.004512
-221.916342,200,1698.669509
-1.864737,200,1699.333282
-229.893611,200,1700.000801
-127.661056,200,1700.894233
-120.396969,200,1701.664739
-119.606521,200,1702.330655
-0.635221,200,1702.996704
-1.114617,200,1703.661387
-120.127039,200,1704.443518
-122.621365,200,1705.33761
-117.034982,200,1706.004268
-126.505458,200,1706.66987
-316.131818,200,1707.335755
-127.572431,200,1708.001722
-1.726986,200,1708.677904
-130.211743,200,1709.458505
-124.436242,200,1710.123816
-4.467898,200,1710.789644
-123.321946,200,1711.564565
-114.730436,200,1712.234467
-218.31653,200,1712.898319
-297.409267,200,1713.560885
-126.121292,200,1714.226308
-123.924022,200,1714.891905
-296.48473,200,1715.557312
-118.945685,200,1716.270832
-123.417429,200,1717.055251
-0.642512,200,1717.721694
-119.657973,200,1718.496195
-125.681294,200,1719.165689
-123.198716,200,1719.83032
-119.874481,200,1720.495756
-225.022903,200,1721.161612
-124.57274,200,1721.833302
-123.895026,200,1722.657782
-229.750012,200,1723.325648
-116.320686,200,1723.990373
-113.784877,200,1724.656631
-259.706816,200,1725.441827
-224.756245,200,1726.111445
-124.149606,200,1726.779029
-290.557614,200,1727.446977
-118.653353,200,1728.113907
-225.796594,200,1728.842425
-125.18926,200,1729.569079
-236.358106,200,1730.237016
-125.876849,200,1730.903245
-223.263405,200,1731.569259
-221.179655,200,1732.447501
-127.023283,200,1733.137828
-220.948794,200,1733.8049
-221.957875,200,1734.471552
-122.649479,200,1735.137224
-222.019995,200,1735.802195
-117.231987,200,1736.619879
-124.983708,200,1737.288167
-126.300181,200,1737.953495
-260.692406,200,1738.619464
-116.77654,200,1739.398335
-266.861074,200,1740.068641
-118.48979,200,1740.735227
-228.316855,200,1741.400632
-124.009187,200,1742.065037
-219.551462,200,1742.729379
-218.709047,200,1743.506871
-118.480855,200,1744.218212
-123.989635,200,1744.884546
-225.208302,200,1745.550495
-116.947445,200,1746.334011
-126.330745,200,1747.004381
-117.156195,200,1747.671145
-126.354148,200,1748.336549
-125.080438,200,1749.001368
-225.429659,200,1749.666183
-309.21107,200,1750.451853
-116.61878,200,1751.152291
-218.442421,200,1751.81968
-274.581471,200,1752.485782
-312.774026,200,1753.263231
-113.976907,200,1753.933697
-119.421064,200,1754.59829
-125.045499,200,1755.263874
-241.853523,200,1755.927097
-121.66208,200,1756.591694
-115.084222,200,1757.25475
-121.175865,200,1757.918398
-237.393982,200,1758.582499
-226.798855,200,1759.245182
-236.90849,200,1760.019361
-0.512777,200,1760.685372
-225.911373,200,1761.347393
-122.995951,200,1762.009141
-120.376409,200,1762.670283
-230.798214,200,1763.332421
-2.276562,200,1763.993327
-115.662192,200,1764.655685
-129.143246,200,1765.317033
-118.962757,200,1765.978563
-125.438768,200,1766.836811
-243.911364,200,1767.505547
-300.78736,200,1768.169655
-0.348128,200,1768.833118
-119.113781,200,1769.496867
-236.573816,200,1770.159276
-116.764997,200,1770.822718
-225.41132,200,1771.485762
-319.465564,200,1772.149394
-284.577984,200,1772.8111
-120.565888,200,1773.584259
-116.199956,200,1774.25307
-113.858468,200,1774.917778
-265.509711,200,1775.580977
-123.424994,200,1776.243877
-116.126198,200,1776.907673
-242.847841,200,1777.57042
-120.214436,200,1778.233235
-114.665149,200,1778.895122
-117.613375,200,1779.556952
-237.413128,200,1780.330836
-126.428392,200,1780.997237
-121.109987,200,1781.66064
-223.999811,200,1782.322965
-217.92523,200,1782.984868
-118.443491,200,1783.646782
-128.420478,200,1784.308737
-223.390327,200,1784.971615
-122.938908,200,1785.633854
-226.842309,200,1786.296704
-0.125139,200,1787.068182
-225.921494,200,1787.734644
-216.469987,200,1788.396429
-224.225377,200,1789.059257
-118.269597,200,1789.7213
-222.523755,200,1790.382318
-117.697903,200,1791.044183
-118.782421,200,1791.706263
-227.2328,200,1792.367847
-116.440229,200,1793.029341
-131.791066,200,1793.80972
-222.35541,200,1794.481509
-309.803033,200,1795.144407
-120.713737,200,1795.806868
-322.511531,200,1796.468509
-119.664752,200,1797.130132
-123.714063,200,1797.791065
-1.303737,200,1798.452918
-228.237329,200,1799.114521
-128.466475,200,1799.776261
-219.336616,200,1800.549282
-239.059584,200,1801.216134
-304.955259,200,1801.878752
-233.030629,200,1802.540555
-119.625788,200,1803.202548
-119.810757,200,1803.864606
-125.838395,200,1804.525338
-119.281602,200,1805.190922
-113.604779,200,1805.856987
-230.513615,200,1806.525805
-118.504594,200,1807.63972
-127.460097,200,1808.333356
-303.457969,200,1809.000994
-122.878259,200,1809.669814
-276.892618,200,1810.336374
-125.229944,200,1811.002903
-117.197488,200,1811.668709
-227.258219,200,1812.334062
-223.077324,200,1812.998747
-224.036832,200,1813.664593
-230.694731,200,1814.441699
-118.969385,200,1815.112088
-222.318187,200,1815.780912
-1.045235,200,1816.446659
-118.21875,200,1817.113953
-315.430573,200,1817.780345
-230.134163,200,1818.447083
-125.92037,200,1819.114252
-224.050249,200,1819.780048
-261.842382,200,1820.44362
-116.023348,200,1821.220745
-119.248928,200,1821.890969
-119.824089,200,1822.557384
-224.840571,200,1823.223102
-116.416776,200,1823.890596
-117.492886,200,1824.637978
-122.766885,200,1825.305253
-114.981797,200,1825.971522
-117.482136,200,1826.637042
-116.632277,200,1827.303884
-119.564235,200,1828.081643
-0.957446,200,1828.753811
-223.785575,200,1829.422383
-115.810488,200,1830.086837
-115.071823,200,1830.753035
-120.141405,200,1831.418756
-119.954261,200,1832.083627
-117.015573,200,1832.748779
-1.682642,200,1833.413721
-220.879037,200,1834.077277
-125.712746,200,1834.851438
-124.258033,200,1835.523081
-216.607464,200,1836.192755
-326.111493,200,1837.204089
-122.410838,200,1837.886222
-220.41106,200,1838.554661
-0.105597,200,1839.222147
-283.73707,200,1839.930346
-0.338087,200,1840.694543
-127.857858,200,1841.36201
-311.396649,200,1842.139202
-120.710711,200,1842.814254
-116.515085,200,1843.48107
-0.820296,200,1844.147773
-227.385259,200,1844.814071
-125.587262,200,1845.533906
-124.771144,200,1846.276873
-222.478709,200,1846.94538
-119.847257,200,1847.612595
-117.613852,200,1848.280514
-117.375752,200,1849.058139
-119.606194,200,1849.728747
-116.586589,200,1850.394709
-119.304219,200,1851.060296
-128.183369,200,1851.727052
-126.835576,200,1852.391788
-0.859751,200,1853.056895
-124.836513,200,1853.856615
-118.167013,200,1854.557801
-225.890774,200,1855.226172
-2.307294,200,1856.005432
-119.51211,200,1856.676144
-123.280281,200,1857.344011
-116.665023,200,1858.011497
-119.302895,200,1858.677929
-0.703716,200,1859.344074
-1.153772,200,1860.179784
-119.882596,200,1860.849648
-117.671799,200,1861.517882
-117.957725,200,1862.184579
-121.606497,200,1862.964048
-127.720858,200,1863.635754
-0.317143,200,1864.303426
-223.692355,200,1864.977635
-128.241993,200,1865.643533
-225.668775,200,1866.309748
-223.626543,200,1867.036154
-218.935373,200,1867.815587
-123.179274,200,1868.483168
-119.344115,200,1869.150553
-120.50113,200,1869.930819
-116.944534,200,1870.601603
-115.696596,200,1871.269346
-122.753724,200,1871.936111
-233.361424,200,1872.60201
-118.980685,200,1873.266814
-0.556977,200,1873.985566
-217.819564,200,1874.771448
-127.289697,200,1875.438505
-119.881232,200,1876.104947
-128.724743,200,1876.879834
-2.303096,200,1877.547609
-120.123078,200,1878.212319
-116.731028,200,1878.877386
-119.65778,200,1879.540669
-123.058066,200,1880.204459
-302.904799,200,1880.867743
-122.27782,200,1881.530835
-227.322074,200,1882.193378
-126.379404,200,1882.857375
-1.095105,200,1883.633137
-118.861674,200,1884.300544
-117.073288,200,1884.96641
-116.194345,200,1885.630554
-124.601373,200,1886.294664
-220.853547,200,1887.000688
-127.499146,200,1887.706562
-307.99111,200,1888.368968
-117.579186,200,1889.031957
-125.304354,200,1889.694799
-120.920684,200,1890.468797
-120.149727,200,1891.137884
-0.411622,200,1891.80143
-128.367754,200,1892.464424
-236.227388,200,1893.127561
-224.21936,200,1893.791724
-117.861633,200,1894.454895
-120.618076,200,1895.117726
-219.050148,200,1895.780658
-2.136775,200,1896.442266
-120.041371,200,1897.222804
-286.330527,200,1897.890716
-234.78908,200,1898.554421
-223.421066,200,1899.218219
-278.454604,200,1899.881287
-127.207476,200,1900.547429
-127.310913,200,1901.21105
-272.894713,200,1901.875098
-119.505996,200,1902.537583
-126.489776,200,1903.19987
-228.595226,200,1903.972943
-114.351896,200,1904.644141
-124.478837,200,1905.309701
-237.658166,200,1905.973769
-121.881769,200,1906.637829
-1.682097,200,1907.30068
-1.034725,200,1907.965359
-218.054992,200,1908.629971
-222.07789,200,1909.293752
-114.852537,200,1909.957223
-0.628792,200,1910.732097
-119.376889,200,1911.400662
-232.088993,200,1912.064963
-230.225253,200,1912.729334
-286.54552,200,1913.392437
-1.284461,200,1914.056703
-115.312419,200,1914.721503
-119.646759,200,1915.386588
-129.056809,200,1916.0511
-124.312014,200,1916.715143
-116.987738,200,1917.490271
-126.351781,200,1918.158558
-120.93383,200,1918.822747
-219.94822,200,1919.485582
-226.191321,200,1920.148602
-223.264571,200,1920.812636
-223.531861,200,1921.475764
-3.203124,200,1922.139324
-217.058854,200,1922.80232
-225.811552,200,1923.465954
-122.885166,200,1924.240851
-229.194546,200,1924.908586
-117.659486,200,1925.571
-216.441828,200,1926.234537
-266.975715,200,1926.898682
-118.861417,200,1927.561728
-221.573634,200,1928.226727
-225.291883,200,1928.891867
-0.87098,200,1929.557534
-221.308894,200,1930.227659
-122.908033,200,1931.007816
-116.763076,200,1931.679374
-121.804191,200,1932.345306
-118.059234,200,1933.010226
-126.734504,200,1933.675589
-120.051343,200,1934.342679
-229.370699,200,1935.008797
-118.734224,200,1935.675026
-119.10792,200,1936.340322
-115.207404,200,1937.004706
-124.512153,200,1937.780794
-126.875989,200,1938.452106
-0.274268,200,1939.115744
-114.709855,200,1939.781594
-116.303907,200,1940.606715
-121.863435,200,1941.50183
-126.14042,200,1942.167936
-119.462812,200,1942.838204
-244.226818,200,1943.504988
-228.274457,200,1944.351271
-127.730373,200,1945.169501
-117.153991,200,1945.844128
-2.020902,200,1946.511986
-119.222337,200,1947.17877
-221.795239,200,1947.84627
-127.910244,200,1948.512074
-1.260228,200,1949.177494
-117.505833,200,1949.844314
-130.818559,200,1950.512229
-219.832976,200,1951.179156
-113.940535,200,1951.957267
-116.919824,200,1952.629032
-118.050698,200,1953.295617
-283.934242,200,1953.962578
-240.842538,200,1954.629408
-122.752654,200,1955.294596
-125.62679,200,1955.96109
-230.127513,200,1956.627034
-119.024183,200,1957.293209
-227.326065,200,1958.009829
-220.56444,200,1958.86605
-118.777634,200,1959.536393
-115.068432,200,1960.202701
-275.583651,200,1960.868739
-118.864774,200,1961.535325
-116.652193,200,1962.198757
-114.006312,200,1962.862664
-124.317207,200,1963.528179
-221.297585,200,1964.193588
-123.279516,200,1964.860201
-118.964381,200,1965.952484
-2.906917,200,1966.626892
-222.734451,200,1967.295934
-223.28579,200,1967.964551
-119.148557,200,1968.632976
-116.303911,200,1969.341383
-0.506685,200,1970.112304
-123.191907,200,1970.780821
-131.142028,200,1971.446456
-116.905753,200,1972.113577
-217.419722,200,1972.891977
-300.84245,200,1973.564564
-121.831423,200,1974.231363
-230.660357,200,1974.898018
-119.726223,200,1975.565316
-125.279015,200,1976.232274
-125.58113,200,1976.899027
-242.624444,200,1977.687887
-119.261785,200,1978.399635
-231.78221,200,1979.066305
-228.268361,200,1979.84464
-123.634912,200,1980.518215
-120.557767,200,1981.185358
-118.45862,200,1981.854696
-232.940201,200,1982.521096
-117.988216,200,1983.223417
-229.716033,200,1984.026625
-120.740853,200,1984.700771
-119.048195,200,1985.368999
-227.271972,200,1986.036445
-123.042919,200,1986.815718
-118.005329,200,1987.487696
-1.517355,200,1988.154852
-228.814304,200,1988.820432
-238.69775,200,1989.48769
-225.349593,200,1990.153315
-118.84433,200,1990.855264
-118.578878,200,1991.665403
-126.75354,200,1992.333795
-118.954108,200,1993.000567
-308.14565,200,1993.778844
-118.313181,200,1994.450051
-2.653765,200,1995.116054
-233.665735,200,1995.780856
-125.818906,200,1996.447207
-127.193727,200,1997.112411
-216.55134,200,1997.7776
-116.613962,200,1998.442363
-221.121089,200,1999.106295
-121.675253,200,1999.77003
-228.489836,200,2000.54357
-223.999476,200,2001.210795
-228.267727,200,2001.877857
-125.506709,200,2002.540987
-240.218648,200,2003.204271
-220.898496,200,2003.868215
-127.133145,200,2004.532725
-115.44325,200,2005.197346
-227.907735,200,2005.862209
-308.011429,200,2006.567839
-316.639503,200,2007.384923
-129.020813,200,2008.056111
-123.708382,200,2008.721632
-119.247534,200,2009.38483
-0.485211,200,2010.049073
-118.739918,200,2010.712877
-118.392184,200,2011.377229
-228.999066,200,2012.042665
-300.6727,200,2012.706578
-121.524875,200,2013.370546
-117.968055,200,2014.144143
-118.225666,200,2014.813305
-118.990275,200,2015.477592
-230.005966,200,2016.142668
-218.681314,200,2016.805659
-223.000023,200,2017.470003
-227.847711,200,2018.133733
-118.983734,200,2018.797927
-119.373046,200,2019.461254
-120.971312,200,2020.125963
-119.810558,200,2020.902562
-120.765685,200,2021.571917
-124.29441,200,2022.236156
-115.741035,200,2022.900133
-226.653946,200,2023.564482
-119.142604,200,2024.228991
-131.337618,200,2024.895443
-1.249885,200,2025.560151
-119.118211,200,2026.224613
-119.782167,200,2026.887943
-228.174232,200,2027.663537
-118.197383,200,2028.333261
-1.238635,200,2028.99915
-116.441118,200,2029.663085
-127.575864,200,2030.326964
-224.855747,200,2030.991296
-119.517065,200,2031.656651
-118.537277,200,2032.320384
-116.567151,200,2032.985191
-319.183076,200,2033.650155
-227.28938,200,2034.426602
-303.017068,200,2035.096111
-1.82572,200,2035.760649
-4.203408,200,2036.424654
-223.028108,200,2037.087285
-129.446585,200,2037.751226
-119.444371,200,2038.416655
-121.404224,200,2039.079133
-223.769382,200,2039.742511
-295.371601,200,2040.409673
-3.359706,200,2041.18443
-0.788398,200,2041.852054
-118.772402,200,2042.515251
-228.774188,200,2043.178855
-117.128341,200,2043.842073
-120.338341,200,2044.504777
-122.417079,200,2045.169055
-0.083386,200,2045.831285
-121.683295,200,2046.49409
-224.231254,200,2047.156047
-225.462475,200,2047.930218
-120.117497,200,2048.599005
-117.506236,200,2049.262749
-118.298316,200,2049.925956
-116.149643,200,2050.589931
-116.036505,200,2051.254025
-2.484806,200,2051.917623
-0.742782,200,2052.582142
-123.131381,200,2053.245298
-219.998718,200,2053.909286
-118.300415,200,2054.68378
-216.881984,200,2055.351633
-117.808206,200,2056.016362
-129.063033,200,2056.680228
-128.05683,200,2057.343121
-116.910217,200,2058.005605
-125.741756,200,2058.669032
-123.362158,200,2059.340568
-310.478467,200,2060.010547
-118.25604,200,2060.679117
-231.855115,200,2061.846268
-317.165008,200,2062.538715
-0.56209,200,2063.204475
-222.60979,200,2063.871969
-121.685076,200,2064.538642
-261.296865,200,2065.205206
-128.891652,200,2065.870372
-119.15426,200,2066.536822
-295.456056,200,2067.203233
-233.498658,200,2067.877502
-0.82587,200,2068.66216
-225.038033,200,2069.334273
-242.990278,200,2070.001287
-123.513683,200,2070.667248
-239.282043,200,2071.332386
-118.423593,200,2071.997927
-271.528836,200,2072.663381
-220.162955,200,2073.329176
-0.316746,200,2073.995442
-116.332053,200,2074.661947
-235.805272,200,2075.438456
-117.451712,200,2076.132456
-120.055247,200,2076.984701
-114.266614,200,2077.654754
-223.311297,200,2078.32738
-116.279643,200,2078.996715
-119.148978,200,2079.664472
-223.815042,200,2080.332176
-117.532968,200,2080.998681
-0.326568,200,2081.665808
-119.709622,200,2082.443874
-118.590672,200,2083.116365
-120.632026,200,2083.782757
-224.626995,200,2084.448269
-121.025999,200,2085.121318
-116.871955,200,2085.786917
-114.728328,200,2086.491612
-118.57946,200,2087.201985
-126.716875,200,2087.869046
-120.421163,200,2088.537031
-123.090387,200,2089.671087
-116.847126,200,2090.355382
-218.296914,200,2091.023455
-223.507904,200,2091.691559
-229.582553,200,2092.357938
-115.24512,200,2093.120808
-126.62479,200,2093.888035
-127.856543,200,2094.557443
-230.860693,200,2095.224707
-129.57225,200,2095.89299
-113.414909,200,2096.671077
-126.702138,200,2097.343256
-320.056057,200,2098.010801
-219.397268,200,2098.677738
-116.324964,200,2099.348563
-222.733746,200,2100.01509
-1.378378,200,2100.68262
-122.391666,200,2101.348398
-123.373542,200,2102.10465
-0.566023,200,2102.872067
-120.421143,200,2103.649171
-222.609659,200,2104.32306
-117.99518,200,2104.990823
-228.656787,200,2105.658836
-117.573628,200,2106.325027
-126.861482,200,2106.990587
-230.535733,200,2107.687255
-0.374769,200,2108.444567
-117.265321,200,2109.112961
-126.40629,200,2109.779549
-310.433941,200,2110.559504
-233.80849,200,2111.231132
-123.643963,200,2111.896783
-124.065778,200,2112.56364
-120.120082,200,2113.230982
-229.980509,200,2113.972703
-222.215644,200,2114.725767
-125.652548,200,2115.394889
-232.591429,200,2116.059276
-127.968169,200,2116.725525
-301.764481,200,2117.503062
-126.340258,200,2118.173815
-116.64387,200,2118.842853
-119.898184,200,2119.510316
-124.4248,200,2120.177201
-223.224339,200,2120.846258
-217.865707,200,2121.63741
-124.203039,200,2122.336135
-225.68306,200,2123.000928
-114.679933,200,2123.665919
-122.434112,200,2124.44205
-127.419847,200,2125.110848
-123.495167,200,2125.774442
-303.212492,200,2126.437883
-0.795029,200,2127.100533
-127.495564,200,2127.764955
-123.35399,200,2128.428563
-2.553436,200,2129.092435
-1.030982,200,2129.755616
-114.104708,200,2130.419016
-116.504205,200,2131.23423
-115.135962,200,2131.936625
-117.75836,200,2132.600441
-116.47998,200,2133.264753
-118.132479,200,2133.927847
-239.144172,200,2134.590499
-228.953376,200,2135.254434
-237.679516,200,2135.918172
-122.404706,200,2136.580767
-119.296605,200,2137.244141
-252.741225,200,2138.017224
-122.14341,200,2138.683923
-1.147003,200,2139.349701
-291.231957,200,2140.01453
-117.469746,200,2140.677296
-118.753826,200,2141.340463
-0.698141,200,2142.004767
-126.115051,200,2142.667262
-217.877567,200,2143.329421
-123.917117,200,2143.991979
-1.2755,200,2144.767738
-119.327725,200,2145.436816
-121.563009,200,2146.101373
-227.794341,200,2146.764701
-126.390962,200,2147.427699
-118.648448,200,2148.09164
-120.724943,200,2148.754279
-1.067736,200,2149.417664
-1.10562,200,2150.080559
-1.032316,200,2150.743166
-0.156694,200,2151.518095
-241.980264,200,2152.185446
-119.343553,200,2152.848717
-232.843623,200,2153.512453
-119.837532,200,2154.175307
-116.78394,200,2154.839526
-124.563331,200,2155.50283
-116.887216,200,2156.17251
-123.867857,200,2156.839972
-1.575467,200,2157.507356
-121.654596,200,2158.285427
-130.686157,200,2158.955911
-221.310978,200,2159.622785
-1.654086,200,2160.288949
-116.533697,200,2160.955661
-228.816041,200,2161.622017
-0.239926,200,2162.28852
-119.42882,200,2162.955651
-217.33496,200,2163.620984
-225.200552,200,2164.445717
-128.218652,200,2165.36513
-113.968244,200,2166.037562
-116.263279,200,2166.704698
-115.868194,200,2167.372332
-120.556213,200,2168.039307
-237.881762,200,2168.706285
-219.739312,200,2169.3729
-0.549546,200,2170.038791
-122.067986,200,2170.70432
-116.187541,200,2171.369497
-129.187626,200,2172.145218
-217.810228,200,2172.815181
-230.681268,200,2173.609252
-128.44671,200,2174.340746
-119.049321,200,2175.006955
-230.243593,200,2175.67325
-118.333186,200,2176.339559
-225.852046,200,2177.005176
-127.182793,200,2177.668541
-114.877543,200,2178.335917
-119.261732,200,2179.114899
-2.510481,200,2179.786544
-123.556106,200,2180.454649
-124.85407,200,2181.121602
-121.281083,200,2181.788439
-1.580104,200,2182.464726
-114.44135,200,2183.141035
-117.151822,200,2183.83498
-131.626672,200,2184.68172
-114.351986,200,2185.350404
-241.060516,200,2186.13145
-116.766668,200,2186.804914
-116.951836,200,2187.525219
-123.008812,200,2188.269713
-126.762663,200,2188.939289
-0.523029,200,2189.607056
-117.471144,200,2190.27494
-0.109508,200,2190.942712
-124.353718,200,2191.609995
-118.272851,200,2192.277194
-217.267623,200,2193.055383
-116.554454,200,2193.728498
-118.642698,200,2194.395535
-1.718785,200,2195.06199
-221.388659,200,2195.728598
-115.297131,200,2196.39818
-128.235986,200,2197.206685
-119.086051,200,2197.891733
-117.489254,200,2198.56434
-124.797389,200,2199.231254
-116.083198,200,2200.010958
-0.136485,200,2200.68613
-116.122518,200,2201.352464
-1.454881,200,2202.018106
-226.044622,200,2202.682727
-121.594425,200,2203.346585
-2.609439,200,2204.012816
-236.701463,200,2204.694635
-117.735383,200,2205.36224
-280.08654,200,2206.097558
-3.287611,200,2206.912797
-2.372787,200,2207.583671
-0.940649,200,2208.251451
-307.501271,200,2208.91806
-218.664559,200,2209.583956
-114.400787,200,2210.249455
-121.31561,200,2210.915163
-124.226948,200,2211.580219
-113.998651,200,2212.246868
-123.129469,200,2213.084353
-117.140609,200,2213.998135
-120.932933,200,2214.671193
-116.293487,200,2215.33924
-128.634925,200,2216.00529
-228.539411,200,2216.669441
-226.689072,200,2217.332894
-118.607714,200,2217.997124
-116.814566,200,2218.660457
-119.921021,200,2219.323403
-122.513996,200,2219.986574
-115.323867,200,2220.761062
-0.119651,200,2221.428807
-127.021035,200,2222.091885
-1.890558,200,2222.754249
-118.929787,200,2223.417051
-325.993441,200,2224.080233
-234.604593,200,2224.743683
-126.293768,200,2225.406875
-124.115077,200,2226.069958
-0.158187,200,2226.733139
-114.744947,200,2227.505842
-237.934093,200,2228.173787
-128.369499,200,2228.837895
-218.559213,200,2229.500948
-223.682887,200,2230.203658
-116.593191,200,2230.907703
-247.698953,200,2231.569972
-117.987682,200,2232.232572
-120.36602,200,2232.895378
-119.378089,200,2233.558767
-219.093272,200,2234.332674
-126.049106,200,2235.005264
-125.23456,200,2235.6714
-227.582346,200,2236.337578
-302.185522,200,2237.001579
-119.925425,200,2237.664486
-113.765846,200,2238.3277
-290.111158,200,2238.991168
-116.365685,200,2239.656737
-119.745114,200,2240.322474
-216.447657,200,2241.126607
-117.206363,200,2241.802682
-0.372242,200,2242.475099
-267.44769,200,2243.142788
-121.953779,200,2243.81044
-123.246138,200,2244.474911
-215.22519,200,2245.138923
-217.170708,200,2245.802835
-114.23545,200,2246.469678
-122.562817,200,2247.141574
-219.734919,200,2248.044247
-214.990863,200,2248.928715
-229.564427,200,2249.59649
-284.955682,200,2250.263816
-120.018805,200,2250.930594
-116.574988,200,2251.620231
-117.112508,200,2252.294332
-294.170038,200,2253.053937
-222.791975,200,2253.76341
-126.665308,200,2254.431836
-2.260551,200,2255.211053
-220.863866,200,2255.885189
-119.890643,200,2256.553337
-233.434431,200,2257.220207
-114.616296,200,2257.88727
-233.038459,200,2258.555192
-126.995481,200,2259.23595
-122.057059,200,2260.056836
-241.033604,200,2260.744911
-129.68324,200,2261.411492
-118.034899,200,2262.188118
-114.934337,200,2262.861028
-316.530178,200,2263.52728
-230.139642,200,2264.193257
-216.276861,200,2264.86846
-217.568775,200,2265.534916
-126.08716,200,2266.215102
-126.423635,200,2267.05356
-117.493156,200,2267.72359
-235.049057,200,2268.395619
-119.191581,200,2269.205122
-129.236807,200,2269.887551
-117.100861,200,2270.554366
-114.336753,200,2271.220412
-0.586364,200,2271.887446
-124.292819,200,2272.553032
-0.266611,200,2273.343371
-286.674272,200,2274.04946
-118.960846,200,2274.717539
-230.5462,200,2275.384482
-113.498611,200,2276.163907
-0.565119,200,2276.836134
-223.070361,200,2277.502282
-121.033019,200,2278.16642
-122.058421,200,2278.831859
-0.668191,200,2279.498314
-0.303946,200,2280.252078
-120.591733,200,2280.995071
-115.564673,200,2281.663432
-237.427939,200,2282.330923
-123.083234,200,2283.144385
-234.199683,200,2283.816421
-125.591907,200,2284.483432
-224.116732,200,2285.149154
-116.435578,200,2285.813805
-122.252788,200,2286.478496
-237.496459,200,2287.143141
-224.46411,200,2287.809381
-120.972121,200,2288.47516
-230.578025,200,2289.140908
-126.782111,200,2289.957249
-125.477933,200,2290.668604
-125.031772,200,2291.3345
-219.297548,200,2292.002303
-224.346541,200,2292.668023
-129.72103,200,2293.403756
-0.865384,200,2294.331014
-114.81928,200,2295.000049
-120.515454,200,2295.667598
-2.018416,200,2296.405449
-216.936839,200,2297.241457
-123.85137,200,2297.914585
-215.626152,200,2298.586367
-113.287883,200,2299.255671
-128.649517,200,2299.924008
-310.032141,200,2300.623596
-300.99811,200,2301.386668
-222.735462,200,2302.056412
-116.8225,200,2302.724622
-124.451543,200,2303.391592
-114.784334,200,2304.171382
-126.067719,200,2304.844365
-225.564887,200,2305.511519
-231.830184,200,2306.178508
-221.708512,200,2306.846145
-119.040746,200,2307.519348
-124.721749,200,2308.354409
-2.573661,200,2309.026756
-115.238603,200,2309.695993
-223.38261,200,2310.365272
-219.656572,200,2311.145527
-231.182822,200,2311.816855
-119.492274,200,2312.483839
-1.067797,200,2313.151129
-126.767508,200,2313.818313
-124.960567,200,2314.486437
-119.246736,200,2315.175557
-0.207607,200,2315.995734
-116.50644,200,2316.664973
-225.835414,200,2317.332144
-216.119924,200,2318.109312
-125.09106,200,2318.781692
-118.437684,200,2319.44771
-0.30842,200,2320.115635
-125.017913,200,2320.782677
-235.164488,200,2321.449745
-219.746675,200,2322.148557
-116.974079,200,2322.950084
-309.043691,200,2323.616401
-236.528618,200,2324.285353
-297.505006,200,2325.064392
-115.529278,200,2325.73618
-0.153038,200,2326.404496
-227.758081,200,2327.072678
-117.879858,200,2327.740127
-228.111887,200,2328.407481
-0.477816,200,2329.214966
-127.481442,200,2329.902891
-222.626416,200,2330.571031
-231.525271,200,2331.238598
-114.238414,200,2332.017135
-125.299813,200,2332.692306
-1.32939,200,2333.359681
-288.500122,200,2334.027348
-230.464973,200,2334.69482
-2.26493,200,2335.404452
-131.615503,200,2336.206693
-116.501623,200,2336.871843
-114.95343,200,2337.537193
-117.600239,200,2338.201594
-114.21134,200,2338.977178
-114.642032,200,2339.645544
-118.180623,200,2340.309136
-125.248836,200,2340.973137
-126.630016,200,2341.646058
-1.190942,200,2342.31006
-1.31477,200,2342.974509
-1.383585,200,2343.638425
-117.026556,200,2344.301972
-230.601642,200,2344.966324
-115.230886,200,2345.741089
-118.00486,200,2346.409098
-129.536428,200,2347.073327
-230.602064,200,2347.736024
-119.242658,200,2348.400745
-122.90962,200,2349.064322
-123.090553,200,2349.727964
-123.613734,200,2350.390917
-129.46819,200,2351.09746
-120.565382,200,2351.80293
-123.915914,200,2352.578892
-119.52344,200,2353.246757
-128.399795,200,2353.912582
-242.171402,200,2354.576991
-116.752013,200,2355.240482
-129.869281,200,2355.904026
-117.279593,200,2356.567718
-224.089531,200,2357.231225
-115.45578,200,2357.895092
-114.260392,200,2358.561007
-117.721678,200,2359.337489
-125.277615,200,2360.006135
-119.174923,200,2360.672144
-0.668627,200,2361.338307
-310.926135,200,2362.004861
-0.869689,200,2362.669957
-124.872843,200,2363.334121
-235.39745,200,2363.99792
-116.242875,200,2364.66226
-0.176518,200,2365.326072
-118.663079,200,2366.09919
-225.709337,200,2366.767298
-272.883041,200,2367.432088
-113.351178,200,2368.095291
-264.835647,200,2368.758912
-119.631182,200,2369.422455
-116.722467,200,2370.085603
-125.581835,200,2370.749682
-115.291898,200,2371.413919
-123.670993,200,2372.077166
-119.34049,200,2372.852076
-128.607033,200,2373.523426
-236.194036,200,2374.187239
-0.145213,200,2374.852311
-232.135695,200,2375.515701
-126.403871,200,2376.180882
-0.64443,200,2376.84586
-242.254315,200,2377.522428
-237.118415,200,2378.2522
-224.36574,200,2379.248553
-234.998216,200,2380.042009
-0.357634,200,2380.72989
-124.522395,200,2381.403628
-118.645947,200,2382.076318
-124.510866,200,2382.748149
-121.665236,200,2383.419042
-218.365491,200,2384.08942
-116.708818,200,2384.759782
-118.807069,200,2385.430054
-223.336425,200,2386.100863
-121.937047,200,2386.886024
-219.783225,200,2387.560867
-114.477614,200,2388.22896
-222.42655,200,2388.898023
-293.679926,200,2389.568183
-124.476572,200,2390.236841
-119.63793,200,2390.90635
-126.669516,200,2391.575858
-125.897366,200,2392.244115
-124.333766,200,2392.912878
-299.779524,200,2393.695028
-118.356502,200,2394.37107
-229.136149,200,2395.04154
-124.4623,200,2395.711043
-119.022117,200,2396.382271
-114.804511,200,2397.051319
-0.892706,200,2397.72018
-1.004433,200,2398.388195
-218.386584,200,2399.056955
-225.224449,200,2399.72601
-125.17039,200,2400.511328
-123.413634,200,2401.186972
-124.681257,200,2401.856887
-118.764467,200,2402.52871
-123.405335,200,2403.198631
-224.796888,200,2403.866951
-216.447143,200,2404.535782
-1.843378,200,2405.205251
-126.314166,200,2405.872903
-127.525448,200,2406.544592
-125.404876,200,2407.327288
-216.883192,200,2408.006208
-299.879224,200,2408.673606
-127.904898,200,2409.340897
-310.797096,200,2410.00796
-114.807389,200,2410.679481
-124.542294,200,2411.515838
-286.990492,200,2412.402182
-124.412545,200,2413.070327
-233.770264,200,2413.738647
-225.098107,200,2414.524159
-124.804027,200,2415.197183
-0.954229,200,2415.874127
-126.772353,200,2416.540942
-227.109105,200,2417.208578
-228.924404,200,2417.876071
-115.411642,200,2418.543713
-116.574733,200,2419.210162
-3.787518,200,2419.876636
-127.446558,200,2420.541171
-118.361716,200,2421.318889
-122.807285,200,2421.989176
-121.311757,200,2422.654977
-127.258452,200,2423.405019
-279.293101,200,2424.23619
-114.483067,200,2424.910391
-122.583703,200,2425.577208
-117.942417,200,2426.243366
-127.94193,200,2426.90979
-222.102533,200,2427.576489
-226.066414,200,2428.354542
-124.411391,200,2429.029075
-119.083977,200,2429.828309
-122.82813,200,2430.523233
-114.946106,200,2431.190899
-116.525314,200,2431.875904
-118.234011,200,2432.651601
-122.979431,200,2433.322675
-221.395763,200,2433.991346
-304.287613,200,2434.66192
-235.385464,200,2435.439845
-118.568854,200,2436.110274
-242.498363,200,2436.777739
-115.601584,200,2437.443931
-309.704357,200,2438.110879
-231.823945,200,2438.77728
-223.135882,200,2439.443375
-0.35898,200,2440.111029
-242.795426,200,2440.791771
-233.832365,200,2441.607823
-120.067252,200,2442.387746
-117.951091,200,2443.058759
-127.23482,200,2443.726301
-254.5839,200,2444.394849
-234.972088,200,2445.063185
-1.344593,200,2445.730466
-0.725754,200,2446.396386
-126.435164,200,2447.19708
-242.178503,200,2447.932485
-231.191125,200,2448.601562
-2.875139,200,2449.379255
-124.38065,200,2450.053984
-224.110533,200,2450.721722
-2.783525,200,2451.387904
-123.097997,200,2452.055195
-121.486392,200,2452.721608
-128.01934,200,2453.391423
-0.154037,200,2454.229348
-226.744606,200,2454.898672
-320.294061,200,2455.566458
-120.68896,200,2456.344551
-237.197917,200,2457.018108
-115.093564,200,2457.684299
-116.4982,200,2458.349105
-120.845287,200,2459.016229
-117.368127,200,2459.682027
-127.476508,200,2460.369939
-217.560764,200,2461.178509
-117.705093,200,2461.847283
-122.877065,200,2462.514349
-118.67614,200,2463.291376
-2.347704,200,2463.961542
-124.628986,200,2464.626807
-118.847927,200,2465.293287
-116.270597,200,2465.958195
-126.926484,200,2466.624016
-117.748442,200,2467.286572
-0.304122,200,2467.949724
-234.586877,200,2468.612331
-221.499241,200,2469.316906
-215.851789,200,2470.137877
-120.757771,200,2470.805195
-117.946299,200,2471.468859
-121.228237,200,2472.132745
-118.010804,200,2472.796186
-0.601808,200,2473.459234
-127.32603,200,2474.122414
-118.849562,200,2474.786207
-227.147742,200,2475.449024
-301.248431,200,2476.11108
-127.723164,200,2476.888054
-227.713062,200,2477.564814
-117.842076,200,2478.229959
-125.394572,200,2478.899402
-120.286116,200,2479.562608
-115.224104,200,2480.226802
-2.096851,200,2480.890142
-223.748348,200,2481.554565
-119.88613,200,2482.218232
-221.864315,200,2482.882578
-215.699537,200,2483.656427
-0.865504,200,2484.324019
-123.798553,200,2484.989046
-114.628071,200,2485.663844
-264.256388,200,2486.331605
-224.727214,200,2486.995552
-236.894875,200,2487.659278
-113.986061,200,2488.322515
-126.103555,200,2488.986407
-114.071231,200,2489.64997
-228.862617,200,2490.426413
-120.606542,200,2491.094313
-1.580032,200,2491.758529
-117.690531,200,2492.423124
-122.985164,200,2493.086429
-125.809356,200,2493.750412
-0.748144,200,2494.412778
-2.086657,200,2495.075967
-128.666588,200,2495.739052
-128.524702,200,2496.401989
-116.532647,200,2497.173861
-0.418259,200,2497.842106
-1.898781,200,2498.505464
-116.908335,200,2499.168454
-227.231092,200,2499.832155
-1.08277,200,2500.495528
-126.750731,200,2501.159152
-289.20162,200,2501.824876
-227.151293,200,2502.489761
-1.417913,200,2503.154656
-114.358026,200,2503.928171
-124.555104,200,2504.596419
-117.290764,200,2505.260728
-125.209601,200,2505.924082
-124.961021,200,2506.586456
-117.499722,200,2507.248811
-130.144873,200,2507.915647
-118.295882,200,2508.61893
-119.436908,200,2509.591782
-114.26029,200,2510.261826
-3.760048,200,2511.039667
-231.412348,200,2511.714483
-120.033652,200,2512.383821
-1.130394,200,2513.192161
-124.523939,200,2513.905737
-264.52683,200,2514.573693
-227.115281,200,2515.293908
-125.692379,200,2516.040938
-1.019365,200,2516.707877
-117.583233,200,2517.406264
-220.080393,200,2518.270502
-1.21697,200,2518.943478
-120.108244,200,2519.610218
-127.303739,200,2520.27777
-128.081949,200,2520.944955
-1.645597,200,2521.611503
-127.044872,200,2522.309655
-122.376362,200,2523.100253
-116.661702,200,2523.769017
-124.97623,200,2524.435515
-226.45119,200,2525.212299
-124.288485,200,2525.883124
-241.267698,200,2526.55035
-124.696324,200,2527.216992
-126.236059,200,2527.883755
-127.096352,200,2528.549971
-294.903575,200,2529.268512
-242.366056,200,2530.084847
-121.400094,200,2530.755305
-225.95211,200,2531.422322
-237.775505,200,2532.208993
-0.986531,200,2532.880661
-115.377489,200,2533.546389
-1.345113,200,2534.214069
-0.987599,200,2534.880722
-120.03644,200,2535.546717
-221.564202,200,2536.212424
-124.214724,200,2536.878527
-115.898821,200,2537.54327
-117.982356,200,2538.20969
-227.368762,200,2538.985766
-0.938779,200,2539.6556
-125.052647,200,2540.32154
-270.77861,200,2540.986188
-118.520946,200,2541.65168
-125.312152,200,2542.358056
-113.768712,200,2543.061748
-126.016674,200,2543.737461
-123.092675,200,2544.405463
-0.599081,200,2545.074428
-114.157566,200,2545.853198
-123.287967,200,2546.522537
-116.404984,200,2547.187192
-121.793081,200,2547.852548
-223.959969,200,2548.518865
-118.644185,200,2549.184354
-118.792934,200,2550.054063
-230.993303,200,2550.847986
-115.982883,200,2551.516621
-120.20515,200,2552.21358
-223.012692,200,2553.083056
-121.684099,200,2553.755861
-129.59673,200,2554.422931
-119.698718,200,2555.091027
-300.69566,200,2555.756792
-293.06296,200,2556.426202
-0.096066,200,2557.215278
-114.119632,200,2557.88544
-121.909124,200,2558.552602
-115.160404,200,2559.21958
-116.241815,200,2559.99623
-219.524203,200,2560.676673
-123.531238,200,2561.341816
-0.171095,200,2562.008684
-226.544136,200,2562.678794
-119.048307,200,2563.345581
-124.521202,200,2564.009774
-224.83239,200,2564.804836
-117.978356,200,2565.508751
-125.847699,200,2566.176035
-122.272726,200,2566.954071
-304.721581,200,2567.628968
-232.248576,200,2568.296026
-119.91304,200,2568.962602
-221.845618,200,2569.628841
-224.654184,200,2570.294976
-0.329695,200,2571.021283
-0.844382,200,2571.801757
-277.497636,200,2572.469256
-125.288213,200,2573.136165
-216.255111,200,2573.919517
-261.10496,200,2574.591239
-118.317743,200,2575.257786
-125.204179,200,2575.923809
-116.225388,200,2576.590245
-125.981802,200,2577.256215
-218.834121,200,2577.922204
-117.357972,200,2578.717093
-118.582236,200,2579.426635
-228.045354,200,2580.093884
-129.681531,200,2580.869236
-118.425548,200,2581.542073
-125.707478,200,2582.208923
-120.822182,200,2582.876618
-120.503379,200,2583.542807
-120.332012,200,2584.209522
-218.053342,200,2584.899191
-118.310146,200,2585.741231
-227.732186,200,2586.407895
-298.650008,200,2587.076846
-125.789321,200,2587.859754
-1.128901,200,2588.530995
-114.899182,200,2589.194156
-122.410018,200,2589.859669
-124.558736,200,2590.522872
-121.302187,200,2591.185869
-126.85815,200,2591.848947
-123.343728,200,2592.5119
-122.254532,200,2593.178162
-233.990813,200,2593.841702
-116.617583,200,2594.617965
-224.814459,200,2595.284989
-1.341384,200,2595.948658
-120.30151,200,2596.612006
-220.451137,200,2597.274998
-302.336788,200,2597.937902
-125.465048,200,2598.600305
-119.062661,200,2599.302677
-122.372082,200,2600.007922
-0.361385,200,2600.6741
-120.833709,200,2601.448864
-127.472509,200,2602.118252
-116.809403,200,2602.78259
-2.641998,200,2603.447559
-220.355061,200,2604.109894
-301.314394,200,2604.774481
-117.282835,200,2605.437694
-225.453307,200,2606.100854
-118.06465,200,2606.765445
-118.820305,200,2607.428255
-128.213919,200,2608.2021
-120.167599,200,2608.869606
-223.785822,200,2609.533327
-228.268461,200,2610.196263
-243.854891,200,2610.85897
-116.65663,200,2611.521537
-119.420909,200,2612.183587
-295.512708,200,2612.846673
-116.174041,200,2613.508239
-122.571176,200,2614.170671
-237.621154,200,2614.944752
-118.793202,200,2615.620878
-122.755318,200,2616.287041
-128.179725,200,2616.949487
-226.090322,200,2617.612554
-118.389869,200,2618.275092
-231.20803,200,2618.937598
-228.698772,200,2619.598975
-0.884896,200,2620.262395
-1.356739,200,2620.924849
-0.538845,200,2621.700077
-1.801101,200,2622.366711
-117.67642,200,2623.029584
-227.259718,200,2623.692758
-121.714836,200,2624.356862
-125.254475,200,2625.020278
-217.590609,200,2625.68312
-128.217183,200,2626.345494
-116.612611,200,2627.007175
-218.691625,200,2627.669732
-1.31045,200,2628.443654
-124.232923,200,2629.111272
-215.8688,200,2629.773921
-117.038983,200,2630.437175
-231.976904,200,2631.099751
-220.530299,200,2631.763208
-301.558973,200,2632.425839
-127.719312,200,2633.088932
-0.510254,200,2633.751412
-225.046045,200,2634.414564
-230.521519,200,2635.189575
-219.247833,200,2635.859136
-121.565315,200,2636.52273
-272.857879,200,2637.186471
-272.763693,200,2637.850568
-0.412329,200,2638.51478
-221.679388,200,2639.176625
-117.522818,200,2639.839538
-118.307964,200,2640.502503
-318.110163,200,2641.165402
-220.851397,200,2641.941101
-242.848326,200,2642.608567
-118.122592,200,2643.272292
-1.892528,200,2643.935449
-216.824451,200,2644.599676
-114.543289,200,2645.263162
-126.147375,200,2645.926748
-117.202774,200,2646.589105
-311.951466,200,2647.251954
-124.848846,200,2647.915061
-225.461212,200,2648.688352
-225.119148,200,2649.355816
-267.617334,200,2650.019312
-124.934449,200,2650.681863
-119.483616,200,2651.345681
-120.494909,200,2652.008065
-1.776682,200,2652.671233
-116.718995,200,2653.333596
-215.670477,200,2653.996247
-118.362443,200,2654.659163
-288.156328,200,2655.432748
-123.956786,200,2656.10188
-117.106873,200,2656.76539
-128.25612,200,2657.427982
-238.839523,200,2658.091568
-0.458402,200,2658.756185
-125.380139,200,2659.418246
-126.996924,200,2660.081072
-118.515318,200,2660.743966
-229.915528,200,2661.406772
-0.336444,200,2662.180582
-307.802138,200,2662.850065
-227.018461,200,2663.51356
-216.987645,200,2664.176893
-0.723766,200,2664.853139
-120.457388,200,2665.519402
-117.20311,200,2666.186666
-0.279974,200,2666.854326
-1.073539,200,2667.521706
-127.943696,200,2668.186124
-217.295769,200,2668.963245
-119.050248,200,2669.632944
-237.06284,200,2670.298879
-115.565953,200,2670.97736
-115.607654,200,2671.967102
-1.416234,200,2672.639324
-119.731171,200,2673.307465
-115.052119,200,2673.975624
-225.834403,200,2674.645762
-119.045744,200,2675.496015
-238.451965,200,2676.277214
-229.023684,200,2676.9496
-229.781735,200,2677.619112
-239.06137,200,2678.286764
-220.826948,200,2678.95361
-124.9451,200,2679.620902
-216.324269,200,2680.355196
-123.761475,200,2681.083755
-1.69909,200,2681.750753
-129.830877,200,2682.41991
-0.381991,200,2683.196484
-226.65448,200,2683.86876
-315.600645,200,2684.534998
-260.955662,200,2685.200587
-116.173328,200,2685.865937
-123.039295,200,2686.531523
-116.37941,200,2687.198786
-113.697621,200,2687.86336
-0.435612,200,2688.52794
-116.217056,200,2689.228277
-235.534491,200,2690.044975
-1.427752,200,2690.876045
-0.923905,200,2691.711301
-129.559163,200,2692.380112
-227.484938,200,2693.048302
-223.79864,200,2693.718983
-115.501865,200,2694.571901
-125.690501,200,2695.242128
-222.133538,200,2695.908828
-116.342483,200,2696.576186
-117.021766,200,2697.353718
-0.586514,200,2698.025378
-116.466161,200,2698.691236
-116.006523,200,2699.3585
-116.049024,200,2700.024975
-118.312682,200,2700.689258
-114.711451,200,2701.354126
-5.45918,200,2702.049601
-116.433692,200,2702.871884
-233.201896,200,2703.53925
-116.315247,200,2704.317496
-118.185047,200,2704.993728
-126.840894,200,2705.662074
-0.175467,200,2706.326721
-314.615856,200,2706.990625
-118.993083,200,2707.656782
-240.547967,200,2708.395565
-120.742245,200,2709.162673
-227.199393,200,2709.830907
-218.95884,200,2710.497953
-217.257556,200,2711.276443
-125.964748,200,2711.949168
-306.143411,200,2712.616747
-129.253462,200,2713.282633
-114.912305,200,2713.948983
-123.418031,200,2714.615016
-228.811032,200,2715.282588
-117.887649,200,2716.073404
-124.36654,200,2716.789251
-218.075135,200,2717.4573
-216.917641,200,2718.236294
-0.140879,200,2718.913148
-215.074664,200,2719.580889
-216.418894,200,2720.24703
-218.607045,200,2720.914135
-125.056185,200,2721.582481
-115.334184,200,2722.439199
-117.569126,200,2723.108086
-125.576465,200,2723.773893
-116.892241,200,2724.439936
-117.768113,200,2725.217224
-128.332325,200,2725.889825
-116.751485,200,2726.551977
-1.559843,200,2727.215324
-1.116925,200,2727.878202
-227.13364,200,2728.539801
-0.450769,200,2729.202273
-222.772265,200,2729.864714
-118.379207,200,2730.527864
-120.455904,200,2731.190348
-218.450503,200,2731.964949
-0.28954,200,2732.672544
-118.41771,200,2733.375179
-0.116819,200,2734.0398
-297.947932,200,2734.701969
-225.294659,200,2735.364847
-0.145394,200,2736.02727
-119.882976,200,2736.689845
-126.75372,200,2737.35292
-116.98054,200,2738.015759
-115.52246,200,2738.789284
-217.749777,200,2739.455396
-120.86447,200,2740.118771
-127.495232,200,2740.781861
-224.755003,200,2741.444603
-223.27951,200,2742.106844
-121.646746,200,2742.768975
-126.509362,200,2743.431382
-118.334271,200,2744.094966
-118.358968,200,2744.758923
-126.986146,200,2745.533373
-126.352614,200,2746.200985
-342.183246,200,2746.864654
-248.622776,200,2747.527047
-118.547667,200,2748.188967
-114.049561,200,2748.850684
-117.312632,200,2749.514789
-216.203747,200,2750.176445
-244.172443,200,2750.839181
-1.15483,200,2751.501266
-121.594376,200,2752.277599
-118.26422,200,2752.957869
-0.264525,200,2753.622017
-235.842885,200,2754.285367
-118.714351,200,2754.950744
-303.3724,200,2755.613321
-125.2506,200,2756.277757
-0.333552,200,2756.939994
-117.06604,200,2757.603918
-217.845986,200,2758.266836
-117.19702,200,2759.048148
-235.701908,200,2759.715803
-114.309259,200,2760.379445
-1.004176,200,2761.041667
-119.992379,200,2761.703162
-221.16624,200,2762.366314
-2.874309,200,2763.027763
-227.854947,200,2763.690319
-216.859658,200,2764.35157
-117.297869,200,2765.015959
-120.854439,200,2765.787704
-227.561186,200,2766.454947
-126.276345,200,2767.118184
-1.389641,200,2767.780133
-122.959531,200,2768.442188
-116.490497,200,2769.103355
-0.503627,200,2769.765982
-125.808963,200,2770.428792
-122.095074,200,2771.090657
-114.617575,200,2771.751862
-123.677521,200,2772.524758
-220.149878,200,2773.193484
-2.737416,200,2773.856897
-217.757168,200,2774.519981
-118.368927,200,2775.181937
-225.323853,200,2775.844441
-129.973644,200,2776.506676
-122.922753,200,2777.16853
-126.463836,200,2777.830975
-5.229053,200,2778.493335
-1.566341,200,2779.268301
-1.182295,200,2779.936065
-0.98329,200,2780.598966
-127.712237,200,2781.265902
-123.008308,200,2781.93185
-124.894229,200,2782.598781
-218.132448,200,2783.26614
-282.123985,200,2783.934053
-120.971031,200,2784.602016
-217.870504,200,2785.465903
-125.694407,200,2786.338676
-114.586824,200,2787.011625
-123.149251,200,2787.681067
-116.155994,200,2788.34797
-119.254233,200,2789.079341
-217.867776,200,2789.823171
-1.880468,200,2790.491705
-2.231236,200,2791.159367
-114.98983,200,2791.826148
-223.302927,200,2792.493208
-0.609534,200,2793.26981
-117.475753,200,2793.939842
-117.469286,200,2794.606268
-125.253384,200,2795.27159
-117.23389,200,2795.937308
-228.985196,200,2796.603597
-220.582017,200,2797.268058
-125.737916,200,2797.932927
-123.826802,200,2798.598197
-116.498436,200,2799.264273
-113.827873,200,2800.039385
-118.447969,200,2800.707659
-119.035138,200,2801.373923
-122.299643,200,2802.074299
-1.694104,200,2802.779766
-275.912663,200,2803.446372
-236.54211,200,2804.11078
-127.707597,200,2804.776263
-117.103331,200,2805.442527
-1.033219,200,2806.107683
-114.123878,200,2806.883786
-219.696241,200,2807.55495
-221.024899,200,2808.223508
-121.33379,200,2808.889826
-224.89338,200,2809.554891
-117.524984,200,2810.218976
-309.265425,200,2810.88555
-222.364299,200,2811.548618
-328.66057,200,2812.213128
-118.484253,200,2812.878681
-119.09928,200,2813.655069
-226.955774,200,2814.325553
-125.44296,200,2814.99034
-318.937298,200,2815.654664
-114.325175,200,2816.511876
-119.207306,200,2817.316852
-225.940203,200,2817.984405
-230.010116,200,2818.651064
-226.199287,200,2819.318275
-294.098294,200,2819.983885
-260.19984,200,2820.766298
-1.2822,200,2821.438186
-311.305607,200,2822.104601
-232.70987,200,2822.771456
-119.301846,200,2823.480224
-118.58544,200,2824.294102
-227.899646,200,2824.962779
-121.123976,200,2825.629567
-114.65029,200,2826.295929
-122.903572,200,2826.963064
-124.313288,200,2827.738897
-118.431493,200,2828.410265
-128.289568,200,2829.07515
-118.247227,200,2829.740799
-216.19209,200,2830.576019
-0.61006,200,2831.260795
-114.127332,200,2831.926851
-127.00561,200,2832.5932
-0.201795,200,2833.260434
-120.6213,200,2833.92756
-295.438553,200,2834.704307
-236.682525,200,2835.375461
-0.606822,200,2836.041834
-124.912338,200,2836.709622
-114.685346,200,2837.466777
-125.752531,200,2838.236154
-229.575154,200,2838.904059
-119.899641,200,2839.571283
-126.07186,200,2840.237367
-120.513423,200,2840.903335
-122.312424,200,2841.682408
-295.098923,200,2842.353692
-223.028394,200,2843.020843
-0.451154,200,2843.73839
-217.523229,200,2844.567024
-126.307626,200,2845.23682
-116.548725,200,2845.900658
-124.011608,200,2846.564375
-117.575112,200,2847.22896
-129.144568,200,2847.893744
-216.138901,200,2848.668712
-230.329401,200,2849.336389
-118.322524,200,2849.999456
-115.743702,200,2850.662086
-115.602122,200,2851.323963
-220.197307,200,2851.985979
-237.780577,200,2852.647926
-0.884945,200,2853.310077
-1.105852,200,2853.971869
-238.752851,200,2854.634059
-117.913209,200,2855.407402
-304.006966,200,2856.074535
-258.443467,200,2856.736388
-123.221535,200,2857.433381
-120.413553,200,2858.131763
-118.405786,200,2858.795788
-1.678859,200,2859.458366
-117.138884,200,2860.121092
-0.472904,200,2860.783352
-126.307262,200,2861.454366
-117.177942,200,2862.229505
-129.026573,200,2862.897001
-3.830833,200,2863.5606
-120.554825,200,2864.224019
-4.028621,200,2864.888248
-126.183294,200,2865.55016
-118.272022,200,2866.211702
-117.885994,200,2866.875005
-116.368314,200,2867.537511
-126.036774,200,2868.199774
-122.867524,200,2868.974921
-119.106282,200,2869.641912
-298.543851,200,2870.303779
-118.2799,200,2870.966555
-115.178522,200,2871.628783
-0.997617,200,2872.291972
-117.273402,200,2872.953864
-118.68969,200,2873.616003
-1.301734,200,2874.27838
-229.626257,200,2874.940935
-124.334244,200,2875.714447
-117.549649,200,2876.38268
-117.227961,200,2877.045105
-224.660296,200,2877.708728
-119.110221,200,2878.373761
-263.791028,200,2879.038767
-303.875544,200,2879.702837
-0.835849,200,2880.367816
-118.482486,200,2881.032041
-127.724714,200,2881.696662
-117.217931,200,2882.58805
-127.344487,200,2883.463186
-222.551214,200,2884.130198
-116.344848,200,2884.797815
-2.371389,200,2885.464169
-125.004473,200,2886.13134
-0.371643,200,2886.864489
-124.525604,200,2887.655087
-222.920697,200,2888.323208
-130.629448,200,2888.989044
-124.648894,200,2889.773479
-125.204961,200,2890.449465
-131.085399,200,2891.116719
-116.289232,200,2891.783824
-129.962151,200,2892.450056
-0.816658,200,2893.116382
-240.319832,200,2893.946841
-118.588836,200,2894.620593
-231.971148,200,2895.288353
-226.349492,200,2895.954675
-237.300518,200,2896.733606
-124.871943,200,2897.405428
-228.380907,200,2898.071848
-125.176471,200,2898.736251
-120.453021,200,2899.402717
-120.605272,200,2900.067811
-123.701449,200,2900.875762
-224.293797,200,2901.571972
-121.888794,200,2902.239265
-301.576142,200,2902.904223
-116.14231,200,2903.682072
-116.229346,200,2904.354583
-1.927672,200,2905.031469
-214.685553,200,2905.696663
-227.908957,200,2906.362523
-118.550635,200,2907.027392
-219.117593,200,2907.822037
-114.56902,200,2908.531848
-118.231084,200,2909.198246
-1.21981,200,2909.867884
-224.241933,200,2910.644537
-220.562662,200,2911.315984
-124.121594,200,2911.981176
-228.54759,200,2912.647544
-0.731433,200,2913.314259
-304.7137,200,2913.979671
-296.367665,200,2914.785403
-118.377611,200,2915.502125
-1.384734,200,2916.168222
-1.507428,200,2916.833001
-125.5204,200,2917.609479
-120.799009,200,2918.277583
-216.345644,200,2918.943845
-119.213968,200,2919.610041
-228.266461,200,2920.274564
-118.683223,200,2920.938383
-220.970504,200,2921.604236
-132.873734,200,2922.267704
-119.881585,200,2923.0244
-231.501436,200,2923.765864
-220.42391,200,2924.545095
-219.727409,200,2925.216783
-220.65511,200,2925.88378
-114.376462,200,2926.54977
-128.457424,200,2927.214502
-129.909102,200,2927.878397
-121.532583,200,2928.546329
-117.002938,200,2929.331566
-116.507803,200,2929.999857
-114.138906,200,2930.665288
-122.982825,200,2931.447946
-116.783194,200,2932.120908
-117.551301,200,2932.786413
-224.377215,200,2933.452511
-227.398244,200,2934.118815
-122.184353,200,2934.786555
-233.093847,200,2935.605551
-113.920134,200,2936.283233
-121.78629,200,2936.949671
-236.830595,200,2937.615956
-295.0888,200,2938.392572
-228.122741,200,2939.061202
-119.859884,200,2939.72654
-240.118402,200,2940.390087
-239.139733,200,2941.053029
-118.600847,200,2941.718105
-120.251862,200,2942.380464
-119.622542,200,2943.044035
-225.477768,200,2943.707743
-118.831076,200,2944.371334
-114.479292,200,2945.146475
-274.869028,200,2945.814922
-126.355279,200,2946.479445
-122.289818,200,2947.142408
-218.148121,200,2947.805098
-127.665839,200,2948.467872
-1.741881,200,2949.174234
-125.621573,200,2949.875595
-117.739528,200,2950.538765
-126.607634,200,2951.201317
-2.082449,200,2951.975611
-121.843333,200,2952.644011
-113.758197,200,2953.306921
-234.579588,200,2953.971652
-0.689946,200,2954.635475
-118.656676,200,2955.29876
-0.400838,200,2955.961936
-230.20608,200,2956.624012
-3.212603,200,2957.286996
-128.238057,200,2957.950212
-2.353074,200,2958.726053
-219.401767,200,2959.411081
-220.081714,200,2960.078043
-130.158916,200,2960.741577
-121.409878,200,2961.403949
-117.459838,200,2962.101438
-242.482891,200,2962.7814
-124.105422,200,2963.445929
-122.961832,200,2964.110014
-3.731019,200,2964.77466
-119.220468,200,2965.55004
-113.716237,200,2966.218076
-129.15949,200,2966.881667
-117.522488,200,2967.545032
-222.873217,200,2968.207843
-217.684849,200,2968.870614
-1.206817,200,2969.533663
-115.152786,200,2970.196964
-228.458834,200,2970.859946
-119.021701,200,2971.521924
-116.918133,200,2972.295702
-119.406623,200,2972.962422
-124.586298,200,2973.62519
-119.957091,200,2974.287329
-119.5558,200,2974.95053
-1.054695,200,2975.613811
-127.365704,200,2976.280479
-123.407551,200,2976.945177
-120.447914,200,2977.609649
-220.773912,200,2978.27321
-124.314664,200,2979.096343
-118.542744,200,2980.070769
-218.896684,200,2980.748587
-115.287809,200,2981.454932
-218.467289,200,2982.2284
-114.049387,200,2982.895966
-127.424377,200,2983.562846
-322.816519,200,2984.228019
-296.35653,200,2984.896483
-128.031376,200,2985.561504
-125.542135,200,2986.337981
-118.512261,200,2987.011694
-113.105063,200,2987.750447
-0.74512,200,2988.481035
-119.322685,200,2989.146148
-116.999982,200,2989.811983
-254.547925,200,2990.478366
-125.289082,200,2991.184746
-233.765871,200,2991.934919
-1.856112,200,2992.603678
-126.131257,200,2993.383366
-3.836571,200,2994.056965
-223.902454,200,2994.724533
-124.312515,200,2995.391437
-231.807981,200,2996.055827
-248.901102,200,2996.78441
-118.956032,200,2997.547676
-236.224103,200,2998.217342
-116.829786,200,2998.884398
-121.572238,200,2999.552159
-218.278058,200,3000.33248
-124.098625,200,3001.00305
-232.342345,200,3001.669457
-277.368139,200,3002.334931
-218.080697,200,3003.000128
-114.743234,200,3003.667986
-220.493771,200,3004.351185
-123.96912,200,3005.165204
-125.669206,200,3005.833331
-226.88406,200,3006.500847
-230.932605,200,3007.282894
-123.96436,200,3007.954771
-117.830896,200,3008.620429
-307.812301,200,3009.286538
-118.97335,200,3009.953064
-122.370887,200,3010.618114
-239.935399,200,3011.372599
-295.296383,200,3012.123561
-118.893845,200,3012.789898
-125.414064,200,3013.45809
-218.959525,200,3014.234568
-124.56409,200,3014.907639
-119.640347,200,3015.575312
-300.286923,200,3016.24056
-123.570962,200,3016.908425
-118.918908,200,3017.574395
-118.538314,200,3018.242767
-118.877645,200,3019.063288
-123.984037,200,3019.7446
-114.048524,200,3020.411124
-226.361524,200,3021.188012
-0.47094,200,3021.86143
-298.124004,200,3022.525225
-127.616569,200,3023.191154
-127.357914,200,3023.857039
-114.378735,200,3024.522704
-127.262844,200,3025.209933
-221.919189,200,3026.027357
-122.012075,200,3026.707426
-1.205362,200,3027.39299
-329.78191,200,3028.17154
-123.603558,200,3028.844514
-119.110212,200,3029.510172
-0.639868,200,3030.176035
-115.93186,200,3030.841735
-115.738805,200,3031.515736
-120.701198,200,3032.338697
-115.874849,200,3033.00463
-128.741178,200,3033.67082
-121.191101,200,3034.338351
-1.563353,200,3035.117299
-121.002369,200,3035.79494
-118.002102,200,3036.461336
-123.274656,200,3037.126522
-120.787961,200,3037.792389
-120.616114,200,3038.45751
-119.654513,200,3039.122088
-318.51307,200,3039.954537
-0.462937,200,3040.642727
-118.412572,200,3041.308432
-126.90944,200,3042.085929
-217.059291,200,3042.757144
-126.45374,200,3043.425627
-127.86666,200,3044.091849
-313.03521,200,3044.761305
-123.171438,200,3045.430841
-128.560898,200,3046.230862
-119.268718,200,3046.971181
-128.055082,200,3047.63716
-239.917888,200,3048.303051
-119.329462,200,3049.081423
-118.197298,200,3049.751985
-224.246646,200,3050.416732
-225.713571,200,3051.081452
-124.497495,200,3051.746025
-120.769046,200,3052.413939
-128.039244,200,3053.221796
-117.196381,200,3053.916068
-219.078407,200,3054.584175
-123.396912,200,3055.251058
-2.223027,200,3056.029266
-117.142268,200,3056.700496
-125.524055,200,3057.368035
-302.357421,200,3058.033353
-219.75453,200,3058.696898
-221.227062,200,3059.359661
-2.976238,200,3060.023295
-121.461722,200,3060.686307
-246.958502,200,3061.348601
-222.701756,200,3062.056237
-231.377629,200,3062.874605
-309.189374,200,3063.541769
-120.193647,200,3064.203794
-121.630222,200,3064.867375
-1.606045,200,3065.529991
-293.804482,200,3066.192481
-117.069474,200,3066.85518
-232.781285,200,3067.517807
-0.49586,200,3068.179534
-0.323971,200,3068.842571
-222.60179,200,3069.616829
-295.100157,200,3070.28338
-226.486943,200,3070.946129
-217.00784,200,3071.607798
-121.941877,200,3072.270227
-120.363088,200,3072.933385
-222.733051,200,3073.594868
-234.09843,200,3074.257212
-117.182771,200,3074.919093
-120.088159,200,3075.581122
-225.179296,200,3076.353229
-118.354148,200,3077.020989
-0.221568,200,3077.682802
-116.310885,200,3078.345085
-120.244267,200,3079.007823
-324.016197,200,3079.670271
-121.364083,200,3080.333292
-122.623338,200,3080.995374
-308.277714,200,3081.658338
-116.715468,200,3082.320939
-226.711068,200,3083.094083
-0.811991,200,3083.762745
-279.283917,200,3084.424829
-116.37715,200,3085.087915
-121.167862,200,3085.750831
-225.51138,200,3086.412367
-112.918608,200,3087.074257
-114.093776,200,3087.735832
-222.151673,200,3088.397802
-1.845989,200,3089.0613
-116.061329,200,3089.833829
-215.753249,200,3090.500266
-230.710254,200,3091.161731
-116.779503,200,3091.823626
-224.864507,200,3092.485802
-120.657813,200,3093.147932
-113.639835,200,3093.809572
-221.22811,200,3094.4707
-216.826362,200,3095.132861
-116.48278,200,3095.795476
-118.513195,200,3096.569138
-116.059759,200,3097.237393
-241.396064,200,3097.899975
-115.24086,200,3098.5632
-128.949445,200,3099.224906
-230.274584,200,3099.88627
-225.754096,200,3100.548476
-118.385198,200,3101.210299
-122.33142,200,3101.872244
-231.911771,200,3102.533968
-234.756864,200,3103.314501
-114.367065,200,3103.982949
-120.470647,200,3104.646118
-215.829167,200,3105.307884
-118.008578,200,3105.970658
-127.689496,200,3106.633599
-128.473043,200,3107.296608
-120.954349,200,3107.959601
-286.881735,200,3108.622085
-1.254064,200,3109.284436
-242.084348,200,3110.057451
-306.134676,200,3110.724124
-120.663289,200,3111.38835
-278.895517,200,3112.051686
-119.465711,200,3112.714444
-117.725649,200,3113.377465
-118.741125,200,3114.039827
-233.429029,200,3114.704182
-223.225952,200,3115.368409
-115.185791,200,3116.031001
-220.814775,200,3116.805855
-223.766928,200,3117.472873
-124.805804,200,3118.135884
-232.843024,200,3118.799051
-222.158307,200,3119.46186
-119.730823,200,3120.13339
-227.18696,200,3120.803371
-116.786591,200,3121.795282
-123.851829,200,3122.47726
-114.719333,200,3123.143681
-116.554773,200,3123.922852
-118.967055,200,3124.591273
-226.855558,200,3125.256599
-126.881244,200,3125.921935
-0.395249,200,3126.709343
-228.720872,200,3127.440721
-127.080529,200,3128.108254
-1.444212,200,3128.774974
-115.603371,200,3129.440789
-119.463808,200,3130.105862
-118.936425,200,3130.882904
-230.510536,200,3131.557174
-119.525326,200,3132.223249
-119.306737,200,3132.889372
-116.341872,200,3133.555569
-0.743554,200,3134.220122
-2.293175,200,3134.884522
-229.77952,200,3135.549087
-126.29607,200,3136.214899
-116.190299,200,3136.880056
-224.991879,200,3137.655448
-229.589225,200,3138.3691
-118.679721,200,3139.074869
-118.561546,200,3139.739541
-124.031944,200,3140.404601
-117.516693,200,3141.070505
-223.543595,200,3142.000991
-226.952196,200,3142.742843
-118.370891,200,3143.40967
-124.79354,200,3144.075087
-305.833722,200,3144.861815
-220.890344,200,3145.543023
-124.232868,200,3146.210116
-116.646173,200,3146.984345
-115.427848,200,3147.730245
-119.818695,200,3148.397288
-116.357237,200,3149.06212
-229.042365,200,3149.729025
-117.305613,200,3150.394249
-0.285058,200,3151.059546
-120.784314,200,3151.834572
-1.04421,200,3152.505558
-1.109903,200,3153.17029
-304.570592,200,3153.886177
-113.903083,200,3154.672195
-125.754397,200,3155.339845
-122.769186,200,3156.004476
-114.942788,200,3156.671157
-117.026462,200,3157.431575
-122.676914,200,3158.129975
-122.647139,200,3158.945465
-117.671033,200,3159.617984
-226.851831,200,3160.285206
-0.796868,200,3160.950336
-219.325924,200,3161.614453
-216.940426,200,3162.381036
-119.143713,200,3163.046595
-118.760407,200,3163.711627
-122.597956,200,3164.385068
-120.682305,200,3165.050903
-119.527469,200,3165.991492
-225.745836,200,3166.664425
-118.938156,200,3167.329588
-118.289477,200,3167.995619
-120.620867,200,3168.661554
-235.587965,200,3169.329906
-116.464531,200,3170.115044
-117.505347,200,3170.785054
-1.763305,200,3171.450933
-118.633309,200,3172.116632
-1.014125,200,3172.89343
-119.98709,200,3173.564588
-218.615121,200,3174.241818
-119.311498,200,3174.908225
-2.223322,200,3175.573778
-119.645004,200,3176.240293
-119.613411,200,3177.069124
-116.3955,200,3177.737198
-120.105723,200,3178.402996
-218.410892,200,3179.069204
-129.480009,200,3179.846048
-0.797765,200,3180.514324
-249.904949,200,3181.177884
-117.450989,200,3181.839647
-125.446464,200,3182.500832
-0.780632,200,3183.162752
-238.624024,200,3183.824441
-126.412566,200,3184.485888
-113.868631,200,3185.148518
-124.594378,200,3185.809346
-121.402988,200,3186.581717
-116.512333,200,3187.248294
-275.180871,200,3187.910327
-117.749385,200,3188.571519
-121.020188,200,3189.233634
-268.850989,200,3189.894394
-221.56841,200,3190.555931
-124.161162,200,3191.257673
-300.667295,200,3191.95886
-2.717998,200,3192.62004
-306.35561,200,3193.394451
-0.349686,200,3194.061655
-124.962444,200,3194.724182
-124.106568,200,3195.385739
-223.739649,200,3196.046231
-122.230203,200,3196.707527
-119.958143,200,3197.368625
-0.81685,200,3198.029983
-3.705249,200,3198.691163
-121.276925,200,3199.351827
-116.733741,200,3200.125111
-127.936676,200,3200.790362
-123.159479,200,3201.452266
-240.705113,200,3202.113751
-116.200468,200,3202.776465
-3.214796,200,3203.43782
-126.877881,200,3204.099334
-117.330549,200,3204.76197
-125.946736,200,3205.423652
-114.460887,200,3206.085459
-118.511406,200,3206.857529
-226.357076,200,3207.524078
-120.767657,200,3208.185738
-127.112133,200,3208.846945
-3.371234,200,3209.508734
-121.173057,200,3210.171153
-120.610237,200,3210.832908
-121.340394,200,3211.49461
-125.804596,200,3212.156015
-2.904505,200,3212.817834
-286.689888,200,3213.590134
-117.275487,200,3214.255908
-120.438806,200,3214.918343
-119.288287,200,3215.580835
-116.080959,200,3216.242538
-117.57953,200,3216.905304
-237.292669,200,3217.566013
-285.267976,200,3218.227593
-1.533346,200,3218.888372
-225.262966,200,3219.549547
-129.328598,200,3220.322535
-290.347768,200,3220.990426
-127.152789,200,3221.653311
-224.104567,200,3222.315593
-238.780303,200,3222.977945
-119.415572,200,3223.639499
-118.517218,200,3224.301539
-118.577652,200,3224.964316
-119.948807,200,3225.625279
-1.691961,200,3226.286027
-123.674005,200,3227.059904
-124.464748,200,3227.726087
-117.334356,200,3228.387755
-235.310378,200,3229.049124
-243.036395,200,3229.710249
-1.469659,200,3230.373351
-1.13949,200,3231.03565
-127.693328,200,3231.69901
-129.401498,200,3232.363692
-114.154368,200,3233.027893
-118.70866,200,3233.929931
-227.803968,200,3234.797808
-116.978993,200,3235.463806
-117.248804,200,3236.129104
-235.088858,200,3236.794462
-119.149592,200,3237.460331
-241.966845,200,3238.126664
-126.213189,200,3238.79298
-218.970529,200,3239.458033
-116.583989,200,3240.122108
-118.560415,200,3240.899466
-118.053732,200,3241.570198
-123.670428,200,3242.234748
-124.039706,200,3242.900215
-125.438384,200,3243.56583
-124.039998,200,3244.230335
-220.251201,200,3244.898972
-294.083315,200,3245.563045
-1.087981,200,3246.227164
-4.947118,200,3246.891498
-117.56795,200,3247.666775
-120.977997,200,3248.337187
-218.754955,200,3249.001927
-245.262285,200,3249.66665
-118.036704,200,3250.330568
-1.521472,200,3251.031673
-219.703881,200,3251.736333
-127.962868,200,3252.406159
-118.461441,200,3253.069062
-123.491307,200,3253.733078
-219.557089,200,3254.508041
-231.345739,200,3255.177393
-216.514183,200,3255.841974
-222.48246,200,3256.505892
-120.41284,200,3257.169283
-221.85674,200,3257.832376
-126.520317,200,3258.496371
-122.880812,200,3259.160248
-0.513654,200,3259.824495
-119.449149,200,3260.489013
-224.213086,200,3261.263811
-115.622511,200,3261.933004
-228.538126,200,3262.596796
-1.83108,200,3263.260238
-113.260263,200,3263.923929
-115.205957,200,3264.590436
-271.125111,200,3265.260455
-278.471451,200,3265.925062
-120.43962,200,3266.588682
-122.501559,200,3267.250981
-115.943582,200,3268.02606
-232.92615,200,3268.695186
-114.214118,200,3269.359396
-238.389258,200,3270.029712
-296.175233,200,3270.999739
-126.252203,200,3271.669279
-231.837104,200,3272.334933
-123.482881,200,3273.000261
-220.227208,200,3273.665544
-222.287225,200,3274.330108
-115.880925,200,3275.11346
-0.242347,200,3275.786246
-127.328873,200,3276.453278
-115.663807,200,3277.119182
-217.289435,200,3277.872181
-1.872962,200,3278.640752
-287.046351,200,3279.306126
-117.166272,200,3279.971286
-126.485364,200,3280.636662
-0.879065,200,3281.395423
-117.81027,200,3282.20726
-226.218575,200,3282.879252
-290.13531,200,3283.54464
-278.418491,200,3284.212096
-114.663869,200,3284.997928
-226.372261,200,3285.667359
-114.037372,200,3286.333243
-116.508354,200,3286.99883
-125.103434,200,3287.731117
-119.415097,200,3288.485713
-118.244508,200,3289.265897
-117.521842,200,3289.936741
-284.5172,200,3290.603453
-118.238642,200,3291.27163
-117.058985,200,3291.93909
-132.614267,200,3292.60406
-126.073354,200,3293.31561
-223.154833,200,3294.088203
-225.586867,200,3294.755043
-289.484315,200,3295.421414
-123.028614,200,3296.198218
-216.14173,200,3296.869447
-5.581043,200,3297.535378
-219.159839,200,3298.200324
-224.327015,200,3298.867148
-235.218774,200,3299.53119
-303.464202,200,3300.233397
-121.511759,200,3301.028612
-119.509302,200,3301.695381
-217.505267,200,3302.358882
-238.350006,200,3303.133541
-117.145508,200,3303.801422
-0.260696,200,3304.465851
-115.992623,200,3305.129627
-128.756714,200,3305.792133
-0.811628,200,3306.454868
-125.646292,200,3307.117076
-122.663774,200,3307.778443
-280.650049,200,3308.440704
-127.721188,200,3309.103042
-117.834717,200,3309.876246
-120.942106,200,3310.543403
-123.574882,200,3311.205744
-215.664879,200,3311.868939
-122.962983,200,3312.531489
-123.008066,200,3313.194944
-0.448249,200,3313.857845
-116.186991,200,3314.519881
-1.552687,200,3315.181388
-237.28005,200,3315.844063
-0.437737,200,3316.617832
-1.4015,200,3317.284591
-0.480662,200,3317.94832
-221.84079,200,3318.610673
-119.196414,200,3319.273115
-214.831191,200,3319.976775
-118.483877,200,3320.677462
-318.772501,200,3321.34124
-124.848568,200,3322.00368
-221.397654,200,3322.66613
-234.425365,200,3323.440213
-117.135474,200,3324.105568
-120.713024,200,3324.769823
-115.792912,200,3325.43249
-117.232507,200,3326.09513
-285.126846,200,3326.756685
-221.743495,200,3327.418593
-121.130771,200,3328.08222
-245.726537,200,3328.74325
-299.452602,200,3329.405589
-118.339416,200,3330.180222
-124.975429,200,3330.847204
-122.699866,200,3331.509891
-115.951885,200,3332.17238
-117.835249,200,3332.835431
-118.556416,200,3333.497465
-129.81785,200,3334.159566
-114.378586,200,3334.821684
-116.140963,200,3335.482748
-0.338511,200,3336.143953
-125.687709,200,3336.916827
-126.933072,200,3337.584914
-290.277214,200,3338.246525
-118.175759,200,3338.908457
-311.030471,200,3339.569991
-0.345857,200,3340.231011
-279.458529,200,3340.892861
-220.547448,200,3341.555449
-123.50181,200,3342.217467
-229.696533,200,3342.879446
-118.824164,200,3343.652638
-272.931303,200,3344.320695
-122.685275,200,3344.984934
-118.156669,200,3345.646266
-230.352215,200,3346.307756
-127.43121,200,3346.971192
-0.398343,200,3347.634496
-118.70618,200,3348.296111
-0.219502,200,3348.958462
-244.804798,200,3349.621613
-129.212156,200,3350.395172
-117.149558,200,3351.061569
-0.55429,200,3351.724466
-0.050503,200,3352.386064
-214.982329,200,3353.054389
-121.797302,200,3353.718759
-0.594517,200,3354.382979
-254.25516,200,3355.046991
-121.877895,200,3355.710848
-125.411743,200,3356.374536
-125.841515,200,3357.281232
-119.211328,200,3358.146064
-116.340779,200,3358.812952
-127.355302,200,3359.479153
-233.444375,200,3360.144577
-0.308351,200,3360.80905
-0.849874,200,3361.477695
-231.652574,200,3362.142875
-117.827921,200,3362.807237
-119.928954,200,3363.47248
-116.34325,200,3364.248728
-120.975822,200,3364.925676
-114.896831,200,3365.589823
-219.598474,200,3366.253167
-0.867451,200,3366.916627
-235.776983,200,3367.581733
-229.274062,200,3368.244735
-232.041014,200,3368.908715
-237.813099,200,3369.573566
-367.470408,200,3370.238685
-115.96348,200,3371.014133
-118.836345,200,3371.685841
-116.887842,200,3372.351195
-227.592452,200,3373.016823
-219.3722,200,3373.680855
-0.741575,200,3374.385517
-122.501472,200,3375.09278
-226.7303,200,3375.757424
-219.191522,200,3376.421779
-236.890321,200,3377.086179
-225.760547,200,3377.862267
-126.587948,200,3378.533074
-238.432601,200,3379.197685
-127.172498,200,3379.86179
-220.064761,200,3380.525434
-123.871702,200,3381.189602
-118.428237,200,3381.853337
-114.999592,200,3382.517106
-218.168978,200,3383.195433
-277.903106,200,3383.86189
-0.782204,200,3384.641306
-2.503163,200,3385.31699
-216.266119,200,3385.982343
-2.581483,200,3386.647269
-236.403751,200,3387.311523
-126.981722,200,3387.976785
-117.788681,200,3388.640093
-126.011404,200,3389.303711
-0.12069,200,3389.969529
-297.425816,200,3390.635036
-119.018142,200,3391.411764
-118.594072,200,3392.082801
-124.564463,200,3392.749455
-296.448912,200,3393.572621
-123.769174,200,3394.408123
-218.962736,200,3395.074974
-114.692589,200,3395.739602
-121.773678,200,3396.404694
-114.093142,200,3397.069527
-1.378739,200,3397.734497
-124.290047,200,3398.510889
-0.213617,200,3399.182623
-128.149314,200,3399.84927
-359.452913,200,3400.516405
-1.486685,200,3401.303823
-127.764086,200,3401.984744
-116.891211,200,3402.652053
-127.882546,200,3403.318664
-0.652914,200,3403.985135
-220.932245,200,3404.651691
-116.812063,200,3405.426595
-224.412066,200,3406.097887
-115.16186,200,3406.761873
-116.366748,200,3407.424358
-122.823165,200,3408.087309
-120.300545,200,3408.769917
-124.642503,200,3409.607039
-125.361239,200,3410.273756
-126.13914,200,3410.939908
-118.365497,200,3411.606998
-116.996175,200,3412.383897
-289.922082,200,3413.053091
-260.866005,200,3413.714787
-117.879275,200,3414.376644
-127.744685,200,3415.039364
-117.826928,200,3415.70196
-126.861285,200,3416.363868
-126.129024,200,3417.026339
-115.613319,200,3417.688377
-222.428684,200,3418.350494
-0.612524,200,3419.125909
-118.747037,200,3419.79578
-241.180145,200,3420.457857
-121.969427,200,3421.119994
-114.451161,200,3421.781575
-119.223119,200,3422.443958
-284.606025,200,3423.106548
-122.825015,200,3423.76807
-218.172857,200,3424.428868
-295.286508,200,3425.091012
-223.771064,200,3425.865331
-122.093454,200,3426.575329
-122.411604,200,3427.278214
-219.254712,200,3427.94076
-125.409344,200,3428.60364
-114.297864,200,3429.26529
-124.756612,200,3429.926758
-228.165819,200,3430.587843
-120.459503,200,3431.248969
-222.391544,200,3431.910574
-227.557284,200,3432.683557
-122.428449,200,3433.349605
-116.582845,200,3434.012545
-224.470571,200,3434.675424
-125.327012,200,3435.338442
-226.435139,200,3435.999655
-116.524294,200,3436.660902
-126.678828,200,3437.324234
-118.881823,200,3437.988396
-128.516265,200,3438.655389
-242.304784,200,3439.430642
-118.279644,200,3440.097748
-118.936753,200,3440.759917
-116.170664,200,3441.422075
-125.010432,200,3442.0833
-260.588649,200,3442.745123
-122.98932,200,3443.405893
-118.634242,200,3444.067084
-0.613431,200,3444.728617
-4.061113,200,3445.389367
