#{"t_start": 1789045550.935814, "env_id": "Pendulum-v1"}
r,l,t
-1471.372243,200,0.021972
-1210.857078,200,0.051853
-1476.86941,200,0.081102
-979.980306,200,0.110097
-1180.803033,200,0.139052
-908.526077,200,0.168651
-1071.630957,200,0.199113
-872.914781,200,0.228828
-1055.58132,200,0.257999
-1069.884497,200,0.287303
-1424.195546,200,0.390145
-1301.016146,200,0.419606
-1466.045087,200,0.449018
-1026.310591,200,0.478258
-1549.360901,200,0.507487
-846.549683,200,0.536661
-1054.521712,200,0.566054
-1315.959585,200,0.595537
-1071.08723,200,0.624548
-1171.740749,200,0.653979
-1520.343524,200,0.75942
-1071.880467,200,0.79132
-860.231766,200,0.821477
-1459.187685,200,0.853214
-1522.912285,200,0.883444
-1112.650479,200,0.913084
-1181.130132,200,0.942697
-1519.820649,200,0.972142
-1009.970547,200,1.001563
-887.163852,200,1.030948
-1503.397798,200,1.135223
-957.279328,200,1.165361
-1463.68401,200,1.195535
-1368.1497,200,1.225377
-1534.994772,200,1.255308
-1179.817386,200,1.284893
-1097.67604,200,1.315057
-1384.310302,200,1.345028
-1523.039625,200,1.374928
-1511.908326,200,1.404755
-1475.477479,200,1.507729
-882.814061,200,1.538254
-1660.297294,200,1.568494
-1473.656698,200,1.598148
-995.02189,200,1.628514
-971.466039,200,1.658389
-1116.090748,200,1.688667
-963.786734,200,1.718922
-1065.699039,200,1.749372
-987.446076,200,1.779428
-717.518721,200,1.880009
-1381.386165,200,1.910874
-1722.624012,200,1.941346
-1329.919473,200,1.971303
-978.795463,200,2.001106
-1345.044461,200,2.031243
-876.192431,200,2.061233
-875.022669,200,2.091338
-870.577518,200,2.121557
-902.261996,200,2.152393
-1528.445375,200,2.253882
-1429.431565,200,2.284098
-1340.324761,200,2.314356
-997.70943,200,2.344819
-1389.102315,200,2.375351
-1293.050482,200,2.406143
-1105.805962,200,2.436817
-1125.806221,200,2.467591
-1399.777658,200,2.498445
-1574.873704,200,2.528997
-1110.233539,200,2.630811
-1363.804281,200,2.661966
-1676.968189,200,2.692979
-1345.416221,200,2.722953
-1196.823114,200,2.75356
-951.731606,200,2.783595
-1765.580476,200,2.814773
-1152.357161,200,2.845185
-1740.160475,200,2.875933
-965.986208,200,2.906682
-1741.286875,200,3.006344
-1616.458978,200,3.036961
-1764.632853,200,3.068139
-1759.698482,200,3.099176
-1033.157505,200,3.130392
-1343.231618,200,3.161193
-1187.292986,200,3.191749
-1182.451446,200,3.222903
-1182.114639,200,3.254092
-951.12702,200,3.284927
-1156.375833,200,3.385975
-1162.141358,200,3.416825
-1173.462991,200,3.449195
-1853.46498,200,3.479629
-1519.208743,200,3.511061
-1081.535299,200,3.542738
-1617.13305,200,3.574041
-1071.021868,200,3.60519
-1356.842484,200,3.63611
-1321.957279,200,3.667146
-1586.73547,200,3.771512
-1720.402273,200,3.80239
-1549.529841,200,3.833696
-1089.808374,200,3.864773
-920.821819,200,3.896364
-1783.151749,200,3.927282
-1552.091135,200,3.957875
-1706.50826,200,3.989187
-1681.030568,200,4.020378
-1367.180317,200,4.05179
-1248.384565,200,4.153471
-1114.643369,200,4.189342
-1486.069275,200,4.22537
-1633.897594,200,4.259895
-1173.387447,200,4.294439
-1309.376397,200,4.354334
-1565.61651,200,4.398088
-1740.285954,200,4.43485
-1778.730153,200,4.472276
-1765.386104,200,4.510183
-1644.293127,200,4.625105
-1098.981863,200,4.664053
-1465.11163,200,4.702737
-1483.978639,200,4.745287
-1337.243904,200,4.79961
-1204.631168,200,4.854784
-1139.614474,200,4.893605
-1332.809941,200,4.926114
-1597.237948,200,4.958634
-1777.744199,200,4.990901
-1754.198556,200,5.093691
-1387.589095,200,5.125655
-1464.345504,200,5.158307
-1596.821532,200,5.190223
-1797.959625,200,5.222407
-1644.231295,200,5.255156
-1796.14568,200,5.286709
-1527.641308,200,5.318461
-1693.725919,200,5.350504
-1794.48023,200,5.382585
-1756.097835,200,5.487555
-1478.129415,200,5.519575
-1636.648216,200,5.552024
-1815.515659,200,5.584398
-1226.026226,200,5.617577
-1704.251414,200,5.649554
-1782.332692,200,5.681985
-1767.889317,200,5.713789
-1491.165538,200,5.74629
-1525.851524,200,5.778308
-1367.275825,200,5.884209
-1712.63909,200,5.920816
-1815.466265,200,5.957175
-1706.332936,200,5.992548
-1829.746185,200,6.028722
-1419.099658,200,6.066026
-1461.464121,200,6.103229
-1736.898882,200,6.140771
-1735.861266,200,6.177797
-1337.277759,200,6.241358
-1806.067647,200,6.365692
-1466.250761,200,6.404439
-1671.086559,200,6.443142
-1396.916756,200,6.516631
-1796.598058,200,6.555198
-1287.910733,200,6.59392
-1626.735509,200,6.628084
-1827.541229,200,6.661697
-1577.523403,200,6.694448
-1566.444583,200,6.727634
-1656.828076,200,6.83226
-1510.378283,200,6.865901
-1709.281655,200,6.899273
-1332.906329,200,6.932252
-1438.585733,200,6.964568
-1664.323042,200,6.997091
-1565.859329,200,7.029152
-1645.147079,200,7.062039
-1502.586109,200,7.095921
-1587.304643,200,7.128904
-1809.717448,200,7.234169
-1308.031863,200,7.267592
-1637.154412,200,7.300454
-1408.079295,200,7.333069
-1761.175254,200,7.365992
-1724.475103,200,7.399064
-1739.220516,200,7.432063
-1741.546573,200,7.464794
-1327.277717,200,7.497141
-1720.597465,200,7.529881
-1863.449743,200,7.633877
-1790.478431,200,7.66751
-1449.534235,200,7.700828
-1747.487501,200,7.734728
-1429.442615,200,7.7682
-1497.092138,200,7.801535
-1184.029018,200,7.834609
-1792.614051,200,7.867497
-1593.123847,200,7.900576
-1592.165326,200,7.933253
-1411.971551,200,8.037313
-1495.548842,200,8.07236
-1640.289699,200,8.106169
-1684.269386,200,8.141654
-1483.73943,200,8.176603
-1782.504276,200,8.210855
-1646.473194,200,8.244392
-1384.088907,200,8.277461
-1422.262836,200,8.311226
-1544.812591,200,8.345388
-1496.525103,200,8.452756
-1704.547317,200,8.488414
-1756.318292,200,8.523051
-1607.420532,200,8.55813
-1380.242673,200,8.592601
-1693.019689,200,8.627338
-1717.842297,200,8.661788
-1596.379035,200,8.700123
-1644.356322,200,8.737022
-1358.960333,200,8.772451
-859.564745,200,8.879915
-1152.765367,200,8.914791
-1300.856233,200,8.94854
-1681.145657,200,8.98276
-1451.604559,200,9.018234
-1429.879438,200,9.052988
-1501.121516,200,9.087003
-1681.229841,200,9.121712
-1373.527156,200,9.156558
-1612.859192,200,9.190378
-1629.283416,200,9.294548
-1809.75045,200,9.328885
-1115.68869,200,9.362346
-1059.058124,200,9.395604
-1483.466514,200,9.429117
-1472.127903,200,9.46255
-1695.284259,200,9.496304
-1696.770081,200,9.530481
-895.54823,200,9.565553
-1411.595983,200,9.599689
-1327.267424,200,9.706224
-982.395052,200,9.740086
-1681.447651,200,9.774579
-1623.998983,200,9.809128
-1747.519895,200,9.843702
-1410.273816,200,9.878202
-1556.078163,200,9.912975
-1332.193865,200,9.947672
-877.872424,200,9.982194
-1464.967171,200,10.016033
-1787.672275,200,10.123981
-1196.96577,200,10.159081
-1525.840418,200,10.193572
-1739.723524,200,10.227975
-1677.272035,200,10.262397
-1429.94605,200,10.297302
-1552.968976,200,10.331332
-1253.389037,200,10.365529
-979.336247,200,10.399936
-1368.91909,200,10.435132
-1568.176423,200,10.540941
-1616.353622,200,10.575443
-1028.438663,200,10.610011
-1640.481461,200,10.644482
-1553.635176,200,10.679001
-1508.338594,200,10.713418
-1685.538833,200,10.748361
-1665.045369,200,10.782894
-1659.833376,200,10.817271
-1622.047052,200,10.851962
-1738.366426,200,10.957394
-1600.798065,200,10.992683
-1475.662028,200,11.027745
-1260.002647,200,11.0628
-1712.253089,200,11.097778
-1424.626261,200,11.132703
-1044.994902,200,11.167142
-1224.758309,200,11.201326
-982.563104,200,11.235678
-1602.385028,200,11.2704
-1170.9777,200,11.375214
-1173.511766,200,11.409823
-1021.199552,200,11.444387
-1367.214709,200,11.478965
-1439.185259,200,11.513973
-1616.991842,200,11.548009
-1336.416247,200,11.582462
-1481.518139,200,11.617028
-937.905127,200,11.6523
-1507.182065,200,11.686826
-1488.65737,200,11.792611
-1414.419532,200,11.827696
-1175.8493,200,11.862525
-1044.800452,200,11.89765
-1289.605081,200,11.93266
-1467.47402,200,11.966766
-1663.285844,200,12.001204
-1252.845288,200,12.036562
-1286.398659,200,12.071541
-1451.654142,200,12.1062
-1147.561633,200,12.214159
-1457.169613,200,12.249683
-1457.348448,200,12.28444
-1548.253017,200,12.319202
-790.192767,200,12.353612
-1059.02175,200,12.388891
-1068.811817,200,12.424075
-1042.32682,200,12.459016
-1574.454347,200,12.494449
-767.581208,200,12.529618
-1402.572152,200,12.637391
-1029.740995,200,12.672769
-641.580559,200,12.707797
-1291.428816,200,12.742692
-1258.127352,200,12.77784
-1027.61239,200,12.812734
-1227.56449,200,12.848079
-886.504561,200,12.883419
-1045.513658,200,12.91881
-1233.188446,200,12.953795
-1136.238399,200,13.058224
-1478.794081,200,13.093584
-1159.501346,200,13.128985
-1647.533255,200,13.163392
-1349.19741,200,13.198727
-1615.928966,200,13.234146
-986.328851,200,13.269523
-1335.551829,200,13.304446
-1358.4929,200,13.339736
-1663.198827,200,13.375221
-1184.169871,200,13.484285
-1375.9174,200,13.520484
-1297.492168,200,13.556616
-1246.795738,200,13.592082
-1462.080229,200,13.627575
-913.19045,200,13.663703
-879.017392,200,13.702524
-1397.786898,200,13.739824
-758.438446,200,13.775726
-1130.395911,200,13.81141
-1460.71672,200,13.9173
-1327.464874,200,13.95353
-894.446331,200,13.98853
-1453.416022,200,14.024327
-1324.262383,200,14.060065
-1532.197101,200,14.096234
-1507.818511,200,14.132515
-721.177246,200,14.168432
-776.299549,200,14.204236
-1475.397217,200,14.240094
-1413.978175,200,14.348326
-1209.872348,200,14.385417
-1384.604565,200,14.421368
-1039.156484,200,14.457558
-769.389904,200,14.494511
-1081.934034,200,14.529988
-907.6598,200,14.56607
-784.854636,200,14.60153
-886.981951,200,14.637356
-1219.488893,200,14.673468
-1175.87897,200,14.780287
-708.559198,200,14.816285
-644.353447,200,14.852048
-1412.563411,200,14.88811
-1089.65514,200,14.924294
-1487.884319,200,14.959643
-1288.138418,200,14.995606
-1471.112947,200,15.030841
-1064.070016,200,15.0666
-1047.364154,200,15.102522
-1064.149054,200,15.211471
-1434.253816,200,15.24828
-935.558914,200,15.284597
-984.984701,200,15.320817
-1111.786942,200,15.357303
-713.292628,200,15.393019
-1268.65144,200,15.429051
-640.880717,200,15.465122
-1250.784909,200,15.501378
-1081.101315,200,15.537931
-1129.403633,200,15.645576
-1042.53965,200,15.682505
-1105.660334,200,15.718834
-1333.501636,200,15.754822
-1076.228034,200,15.791311
-1156.896017,200,15.828137
-1142.847923,200,15.864417
-1191.176371,200,15.900797
-1468.462586,200,15.937173
-1065.467605,200,15.973561
-1142.461319,200,16.081211
-1027.785499,200,16.118117
-1266.94439,200,16.154493
-1039.716487,200,16.190985
-774.376876,200,16.22764
-856.839491,200,16.264658
-766.171949,200,16.301408
-662.806387,200,16.338042
-651.887649,200,16.37472
-520.814501,200,16.411509
-1010.740474,200,16.519938
-905.716601,200,16.556904
-1182.261126,200,16.593504
-1479.212277,200,16.630368
-520.408069,200,16.666991
-1358.240169,200,16.704085
-1116.825771,200,16.740874
-822.472393,200,16.777544
-1152.889529,200,16.814535
-798.168813,200,16.851421
-838.101091,200,16.960837
-783.930254,200,16.998504
-779.01946,200,17.035563
-793.288716,200,17.072379
-763.700383,200,17.110127
-739.117818,200,17.147529
-1005.147641,200,17.184872
-1039.218685,200,17.221493
-774.623832,200,17.258185
-1313.929772,200,17.29531
-1027.908264,200,17.405461
-1308.997502,200,17.443192
-711.442278,200,17.480081
-910.512598,200,17.517205
-277.027609,200,17.554335
-435.475143,200,17.591446
-523.88401,200,17.628696
-1006.391195,200,17.665756
-1585.716478,200,17.7029
-1255.989439,200,17.739854
-545.003603,200,17.84809
-531.023386,200,17.885584
-660.343445,200,17.923241
-401.42717,200,17.960288
-527.022397,200,17.997839
-1418.763494,200,18.034709
-925.888997,200,18.072136
-893.723561,200,18.109048
-960.002131,200,18.146275
-1548.308325,200,18.184105
-784.576797,200,18.294831
-1073.42332,200,18.332558
-266.007837,200,18.370423
-131.871212,200,18.407834
-133.373611,200,18.445135
-683.547818,200,18.482556
-516.436302,200,18.519783
-401.256031,200,18.557315
-1111.598273,200,18.595077
-1128.591931,200,18.632505
-1176.991584,200,18.745026
-1124.561785,200,18.783001
-559.975199,200,18.821295
-835.268824,200,18.858696
-671.291646,200,18.89693
-395.082988,200,18.934935
-3.910959,200,18.973101
-417.08598,200,19.011048
-996.927581,200,19.048505
-264.914987,200,19.086354
-395.558347,200,19.195219
-800.499151,200,19.233409
-394.806253,200,19.271512
-9.32574,200,19.309101
-1103.158761,200,19.346731
-7.270998,200,19.384711
-815.677232,200,19.422683
-390.346241,200,19.460696
-1027.741819,200,19.498181
-1353.924038,200,19.536362
-408.632344,200,19.645677
-396.700797,200,19.683709
-133.156645,200,19.721713
-262.193081,200,19.759633
-132.83896,200,19.797708
-132.560693,200,19.835754
-1039.649242,200,19.873609
-266.283423,200,19.911617
-263.789775,200,19.949275
-1223.531667,200,19.987182
-1544.312872,200,20.094998
-1273.531344,200,20.133093
-128.774574,200,20.171422
-1084.067739,200,20.20962
-1525.604944,200,20.24761
-265.100554,200,20.286039
-275.563893,200,20.324474
-264.465126,200,20.362611
-931.692201,200,20.401106
-863.468675,200,20.439241
-552.121973,200,20.551688
-1100.69664,200,20.59082
-952.447871,200,20.629529
-2.397857,200,20.668633
-420.453497,200,20.707308
-572.467839,200,20.745794
-3.169996,200,20.784921
-132.586632,200,20.823849
-281.142206,200,20.862775
-1.994788,200,20.90124
-280.228498,200,21.016658
-1084.450294,200,21.056434
-935.612377,200,21.095579
-1073.718992,200,21.134752
-864.402888,200,21.173761
-274.740905,200,21.212963
-266.891079,200,21.25205
-134.726175,200,21.291035
-393.895728,200,21.329622
-134.199024,200,21.368477
-1315.560754,200,21.477965
-3.504792,200,21.516924
-1259.665882,200,21.555119
-132.513396,200,21.59355
-261.867302,200,21.632122
-1236.663004,200,21.67082
-131.756973,200,21.70951
-3.898223,200,21.747895
-134.050859,200,21.786038
-1527.575805,200,21.824317
-273.488796,200,21.933768
-271.832022,200,21.972178
-377.56146,200,22.010205
-395.537356,200,22.04842
-1508.360629,200,22.08715
-1424.813313,200,22.125229
-2.935525,200,22.16332
-433.365471,200,22.201676
-264.733862,200,22.240066
-1430.234175,200,22.278142
-678.94162,200,22.386546
-132.079767,200,22.424928
-289.654777,200,22.463353
-131.296331,200,22.501441
-3.141172,200,22.540004
-1247.276627,200,22.578167
-1230.192265,200,22.616534
-1250.263234,200,22.654766
-1129.068714,200,22.693242
-1.621865,200,22.731146
-1258.344447,200,22.838618
-303.719024,200,22.876982
-133.289694,200,22.91532
-1284.825825,200,22.953468
-134.355375,200,22.991827
-1204.354535,200,23.029863
-262.550216,200,23.068001
-1514.072582,200,23.10665
-129.214599,200,23.144842
-130.331172,200,23.183028
-133.033811,200,23.293503
-1201.792152,200,23.331779
-1181.587632,200,23.370153
-1.754782,200,23.408384
-1448.911936,200,23.44679
-130.930625,200,23.485826
-3.631235,200,23.524629
-2.680095,200,23.563349
-1502.620184,200,23.602173
-2.561952,200,23.64055
-1240.102384,200,23.754161
-1359.694003,200,23.794968
-136.168514,200,23.834506
-1184.673357,200,23.873378
-1514.640278,200,23.912126
-673.295846,200,23.951007
-1390.175634,200,23.989971
-1258.488444,200,24.028496
-267.77708,200,24.067477
-261.639488,200,24.10613
-1386.018418,200,24.215323
-3.41567,200,24.254381
-375.952215,200,24.293253
-131.42635,200,24.332068
-1407.918387,200,24.370949
-1510.01372,200,24.409873
-393.546897,200,24.448222
-1380.621614,200,24.486389
-374.292441,200,24.524629
-1252.511412,200,24.563471
-401.66081,200,24.6729
-1.867144,200,24.711578
-1371.01859,200,24.750884
-1242.403008,200,24.789916
-1376.453099,200,24.828828
-1504.251179,200,24.868156
-410.960582,200,24.907108
-2.390176,200,24.945802
-1368.382238,200,24.984397
-687.969555,200,25.02309
-369.75802,200,25.133505
-872.717238,200,25.172603
-1016.012584,200,25.211855
-1428.351529,200,25.25045
-397.296064,200,25.288675
-129.26721,200,25.327231
-411.329178,200,25.366049
-134.86176,200,25.404778
-1278.736004,200,25.443317
-136.240098,200,25.481957
-1228.764037,200,25.593429
-1194.407023,200,25.632177
-1178.423969,200,25.670804
-1109.808675,200,25.709931
-1218.508423,200,25.748847
-1095.908005,200,25.787342
-1332.064516,200,25.826217
-275.888406,200,25.865474
-3.030567,200,25.904138
-1380.617212,200,25.942777
-3.517383,200,26.053131
-1232.567079,200,26.09236
-1207.558148,200,26.131382
-5.572204,200,26.170519
-1242.897866,200,26.209571
-1086.452814,200,26.248771
-1564.507118,200,26.287966
-1437.528875,200,26.326897
-1022.675333,200,26.365521
-1552.621318,200,26.404573
-6.352486,200,26.515093
-1054.281912,200,26.554255
-1487.338718,200,26.593289
-243.789955,200,26.632188
-1478.614411,200,26.670814
-1555.90526,200,26.709527
-1177.481092,200,26.747823
-1137.720114,200,26.78629
-1520.919762,200,26.82438
-1204.28491,200,26.862671
-1036.66119,200,26.970754
-1390.111788,200,27.009428
-1124.968068,200,27.047625
-1066.743932,200,27.085809
-1537.20189,200,27.124963
-1226.650657,200,27.1633
-1151.205143,200,27.202547
-1295.509036,200,27.241673
-1249.517247,200,27.280778
-1543.636255,200,27.31997
-1511.80474,200,27.431612
-941.607339,200,27.471157
-1217.635565,200,27.510421
-979.020747,200,27.550063
-1433.175046,200,27.589216
-1429.706751,200,27.628449
-1540.899469,200,27.667621
-1530.091577,200,27.706717
-1558.908991,200,27.745625
-1482.447242,200,27.784766
-1194.835457,200,27.897936
-1427.815825,200,27.937615
-1231.937305,200,27.977134
-5.89196,200,28.016506
-1200.415228,200,28.055668
-1326.199744,200,28.094808
-1252.190553,200,28.134279
-133.365939,200,28.173211
-1214.747129,200,28.212412
-1215.738905,200,28.251706
-1325.383634,200,28.363941
-1323.260962,200,28.403571
-1365.031442,200,28.442964
-1450.392379,200,28.482364
-1465.399033,200,28.521856
-1384.088295,200,28.560973
-1383.356949,200,28.599748
-129.746148,200,28.640153
-1394.868866,200,28.679077
-1407.743824,200,28.718576
-1541.227795,200,28.83235
-1513.666191,200,28.871585
-1532.103133,200,28.910846
-1443.286103,200,28.949689
-1446.59547,200,28.988668
-1313.861129,200,29.02744
-1303.986621,200,29.066435
-1386.775738,200,29.105567
-1236.436837,200,29.144064
-1369.360712,200,29.182294
-1485.954558,200,29.295028
-1433.08375,200,29.334051
-1368.720033,200,29.372642
-1398.590875,200,29.41107
-1393.59397,200,29.449435
-1352.087389,200,29.488127
-1341.969627,200,29.526674
-1350.609519,200,29.564922
-1362.024306,200,29.603408
-1321.618269,200,29.641748
-1368.1438,200,29.751365
-1360.463778,200,29.790225
-1381.027833,200,29.829005
-1429.515141,200,29.867717
-1399.570275,200,29.906204
-1508.108983,200,29.94458
-1398.983557,200,29.982686
-1412.510784,200,30.02057
-1434.776276,200,30.058983
-5.300468,200,30.09745
-1304.862936,200,30.207159
-1397.230535,200,30.245573
-1352.369133,200,30.28623
-1415.894461,200,30.324132
-1435.629629,200,30.362423
-1360.745215,200,30.40045
-1388.126686,200,30.438408
-1537.51127,200,30.476415
-1149.993491,200,30.514512
-1450.26758,200,30.552422
-1443.894863,200,30.666736
-1447.75903,200,30.708556
-1316.537544,200,30.747432
-1470.430709,200,30.785882
-1399.319383,200,30.824116
-1366.326649,200,30.862214
-1366.031628,200,30.90407
-1383.965875,200,30.943469
-1409.840714,200,30.981579
-1398.889667,200,31.019668
-1420.440904,200,31.129056
-1357.621398,200,31.16764
-1478.904794,200,31.20652
-1402.260745,200,31.244893
-1516.067022,200,31.283639
-1485.517701,200,31.323114
-1539.998811,200,31.366679
-1391.395263,200,31.419787
-1533.712891,200,31.458221
-1443.533686,200,31.496424
-1504.428481,200,31.612461
-1449.931536,200,31.656044
-1418.542418,200,31.701635
-1414.020901,200,31.775354
-1407.463212,200,31.817662
-1482.879303,200,31.86097
-1384.319399,200,31.9058
-1340.318326,200,31.95048
-1361.332728,200,31.997461
-1292.245327,200,32.041561
-1373.399004,200,32.192706
-1448.639636,200,32.252232
-1369.796877,200,32.299187
-1365.890153,200,32.340076
-1327.303866,200,32.379119
-1259.160624,200,32.41796
-1287.349751,200,32.456586
-1309.779091,200,32.495492
-1479.510241,200,32.533808
-1286.280588,200,32.57229
-669.420675,200,32.684994
-1208.796585,200,32.724238
-1380.03638,200,32.763046
-1358.70962,200,32.801722
-1362.285528,200,32.840367
-1219.369641,200,32.878916
-1529.15853,200,32.917658
-1247.642937,200,32.956268
-1120.569685,200,32.994786
-1319.006902,200,33.033163
-1365.422916,200,33.143358
-1340.766516,200,33.181855
-10.449453,200,33.221831
-1367.139601,200,33.260366
-1277.458801,200,33.299078
-1404.941181,200,33.337618
-1374.338798,200,33.375908
-1388.839506,200,33.414214
-1516.670723,200,33.452725
-1390.801512,200,33.491217
-1230.614323,200,33.607829
-1379.823863,200,33.650612
-1417.763319,200,33.693553
-1347.82115,200,33.738123
-1476.53474,200,33.783842
-1456.114497,200,33.839581
-1382.62775,200,33.900613
-1416.859482,200,33.946121
-1450.372189,200,33.99024
-1364.511849,200,34.036223
-1578.378407,200,34.160674
-1532.128001,200,34.207505
-114.754779,200,34.247225
-1213.049814,200,34.286662
-1320.869403,200,34.325322
-1532.254899,200,34.364068
-1528.149328,200,34.402704
-1430.977638,200,34.441307
-1430.782151,200,34.479763
-1450.347264,200,34.518179
-1266.870305,200,34.627908
-1439.246566,200,34.666454
-1134.331144,200,34.705098
-1207.891036,200,34.743764
-8.549738,200,34.782527
-1390.161444,200,34.820312
-1369.122853,200,34.858869
-1410.708435,200,34.897539
-1543.233898,200,34.935881
-1202.001965,200,34.974216
-1232.324116,200,35.083049
-1229.134965,200,35.121755
-1137.10863,200,35.159958
-1284.875862,200,35.198423
-1191.749749,200,35.236859
-7.687264,200,35.275634
-1316.161198,200,35.314332
-1367.264332,200,35.352612
-1324.419513,200,35.391118
-1367.836198,200,35.429865
-1371.38269,200,35.539506
-1348.415413,200,35.577993
-1124.402738,200,35.616612
-1408.494085,200,35.654952
-1270.590612,200,35.694004
-1385.981706,200,35.732309
-1380.282003,200,35.770759
-1231.336135,200,35.809471
-1332.662551,200,35.847625
-1321.314445,200,35.885956
-1337.451531,200,36.001327
-1222.816555,200,36.06193
-1288.157701,200,36.12276
-1306.069112,200,36.165667
-1276.864627,200,36.208822
-145.941382,200,36.254096
-1388.54676,200,36.298528
-1270.380546,200,36.34361
-1158.427809,200,36.388253
-1419.86862,200,36.43565
-1405.93744,200,36.608318
-1359.564101,200,36.656319
-1196.844579,200,36.703662
-244.49382,200,36.742924
-1427.578861,200,36.782163
-8.223862,200,36.820925
-1199.556196,200,36.859667
-1407.17918,200,36.898094
-240.561277,200,36.936262
-1404.834378,200,36.974633
-1527.405964,200,37.084105
-1483.725023,200,37.122672
-1389.256279,200,37.161661
-1050.31277,200,37.200517
-1366.817069,200,37.23888
-376.845469,200,37.277298
-1078.323309,200,37.315659
-1085.714515,200,37.353992
-324.283885,200,37.392348
-134.488776,200,37.434585
-1065.393481,200,37.552756
-250.849782,200,37.595556
-1194.636896,200,37.637413
-1169.840638,200,37.714582
-696.407407,200,37.760631
-1293.580459,200,37.807035
-1249.175544,200,37.851799
-1208.389246,200,37.898217
-1157.738125,200,37.943854
-1191.918372,200,37.988518
-1189.930374,200,38.107952
-1302.35728,200,38.146952
-1345.268809,200,38.18564
-1227.62745,200,38.223996
-1177.211884,200,38.2622
-1070.135489,200,38.300647
-1154.448123,200,38.339279
-1372.881713,200,38.377491
-126.626059,200,38.415779
-1388.228492,200,38.4545
-1131.169505,200,38.562641
-1159.108273,200,38.601349
-1483.850816,200,38.640198
-1439.397732,200,38.678666
-1180.130778,200,38.717737
-1159.173317,200,38.758362
-1385.42306,200,38.798427
-1514.606217,200,38.837074
-1047.204308,200,38.875671
-124.290752,200,38.914067
-932.903817,200,39.022847
-7.019097,200,39.062155
-1303.242098,200,39.100714
-125.134632,200,39.139644
-7.458504,200,39.177945
-1356.224308,200,39.217255
-1060.929907,200,39.255669
-387.300932,200,39.293745
-1325.226296,200,39.332242
-1425.095249,200,39.370386
-127.304708,200,39.477982
-921.071249,200,39.516156
-130.644176,200,39.554817
-1228.532734,200,39.593228
-236.9546,200,39.63495
-1197.200137,200,39.682866
-7.696182,200,39.750295
-395.845753,200,39.794455
-251.76473,200,39.836559
-1321.337561,200,39.87886
-1279.945152,200,40.001776
-303.421341,200,40.045792
-1379.200762,200,40.10227
-934.921735,200,40.170086
-1104.991263,200,40.216383
-293.50253,200,40.265306
-1136.189731,200,40.310926
-240.369678,200,40.351002
-886.130173,200,40.389943
-1058.29815,200,40.428872
-253.514358,200,40.537386
-123.580086,200,40.576263
-5.784399,200,40.614645
-4.937949,200,40.653168
-279.891834,200,40.691637
-1021.939393,200,40.730099
-1188.393207,200,40.768518
-1165.076887,200,40.807117
-1029.992185,200,40.845649
-1154.593948,200,40.884548
-1122.49301,200,40.993482
-265.821589,200,41.032008
-122.970173,200,41.070599
-1129.627136,200,41.10886
-1177.085889,200,41.147305
-1138.342725,200,41.185535
-1060.51968,200,41.224407
-241.785337,200,41.262864
-120.939679,200,41.30113
-1091.132776,200,41.339416
-1067.008651,200,41.456397
-120.101564,200,41.499527
-6.834027,200,41.542209
-280.892664,200,41.585294
-6.737833,200,41.640595
-1157.707631,200,41.703489
-1156.517785,200,41.749446
-1094.866725,200,41.79541
-119.409983,200,41.838415
-128.364107,200,41.884877
-259.891882,200,42.009968
-6.334372,200,42.065521
-351.464948,200,42.125304
-6.63286,200,42.164421
-907.997954,200,42.203134
-962.167786,200,42.241871
-300.598514,200,42.280522
-6.207519,200,42.31917
-1042.009959,200,42.357495
-126.108347,200,42.396158
-122.732823,200,42.504885
-996.462662,200,42.543589
-122.859625,200,42.582397
-4.47704,200,42.620515
-1053.993943,200,42.659613
-386.069552,200,42.697866
-1120.240991,200,42.736055
-970.017725,200,42.774417
-756.563692,200,42.81242
-774.344627,200,42.850812
-120.613719,200,42.959467
-1151.800397,200,42.998284
-252.979243,200,43.036858
-260.457259,200,43.075148
-247.13107,200,43.113623
-128.523039,200,43.151811
-899.378163,200,43.190164
-917.956712,200,43.22837
-927.29852,200,43.266587
-1196.287606,200,43.304767
-1175.369447,200,43.41324
-750.439482,200,43.451879
-130.42631,200,43.49065
-3.121817,200,43.529041
-1144.140174,200,43.5675
-908.115391,200,43.605559
-1200.010888,200,43.644014
-1166.942335,200,43.682243
-780.595756,200,43.720884
-2.987151,200,43.761618
-865.125123,200,43.871861
-119.493801,200,43.911091
-242.250468,200,43.949679
-515.893787,200,43.988236
-348.06114,200,44.02684
-949.8975,200,44.065455
-1071.091158,200,44.104368
-123.594302,200,44.142625
-252.118353,200,44.180721
-119.26373,200,44.218949
-987.589348,200,44.32833
-1035.925902,200,44.367357
-773.062712,200,44.406783
-899.074357,200,44.445271
-285.553717,200,44.483897
-2.208093,200,44.522172
-3.537507,200,44.5605
-888.838619,200,44.598875
-128.360886,200,44.637189
-921.450973,200,44.675421
-773.944382,200,44.794752
-127.372129,200,44.837789
-767.596291,200,44.880821
-761.744085,200,44.924689
-852.499152,200,44.967556
-1.536219,200,45.011425
-300.058524,200,45.062779
-129.801287,200,45.131527
-1113.834172,200,45.184095
-1.488406,200,45.229104
-121.159895,200,45.356484
-980.186334,200,45.403184
-115.405235,200,45.448958
-1066.456219,200,45.488661
-1.751385,200,45.527141
-3.006342,200,45.566314
-125.276752,200,45.605083
-1058.231051,200,45.643743
-937.103755,200,45.682319
-644.228531,200,45.721095
-239.27172,200,45.829445
-325.635101,200,45.868251
-625.57707,200,45.906713
-1026.267856,200,45.945156
-243.652811,200,45.983789
-768.763366,200,46.022168
-1110.132906,200,46.060599
-379.866177,200,46.098502
-890.216171,200,46.137514
-1031.754121,200,46.176223
-1114.363576,200,46.285551
-492.707338,200,46.324302
-2.098854,200,46.362898
-122.14116,200,46.401428
-382.061881,200,46.439947
-389.279411,200,46.478264
-1015.220987,200,46.516942
-350.654077,200,46.55563
-883.964334,200,46.594396
-882.565285,200,46.632723
-124.096421,200,46.749543
-507.077209,200,46.79332
-256.071918,200,46.862212
-124.242791,200,46.910801
-573.086878,200,46.953362
-796.659062,200,46.999366
-761.708485,200,47.044814
-333.312059,200,47.09159
-383.57539,200,47.136697
-257.935905,200,47.184267
-129.900812,200,47.326534
-125.532918,200,47.378573
-363.05435,200,47.424616
-1.673844,200,47.46362
-566.217051,200,47.502481
-356.542465,200,47.541581
-127.720848,200,47.581378
-830.716781,200,47.620036
-128.294293,200,47.658602
-320.955103,200,47.697035
-239.391823,200,47.808178
-122.746269,200,47.846701
-126.946297,200,47.885269
-1166.506916,200,47.924268
-131.634447,200,47.962774
-1067.019499,200,48.001056
-126.685415,200,48.041102
-1111.814022,200,48.079913
-126.184788,200,48.118032
-386.623634,200,48.156619
-1043.100327,200,48.264999
-2.259904,200,48.303042
-118.374641,200,48.341656
-3.007535,200,48.379979
-899.796903,200,48.418093
-781.032012,200,48.456395
-130.044322,200,48.494566
-125.732322,200,48.532527
-241.304429,200,48.57162
-1049.374665,200,48.609442
-366.615975,200,48.724927
-477.549097,200,48.770376
-127.931913,200,48.81414
-251.450483,200,48.857052
-126.529663,200,48.900486
-252.266757,200,48.972042
-862.67933,200,49.023854
-229.160922,200,49.069336
-358.546816,200,49.115181
-760.032905,200,49.159958
-874.837403,200,49.284657
-124.736386,200,49.328366
-120.129087,200,49.36791
-125.399519,200,49.407003
-757.215747,200,49.445546
-125.563488,200,49.484156
-125.647607,200,49.522652
-408.283765,200,49.561277
-686.867042,200,49.599822
-128.173437,200,49.637828
-128.274942,200,49.74789
-121.801766,200,49.786402
-126.76445,200,49.824824
-234.025745,200,49.864023
-125.856416,200,49.902504
-977.709668,200,49.940978
-972.780757,200,49.979276
-657.776448,200,50.017667
-632.471276,200,50.056345
-289.370319,200,50.09468
-913.417808,200,50.204367
-982.629645,200,50.242916
-1040.936181,200,50.281365
-1024.234531,200,50.321402
-768.974795,200,50.363494
-886.264202,200,50.409425
-604.987438,200,50.481784
-751.8053,200,50.524505
-747.540835,200,50.567945
-363.632297,200,50.61285
-251.191461,200,50.737109
-824.38993,200,50.782532
-372.319834,200,50.840903
-610.11402,200,50.908218
-732.98351,200,50.957982
-123.405945,200,51.00497
-2.566442,200,51.04912
-374.765283,200,51.088127
-1027.023956,200,51.127113
-901.755083,200,51.166002
-885.453131,200,51.275079
-875.128572,200,51.313967
-276.498591,200,51.352887
-785.290158,200,51.39152
-122.927157,200,51.430256
-127.984965,200,51.468675
-496.211137,200,51.50689
-2.410193,200,51.545087
-126.557945,200,51.584303
-123.659642,200,51.622476
-126.564531,200,51.767698
-416.129465,200,51.806341
-378.274465,200,51.84484
-560.346579,200,51.883163
-250.19286,200,51.921797
-247.301685,200,51.960157
-2.708502,200,51.998619
-4.00431,200,52.036837
-124.109129,200,52.075944
-253.104583,200,52.114288
-120.128136,200,52.22387
-123.220391,200,52.262395
-276.688365,200,52.301143
-127.526553,200,52.339447
-248.350992,200,52.377936
-118.940748,200,52.416118
-125.709195,200,52.454367
-455.938036,200,52.49258
-253.308928,200,52.530737
-384.253809,200,52.56882
-508.164994,200,52.677222
-364.176079,200,52.715886
-251.672313,200,52.754581
-617.364034,200,52.792912
-245.807912,200,52.83111
-3.017178,200,52.869516
-123.474991,200,52.907652
-128.288837,200,52.945969
-244.940852,200,52.984155
-357.874805,200,53.022236
-230.780171,200,53.131475
-256.039329,200,53.17045
-3.592182,200,53.209131
-251.193099,200,53.247699
-124.51243,200,53.285965
-487.187503,200,53.324295
-248.299577,200,53.362407
-481.875702,200,53.400634
-366.823888,200,53.438723
-363.309226,200,53.476797
-126.525281,200,53.585609
-246.352815,200,53.624237
-241.422639,200,53.662766
-368.076429,200,53.700947
-248.469204,200,53.739257
-370.898188,200,53.77977
-351.428874,200,53.819625
-475.668021,200,53.858313
-236.272722,200,53.897033
-275.383195,200,53.935629
-616.682987,200,54.046668
-119.264954,200,54.085332
-252.975844,200,54.124288
-373.45919,200,54.162893
-732.396592,200,54.208273
-862.222182,200,54.246779
-749.268373,200,54.28547
-941.504787,200,54.324008
-2.796535,200,54.36252
-850.312558,200,54.401009
-860.916388,200,54.51108
-118.254489,200,54.549711
-371.753605,200,54.588719
-761.824261,200,54.626835
-243.226632,200,54.665196
-495.153435,200,54.703335
-708.667874,200,54.741816
-245.030671,200,54.779915
-5.089771,200,54.818534
-476.546059,200,54.886257
-1.794289,200,55.010615
-120.45377,200,55.054235
-1.234214,200,55.114861
-121.896621,200,55.175876
-245.141288,200,55.223741
-782.091229,200,55.269074
-625.741259,200,55.313718
-370.784582,200,55.359356
-120.425566,200,55.405573
-245.921598,200,55.451217
-126.004713,200,55.570466
-366.927573,200,55.6097
-766.284497,200,55.650267
-5.735136,200,55.688868
-757.145765,200,55.727456
-854.894593,200,55.766032
-895.0109,200,55.804413
-252.441258,200,55.84284
-737.265268,200,55.880991
-119.376936,200,55.919739
-491.356373,200,56.029976
-640.99505,200,56.069505
-861.412233,200,56.107899
-863.658331,200,56.146341
-5.593391,200,56.184598
-774.465248,200,56.222894
-948.188583,200,56.260886
-743.900579,200,56.299058
-1.248087,200,56.337569
-960.811033,200,56.380617
-1.871795,200,56.509456
-121.464272,200,56.553704
-250.866778,200,56.595401
-2.945528,200,56.637946
-958.309911,200,56.683692
-854.816687,200,56.726803
-3.711216,200,56.772593
-862.686302,200,56.820663
-858.504591,200,56.890252
-956.412518,200,56.938591
-3.796918,200,57.067815
-958.228267,200,57.10762
-7.03092,200,57.14695
-961.426304,200,57.186208
-861.336597,200,57.224692
-2.192432,200,57.263262
-4.157417,200,57.302006
-498.455082,200,57.340249
-866.579577,200,57.378639
-953.305164,200,57.416862
-959.080398,200,57.526611
-987.231185,200,57.565122
-860.52448,200,57.603626
-1002.541095,200,57.642605
-962.672563,200,57.680402
-957.661395,200,57.718667
-960.04349,200,57.757013
-967.731431,200,57.795303
-1081.464265,200,57.833432
-964.512821,200,57.871817
-925.26716,200,57.981616
-887.343202,200,58.020143
-872.285875,200,58.058526
-2.781407,200,58.096851
-760.092138,200,58.134961
-362.569855,200,58.173233
-1053.744559,200,58.211691
-967.795074,200,58.250023
-966.898498,200,58.288105
-968.751318,200,58.32619
-988.532681,200,58.435457
-966.962601,200,58.473882
-967.446603,200,58.512025
-974.896632,200,58.550385
-984.294499,200,58.588725
-965.992148,200,58.627002
-873.374831,200,58.665161
-970.306141,200,58.703555
-1.366888,200,58.742033
-997.529169,200,58.783819
-969.814647,200,58.912014
-973.387927,200,58.950931
-863.050658,200,58.989528
-934.983823,200,59.02789
-991.118558,200,59.066788
-725.426643,200,59.105317
-987.562074,200,59.144007
-1076.663349,200,59.182407
-972.746137,200,59.220732
-949.335505,200,59.258727
-873.911836,200,59.368389
-1034.821255,200,59.408964
-971.781371,200,59.447458
-974.673176,200,59.485612
-969.571295,200,59.524086
-853.306904,200,59.562167
-983.124906,200,59.600463
-949.060545,200,59.638687
-864.657034,200,59.676903
-969.322142,200,59.715364
-925.591767,200,59.825194
-950.484964,200,59.863828
-872.986874,200,59.902256
-3.48342,200,59.94058
-942.198212,200,59.979166
-965.240685,200,60.017118
-863.522832,200,60.055488
-968.626024,200,60.093889
-974.290338,200,60.132039
-895.683045,200,60.170303
-965.221358,200,60.279249
-918.990617,200,60.318147
-888.208806,200,60.356234
-953.475815,200,60.394931
-972.559501,200,60.433573
-972.3191,200,60.471875
-1020.452661,200,60.509822
-957.342049,200,60.548276
-969.320098,200,60.587055
-921.753708,200,60.625591
-721.050793,200,60.73538
-974.66858,200,60.773828
-936.460091,200,60.816356
-966.655106,200,60.859176
-894.748274,200,60.901188
-969.424922,200,60.944357
-962.54716,200,60.987497
-867.384985,200,61.061472
-992.339701,200,61.105758
-6.865405,200,61.151328
-923.234224,200,61.27437
-1037.043533,200,61.320822
-5.794585,200,61.366513
-979.817007,200,61.411568
-973.519455,200,61.473558
-970.284735,200,61.526246
-906.497936,200,61.565476
-966.889057,200,61.604305
-982.204185,200,61.643142
-966.336329,200,61.681717
-971.997803,200,61.791451
-963.652522,200,61.83038
-910.764863,200,61.868988
-978.726513,200,61.907545
-978.101986,200,61.946087
-961.464465,200,61.984362
-977.243799,200,62.022519
-8.194489,200,62.061361
-967.398174,200,62.099961
-954.113487,200,62.137966
-885.931023,200,62.247278
-963.661529,200,62.285943
-878.056116,200,62.32461
-9.968486,200,62.36288
-878.652155,200,62.401559
-864.821886,200,62.439746
-7.785778,200,62.47779
-1051.040662,200,62.515973
-973.233859,200,62.553876
-962.650588,200,62.592119
-950.781602,200,62.701395
-868.113224,200,62.739886
-959.269448,200,62.778526
-988.056407,200,62.81642
-857.680571,200,62.854718
-870.536169,200,62.892952
-952.379586,200,62.930985
-966.428474,200,62.969236
-8.096003,200,63.007829
-867.359078,200,63.046094
-965.582204,200,63.155659
-937.119143,200,63.193997
-926.079569,200,63.232185
-983.227277,200,63.270053
-976.189869,200,63.308277
-966.55035,200,63.346333
-968.108137,200,63.384511
-1033.838199,200,63.422479
-980.999063,200,63.460373
-974.18013,200,63.49831
-983.862134,200,63.607415
-974.158402,200,63.645843
-966.3618,200,63.684384
-882.135356,200,63.722658
-972.102684,200,63.761236
-990.06559,200,63.802142
-7.14135,200,63.841916
-905.201721,200,63.880407
-960.237009,200,63.918554
-992.424842,200,63.95658
-863.64248,200,64.065671
-976.421306,200,64.104375
-965.383344,200,64.142957
-961.224086,200,64.181595
-950.305311,200,64.219997
-974.114674,200,64.258175
-922.538478,200,64.296285
-9.365297,200,64.334369
-961.960822,200,64.372515
-747.286476,200,64.410684
-806.929205,200,64.518978
-865.608311,200,64.557262
-869.521956,200,64.595488
-876.362325,200,64.633527
-868.270814,200,64.671618
-869.898756,200,64.709626
-921.931002,200,64.747655
-921.451908,200,64.785762
-878.066778,200,64.823459
-869.033372,200,64.861677
-491.153688,200,64.970453
-866.069563,200,65.008121
-912.000562,200,65.046319
-872.882903,200,65.084517
-869.158396,200,65.122661
-882.53412,200,65.160253
-923.332476,200,65.198221
-850.93131,200,65.236316
-1034.488047,200,65.274573
-929.896464,200,65.312311
-952.123166,200,65.42173
-865.980617,200,65.459803
-753.986899,200,65.498068
-921.931744,200,65.536161
-937.135528,200,65.574268
-991.006498,200,65.612486
-968.864598,200,65.650305
-511.041444,200,65.688458
-981.245837,200,65.726523
-736.965793,200,65.764805
-965.756551,200,65.874632
-986.232582,200,65.913344
-962.649384,200,65.951995
-873.621573,200,65.990665
-958.841809,200,66.029172
-869.953366,200,66.067344
-973.556448,200,66.105616
-971.128597,200,66.144008
-972.153312,200,66.182531
-930.110093,200,66.220935
-976.004598,200,66.329955
-968.896691,200,66.368578
-944.900638,200,66.407095
-971.527033,200,66.445568
-876.436421,200,66.484248
-978.165214,200,66.52243
-992.031223,200,66.560769
-979.041801,200,66.598873
-923.18125,200,66.636921
-864.807807,200,66.675124
-865.640226,200,66.78534
-971.689316,200,66.823893
-819.572843,200,66.862372
-933.93069,200,66.900968
-986.332272,200,66.939567
-869.909624,200,66.977687
-6.338013,200,67.016255
-980.379065,200,67.054481
-985.231801,200,67.092801
-979.221135,200,67.13098
-883.307806,200,67.240338
-980.926443,200,67.278857
-883.952501,200,67.317414
-871.146317,200,67.355662
-1026.791731,200,67.394432
-931.305507,200,67.432755
-867.028748,200,67.471139
-953.598211,200,67.5094
-878.841963,200,67.547264
-984.76173,200,67.585499
-876.961869,200,67.69528
-923.765861,200,67.733968
-1050.151913,200,67.772526
-6.047817,200,67.810961
-985.840611,200,67.849428
-909.514714,200,67.88769
-876.863679,200,67.926063
-992.354735,200,67.964046
-983.372833,200,68.002155
-3.667082,200,68.040504
-1027.072731,200,68.150601
-887.993263,200,68.189
-977.552146,200,68.227115
-1015.894146,200,68.265202
-972.512941,200,68.303564
-870.943363,200,68.341571
-5.864149,200,68.379562
-983.257959,200,68.41822
-1002.503435,200,68.456395
-5.260229,200,68.494521
-932.971379,200,68.606155
-938.734232,200,68.6449
-887.121056,200,68.683591
-866.146728,200,68.721997
-944.909026,200,68.760474
-976.876317,200,68.801398
-4.198466,200,68.84237
-983.23683,200,68.881039
-877.583954,200,68.919925
-924.528794,200,68.958193
-5.920721,200,69.080563
-775.828826,200,69.129134
-976.273176,200,69.186455
-878.664587,200,69.251722
-4.528028,200,69.296505
-1002.547868,200,69.343689
-881.951917,200,69.39093
-1015.523857,200,69.438385
-972.067602,200,69.485586
-972.662726,200,69.534394
-980.272257,200,69.684956
-879.411711,200,69.746173
-857.942436,200,69.794256
-4.111184,200,69.841949
-982.840698,200,69.891342
-946.880314,200,69.930792
-873.386732,200,69.96983
-911.40604,200,70.008384
-6.031172,200,70.04687
-868.851716,200,70.085416
-1054.433697,200,70.194378
-903.628676,200,70.232991
-888.087384,200,70.271745
-983.139073,200,70.31007
-870.158907,200,70.348319
-980.915268,200,70.386644
-934.334961,200,70.425115
-2.975031,200,70.463144
-979.353667,200,70.50143
-986.181462,200,70.53943
-987.09666,200,70.647383
-984.960016,200,70.685702
-3.124118,200,70.724124
-3.327653,200,70.762184
-970.511697,200,70.800608
-896.970432,200,70.838546
-898.464766,200,70.87687
-977.055258,200,70.917052
-978.333456,200,70.955123
-977.760918,200,70.994585
-994.88163,200,71.104005
-972.787852,200,71.14359
-902.22376,200,71.182747
-964.159099,200,71.221226
-868.982583,200,71.259534
-751.908843,200,71.298056
-964.521677,200,71.336597
-882.331758,200,71.375174
-3.086945,200,71.413312
-866.000116,200,71.451431
-982.703343,200,71.5674
-1010.97227,200,71.61111
-3.906848,200,71.653306
-3.237817,200,71.696801
-952.031942,200,71.749339
-973.106646,200,71.820586
-931.873972,200,71.8666
-976.979692,200,71.912311
-971.847663,200,71.95797
-979.993061,200,72.004434
-2.648709,200,72.129993
-859.812414,200,72.178953
-755.727135,200,72.242424
-949.451358,200,72.288697
-977.378649,200,72.329915
-946.617962,200,72.369876
-3.466183,200,72.410273
-5.183729,200,72.450104
-976.186494,200,72.490022
-856.964442,200,72.530092
-974.980445,200,72.647866
-889.624112,200,72.688224
-975.17568,200,72.728433
-970.704198,200,72.768327
-988.486838,200,72.807968
-867.669901,200,72.847863
-1043.140098,200,72.887907
-999.747927,200,72.92786
-879.834087,200,72.968085
-978.187001,200,73.007409
-5.252888,200,73.119137
-975.583221,200,73.158827
-1072.270664,200,73.198229
-3.332158,200,73.237792
-868.12936,200,73.277722
-915.453699,200,73.316703
-971.274196,200,73.354696
-975.541832,200,73.393009
-966.823735,200,73.431534
-971.070022,200,73.469579
-982.146188,200,73.578616
-975.442637,200,73.617086
-1068.86812,200,73.655446
-2.803119,200,73.694176
-3.03579,200,73.73256
-871.542197,200,73.771437
-128.096724,200,73.812019
-965.706508,200,73.8546
-806.817331,200,73.893222
-980.304427,200,73.932447
-979.502939,200,74.043309
-870.235054,200,74.082177
-1001.28517,200,74.1209
-876.99273,200,74.16207
-974.755626,200,74.204503
-983.80405,200,74.247851
-939.674936,200,74.291431
-821.770769,200,74.335764
-492.325205,200,74.378769
-4.553546,200,74.423469
-625.929332,200,74.566551
-877.503538,200,74.612861
-2.432033,200,74.660219
-862.785048,200,74.709125
-625.54629,200,74.755416
-885.477717,200,74.803847
-885.010508,200,74.883714
-610.750955,200,74.926352
-890.926545,200,74.965419
-895.062345,200,75.004353
-878.92565,200,75.114055
-864.214987,200,75.152962
-863.107468,200,75.192064
-748.837766,200,75.23019
-363.740704,200,75.268494
-3.033646,200,75.307016
-4.674462,200,75.345518
-2.767444,200,75.389028
-856.826509,200,75.42956
-4.218395,200,75.467568
-868.751481,200,75.57711
-954.829934,200,75.615621
-865.239233,200,75.654094
-128.640847,200,75.692494
-770.341797,200,75.730996
-882.362816,200,75.769431
-972.957627,200,75.807535
-871.732392,200,75.845785
-973.890014,200,75.884014
-940.300516,200,75.922172
-870.642566,200,76.030624
-864.929573,200,76.069261
-834.966689,200,76.107539
-861.582268,200,76.145924
-385.235821,200,76.184475
-244.396687,200,76.22294
-888.02489,200,76.261335
-2.432236,200,76.299409
-627.072053,200,76.337682
-128.991291,200,76.376213
-2.760429,200,76.48472
-362.25333,200,76.523134
-240.65225,200,76.56178
-130.265482,200,76.600078
-247.401905,200,76.638371
-244.231789,200,76.676482
-744.116131,200,76.714081
-373.005315,200,76.752132
-749.186461,200,76.790195
-250.62218,200,76.828503
-620.939838,200,76.937259
-758.043434,200,76.97554
-617.033842,200,77.013768
-129.812911,200,77.05189
-5.470171,200,77.090145
-130.215921,200,77.128838
-866.348352,200,77.166714
-488.354394,200,77.205642
-248.03097,200,77.244085
-523.856261,200,77.281997
-365.91281,200,77.391305
-123.185116,200,77.429778
-500.560872,200,77.468466
-250.491985,200,77.506859
-129.418923,200,77.544742
-485.856197,200,77.583251
-254.068066,200,77.6213
-366.75833,200,77.660102
-417.82956,200,77.698286
-374.43995,200,77.736774
-498.162862,200,77.853997
-3.034833,200,77.897546
-129.479318,200,77.965369
-861.279516,200,78.011313
-127.698277,200,78.054755
-624.446809,200,78.099622
-515.760626,200,78.145983
-374.3982,200,78.191143
-248.206905,200,78.236702
-251.677259,200,78.282629
-251.782409,200,78.426536
-126.602321,200,78.484954
-2.809339,200,78.53425
-367.354607,200,78.574591
-252.028506,200,78.613658
-617.68561,200,78.652166
-362.587783,200,78.690685
-502.085416,200,78.728942
-604.287446,200,78.767249
-249.352099,200,78.806701
-248.526392,200,78.917536
-491.62389,200,78.956333
-126.480771,200,78.995156
-484.115579,200,79.034035
-2.053803,200,79.072289
-491.396339,200,79.110572
-2.391666,200,79.14885
-379.102942,200,79.187365
-513.156625,200,79.225856
-370.515066,200,79.264444
-367.234765,200,79.373538
-250.447874,200,79.411965
-257.610719,200,79.450608
-622.66986,200,79.489184
-251.548548,200,79.527948
-128.121482,200,79.566475
-248.835116,200,79.604749
-129.349633,200,79.64291
-254.421037,200,79.681154
-364.104568,200,79.719523
-372.305129,200,79.829252
-593.807018,200,79.868381
-247.370106,200,79.907242
-614.182488,200,79.946016
-518.753518,200,79.984904
-370.368359,200,80.023588
-497.518458,200,80.06205
-251.192875,200,80.100461
-365.290178,200,80.138999
-122.457466,200,80.177351
-620.05122,200,80.285694
-237.515124,200,80.324265
-558.691558,200,80.36279
-638.580674,200,80.401228
-380.913786,200,80.439457
-242.40219,200,80.477939
-245.570813,200,80.51626
-2.570773,200,80.554598
-249.224018,200,80.593362
-492.259548,200,80.631738
-373.232506,200,80.743639
-499.324327,200,80.782835
-588.256537,200,80.821433
-476.829911,200,80.860047
-607.257103,200,80.900042
-247.572168,200,80.938496
-380.288648,200,80.979953
-246.737521,200,81.019513
-132.54421,200,81.059125
-125.000842,200,81.097574
-251.229766,200,81.215179
-251.818207,200,81.25446
-127.509436,200,81.292907
-371.790397,200,81.331528
-373.523741,200,81.370377
-247.621063,200,81.409019
-372.270371,200,81.44752
-253.423516,200,81.485887
-410.486234,200,81.524154
-246.702129,200,81.562283
-127.902024,200,81.673151
-381.254106,200,81.711869
-2.104828,200,81.750453
-2.363389,200,81.788982
-5.640067,200,81.831438
-621.764837,200,81.87437
-3.810013,200,81.918239
-2.670178,200,81.96183
-489.454883,200,82.005154
-249.71556,200,82.047734
-245.03438,200,82.174899
-578.040912,200,82.219733
-5.812663,200,82.262653
-127.322138,200,82.305163
-252.233388,200,82.351996
-247.458206,200,82.403752
-360.560308,200,82.470234
-2.845928,200,82.533598
-127.829983,200,82.588335
-395.513519,200,82.661746
-251.088827,200,82.831649
-250.736738,200,82.902566
-247.717441,200,82.954646
-368.866632,200,82.997985
-128.729811,200,83.04246
-379.264123,200,83.089186
-386.392135,200,83.138247
-129.196272,200,83.189052
-127.394832,200,83.233546
-249.724144,200,83.277634
-1.997665,200,83.399388
-384.204756,200,83.443553
-132.948112,200,83.486437
-252.078606,200,83.529392
-123.408007,200,83.570709
-371.656101,200,83.611694
-404.340354,200,83.653223
-365.928954,200,83.694949
-576.522788,200,83.736677
-128.154987,200,83.778782
-250.078109,200,83.902784
-123.107578,200,83.943816
-126.683432,200,83.986219
-124.017219,200,84.029909
-365.597633,200,84.072489
-267.577282,200,84.11484
-121.195304,200,84.157125
-127.142303,200,84.199685
-120.879196,200,84.241506
-127.707048,200,84.28709
-247.799721,200,84.414199
-501.612024,200,84.459834
-128.536256,200,84.505371
-376.481495,200,84.551514
-244.109186,200,84.60337
-240.022062,200,84.670214
-241.108149,200,84.717486
-374.881438,200,84.764478
-373.764984,200,84.810849
-127.772847,200,84.860166
-500.876652,200,85.06622
-438.953787,200,85.115285
-3.072941,200,85.157221
-246.498491,200,85.198184
-269.826534,200,85.244691
-239.024266,200,85.293065
-387.299261,200,85.3415
-243.303835,200,85.391913
-251.403222,200,85.436994
-253.567142,200,85.482675
-484.381544,200,85.61403
-2.640405,200,85.660198
-312.218474,200,85.708695
-127.805907,200,85.755723
-3.422598,200,85.804853
-258.602471,200,85.852488
-120.111272,200,85.901479
-371.105523,200,85.944362
-248.214629,200,85.991849
-130.274628,200,86.045794
-252.746065,200,86.213562
-248.97716,200,86.263503
-248.78428,200,86.318158
-254.693926,200,86.376524
-511.93214,200,86.437607
-125.6096,200,86.500575
-125.567112,200,86.561717
-238.377728,200,86.619207
-241.550189,200,86.69693
-117.375492,200,86.771195
-125.503498,200,86.93638
-379.773055,200,86.982727
-2.64743,200,87.025287
-251.25431,200,87.072531
-360.25696,200,87.118067
-352.919006,200,87.167597
-367.275764,200,87.215451
-255.988517,200,87.263386
-126.384708,200,87.310284
-3.61064,200,87.355356
-382.952298,200,87.48436
-481.724488,200,87.529368
-238.214045,200,87.573363
-362.952726,200,87.61921
-392.636986,200,87.669242
-494.229861,200,87.714116
-363.819067,200,87.758773
-237.731837,200,87.801677
-239.354446,200,87.848814
-483.185485,200,87.898338
-231.975975,200,88.027872
-250.493244,200,88.072968
-241.089854,200,88.120077
-121.357176,200,88.166341
-492.171049,200,88.215235
-361.933019,200,88.260526
-124.023283,200,88.308525
-125.719766,200,88.353193
-128.102017,200,88.396737
-369.533543,200,88.443137
-126.795964,200,88.574427
-246.052633,200,88.622987
-130.004186,200,88.669166
-251.426707,200,88.720503
-350.733843,200,88.793814
-249.349024,200,88.869788
-375.212813,200,88.924136
-121.220388,200,88.979508
-246.481528,200,89.034717
-121.495458,200,89.088553
-256.931745,200,89.249744
-266.664033,200,89.309108
-129.242093,200,89.382035
-121.369116,200,89.433466
-244.367786,200,89.480484
-483.002699,200,89.524018
-237.013561,200,89.566254
-235.092934,200,89.611673
-119.387857,200,89.654067
-246.093571,200,89.697876
-121.286086,200,89.826081
-119.513342,200,89.876452
-124.828466,200,89.92599
-249.256623,200,89.975547
-255.088631,200,90.02749
-1.571679,200,90.073181
-122.721395,200,90.119851
-123.044644,200,90.17207
-240.512293,200,90.237653
-126.234291,200,90.304218
-246.245189,200,90.443385
-249.496313,200,90.492754
-128.870877,200,90.547549
-240.328672,200,90.603103
-129.079465,200,90.655458
-124.636351,200,90.702396
-236.008265,200,90.74885
-235.772721,200,90.794621
-128.577665,200,90.839874
-240.55558,200,90.884462
-127.174226,200,91.00923
-127.715547,200,91.05324
-251.811682,200,91.099088
-126.462895,200,91.143463
-243.977325,200,91.188141
-240.919833,200,91.232792
-254.187092,200,91.279834
-247.607953,200,91.322758
-243.094465,200,91.367591
-125.586723,200,91.412029
-2.536626,200,91.541857
-341.313561,200,91.592512
-2.144393,200,91.653745
-126.241419,200,91.702087
-242.154139,200,91.747956
-130.346425,200,91.79523
-369.706291,200,91.846208
-118.330426,200,91.898838
-127.970195,200,91.948287
-118.868596,200,91.996494
-126.876114,200,92.151046
-362.206845,200,92.204613
-116.1596,200,92.256096
-334.901529,200,92.305579
-126.074391,200,92.350867
-1.950704,200,92.39631
-244.107194,200,92.439957
-129.778238,200,92.483503
-371.485395,200,92.52702
-2.169332,200,92.569683
-1.768701,200,92.687685
-239.222797,200,92.731248
-244.800074,200,92.791188
-121.397611,200,92.834199
-117.049957,200,92.877287
-373.284732,200,92.919614
-127.658519,200,92.962311
-250.329592,200,93.004747
-1.896642,200,93.048887
-123.331627,200,93.092429
-242.748137,200,93.212938
-129.807931,200,93.256849
-349.409194,200,93.300208
-119.751337,200,93.342786
-125.641913,200,93.387493
-3.155365,200,93.430271
-119.401968,200,93.472705
-126.139173,200,93.513124
-122.340185,200,93.557171
-123.447727,200,93.600852
-123.022469,200,93.721644
-2.080113,200,93.76422
-123.115632,200,93.807229
-379.722628,200,93.853178
-125.231998,200,93.894812
-369.714533,200,93.939112
-240.359506,200,93.982424
-121.354744,200,94.025237
-255.157554,200,94.068831
-3.576307,200,94.112088
-124.108494,200,94.23584
-351.667893,200,94.282782
-248.725985,200,94.329523
-125.234909,200,94.376315
-364.426461,200,94.430815
-244.990582,200,94.49983
-129.260766,200,94.548042
-124.770054,200,94.59593
-122.451441,200,94.645169
-252.139494,200,94.695587
-481.158703,200,94.867944
-248.484319,200,94.926273
-2.245051,200,94.986343
-234.200013,200,95.028939
-242.471022,200,95.070421
-377.4733,200,95.111427
-1.578911,200,95.151265
-244.124363,200,95.193152
-122.19695,200,95.233008
-1.681621,200,95.274517
-240.429875,200,95.393913
-125.600397,200,95.436039
-130.888447,200,95.477779
-348.575108,200,95.518975
-2.105791,200,95.559888
-124.173009,200,95.600949
-361.733443,200,95.64201
-128.736137,200,95.682946
-127.015016,200,95.725226
-118.776832,200,95.765365
-128.186067,200,95.89221
-244.58082,200,95.932416
-124.857787,200,95.971469
-253.155466,200,96.009846
-122.399331,200,96.048362
-119.137592,200,96.086718
-128.522031,200,96.125616
-326.136181,200,96.164203
-367.82269,200,96.202475
-244.25878,200,96.241172
-1.721318,200,96.354156
-360.7188,200,96.393712
-128.751899,200,96.432178
-252.296711,200,96.470402
-2.56913,200,96.50852
-127.01965,200,96.546612
-368.888628,200,96.584935
-246.544842,200,96.62333
-125.002921,200,96.662237
-120.353937,200,96.701009
-121.191095,200,96.811672
-1.796421,200,96.849759
-125.81743,200,96.887927
-245.207119,200,96.926011
-127.421915,200,96.964135
-271.879029,200,97.002125
-248.472175,200,97.039717
-360.23651,200,97.077562
-250.141324,200,97.115394
-128.728452,200,97.153415
-376.005923,200,97.262486
-343.180937,200,97.300963
-359.503559,200,97.339171
-346.997856,200,97.377271
-360.744688,200,97.415256
-356.063525,200,97.453065
-244.041315,200,97.491044
-127.370486,200,97.529228
-124.495113,200,97.567276
-1.696787,200,97.605362
-476.616645,200,97.713805
-378.953717,200,97.751927
-125.69824,200,97.789818
-130.280792,200,97.827985
-128.846506,200,97.865785
-380.715272,200,97.904373
-128.224533,200,97.942563
-365.812063,200,97.980336
-376.00595,200,98.018347
-125.97007,200,98.056458
-124.741843,200,98.164636
-249.304396,200,98.203061
-127.335859,200,98.241172
-2.024342,200,98.278955
-119.640789,200,98.320627
-375.982069,200,98.362394
-339.043081,200,98.40472
-121.504326,200,98.447013
-235.980891,200,98.490517
-254.195721,200,98.532864
-127.548818,200,98.674443
-119.684347,200,98.729371
-126.322389,200,98.772973
-248.542937,200,98.821277
-251.452108,200,98.868955
-2.700364,200,98.915354
-2.130788,200,98.962109
-118.157145,200,99.009483
-353.250022,200,99.048861
-363.610009,200,99.087292
-366.424134,200,99.199498
-122.000164,200,99.238438
-368.690423,200,99.277217
-125.71256,200,99.315968
-348.033165,200,99.354597
-1.633092,200,99.393008
-2.084144,200,99.431078
-256.82117,200,99.469031
-118.564802,200,99.507992
-126.840451,200,99.546375
-126.586667,200,99.65651
-1.498958,200,99.694786
-264.130424,200,99.732888
-2.745191,200,99.771326
-129.374365,200,99.809658
-248.461484,200,99.84774
-122.315772,200,99.885851
-244.810731,200,99.923674
-128.619479,200,99.961488
-351.225225,200,99.999387
-121.298889,200,100.138633
-129.676865,200,100.182032
-254.280978,200,100.244906
-127.154325,200,100.297605
-246.807199,200,100.34146
-127.62679,200,100.386903
-247.322888,200,100.431425
-125.710553,200,100.47666
-129.312976,200,100.522195
-244.749677,200,100.568655
-249.063909,200,100.709492
-4.114387,200,100.767813
-129.275922,200,100.81322
-121.996583,200,100.852297
-363.779657,200,100.891032
-359.883096,200,100.929467
-129.001071,200,100.968172
-251.594518,200,101.006641
-124.899755,200,101.044704
-367.932145,200,101.083109
-360.551391,200,101.191952
-247.758482,200,101.230664
-127.492313,200,101.269116
-237.479583,200,101.307734
-128.048863,200,101.346489
-248.590879,200,101.384933
-126.180742,200,101.423416
-124.846387,200,101.461878
-244.799503,200,101.500358
-124.636379,200,101.538623
-127.9656,200,101.649545
-122.291558,200,101.688182
-123.246677,200,101.729499
-378.850535,200,101.771807
-1.696339,200,101.815013
-128.284906,200,101.857542
-242.611954,200,101.899234
-125.073552,200,101.942353
-127.007695,200,101.999374
-127.374994,200,102.060513
-125.193684,200,102.183387
-1.474544,200,102.22863
-442.945674,200,102.274208
-353.385265,200,102.319267
-122.033904,200,102.366611
-130.353844,200,102.407531
-127.158594,200,102.447259
-1.662579,200,102.488197
-374.056868,200,102.528083
-376.465766,200,102.567297
-254.939278,200,102.680951
-247.575472,200,102.719567
-251.563882,200,102.758168
-128.302335,200,102.797124
-372.575946,200,102.837124
-3.123931,200,102.877619
-129.519339,200,102.917387
-256.121321,200,102.957009
-131.521008,200,102.995946
-426.845072,200,103.034859
-122.200964,200,103.14484
-130.140952,200,103.183421
-250.046903,200,103.222595
-132.167632,200,103.260911
-125.383599,200,103.299192
-385.751082,200,103.339903
-373.734606,200,103.378445
-363.042305,200,103.416847
-346.543821,200,103.455154
-488.304046,200,103.493589
-252.143383,200,103.611385
-357.548233,200,103.674751
-258.876492,200,103.725526
-124.653432,200,103.768081
-254.502218,200,103.81218
-3.794035,200,103.859498
-250.651214,200,103.903401
-239.977664,200,103.950073
-357.85311,200,103.994737
-123.899904,200,104.042899
-126.722758,200,104.189603
-122.228481,200,104.238664
-244.714355,200,104.2847
-369.036447,200,104.324678
-239.750724,200,104.363555
-123.458412,200,104.402829
-128.597825,200,104.441745
-125.163294,200,104.480497
-127.412687,200,104.519482
-312.975723,200,104.557667
-250.292588,200,104.668363
-252.885502,200,104.707595
-124.330171,200,104.746434
-235.694927,200,104.785036
-391.269142,200,104.823841
-250.168726,200,104.862164
-492.256921,200,104.901674
-375.128356,200,104.943057
-394.595508,200,104.981897
-245.442636,200,105.020098
-133.912663,200,105.129669
-246.940665,200,105.1682
-130.210353,200,105.206703
-383.668018,200,105.245301
-127.504424,200,105.283442
-127.884036,200,105.321805
-503.342738,200,105.359913
-124.928148,200,105.397931
-131.26033,200,105.435943
-257.796175,200,105.474184
-376.961521,200,105.590089
-1.81671,200,105.633169
-129.687547,200,105.677055
-3.440721,200,105.718291
-242.419425,200,105.786202
-257.12251,200,105.839651
-370.759407,200,105.887839
-376.963163,200,105.933145
-126.982997,200,105.977503
-623.458305,200,106.0238
-132.373932,200,106.147692
-500.816812,200,106.218443
-247.419391,200,106.261084
-503.999016,200,106.299416
-255.071321,200,106.33847
-568.282958,200,106.377219
-425.074385,200,106.415701
-366.110277,200,106.454227
-246.800477,200,106.492393
-370.40183,200,106.530781
-127.391466,200,106.639978
-2.058718,200,106.678743
-250.879375,200,106.718586
-252.204246,200,106.757351
-380.02159,200,106.795911
-503.018444,200,106.834049
-370.941148,200,106.872513
-120.13219,200,106.910988
-364.665311,200,106.949189
-121.245677,200,106.98726
-247.476858,200,107.107939
-1.616626,200,107.151603
-1.525993,200,107.195835
-258.120367,200,107.239107
-318.524116,200,107.282418
-442.370622,200,107.326103
-503.136659,200,107.393549
-510.783722,200,107.447132
-382.221932,200,107.491868
-247.125556,200,107.537792
-255.001247,200,107.664526
-383.416104,200,107.712446
-499.912089,200,107.751625
-378.947786,200,107.790585
-257.476836,200,107.829373
-132.161467,200,107.867673
-252.855661,200,107.906052
-514.318183,200,107.944489
-509.896347,200,107.983076
-724.873799,200,108.021624
-256.793368,200,108.130777
-3.163947,200,108.169702
-133.780296,200,108.208225
-508.481836,200,108.246604
-255.21402,200,108.285049
-249.579858,200,108.32355
-124.154405,200,108.361837
-2.901127,200,108.399953
-367.320859,200,108.438274
-366.02904,200,108.476669
-120.20054,200,108.586457
-364.307612,200,108.625202
-248.001227,200,108.663528
-373.105961,200,108.701834
-358.10606,200,108.740467
-254.117198,200,108.778822
-127.11094,200,108.81706
-636.947326,200,108.858394
-248.210659,200,108.897236
-249.261941,200,108.935671
-255.949941,200,109.044428
-3.815422,200,109.083197
-123.087436,200,109.121558
-383.18194,200,109.159731
-125.170575,200,109.197914
-316.968858,200,109.23626
-127.820879,200,109.274611
-126.287577,200,109.312781
-249.968719,200,109.350849
-132.258225,200,109.388696
-349.874846,200,109.49783
-5.171781,200,109.536392
-421.944788,200,109.575052
-3.436617,200,109.613031
-365.337582,200,109.651132
-245.288715,200,109.689099
-127.729603,200,109.727532
-494.014167,200,109.765857
-256.093705,200,109.80423
-129.648159,200,109.842481
-381.73947,200,109.951996
-2.607279,200,109.990642
-364.25092,200,110.029113
-491.643922,200,110.067307
-3.70336,200,110.105735
-2.732,200,110.144095
-127.416302,200,110.182239
-250.09417,200,110.220536
-499.243593,200,110.258509
-334.426359,200,110.296754
-2.914252,200,110.404897
-359.118876,200,110.443398
-254.261821,200,110.481639
-363.710714,200,110.519711
-252.89995,200,110.558147
-126.069167,200,110.596427
-306.612194,200,110.635082
-489.953444,200,110.673428
-130.955119,200,110.711755
-254.500848,200,110.750129
-134.478912,200,110.858572
-251.579913,200,110.89733
-241.157792,200,110.935661
-601.244795,200,110.973729
-133.59932,200,111.012128
-353.33316,200,111.050431
-576.747774,200,111.088711
-375.591624,200,111.126769
-4.460241,200,111.164831
-128.050205,200,111.202622
-247.530688,200,111.350242
-390.980801,200,111.392813
-513.108425,200,111.435158
-259.258115,200,111.512034
-384.86877,200,111.554098
-414.056143,200,111.598831
-353.423314,200,111.644598
-129.83101,200,111.690733
-128.765239,200,111.736763
-5.898642,200,111.781252
-2.469073,200,111.934747
-375.550025,200,111.991045
-130.346675,200,112.039527
-2.323575,200,112.079306
-329.058396,200,112.11803
-249.493723,200,112.156686
-372.514108,200,112.195348
-253.348673,200,112.233887
-393.544036,200,112.272288
-131.754595,200,112.310866
-239.985186,200,112.42064
-128.939628,200,112.459181
-3.402252,200,112.497597
-242.466268,200,112.53599
-127.592986,200,112.574897
-252.092654,200,112.61288
-369.316229,200,112.650987
-129.847307,200,112.689265
-128.915905,200,112.727596
-387.310947,200,112.765811
-248.363776,200,112.874874
-3.008686,200,112.913338
-124.864693,200,112.951875
-128.534329,200,112.990508
-2.489544,200,113.028529
-2.85949,200,113.066645
-129.016887,200,113.104899
-242.054894,200,113.143445
-128.299585,200,113.181895
-369.126638,200,113.220164
-379.529139,200,113.337656
-130.507732,200,113.3801
-131.656048,200,113.422799
-127.008937,200,113.464169
-247.69467,200,113.506362
-129.207778,200,113.58286
-127.830816,200,113.62833
-505.371622,200,113.67274
-122.174096,200,113.717751
-125.800774,200,113.763741
-126.276064,200,113.892617
-256.810522,200,113.934663
-124.917516,200,113.973352
-377.388673,200,114.012148
-3.149639,200,114.050521
-124.430718,200,114.089036
-494.335421,200,114.12724
-133.588517,200,114.16559
-254.452472,200,114.204177
-239.522777,200,114.242693
-240.569084,200,114.352967
-125.600799,200,114.39161
-124.379,200,114.430101
-371.123025,200,114.468487
-123.335612,200,114.506612
-254.722475,200,114.545245
-372.112811,200,114.583724
-128.521108,200,114.622274
-3.239437,200,114.660656
-367.459113,200,114.698912
-382.776729,200,114.807924
-399.044323,200,114.846319
-255.174202,200,114.884616
-129.143399,200,114.923232
-128.979827,200,114.961837
-249.130695,200,115.000018
-251.334404,200,115.038633
-343.425657,200,115.077038
-249.254611,200,115.115575
-4.271113,200,115.156894
-365.034184,200,115.275628
-249.238216,200,115.31416
-376.016254,200,115.352351
-130.82966,200,115.390635
-127.377774,200,115.429382
-120.147699,200,115.467606
-395.727191,200,115.50551
-364.809427,200,115.543626
-127.099837,200,115.582103
-362.77885,200,115.620386
-127.052718,200,115.728658
-356.123776,200,115.767089
-6.392734,200,115.805194
-252.249336,200,115.843257
-376.605785,200,115.881471
-2.877895,200,115.920105
-127.972059,200,115.958552
-360.530218,200,115.996734
-373.120217,200,116.035117
-378.319879,200,116.073486
-472.735994,200,116.182238
-498.864659,200,116.220711
-372.318488,200,116.258797
-252.889862,200,116.297748
-130.743069,200,116.336412
-500.001072,200,116.374373
-251.989557,200,116.412958
-248.959009,200,116.451327
-346.062694,200,116.489627
-127.742114,200,116.527667
-258.035067,200,116.637524
-248.257381,200,116.675703
-367.9159,200,116.714091
-374.005976,200,116.752957
-370.567439,200,116.79127
-4.996867,200,116.829366
-131.453497,200,116.867632
-390.213844,200,116.906032
-251.364433,200,116.944231
-129.026966,200,116.982141
-4.361205,200,117.098757
-125.762324,200,117.171548
-3.718848,200,117.218315
-252.314413,200,117.260486
-247.825648,200,117.305862
-382.869255,200,117.350976
-128.774954,200,117.397268
-125.478358,200,117.44295
-249.957829,200,117.486583
-251.808892,200,117.545664
-517.673213,200,117.67773
-130.314834,200,117.72507
-128.834635,200,117.767478
-248.525145,200,117.806485
-249.169685,200,117.845436
-249.336672,200,117.883757
-131.828772,200,117.921945
-369.792835,200,117.960039
-249.578793,200,117.99822
-249.371995,200,118.036485
-131.051521,200,118.145491
-249.321769,200,118.184352
-369.332403,200,118.222811
-130.633063,200,118.261196
-126.416298,200,118.299328
-244.059809,200,118.337365
-131.146954,200,118.375213
-369.454418,200,118.413561
-130.255262,200,118.451897
-131.331877,200,118.490114
-3.195533,200,118.59869
-254.885023,200,118.637128
-241.025643,200,118.67568
-251.873184,200,118.713964
-247.562805,200,118.752146
-129.110245,200,118.789904
-125.99036,200,118.828336
-126.675916,200,118.869953
-250.441939,200,118.908431
-134.369421,200,118.946739
-129.312544,200,119.057646
-514.589549,200,119.096562
-129.181978,200,119.135052
-374.151571,200,119.173337
-384.882749,200,119.212221
-358.067839,200,119.250804
-256.945567,200,119.288976
-360.374286,200,119.327071
-3.110552,200,119.365344
-251.377721,200,119.403629
-262.243801,200,119.512764
-130.293337,200,119.551042
-245.758859,200,119.589364
-371.397825,200,119.627648
-131.791767,200,119.66603
-381.074693,200,119.704008
-242.268895,200,119.74238
-128.806812,200,119.780526
-122.223646,200,119.818869
-325.661279,200,119.856772
-125.512318,200,119.965935
-124.882956,200,120.004487
-129.300576,200,120.042845
-249.542668,200,120.081355
-257.205464,200,120.119367
-124.860857,200,120.15768
-129.896156,200,120.195399
-125.433848,200,120.233482
-367.413972,200,120.271709
-508.864874,200,120.30967
-317.061492,200,120.418544
-9.421359,200,120.457055
-128.92854,200,120.495059
-262.411723,200,120.533333
-246.056912,200,120.571659
-379.395794,200,120.609414
-280.446776,200,120.647834
-4.009911,200,120.686174
-127.60426,200,120.724438
-262.611267,200,120.762569
-127.597677,200,120.870799
-128.988124,200,120.909252
-255.682505,200,120.947639
-365.703811,200,120.985854
-248.56833,200,121.024318
-130.055405,200,121.062363
-124.451551,200,121.100744
-421.012203,200,121.139122
-252.661689,200,121.177225
-125.153502,200,121.215385
-3.210824,200,121.324519
-246.048594,200,121.362482
-121.818447,200,121.400772
-253.431102,200,121.438786
-268.409761,200,121.477253
-402.415462,200,121.515375
-3.020172,200,121.553447
-137.366203,200,121.591648
-3.478331,200,121.630257
-126.313549,200,121.668187
-126.89769,200,121.77817
-252.38316,200,121.816419
-248.083868,200,121.855185
-247.236971,200,121.893434
-127.6391,200,121.931912
-5.391204,200,121.970003
-128.984874,200,122.008033
-132.467699,200,122.046165
-125.003599,200,122.08423
-127.003757,200,122.122315
-237.435809,200,122.230587
-240.068121,200,122.269382
-343.121004,200,122.307717
-129.830758,200,122.345988
-378.500473,200,122.384349
-125.835629,200,122.422557
-128.725113,200,122.461033
-396.68992,200,122.499224
-127.286031,200,122.540301
-122.194167,200,122.582632
-386.485197,200,122.699679
-252.123616,200,122.742111
-369.741792,200,122.816114
-124.767344,200,122.864477
-3.015656,200,122.909555
-128.00266,200,122.955325
-428.971575,200,123.000143
-362.104481,200,123.046537
-4.988163,200,123.090977
-241.586586,200,123.137315
-2.465532,200,123.266061
-249.84774,200,123.305218
-129.010113,200,123.34463
-128.238661,200,123.383068
-262.246859,200,123.421512
-3.284295,200,123.459722
-243.769855,200,123.497974
-253.10389,200,123.536415
-127.63437,200,123.574858
-128.211679,200,123.613107
-504.850453,200,123.722068
-354.495046,200,123.760496
-246.707906,200,123.798264
-256.493314,200,123.837668
-127.6108,200,123.878482
-256.629195,200,123.917225
-253.02263,200,123.955654
-127.305736,200,123.99393
-256.380514,200,124.032234
-235.418593,200,124.070408
-369.979075,200,124.178794
-235.897905,200,124.21687
-334.655712,200,124.256113
-127.165309,200,124.297623
-254.507534,200,124.341428
-122.931502,200,124.384533
-125.45137,200,124.427951
-357.305519,200,124.471244
-356.138085,200,124.514665
-250.80644,200,124.558305
-124.972294,200,124.69557
-247.695021,200,124.740198
-253.900803,200,124.78655
-507.240414,200,124.832137
-131.234658,200,124.877339
-126.914619,200,124.925972
-128.598673,200,124.970335
-750.832439,200,125.009
-512.372989,200,125.047596
-482.432028,200,125.086529
-508.878141,200,125.196079
-251.390146,200,125.234625
-129.648799,200,125.273148
-263.740744,200,125.311686
-129.335945,200,125.350043
-122.396254,200,125.388146
-255.593279,200,125.42633
-127.273174,200,125.46445
-369.467074,200,125.50227
-128.453276,200,125.539918
-126.392114,200,125.64869
-125.46207,200,125.687282
-238.46509,200,125.7256
-246.106766,200,125.763674
-126.280324,200,125.802078
-385.263479,200,125.840499
-125.450257,200,125.878771
-501.532334,200,125.916823
-127.821571,200,125.954916
-125.737787,200,125.993174
-1.763764,200,126.102007
-123.783768,200,126.140636
-125.003056,200,126.178784
-889.809479,200,126.217237
-121.121124,200,126.255507
-127.123694,200,126.293439
-240.067884,200,126.331552
-975.629029,200,126.369619
-640.244019,200,126.407486
-122.247087,200,126.445699
-126.289934,200,126.554446
-125.768759,200,126.59277
-255.557982,200,126.631068
-365.896322,200,126.669384
-127.229556,200,126.707611
-253.868749,200,126.745751
-129.23841,200,126.78387
-129.512126,200,126.822018
-770.336959,200,126.860313
-126.302427,200,126.898386
-3.025477,200,127.00766
-239.833048,200,127.045936
-244.24055,200,127.083903
-1.685188,200,127.122268
-378.803568,200,127.16087
-315.868537,200,127.19903
-250.502533,200,127.237633
-362.581226,200,127.275573
-124.060543,200,127.314009
-126.134606,200,127.351945
-635.908717,200,127.461424
-253.662641,200,127.499844
-634.053905,200,127.53836
-127.705795,200,127.576511
-124.043764,200,127.61492
-123.886092,200,127.65316
-128.924841,200,127.691698
-236.253666,200,127.729522
-125.735121,200,127.768015
-124.756732,200,127.806337
-245.461486,200,127.91769
-122.532327,200,127.960431
-129.374137,200,128.002603
-127.266716,200,128.071778
-251.719487,200,128.120946
-126.823745,200,128.164241
-1.580103,200,128.209628
-126.177257,200,128.255432
-271.251713,200,128.301325
-125.893738,200,128.346388
-254.308881,200,128.486921
-8.124704,200,128.544202
-1.835823,200,128.59416
-251.610938,200,128.640439
-879.542241,200,128.679662
-894.712751,200,128.718332
-125.850986,200,128.757051
-126.099247,200,128.795516
-249.928415,200,128.834813
-1.801465,200,128.87545
-2.874983,200,128.984221
-901.868378,200,129.022957
-379.238876,200,129.061617
-249.756778,200,129.099966
-4.463379,200,129.138189
-604.979359,200,129.176458
-124.742581,200,129.214797
-127.926677,200,129.253188
-124.783217,200,129.291617
-235.416482,200,129.329756
-123.921921,200,129.438452
-321.326053,200,129.477235
-123.018328,200,129.515809
-124.811055,200,129.554031
-124.427385,200,129.592353
-127.923832,200,129.6306
-252.485432,200,129.67159
-2.653879,200,129.712191
-126.856044,200,129.750468
-244.78069,200,129.788839
-129.35883,200,129.897142
-129.738642,200,129.935465
-120.010104,200,129.973641
-240.258017,200,130.011862
-122.797789,200,130.050737
-236.424315,200,130.089244
-124.610264,200,130.127901
-250.739266,200,130.166186
-1.808977,200,130.204423
-242.24887,200,130.242542
-126.148878,200,130.351197
-788.736908,200,130.389589
-249.027454,200,130.427541
-793.274424,200,130.465701
-238.498332,200,130.503947
-253.656468,200,130.542055
-763.06541,200,130.580431
-2.470422,200,130.618881
-292.17518,200,130.657073
-128.264482,200,130.695123
-355.627083,200,130.807215
-770.386871,200,130.845832
-367.055922,200,130.884372
-246.858181,200,130.922924
-2.375975,200,130.96166
-1022.856876,200,130.999829
-126.359161,200,131.038222
-891.159366,200,131.076456
-237.555818,200,131.114576
-122.121066,200,131.152727
-257.683421,200,131.261432
-250.136274,200,131.299895
-367.952845,200,131.338094
-834.108304,200,131.376395
-2.46173,200,131.414632
-237.373106,200,131.452879
-642.022393,200,131.491297
-794.774813,200,131.52946
-3.087632,200,131.56764
-1.613586,200,131.605411
-900.447747,200,131.71401
-247.649521,200,131.752809
-802.739236,200,131.791752
-239.355876,200,131.830245
-235.285911,200,131.868452
-1.781209,200,131.906891
-125.485324,200,131.945024
-126.915045,200,131.98322
-870.195156,200,132.021384
-126.881991,200,132.05938
-126.050919,200,132.167867
-255.873079,200,132.2065
-368.256852,200,132.24428
-127.487249,200,132.282527
-355.619466,200,132.320824
-250.683983,200,132.35887
-335.482661,200,132.396795
-125.241861,200,132.435001
-125.949862,200,132.473277
-376.415253,200,132.511239
-252.315288,200,132.652625
-119.058533,200,132.690768
-122.126934,200,132.729328
-761.08037,200,132.767391
-505.671707,200,132.806208
-1.401263,200,132.844612
-663.149953,200,132.88279
-128.304782,200,132.920896
-245.319529,200,132.958976
-763.25336,200,132.996848
-818.411069,200,133.106078
-254.087552,200,133.144477
-124.077268,200,133.186097
-240.822669,200,133.227991
-124.397928,200,133.271487
-251.501685,200,133.314499
-366.396142,200,133.356958
-764.471593,200,133.39898
-122.088377,200,133.442772
-124.59859,200,133.521033
-244.061215,200,133.643252
-640.244201,200,133.688764
-126.045646,200,133.731966
-120.871046,200,133.777693
-122.624893,200,133.825802
-351.775314,200,133.868825
-370.378797,200,133.908086
-256.332993,200,133.946603
-257.406549,200,133.985277
-127.951214,200,134.023705
-369.398299,200,134.133288
-775.097868,200,134.171814
-1.557423,200,134.210262
-281.032519,200,134.24852
-119.951799,200,134.287055
-123.43008,200,134.325134
-253.947706,200,134.363185
-512.674982,200,134.401199
-359.502056,200,134.439233
-254.809344,200,134.477149
-120.01641,200,134.586572
-124.915322,200,134.624989
-321.016727,200,134.663009
-499.276342,200,134.701238
-229.621471,200,134.73931
-239.239806,200,134.777923
-254.159988,200,134.815953
-237.555156,200,134.854209
-235.326893,200,134.8925
-650.092622,200,134.93076
-372.898177,200,135.040594
-127.150025,200,135.083021
-1.733013,200,135.12652
-244.983848,200,135.183531
-124.730937,200,135.243441
-125.073114,200,135.287036
-124.814496,200,135.330599
-263.328562,200,135.376081
-255.893959,200,135.421406
-2.638735,200,135.467654
-1.358509,200,135.613335
-879.972748,200,135.670461
-2.050344,200,135.717135
-892.828976,200,135.762682
-120.548683,200,135.801861
-252.94397,200,135.840767
-314.985294,200,135.879568
-117.125033,200,135.917971
-2.134519,200,135.956641
-122.760878,200,135.995034
-883.259497,200,136.105974
-512.835294,200,136.144416
-246.224105,200,136.182899
-334.592288,200,136.221188
-118.818813,200,136.259286
-239.318832,200,136.297422
-254.145257,200,136.335735
-744.089683,200,136.374128
-316.705105,200,136.412479
-127.174631,200,136.450738
-125.598079,200,136.559769
-244.869525,200,136.598593
-248.712498,200,136.637224
-359.878197,200,136.675247
-436.768834,200,136.713569
-121.122958,200,136.75177
-123.071073,200,136.790045
-121.29114,200,136.828341
-243.695874,200,136.866073
-126.015874,200,136.904146
-126.253746,200,137.012088
-630.306206,200,137.051015
-249.608729,200,137.08928
-123.195852,200,137.127619
-123.265723,200,137.165711
-126.145957,200,137.2041
-511.105989,200,137.242028
-238.825607,200,137.280197
-127.97583,200,137.318584
-377.809962,200,137.356552
-128.454865,200,137.464837
-128.183432,200,137.503174
-246.850385,200,137.541448
-636.984167,200,137.579339
-374.14135,200,137.617496
-500.173241,200,137.655696
-236.194736,200,137.693833
-1.796877,200,137.731576
-471.547642,200,137.769347
-127.993761,200,137.807177
-239.985096,200,137.916239
-128.66331,200,137.954771
-384.672564,200,137.992962
-1.782003,200,138.031216
-1.669731,200,138.069422
-755.461792,200,138.107474
-124.163214,200,138.145041
-235.14249,200,138.182933
-357.043951,200,138.221006
-255.71334,200,138.258807
-276.376969,200,138.375487
-126.333559,200,138.418906
-237.717931,200,138.461314
-123.08991,200,138.504036
-251.045613,200,138.546906
-125.167801,200,138.624607
-245.494061,200,138.668179
-323.171381,200,138.715065
-127.763844,200,138.758533
-378.995154,200,138.803772
-247.222807,200,138.929624
-255.297528,200,138.97334
-256.902044,200,139.012246
-126.641133,200,139.05098
-376.733704,200,139.089533
-354.921626,200,139.127933
-130.223739,200,139.166158
-486.48299,200,139.204195
-124.874989,200,139.242992
-126.738693,200,139.281439
-129.794024,200,139.390016
-124.825815,200,139.428648
-349.980365,200,139.467159
-239.917085,200,139.505237
-129.684189,200,139.543391
-2.394479,200,139.581702
-238.712669,200,139.619922
-3.578854,200,139.658072
-124.557454,200,139.696459
-123.893366,200,139.734367
-130.355861,200,139.842805
-254.130707,200,139.881158
-240.672326,200,139.919531
-509.882248,200,139.957783
-382.889676,200,139.995819
-462.635496,200,140.034004
-116.893979,200,140.072431
-250.681944,200,140.110768
-365.47155,200,140.148968
-123.591104,200,140.187008
-242.556279,200,140.295545
-129.704901,200,140.333974
-128.011788,200,140.372661
-2.408883,200,140.41078
-119.222006,200,140.449201
-128.045253,200,140.487883
-127.353895,200,140.526325
-247.592336,200,140.564703
-119.75112,200,140.602664
-128.471776,200,140.640904
-126.213147,200,140.749565
-126.381564,200,140.788178
-122.979162,200,140.82623
-122.763629,200,140.86448
-2.675162,200,140.90274
-253.770224,200,140.941192
-127.900537,200,140.979126
-122.324376,200,141.017445
-509.410057,200,141.055335
-3.86723,200,141.093241
-233.242209,200,141.201893
-128.057121,200,141.240729
-246.989743,200,141.278726
-354.291242,200,141.316955
-368.510641,200,141.354971
-125.948513,200,141.392902
-128.402793,200,141.431259
-3.454945,200,141.469325
-127.097534,200,141.507591
-237.035129,200,141.545849
-378.825447,200,141.654277
-251.721226,200,141.692368
-252.86133,200,141.730862
-123.009698,200,141.769163
-366.431339,200,141.807039
-372.447908,200,141.844856
-127.566433,200,141.883042
-241.054552,200,141.921341
-3.007861,200,141.959286
-2.290051,200,141.997635
-240.257499,200,142.106447
-126.005181,200,142.14508
-126.059728,200,142.183176
-378.116905,200,142.221727
-127.896288,200,142.260102
-125.989313,200,142.298322
-242.078516,200,142.336703
-238.19629,200,142.375176
-259.479141,200,142.41475
-123.699209,200,142.454213
-336.768725,200,142.5702
-346.769186,200,142.60993
-362.907352,200,142.648642
-125.268842,200,142.687261
-283.725044,200,142.726813
-245.564742,200,142.766284
-126.411817,200,142.805759
-506.668861,200,142.844987
-131.034528,200,142.884064
-352.164263,200,142.922907
-130.864425,200,143.033145
-2.907156,200,143.073282
-346.614438,200,143.113611
-2.385461,200,143.153488
-259.237589,200,143.19329
-385.600394,200,143.23169
-316.123698,200,143.271754
-3.416174,200,143.310597
-123.512164,200,143.348827
-122.94771,200,143.3874
-124.294815,200,143.496471
-253.538551,200,143.534971
-120.980864,200,143.573274
-129.270175,200,143.611585
-118.109206,200,143.650026
-122.982177,200,143.688022
-122.185855,200,143.726407
-125.304627,200,143.76479
-244.411744,200,143.803412
-2.126758,200,143.841907
-126.936227,200,143.961814
-128.570306,200,144.034199
-256.396225,200,144.07737
-237.615895,200,144.119639
-2.201288,200,144.163349
-232.065153,200,144.207439
-353.167655,200,144.263679
-239.944093,200,144.330071
-321.251046,200,144.374993
-2.32984,200,144.420606
-123.719004,200,144.549498
-239.304752,200,144.597483
-126.00941,200,144.637573
-258.256225,200,144.676013
-129.57164,200,144.714521
-234.152028,200,144.752555
-127.721024,200,144.790916
-123.749241,200,144.829125
-125.665282,200,144.867333
-359.713473,200,144.905697
-120.927653,200,145.015845
-236.104476,200,145.054373
-127.721288,200,145.09294
-126.427212,200,145.131381
-119.602877,200,145.169728
-247.731235,200,145.207834
-3.140581,200,145.245967
-130.075359,200,145.283831
-122.784364,200,145.32194
-256.624331,200,145.360196
-238.229397,200,145.468934
-127.382664,200,145.507329
-131.375628,200,145.545716
-348.106695,200,145.583741
-128.190488,200,145.621926
-251.154011,200,145.660116
-337.375932,200,145.698974
-2.68348,200,145.737375
-127.261769,200,145.775364
-117.772478,200,145.813605
-128.285417,200,145.922794
-125.088279,200,145.961383
-2.308247,200,145.999676
-121.166807,200,146.038017
-253.868667,200,146.076588
-249.104131,200,146.11474
-240.526665,200,146.152906
-251.610514,200,146.191215
-287.478988,200,146.22952
-364.618631,200,146.267901
-249.496209,200,146.38425
-248.210143,200,146.426658
-245.702929,200,146.483977
-3.122612,200,146.543326
-128.371706,200,146.586595
-127.952578,200,146.631418
-121.113028,200,146.676985
-250.755851,200,146.723328
-2.524316,200,146.767789
-125.30625,200,146.813428
-128.665964,200,146.954625
-244.116717,200,147.015428
-130.24075,200,147.059996
-5.68729,200,147.099114
-383.904604,200,147.137688
-338.609775,200,147.175891
-124.144933,200,147.214277
-124.097813,200,147.252588
-242.147356,200,147.290683
-126.364821,200,147.328965
-4.078506,200,147.438793
-235.633173,200,147.477553
-242.19959,200,147.516027
-118.815775,200,147.554359
-2.317273,200,147.592746
-237.998625,200,147.630746
-127.820512,200,147.668636
-242.190031,200,147.707091
-127.539018,200,147.745321
-236.832636,200,147.783537
-249.184028,200,147.892257
-2.197352,200,147.930551
-123.363107,200,147.968566
-124.971132,200,148.006811
-126.477328,200,148.045092
-247.614044,200,148.083242
-245.583787,200,148.121304
-125.243609,200,148.159244
-248.08703,200,148.197132
-124.057065,200,148.235259
-256.371337,200,148.343761
-123.340763,200,148.382346
-380.497249,200,148.420579
-353.911687,200,148.458813
-129.001859,200,148.496899
-2.679589,200,148.535054
-126.468879,200,148.573309
-124.234127,200,148.611307
-2.103898,200,148.649463
-123.180169,200,148.687523
-127.897857,200,148.796587
-116.936225,200,148.835038
-129.127023,200,148.876051
-120.307901,200,148.915305
-248.95491,200,148.953543
-3.555784,200,148.991705
-352.380576,200,149.029927
-368.494883,200,149.067848
-125.28916,200,149.106348
-126.320615,200,149.144558
-292.596485,200,149.260978
-125.699306,200,149.303811
-123.401128,200,149.347643
-244.455588,200,149.388839
-251.253979,200,149.432379
-123.541563,200,149.489518
-244.945448,200,149.555506
-125.754865,200,149.599526
-127.519449,200,149.644809
-252.056588,200,149.689884
-124.390583,200,149.846403
-373.168456,200,149.888328
-2.914834,200,149.927189
-131.446998,200,149.965699
-129.061095,200,150.003854
-124.760917,200,150.042178
-128.079853,200,150.080625
-125.702647,200,150.11882
-2.348022,200,150.156918
-123.22764,200,150.195202
-253.990289,200,150.303476
-254.031413,200,150.341914
-126.6007,200,150.379817
-234.43407,200,150.417761
-125.578193,200,150.456041
-126.016283,200,150.494201
-255.388856,200,150.532411
-251.116163,200,150.570235
-379.835281,200,150.608283
-251.570582,200,150.646428
-128.732262,200,150.755348
-128.135126,200,150.793598
-245.632142,200,150.831843
-345.34784,200,150.870061
-352.483745,200,150.908127
-257.877305,200,150.945953
-128.391741,200,150.984023
-249.779554,200,151.02192
-126.862369,200,151.060006
-244.48091,200,151.098061
-249.593409,200,151.207001
-242.446059,200,151.24549
-118.297067,200,151.284001
-127.578327,200,151.32246
-119.128703,200,151.360827
-446.115338,200,151.399094
-123.282294,200,151.43754
-237.435079,200,151.475795
-375.503836,200,151.513888
-124.983864,200,151.552267
-338.227446,200,151.660493
-239.188608,200,151.698966
-130.991928,200,151.737403
-125.792888,200,151.775909
-3.03002,200,151.81407
-242.13379,200,151.852079
-2.646643,200,151.890405
-117.317002,200,151.928903
-242.316363,200,151.96697
-337.294933,200,152.004746
-232.255432,200,152.113049
-127.315531,200,152.151525
-251.521242,200,152.189757
-238.068633,200,152.227681
-256.118779,200,152.265945
-371.423961,200,152.303631
-127.314231,200,152.341779
-345.29532,200,152.379904
-127.512872,200,152.418109
-237.744627,200,152.456313
-123.211344,200,152.565035
-2.322139,200,152.603674
-126.696512,200,152.642154
-128.265286,200,152.680406
-123.062496,200,152.718607
-122.566779,200,152.756834
-234.759241,200,152.794668
-2.204532,200,152.832701
-243.866155,200,152.871147
-127.358446,200,152.909174
-234.434991,200,153.018085
-239.256097,200,153.056297
-125.579658,200,153.094431
-240.605962,200,153.132447
-127.044596,200,153.170846
-2.979895,200,153.208948
-362.064041,200,153.24691
-125.770353,200,153.284934
-238.736644,200,153.323295
-256.010841,200,153.360973
-126.295541,200,153.469492
-237.852055,200,153.508096
-124.051321,200,153.546347
-244.334002,200,153.584411
-2.704181,200,153.622755
-123.779962,200,153.660917
-124.451362,200,153.699117
-125.465871,200,153.737259
-125.514942,200,153.775278
-127.646353,200,153.81401
-255.056681,200,153.930786
-2.865632,200,153.974029
-126.849407,200,154.037207
-129.35841,200,154.09036
-358.953018,200,154.133422
-127.040434,200,154.177504
-123.331638,200,154.222267
-2.40704,200,154.268382
-230.442703,200,154.314434
-122.743161,200,154.361189
-264.286242,200,154.508393
-242.32869,200,154.568685
-243.252836,200,154.6154
-4.29511,200,154.654749
-119.173855,200,154.693533
-243.713772,200,154.731985
-2.525274,200,154.770386
-2.230943,200,154.808906
-247.281695,200,154.847655
-127.884181,200,154.885808
-2.956863,200,154.995814
-242.167686,200,155.034696
-118.413956,200,155.073149
-125.769995,200,155.111561
-385.02395,200,155.149788
-245.483342,200,155.188128
-251.51244,200,155.228409
-127.551807,200,155.270032
-235.872522,200,155.310481
-243.691463,200,155.349012
-128.917531,200,155.459414
-353.537228,200,155.497832
-251.749089,200,155.535935
-251.447994,200,155.5745
-3.430621,200,155.613048
-125.818729,200,155.651302
-252.22382,200,155.689727
-234.991546,200,155.727967
-122.313674,200,155.765836
-375.599322,200,155.80524
-242.075641,200,155.914801
-129.468401,200,155.953452
-127.11599,200,155.991721
-239.0163,200,156.029918
-122.041814,200,156.068557
-241.54666,200,156.107148
-123.971331,200,156.1457
-130.071736,200,156.183654
-120.759136,200,156.222021
-2.624935,200,156.260406
-362.828017,200,156.371625
-130.287909,200,156.40966
-126.843116,200,156.447927
-120.956653,200,156.486437
-123.971344,200,156.524659
-237.557765,200,156.563
-123.042459,200,156.601372
-253.796901,200,156.639486
-124.73634,200,156.677801
-238.954351,200,156.71588
-243.814103,200,156.824656
-359.695433,200,156.863105
-240.204277,200,156.901453
-124.546157,200,156.939849
-127.372842,200,156.978111
-2.469339,200,157.016337
-234.332569,200,157.054604
-118.848599,200,157.09311
-126.503969,200,157.13137
-2.82424,200,157.169719
-2.768878,200,157.278326
-127.418495,200,157.316481
-131.753476,200,157.354908
-2.284345,200,157.393222
-119.307745,200,157.431328
-2.810123,200,157.469544
-475.478231,200,157.507495
-3.094313,200,157.545619
-133.662661,200,157.583909
-121.675107,200,157.622334
-116.852524,200,157.73075
-244.480895,200,157.769149
-127.706768,200,157.807548
-127.306721,200,157.845958
-249.346315,200,157.884222
-127.621285,200,157.922516
-236.067252,200,157.960706
-234.261831,200,157.998973
-276.095647,200,158.03745
-4.394708,200,158.075674
-127.042545,200,158.193736
-383.842608,200,158.235257
-237.343129,200,158.279131
-370.028309,200,158.321134
-128.430164,200,158.364191
-642.362049,200,158.423823
-125.462793,200,158.481727
-239.264745,200,158.527666
-127.755357,200,158.572506
-124.977599,200,158.617224
-237.868156,200,158.743181
-2.522017,200,158.788532
-248.354353,200,158.827997
-126.841435,200,158.86828
-126.036497,200,158.908792
-243.332619,200,158.947131
-117.724682,200,158.985573
-249.351958,200,159.023795
-250.997991,200,159.062294
-3.019209,200,159.100481
-243.04097,200,159.20982
-332.905904,200,159.248246
-2.740811,200,159.28672
-363.417613,200,159.325285
-2.429478,200,159.363627
-240.810871,200,159.401766
-375.146808,200,159.440069
-244.486591,200,159.478442
-354.064512,200,159.516724
-117.232847,200,159.554989
-370.738723,200,159.664382
-124.165177,200,159.703598
-127.551561,200,159.746071
-758.989629,200,159.78757
-4.072861,200,159.854536
-125.023268,200,159.906616
-126.913745,200,159.948504
-352.835476,200,159.991798
-122.241448,200,160.038516
-2.690922,200,160.084825
-128.273759,200,160.210904
-253.373038,200,160.281066
-3.764955,200,160.33709
-2.589246,200,160.384246
-490.312222,200,160.43035
-128.430145,200,160.469194
-253.085898,200,160.508082
-237.92652,200,160.546432
-126.914224,200,160.584607
-478.940637,200,160.622875
-117.888779,200,160.732645
-4.137459,200,160.770839
-243.20754,200,160.809505
-128.151242,200,160.847955
-247.242816,200,160.88636
-124.934147,200,160.924408
-254.246123,200,160.962719
-127.577717,200,161.000717
-6.167624,200,161.039169
-3.240246,200,161.077256
-2.540263,200,161.185961
-320.82082,200,161.224286
-350.022617,200,161.262474
-125.476563,200,161.300417
-124.407796,200,161.339095
-125.924424,200,161.377085
-250.002592,200,161.415194
-248.140906,200,161.453394
-363.548841,200,161.491543
-2.693066,200,161.530099
-255.118844,200,161.640019
-231.189468,200,161.678702
-355.28888,200,161.717056
-2.313768,200,161.755547
-126.622144,200,161.79359
-118.214893,200,161.831496
-2.809675,200,161.869722
-123.586864,200,161.907932
-329.000112,200,161.946357
-2.919264,200,161.98446
-526.858584,200,162.092977
-317.916864,200,162.131608
-249.108468,200,162.170005
-125.513239,200,162.208237
-341.528977,200,162.246087
-3.080603,200,162.284106
-250.558891,200,162.322457
-373.678696,200,162.360502
-380.942559,200,162.398553
-2.545659,200,162.436954
-126.487576,200,162.547087
-128.004786,200,162.591198
-130.172427,200,162.629207
-125.929107,200,162.667648
-3.537433,200,162.70561
-3.641813,200,162.743781
-358.948845,200,162.781651
-1013.981841,200,162.819739
-512.843819,200,162.85769
-356.109929,200,162.895626
-238.174288,200,163.004602
-126.652743,200,163.042738
-127.54426,200,163.081031
-2.642356,200,163.119031
-125.482364,200,163.157132
-3.845122,200,163.195251
-269.803805,200,163.233103
-236.213249,200,163.271302
-125.284173,200,163.309003
-127.364487,200,163.347013
-2.961234,200,163.456022
-126.159946,200,163.494376
-123.662023,200,163.532637
-360.988704,200,163.570749
-2.477191,200,163.608902
-122.430621,200,163.64697
-123.338383,200,163.685067
-127.710416,200,163.722931
-124.718927,200,163.760793
-254.962839,200,163.798577
-238.593647,200,163.910192
-120.847599,200,163.948667
-251.612919,200,163.98711
-126.59107,200,164.02531
-124.704808,200,164.063551
-120.04887,200,164.101671
-377.881824,200,164.139863
-124.670679,200,164.177368
-243.900191,200,164.215794
-127.909461,200,164.253778
-251.942946,200,164.362095
-247.301287,200,164.400521
-129.020227,200,164.438541
-244.172259,200,164.476929
-2.817022,200,164.515014
-249.768856,200,164.553233
-120.660943,200,164.591397
-3.055649,200,164.629478
-123.450366,200,164.667689
-5.183667,200,164.705622
-358.112687,200,164.822402
-123.178271,200,164.866017
-125.978302,200,164.909152
-237.586697,200,164.950852
-346.938207,200,165.001702
-237.664658,200,165.070281
-374.153667,200,165.115345
-124.823898,200,165.159867
-375.886378,200,165.202393
-125.214577,200,165.24862
-235.401221,200,165.408225
-122.92791,200,165.460513
-127.297025,200,165.522821
-366.618515,200,165.561407
-2.401433,200,165.599765
-350.624224,200,165.638396
-241.806757,200,165.676536
-237.730936,200,165.715089
-3.440622,200,165.753322
-899.891901,200,165.791395
-127.201877,200,165.901021
-3.727055,200,165.939664
-2.453064,200,165.978296
-122.58533,200,166.016251
-370.677759,200,166.05451
-368.922151,200,166.092558
-495.759437,200,166.130787
-120.631548,200,166.169149
-252.350406,200,166.207024
-128.404137,200,166.245127
-120.222072,200,166.35707
-125.628317,200,166.39622
-236.086391,200,166.434489
-238.464386,200,166.472819
-364.977605,200,166.511231
-3.528196,200,166.549479
-122.928401,200,166.587859
-127.911791,200,166.626081
-355.857199,200,166.664453
-124.762723,200,166.702687
-2.952284,200,166.811902
-251.158288,200,166.850545
-364.815873,200,166.88907
-125.796136,200,166.927619
-361.331969,200,166.966127
-348.23242,200,167.004189
-243.207793,200,167.042522
-126.710783,200,167.080699
-2.186352,200,167.119579
-124.498147,200,167.157771
-127.726507,200,167.266962
-127.974068,200,167.305809
-877.583845,200,167.343861
-127.048563,200,167.381893
-127.436326,200,167.419959
-123.580907,200,167.458035
-236.835274,200,167.496155
-3.09838,200,167.534404
-124.276899,200,167.572615
-118.693428,200,167.610769
-120.509316,200,167.719997
-245.245531,200,167.758581
-120.903787,200,167.796685
-457.605085,200,167.834821
-479.021186,200,167.873149
-250.955326,200,167.911427
-241.915655,200,167.949241
-123.252072,200,167.987198
-363.606682,200,168.025341
-119.103103,200,168.063345
-372.020131,200,168.172529
-122.63634,200,168.210712
-2.730866,200,168.248962
-243.893816,200,168.28752
-374.613676,200,168.325679
-239.324487,200,168.364021
-260.270087,200,168.401978
-236.838396,200,168.439809
-124.265819,200,168.477975
-246.198772,200,168.516335
-237.721515,200,168.625829
-357.286976,200,168.664283
-126.223055,200,168.702671
-125.974652,200,168.740862
-788.649544,200,168.779106
-2.204317,200,168.817177
-247.545952,200,168.85534
-128.248267,200,168.896603
-127.739851,200,168.935231
-373.111144,200,168.973302
-255.5003,200,169.081294
-127.786022,200,169.119923
-6.259889,200,169.158135
-127.911161,200,169.196006
-121.389048,200,169.234424
-124.735849,200,169.272442
-121.048486,200,169.310753
-2.183886,200,169.349029
-124.969079,200,169.387371
-2.528449,200,169.427193
-355.858957,200,169.53738
-235.390782,200,169.575522
-251.001986,200,169.614007
-243.715571,200,169.65205
-126.121926,200,169.689992
-361.28681,200,169.728064
-413.895118,200,169.766304
-252.264543,200,169.804109
-246.735055,200,169.8428
-242.203279,200,169.884081
-235.451493,200,170.020466
-124.624741,200,170.06333
-121.774423,200,170.105302
-119.528192,200,170.147776
-125.305343,200,170.192865
-240.854249,200,170.237556
-125.772518,200,170.28971
-127.42764,200,170.363643
-251.218484,200,170.411512
-250.985791,200,170.45678
-125.109038,200,170.585859
-239.038896,200,170.627388
-126.580287,200,170.666498
-2.912655,200,170.704964
-121.674744,200,170.743633
-2.121372,200,170.781876
-377.50091,200,170.820201
-125.696967,200,170.858337
-363.168978,200,170.896779
-247.085182,200,170.935217
-126.53099,200,171.04518
-917.207263,200,171.083598
-125.553743,200,171.121892
-128.408886,200,171.160518
-128.091992,200,171.198507
-120.799946,200,171.236829
-356.494144,200,171.275179
-255.325011,200,171.313349
-490.925104,200,171.352335
-366.218691,200,171.390691
-126.144233,200,171.507895
-2.628331,200,171.550735
-125.071781,200,171.592638
-248.717118,200,171.664466
-360.847913,200,171.708357
-2.972424,200,171.753617
-119.917126,200,171.79831
-126.207587,200,171.8453
-1.963397,200,171.88906
-424.718961,200,171.935138
-119.248723,200,172.062952
-120.566831,200,172.125673
-240.294262,200,172.184795
-370.835596,200,172.223744
-770.388384,200,172.262473
-122.511965,200,172.30149
-120.709678,200,172.339984
-325.985439,200,172.37855
-120.634569,200,172.417118
-242.607272,200,172.455493
-127.453695,200,172.563614
-359.907731,200,172.602017
-5.014211,200,172.640269
-127.154163,200,172.686387
-253.344213,200,172.731947
-121.75996,200,172.774691
-242.661415,200,172.818909
-360.214937,200,172.86201
-361.082038,200,172.902517
-3.313254,200,172.941767
-4.065359,200,173.055456
-243.344724,200,173.099739
-2.67934,200,173.139094
-243.518981,200,173.177777
-126.624613,200,173.216301
-234.486437,200,173.259315
-125.955144,200,173.297894
-233.486751,200,173.335881
-243.456933,200,173.374259
-770.71854,200,173.412486
-125.247571,200,173.521748
-126.719705,200,173.559604
-241.22405,200,173.602624
-123.744943,200,173.66057
-245.354793,200,173.699128
-2.016482,200,173.737659
-361.315074,200,173.776001
-357.374113,200,173.813807
-238.269416,200,173.851591
-350.518542,200,173.892587
-243.273754,200,174.003846
-126.479527,200,174.042818
-237.323397,200,174.082411
-121.323039,200,174.120887
-124.676021,200,174.159464
-255.733574,200,174.198477
-340.032862,200,174.237463
-2.251031,200,174.306699
-126.031616,200,174.348061
-988.645499,200,174.386343
-868.10326,200,174.524276
-245.293643,200,174.581255
-360.331653,200,174.619961
-372.43526,200,174.659641
-772.039244,200,174.699119
-127.536826,200,174.737821
-2.403438,200,174.776847
-125.298395,200,174.8151
-966.470168,200,174.864773
-125.423189,200,174.902988
-125.254993,200,175.015717
-2.496282,200,175.055584
-763.814409,200,175.094279
-126.317283,200,175.132883
-251.796327,200,175.172745
-241.452329,200,175.211039
-126.88963,200,175.249103
-240.362774,200,175.288047
-127.8784,200,175.326521
-2.461778,200,175.364634
-366.564047,200,175.489884
-2.324118,200,175.536196
-124.431575,200,175.583157
-755.879538,200,175.628843
-237.57716,200,175.675308
-125.238272,200,175.720343
-237.973767,200,175.760434
-121.753842,200,175.79983
-238.988788,200,175.837917
-126.447958,200,175.876314
-346.716937,200,175.986813
-127.778456,200,176.025643
-123.493734,200,176.063844
-118.807186,200,176.102299
-125.318626,200,176.140354
-356.745495,200,176.178399
-244.007426,200,176.216239
-391.181006,200,176.254276
-119.002007,200,176.292183
-232.77255,200,176.330116
-2.591119,200,176.452497
-241.415668,200,176.495546
-125.409274,200,176.539414
-123.606659,200,176.580793
-251.286602,200,176.623697
-805.668513,200,176.667082
-117.852923,200,176.723275
-241.265534,200,176.790865
-125.490822,200,176.83613
-237.293524,200,176.880965
-123.685074,200,177.004506
-250.882351,200,177.052182
-122.212363,200,177.092435
-122.1859,200,177.131232
-238.995183,200,177.170034
-132.055346,200,177.208554
-362.375794,200,177.247222
-125.519375,200,177.285787
-355.621472,200,177.324477
-883.427351,200,177.363388
-2.262344,200,177.47228
-243.235854,200,177.51071
-2.367086,200,177.549178
-127.907166,200,177.588037
-240.62218,200,177.626305
-496.665065,200,177.664325
-885.53606,200,177.702768
-127.272733,200,177.740854
-125.335305,200,177.77897
-246.166872,200,177.817463
-239.391554,200,177.926592
-126.634668,200,177.964703
-124.216939,200,178.002879
-123.370432,200,178.040883
-3.179804,200,178.079126
-238.565995,200,178.117144
-5.895336,200,178.1553
-241.074552,200,178.193714
-124.818579,200,178.231878
-1003.810754,200,178.270121
-123.598714,200,178.380724
-4.117249,200,178.419252
-120.154201,200,178.457723
-231.543484,200,178.495793
-2.593688,200,178.534331
-128.339359,200,178.573117
-240.312911,200,178.611596
-981.593651,200,178.649566
-123.620775,200,178.687726
-127.339395,200,178.725939
-3.781296,200,178.83436
-509.33752,200,178.874596
-118.79341,200,178.915236
-125.296751,200,178.953813
-2.293799,200,178.992225
-125.3144,200,179.030363
-242.566903,200,179.068659
-2.65885,200,179.106369
-282.545641,200,179.144453
-124.675605,200,179.182454
-125.788496,200,179.291902
-898.134914,200,179.330025
-915.659614,200,179.368413
-126.78076,200,179.406405
-2.279597,200,179.445624
-127.636194,200,179.484118
-2.645693,200,179.522204
-129.595636,200,179.560106
-240.168759,200,179.598457
-245.897802,200,179.6365
-124.17038,200,179.745555
-252.673728,200,179.78408
-248.217203,200,179.824439
-1008.738784,200,179.86706
-2.003501,200,179.91086
-893.067975,200,179.953695
-119.225341,200,180.021044
-775.841243,200,180.07086
-778.559689,200,180.113566
-238.04403,200,180.158509
-119.387732,200,180.281445
-127.989643,200,180.328272
-347.187082,200,180.374158
-2.723927,200,180.429829
-238.952475,200,180.489487
-124.357682,200,180.539284
-925.889311,200,180.586919
-380.821084,200,180.626744
-1020.599076,200,180.665456
-118.376272,200,180.703943
-466.237737,200,180.813668
-904.442873,200,180.853528
-126.782259,200,180.892298
-1022.961672,200,180.93035
-2.240038,200,180.969318
-253.444306,200,181.007719
-931.42742,200,181.047577
-2.408141,200,181.088872
-241.254283,200,181.127347
-2.333835,200,181.165584
-350.91697,200,181.275757
-981.380225,200,181.314215
-122.288172,200,181.352771
-233.267914,200,181.391133
-242.510299,200,181.429465
-128.379333,200,181.467647
-124.387781,200,181.505939
-125.8539,200,181.544311
-118.8173,200,181.582513
-370.356068,200,181.620804
-1032.910647,200,181.729837
-127.082642,200,181.768428
-127.514984,200,181.806642
-241.31844,200,181.845011
-124.339436,200,181.883121
-246.931472,200,181.921347
-2.150126,200,181.959256
-232.79252,200,181.997637
-764.373556,200,182.035698
-127.297231,200,182.074264
-118.982997,200,182.191591
-361.612073,200,182.234863
-122.10462,200,182.277469
-354.946745,200,182.320199
-247.78727,200,182.363747
-123.817896,200,182.410832
-244.524506,200,182.484653
-2.595791,200,182.529281
-382.168018,200,182.57326
-337.784355,200,182.618513
-628.801667,200,182.743692
-121.233647,200,182.790576
-124.337545,200,182.864928
-1011.26428,200,182.903915
-937.224691,200,182.942383
-121.187659,200,182.980853
-352.880003,200,183.019286
-5.284653,200,183.057357
-248.466709,200,183.095467
-125.068082,200,183.13386
-251.368178,200,183.243276
-242.045725,200,183.281815
-253.167597,200,183.319943
-861.195075,200,183.358272
-364.86278,200,183.396311
-242.396779,200,183.434406
-313.190518,200,183.472965
-123.185784,200,183.511015
-290.246896,200,183.549269
-1.977081,200,183.587513
-345.839784,200,183.69654
-250.671293,200,183.734868
-125.284298,200,183.773102
-123.878426,200,183.812283
-235.925248,200,183.854328
-245.849332,200,183.898569
-126.390368,200,183.963887
-117.983843,200,184.014813
-239.335243,200,184.05725
-123.994978,200,184.100755
-928.631295,200,184.224096
-297.359,200,184.269765
-841.804686,200,184.315673
-356.307283,200,184.375143
-244.214516,200,184.43914
-120.498648,200,184.490893
-885.274889,200,184.538208
-376.149501,200,184.580344
-620.067587,200,184.619258
-854.754578,200,184.659337
-253.292278,200,184.772142
-770.988799,200,184.810498
-885.459755,200,184.848981
-124.425116,200,184.887095
-121.271852,200,184.925431
-247.80145,200,184.963622
-256.297966,200,185.002126
-239.546534,200,185.040136
-241.877047,200,185.078633
-249.951836,200,185.117124
-1.878037,200,185.226282
-373.182103,200,185.264577
-242.917416,200,185.302906
-2.684616,200,185.340887
-4.002653,200,185.379574
-877.388598,200,185.417685
-3.36202,200,185.455863
-123.198724,200,185.493968
-124.943361,200,185.532079
-737.428166,200,185.570512
-237.379153,200,185.687427
-2.516231,200,185.730717
-249.447293,200,185.773286
-233.764255,200,185.815675
-234.337856,200,185.859229
-251.033965,200,185.936097
-2.444738,200,185.980791
-355.334599,200,186.025528
-242.702574,200,186.069183
-125.42588,200,186.114953
-899.310653,200,186.24194
-117.681361,200,186.287122
-5.116537,200,186.326469
-2.393675,200,186.365046
-252.224964,200,186.403541
-124.771872,200,186.441539
-121.720785,200,186.480004
-121.170575,200,186.518559
-246.507742,200,186.556725
-510.233066,200,186.595524
-121.506606,200,186.704765
-118.685222,200,186.743351
-117.898963,200,186.781846
-125.909891,200,186.819796
-366.975857,200,186.857993
-496.439313,200,186.896119
-1.850824,200,186.93416
-119.69787,200,186.972299
-4.139453,200,187.010314
-127.76104,200,187.048534
-125.184435,200,187.169947
-244.404296,200,187.239228
-356.8085,200,187.281574
-946.297755,200,187.324001
-901.111488,200,187.366959
-125.01161,200,187.410886
-124.391209,200,187.456435
-124.163309,200,187.501981
-234.094367,200,187.546517
-120.203322,200,187.597575
-4.166812,200,187.724251
-371.889055,200,187.772806
-121.870822,200,187.821998
-124.380267,200,187.862271
-128.304563,200,187.900761
-1.514361,200,187.939364
-124.507514,200,187.977753
-249.903336,200,188.016029
-118.824984,200,188.054654
-370.861154,200,188.092844
-990.125557,200,188.20212
-234.138619,200,188.240625
-800.903018,200,188.278889
-386.799574,200,188.31679
-2.798091,200,188.354738
-249.641139,200,188.392756
-124.860009,200,188.430918
-369.048034,200,188.46879
-270.434316,200,188.506815
-238.847454,200,188.545273
-236.77425,200,188.653877
-249.765067,200,188.692353
-853.200507,200,188.730524
-124.138812,200,188.768806
-1003.177512,200,188.806785
-912.46686,200,188.84478
-125.512487,200,188.883484
-354.632106,200,188.924422
-903.062004,200,188.962956
-125.641457,200,189.00114
-932.140369,200,189.109969
-122.848733,200,189.148469
-903.398236,200,189.186518
-960.083792,200,189.22459
-126.675665,200,189.262984
-1006.581077,200,189.300916
-902.291966,200,189.339248
-1011.223741,200,189.377626
-905.202714,200,189.415787
-905.275404,200,189.453833
-896.034349,200,189.562834
-771.32828,200,189.601033
-1011.990669,200,189.639151
-924.021489,200,189.677369
-863.227729,200,189.715663
-120.952376,200,189.75355
-123.713953,200,189.791574
-123.683945,200,189.829656
-123.020739,200,189.867667
-123.98803,200,189.905483
-334.967353,200,190.013982
-1012.104039,200,190.052167
-122.188461,200,190.090522
-236.174457,200,190.129028
-2.911936,200,190.169053
-505.831308,200,190.207321
-255.759454,200,190.245562
-124.774652,200,190.283798
-903.803826,200,190.321837
-125.153397,200,190.360322
-248.906594,200,190.472365
-124.68523,200,190.511353
-243.88107,200,190.549502
-764.672621,200,190.58775
-116.043111,200,190.626394
-251.492487,200,190.664951
-243.480262,200,190.703447
-776.711192,200,190.741794
-277.836925,200,190.780165
-772.687506,200,190.818076
-253.271977,200,190.927122
-125.649261,200,190.965648
-242.319945,200,191.004236
-881.96651,200,191.042098
-766.719753,200,191.080771
-252.389293,200,191.11911
-122.216975,200,191.160603
-870.873498,200,191.201135
-813.867661,200,191.239824
-125.612758,200,191.277948
-2.767474,200,191.387632
-125.633977,200,191.426008
-880.566154,200,191.464168
-120.299919,200,191.502923
-857.363502,200,191.541229
-765.266926,200,191.579641
-124.76062,200,191.617561
-122.143559,200,191.655664
-125.327066,200,191.693686
-123.278253,200,191.731897
-236.153648,200,191.846176
-768.645309,200,191.888639
-1013.28284,200,191.932488
-954.543649,200,191.975133
-127.74927,200,192.017009
-120.814663,200,192.086839
-251.747609,200,192.137156
-924.515693,200,192.182063
-897.693847,200,192.228392
-994.944783,200,192.270707
-246.505712,200,192.397999
-121.911216,200,192.446236
-941.910167,200,192.509383
-127.714119,200,192.556938
-3.897942,200,192.596185
-361.977837,200,192.634992
-610.58285,200,192.673565
-236.002084,200,192.712197
-885.186746,200,192.750826
-886.213995,200,192.789654
-125.040142,200,192.899429
-232.338827,200,192.937853
-777.621353,200,192.976044
-122.947054,200,193.014611
-2.026696,200,193.052643
-125.827281,200,193.090459
-763.505797,200,193.128725
-126.877842,200,193.16669
-864.469839,200,193.204766
-926.745729,200,193.243008
-906.81097,200,193.351945
-884.151768,200,193.390535
-362.843898,200,193.428883
-638.443507,200,193.466966
-3.200733,200,193.505125
-123.840624,200,193.542974
-124.364696,200,193.581098
-900.114327,200,193.619535
-896.938504,200,193.657702
-876.121821,200,193.695817
-895.641141,200,193.805395
-3.363567,200,193.843507
-880.762769,200,193.882338
-890.543915,200,193.923768
-4.240905,200,193.962767
-256.993604,200,194.001063
-118.9646,200,194.039452
-2.53364,200,194.077506
-2.97701,200,194.115749
-120.409064,200,194.154073
-2.704043,200,194.272486
-127.944133,200,194.315445
-933.669609,200,194.358843
-897.95229,200,194.400192
-260.846302,200,194.443681
-4.711959,200,194.487466
-2.112327,200,194.554884
-852.079882,200,194.610566
-127.625192,200,194.654703
-254.828191,200,194.703563
-245.759041,200,194.828104
-849.130991,200,194.874123
-124.288787,200,194.913761
-368.018948,200,194.952138
-124.517786,200,194.990636
-125.347007,200,195.028864
-118.430932,200,195.067381
-768.970068,200,195.105525
-126.655794,200,195.143566
-792.806612,200,195.182213
-232.481216,200,195.299292
-126.19452,200,195.342715
-118.367925,200,195.381348
-236.87436,200,195.419935
-125.192767,200,195.458161
-121.769163,200,195.496687
-879.93681,200,195.53478
-777.321021,200,195.573139
-364.229977,200,195.611508
-359.298238,200,195.649809
-123.264783,200,195.758524
-889.449766,200,195.796926
-630.198899,200,195.835193
-254.080106,200,195.873273
-884.962341,200,195.911423
-2.591377,200,195.949371
-983.090621,200,195.987688
-321.169236,200,196.025525
-1.55817,200,196.063631
-894.089391,200,196.101472
-249.929395,200,196.209066
-900.870159,200,196.247595
-2.628863,200,196.285381
-890.080057,200,196.323346
-2.017506,200,196.361893
-2.130671,200,196.400235
-893.038673,200,196.438237
-895.339084,200,196.476471
-245.809926,200,196.514743
-241.459216,200,196.553017
-126.237549,200,196.697787
-902.525143,200,196.736241
-1.949977,200,196.774525
-2.357703,200,196.812508
-124.335203,200,196.850637
-245.710553,200,196.888633
-119.778521,200,196.926859
-121.677778,200,196.964648
-250.370336,200,197.002161
-123.321841,200,197.039974
-771.708323,200,197.14852
-898.296891,200,197.186927
-247.526809,200,197.225305
-897.003633,200,197.263534
-888.090301,200,197.301582
-903.688853,200,197.339585
-875.022152,200,197.377648
-126.374177,200,197.416008
-120.818264,200,197.453859
-343.378814,200,197.492018
-126.441445,200,197.60888
-324.842626,200,197.655727
-125.628134,200,197.724947
-236.631135,200,197.767016
-123.276774,200,197.810445
-892.455888,200,197.855428
-3.444934,200,197.900736
-1.648024,200,197.946639
-124.707053,200,197.991487
-916.187672,200,198.037149
-126.443367,200,198.180875
-895.281523,200,198.231776
-992.90094,200,198.276762
-126.850467,200,198.315701
-127.3604,200,198.354075
-916.991411,200,198.392089
-513.729964,200,198.430288
-126.978247,200,198.46847
-117.963338,200,198.5065
-125.414328,200,198.544621
-245.33418,200,198.653538
-876.7664,200,198.692034
-973.590528,200,198.730402
-126.592164,200,198.768519
-127.030362,200,198.806772
-2.478685,200,198.845252
-123.079488,200,198.883966
-251.273057,200,198.924644
-741.230036,200,198.962931
-124.202111,200,199.001382
-122.480575,200,199.110211
-275.297533,200,199.148636
-245.522965,200,199.186944
-379.15214,200,199.225354
-257.092798,200,199.263782
-770.935888,200,199.301832
-246.399436,200,199.339701
-848.51434,200,199.377656
-253.72146,200,199.415719
-122.540247,200,199.453687
-127.130728,200,199.563107
-127.124273,200,199.601439
-245.533281,200,199.639417
-241.40003,200,199.677733
-127.108828,200,199.715722
-511.464492,200,199.754032
-123.77177,200,199.791744
-2.555084,200,199.829762
-891.306251,200,199.867766
-244.508788,200,199.905649
-123.603188,200,200.014205
-894.763653,200,200.053177
-242.901455,200,200.091569
-960.22711,200,200.129769
-248.40823,200,200.167734
-122.711162,200,200.205644
-884.214467,200,200.243836
-879.086711,200,200.281997
-875.664551,200,200.320008
-895.030365,200,200.357891
-813.96806,200,200.466956
-124.729605,200,200.505643
-126.044125,200,200.54385
-896.414605,200,200.581905
-239.25052,200,200.619737
-123.151,200,200.657857
-120.026321,200,200.695891
-894.800902,200,200.734065
-2.267895,200,200.77207
-3.775161,200,200.809917
-244.014589,200,200.91792
-124.903655,200,200.9568
-235.020267,200,200.995078
-246.513951,200,201.033214
-251.984578,200,201.071008
-778.221506,200,201.109175
-2.112996,200,201.14746
-239.892713,200,201.185528
-894.123559,200,201.223325
-119.341297,200,201.26151
-903.076259,200,201.369769
-899.900397,200,201.408387
-2.591175,200,201.446518
-895.988692,200,201.484846
-2.476469,200,201.523064
-841.494036,200,201.561003
-891.54233,200,201.598932
-125.316558,200,201.636768
-2.164815,200,201.674681
-123.549431,200,201.712625
-236.513656,200,201.82166
-318.160011,200,201.859953
-125.945206,200,201.898077
-238.796993,200,201.936189
-917.151011,200,201.974539
-2.68339,200,202.012582
-122.43559,200,202.050609
-943.825628,200,202.088562
-2.310577,200,202.126786
-120.806919,200,202.164877
-762.230724,200,202.285344
-351.888602,200,202.327684
-764.733042,200,202.370952
-241.10797,200,202.414034
-511.737249,200,202.458593
-324.34484,200,202.522476
-623.66701,200,202.581199
-3.437404,200,202.624993
-768.027197,200,202.670624
-285.750827,200,202.716319
-772.529365,200,202.843215
-243.816031,200,202.888152
-121.596684,200,202.927254
-124.669669,200,202.966211
-233.78506,200,203.005094
-897.792458,200,203.04382
-875.770056,200,203.082453
-119.596856,200,203.121396
-359.714463,200,203.160537
-385.130407,200,203.199212
-366.229694,200,203.309444
-507.382219,200,203.348293
-508.311931,200,203.387093
-125.146408,200,203.425806
-123.64213,200,203.464182
-350.042956,200,203.502742
-3.203617,200,203.54135
-611.935803,200,203.579665
-121.870322,200,203.618145
-505.320165,200,203.656597
-626.645995,200,203.76571
-373.114306,200,203.804495
-126.72518,200,203.843233
-127.729621,200,203.881854
-248.849106,200,203.923292
-357.419392,200,203.962185
-341.528282,200,204.001202
-803.091788,200,204.039856
-622.872795,200,204.078266
-248.600312,200,204.116539
-121.970165,200,204.226472
-122.583679,200,204.265351
-250.20375,200,204.304057
-125.425918,200,204.342108
-127.046852,200,204.381148
-248.539328,200,204.419662
-386.441878,200,204.457936
-244.994349,200,204.496225
-338.703093,200,204.534846
-125.178878,200,204.573613
-124.849212,200,204.683894
-489.197799,200,204.722638
-382.241988,200,204.761154
-126.947729,200,204.799855
-128.262149,200,204.838678
-3.292936,200,204.876764
-246.822118,200,204.915218
-243.122126,200,204.953598
-238.102967,200,204.99191
-246.74941,200,205.029898
-251.38071,200,205.139337
-491.82224,200,205.177803
-121.757351,200,205.216506
-119.234336,200,205.254915
-257.256875,200,205.29367
-1.657792,200,205.331979
-296.901958,200,205.370357
-123.62271,200,205.408879
-247.660743,200,205.44757
-247.28956,200,205.485972
-504.646837,200,205.597395
-363.05105,200,205.636297
-120.139023,200,205.674826
-121.986208,200,205.713607
-124.870143,200,205.751981
-119.977144,200,205.790642
-127.554846,200,205.828543
-121.839794,200,205.866574
-125.817598,200,205.905556
-120.683344,200,205.943981
-242.715796,200,206.06188
-359.097111,200,206.125895
-342.599309,200,206.181108
-369.595943,200,206.225324
-409.232659,200,206.268701
-465.716469,200,206.314016
-127.655127,200,206.360259
-127.061298,200,206.406371
-385.559795,200,206.451657
-127.167758,200,206.506327
-854.220228,200,206.638245
-243.343897,200,206.684301
-244.017455,200,206.728689
-358.339539,200,206.76812
-123.220764,200,206.807332
-334.575604,200,206.846053
-125.150391,200,206.884782
-252.446298,200,206.923084
-242.53747,200,206.961523
-246.681481,200,207.00032
-125.700058,200,207.1112
-127.392557,200,207.15053
-127.256154,200,207.189376
-124.07492,200,207.228149
-349.666394,200,207.267294
-127.495334,200,207.305883
-3.142065,200,207.344505
-347.919098,200,207.383007
-360.293361,200,207.421911
-125.856584,200,207.460376
-2.275607,200,207.577518
-129.749603,200,207.620326
-344.717429,200,207.662877
-122.676197,200,207.706139
-241.37696,200,207.749107
-120.274316,200,207.818562
-486.271768,200,207.870233
-356.548121,200,207.915682
-125.249922,200,207.959911
-891.696269,200,208.006896
-246.457813,200,208.132366
-234.211192,200,208.181785
-770.98378,200,208.221572
-775.659541,200,208.260415
-255.537135,200,208.299128
-362.16115,200,208.337601
-121.575636,200,208.376196
-239.122167,200,208.414557
-235.337063,200,208.452827
-119.883985,200,208.491384
-121.538684,200,208.600745
-1.890535,200,208.639585
-253.635239,200,208.678337
-127.530603,200,208.716719
-252.998667,200,208.755264
-234.9486,200,208.793308
-372.480515,200,208.831619
-121.5622,200,208.870143
-124.471789,200,208.911195
-3.751287,200,208.95046
-129.48453,200,209.058923
-345.905672,200,209.098196
-121.700801,200,209.136765
-128.846634,200,209.175151
-120.136233,200,209.213472
-370.787927,200,209.251235
-123.888734,200,209.289687
-242.163625,200,209.328078
-124.14199,200,209.366477
-125.107381,200,209.404826
-235.009977,200,209.514829
-363.371585,200,209.553536
-247.522879,200,209.592489
-253.934251,200,209.631099
-231.489375,200,209.669917
-123.975339,200,209.708334
-129.462107,200,209.746689
-127.045219,200,209.784704
-229.952972,200,209.822816
-125.852233,200,209.861095
-347.650507,200,209.970542
-362.213391,200,210.009289
-2.677205,200,210.047843
-237.049919,200,210.090246
-237.932643,200,210.133842
-124.992024,200,210.173171
-236.714305,200,210.211656
-2.73158,200,210.250437
-249.162293,200,210.289329
-2.563553,200,210.327955
-242.348073,200,210.437829
-243.390065,200,210.476488
-125.16025,200,210.515082
-124.070115,200,210.553608
-234.910095,200,210.592234
-121.703461,200,210.630458
-1.681954,200,210.668612
-378.329308,200,210.70708
-2.74146,200,210.745084
-2.992239,200,210.783182
-123.004114,200,210.892901
-125.311825,200,210.931855
-124.385473,200,210.970544
-117.004696,200,211.00896
-126.850119,200,211.047409
-126.374948,200,211.085293
-127.298222,200,211.123843
-1.243427,200,211.162021
-122.790567,200,211.200275
-235.984438,200,211.238568
-125.712051,200,211.348429
-120.959823,200,211.386879
-235.22328,200,211.425613
-1.637736,200,211.464071
-119.921276,200,211.502385
-119.284421,200,211.540722
-345.167836,200,211.578946
-240.938376,200,211.617155
-336.171404,200,211.655409
-242.741782,200,211.69368
-124.983341,200,211.803382
-240.13854,200,211.84213
-123.126991,200,211.880849
-236.836756,200,211.919349
-235.251902,200,211.957927
-2.54493,200,211.995795
-128.597419,200,212.033876
-119.811996,200,212.072504
-237.64801,200,212.110695
-255.250813,200,212.149035
-340.932386,200,212.257891
-3.137893,200,212.29664
-356.146933,200,212.335189
-236.304436,200,212.373399
-122.667888,200,212.411795
-2.138729,200,212.44994
-1.903459,200,212.488068
-242.353838,200,212.526331
-116.539929,200,212.564627
-120.17982,200,212.602827
-2.987653,200,212.712062
-234.045169,200,212.750459
-2.026745,200,212.788877
-319.864095,200,212.826764
-122.195163,200,212.865186
-4.728896,200,212.903272
-350.106594,200,212.941329
-354.328667,200,212.979326
-234.132378,200,213.017831
-233.201836,200,213.055851
-128.068876,200,213.165996
-125.914328,200,213.204626
-234.096027,200,213.24328
-229.084337,200,213.281524
-121.754898,200,213.319833
-123.706686,200,213.358026
-2.066036,200,213.395961
-333.231969,200,213.434691
-121.283257,200,213.473238
-232.923827,200,213.511635
-2.612874,200,213.653003
-125.527141,200,213.706033
-125.811091,200,213.748722
-122.66632,200,213.792693
-128.977496,200,213.836601
-238.378232,200,213.881467
-126.33301,200,213.948319
-126.934615,200,214.01139
-255.878453,200,214.058363
-331.129791,200,214.104341
-127.314395,200,214.233895
-329.652903,200,214.278042
-368.153028,200,214.317086
-405.658831,200,214.355874
-122.378019,200,214.394436
-227.491805,200,214.432763
-122.264625,200,214.470993
-345.901742,200,214.508942
-120.947156,200,214.547421
-122.811368,200,214.585787
-337.448475,200,214.72997
-125.117063,200,214.768777
-235.567129,200,214.807625
-343.79695,200,214.846022
-1.553894,200,214.884365
-237.695646,200,214.922608
-122.143833,200,214.960643
-493.585915,200,214.998454
-2.557041,200,215.036741
-465.390439,200,215.075193
-124.682636,200,215.184392
-2.492737,200,215.225077
-2.95838,200,215.264702
-244.576683,200,215.30401
-358.526924,200,215.342086
-1.802343,200,215.38015
-2.703897,200,215.41826
-127.281989,200,215.456505
-2.215292,200,215.494427
-394.214772,200,215.532132
-231.956801,200,215.64061
-371.380076,200,215.679243
-126.248235,200,215.71787
-117.515371,200,215.75652
-1.910065,200,215.795083
-230.492415,200,215.833361
-2.191491,200,215.87172
-117.675915,200,215.910097
-119.067716,200,215.94823
-239.696058,200,215.986186
-117.279153,200,216.094881
-494.357978,200,216.13297
-351.752338,200,216.171206
-119.948773,200,216.209464
-240.266746,200,216.24794
-122.482172,200,216.286299
-123.565694,200,216.324608
-241.084546,200,216.362692
-119.839162,200,216.401272
-418.476523,200,216.439635
-369.276122,200,216.548587
-249.689549,200,216.587126
-126.799854,200,216.625896
-358.15096,200,216.664279
-363.842096,200,216.702446
-237.065476,200,216.740637
-123.913988,200,216.779028
-235.082882,200,216.817066
-127.56405,200,216.855486
-427.205761,200,216.893516
-123.922981,200,217.001842
-335.960758,200,217.04007
-243.863181,200,217.078336
-124.947013,200,217.116625
-235.664972,200,217.155189
-121.322939,200,217.193519
-125.857952,200,217.231571
-249.350526,200,217.269898
-237.319505,200,217.30821
-126.208883,200,217.346354
-255.967999,200,217.455041
-353.452477,200,217.493531
-229.920169,200,217.532208
-121.965195,200,217.570517
-358.012824,200,217.608687
-235.249146,200,217.647083
-120.15443,200,217.685495
-238.846449,200,217.723999
-117.692383,200,217.762405
-342.779885,200,217.800582
-354.021427,200,217.913338
-236.241445,200,217.955886
-247.773825,200,217.998203
-126.836464,200,218.041271
-5.138852,200,218.104613
-413.855773,200,218.155185
-124.270468,200,218.199279
-125.648505,200,218.244807
-127.284004,200,218.290654
-120.381158,200,218.336352
-350.881278,200,218.460251
-352.70884,200,218.507246
-232.457952,200,218.583473
-121.006417,200,218.640234
-123.815966,200,218.679421
-371.646121,200,218.718145
-231.202475,200,218.756754
-124.687316,200,218.794901
-256.053715,200,218.833185
-360.444223,200,218.871825
-126.074943,200,218.982729
-239.171128,200,219.021413
-238.903169,200,219.060111
-126.822626,200,219.098221
-353.516883,200,219.136465
-129.491468,200,219.174259
-364.953863,200,219.212459
-124.207771,200,219.250425
-237.268168,200,219.288585
-235.091421,200,219.327109
-235.214805,200,219.435443
-120.087246,200,219.473967
-395.481727,200,219.512872
-117.944056,200,219.551089
-1.715958,200,219.589139
-126.715339,200,219.62722
-1.967957,200,219.66526
-121.286255,200,219.703284
-244.104297,200,219.74115
-238.02273,200,219.779344
-124.206286,200,219.915831
-376.605674,200,219.95873
-353.047178,200,220.001469
-124.623198,200,220.043289
-122.782631,200,220.086606
-241.658368,200,220.130818
-2.643961,200,220.198957
-124.41186,200,220.249997
-354.399934,200,220.293987
-239.052068,200,220.339759
-122.966038,200,220.464642
-119.465784,200,220.509312
-2.839163,200,220.548733
-350.420159,200,220.587665
-237.0636,200,220.62605
-124.358831,200,220.664456
-1.938907,200,220.702798
-119.764548,200,220.741094
-483.990563,200,220.779333
-1.980634,200,220.81772
-124.682595,200,220.926813
-350.931409,200,220.965344
-242.942807,200,221.003444
-122.704358,200,221.041721
-126.898879,200,221.080072
-3.065786,200,221.11852
-126.82817,200,221.157004
-234.193811,200,221.195141
-346.639871,200,221.233981
-239.792842,200,221.272046
-253.452823,200,221.380414
-127.820684,200,221.41928
-2.54952,200,221.457924
-347.680018,200,221.495934
-122.243341,200,221.534091
-434.42259,200,221.572226
-233.327032,200,221.610301
-238.358825,200,221.648433
-246.137125,200,221.68669
-125.398011,200,221.724544
-241.641058,200,221.832383
-125.245699,200,221.87068
-2.005334,200,221.909221
-121.357025,200,221.947487
-124.4071,200,221.985835
-244.339031,200,222.024355
-125.792559,200,222.062487
-124.832202,200,222.100875
-2.051893,200,222.139504
-233.881972,200,222.177979
-234.13416,200,222.286568
-120.715049,200,222.325436
-360.809594,200,222.363757
-353.658361,200,222.401693
-235.010721,200,222.439756
-1.787147,200,222.477817
-122.677856,200,222.516167
-352.678095,200,222.554666
-2.08451,200,222.592373
-254.790814,200,222.630922
-127.750349,200,222.739667
-1.88226,200,222.7781
-120.941613,200,222.816198
-369.413019,200,222.854271
-240.723624,200,222.89259
-124.818444,200,222.930781
-122.675021,200,222.968594
-401.494112,200,223.006601
-350.725844,200,223.044502
-349.811856,200,223.082368
-241.350082,200,223.19078
-126.773465,200,223.229101
-124.06271,200,223.267384
-236.922299,200,223.305634
-125.235559,200,223.343752
-501.514028,200,223.381976
-237.257895,200,223.420207
-360.046868,200,223.458326
-243.78204,200,223.496354
-370.062304,200,223.534272
-122.259136,200,223.651225
-239.580958,200,223.693278
-2.817033,200,223.767584
-234.329824,200,223.810626
-126.439618,200,223.854609
-118.422642,200,223.89882
-124.901643,200,223.948452
-365.820261,200,223.994246
-120.140898,200,224.040718
-238.858281,200,224.086121
-1.58728,200,224.229564
-1.982001,200,224.285504
-240.556799,200,224.324985
-1.81168,200,224.363751
-130.366896,200,224.402392
-238.295611,200,224.440892
-457.208247,200,224.479567
-2.845341,200,224.518073
-248.647403,200,224.556324
-124.489644,200,224.594707
-376.634845,200,224.703997
-3.182155,200,224.742495
-123.416535,200,224.780882
-127.193582,200,224.819103
-335.7084,200,224.857133
-236.002199,200,224.894941
-2.728458,200,224.932903
-2.230404,200,224.970985
-2.026603,200,225.009682
-397.82016,200,225.047857
-229.883288,200,225.156369
-122.071683,200,225.194956
-123.378811,200,225.233459
-121.714732,200,225.271684
-243.40353,200,225.310042
-124.113358,200,225.348629
-239.074199,200,225.386826
-498.673724,200,225.425392
-630.056478,200,225.463669
-336.172723,200,225.501482
-124.921745,200,225.609916
-362.388344,200,225.648898
-125.39522,200,225.687267
-3.276179,200,225.725764
-117.742344,200,225.764073
-124.201006,200,225.802011
-124.872283,200,225.840353
-127.118616,200,225.878501
-339.531094,200,225.916551
-462.888401,200,225.954581
-228.914862,200,226.065719
-123.96096,200,226.104457
-124.769936,200,226.142665
-252.570597,200,226.180976
-242.478957,200,226.219216
-125.75616,200,226.257276
-367.70723,200,226.295528
-123.831009,200,226.333541
-123.317314,200,226.371881
-3.960494,200,226.41001
-369.716696,200,226.518981
-243.32808,200,226.557474
-340.645518,200,226.595888
-126.328347,200,226.634391
-353.87668,200,226.672771
-229.739781,200,226.710719
-358.987109,200,226.748746
-121.985336,200,226.786807
-122.396077,200,226.824642
-122.176602,200,226.862868
-248.981801,200,226.971244
-121.266955,200,227.009738
-230.160626,200,227.047891
-398.228086,200,227.086014
-119.704908,200,227.124332
-354.161612,200,227.162553
-126.791243,200,227.200917
-235.17849,200,227.239017
-125.820722,200,227.27744
-345.978358,200,227.315531
-3.989359,200,227.42403
-126.238605,200,227.462278
-117.379668,200,227.500735
-124.565615,200,227.538935
-124.205136,200,227.5771
-240.495536,200,227.615299
-372.409815,200,227.6532
-241.581448,200,227.691638
-357.644049,200,227.729611
-329.605672,200,227.767434
-2.218319,200,227.87569
-124.500163,200,227.914086
-2.942156,200,227.952408
-460.655193,200,227.990301
-362.121376,200,228.028418
-462.358632,200,228.066405
-437.868328,200,228.104828
-125.952898,200,228.142761
-126.999098,200,228.180609
-546.841548,200,228.218716
-228.280221,200,228.327307
-125.589211,200,228.365746
-367.20182,200,228.403919
-356.675049,200,228.441703
-125.223974,200,228.479712
-126.721428,200,228.5179
-125.25047,200,228.555892
-418.439661,200,228.594742
-126.631817,200,228.632791
-125.534856,200,228.670739
-124.570493,200,228.778532
-125.149399,200,228.81651
-252.051017,200,228.85497
-254.292553,200,228.892981
-120.440641,200,228.934195
-117.451767,200,228.972979
-123.543233,200,229.011263
-476.923191,200,229.049541
-590.810508,200,229.087963
-233.160258,200,229.125939
-121.781684,200,229.24308
-123.345968,200,229.284907
-348.891014,200,229.327077
-229.051908,200,229.36991
-123.010013,200,229.412799
-236.29183,200,229.462337
-469.214993,200,229.53546
-127.092595,200,229.579746
-236.077917,200,229.624645
-120.070769,200,229.668258
-347.750889,200,229.791535
-121.868516,200,229.835006
-122.007345,200,229.874016
-235.182303,200,229.912529
-125.566367,200,229.950759
-123.623468,200,229.988756
-228.852558,200,230.026952
-126.501254,200,230.065317
-451.561901,200,230.103738
-128.63737,200,230.142176
-128.899704,200,230.250274
-2.440764,200,230.288663
-385.065281,200,230.326877
-230.629988,200,230.364731
-438.685653,200,230.402936
-382.27043,200,230.441265
-237.533357,200,230.47926
-128.495558,200,230.517549
-127.169135,200,230.555844
-122.445488,200,230.59437
-294.817813,200,230.70396
-357.8223,200,230.742522
-496.023616,200,230.780934
-128.237936,200,230.819259
-125.965011,200,230.857247
-3.421199,200,230.895136
-233.238921,200,230.933494
-127.709855,200,230.971738
-232.034731,200,231.009958
-576.429991,200,231.048011
-117.180856,200,231.164387
-240.420481,200,231.211013
-120.644695,200,231.276331
-477.639968,200,231.317393
-122.469122,200,231.361379
-469.208242,200,231.406535
-126.854385,200,231.451887
-1.839876,200,231.496997
-362.824629,200,231.541175
-1.945615,200,231.589116
-239.687982,200,231.73344
-121.057407,200,231.782219
-235.511961,200,231.82728
-384.622338,200,231.866466
-233.125033,200,231.905146
-368.282886,200,231.943321
-2.088717,200,231.98166
-241.747382,200,232.019485
-249.251963,200,232.057606
-241.693686,200,232.095575
-247.313083,200,232.204012
-239.660383,200,232.242569
-1.686163,200,232.280608
-2.293178,200,232.31914
-361.518109,200,232.357451
-2.481813,200,232.395716
-352.022382,200,232.433641
-237.454796,200,232.471472
-121.948204,200,232.509867
-351.88183,200,232.547839
-356.328491,200,232.656058
-125.604167,200,232.694613
-372.328573,200,232.733183
-126.370382,200,232.771515
-124.875576,200,232.809796
-119.899067,200,232.847902
-238.030559,200,232.886203
-238.706101,200,232.924327
-235.506226,200,232.9626
-125.317373,200,233.000894
-125.072939,200,233.109552
-127.306612,200,233.148011
-368.263333,200,233.186194
-374.450026,200,233.224733
-121.779601,200,233.263269
-244.489804,200,233.301616
-124.585088,200,233.339832
-127.874483,200,233.377704
-129.473604,200,233.416171
-125.896772,200,233.454276
-234.564285,200,233.562053
-123.473863,200,233.600454
-127.603193,200,233.638751
-349.670169,200,233.676996
-117.096765,200,233.715375
-122.168168,200,233.753561
-127.20185,200,233.791248
-129.107795,200,233.829764
-338.737764,200,233.867974
-241.41426,200,233.906724
-240.612927,200,234.048878
-365.341611,200,234.087695
-253.153998,200,234.126267
-119.305881,200,234.164421
-127.197896,200,234.202817
-116.248669,200,234.241195
-253.268196,200,234.279246
-356.399431,200,234.317413
-251.121206,200,234.358573
-124.851454,200,234.399876
-120.291467,200,234.516839
-228.579623,200,234.559195
-746.880726,200,234.6026
-122.165962,200,234.664495
-368.137935,200,234.721981
-3.207593,200,234.767537
-232.315707,200,234.811938
-365.208701,200,234.857916
-253.091455,200,234.903441
-126.993305,200,234.948952
-348.20149,200,235.066653
-237.649006,200,235.105784
-2.380046,200,235.144886
-241.841685,200,235.183613
-116.443129,200,235.22706
-118.250633,200,235.269108
-458.152164,200,235.312481
-121.688744,200,235.355189
-126.339918,200,235.398403
-2.045126,200,235.440286
-1.80157,200,235.548782
-2.169698,200,235.587381
-123.255884,200,235.62585
-359.698371,200,235.664298
-240.225062,200,235.702931
-227.544024,200,235.741081
-431.657753,200,235.779096
-234.620172,200,235.817424
-230.15068,200,235.855598
-244.517606,200,235.893721
-124.500597,200,236.001853
-126.943094,200,236.040326
-126.405012,200,236.078873
-377.824805,200,236.116942
-230.525062,200,236.155379
-236.421171,200,236.193815
-1008.080611,200,236.232112
-231.290996,200,236.270159
-3.231029,200,236.308283
-245.951773,200,236.346146
-248.389437,200,236.45469
-235.515719,200,236.492885
-230.534404,200,236.531598
-128.099991,200,236.569655
-370.797389,200,236.607815
-438.414126,200,236.645891
-127.471557,200,236.684295
-366.70064,200,236.722251
-251.117128,200,236.76034
-127.041883,200,236.798495
-122.179842,200,236.907413
-626.056875,200,236.945819
-489.821672,200,236.984097
-958.742648,200,237.022218
-239.146542,200,237.060506
-126.245354,200,237.098871
-242.426551,200,237.137058
-380.464881,200,237.175568
-886.950723,200,237.213647
-248.621209,200,237.252072
-119.439832,200,237.360204
-129.244763,200,237.398547
-126.994518,200,237.437112
-248.168791,200,237.476109
-359.917289,200,237.514363
-122.358113,200,237.552583
-237.795437,200,237.590892
-232.424781,200,237.62907
-693.283894,200,237.667236
-504.260251,200,237.704976
