#{"t_start": 1789044409.417631, "env_id": "CartPole-v1"}
r,l,t
14.0,14,0.005424
28.0,28,0.006193
10.0,10,0.006472
47.0,47,0.007678
22.0,22,0.011472
11.0,11,0.012916
37.0,37,0.019251
12.0,12,0.021134
28.0,28,0.025394
30.0,30,0.029498
22.0,22,0.032824
21.0,21,0.035693
25.0,25,0.039177
16.0,16,0.04146
18.0,18,0.044242
12.0,12,0.04596
33.0,33,0.050526
20.0,20,0.053355
27.0,27,0.05722
15.0,15,0.059046
13.0,13,0.061303
11.0,11,0.062525
45.0,45,0.069836
24.0,24,0.073251
12.0,12,0.075029
12.0,12,0.07673
24.0,24,0.080163
17.0,17,0.082416
22.0,22,0.085265
12.0,12,0.086933
16.0,16,0.089144
17.0,17,0.091841
34.0,34,0.096313
31.0,31,0.100673
12.0,12,0.102345
17.0,17,0.104579
13.0,13,0.106296
22.0,22,0.109545
15.0,15,0.11172
16.0,16,0.113946
25.0,25,0.117313
19.0,19,0.120031
9.0,9,0.121181
15.0,15,0.123354
17.0,17,0.125608
25.0,25,0.129008
25.0,25,0.132424
11.0,11,0.134079
17.0,17,0.136379
31.0,31,0.140813
13.0,13,0.14253
15.0,15,0.144799
9.0,9,0.145999
11.0,11,0.147665
22.0,22,0.150956
25.0,25,0.15459
22.0,22,0.157449
11.0,11,0.159104
9.0,9,0.160249
13.0,13,0.162412
33.0,33,0.166902
24.0,24,0.170272
14.0,14,0.172
23.0,23,0.17529
8.0,8,0.176555
21.0,21,0.179394
31.0,31,0.183814
48.0,48,0.190449
14.0,14,0.192627
12.0,12,0.194414
17.0,17,0.196657
40.0,40,0.202259
17.0,17,0.20451
12.0,12,0.206185
33.0,33,0.210611
13.0,13,0.212727
27.0,27,0.216137
37.0,37,0.221601
15.0,15,0.223356
18.0,18,0.226058
22.0,22,0.228887
22.0,22,0.232257
34.0,34,0.236818
16.0,16,0.239043
42.0,42,0.245272
35.0,35,0.250229
20.0,20,0.253122
19.0,19,0.25551
41.0,41,0.261575
10.0,10,0.262761
12.0,12,0.264438
15.0,15,0.266619
28.0,28,0.270506
31.0,31,0.274891
33.0,33,0.285266
14.0,14,0.287319
18.0,18,0.290455
11.0,11,0.292159
46.0,46,0.298693
15.0,15,0.301082
13.0,13,0.30285
14.0,14,0.305024
16.0,16,0.307267
27.0,27,0.310684
33.0,33,0.315601
61.0,61,0.323983
31.0,31,0.32837
54.0,54,0.335562
24.0,24,0.338923
27.0,27,0.342802
21.0,21,0.345631
15.0,15,0.34788
13.0,13,0.34962
11.0,11,0.351282
16.0,16,0.353507
15.0,15,0.355692
13.0,13,0.357455
37.0,37,0.362541
12.0,12,0.364237
15.0,15,0.366459
14.0,14,0.368254
35.0,35,0.37327
10.0,10,0.374888
13.0,13,0.376607
10.0,10,0.377839
34.0,34,0.382972
31.0,31,0.387352
14.0,14,0.389066
44.0,44,0.395247
12.0,12,0.396905
28.0,28,0.400759
17.0,17,0.402996
21.0,21,0.406305
24.0,24,0.409686
41.0,41,0.415262
12.0,12,0.416934
25.0,25,0.420347
27.0,27,0.424404
39.0,39,0.429972
26.0,26,0.433394
11.0,11,0.435934
19.0,19,0.438643
15.0,15,0.440392
28.0,28,0.444441
24.0,24,0.448251
12.0,12,0.450219
12.0,12,0.452128
18.0,18,0.45497
32.0,32,0.459402
13.0,13,0.461091
17.0,17,0.463448
11.0,11,0.465109
23.0,23,0.468444
27.0,27,0.472443
25.0,25,0.475811
13.0,13,0.477503
10.0,10,0.479134
17.0,17,0.481493
12.0,12,0.483167
18.0,18,0.485482
15.0,15,0.487747
18.0,18,0.490429
18.0,18,0.492835
25.0,25,0.496151
12.0,12,0.497865
13.0,13,0.500128
13.0,13,0.501847
9.0,9,0.503054
16.0,16,0.505316
31.0,31,0.509711
27.0,27,0.513737
32.0,32,0.518204
37.0,37,0.523377
21.0,21,0.526194
26.0,26,0.530176
24.0,24,0.533512
31.0,31,0.537492
14.0,14,0.539716
25.0,25,0.54315
27.0,27,0.547079
14.0,14,0.548918
14.0,14,0.551107
29.0,29,0.554961
19.0,19,0.557688
29.0,29,0.561597
15.0,15,0.563784
39.0,39,0.57529
10.0,10,0.576705
31.0,31,0.581995
15.0,15,0.584412
10.0,10,0.585666
22.0,22,0.589267
18.0,18,0.591734
19.0,19,0.594801
12.0,12,0.596547
16.0,16,0.598818
13.0,13,0.600604
21.0,21,0.603546
17.0,17,0.606316
28.0,28,0.610217
33.0,33,0.614902
33.0,33,0.619445
23.0,23,0.622752
33.0,33,0.627322
46.0,46,0.634065
19.0,19,0.636366
15.0,15,0.638646
15.0,15,0.640924
11.0,11,0.642593
34.0,34,0.647239
15.0,15,0.64952
22.0,22,0.65239
16.0,16,0.654967
32.0,32,0.660108
29.0,29,0.665452
15.0,15,0.667367
27.0,27,0.671534
25.0,25,0.67495
12.0,12,0.676669
25.0,25,0.680666
25.0,25,0.68434
35.0,35,0.689394
46.0,46,0.695637
10.0,10,0.697268
22.0,22,0.700262
26.0,26,0.704251
25.0,25,0.707611
15.0,15,0.709871
39.0,39,0.715162
15.0,15,0.717483
17.0,17,0.719885
11.0,11,0.721587
48.0,48,0.728472
23.0,23,0.731821
16.0,16,0.734032
36.0,36,0.739123
18.0,18,0.741425
12.0,12,0.743102
65.0,65,0.752402
17.0,17,0.754626
25.0,25,0.758111
16.0,16,0.760506
28.0,28,0.764381
10.0,10,0.765981
27.0,27,0.769387
21.0,21,0.772612
67.0,67,0.781667
36.0,36,0.786719
17.0,17,0.789457
13.0,13,0.791196
26.0,26,0.798522
12.0,12,0.800197
37.0,37,0.805697
13.0,13,0.807525
17.0,17,0.809824
54.0,54,0.817784
18.0,18,0.820168
12.0,12,0.821901
18.0,18,0.824657
18.0,18,0.826985
10.0,10,0.82866
19.0,19,0.830976
22.0,22,0.834355
15.0,15,0.836595
20.0,20,0.839491
19.0,19,0.841813
16.0,16,0.844087
23.0,23,0.847532
15.0,15,0.849806
12.0,12,0.851492
74.0,74,0.861765
19.0,19,0.864511
14.0,14,0.870565
30.0,30,0.874966
13.0,13,0.876978
19.0,19,0.879803
9.0,9,0.881088
20.0,20,0.884007
11.0,11,0.885736
13.0,13,0.887468
34.0,34,0.892628
40.0,40,0.898899
14.0,14,0.900661
26.0,26,0.904626
14.0,14,0.906377
26.0,26,0.910328
12.0,12,0.91211
12.0,12,0.913789
26.0,26,0.917212
11.0,11,0.918863
18.0,18,0.921562
43.0,43,0.927432
28.0,28,0.931469
23.0,23,0.934883
51.0,51,0.942387
14.0,14,0.944308
22.0,22,0.947603
12.0,12,0.949378
28.0,28,0.953297
16.0,16,0.955511
21.0,21,0.958394
56.0,56,0.966488
21.0,21,0.969443
28.0,28,0.97335
16.0,16,0.97569
14.0,14,0.977957
17.0,17,0.980253
34.0,34,0.985248
22.0,22,0.988115
25.0,25,0.99166
24.0,24,0.99543
43.0,43,1.001628
22.0,22,1.005022
11.0,11,1.00629
40.0,40,1.012021
33.0,33,1.017028
21.0,21,1.019961
41.0,41,1.025729
13.0,13,1.027452
19.0,19,1.030265
11.0,11,1.031994
13.0,13,1.033686
12.0,12,1.035414
14.0,14,1.037647
37.0,37,1.04276
39.0,39,1.048418
14.0,14,1.050209
43.0,43,1.056379
24.0,24,1.059875
10.0,10,1.061164
13.0,13,1.063288
20.0,20,1.066112
27.0,27,1.06965
13.0,13,1.071785
15.0,15,1.073696
12.0,12,1.075422
35.0,35,1.080368
37.0,37,1.085616
26.0,26,1.08954
24.0,24,1.093071
20.0,20,1.095937
35.0,35,1.101099
14.0,14,1.102822
10.0,10,1.10444
19.0,19,1.106759
18.0,18,1.109546
13.0,13,1.111362
43.0,43,1.118633
17.0,17,1.120976
12.0,12,1.122704
64.0,64,1.13174
14.0,14,1.133899
15.0,15,1.135731
21.0,21,1.138992
16.0,16,1.141377
30.0,30,1.145388
18.0,18,1.148181
16.0,16,1.150444
48.0,48,1.157185
14.0,14,1.162656
27.0,27,1.166848
15.0,15,1.169917
15.0,15,1.171893
20.0,20,1.17498
13.0,13,1.177443
18.0,18,1.17981
13.0,13,1.181714
21.0,21,1.185248
67.0,67,1.194856
30.0,30,1.199637
52.0,52,1.207203
17.0,17,1.209628
17.0,17,1.211971
34.0,34,1.216885
23.0,23,1.220505
40.0,40,1.226218
15.0,15,1.228066
18.0,18,1.230841
15.0,15,1.233031
66.0,66,1.242137
37.0,37,1.247239
15.0,15,1.249495
33.0,33,1.254041
17.0,17,1.257096
19.0,19,1.259656
13.0,13,1.261816
19.0,19,1.264383
25.0,25,1.268293
18.0,18,1.270678
18.0,18,1.273458
15.0,15,1.275204
26.0,26,1.27919
9.0,9,1.280414
41.0,41,1.286122
15.0,15,1.288386
43.0,43,1.294702
14.0,14,1.29647
14.0,14,1.298684
19.0,19,1.301511
13.0,13,1.30334
13.0,13,1.305206
17.0,17,1.307466
12.0,12,1.309139
19.0,19,1.311955
44.0,44,1.318498
9.0,9,1.319657
48.0,48,1.326561
20.0,20,1.329515
22.0,22,1.332939
14.0,14,1.33469
38.0,38,1.34034
21.0,21,1.343381
48.0,48,1.350305
13.0,13,1.352046
11.0,11,1.353704
38.0,38,1.359232
45.0,45,1.365527
16.0,16,1.36801
11.0,11,1.36971
10.0,10,1.370962
13.0,13,1.372806
31.0,31,1.377337
15.0,15,1.379577
11.0,11,1.381292
11.0,11,1.382598
21.0,21,1.385978
11.0,11,1.387256
18.0,18,1.390076
11.0,11,1.391958
22.0,22,1.394878
28.0,28,1.398976
13.0,13,1.400723
33.0,33,1.405625
21.0,21,1.408626
16.0,16,1.410903
15.0,15,1.413204
11.0,11,1.414504
34.0,34,1.419672
22.0,22,1.422569
11.0,11,1.424322
22.0,22,1.427736
19.0,19,1.430274
42.0,42,1.436674
23.0,23,1.4402
19.0,19,1.442622
31.0,31,1.447387
15.0,15,1.449624
15.0,15,1.451878
13.0,13,1.457778
17.0,17,1.460267
25.0,25,1.464311
29.0,29,1.469092
30.0,30,1.473427
13.0,13,1.475263
9.0,9,1.477078
10.0,10,1.478276
19.0,19,1.481163
30.0,30,1.485381
22.0,22,1.488715
14.0,14,1.490614
19.0,19,1.493557
12.0,12,1.495304
13.0,13,1.497297
9.0,9,1.498948
13.0,13,1.500753
40.0,40,1.506421
12.0,12,1.508203
17.0,17,1.510654
38.0,38,1.516486
34.0,34,1.521146
65.0,65,1.530401
29.0,29,1.535079
19.0,19,1.537609
13.0,13,1.539807
14.0,14,1.541567
12.0,12,1.543339
41.0,41,1.549166
21.0,21,1.552541
10.0,10,1.553727
18.0,18,1.556523
16.0,16,1.558813
13.0,13,1.560564
22.0,22,1.563521
16.0,16,1.565797
15.0,15,1.568143
18.0,18,1.571075
16.0,16,1.573539
13.0,13,1.575369
18.0,18,1.577821
15.0,15,1.580109
9.0,9,1.581492
20.0,20,1.584704
12.0,12,1.586931
13.0,13,1.589409
21.0,21,1.593003
10.0,10,1.594588
26.0,26,1.599106
29.0,29,1.603604
20.0,20,1.606761
17.0,17,1.609266
25.0,25,1.613705
16.0,16,1.616176
12.0,12,1.618044
18.0,18,1.62064
40.0,40,1.626705
25.0,25,1.630518
24.0,24,1.634478
18.0,18,1.637469
21.0,21,1.640722
37.0,37,1.646603
39.0,39,1.65323
12.0,12,1.655241
10.0,10,1.657085
22.0,22,1.660258
38.0,38,1.666971
13.0,13,1.669143
46.0,46,1.676637
21.0,21,1.681019
23.0,23,1.68442
19.0,19,1.687601
34.0,34,1.692993
14.0,14,1.694832
14.0,14,1.697918
46.0,46,1.705217
11.0,11,1.707119
23.0,23,1.710982
58.0,58,1.720196
36.0,36,1.725758
12.0,12,1.727691
26.0,26,1.732821
21.0,21,1.736011
41.0,41,1.742074
38.0,38,1.749056
11.0,11,1.751456
13.0,13,1.754474
13.0,13,1.756528
12.0,12,1.758849
16.0,16,1.763692
13.0,13,1.768954
18.0,18,1.776573
17.0,17,1.780073
20.0,20,1.784903
27.0,27,1.797483
11.0,11,1.801792
29.0,29,1.809012
19.0,19,1.813765
20.0,20,1.819449
16.0,16,1.822978
14.0,14,1.827575
19.0,19,1.830789
23.0,23,1.834135
10.0,10,1.835922
47.0,47,1.844
11.0,11,1.845453
11.0,11,1.847446
13.0,13,1.849495
55.0,55,1.859991
22.0,22,1.8639
36.0,36,1.869996
25.0,25,1.874069
16.0,16,1.876529
36.0,36,1.882033
18.0,18,1.885409
27.0,27,1.889688
10.0,10,1.891552
17.0,17,1.894062
11.0,11,1.895828
12.0,12,1.897993
20.0,20,1.902519
17.0,17,1.905569
16.0,16,1.908384
20.0,20,1.911992
53.0,53,1.921233
10.0,10,1.923066
16.0,16,1.925663
18.0,18,1.928398
33.0,33,1.93429
14.0,14,1.936857
13.0,13,1.938843
13.0,13,1.940836
24.0,24,1.944744
15.0,15,1.947958
12.0,12,1.950154
21.0,21,1.953566
30.0,30,1.958567
17.0,17,1.962038
17.0,17,1.964938
20.0,20,1.968682
29.0,29,1.974888
25.0,25,1.979053
84.0,84,1.993351
47.0,47,2.000972
12.0,12,2.003067
56.0,56,2.013466
10.0,10,2.014854
19.0,19,2.018667
11.0,11,2.021032
26.0,26,2.025085
22.0,22,2.029396
13.0,13,2.031532
14.0,14,2.033708
10.0,10,2.035731
21.0,21,2.039434
25.0,25,2.043513
17.0,17,2.046529
13.0,13,2.048425
21.0,21,2.051719
15.0,15,2.054141
26.0,26,2.058013
16.0,16,2.060807
9.0,9,2.062629
28.0,28,2.067382
20.0,20,2.071128
12.0,12,2.073096
14.0,14,2.075957
40.0,40,2.084393
17.0,17,2.087307
12.0,12,2.089501
31.0,31,2.095122
13.0,13,2.097506
15.0,15,2.100422
12.0,12,2.102472
13.0,13,2.104642
14.0,14,2.107358
13.0,13,2.109949
15.0,15,2.112745
10.0,10,2.114127
15.0,15,2.116623
13.0,13,2.118738
10.0,10,2.121039
38.0,38,2.127123
11.0,11,2.129486
24.0,24,2.134205
18.0,18,2.137679
12.0,12,2.139915
21.0,21,2.143556
10.0,10,2.145895
12.0,12,2.148225
15.0,15,2.150807
28.0,28,2.155503
16.0,16,2.165784
23.0,23,2.169993
25.0,25,2.174253
22.0,22,2.178883
37.0,37,2.184843
11.0,11,2.1871
10.0,10,2.188775
10.0,10,2.190789
12.0,12,2.193557
16.0,16,2.197345
12.0,12,2.200429
15.0,15,2.205053
17.0,17,2.211942
16.0,16,2.214897
21.0,21,2.221031
27.0,27,2.229021
37.0,37,2.239624
21.0,21,2.244472
21.0,21,2.251366
34.0,34,2.262847
26.0,26,2.272152
15.0,15,2.277649
22.0,22,2.283432
19.0,19,2.290135
17.0,17,2.295644
39.0,39,2.30289
16.0,16,2.306106
21.0,21,2.310345
24.0,24,2.31496
14.0,14,2.317062
22.0,22,2.321485
26.0,26,2.327352
29.0,29,2.332991
26.0,26,2.33814
14.0,14,2.340302
9.0,9,2.342137
14.0,14,2.344233
13.0,13,2.346469
12.0,12,2.348257
41.0,41,2.35497
18.0,18,2.357432
10.0,10,2.359099
22.0,22,2.36229
13.0,13,2.364196
10.0,10,2.366122
26.0,26,2.369868
13.0,13,2.372069
15.0,15,2.374091
12.0,12,2.375949
23.0,23,2.379612
13.0,13,2.381504
15.0,15,2.383952
13.0,13,2.385938
32.0,32,2.390677
18.0,18,2.393695
11.0,11,2.395445
19.0,19,2.39789
26.0,26,2.401923
14.0,14,2.403794
26.0,26,2.407761
12.0,12,2.409608
12.0,12,2.41147
24.0,24,2.415023
11.0,11,2.416907
22.0,22,2.420036
15.0,15,2.422458
15.0,15,2.424718
13.0,13,2.426511
15.0,15,2.428866
19.0,19,2.431289
50.0,50,2.438868
16.0,16,2.441207
18.0,18,2.443698
24.0,24,2.447226
37.0,37,2.453089
15.0,15,2.454979
17.0,17,2.457794
15.0,15,2.459745
16.0,16,2.462148
10.0,10,2.463997
33.0,33,2.468585
14.0,14,2.47084
10.0,10,2.472025
17.0,17,2.47436
17.0,17,2.477227
22.0,22,2.480267
18.0,18,2.483278
17.0,17,2.485668
14.0,14,2.487476
28.0,28,2.491522
12.0,12,2.493207
21.0,21,2.496539
23.0,23,2.499613
22.0,22,2.502928
15.0,15,2.50526
13.0,13,2.507075
17.0,17,2.509565
23.0,23,2.516919
26.0,26,2.520396
10.0,10,2.522132
15.0,15,2.524456
37.0,37,2.530915
17.0,17,2.533387
17.0,17,2.539416
17.0,17,2.542569
14.0,14,2.544596
15.0,15,2.54779
18.0,18,2.550529
17.0,17,2.553871
20.0,20,2.55706
23.0,23,2.560155
39.0,39,2.566175
12.0,12,2.568037
22.0,22,2.571595
18.0,18,2.574066
23.0,23,2.577647
15.0,15,2.579901
29.0,29,2.584022
11.0,11,2.585836
14.0,14,2.587797
23.0,23,2.591367
13.0,13,2.593345
39.0,39,2.599216
43.0,43,2.605822
42.0,42,2.611916
11.0,11,2.61373
34.0,34,2.61858
10.0,10,2.620323
22.0,22,2.623306
28.0,28,2.627521
19.0,19,2.630476
28.0,28,2.634792
19.0,19,2.637981
18.0,18,2.64051
19.0,19,2.643502
35.0,35,2.648798
15.0,15,2.651153
10.0,10,2.652396
31.0,31,2.656994
14.0,14,2.65871
8.0,8,2.659985
28.0,28,2.664061
37.0,37,2.669667
33.0,33,2.674385
13.0,13,2.676305
11.0,11,2.677972
35.0,35,2.683118
21.0,21,2.686268
42.0,42,2.692223
21.0,21,2.695518
12.0,12,2.697273
18.0,18,2.69972
15.0,15,2.702202
16.0,16,2.70464
37.0,37,2.710199
10.0,10,2.712013
12.0,12,2.713896
18.0,18,2.716407
13.0,13,2.718121
48.0,48,2.725268
11.0,11,2.727012
24.0,24,2.730616
20.0,20,2.733508
13.0,13,2.735233
23.0,23,2.738839
15.0,15,2.741162
13.0,13,2.743157
13.0,13,2.744983
9.0,9,2.746761
11.0,11,2.748166
21.0,21,2.751776
9.0,9,2.753074
37.0,37,2.758413
45.0,45,2.765083
11.0,11,2.76674
15.0,15,2.769059
27.0,27,2.773213
15.0,15,2.775033
10.0,10,2.776895
13.0,13,2.778817
45.0,45,2.785304
31.0,31,2.789857
12.0,12,2.79155
20.0,20,2.794555
19.0,19,2.797621
30.0,30,2.801725
20.0,20,2.804723
12.0,12,2.806622
15.0,15,2.809184
15.0,15,2.811497
16.0,16,2.813902
29.0,29,2.818084
20.0,20,2.821192
9.0,9,2.822462
17.0,17,2.825246
28.0,28,2.829337
9.0,9,2.830698
29.0,29,2.834814
34.0,34,2.840185
21.0,21,2.84716
11.0,11,2.849156
20.0,20,2.852692
24.0,24,2.856277
29.0,29,2.860874
10.0,10,2.862338
43.0,43,2.868757
11.0,11,2.870433
14.0,14,2.872391
20.0,20,2.875422
18.0,18,2.878193
13.0,13,2.880035
22.0,22,2.883498
44.0,44,2.890257
12.0,12,2.892077
11.0,11,2.893495
25.0,25,2.897618
21.0,21,2.900739
14.0,14,2.902599
15.0,15,2.904875
10.0,10,2.906734
15.0,15,2.908647
39.0,39,2.914603
15.0,15,2.916809
14.0,14,2.91866
10.0,10,2.920519
14.0,14,2.922397
18.0,18,2.925305
9.0,9,2.926528
19.0,19,2.929668
16.0,16,2.932073
13.0,13,2.933916
16.0,16,2.936384
22.0,22,2.939854
13.0,13,2.941885
11.0,11,2.943657
45.0,45,2.95027
19.0,19,2.953362
13.0,13,2.95515
33.0,33,2.959955
24.0,24,2.963368
19.0,19,2.966398
9.0,9,2.967856
32.0,32,2.97257
15.0,15,2.974925
10.0,10,2.976162
25.0,25,2.980134
9.0,9,2.9814
13.0,13,2.98324
12.0,12,2.985057
10.0,10,2.98675
21.0,21,2.989779
17.0,17,2.992198
14.0,14,2.994559
35.0,35,2.999256
29.0,29,3.003947
15.0,15,3.005824
17.0,17,3.008626
28.0,28,3.012683
9.0,9,3.014069
10.0,10,3.015326
22.0,22,3.0188
13.0,13,3.020618
11.0,11,3.022393
10.0,10,3.02364
18.0,18,3.026754
14.0,14,3.028604
27.0,27,3.032905
27.0,27,3.037082
17.0,17,3.039421
16.0,16,3.04179
27.0,27,3.045816
36.0,36,3.051036
22.0,22,3.054117
12.0,12,3.05596
22.0,22,3.059578
32.0,32,3.064154
14.0,14,3.066296
11.0,11,3.068072
10.0,10,3.070382
26.0,26,3.073938
15.0,15,3.076275
10.0,10,3.077516
29.0,29,3.082078
18.0,18,3.084568
28.0,28,3.08867
15.0,15,3.091048
20.0,20,3.094017
24.0,24,3.097501
17.0,17,3.100025
21.0,21,3.102969
10.0,10,3.104689
11.0,11,3.106344
18.0,18,3.108854
11.0,11,3.110742
36.0,36,3.115846
10.0,10,3.117131
18.0,18,3.12009
13.0,13,3.121893
11.0,11,3.123589
13.0,13,3.125499
16.0,16,3.128026
9.0,9,3.129391
15.0,15,3.13174
9.0,9,3.132999
38.0,38,3.13886
10.0,10,3.140101
11.0,11,3.141931
18.0,18,3.144692
20.0,20,3.151546
20.0,20,3.154652
33.0,33,3.160169
19.0,19,3.163716
25.0,25,3.167538
11.0,11,3.169211
15.0,15,3.171142
16.0,16,3.174095
16.0,16,3.176813
14.0,14,3.179368
17.0,17,3.181882
12.0,12,3.183738
30.0,30,3.188326
11.0,11,3.189546
20.0,20,3.192554
28.0,28,3.196896
21.0,21,3.20048
11.0,11,3.201816
30.0,30,3.206655
63.0,63,3.216283
24.0,24,3.219971
50.0,50,3.227184
23.0,23,3.230734
18.0,18,3.23319
45.0,45,3.240136
25.0,25,3.243876
26.0,26,3.247394
16.0,16,3.249838
13.0,13,3.252064
19.0,19,3.254527
10.0,10,3.25621
32.0,32,3.261155
25.0,25,3.264748
19.0,19,3.267874
38.0,38,3.27336
24.0,24,3.27719
20.0,20,3.280206
23.0,23,3.283837
10.0,10,3.285513
15.0,15,3.287405
19.0,19,3.290405
20.0,20,3.293651
27.0,27,3.298051
22.0,22,3.301109
31.0,31,3.306099
39.0,39,3.312144
23.0,23,3.315799
52.0,52,3.323452
52.0,52,3.331306
24.0,24,3.334878
22.0,22,3.337997
14.0,14,3.340263
30.0,30,3.344807
25.0,25,3.348288
18.0,18,3.35103
40.0,40,3.357013
10.0,10,3.358271
35.0,35,3.363871
13.0,13,3.365716
58.0,58,3.374813
31.0,31,3.379764
13.0,13,3.38156
14.0,14,3.383451
18.0,18,3.386301
16.0,16,3.388662
28.0,28,3.392794
40.0,40,3.398716
62.0,62,3.407747
54.0,54,3.416365
40.0,40,3.422506
37.0,37,3.427921
44.0,44,3.434702
35.0,35,3.440283
22.0,22,3.443323
17.0,17,3.446199
12.0,12,3.447877
18.0,18,3.450395
25.0,25,3.454091
14.0,14,3.467343
14.0,14,3.469489
21.0,21,3.473624
17.0,17,3.476431
17.0,17,3.479299
15.0,15,3.48174
19.0,19,3.484771
15.0,15,3.486856
45.0,45,3.493829
53.0,53,3.501782
28.0,28,3.505923
32.0,32,3.510843
14.0,14,3.512589
38.0,38,3.518671
16.0,16,3.521031
19.0,19,3.524032
11.0,11,3.525306
24.0,24,3.528869
17.0,17,3.53176
30.0,30,3.535975
16.0,16,3.538419
15.0,15,3.540753
10.0,10,3.541958
45.0,45,3.549038
84.0,84,3.56156
31.0,31,3.565801
12.0,12,3.567488
23.0,23,3.571012
36.0,36,3.576432
21.0,21,3.579427
28.0,28,3.583802
29.0,29,3.588594
28.0,28,3.592922
26.0,26,3.596654
33.0,33,3.601417
18.0,18,3.604459
34.0,34,3.609278
30.0,30,3.614146
25.0,25,3.618025
38.0,38,3.623965
64.0,64,3.634123
78.0,78,3.645637
26.0,26,3.649879
40.0,40,3.65615
17.0,17,3.658558
56.0,56,3.666647
45.0,45,3.673327
20.0,20,3.676721
36.0,36,3.682345
21.0,21,3.685512
15.0,15,3.688002
73.0,73,3.699389
47.0,47,3.706622
19.0,19,3.709541
18.0,18,3.712019
31.0,31,3.716549
15.0,15,3.718897
29.0,29,3.723121
47.0,47,3.730252
23.0,23,3.733679
27.0,27,3.737573
73.0,73,3.748882
18.0,18,3.751474
33.0,33,3.756259
20.0,20,3.759248
16.0,16,3.761721
15.0,15,3.764087
18.0,18,3.76711
41.0,41,3.78461
26.0,26,3.788981
12.0,12,3.790905
15.0,15,3.793624
39.0,39,3.799768
14.0,14,3.801807
45.0,45,3.808841
13.0,13,3.810988
24.0,24,3.814848
25.0,25,3.818659
38.0,38,3.824749
57.0,57,3.833439
16.0,16,3.835973
29.0,29,3.840489
41.0,41,3.846849
38.0,38,3.852644
29.0,29,3.856878
16.0,16,3.859172
10.0,10,3.860929
13.0,13,3.863233
14.0,14,3.865184
46.0,46,3.872932
21.0,21,3.876646
35.0,35,3.882871
40.0,40,3.889763
28.0,28,3.89461
15.0,15,3.897188
47.0,47,3.905062
30.0,30,3.910061
79.0,79,3.92357
28.0,28,3.928169
18.0,18,3.930965
26.0,26,3.936279
24.0,24,3.940111
24.0,24,3.944144
14.0,14,3.946365
33.0,33,3.952209
16.0,16,3.95477
21.0,21,3.958339
24.0,24,3.962125
9.0,9,3.963467
20.0,20,3.967408
26.0,26,3.97148
24.0,24,3.975165
29.0,29,3.98004
16.0,16,3.983201
16.0,16,3.985789
34.0,34,3.991082
14.0,14,3.993622
62.0,62,4.004433
26.0,26,4.008991
35.0,35,4.01507
36.0,36,4.021116
21.0,21,4.024841
12.0,12,4.026714
31.0,31,4.03115
44.0,44,4.039394
17.0,17,4.0425
40.0,40,4.049133
34.0,34,4.055142
32.0,32,4.060507
11.0,11,4.062608
13.0,13,4.064577
19.0,19,4.067804
56.0,56,4.077067
28.0,28,4.08249
34.0,34,4.087668
14.0,14,4.090384
14.0,14,4.0926
12.0,12,4.094696
39.0,39,4.101617
24.0,24,4.105664
39.0,39,4.112689
22.0,22,4.124334
34.0,34,4.13134
20.0,20,4.134895
21.0,21,4.138439
32.0,32,4.144454
27.0,27,4.149394
61.0,61,4.16028
86.0,86,4.176014
17.0,17,4.180871
23.0,23,4.185545
50.0,50,4.200896
32.0,32,4.208487
25.0,25,4.214289
17.0,17,4.218847
38.0,38,4.227218
33.0,33,4.2358
17.0,17,4.239597
20.0,20,4.245098
20.0,20,4.249222
21.0,21,4.253924
11.0,11,4.256017
15.0,15,4.258411
61.0,61,4.26969
33.0,33,4.275349
18.0,18,4.278414
28.0,28,4.283532
62.0,62,4.29649
13.0,13,4.298894
28.0,28,4.304203
14.0,14,4.306848
44.0,44,4.315308
22.0,22,4.31914
41.0,41,4.326173
14.0,14,4.328974
19.0,19,4.332461
58.0,58,4.342777
18.0,18,4.346201
13.0,13,4.348251
37.0,37,4.354995
17.0,17,4.357851
19.0,19,4.362566
24.0,24,4.366732
16.0,16,4.369355
22.0,22,4.373552
36.0,36,4.380081
15.0,15,4.382472
18.0,18,4.386063
20.0,20,4.389707
14.0,14,4.392067
21.0,21,4.396212
34.0,34,4.402375
52.0,52,4.411665
41.0,41,4.418802
25.0,25,4.423975
42.0,42,4.431926
32.0,32,4.4374
21.0,21,4.441316
16.0,16,4.44443
23.0,23,4.44865
28.0,28,4.453682
26.0,26,4.458528
15.0,15,4.460914
15.0,15,4.463606
17.0,17,4.466701
24.0,24,4.471183
25.0,25,4.476339
23.0,23,4.480789
22.0,22,4.484566
31.0,31,4.490195
25.0,25,4.495093
73.0,73,4.508707
30.0,30,4.56363
55.0,55,4.57368
32.0,32,4.579326
16.0,16,4.581928
32.0,32,4.587362
15.0,15,4.589834
19.0,19,4.59311
15.0,15,4.596156
12.0,12,4.598085
38.0,38,4.60401
14.0,14,4.606589
29.0,29,4.611127
17.0,17,4.613838
26.0,26,4.618375
27.0,27,4.622252
17.0,17,4.625297
67.0,67,4.635019
15.0,15,4.637378
63.0,63,4.647126
11.0,11,4.648966
35.0,35,4.653876
22.0,22,4.657537
45.0,45,4.664867
43.0,43,4.671841
14.0,14,4.673817
18.0,18,4.676965
48.0,48,4.684513
23.0,23,4.688148
44.0,44,4.695246
23.0,23,4.698459
30.0,30,4.703286
22.0,22,4.706444
31.0,31,4.711169
38.0,38,4.717099
18.0,18,4.719672
80.0,80,4.732254
42.0,42,4.739109
33.0,33,4.744029
37.0,37,4.749448
15.0,15,4.751849
22.0,22,4.75485
35.0,35,4.760556
23.0,23,4.764208
21.0,21,4.767433
29.0,29,4.771805
13.0,13,4.774007
27.0,27,4.777617
88.0,88,4.791363
12.0,12,4.793209
24.0,24,4.796943
42.0,42,4.803844
16.0,16,4.806296
21.0,21,4.80932
37.0,37,4.814779
41.0,41,4.821558
11.0,11,4.822824
21.0,21,4.826388
19.0,19,4.829087
21.0,21,4.8326
21.0,21,4.8359
32.0,32,4.840903
16.0,16,4.843438
19.0,19,4.846552
25.0,25,4.850459
52.0,52,4.858536
68.0,68,4.868713
19.0,19,4.871917
20.0,20,4.874928
31.0,31,4.893713
12.0,12,4.89565
32.0,32,4.901184
16.0,16,4.903923
36.0,36,4.909607
25.0,25,4.913997
23.0,23,4.917225
25.0,25,4.921593
105.0,105,4.937786
26.0,26,4.941597
13.0,13,4.943807
52.0,52,4.951791
43.0,43,4.958423
42.0,42,4.965187
26.0,26,4.969047
43.0,43,4.975792
58.0,58,4.984739
76.0,76,4.99639
23.0,23,4.999646
17.0,17,5.002575
44.0,44,5.009552
53.0,53,5.017572
13.0,13,5.019532
19.0,19,5.022413
74.0,74,5.033867
80.0,80,5.046941
125.0,125,5.06721
35.0,35,5.072292
53.0,53,5.080946
42.0,42,5.087314
47.0,47,5.094642
18.0,18,5.097099
61.0,61,5.107011
73.0,73,5.118235
15.0,15,5.120641
46.0,46,5.1273
121.0,121,5.145732
54.0,54,5.154182
77.0,77,5.166053
50.0,50,5.174067
131.0,131,5.194133
20.0,20,5.197256
24.0,24,5.200992
40.0,40,5.246232
19.0,19,5.249661
48.0,48,5.257493
33.0,33,5.263006
22.0,22,5.266779
30.0,30,5.271089
11.0,11,5.272878
78.0,78,5.285026
107.0,107,5.30167
27.0,27,5.306117
30.0,30,5.311018
14.0,14,5.312954
25.0,25,5.316622
18.0,18,5.319616
47.0,47,5.326868
50.0,50,5.334397
104.0,104,5.350672
18.0,18,5.353701
36.0,36,5.35939
108.0,108,5.376268
25.0,25,5.379953
64.0,64,5.389986
36.0,36,5.395374
16.0,16,5.397833
60.0,60,5.406937
58.0,58,5.416007
91.0,91,5.430985
29.0,29,5.435408
114.0,114,5.453554
80.0,80,5.466123
17.0,17,5.468849
112.0,112,5.486647
14.0,14,5.488917
30.0,30,5.493415
46.0,46,5.500579
92.0,92,5.514906
22.0,22,5.518055
91.0,91,5.532448
24.0,24,5.536087
16.0,16,5.53865
34.0,34,5.544042
25.0,25,5.54816
64.0,64,5.712634
71.0,71,5.724331
30.0,30,5.72967
24.0,24,5.733537
67.0,67,5.744409
11.0,11,5.745836
40.0,40,5.752056
37.0,37,5.758232
19.0,19,5.760948
68.0,68,5.771833
81.0,81,5.785475
103.0,103,5.800954
14.0,14,5.803597
17.0,17,5.806267
51.0,51,5.814347
24.0,24,5.81803
17.0,17,5.820485
79.0,79,5.832818
104.0,104,5.849257
33.0,33,5.854224
46.0,46,5.86172
31.0,31,5.866339
23.0,23,5.870068
24.0,24,5.873972
28.0,28,5.878325
19.0,19,5.881336
92.0,92,5.89581
9.0,9,5.896978
73.0,73,5.908357
137.0,137,5.929979
24.0,24,5.933543
31.0,31,5.938196
47.0,47,5.9456
32.0,32,5.95074
20.0,20,5.953888
13.0,13,5.955904
15.0,15,5.958225
137.0,137,5.979636
49.0,49,5.987314
51.0,51,5.994932
123.0,123,6.014835
71.0,71,6.025807
126.0,126,6.167856
90.0,90,6.184141
26.0,26,6.190171
35.0,35,6.201143
38.0,38,6.210621
142.0,142,6.251278
15.0,15,6.257492
39.0,39,6.267048
38.0,38,6.273231
59.0,59,6.283524
54.0,54,6.292563
141.0,141,6.318875
29.0,29,6.323545
47.0,47,6.332289
26.0,26,6.336751
73.0,73,6.349605
22.0,22,6.353663
11.0,11,6.355791
83.0,83,6.369976
38.0,38,6.37771
30.0,30,6.383488
26.0,26,6.388293
65.0,65,6.400717
54.0,54,6.411314
13.0,13,6.413514
87.0,87,6.429252
14.0,14,6.431604
29.0,29,6.437925
134.0,134,6.465259
27.0,27,6.47067
111.0,111,6.49103
51.0,51,6.500571
43.0,43,6.508046
15.0,15,6.51084
20.0,20,6.514696
38.0,38,6.520956
93.0,93,6.53931
29.0,29,6.623713
47.0,47,6.64008
41.0,41,6.655538
113.0,113,6.684457
23.0,23,6.690509
32.0,32,6.700426
30.0,30,6.706087
33.0,33,6.712443
132.0,132,6.737753
60.0,60,6.749922
46.0,46,6.758344
78.0,78,6.773443
105.0,105,6.795441
86.0,86,6.809799
220.0,220,6.845384
20.0,20,6.848579
39.0,39,6.855165
121.0,121,6.874304
31.0,31,6.879407
84.0,84,6.89301
12.0,12,6.894928
85.0,85,6.908515
134.0,134,6.930304
84.0,84,6.944077
27.0,27,6.948102
138.0,138,6.970054
150.0,150,6.993949
14.0,14,6.996347
17.0,17,7.047354
76.0,76,7.060637
99.0,99,7.076846
24.0,24,7.080652
198.0,198,7.112239
42.0,42,7.119345
78.0,78,7.131574
152.0,152,7.1558
147.0,147,7.178961
147.0,147,7.202929
83.0,83,7.217126
135.0,135,7.238157
135.0,135,7.260438
14.0,14,7.262772
130.0,130,7.283309
128.0,128,7.303595
32.0,32,7.308589
151.0,151,7.332623
68.0,68,7.343363
81.0,81,7.356264
75.0,75,7.419723
134.0,134,7.442474
41.0,41,7.449995
42.0,42,7.456618
23.0,23,7.460516
116.0,116,7.479186
104.0,104,7.495854
35.0,35,7.50166
92.0,92,7.516548
27.0,27,7.520391
59.0,59,7.53014
370.0,370,7.590405
90.0,90,7.604484
157.0,157,7.629847
60.0,60,7.639175
110.0,110,7.657023
76.0,76,7.669208
13.0,13,7.671174
33.0,33,7.676334
45.0,45,7.683904
127.0,127,7.704181
21.0,21,7.707852
133.0,133,7.729342
44.0,44,7.736564
125.0,125,7.839062
166.0,166,7.869706
62.0,62,7.880575
28.0,28,7.885659
88.0,88,7.901998
273.0,273,7.951049
110.0,110,7.971621
191.0,191,8.006606
26.0,26,8.011086
22.0,22,8.015284
46.0,46,8.023044
46.0,46,8.031656
20.0,20,8.035144
59.0,59,8.046304
122.0,122,8.068656
20.0,20,8.072744
31.0,31,8.078444
97.0,97,8.096377
26.0,26,8.100771
15.0,15,8.105914
119.0,119,8.149329
105.0,105,8.180886
90.0,90,8.19811
36.0,36,8.205128
12.0,12,8.207272
34.0,34,8.213858
63.0,63,8.226864
45.0,45,8.306961
92.0,92,8.325381
101.0,101,8.344733
112.0,112,8.367427
67.0,67,8.380677
24.0,24,8.384588
83.0,83,8.400332
79.0,79,8.414939
60.0,60,8.426157
31.0,31,8.431362
133.0,133,8.456657
37.0,37,8.464217
37.0,37,8.471735
57.0,57,8.482211
172.0,172,8.514821
36.0,36,8.521111
35.0,35,8.527057
51.0,51,8.535443
156.0,156,8.56152
54.0,54,8.57027
14.0,14,8.572737
292.0,292,8.62136
41.0,41,8.628018
51.0,51,8.636663
29.0,29,8.641298
40.0,40,8.647815
46.0,46,8.655441
159.0,159,8.741165
118.0,118,8.761094
33.0,33,8.766346
48.0,48,8.774191
191.0,191,8.805884
112.0,112,8.824258
120.0,120,8.844133
159.0,159,8.870514
59.0,59,8.879752
120.0,120,8.899553
31.0,31,8.90464
16.0,16,8.907031
93.0,93,8.921994
86.0,86,8.936701
26.0,26,8.940573
158.0,158,8.966489
32.0,32,8.971843
12.0,12,8.973636
73.0,73,8.985341
111.0,111,9.00366
110.0,110,9.021746
72.0,72,9.033498
43.0,43,9.040486
86.0,86,9.10965
23.0,23,9.112994
63.0,63,9.123619
86.0,86,9.138519
136.0,136,9.160948
44.0,44,9.16914
76.0,76,9.181399
158.0,158,9.207052
137.0,137,9.229315
99.0,99,9.245643
97.0,97,9.260969
193.0,193,9.294675
145.0,145,9.319964
72.0,72,9.331979
241.0,241,9.372004
174.0,174,9.401194
104.0,104,9.418313
136.0,136,9.507831
142.0,142,9.532213
190.0,190,9.564135
173.0,173,9.592443
87.0,87,9.606965
182.0,182,9.636727
58.0,58,9.646652
95.0,95,9.662013
322.0,322,9.75092
49.0,49,9.759279
50.0,50,9.769177
20.0,20,9.773036
72.0,72,9.793486
186.0,186,9.848565
75.0,75,9.863398
215.0,215,9.901537
186.0,186,10.0307
238.0,238,10.078796
186.0,186,10.115552
53.0,53,10.125237
165.0,165,10.156467
170.0,170,10.196537
106.0,106,10.233178
34.0,34,10.245228
112.0,112,10.275816
171.0,171,10.310839
22.0,22,10.31575
166.0,166,10.349894
109.0,109,10.371912
172.0,172,10.406894
67.0,67,10.41986
11.0,11,10.421737
15.0,15,10.423943
217.0,217,10.538929
266.0,266,10.583463
149.0,149,10.608078
173.0,173,10.637289
186.0,186,10.667997
175.0,175,10.697114
142.0,142,10.720085
136.0,136,10.742825
171.0,171,10.771815
136.0,136,10.794504
323.0,323,10.848396
94.0,94,10.927598
36.0,36,10.933525
188.0,188,10.965296
109.0,109,10.984081
152.0,152,11.009577
158.0,158,11.035635
120.0,120,11.055396
58.0,58,11.065148
221.0,221,11.101994
75.0,75,11.114468
132.0,132,11.136308
100.0,100,11.153442
85.0,85,11.167104
258.0,258,11.209999
65.0,65,11.221434
217.0,217,11.3245
122.0,122,11.345447
240.0,240,11.385909
64.0,64,11.396574
82.0,82,11.410583
202.0,202,11.444284
160.0,160,11.470983
224.0,224,11.508963
175.0,175,11.538041
171.0,171,11.5668
154.0,154,11.592768
263.0,263,11.637827
21.0,21,11.641281
38.0,38,11.647649
305.0,305,11.786329
250.0,250,11.833093
210.0,210,11.872811
75.0,75,11.886325
205.0,205,11.925063
217.0,217,11.964885
36.0,36,11.972167
213.0,213,12.039512
172.0,172,12.081863
119.0,119,12.104354
159.0,159,12.136541
196.0,196,12.261456
177.0,177,12.296917
108.0,108,12.319481
226.0,226,12.365841
218.0,218,12.412034
157.0,157,12.460641
180.0,180,12.495406
44.0,44,12.502939
194.0,194,12.536155
172.0,172,12.565344
207.0,207,12.600439
148.0,148,12.625869
218.0,218,12.757039
268.0,268,12.80276
24.0,24,12.80682
164.0,164,12.834886
275.0,275,12.881715
68.0,68,12.893004
159.0,159,12.920158
87.0,87,12.935197
49.0,49,12.943332
93.0,93,12.959127
256.0,256,13.003387
259.0,259,13.048033
199.0,199,13.164089
264.0,264,13.210508
142.0,142,13.234396
181.0,181,13.265431
343.0,343,13.323854
148.0,148,13.349299
117.0,117,13.369158
212.0,212,13.406181
64.0,64,13.417189
25.0,25,13.421656
61.0,61,13.431978
218.0,218,13.468906
62.0,62,13.47964
128.0,128,13.568932
218.0,218,13.606856
333.0,333,13.667225
325.0,325,13.728214
250.0,250,13.776503
292.0,292,13.83399
207.0,207,13.872872
267.0,267,13.924972
226.0,226,14.076079
216.0,216,14.120253
155.0,155,14.152135
234.0,234,14.202582
264.0,264,14.255929
221.0,221,14.303453
408.0,408,14.389513
233.0,233,14.430403
222.0,222,14.545363
206.0,206,14.581401
151.0,151,14.607675
223.0,223,14.646947
274.0,274,14.694583
320.0,320,14.750883
201.0,201,14.78565
207.0,207,14.82169
302.0,302,14.946365
256.0,256,14.993166
335.0,335,15.051361
232.0,232,15.092329
204.0,204,15.12807
296.0,296,15.179334
261.0,261,15.225167
231.0,231,15.265444
172.0,172,15.295475
209.0,209,15.421803
264.0,264,15.468433
226.0,226,15.507895
310.0,310,15.562075
304.0,304,15.615546
215.0,215,15.65329
195.0,195,15.687407
327.0,327,15.843261
206.0,206,15.880285
217.0,217,15.91922
230.0,230,15.959482
202.0,202,15.995128
228.0,228,16.035452
295.0,295,16.087056
344.0,344,16.147939
437.0,437,16.309801
228.0,228,16.350041
393.0,393,16.419938
350.0,350,16.48201
313.0,313,16.537674
221.0,221,16.576913
307.0,307,16.700184
357.0,357,16.765379
212.0,212,16.802961
195.0,195,16.839933
197.0,197,16.878691
272.0,272,16.930982
268.0,268,17.013885
417.0,417,17.097006
361.0,361,17.262582
236.0,236,17.31516
434.0,434,17.423219
269.0,269,17.500149
376.0,376,17.578142
306.0,306,17.634088
306.0,306,17.765513
240.0,240,17.808462
406.0,406,17.881686
220.0,220,17.921354
203.0,203,17.958085
197.0,197,17.993854
264.0,264,18.041678
256.0,256,18.162294
201.0,201,18.20014
260.0,260,18.247342
223.0,223,18.287309
273.0,273,18.33639
236.0,236,18.378898
203.0,203,18.415867
224.0,224,18.4565
228.0,228,18.498207
235.0,235,18.646408
235.0,235,18.689566
207.0,207,18.727433
222.0,222,18.767237
399.0,399,18.840103
242.0,242,18.883942
233.0,233,18.92653
230.0,230,18.968545
288.0,288,19.088475
293.0,293,19.142223
247.0,247,19.186696
186.0,186,19.220791
304.0,304,19.276222
228.0,228,19.319968
289.0,289,19.373941
330.0,330,19.505596
301.0,301,19.561613
222.0,222,19.601885
243.0,243,19.64645
202.0,202,19.6839
222.0,222,19.724048
242.0,242,19.768529
232.0,232,19.811143
327.0,327,19.954872
239.0,239,19.999633
297.0,297,20.05372
271.0,271,20.103231
219.0,219,20.14363
241.0,241,20.187898
261.0,261,20.235412
330.0,330,20.296245
313.0,313,20.436893
233.0,233,20.479897
228.0,228,20.521828
418.0,418,20.599022
245.0,245,20.643419
267.0,267,20.69264
460.0,460,20.860471
308.0,308,20.919046
197.0,197,20.955555
238.0,238,20.999842
302.0,302,21.055421
265.0,265,21.104274
263.0,263,21.152548
388.0,388,21.224043
214.0,214,21.347907
229.0,229,21.39018
256.0,256,21.437222
281.0,281,21.488939
232.0,232,21.531679
280.0,280,21.583192
323.0,323,21.642767
218.0,218,21.763073
274.0,274,21.814399
242.0,242,21.858933
234.0,234,21.902133
249.0,249,21.947822
271.0,271,21.997915
332.0,332,22.058961
245.0,245,22.103528
285.0,285,22.247352
252.0,252,22.294194
240.0,240,22.338163
289.0,289,22.391482
282.0,282,22.443386
203.0,203,22.480713
211.0,211,22.519503
190.0,190,22.554177
198.0,198,22.679822
234.0,234,22.729288
231.0,231,22.776872
240.0,240,22.82499
240.0,240,22.874765
266.0,266,22.94269
205.0,205,23.001687
255.0,255,23.055888
238.0,238,23.107065
247.0,247,23.25001
245.0,245,23.304753
277.0,277,23.35797
228.0,228,23.400393
453.0,453,23.483663
241.0,241,23.528521
197.0,197,23.565059
213.0,213,23.67923
243.0,243,23.725792
205.0,205,23.763806
247.0,247,23.809562
203.0,203,23.847111
243.0,243,23.891815
195.0,195,23.928092
297.0,297,23.982358
245.0,245,24.028068
274.0,274,24.158482
203.0,203,24.196198
212.0,212,24.235915
245.0,245,24.281157
220.0,220,24.32426
198.0,198,24.361856
225.0,225,24.403452
218.0,218,24.443323
397.0,397,24.602391
232.0,232,24.649796
391.0,391,24.748456
262.0,262,24.814423
198.0,198,24.854989
278.0,278,24.91444
205.0,205,24.958851
303.0,303,25.025166
197.0,197,25.189534
299.0,299,25.260639
223.0,223,25.31048
239.0,239,25.355853
208.0,208,25.394418
207.0,207,25.432878
203.0,203,25.470652
224.0,224,25.51199
276.0,276,25.653284
395.0,395,25.727363
269.0,269,25.777071
277.0,277,25.828152
207.0,207,25.866613
205.0,205,25.904086
233.0,233,25.947026
219.0,219,25.987406
205.0,205,26.105157
252.0,252,26.152397
209.0,209,26.191597
216.0,216,26.231502
231.0,231,26.273606
193.0,193,26.309756
215.0,215,26.349144
293.0,293,26.403479
370.0,370,26.548924
210.0,210,26.588925
258.0,258,26.636277
500.0,500,26.728475
227.0,227,26.770552
227.0,227,26.812341
200.0,200,26.849212
477.0,477,27.019488
258.0,258,27.067423
259.0,259,27.115303
253.0,253,27.161506
241.0,241,27.206248
247.0,247,27.251515
196.0,196,27.287193
224.0,224,27.328342
382.0,382,27.47142
343.0,343,27.53465
194.0,194,27.570186
228.0,228,27.612153
220.0,220,27.652655
259.0,259,27.700486
215.0,215,27.740149
225.0,225,27.781304
262.0,262,27.904335
232.0,232,27.948036
180.0,180,27.98114
362.0,362,28.048075
281.0,281,28.099333
268.0,268,28.148522
222.0,222,28.189387
230.0,230,28.231444
336.0,336,28.384746
261.0,261,28.438288
226.0,226,28.485405
258.0,258,28.536621
264.0,264,28.607984
348.0,348,28.72562
236.0,236,28.775902
430.0,430,28.95792
250.0,250,29.014133
268.0,268,29.064967
267.0,267,29.114794
263.0,263,29.163437
301.0,301,29.218716
224.0,224,29.259969
220.0,220,29.390339
247.0,247,29.436658
339.0,339,29.499368
254.0,254,29.545952
347.0,347,29.61018
324.0,324,29.669679
291.0,291,29.723296
222.0,222,29.847457
198.0,198,29.884943
203.0,203,29.922394
215.0,215,29.962256
241.0,241,30.00673
245.0,245,30.051795
214.0,214,30.090774
217.0,217,30.130637
244.0,244,30.175216
295.0,295,30.306877
259.0,259,30.354645
206.0,206,30.392508
264.0,264,30.44111
310.0,310,30.498581
212.0,212,30.53789
231.0,231,30.580748
202.0,202,30.61773
233.0,233,30.740188
200.0,200,30.778466
220.0,220,30.818944
275.0,275,30.869691
301.0,301,30.924965
233.0,233,30.968115
256.0,256,31.015009
305.0,305,31.070966
261.0,261,31.186037
209.0,209,31.225126
235.0,235,31.2689
320.0,320,31.32753
188.0,188,31.362055
253.0,253,31.408482
219.0,219,31.448879
238.0,238,31.492824
231.0,231,31.609605
249.0,249,31.65693
219.0,219,31.697857
196.0,196,31.733874
210.0,210,31.772717
250.0,250,31.818724
242.0,242,31.863251
229.0,229,31.905256
296.0,296,31.959702
220.0,220,32.087476
277.0,277,32.138777
295.0,295,32.193037
221.0,221,32.233477
297.0,297,32.288628
293.0,293,32.3424
275.0,275,32.39312
257.0,257,32.520914
254.0,254,32.568482
290.0,290,32.621991
213.0,213,32.660722
250.0,250,32.706664
242.0,242,32.751011
229.0,229,32.792876
212.0,212,32.832238
230.0,230,32.875103
262.0,262,33.0055
249.0,249,33.052042
259.0,259,33.099466
220.0,220,33.140171
219.0,219,33.180348
306.0,306,33.236733
224.0,224,33.27754
269.0,269,33.326937
289.0,289,33.450559
232.0,232,33.493372
219.0,219,33.534066
375.0,375,33.602901
261.0,261,33.65071
256.0,256,33.697505
221.0,221,33.738934
198.0,198,33.845749
223.0,223,33.887922
201.0,201,33.925358
266.0,266,33.973925
209.0,209,34.012165
221.0,221,34.052878
198.0,198,34.088926
238.0,238,34.13269
325.0,325,34.192048
287.0,287,34.323959
211.0,211,34.386035
213.0,213,34.438547
187.0,187,34.475582
318.0,318,34.54134
223.0,223,34.600971
228.0,228,34.667734
205.0,205,34.712577
194.0,194,34.752338
203.0,203,34.882101
200.0,200,34.92954
213.0,213,34.9781
200.0,200,35.016132
223.0,223,35.05753
230.0,230,35.100522
207.0,207,35.138334
228.0,228,35.180471
197.0,197,35.217096
231.0,231,35.342937
267.0,267,35.392772
230.0,230,35.435474
245.0,245,35.480221
232.0,232,35.522923
333.0,333,35.584068
251.0,251,35.629838
248.0,248,35.675329
183.0,183,35.78219
237.0,237,35.826569
344.0,344,35.889853
188.0,188,35.924477
211.0,211,35.962973
199.0,199,35.999471
223.0,223,36.040651
242.0,242,36.085598
200.0,200,36.122857
326.0,326,36.315761
225.0,225,36.360924
220.0,220,36.406283
189.0,189,36.447745
259.0,259,36.504895
198.0,198,36.549047
223.0,223,36.596286
215.0,215,36.642174
210.0,210,36.789318
252.0,252,36.848922
207.0,207,36.888399
188.0,188,36.923353
198.0,198,36.960091
198.0,198,36.996871
235.0,235,37.039873
228.0,228,37.082002
192.0,192,37.117415
215.0,215,37.15756
223.0,223,37.275221
174.0,174,37.307769
186.0,186,37.342212
288.0,288,37.395844
246.0,246,37.441072
397.0,397,37.513979
230.0,230,37.555769
198.0,198,37.592074
241.0,241,37.703253
210.0,210,37.742268
186.0,186,37.776749
334.0,334,37.838188
242.0,242,37.883068
269.0,269,37.932278
178.0,178,37.965037
326.0,326,38.024544
174.0,174,38.121975
172.0,172,38.154846
201.0,201,38.191799
194.0,194,38.227295
221.0,221,38.267956
215.0,215,38.30706
202.0,202,38.344286
210.0,210,38.38256
173.0,173,38.414456
189.0,189,38.449061
242.0,242,38.565152
202.0,202,38.603295
214.0,214,38.64213
306.0,306,38.697822
389.0,389,38.769182
193.0,193,38.804569
180.0,180,38.837487
197.0,197,38.874026
258.0,258,38.920657
239.0,239,39.03786
171.0,171,39.06991
210.0,210,39.108259
194.0,194,39.14398
202.0,202,39.180768
201.0,201,39.217211
182.0,182,39.250846
168.0,168,39.282036
186.0,186,39.317022
206.0,206,39.360932
197.0,197,39.462261
163.0,163,39.496345
179.0,179,39.53238
180.0,180,39.569084
175.0,175,39.624097
236.0,236,39.685079
197.0,197,39.727299
219.0,219,39.773787
168.0,168,39.810709
171.0,171,39.847197
181.0,181,39.951696
191.0,191,39.995616
201.0,201,40.033447
190.0,190,40.069221
288.0,288,40.122503
189.0,189,40.157598
216.0,216,40.197084
226.0,226,40.238927
181.0,181,40.272125
183.0,183,40.306138
188.0,188,40.402129
193.0,193,40.437951
162.0,162,40.467569
227.0,227,40.509222
196.0,196,40.545355
190.0,190,40.580388
234.0,234,40.623069
209.0,209,40.661401
243.0,243,40.706239
168.0,168,40.737078
168.0,168,40.823746
186.0,186,40.858804
271.0,271,40.908091
204.0,204,40.945507
182.0,182,40.979167
281.0,281,41.030242
169.0,169,41.06104
187.0,187,41.095024
375.0,375,41.163945
215.0,215,41.262846
191.0,191,41.29774
187.0,187,41.331887
198.0,198,41.368416
208.0,208,41.406164
194.0,194,41.441186
279.0,279,41.492381
180.0,180,41.525478
203.0,203,41.562552
183.0,183,41.595791
198.0,198,41.695853
231.0,231,41.738804
194.0,194,41.774092
211.0,211,41.812906
321.0,321,41.871726
190.0,190,41.906626
177.0,177,41.938841
201.0,201,41.97574
205.0,205,42.012961
231.0,231,42.117405
193.0,193,42.153312
187.0,187,42.187575
188.0,188,42.222157
191.0,191,42.257256
189.0,189,42.291705
187.0,187,42.325702
187.0,187,42.360016
220.0,220,42.400185
175.0,175,42.431815
184.0,184,42.465412
195.0,195,42.564596
209.0,209,42.602773
222.0,222,42.643624
246.0,246,42.688068
198.0,198,42.724217
193.0,193,42.759031
200.0,200,42.795331
185.0,185,42.828895
220.0,220,42.869195
225.0,225,42.980654
198.0,198,43.017337
234.0,234,43.060752
188.0,188,43.095338
191.0,191,43.130196
201.0,201,43.167487
232.0,232,43.209839
194.0,194,43.24482
166.0,166,43.275464
187.0,187,43.309041
214.0,214,43.418872
183.0,183,43.453157
182.0,182,43.486788
196.0,196,43.522837
184.0,184,43.556697
183.0,183,43.590342
186.0,186,43.624169
172.0,172,43.655894
200.0,200,43.692562
218.0,218,43.732819
181.0,181,43.765932
199.0,199,43.86536
268.0,268,43.91487
210.0,210,43.952939
177.0,177,43.985938
209.0,209,44.023874
197.0,197,44.060014
199.0,199,44.096694
184.0,184,44.130145
219.0,219,44.170035
238.0,238,44.276288
229.0,229,44.318941
204.0,204,44.359424
200.0,200,44.39627
195.0,195,44.432614
229.0,229,44.474548
205.0,205,44.512342
268.0,268,44.561358
183.0,183,44.594715
213.0,213,44.704829
179.0,179,44.738371
174.0,174,44.770655
197.0,197,44.806677
190.0,190,44.841654
196.0,196,44.877806
214.0,214,44.917153
196.0,196,44.953256
238.0,238,44.997228
226.0,226,45.038122
247.0,247,45.151003
192.0,192,45.18685
207.0,207,45.224786
171.0,171,45.255911
200.0,200,45.292893
205.0,205,45.330719
205.0,205,45.368226
187.0,187,45.40259
282.0,282,45.45386
199.0,199,45.490443
202.0,202,45.600079
226.0,226,45.65706
196.0,196,45.716319
226.0,226,45.76167
196.0,196,45.80163
206.0,206,45.845237
167.0,167,45.881194
180.0,180,45.920116
201.0,201,45.979268
218.0,218,46.040916
190.0,190,46.153498
207.0,207,46.20148
201.0,201,46.247917
188.0,188,46.289037
186.0,186,46.323618
198.0,198,46.360418
184.0,184,46.394617
351.0,351,46.459561
214.0,214,46.498705
260.0,260,46.613674
205.0,205,46.651531
177.0,177,46.68465
197.0,197,46.720945
217.0,217,46.760835
239.0,239,46.805083
216.0,216,46.844946
188.0,188,46.879462
230.0,230,46.921589
179.0,179,46.954515
181.0,181,47.048942
181.0,181,47.083123
198.0,198,47.119531
195.0,195,47.155729
245.0,245,47.200755
228.0,228,47.242791
275.0,275,47.294424
194.0,194,47.329639
177.0,177,47.362471
210.0,210,47.465317
202.0,202,47.523847
178.0,178,47.571998
180.0,180,47.60866
195.0,195,47.648987
169.0,169,47.702946
207.0,207,47.756848
193.0,193,47.797453
206.0,206,47.840266
210.0,210,47.885854
93.0,93,47.906456
419.0,419,48.073594
158.0,158,48.126916
213.0,213,48.194018
185.0,185,48.263451
186.0,186,48.299113
178.0,178,48.332289
195.0,195,48.36874
195.0,195,48.40495
192.0,192,48.440245
241.0,241,48.542418
188.0,188,48.577886
170.0,170,48.609193
210.0,210,48.648201
199.0,199,48.684935
176.0,176,48.717409
216.0,216,48.757099
180.0,180,48.790149
170.0,170,48.821198
212.0,212,48.859835
186.0,186,48.894185
257.0,257,49.003546
166.0,166,49.034126
194.0,194,49.070162
165.0,165,49.100388
204.0,204,49.138155
179.0,179,49.171213
186.0,186,49.20508
196.0,196,49.240972
207.0,207,49.279195
188.0,188,49.313473
210.0,210,49.411949
261.0,261,49.460545
166.0,166,49.491064
203.0,203,49.528496
201.0,201,49.565409
161.0,161,49.595367
186.0,186,49.62948
189.0,189,49.664084
166.0,166,49.694598
195.0,195,49.730459
172.0,172,49.761783
185.0,185,49.857189
212.0,212,49.896517
186.0,186,49.930439
186.0,186,49.964818
235.0,235,50.008539
164.0,164,50.038476
190.0,190,50.073009
166.0,166,50.103354
161.0,161,50.133026
224.0,224,50.174098
224.0,224,50.277834
175.0,175,50.31096
186.0,186,50.344899
213.0,213,50.383913
164.0,164,50.413918
178.0,178,50.44719
202.0,202,50.483982
181.0,181,50.517668
179.0,179,50.550216
173.0,173,50.582629
178.0,178,50.615262
179.0,179,50.706913
177.0,177,50.739887
222.0,222,50.781426
203.0,203,50.818487
178.0,178,50.851391
169.0,169,50.882433
194.0,194,50.918335
222.0,222,50.958989
162.0,162,50.989037
221.0,221,51.029443
174.0,174,51.117798
195.0,195,51.157361
174.0,174,51.193157
178.0,178,51.229388
186.0,186,51.268976
212.0,212,51.313197
202.0,202,51.354141
227.0,227,51.401874
180.0,180,51.451132
182.0,182,51.51222
176.0,176,51.551433
266.0,266,51.687168
176.0,176,51.725647
176.0,176,51.763378
266.0,266,51.818128
295.0,295,51.873716
203.0,203,51.911615
183.0,183,51.945483
199.0,199,51.98215
178.0,178,52.015296
172.0,172,52.105041
187.0,187,52.139905
164.0,164,52.170273
197.0,197,52.206669
313.0,313,52.264727
205.0,205,52.302474
182.0,182,52.335962
181.0,181,52.368972
192.0,192,52.40448
173.0,173,52.436031
197.0,197,52.530187
188.0,188,52.565554
194.0,194,52.601404
209.0,209,52.639886
182.0,182,52.673511
190.0,190,52.70826
190.0,190,52.743388
184.0,184,52.777198
174.0,174,52.808622
226.0,226,52.850206
194.0,194,52.948903
168.0,168,52.981062
201.0,201,53.018371
190.0,190,53.05303
199.0,199,53.089436
170.0,170,53.120302
163.0,163,53.150031
172.0,172,53.181442
396.0,396,53.254282
178.0,178,53.287336
199.0,199,53.382517
180.0,180,53.416327
209.0,209,53.455188
177.0,177,53.487561
205.0,205,53.525387
177.0,177,53.557866
196.0,196,53.593512
216.0,216,53.63291
232.0,232,53.675504
180.0,180,53.708573
176.0,176,53.741064
220.0,220,53.850337
171.0,171,53.882106
166.0,166,53.912616
199.0,199,53.948653
175.0,175,53.980857
259.0,259,54.028358
251.0,251,54.074408
199.0,199,54.110714
200.0,200,54.147065
172.0,172,54.239968
166.0,166,54.272329
181.0,181,54.305619
217.0,217,54.347481
203.0,203,54.385932
224.0,224,54.427565
167.0,167,54.458221
179.0,179,54.49121
182.0,182,54.524124
171.0,171,54.555522
178.0,178,54.588057
194.0,194,54.691286
183.0,183,54.725915
176.0,176,54.75873
179.0,179,54.791324
173.0,173,54.823719
172.0,172,54.855624
162.0,162,54.88527
188.0,188,54.920089
177.0,177,54.952765
181.0,181,54.986299
170.0,170,55.017657
156.0,156,55.046376
170.0,170,55.135524
163.0,163,55.165524
183.0,183,55.199234
156.0,156,55.228222
177.0,177,55.261145
156.0,156,55.290377
170.0,170,55.321879
167.0,167,55.352947
166.0,166,55.383752
174.0,174,55.417346
192.0,192,55.452787
173.0,173,55.536975
201.0,201,55.575822
164.0,164,55.606073
202.0,202,55.643996
198.0,198,55.68058
153.0,153,55.708793
175.0,175,55.74121
166.0,166,55.772183
174.0,174,55.80418
177.0,177,55.836741
205.0,205,55.875039
167.0,167,55.958239
180.0,180,55.992987
178.0,178,56.026114
166.0,166,56.056443
165.0,165,56.087196
177.0,177,56.119736
169.0,169,56.151047
166.0,166,56.181792
189.0,189,56.21641
189.0,189,56.251259
179.0,179,56.284826
167.0,167,56.315872
155.0,155,56.395218
177.0,177,56.42883
175.0,175,56.460936
160.0,160,56.490526
180.0,180,56.523943
189.0,189,56.559372
172.0,172,56.590922
165.0,165,56.621355
166.0,166,56.651688
159.0,159,56.681024
166.0,166,56.711875
159.0,159,56.740866
179.0,179,56.83786
183.0,183,56.874837
169.0,169,56.909395
167.0,167,56.962222
170.0,170,57.00972
158.0,158,57.043467
163.0,163,57.078238
180.0,180,57.116968
190.0,190,57.157893
159.0,159,57.193937
158.0,158,57.229937
153.0,153,57.278698
166.0,166,57.377428
168.0,168,57.415612
165.0,165,57.455334
160.0,160,57.491175
164.0,164,57.528345
191.0,191,57.565446
162.0,162,57.595999
162.0,162,57.626166
161.0,161,57.656158
167.0,167,57.687299
162.0,162,57.717637
198.0,198,57.80631
152.0,152,57.836152
174.0,174,57.868837
156.0,156,57.897701
188.0,188,57.932211
156.0,156,57.96106
163.0,163,57.991233
164.0,164,58.021383
166.0,166,58.052225
164.0,164,58.082129
161.0,161,58.11167
167.0,167,58.142259
187.0,187,58.231164
162.0,162,58.262166
167.0,167,58.293471
163.0,163,58.323664
165.0,165,58.353903
176.0,176,58.386279
171.0,171,58.418145
179.0,179,58.450576
178.0,178,58.483356
182.0,182,58.51658
161.0,161,58.546648
161.0,161,58.576132
168.0,168,58.660957
151.0,151,58.689519
166.0,166,58.720171
164.0,164,58.750537
168.0,168,58.781465
203.0,203,58.819236
165.0,165,58.849607
160.0,160,58.879148
166.0,166,58.91003
151.0,151,58.937494
150.0,150,58.965544
164.0,164,58.996169
167.0,167,59.081378
163.0,163,59.112361
164.0,164,59.142895
170.0,170,59.174072
154.0,154,59.202478
167.0,167,59.233379
161.0,161,59.262833
156.0,156,59.291793
192.0,192,59.326384
215.0,215,59.368331
160.0,160,59.397745
171.0,171,59.429307
177.0,177,59.517821
177.0,177,59.550792
158.0,158,59.580292
177.0,177,59.612999
173.0,173,59.644569
171.0,171,59.676003
208.0,208,59.714031
147.0,147,59.741071
176.0,176,59.773386
172.0,172,59.80507
182.0,182,59.837849
187.0,187,59.872357
167.0,167,59.961
160.0,160,59.990844
179.0,179,60.023854
184.0,184,60.057495
187.0,187,60.091604
182.0,182,60.125176
189.0,189,60.15978
174.0,174,60.191959
173.0,173,60.22327
186.0,186,60.257161
166.0,166,60.287567
178.0,178,60.37521
171.0,171,60.407341
157.0,157,60.436346
169.0,169,60.467606
166.0,166,60.497746
170.0,170,60.529285
180.0,180,60.562445
187.0,187,60.59654
184.0,184,60.630359
177.0,177,60.662797
171.0,171,60.693638
184.0,184,60.786792
199.0,199,60.82502
178.0,178,60.858267
183.0,183,60.891654
215.0,215,60.931112
172.0,172,60.962896
176.0,176,60.995007
199.0,199,61.031853
167.0,167,61.062319
171.0,171,61.093365
170.0,170,61.12487
164.0,164,61.218468
225.0,225,61.260629
214.0,214,61.300867
183.0,183,61.334239
195.0,195,61.370266
179.0,179,61.403589
200.0,200,61.441169
193.0,193,61.476398
204.0,204,61.513782
170.0,170,61.54532
234.0,234,61.648518
189.0,189,61.68708
191.0,191,61.727225
168.0,168,61.761054
213.0,213,61.803986
165.0,165,61.849968
174.0,174,61.901902
181.0,181,61.94006
187.0,187,61.980169
177.0,177,62.018261
157.0,157,62.053012
179.0,179,62.163468
201.0,201,62.210378
217.0,217,62.258164
204.0,204,62.319926
192.0,192,62.363678
199.0,199,62.401034
190.0,190,62.43606
169.0,169,62.467326
173.0,173,62.499749
172.0,172,62.531652
185.0,185,62.565717
200.0,200,62.656783
164.0,164,62.687382
178.0,178,62.720113
186.0,186,62.754577
161.0,161,62.783939
181.0,181,62.817443
185.0,185,62.851763
176.0,176,62.884158
180.0,180,62.916987
186.0,186,62.951534
179.0,179,62.984431
172.0,172,63.077164
212.0,212,63.116988
184.0,184,63.151901
180.0,180,63.185217
179.0,179,63.218334
200.0,200,63.25527
157.0,157,63.285418
183.0,183,63.319342
159.0,159,63.348189
158.0,158,63.377168
172.0,172,63.410625
177.0,177,63.513974
239.0,239,63.568582
229.0,229,63.618142
273.0,273,63.677061
172.0,172,63.714741
179.0,179,63.755994
204.0,204,63.81054
213.0,213,63.876535
183.0,183,63.918582
196.0,196,63.961818
163.0,163,64.071493
266.0,266,64.133726
188.0,188,64.179005
193.0,193,64.223159
193.0,193,64.26239
189.0,189,64.297598
209.0,209,64.336461
176.0,176,64.371462
197.0,197,64.408516
182.0,182,64.441898
197.0,197,64.540102
183.0,183,64.57479
244.0,244,64.619843
178.0,178,64.652536
196.0,196,64.688191
232.0,232,64.730941
217.0,217,64.770748
178.0,178,64.802969
232.0,232,64.845327
181.0,181,64.878861
184.0,184,64.974091
205.0,205,65.012293
197.0,197,65.04859
199.0,199,65.085513
171.0,171,65.117037
181.0,181,65.150377
203.0,203,65.187787
202.0,202,65.224788
178.0,178,65.257911
172.0,172,65.289486
205.0,205,65.388706
202.0,202,65.427655
189.0,189,65.462825
188.0,188,65.4975
247.0,247,65.542564
173.0,173,65.574596
168.0,168,65.605677
174.0,174,65.637564
201.0,201,65.674268
181.0,181,65.707879
181.0,181,65.740934
303.0,303,65.863247
201.0,201,65.900498
185.0,185,65.934421
213.0,213,65.974194
183.0,183,66.007931
191.0,191,66.043078
189.0,189,66.077591
183.0,183,66.111168
180.0,180,66.144299
183.0,183,66.17793
174.0,174,66.27747
253.0,253,66.324377
242.0,242,66.369104
225.0,225,66.40997
240.0,240,66.453925
257.0,257,66.500913
203.0,203,66.538311
203.0,203,66.575662
208.0,208,66.613675
192.0,192,66.714427
270.0,270,66.764079
182.0,182,66.797509
202.0,202,66.835116
187.0,187,66.869477
166.0,166,66.900535
196.0,196,66.936531
204.0,204,66.973958
169.0,169,67.004471
190.0,190,67.039188
198.0,198,67.1321
203.0,203,67.170655
184.0,184,67.204736
212.0,212,67.244516
226.0,226,67.28599
184.0,184,67.320301
190.0,190,67.355616
171.0,171,67.38652
203.0,203,67.423855
187.0,187,67.458265
186.0,186,67.55123
278.0,278,67.606944
230.0,230,67.652776
181.0,181,67.691563
194.0,194,67.748373
183.0,183,67.797237
210.0,210,67.839653
168.0,168,67.874029
249.0,249,67.928694
184.0,184,67.969207
193.0,193,68.075177
367.0,367,68.189398
203.0,203,68.240664
194.0,194,68.284858
235.0,235,68.339401
185.0,185,68.375059
183.0,183,68.409457
224.0,224,68.451232
212.0,212,68.490497
231.0,231,68.593004
179.0,179,68.626302
202.0,202,68.663955
205.0,205,68.701573
226.0,226,68.743167
343.0,343,68.806343
376.0,376,68.875367
275.0,275,68.925793
232.0,232,69.025011
171.0,171,69.057024
220.0,220,69.097452
221.0,221,69.138152
167.0,167,69.16903
196.0,196,69.204851
204.0,204,69.242198
223.0,223,69.282519
214.0,214,69.321509
176.0,176,69.355503
235.0,235,69.461153
208.0,208,69.499477
184.0,184,69.533246
204.0,204,69.570783
189.0,189,69.605569
186.0,186,69.63961
200.0,200,69.67612
231.0,231,69.718915
233.0,233,69.762012
197.0,197,69.866118
223.0,223,69.908027
180.0,180,69.941487
185.0,185,70.004303
183.0,183,70.045502
193.0,193,70.08519
177.0,177,70.120145
186.0,186,70.158068
183.0,183,70.195436
212.0,212,70.253397
212.0,212,70.317958
216.0,216,70.434627
182.0,182,70.473359
196.0,196,70.516407
246.0,246,70.570946
209.0,209,70.61642
241.0,241,70.677882
261.0,261,70.749225
231.0,231,70.792506
189.0,189,70.827712
278.0,278,70.976351
259.0,259,71.024586
212.0,212,71.064009
188.0,188,71.098583
202.0,202,71.136289
230.0,230,71.178123
202.0,202,71.215422
233.0,233,71.258015
230.0,230,71.300157
297.0,297,71.424964
86.0,86,71.440695
293.0,293,71.494884
202.0,202,71.53213
175.0,175,71.564676
223.0,223,71.605524
216.0,216,71.645496
217.0,217,71.685675
292.0,292,71.739088
196.0,196,71.849295
250.0,250,71.895744
208.0,208,71.93408
248.0,248,71.979992
226.0,226,72.021918
208.0,208,72.060339
223.0,223,72.100859
302.0,302,72.156462
76.0,76,72.170497
193.0,193,72.27434
256.0,256,72.321893
223.0,223,72.363156
302.0,302,72.417934
173.0,173,72.450166
209.0,209,72.488527
228.0,228,72.530204
285.0,285,72.582073
227.0,227,72.623759
186.0,186,72.722953
371.0,371,72.791844
247.0,247,72.837243
200.0,200,72.874153
273.0,273,72.924219
253.0,253,72.97052
205.0,205,73.008483
178.0,178,73.040741
175.0,175,73.152408
293.0,293,73.206448
254.0,254,73.253453
234.0,234,73.296389
229.0,229,73.338308
317.0,317,73.396504
240.0,240,73.440828
278.0,278,73.491732
394.0,394,73.644338
244.0,244,73.68961
194.0,194,73.724805
342.0,342,73.788174
489.0,489,73.878098
259.0,259,73.925717
261.0,261,74.05672
234.0,234,74.106094
226.0,226,74.15341
270.0,270,74.209527
208.0,208,74.252384
410.0,410,74.358257
153.0,153,74.409103
358.0,358,74.48896
293.0,293,74.649301
329.0,329,74.720706
199.0,199,74.758282
243.0,243,74.803723
212.0,212,74.843261
181.0,181,74.876464
258.0,258,74.923885
267.0,267,74.973418
232.0,232,75.102579
258.0,258,75.150644
185.0,185,75.185041
258.0,258,75.23241
256.0,256,75.279935
197.0,197,75.316484
174.0,174,75.348388
207.0,207,75.386501
181.0,181,75.419485
196.0,196,75.520112
172.0,172,75.552444
235.0,235,75.596008
306.0,306,75.651839
238.0,238,75.695998
194.0,194,75.731433
355.0,355,75.796475
182.0,182,75.830226
252.0,252,75.953439
198.0,198,75.991035
225.0,225,76.032316
194.0,194,76.068337
213.0,213,76.107406
157.0,157,76.136276
167.0,167,76.166905
213.0,213,76.205917
212.0,212,76.244992
198.0,198,76.281345
199.0,199,76.406429
245.0,245,76.452816
209.0,209,76.4909
202.0,202,76.528278
214.0,214,76.567572
250.0,250,76.613622
165.0,165,76.643834
217.0,217,76.683403
200.0,200,76.719998
335.0,335,76.851398
212.0,212,76.891307
222.0,222,76.931976
203.0,203,76.969366
160.0,160,76.9989
209.0,209,77.037317
203.0,203,77.075061
256.0,256,77.122101
180.0,180,77.154714
262.0,262,77.203091
190.0,190,77.311467
180.0,180,77.345292
157.0,157,77.37411
200.0,200,77.410916
184.0,184,77.445008
169.0,169,77.476625
163.0,163,77.50604
174.0,174,77.538337
205.0,205,77.576228
294.0,294,77.630798
142.0,142,77.713771
204.0,204,77.752914
189.0,189,77.788065
186.0,186,77.822737
174.0,174,77.854496
147.0,147,77.881879
160.0,160,77.911425
228.0,228,77.953374
175.0,175,77.985687
155.0,155,78.014396
176.0,176,78.04693
178.0,178,78.079514
180.0,180,78.167199
178.0,178,78.201061
162.0,162,78.230945
173.0,173,78.262852
163.0,163,78.29442
173.0,173,78.326347
177.0,177,78.359351
191.0,191,78.394348
164.0,164,78.424518
224.0,224,78.465717
219.0,219,78.505938
206.0,206,78.626137
218.0,218,78.670877
165.0,165,78.715554
204.0,204,78.776985
173.0,173,78.812148
243.0,243,78.862412
159.0,159,78.897367
173.0,173,78.93347
159.0,159,78.968689
177.0,177,79.008032
192.0,192,79.114352
55.0,55,79.139193
186.0,186,79.198872
154.0,154,79.239173
181.0,181,79.278903
175.0,175,79.317176
186.0,186,79.353439
163.0,163,79.386281
160.0,160,79.416483
234.0,234,79.460348
165.0,165,79.490729
185.0,185,79.524745
159.0,159,79.623161
174.0,174,79.656085
159.0,159,79.685553
156.0,156,79.714545
161.0,161,79.745034
200.0,200,79.782241
161.0,161,79.812053
174.0,174,79.844214
271.0,271,79.894698
160.0,160,79.924272
172.0,172,79.955924
181.0,181,80.042524
188.0,188,80.078394
178.0,178,80.111537
167.0,167,80.142436
186.0,186,80.176395
166.0,166,80.207365
174.0,174,80.239315
156.0,156,80.268021
162.0,162,80.298105
184.0,184,80.332063
175.0,175,80.36399
182.0,182,80.39914
154.0,154,80.485408
175.0,175,80.518179
152.0,152,80.546657
162.0,162,80.576884
143.0,143,80.603095
172.0,172,80.635025
173.0,173,80.667464
159.0,159,80.69668
180.0,180,80.729698
168.0,168,80.761171
179.0,179,80.794217
189.0,189,80.829394
163.0,163,80.912684
174.0,174,80.947477
149.0,149,80.977002
154.0,154,81.008728
176.0,176,81.044302
137.0,137,81.073273
177.0,177,81.109832
163.0,163,81.143929
181.0,181,81.181267
164.0,164,81.224819
155.0,155,81.27758
162.0,162,81.314278
48.0,48,81.324873
164.0,164,81.419078
161.0,161,81.45352
188.0,188,81.495419
230.0,230,81.544176
168.0,168,81.581447
176.0,176,81.62046
158.0,158,81.65013
184.0,184,81.684756
182.0,182,81.718946
157.0,157,81.748221
144.0,144,81.774847
170.0,170,81.859901
143.0,143,81.887044
160.0,160,81.917123
207.0,207,81.955478
170.0,170,81.986899
173.0,173,82.018877
167.0,167,82.050027
174.0,174,82.08177
160.0,160,82.111427
144.0,144,82.13798
161.0,161,82.167776
147.0,147,82.194718
162.0,162,82.277569
153.0,153,82.30686
165.0,165,82.337863
201.0,201,82.375056
155.0,155,82.403997
173.0,173,82.436061
172.0,172,82.467964
139.0,139,82.493753
160.0,160,82.522806
148.0,148,82.549904
163.0,163,82.580123
150.0,150,82.607575
173.0,173,82.639511
148.0,148,82.717124
157.0,157,82.746545
197.0,197,82.782829
171.0,171,82.814811
184.0,184,82.848556
166.0,166,82.879125
166.0,166,82.909954
158.0,158,82.938913
154.0,154,82.967368
150.0,150,82.994796
156.0,156,83.023635
153.0,153,83.051963
144.0,144,83.130071
160.0,160,83.160082
155.0,155,83.188459
152.0,152,83.216459
151.0,151,83.24472
156.0,156,83.273781
156.0,156,83.30267
162.0,162,83.332981
163.0,163,83.362342
160.0,160,83.391896
159.0,159,83.421021
155.0,155,83.44952
143.0,143,83.475704
172.0,172,83.555131
151.0,151,83.583362
160.0,160,83.613092
154.0,154,83.641948
160.0,160,83.671411
159.0,159,83.701015
160.0,160,83.73057
137.0,137,83.755789
148.0,148,83.782984
147.0,147,83.810012
153.0,153,83.838156
140.0,140,83.864639
217.0,217,83.904283
144.0,144,83.981932
151.0,151,84.010245
160.0,160,84.03993
155.0,155,84.06878
147.0,147,84.095606
152.0,152,84.123472
132.0,132,84.147589
165.0,165,84.17814
143.0,143,84.2043
145.0,145,84.231456
146.0,146,84.258218
142.0,142,84.284582
147.0,147,84.313265
139.0,139,84.39064
144.0,144,84.433573
153.0,153,84.481386
140.0,140,84.51008
142.0,142,84.538781
146.0,146,84.567184
137.0,137,84.596013
130.0,130,84.623946
136.0,136,84.653075
146.0,146,84.684716
152.0,152,84.718079
137.0,137,84.748456
139.0,139,84.778009
156.0,156,84.819981
143.0,143,84.914821
146.0,146,84.950307
141.0,141,84.982914
152.0,152,85.01796
144.0,144,85.04988
138.0,138,85.076419
149.0,149,85.104461
163.0,163,85.135086
147.0,147,85.162178
162.0,162,85.192073
135.0,135,85.217343
130.0,130,85.241127
11.0,11,85.243215
143.0,143,85.269617
141.0,141,85.29569
146.0,146,85.366508
151.0,151,85.394898
141.0,141,85.420951
150.0,150,85.448974
141.0,141,85.474936
131.0,131,85.499344
131.0,131,85.523903
171.0,171,85.555127
152.0,152,85.583178
159.0,159,85.612577
145.0,145,85.639157
138.0,138,85.664675
143.0,143,85.691146
146.0,146,85.762663
149.0,149,85.791328
151.0,151,85.819923
139.0,139,85.845995
152.0,152,85.874164
141.0,141,85.900402
138.0,138,85.926151
165.0,165,85.956477
146.0,146,85.983081
172.0,172,86.01481
136.0,136,86.039922
141.0,141,86.066373
162.0,162,86.096139
143.0,143,86.122644
142.0,142,86.192273
125.0,125,86.216091
151.0,151,86.243644
145.0,145,86.271027
153.0,153,86.299296
137.0,137,86.324653
136.0,136,86.349949
138.0,138,86.375561
135.0,135,86.400274
138.0,138,86.426108
136.0,136,86.450973
134.0,134,86.475413
144.0,144,86.502212
126.0,126,86.525753
149.0,149,86.596721
122.0,122,86.620473
139.0,139,86.646033
146.0,146,86.673462
135.0,135,86.698706
134.0,134,86.72318
147.0,147,86.750549
134.0,134,86.775158
133.0,133,86.799989
130.0,130,86.823741
131.0,131,86.847904
140.0,140,86.873899
132.0,132,86.898501
136.0,136,86.923458
135.0,135,86.948456
121.0,121,87.011037
131.0,131,87.035718
119.0,119,87.057544
140.0,140,87.083659
142.0,142,87.111248
133.0,133,87.135911
128.0,128,87.15944
134.0,134,87.184532
130.0,130,87.208324
121.0,121,87.230527
130.0,130,87.254581
137.0,137,87.279663
133.0,133,87.304044
134.0,134,87.32908
138.0,138,87.354201
139.0,139,87.422976
134.0,134,87.449151
145.0,145,87.475933
138.0,138,87.501029
122.0,122,87.523831
141.0,141,87.549762
137.0,137,87.574848
134.0,134,87.599988
137.0,137,87.625147
131.0,131,87.649358
140.0,140,87.675003
136.0,136,87.700271
139.0,139,87.726092
123.0,123,87.748369
138.0,138,87.773917
144.0,144,87.842472
126.0,126,87.865766
133.0,133,87.890746
142.0,142,87.916681
125.0,125,87.9397
142.0,142,87.965948
137.0,137,87.991135
128.0,128,88.014801
131.0,131,88.039138
128.0,128,88.062419
133.0,133,88.086949
141.0,141,88.112668
143.0,143,88.139266
129.0,129,88.162892
141.0,141,88.188946
131.0,131,88.257697
136.0,136,88.283575
140.0,140,88.30964
132.0,132,88.333982
138.0,138,88.359637
130.0,130,88.383435
132.0,132,88.407499
130.0,130,88.432166
131.0,131,88.456267
126.0,126,88.479059
136.0,136,88.504124
134.0,134,88.528995
128.0,128,88.552471
129.0,129,88.57607
129.0,129,88.599612
129.0,129,88.667047
134.0,134,88.692702
128.0,128,88.716317
125.0,125,88.739477
137.0,137,88.764815
135.0,135,88.789811
131.0,131,88.814063
147.0,147,88.841207
136.0,136,88.866137
129.0,129,88.889723
124.0,124,88.912412
136.0,136,88.937276
139.0,139,88.962909
125.0,125,88.985714
128.0,128,89.009168
120.0,120,89.072621
134.0,134,89.09844
124.0,124,89.121476
137.0,137,89.147195
128.0,128,89.170846
122.0,122,89.193012
131.0,131,89.217344
133.0,133,89.241892
131.0,131,89.26602
132.0,132,89.290344
132.0,132,89.31428
129.0,129,89.338052
127.0,127,89.363089
125.0,125,89.387776
133.0,133,89.412475
128.0,128,89.436153
127.0,127,89.505
137.0,137,89.532739
128.0,128,89.560101
136.0,136,89.587775
130.0,130,89.61446
132.0,132,89.642626
138.0,138,89.670071
121.0,121,89.695254
135.0,135,89.749927
126.0,126,89.784471
122.0,122,89.810689
132.0,132,89.839133
131.0,131,89.867401
130.0,130,89.896211
143.0,143,89.925043
133.0,133,90.002737
123.0,123,90.030078
141.0,141,90.061337
119.0,119,90.087173
132.0,132,90.14914
128.0,128,90.189515
130.0,130,90.222428
133.0,133,90.247659
126.0,126,90.271617
132.0,132,90.296282
127.0,127,90.31965
126.0,126,90.343514
127.0,127,90.367356
128.0,128,90.391315
137.0,137,90.416573
127.0,127,90.480418
129.0,129,90.505383
132.0,132,90.52971
126.0,126,90.552961
139.0,139,90.578749
131.0,131,90.602937
130.0,130,90.626697
125.0,125,90.650082
130.0,130,90.673706
126.0,126,90.697121
125.0,125,90.719915
132.0,132,90.743848
128.0,128,90.767302
128.0,128,90.790547
129.0,129,90.81409
125.0,125,90.836931
136.0,136,90.905414
129.0,129,90.930138
132.0,132,90.954517
123.0,123,90.977
123.0,123,90.999816
127.0,127,91.023265
133.0,133,91.047673
126.0,126,91.071032
129.0,129,91.0946
127.0,127,91.117879
123.0,123,91.140232
134.0,134,91.165117
133.0,133,91.189428
121.0,121,91.211577
125.0,125,91.234757
125.0,125,91.297723
136.0,136,91.324776
123.0,123,91.348266
19.0,19,91.351422
129.0,129,91.375474
135.0,135,91.400276
129.0,129,91.424552
133.0,133,91.449415
133.0,133,91.473923
121.0,121,91.496189
133.0,133,91.520939
133.0,133,91.545497
133.0,133,91.569921
138.0,138,91.595519
127.0,127,91.618538
14.0,14,91.621241
132.0,132,91.645751
125.0,125,91.668946
130.0,130,91.733215
133.0,133,91.758107
126.0,126,91.781376
128.0,128,91.806814
124.0,124,91.831348
126.0,126,91.857722
137.0,137,91.88591
129.0,129,91.912229
131.0,131,91.938615
130.0,130,91.966027
130.0,130,91.991555
140.0,140,92.02038
119.0,119,92.044976
124.0,124,92.070493
126.0,126,92.097726
130.0,130,92.182504
137.0,137,92.221786
122.0,122,92.24796
16.0,16,92.251344
19.0,19,92.255167
127.0,127,92.282372
17.0,17,92.286022
131.0,131,92.315114
121.0,121,92.341643
123.0,123,92.36856
131.0,131,92.397554
124.0,124,92.425654
14.0,14,92.429361
124.0,124,92.458095
135.0,135,92.488376
127.0,127,92.51411
18.0,18,92.517316
124.0,124,92.540142
124.0,124,92.563065
130.0,130,92.587392
122.0,122,92.650335
27.0,27,92.655381
133.0,133,92.680405
125.0,125,92.704333
128.0,128,92.728036
124.0,124,92.750945
127.0,127,92.774002
129.0,129,92.798153
128.0,128,92.822005
123.0,123,92.844194
121.0,121,92.866831
122.0,122,92.889106
127.0,127,92.912702
126.0,126,92.935498
125.0,125,92.958956
122.0,122,92.981252
127.0,127,93.004803
123.0,123,93.069411
129.0,129,93.093441
123.0,123,93.116377
123.0,123,93.138772
127.0,127,93.162555
22.0,22,93.166786
129.0,129,93.190428
129.0,129,93.214111
127.0,127,93.237824
136.0,136,93.262946
132.0,132,93.287271
130.0,130,93.310962
123.0,123,93.333433
129.0,129,93.357091
137.0,137,93.382537
127.0,127,93.405533
122.0,122,93.468543
129.0,129,93.493323
120.0,120,93.515709
119.0,119,93.537828
127.0,127,93.561297
130.0,130,93.585085
124.0,124,93.608234
127.0,127,93.631714
117.0,117,93.653082
128.0,128,93.67663
122.0,122,93.699263
131.0,131,93.722784
122.0,122,93.745449
132.0,132,93.769633
128.0,128,93.793088
128.0,128,93.816723
125.0,125,93.88117
120.0,120,93.904148
123.0,123,93.927044
130.0,130,93.95075
130.0,130,93.975134
129.0,129,93.998713
122.0,122,94.021493
129.0,129,94.045225
132.0,132,94.069435
127.0,127,94.092797
135.0,135,94.117265
129.0,129,94.141215
130.0,130,94.164953
127.0,127,94.188599
133.0,133,94.213028
130.0,130,94.236932
127.0,127,94.30112
122.0,122,94.32406
124.0,124,94.347202
128.0,128,94.372769
121.0,121,94.396189
127.0,127,94.42001
114.0,114,94.441078
129.0,129,94.465357
19.0,19,94.468592
128.0,128,94.492271
120.0,120,94.514383
118.0,118,94.53639
122.0,122,94.558751
126.0,126,94.582097
127.0,127,94.605973
128.0,128,94.629632
120.0,120,94.65178
123.0,123,94.717605
123.0,123,94.743416
128.0,128,94.770503
133.0,133,94.796666
135.0,135,94.82701
21.0,21,94.83513
131.0,131,94.880299
130.0,130,94.910902
126.0,126,94.935741
126.0,126,94.962442
127.0,127,94.987544
20.0,20,94.992106
124.0,124,95.019064
126.0,126,95.047251
136.0,136,95.077826
123.0,123,95.104244
119.0,119,95.129775
125.0,125,95.202899
131.0,131,95.230976
132.0,132,95.267811
126.0,126,95.301707
132.0,132,95.340272
124.0,124,95.370375
121.0,121,95.397847
117.0,117,95.423878
120.0,120,95.449715
131.0,131,95.474508
124.0,124,95.497848
124.0,124,95.520927
129.0,129,95.544779
18.0,18,95.548376
129.0,129,95.572165
124.0,124,95.595288
119.0,119,95.617423
127.0,127,95.680799
118.0,118,95.703035
18.0,18,95.706639
21.0,21,95.710474
120.0,120,95.73277
127.0,127,95.756242
120.0,120,95.778581
123.0,123,95.800995
124.0,124,95.823884
121.0,121,95.84639
124.0,124,95.869526
19.0,19,95.872696
119.0,119,95.89482
125.0,125,95.917817
127.0,127,95.941408
128.0,128,95.964836
115.0,115,95.986304
117.0,117,96.007926
123.0,123,96.030688
128.0,128,96.094916
128.0,128,96.119165
20.0,20,96.122851
129.0,129,96.146685
126.0,126,96.170263
123.0,123,96.192728
123.0,123,96.215353
135.0,135,96.240356
116.0,116,96.262178
122.0,122,96.284135
130.0,130,96.308372
131.0,131,96.33254
18.0,18,96.335622
117.0,117,96.356836
124.0,124,96.37963
131.0,131,96.404059
129.0,129,96.42768
127.0,127,96.4901
128.0,128,96.515433
129.0,129,96.539017
125.0,125,96.562482
21.0,21,96.566266
115.0,115,96.587752
119.0,119,96.609112
115.0,115,96.630532
122.0,122,96.653317
130.0,130,96.677234
120.0,120,96.699314
127.0,127,96.722835
119.0,119,96.744853
131.0,131,96.768723
123.0,123,96.791116
125.0,125,96.814036
129.0,129,96.838006
120.0,120,96.897916
120.0,120,96.921487
126.0,126,96.944957
121.0,121,96.967627
125.0,125,96.99096
122.0,122,97.013346
19.0,19,97.017012
122.0,122,97.039167
119.0,119,97.061325
121.0,121,97.083586
126.0,126,97.107208
124.0,124,97.130138
127.0,127,97.153255
125.0,125,97.176154
121.0,121,97.198467
131.0,131,97.222601
119.0,119,97.244376
21.0,21,97.248187
119.0,119,97.309898
123.0,123,97.333336
119.0,119,97.355697
128.0,128,97.379651
123.0,123,97.402452
126.0,126,97.425508
123.0,123,97.448315
128.0,128,97.471886
118.0,118,97.494022
114.0,114,97.514762
121.0,121,97.536821
121.0,121,97.559406
19.0,19,97.562589
121.0,121,97.585265
123.0,123,97.607842
120.0,120,97.62993
118.0,118,97.651951
123.0,123,97.674517
128.0,128,97.73922
126.0,126,97.762542
125.0,125,97.785762
134.0,134,97.810626
123.0,123,97.833771
128.0,128,97.85731
128.0,128,97.88087
119.0,119,97.902364
20.0,20,97.906074
125.0,125,97.929233
130.0,130,97.953057
118.0,118,97.975032
16.0,16,97.97795
126.0,126,98.001072
18.0,18,98.004719
120.0,120,98.026974
134.0,134,98.051283
129.0,129,98.074922
118.0,118,98.13683
123.0,123,98.160025
125.0,125,98.183709
123.0,123,98.206441
129.0,129,98.230332
132.0,132,98.254581
130.0,130,98.278369
125.0,125,98.301931
130.0,130,98.32582
124.0,124,98.348585
120.0,120,98.370685
129.0,129,98.394401
123.0,123,98.417164
18.0,18,98.420728
21.0,21,98.424529
21.0,21,98.428332
125.0,125,98.451029
124.0,124,98.473834
132.0,132,98.538308
135.0,135,98.56498
119.0,119,98.587207
129.0,129,98.611059
126.0,126,98.634538
128.0,128,98.658092
121.0,121,98.680142
131.0,131,98.704322
130.0,130,98.728139
21.0,21,98.731919
131.0,131,98.75631
125.0,125,98.779206
120.0,120,98.801197
133.0,133,98.826237
122.0,122,98.848542
130.0,130,98.872447
127.0,127,98.89544
133.0,133,98.964354
121.0,121,98.987042
120.0,120,99.009645
125.0,125,99.032706
127.0,127,99.055962
119.0,119,99.078292
16.0,16,99.081234
121.0,121,99.103165
122.0,122,99.125218
119.0,119,99.14748
12.0,12,99.149677
126.0,126,99.173291
123.0,123,99.195397
124.0,124,99.21825
124.0,124,99.241031
128.0,128,99.264924
127.0,127,99.288476
117.0,117,99.309871
126.0,126,99.376829
123.0,123,99.401847
21.0,21,99.405766
19.0,19,99.409611
122.0,122,99.432491
18.0,18,99.436114
126.0,126,99.459103
132.0,132,99.483819
122.0,122,99.506873
126.0,126,99.530989
19.0,19,99.534783
126.0,126,99.55941
121.0,121,99.583685
117.0,117,99.606073
20.0,20,99.609994
126.0,126,99.633865
18.0,18,99.637621
122.0,122,99.660225
21.0,21,99.664504
123.0,123,99.686855
123.0,123,99.709836
119.0,119,99.732096
130.0,130,99.782966
21.0,21,99.787475
16.0,16,99.790532
125.0,125,99.815092
120.0,120,99.838241
121.0,121,99.865018
20.0,20,99.86993
134.0,134,99.898894
119.0,119,99.925399
121.0,121,99.954637
17.0,17,99.958598
118.0,118,99.983559
122.0,122,100.010882
123.0,123,100.036667
18.0,18,100.040257
116.0,116,100.065637
123.0,123,100.092979
19.0,19,100.09737
130.0,130,100.126128
117.0,117,100.165549
20.0,20,100.17169
24.0,24,100.180514
134.0,134,100.223016
121.0,121,100.286731
17.0,17,100.290156
19.0,19,100.295114
117.0,117,100.319846
20.0,20,100.323915
25.0,25,100.329846
118.0,118,100.355619
120.0,120,100.382669
125.0,125,100.409632
124.0,124,100.437363
128.0,128,100.464757
121.0,121,100.491793
20.0,20,100.496502
125.0,125,100.524504
16.0,16,100.528316
125.0,125,100.556154
117.0,117,100.580549
15.0,15,100.583621
125.0,125,100.608246
118.0,118,100.631971
123.0,123,100.656595
136.0,136,100.68326
16.0,16,100.686495
131.0,131,100.725793
22.0,22,100.73075
21.0,21,100.734735
117.0,117,100.757626
16.0,16,100.760876
121.0,121,100.78498
119.0,119,100.807869
15.0,15,100.811365
19.0,19,100.815242
18.0,18,100.818431
22.0,22,100.82296
24.0,24,100.827852
125.0,125,100.852208
20.0,20,100.856131
16.0,16,100.859269
129.0,129,100.884246
128.0,128,100.909206
15.0,15,100.912474
17.0,17,100.915709
120.0,120,100.938236
131.0,131,100.962864
119.0,119,100.985379
19.0,19,100.989082
20.0,20,100.992821
118.0,118,101.014359
126.0,126,101.038317
24.0,24,101.042858
119.0,119,101.064835
20.0,20,101.068552
19.0,19,101.072288
124.0,124,101.095681
126.0,126,101.15502
125.0,125,101.178811
126.0,126,101.202125
18.0,18,101.205709
123.0,123,101.228856
126.0,126,101.252147
22.0,22,101.256486
134.0,134,101.281985
19.0,19,101.285902
130.0,130,101.311524
17.0,17,101.314983
119.0,119,101.337751
19.0,19,101.341589
22.0,22,101.346291
132.0,132,101.371622
22.0,22,101.375691
20.0,20,101.379981
20.0,20,101.383834
22.0,22,101.388358
121.0,121,101.411569
120.0,120,101.434398
20.0,20,101.438119
16.0,16,101.441203
20.0,20,101.445033
117.0,117,101.466998
21.0,21,101.470738
18.0,18,101.474261
17.0,17,101.477356
18.0,18,101.480936
18.0,18,101.484257
20.0,20,101.487932
18.0,18,101.491718
18.0,18,101.494932
120.0,120,101.531551
21.0,21,101.535747
133.0,133,101.562418
18.0,18,101.565761
20.0,20,101.569517
22.0,22,101.574036
13.0,13,101.576317
121.0,121,101.599284
16.0,16,101.602356
18.0,18,101.606025
129.0,129,101.630484
21.0,21,101.634422
123.0,123,101.657962
16.0,16,101.661078
19.0,19,101.664801
15.0,15,101.667461
16.0,16,101.67047
122.0,122,101.69408
21.0,21,101.697926
124.0,124,101.721347
19.0,19,101.725191
15.0,15,101.728116
18.0,18,101.731297
120.0,120,101.75377
20.0,20,101.757555
125.0,125,101.780773
121.0,121,101.803778
130.0,130,101.828539
18.0,18,101.832245
18.0,18,101.835449
18.0,18,101.839081
126.0,126,101.862598
127.0,127,101.886313
16.0,16,101.8894
22.0,22,101.89345
20.0,20,101.897354
23.0,23,101.901795
20.0,20,101.90554
17.0,17,101.908647
12.0,12,101.910944
133.0,133,101.944586
128.0,128,101.968557
20.0,20,101.972243
122.0,122,101.995014
117.0,117,102.017087
17.0,17,102.020601
134.0,134,102.046002
17.0,17,102.049342
16.0,16,102.052389
20.0,20,102.056378
127.0,127,102.080589
18.0,18,102.084318
22.0,22,102.0883
15.0,15,102.091295
20.0,20,102.095157
17.0,17,102.098249
17.0,17,102.101353
16.0,16,102.104493
20.0,20,102.108233
16.0,16,102.111352
18.0,18,102.115024
124.0,124,102.138306
19.0,19,102.14203
17.0,17,102.145173
18.0,18,102.148336
13.0,13,102.151081
18.0,18,102.154191
15.0,15,102.157137
14.0,14,102.15949
15.0,15,102.162401
21.0,21,102.16619
19.0,19,102.170001
127.0,127,102.19365
15.0,15,102.196568
15.0,15,102.199021
17.0,17,102.202613
20.0,20,102.206621
18.0,18,102.209918
22.0,22,102.214239
19.0,19,102.217603
19.0,19,102.221272
131.0,131,102.245918
18.0,18,102.249424
18.0,18,102.252958
15.0,15,102.255874
18.0,18,102.259092
15.0,15,102.262025
126.0,126,102.285295
15.0,15,102.288328
16.0,16,102.291545
123.0,123,102.33772
18.0,18,102.341006
18.0,18,102.34502
123.0,123,102.368807
19.0,19,102.372095
124.0,124,102.396227
18.0,18,102.399907
129.0,129,102.424227
125.0,125,102.447291
18.0,18,102.450891
16.0,16,102.453886
22.0,22,102.457662
19.0,19,102.461374
19.0,19,102.46523
22.0,22,102.469201
20.0,20,102.472996
18.0,18,102.47668
19.0,19,102.480304
18.0,18,102.483419
15.0,15,102.486324
14.0,14,102.488723
17.0,17,102.492299
18.0,18,102.495446
12.0,12,102.497814
15.0,15,102.500984
22.0,22,102.505117
16.0,16,102.508132
16.0,16,102.511174
17.0,17,102.514744
18.0,18,102.517991
16.0,16,102.521024
15.0,15,102.52394
16.0,16,102.527017
17.0,17,102.530134
17.0,17,102.533214
17.0,17,102.536732
15.0,15,102.539179
18.0,18,102.542844
15.0,15,102.545712
18.0,18,102.54888
14.0,14,102.55172
18.0,18,102.554871
15.0,15,102.557869
20.0,20,102.561714
20.0,20,102.565464
16.0,16,102.568494
17.0,17,102.571601
16.0,16,102.574582
17.0,17,102.577659
19.0,19,102.581355
15.0,15,102.584238
16.0,16,102.587257
19.0,19,102.590899
19.0,19,102.594143
18.0,18,102.597716
119.0,119,102.619682
16.0,16,102.622611
16.0,16,102.625624
18.0,18,102.628621
17.0,17,102.631717
18.0,18,102.635297
121.0,121,102.657758
12.0,12,102.659974
17.0,17,102.663149
16.0,16,102.666168
18.0,18,102.669802
15.0,15,102.672629
20.0,20,102.676391
13.0,13,102.678746
14.0,14,102.681178
16.0,16,102.684165
17.0,17,102.687696
19.0,19,102.690768
20.0,20,102.69453
15.0,15,102.697404
15.0,15,102.706546
17.0,17,102.709868
15.0,15,102.713305
19.0,19,102.717217
19.0,19,102.720691
15.0,15,102.723781
118.0,118,102.748945
16.0,16,102.752165
17.0,17,102.755406
123.0,123,102.78097
22.0,22,102.785283
115.0,115,102.810226
15.0,15,102.813566
20.0,20,102.819791
21.0,21,102.829136
20.0,20,102.835947
15.0,15,102.843177
18.0,18,102.84905
18.0,18,102.855844
19.0,19,102.861876
15.0,15,102.866766
11.0,11,102.869377
20.0,20,102.875348
19.0,19,102.883081
15.0,15,102.886577
124.0,124,102.912482
18.0,18,102.916725
13.0,13,102.919261
18.0,18,102.923216
17.0,17,102.926735
22.0,22,102.93102
17.0,17,102.935092
24.0,24,102.939977
18.0,18,102.943502
15.0,15,102.946588
22.0,22,102.950575
129.0,129,102.97763
123.0,123,103.00413
19.0,19,103.008329
132.0,132,103.037671
126.0,126,103.067142
19.0,19,103.070757
18.0,18,103.074758
16.0,16,103.079074
19.0,19,103.083368
19.0,19,103.086948
21.0,21,103.091698
17.0,17,103.095582
20.0,20,103.099738
15.0,15,103.102879
18.0,18,103.106325
19.0,19,103.111075
19.0,19,103.115717
15.0,15,103.118701
18.0,18,103.123473
21.0,21,103.128546
17.0,17,103.131967
20.0,20,103.136501
18.0,18,103.140889
16.0,16,103.144597
17.0,17,103.14841
19.0,19,103.152766
16.0,16,103.156836
15.0,15,103.161243
20.0,20,103.165724
19.0,19,103.176766
22.0,22,103.182031
17.0,17,103.185558
22.0,22,103.190676
17.0,17,103.194493
15.0,15,103.197821
19.0,19,103.20131
18.0,18,103.205216
15.0,15,103.208519
17.0,17,103.212872
125.0,125,103.252531
125.0,125,103.289994
16.0,16,103.29535
17.0,17,103.30098
15.0,15,103.304289
17.0,17,103.310894
16.0,16,103.314802
15.0,15,103.31995
17.0,17,103.324541
121.0,121,103.351555
18.0,18,103.355246
15.0,15,103.358826
15.0,15,103.362034
18.0,18,103.365404
17.0,17,103.370046
123.0,123,103.399562
15.0,15,103.403121
16.0,16,103.406648
127.0,127,103.435811
16.0,16,103.440053
123.0,123,103.468181
126.0,126,103.495566
18.0,18,103.499375
16.0,16,103.50242
18.0,18,103.505723
16.0,16,103.508818
15.0,15,103.511794
16.0,16,103.514839
16.0,16,103.517919
20.0,20,103.521711
17.0,17,103.524825
17.0,17,103.527974
19.0,19,103.531737
15.0,15,103.534671
19.0,19,103.538369
19.0,19,103.54159
17.0,17,103.545085
15.0,15,103.547601
18.0,18,103.551382
17.0,17,103.554482
20.0,20,103.558248
120.0,120,103.58064
20.0,20,103.584428
17.0,17,103.587578
16.0,16,103.590632
15.0,15,103.593529
16.0,16,103.596474
127.0,127,103.620321
19.0,19,103.62389
18.0,18,103.626993
14.0,14,103.635872
14.0,14,103.63859
15.0,15,103.641784
17.0,17,103.645008
17.0,17,103.648109
22.0,22,103.652528
15.0,15,103.655441
17.0,17,103.65865
17.0,17,103.661941
18.0,18,103.665463
127.0,127,103.689067
15.0,15,103.692054
14.0,14,103.694939
16.0,16,103.698005
17.0,17,103.701115
15.0,15,103.704094
19.0,19,103.707256
17.0,17,103.710861
17.0,17,103.713906
17.0,17,103.716899
16.0,16,103.719893
13.0,13,103.722226
20.0,20,103.725986
15.0,15,103.728874
15.0,15,103.731842
120.0,120,103.754218
130.0,130,103.778026
16.0,16,103.780993
134.0,134,103.805922
17.0,17,103.809023
19.0,19,103.812603
17.0,17,103.815823
19.0,19,103.819518
15.0,15,103.822435
14.0,14,103.824848
20.0,20,103.828563
17.0,17,103.831626
16.0,16,103.834622
124.0,124,103.857792
20.0,20,103.861542
12.0,12,103.863769
17.0,17,103.867303
13.0,13,103.86955
20.0,20,103.873178
18.0,18,103.876268
17.0,17,103.879784
15.0,15,103.882274
128.0,128,103.905915
129.0,129,103.929999
16.0,16,103.932897
13.0,13,103.935176
18.0,18,103.938287
13.0,13,103.941018
15.0,15,103.943505
16.0,16,103.94726
15.0,15,103.950192
17.0,17,103.953199
17.0,17,103.956657
15.0,15,103.959136
15.0,15,103.962107
17.0,17,103.96514
16.0,16,103.967992
17.0,17,103.971472
17.0,17,103.974519
17.0,17,103.977624
17.0,17,103.980721
16.0,16,103.983675
128.0,128,104.007201
16.0,16,104.01606
15.0,15,104.019189
14.0,14,104.022191
19.0,19,104.025928
17.0,17,104.029588
16.0,16,104.032652
16.0,16,104.035768
18.0,18,104.038915
16.0,16,104.042041
125.0,125,104.065404
15.0,15,104.068339
16.0,16,104.071382
17.0,17,104.074498
18.0,18,104.078168
119.0,119,104.100094
16.0,16,104.10298
16.0,16,104.105916
20.0,20,104.109669
17.0,17,104.113143
13.0,13,104.116264
121.0,121,104.138389
16.0,16,104.141364
135.0,135,104.166221
137.0,137,104.191803
128.0,128,104.215576
17.0,17,104.219092
23.0,23,104.222965
16.0,16,104.225976
16.0,16,104.22895
17.0,17,104.232351
10.0,10,104.233937
15.0,15,104.23681
17.0,17,104.239882
15.0,15,104.242825
16.0,16,104.245809
15.0,15,104.2488
15.0,15,104.251261
19.0,19,104.254931
19.0,19,104.258627
15.0,15,104.261496
14.0,14,104.263867
17.0,17,104.266968
16.0,16,104.26997
21.0,21,104.274137
20.0,20,104.277826
17.0,17,104.281007
18.0,18,104.284087
20.0,20,104.287879
132.0,132,104.312105
20.0,20,104.315819
17.0,17,104.31932
17.0,17,104.322321
16.0,16,104.325296
126.0,126,104.348395
20.0,20,104.352192
16.0,16,104.355187
15.0,15,104.358186
18.0,18,104.362059
133.0,133,104.388721
18.0,18,104.392033
18.0,18,104.416476
15.0,15,104.419822
133.0,133,104.445107
18.0,18,104.448287
20.0,20,104.452078
17.0,17,104.455645
23.0,23,104.459565
15.0,15,104.462468
15.0,15,104.465372
19.0,19,104.469048
15.0,15,104.471527
16.0,16,104.474477
16.0,16,104.477504
130.0,130,104.502047
18.0,18,104.505121
15.0,15,104.508028
17.0,17,104.511067
15.0,15,104.514004
16.0,16,104.517047
16.0,16,104.520063
122.0,122,104.54386
16.0,16,104.547196
17.0,17,104.550491
15.0,15,104.553457
17.0,17,104.556547
13.0,13,104.55926
17.0,17,104.56268
17.0,17,104.56631
18.0,18,104.569717
17.0,17,104.573261
15.0,15,104.576858
18.0,18,104.581227
20.0,20,104.585474
18.0,18,104.58884
16.0,16,104.592278
16.0,16,104.595758
15.0,15,104.598937
16.0,16,104.602245
16.0,16,104.605397
19.0,19,104.609442
17.0,17,104.613075
18.0,18,104.616558
16.0,16,104.619737
17.0,17,104.623542
16.0,16,104.627189
17.0,17,104.630609
17.0,17,104.633862
13.0,13,104.636394
16.0,16,104.639572
12.0,12,104.642177
14.0,14,104.645586
17.0,17,104.648886
17.0,17,104.652256
15.0,15,104.655259
19.0,19,104.659768
16.0,16,104.663039
19.0,19,104.667013
17.0,17,104.670213
17.0,17,104.673369
18.0,18,104.677333
15.0,15,104.68016
18.0,18,104.684226
19.0,19,104.688296
17.0,17,104.6919
15.0,15,104.695051
14.0,14,104.697565
16.0,16,104.700611
14.0,14,104.703616
13.0,13,104.706787
15.0,15,104.710101
17.0,17,104.713274
15.0,15,104.716146
17.0,17,104.71925
18.0,18,104.722495
21.0,21,104.727342
15.0,15,104.729887
20.0,20,104.734401
17.0,17,104.738196
16.0,16,104.74158
15.0,15,104.744931
14.0,14,104.747888
18.0,18,104.75121
15.0,15,104.754268
19.0,19,104.758084
15.0,15,104.76116
16.0,16,104.764287
119.0,119,104.796213
15.0,15,104.802188
17.0,17,104.808159
19.0,19,104.813753
17.0,17,104.821959
13.0,13,104.827341
19.0,19,104.832104
19.0,19,104.837484
16.0,16,104.855293
20.0,20,104.860097
13.0,13,104.862777
16.0,16,104.866335
131.0,131,104.894476
16.0,16,104.898188
16.0,16,104.901575
13.0,13,104.904106
17.0,17,104.907841
16.0,16,104.911315
17.0,17,104.915631
17.0,17,104.919066
122.0,122,104.946571
14.0,14,104.949196
19.0,19,104.953511
15.0,15,104.956812
126.0,126,104.983455
127.0,127,105.01051
15.0,15,105.014143
17.0,17,105.017654
125.0,125,105.044928
18.0,18,105.048938
15.0,15,105.051805
16.0,16,105.055286
19.0,19,105.059556
26.0,26,105.065625
16.0,16,105.069127
18.0,18,105.072479
17.0,17,105.076012
15.0,15,105.079343
18.0,18,105.083203
17.0,17,105.086612
17.0,17,105.090553
17.0,17,105.094583
16.0,16,105.097964
17.0,17,105.102289
18.0,18,105.106652
15.0,15,105.110205
14.0,14,105.112906
15.0,15,105.116147
15.0,15,105.119546
16.0,16,105.122808
17.0,17,105.126311
16.0,16,105.129723
17.0,17,105.133734
15.0,15,105.13696
16.0,16,105.14063
18.0,18,105.145388
17.0,17,105.149087
17.0,17,105.152487
14.0,14,105.15611
15.0,15,105.15956
123.0,123,105.186953
13.0,13,105.189683
16.0,16,105.193177
19.0,19,105.198276
15.0,15,105.201696
17.0,17,105.205184
17.0,17,105.209248
16.0,16,105.21305
17.0,17,105.217168
19.0,19,105.221049
17.0,17,105.225074
17.0,17,105.228826
18.0,18,105.232813
14.0,14,105.236323
18.0,18,105.240687
16.0,16,105.24644
17.0,17,105.253579
17.0,17,105.258773
20.0,20,105.265113
15.0,15,105.272467
15.0,15,105.275668
19.0,19,105.281839
17.0,17,105.288412
16.0,16,105.293871
19.0,19,105.303274
17.0,17,105.307048
18.0,18,105.310856
15.0,15,105.313956
14.0,14,105.316471
16.0,16,105.326064
14.0,14,105.329023
15.0,15,105.332166
13.0,13,105.33519
134.0,134,105.360773
125.0,125,105.384036
12.0,12,105.386338
20.0,20,105.390012
130.0,130,105.414318
132.0,132,105.438672
16.0,16,105.441634
127.0,127,105.465186
14.0,14,105.467588
17.0,17,105.470584
18.0,18,105.474171
131.0,131,105.498417
128.0,128,105.521725
18.0,18,105.524869
20.0,20,105.528607
20.0,20,105.532352
131.0,131,105.556545
128.0,128,105.580295
19.0,19,105.583951
133.0,133,105.608347
132.0,132,105.632642
129.0,129,105.65649
126.0,126,105.680222
16.0,16,105.683215
18.0,18,105.686295
127.0,127,105.72386
19.0,19,105.72751
129.0,129,105.751769
15.0,15,105.754805
18.0,18,105.758083
20.0,20,105.762688
17.0,17,105.765803
17.0,17,105.769374
124.0,124,105.79253
17.0,17,105.795665
19.0,19,105.799378
20.0,20,105.803069
15.0,15,105.805537
18.0,18,105.809176
22.0,22,105.812992
18.0,18,105.816596
15.0,15,105.81953
12.0,12,105.821785
16.0,16,105.824688
18.0,18,105.827827
15.0,15,105.830742
19.0,19,105.834393
20.0,20,105.838074
13.0,13,105.840328
16.0,16,105.843295
16.0,16,105.8463
18.0,18,105.849461
124.0,124,105.872235
124.0,124,105.895643
19.0,19,105.899364
18.0,18,105.902943
16.0,16,105.90596
18.0,18,105.909035
128.0,128,105.932614
18.0,18,105.936213
18.0,18,105.939315
17.0,17,105.942387
134.0,134,105.967452
20.0,20,105.971135
16.0,16,105.974099
15.0,15,105.977031
126.0,126,106.000142
19.0,19,106.003682
125.0,125,106.026542
127.0,127,106.050044
129.0,129,106.073751
18.0,18,106.077359
20.0,20,106.081174
128.0,128,106.147493
16.0,16,106.150743
21.0,21,106.154858
17.0,17,106.158315
15.0,15,106.16153
15.0,15,106.16518
15.0,15,106.168056
126.0,126,106.193843
17.0,17,106.197358
130.0,130,106.224501
129.0,129,106.251048
15.0,15,106.254191
15.0,15,106.256807
18.0,18,106.260912
16.0,16,106.264325
18.0,18,106.267781
127.0,127,106.294542
126.0,126,106.320554
122.0,122,106.345034
124.0,124,106.371731
130.0,130,106.399558
21.0,21,106.403838
128.0,128,106.430709
19.0,19,106.435223
17.0,17,106.438668
18.0,18,106.442292
15.0,15,106.445431
15.0,15,106.448661
17.0,17,106.452108
132.0,132,106.497332
130.0,130,106.53957
130.0,130,106.56864
127.0,127,106.620336
19.0,19,106.624449
18.0,18,106.628067
18.0,18,106.632547
15.0,15,106.635516
17.0,17,106.640388
16.0,16,106.644478
18.0,18,106.648957
14.0,14,106.652121
137.0,137,106.68176
15.0,15,106.712225
17.0,17,106.721547
17.0,17,106.725405
20.0,20,106.729923
20.0,20,106.734058
127.0,127,106.762312
17.0,17,106.765637
16.0,16,106.768943
130.0,130,106.800269
135.0,135,106.830194
136.0,136,106.86164
129.0,129,106.890573
17.0,17,106.893818
20.0,20,106.897652
127.0,127,106.921548
122.0,122,106.944451
131.0,131,106.969319
17.0,17,106.972414
15.0,15,106.975348
17.0,17,106.978582
16.0,16,106.981582
16.0,16,106.984548
18.0,18,106.988142
18.0,18,106.99139
17.0,17,106.994499
132.0,132,107.018918
18.0,18,107.022618
17.0,17,107.02576
15.0,15,107.028682
123.0,123,107.063966
16.0,16,107.067053
18.0,18,107.070559
18.0,18,107.074508
17.0,17,107.077966
20.0,20,107.081803
128.0,128,107.105403
20.0,20,107.109134
17.0,17,107.112297
16.0,16,107.115297
19.0,19,107.118886
15.0,15,107.121896
18.0,18,107.125045
15.0,15,107.127959
17.0,17,107.131042
19.0,19,107.13474
20.0,20,107.138478
115.0,115,107.159826
126.0,126,107.182854
17.0,17,107.185887
121.0,121,107.208592
17.0,17,107.211624
16.0,16,107.214615
17.0,17,107.217693
17.0,17,107.220768
19.0,19,107.224393
125.0,125,107.247407
17.0,17,107.250944
141.0,141,107.276996
126.0,126,107.299801
20.0,20,107.303544
12.0,12,107.305717
127.0,127,107.329293
19.0,19,107.332917
16.0,16,107.335973
16.0,16,107.338905
15.0,15,107.341805
15.0,15,107.344249
16.0,16,107.347267
19.0,19,107.350936
19.0,19,107.35466
17.0,17,107.35784
15.0,15,107.360806
18.0,18,107.363923
20.0,20,107.367664
121.0,121,107.390191
121.0,121,107.41223
16.0,16,107.415211
18.0,18,107.418375
130.0,130,107.456472
16.0,16,107.459815
128.0,128,107.484402
16.0,16,107.487406
131.0,131,107.512241
130.0,130,107.536085
109.0,109,107.555781
135.0,135,107.580701
127.0,127,107.604446
132.0,132,107.62875
16.0,16,107.631719
130.0,130,107.655314
20.0,20,107.65904
127.0,127,107.682376
130.0,130,107.706469
122.0,122,107.72881
19.0,19,107.732387
128.0,128,107.756034
20.0,20,107.759719
135.0,135,107.784829
18.0,18,107.788023
16.0,16,107.791042
125.0,125,107.813831
121.0,121,107.871454
18.0,18,107.874518
133.0,133,107.899317
128.0,128,107.923071
130.0,130,107.94716
16.0,16,107.950158
16.0,16,107.953135
131.0,131,107.977579
15.0,15,107.980022
129.0,129,108.004147
132.0,132,108.028738
17.0,17,108.031732
130.0,130,108.055425
18.0,18,108.058973
129.0,129,108.082462
130.0,130,108.10644
19.0,19,108.109667
124.0,124,108.132592
126.0,126,108.156109
129.0,129,108.179751
132.0,132,108.203844
125.0,125,108.260926
129.0,129,108.28624
128.0,128,108.309991
137.0,137,108.335221
140.0,140,108.361065
130.0,130,108.384813
19.0,19,108.388473
133.0,133,108.412938
15.0,15,108.415762
126.0,126,108.439259
20.0,20,108.442961
129.0,129,108.466538
131.0,131,108.49063
141.0,141,108.516437
133.0,133,108.540781
18.0,18,108.544311
12.0,12,108.546414
14.0,14,108.548833
137.0,137,108.573952
131.0,131,108.598269
121.0,121,108.620583
138.0,138,108.690311
15.0,15,108.693484
136.0,136,108.718589
15.0,15,108.721004
133.0,133,108.746003
17.0,17,108.748951
126.0,126,108.771938
17.0,17,108.775394
15.0,15,108.777874
136.0,136,108.802873
130.0,130,108.827081
128.0,128,108.850469
134.0,134,108.874843
127.0,127,108.898124
133.0,133,108.922248
130.0,130,108.946206
16.0,16,108.949115
129.0,129,108.972521
129.0,129,108.996042
129.0,129,109.020148
138.0,138,109.079289
138.0,138,109.106177
140.0,140,109.132129
140.0,140,109.157975
17.0,17,109.161043
133.0,133,109.185307
127.0,127,109.208667
130.0,130,109.232328
129.0,129,109.256139
132.0,132,109.280456
125.0,125,109.303265
138.0,138,109.328235
16.0,16,109.331121
132.0,132,109.355086
123.0,123,109.378703
130.0,130,109.404117
128.0,128,109.428041
127.0,127,109.495919
131.0,131,109.520888
133.0,133,109.545348
130.0,130,109.569757
134.0,134,109.594249
139.0,139,109.619969
125.0,125,109.642967
137.0,137,109.668715
15.0,15,109.671204
127.0,127,109.69455
132.0,132,109.718626
132.0,132,109.742867
129.0,129,109.766511
126.0,126,109.789839
138.0,138,109.815066
128.0,128,109.838631
140.0,140,109.907512
20.0,20,109.911531
15.0,15,109.914594
134.0,134,109.940441
130.0,130,109.964596
140.0,140,109.990464
136.0,136,110.015458
137.0,137,110.040563
21.0,21,110.044779
135.0,135,110.069583
119.0,119,110.0917
18.0,18,110.095343
136.0,136,110.120508
128.0,128,110.144099
130.0,130,110.167808
131.0,131,110.192118
129.0,129,110.215594
134.0,134,110.240417
128.0,128,110.264084
135.0,135,110.335122
130.0,130,110.362434
17.0,17,110.365502
21.0,21,110.369555
134.0,134,110.398358
128.0,128,110.424916
143.0,143,110.459608
132.0,132,110.504613
129.0,129,110.535201
134.0,134,110.56259
133.0,133,110.590644
17.0,17,110.594072
134.0,134,110.6228
123.0,123,110.649786
127.0,127,110.677619
135.0,135,110.709402
137.0,137,110.739055
132.0,132,110.767812
129.0,129,110.844195
134.0,134,110.873664
134.0,134,110.920745
138.0,138,110.959894
124.0,124,110.99893
133.0,133,111.02812
132.0,132,111.05806
129.0,129,111.082909
135.0,135,111.108675
136.0,136,111.134041
132.0,132,111.158693
134.0,134,111.183461
19.0,19,111.187077
17.0,17,111.190037
132.0,132,111.214559
135.0,135,111.239787
138.0,138,111.306337
133.0,133,111.331885
16.0,16,111.334855
126.0,126,111.358353
134.0,134,111.383924
133.0,133,111.408369
134.0,134,111.433366
130.0,130,111.456922
127.0,127,111.480534
126.0,126,111.50354
132.0,132,111.528043
126.0,126,111.551349
131.0,131,111.575494
130.0,130,111.599268
133.0,133,111.62367
141.0,141,111.650033
138.0,138,111.716796
131.0,131,111.742209
130.0,130,111.769052
141.0,141,111.812338
143.0,143,111.845304
141.0,141,111.88663
127.0,127,111.91346
15.0,15,111.916707
138.0,138,111.945647
141.0,141,111.972334
140.0,140,111.998648
132.0,132,112.023509
137.0,137,112.048916
139.0,139,112.07513
128.0,128,112.098967
141.0,141,112.126649
16.0,16,112.129704
140.0,140,112.202807
138.0,138,112.230341
133.0,133,112.255228
132.0,132,112.280067
138.0,138,112.305672
140.0,140,112.331514
139.0,139,112.357305
14.0,14,112.360058
141.0,141,112.388859
133.0,133,112.414615
143.0,143,112.441822
144.0,144,112.468693
135.0,135,112.493884
139.0,139,112.519269
138.0,138,112.546396
142.0,142,112.619195
141.0,141,112.646344
143.0,143,112.672927
141.0,141,112.699956
135.0,135,112.725433
142.0,142,112.752503
141.0,141,112.779564
13.0,13,112.781785
144.0,144,112.808481
141.0,141,112.835118
153.0,153,112.863311
141.0,141,112.889281
139.0,139,112.915101
136.0,136,112.939868
133.0,133,112.964965
138.0,138,113.037407
144.0,144,113.06557
137.0,137,113.090791
134.0,134,113.115373
136.0,136,113.14071
18.0,18,113.144192
145.0,145,113.170561
140.0,140,113.19807
131.0,131,113.222565
141.0,141,113.248357
136.0,136,113.273434
150.0,150,113.301574
21.0,21,113.305359
139.0,139,113.331473
132.0,132,113.355749
139.0,139,113.381567
132.0,132,113.40674
139.0,139,113.482883
140.0,140,113.512495
145.0,145,113.541101
148.0,148,113.571037
18.0,18,113.575597
139.0,139,113.604839
135.0,135,113.632061
133.0,133,113.66051
147.0,147,113.690563
132.0,132,113.7189
146.0,146,113.769732
150.0,150,113.812407
14.0,14,113.815491
141.0,141,113.845074
139.0,139,113.87516
15.0,15,113.878379
142.0,142,113.959877
128.0,128,113.989421
18.0,18,113.99359
152.0,152,114.026203
132.0,132,114.055057
132.0,132,114.085258
16.0,16,114.089118
19.0,19,114.093024
142.0,142,114.123757
137.0,137,114.150296
142.0,142,114.177319
139.0,139,114.202919
136.0,136,114.228348
18.0,18,114.231874
141.0,141,114.258332
137.0,137,114.283979
152.0,152,114.312511
146.0,146,114.339929
143.0,143,114.413473
147.0,147,114.441211
149.0,149,114.469426
137.0,137,114.49456
143.0,143,114.52154
148.0,148,114.548985
150.0,150,114.576502
148.0,148,114.604263
140.0,140,114.630213
143.0,143,114.656812
150.0,150,114.684405
134.0,134,114.709481
145.0,145,114.736432
146.0,146,114.763554
142.0,142,114.834639
154.0,154,114.863977
154.0,154,114.892264
139.0,139,114.918345
140.0,140,114.944398
136.0,136,114.969613
134.0,134,114.99433
146.0,146,115.021574
140.0,140,115.04743
144.0,144,115.073866
141.0,141,115.099764
150.0,150,115.127668
144.0,144,115.154228
143.0,143,115.180484
134.0,134,115.250845
146.0,146,115.278432
132.0,132,115.302821
150.0,150,115.330643
150.0,150,115.358
133.0,133,115.382931
142.0,142,115.408784
146.0,146,115.436211
16.0,16,115.439133
145.0,145,115.465831
134.0,134,115.490198
156.0,156,115.518911
150.0,150,115.546873
142.0,142,115.572826
143.0,143,115.599445
148.0,148,115.671367
19.0,19,115.675105
148.0,148,115.702783
147.0,147,115.730232
151.0,151,115.757842
147.0,147,115.785292
148.0,148,115.814654
156.0,156,115.845708
138.0,138,115.873692
148.0,148,115.90388
157.0,157,115.96143
165.0,165,116.001944
128.0,128,116.027881
145.0,145,116.057365
150.0,150,116.145177
146.0,146,116.17847
145.0,145,116.21216
156.0,156,116.245237
150.0,150,116.278404
148.0,148,116.319658
152.0,152,116.368527
162.0,162,116.412327
140.0,140,116.444939
142.0,142,116.476676
148.0,148,116.509209
145.0,145,116.537443
147.0,147,116.565184
143.0,143,116.592179
142.0,142,116.66738
144.0,144,116.695118
147.0,147,116.722791
140.0,140,116.749069
149.0,149,116.776679
148.0,148,116.804145
158.0,158,116.833943
150.0,150,116.861545
152.0,152,116.890013
13.0,13,116.892717
153.0,153,116.921323
151.0,151,116.949296
150.0,150,116.976644
145.0,145,117.003607
135.0,135,117.077485
152.0,152,117.106344
152.0,152,117.135015
155.0,155,117.164125
17.0,17,117.167271
166.0,166,117.201555
149.0,149,117.230312
151.0,151,117.261687
146.0,146,117.291333
151.0,151,117.319494
151.0,151,117.347575
156.0,156,117.376498
146.0,146,117.403275
14.0,14,117.406059
152.0,152,117.43412
147.0,147,117.512303
150.0,150,117.540874
152.0,152,117.569165
152.0,152,117.59699
150.0,150,117.624547
155.0,155,117.652987
161.0,161,117.68243
148.0,148,117.709885
146.0,146,117.736968
154.0,154,117.764792
151.0,151,117.792518
146.0,146,117.8196
149.0,149,117.846934
159.0,159,117.923413
145.0,145,117.951366
153.0,153,117.980099
17.0,17,117.983116
149.0,149,118.011187
150.0,150,118.039024
144.0,144,118.065482
140.0,140,118.091508
149.0,149,118.119057
145.0,145,118.1462
156.0,156,118.174708
160.0,160,118.204343
147.0,147,118.231323
157.0,157,118.260568
143.0,143,118.286556
145.0,145,118.361633
140.0,140,118.387659
152.0,152,118.416011
160.0,160,118.445745
151.0,151,118.473348
163.0,163,118.503514
146.0,146,118.530946
162.0,162,118.560424
162.0,162,118.590464
148.0,148,118.617623
156.0,156,118.646383
149.0,149,118.673687
141.0,141,118.699602
145.0,145,118.773435
163.0,163,118.803863
143.0,143,118.830515
161.0,161,118.860374
153.0,153,118.888318
154.0,154,118.916734
165.0,165,118.946869
151.0,151,118.974714
156.0,156,119.003424
158.0,158,119.032279
163.0,163,119.062549
156.0,156,119.091026
162.0,162,119.120878
149.0,149,119.196872
150.0,150,119.224495
156.0,156,119.253404
173.0,173,119.28558
147.0,147,119.312235
162.0,162,119.342618
161.0,161,119.372585
157.0,157,119.403341
147.0,147,119.431715
163.0,163,119.461963
159.0,159,119.491485
150.0,150,119.519036
161.0,161,119.596583
176.0,176,119.630273
149.0,149,119.658334
159.0,159,119.687374
147.0,147,119.714574
18.0,18,119.718139
14.0,14,119.720534
158.0,158,119.750083
156.0,156,119.778784
148.0,148,119.806177
149.0,149,119.833336
160.0,160,119.862895
148.0,148,119.890093
153.0,153,119.917895
158.0,158,119.94718
152.0,152,120.026043
162.0,162,120.056167
173.0,173,120.087972
160.0,160,120.11728
172.0,172,120.148998
150.0,150,120.176876
156.0,156,120.205638
166.0,166,120.235786
152.0,152,120.263837
157.0,157,120.292767
158.0,158,120.321485
156.0,156,120.350347
168.0,168,120.434293
152.0,152,120.46429
187.0,187,120.499756
167.0,167,120.530597
159.0,159,120.559267
158.0,158,120.588624
190.0,190,120.623713
157.0,157,120.653184
168.0,168,120.684114
161.0,161,120.713571
163.0,163,120.74352
162.0,162,120.772838
167.0,167,120.803475
168.0,168,120.886735
163.0,163,120.917214
169.0,169,120.948419
154.0,154,120.976568
170.0,170,121.008086
167.0,167,121.038929
163.0,163,121.068873
185.0,185,121.103202
188.0,188,121.137827
169.0,169,121.168677
182.0,182,121.201957
186.0,186,121.29754
171.0,171,121.329966
189.0,189,121.364999
185.0,185,121.399202
172.0,172,121.430976
183.0,183,121.464662
177.0,177,121.49737
179.0,179,121.530553
187.0,187,121.565099
167.0,167,121.595483
174.0,174,121.62775
155.0,155,121.656128
178.0,178,121.752853
172.0,172,121.784659
165.0,165,121.814934
154.0,154,121.84349
169.0,169,121.874212
180.0,180,121.907434
177.0,177,121.93979
178.0,178,121.972697
177.0,177,122.005258
194.0,194,122.041235
167.0,167,122.071366
186.0,186,122.167255
178.0,178,122.200343
158.0,158,122.229859
166.0,166,122.260087
200.0,200,122.297046
153.0,153,122.325588
174.0,174,122.357551
172.0,172,122.389354
201.0,201,122.426236
161.0,161,122.455991
179.0,179,122.488346
165.0,165,122.57
143.0,143,122.597652
163.0,163,122.628447
228.0,228,122.670591
185.0,185,122.704499
246.0,246,122.750087
220.0,220,122.790446
202.0,202,122.827329
202.0,202,122.864732
190.0,190,122.899608
195.0,195,122.935695
216.0,216,123.049329
197.0,197,123.085854
218.0,218,123.126732
300.0,300,123.18206
208.0,208,123.2207
172.0,172,123.252663
253.0,253,123.299038
220.0,220,123.339437
199.0,199,123.376387
224.0,224,123.488418
196.0,196,123.524968
230.0,230,123.56688
183.0,183,123.600702
245.0,245,123.64595
262.0,262,123.694436
370.0,370,123.76183
260.0,260,123.809944
188.0,188,123.91063
195.0,195,123.946993
199.0,199,123.983958
189.0,189,124.018819
288.0,288,124.071865
230.0,230,124.11449
197.0,197,124.150766
173.0,173,124.182399
199.0,199,124.219077
203.0,203,124.259109
207.0,207,124.361788
229.0,229,124.411221
220.0,220,124.460679
216.0,216,124.532286
198.0,198,124.575154
199.0,199,124.6184
300.0,300,124.682867
202.0,202,124.727235
241.0,241,124.848457
180.0,180,124.890458
200.0,200,124.954662
231.0,231,125.002495
216.0,216,125.043017
234.0,234,125.086796
234.0,234,125.130207
196.0,196,125.166838
262.0,262,125.215714
196.0,196,125.252248
229.0,229,125.359671
464.0,464,125.445716
281.0,281,125.497551
187.0,187,125.532376
205.0,205,125.570026
187.0,187,125.60485
500.0,500,125.764659
387.0,387,125.837934
229.0,229,125.880471
276.0,276,125.931918
206.0,206,125.969975
251.0,251,126.015815
335.0,335,126.077636
225.0,225,126.119015
500.0,500,126.281672
212.0,212,126.321266
277.0,277,126.372561
256.0,256,126.420055
242.0,242,126.46454
215.0,215,126.504239
327.0,327,126.564397
238.0,238,126.688681
200.0,200,126.725913
200.0,200,126.76291
239.0,239,126.80711
313.0,313,126.864888
265.0,265,126.913795
219.0,219,126.95418
221.0,221,126.994858
259.0,259,127.131101
199.0,199,127.168768
500.0,500,127.261286
225.0,225,127.302607
276.0,276,127.353219
401.0,401,127.426689
244.0,244,127.471527
500.0,500,127.6455
500.0,500,127.739926
248.0,248,127.785833
500.0,500,127.878087
500.0,500,128.128738
438.0,438,128.211541
246.0,246,128.25689
271.0,271,128.307085
337.0,337,128.368626
230.0,230,128.411282
419.0,419,128.599968
222.0,222,128.641054
500.0,500,128.739335
256.0,256,128.786917
207.0,207,128.825519
201.0,201,128.862497
403.0,403,128.936767
257.0,257,129.055498
500.0,500,129.147877
179.0,179,129.181082
500.0,500,129.272746
204.0,204,129.310249
17.0,17,129.313278
314.0,314,129.370827
401.0,401,129.602681
500.0,500,129.695011
479.0,479,129.78556
500.0,500,129.877309
217.0,217,129.91744
202.0,202,130.013315
215.0,215,130.053602
212.0,212,130.092713
431.0,431,130.171935
396.0,396,130.275824
196.0,196,130.311755
500.0,500,130.482482
500.0,500,130.586425
317.0,317,130.653156
223.0,223,130.701028
500.0,500,130.839034
229.0,229,130.888345
437.0,437,131.147048
500.0,500,131.239711
215.0,215,131.279803
374.0,374,131.348968
294.0,294,131.403325
225.0,225,131.444619
500.0,500,131.656691
292.0,292,131.710831
500.0,500,131.803141
261.0,261,131.851762
448.0,448,131.93704
296.0,296,132.09451
500.0,500,132.23058
500.0,500,132.337656
500.0,500,132.445363
500.0,500,132.669435
500.0,500,132.774896
500.0,500,132.86755
500.0,500,132.959527
500.0,500,133.208528
500.0,500,133.300484
500.0,500,133.392477
500.0,500,133.484098
500.0,500,133.731687
500.0,500,133.824096
365.0,365,133.891149
159.0,159,133.920414
500.0,500,134.011936
500.0,500,134.213464
500.0,500,134.30569
500.0,500,134.39824
500.0,500,134.492616
413.0,413,134.723536
500.0,500,134.81579
500.0,500,134.909304
500.0,500,135.001111
500.0,500,135.249414
500.0,500,135.350861
500.0,500,135.452167
500.0,500,135.581471
500.0,500,135.863582
500.0,500,135.966933
500.0,500,136.059503
500.0,500,136.151711
277.0,277,136.202504
500.0,500,136.450583
500.0,500,136.543086
500.0,500,136.63479
500.0,500,136.726658
500.0,500,136.977581
500.0,500,137.07508
500.0,500,137.208623
500.0,500,137.309238
500.0,500,137.622363
500.0,500,137.737358
500.0,500,137.835896
500.0,500,137.931104
500.0,500,138.17941
500.0,500,138.272115
500.0,500,138.363697
500.0,500,138.455376
500.0,500,138.702979
472.0,472,138.789676
500.0,500,138.881296
500.0,500,138.973229
500.0,500,139.219034
500.0,500,139.311113
500.0,500,139.403829
500.0,500,139.497899
500.0,500,139.74432
500.0,500,139.836198
500.0,500,139.927741
500.0,500,140.019356
500.0,500,140.267032
500.0,500,140.359079
500.0,500,140.451502
500.0,500,140.543395
500.0,500,140.80424
500.0,500,140.943097
500.0,500,141.05072
500.0,500,141.159667
500.0,500,141.448347
500.0,500,141.542124
500.0,500,141.634927
500.0,500,141.727746
500.0,500,141.975369
500.0,500,142.067904
500.0,500,142.159417
500.0,500,142.251327
500.0,500,142.498264
500.0,500,142.590952
500.0,500,142.682559
500.0,500,142.774439
500.0,500,143.021581
500.0,500,143.113725
500.0,500,143.205575
500.0,500,143.297163
500.0,500,143.543547
500.0,500,143.635801
500.0,500,143.728065
500.0,500,143.820207
500.0,500,144.06738
500.0,500,144.159267
500.0,500,144.251184
500.0,500,144.343424
500.0,500,144.59259
500.0,500,144.685153
500.0,500,144.777116
500.0,500,144.868889
500.0,500,145.114711
500.0,500,145.206753
500.0,500,145.298766
500.0,500,145.390148
500.0,500,145.641391
500.0,500,145.734045
500.0,500,145.826143
500.0,500,145.918118
500.0,500,146.17915
500.0,500,146.282946
500.0,500,146.410202
500.0,500,146.527992
475.0,475,146.829346
500.0,500,146.921819
500.0,500,147.01369
500.0,500,147.105897
500.0,500,147.352987
500.0,500,147.445452
500.0,500,147.53733
500.0,500,147.629246
500.0,500,147.875951
500.0,500,147.968358
500.0,500,148.060412
500.0,500,148.152228
500.0,500,148.399488
500.0,500,148.491834
500.0,500,148.583065
500.0,500,148.675356
500.0,500,148.921664
500.0,500,149.013714
500.0,500,149.105096
500.0,500,149.196832
500.0,500,149.449179
435.0,435,149.530327
500.0,500,149.622339
500.0,500,149.715124
500.0,500,149.986415
500.0,500,150.095567
500.0,500,150.205586
355.0,355,150.290483
422.0,422,150.574605
371.0,371,150.644372
500.0,500,150.736754
500.0,500,150.828942
428.0,428,150.907892
500.0,500,151.154948
500.0,500,151.247279
500.0,500,151.339351
295.0,295,151.393565
500.0,500,151.639912
500.0,500,151.73571
448.0,448,151.827244
500.0,500,151.930191
500.0,500,152.232177
500.0,500,152.339464
463.0,463,152.428095
500.0,500,152.520707
500.0,500,152.76757
500.0,500,152.860228
451.0,451,152.942724
500.0,500,153.033949
500.0,500,153.279575
486.0,486,153.368999
500.0,500,153.460383
500.0,500,153.551816
472.0,472,153.792781
13.0,13,153.795533
500.0,500,153.888542
260.0,260,153.936373
455.0,455,154.019605
500.0,500,154.110823
500.0,500,154.356808
500.0,500,154.452513
368.0,368,154.52167
494.0,494,154.612498
425.0,425,154.843567
374.0,374,154.913084
500.0,500,155.00505
270.0,270,155.05424
266.0,266,155.103127
500.0,500,155.194755
419.0,419,155.425421
354.0,354,155.490672
500.0,500,155.582019
500.0,500,155.673405
437.0,437,155.899099
360.0,360,155.965303
500.0,500,156.05709
322.0,322,156.115785
500.0,500,156.207425
361.0,361,156.399033
500.0,500,156.490278
500.0,500,156.581447
417.0,417,156.657583
376.0,376,156.866104
342.0,342,156.933405
479.0,479,157.032422
419.0,419,157.139615
450.0,450,157.233505
500.0,500,157.520377
306.0,306,157.591496
500.0,500,157.696231
240.0,240,157.740754
299.0,299,157.796454
372.0,372,157.865242
351.0,351,158.058122
268.0,268,158.107757
212.0,212,158.146906
336.0,336,158.208051
391.0,391,158.279311
286.0,286,158.331676
361.0,361,158.531623
266.0,266,158.581495
334.0,334,158.642819
216.0,216,158.682631
219.0,219,158.722939
263.0,263,158.771415
246.0,246,158.81668
238.0,238,158.860735
288.0,288,159.061951
304.0,304,159.118988
364.0,364,159.186314
297.0,297,159.241128
434.0,434,159.32068
282.0,282,159.372377
314.0,314,159.540167
399.0,399,159.613993
218.0,218,159.654468
165.0,165,159.684959
201.0,201,159.722071
233.0,233,159.76445
281.0,281,159.816528
365.0,365,159.977303
333.0,333,160.03999
250.0,250,160.086544
158.0,158,160.115737
276.0,276,160.166457
291.0,291,160.21995
388.0,388,160.291098
313.0,313,160.42736
317.0,317,160.485636
345.0,345,160.549273
260.0,260,160.597026
300.0,300,160.65238
245.0,245,160.696919
188.0,188,160.731796
306.0,306,160.861825
235.0,235,160.906084
220.0,220,160.94636
332.0,332,161.007467
158.0,158,161.036655
282.0,282,161.088061
284.0,284,161.139732
233.0,233,161.182
175.0,175,161.21386
324.0,324,161.365076
249.0,249,161.410735
178.0,178,161.443796
344.0,344,161.507616
426.0,426,161.58527
278.0,278,161.635998
408.0,408,161.817512
253.0,253,161.868848
276.0,276,161.928494
339.0,339,162.024865
266.0,266,162.080928
416.0,416,162.171027
339.0,339,162.360959
210.0,210,162.426006
295.0,295,162.489485
212.0,212,162.52911
239.0,239,162.573706
280.0,280,162.625511
220.0,220,162.666084
217.0,217,162.706465
291.0,291,162.760233
267.0,267,162.908693
184.0,184,162.942832
175.0,175,162.975432
223.0,223,163.016119
217.0,217,163.056005
228.0,228,163.097798
347.0,347,163.1612
317.0,317,163.219635
200.0,200,163.357228
224.0,224,163.399278
217.0,217,163.439337
334.0,334,163.50153
433.0,433,163.581302
151.0,151,163.608798
288.0,288,163.6614
159.0,159,163.690944
228.0,228,163.823198
152.0,152,163.854823
279.0,279,163.912122
181.0,181,163.949203
271.0,271,164.005468
264.0,264,164.06681
186.0,186,164.125452
222.0,222,164.182992
157.0,157,164.215606
175.0,175,164.346743
197.0,197,164.392037
269.0,269,164.452517
350.0,350,164.519093
409.0,409,164.594873
290.0,290,164.648666
156.0,156,164.677449
312.0,312,164.808723
146.0,146,164.835716
266.0,266,164.884962
157.0,157,164.914029
239.0,239,164.958188
156.0,156,164.987383
252.0,252,165.033912
149.0,149,165.061483
259.0,259,165.109315
157.0,157,165.138257
271.0,271,165.235465
186.0,186,165.269915
165.0,165,165.30019
185.0,185,165.334389
394.0,394,165.406806
282.0,282,165.458628
149.0,149,165.486
151.0,151,165.513732
156.0,156,165.542213
158.0,158,165.571081
167.0,167,165.657834
189.0,189,165.693121
302.0,302,165.748669
158.0,158,165.777551
311.0,311,165.834739
152.0,152,165.862696
405.0,405,165.93697
251.0,251,165.983634
326.0,326,166.107751
174.0,174,166.140134
160.0,160,166.1697
180.0,180,166.2028
232.0,232,166.245122
170.0,170,166.275994
193.0,193,166.31149
49.0,49,166.320308
176.0,176,166.352724
154.0,154,166.380934
161.0,161,166.410609
141.0,141,166.43638
198.0,198,166.553747
161.0,161,166.584102
211.0,211,166.62254
173.0,173,166.654622
149.0,149,166.681689
204.0,204,166.718816
150.0,150,166.746276
164.0,164,166.77656
443.0,443,166.857827
192.0,192,166.947268
320.0,320,167.0131
347.0,347,167.095727
143.0,143,167.138472
307.0,307,167.199898
167.0,167,167.235374
239.0,239,167.288047
296.0,296,167.35362
160.0,160,167.482215
179.0,179,167.521663
17.0,17,167.525524
314.0,314,167.619902
315.0,315,167.7005
204.0,204,167.740922
159.0,159,167.771036
166.0,166,167.801827
451.0,451,167.885015
215.0,215,167.97389
302.0,302,168.030622
21.0,21,168.034885
195.0,195,168.070434
416.0,416,168.146979
255.0,255,168.194145
395.0,395,168.266428
144.0,144,168.292862
208.0,208,168.33072
152.0,152,168.427848
16.0,16,168.430752
182.0,182,168.464351
142.0,142,168.490673
401.0,401,168.564256
239.0,239,168.608377
143.0,143,168.634694
157.0,157,168.663546
162.0,162,168.69302
31.0,31,168.698861
139.0,139,168.724447
159.0,159,168.753548
230.0,230,168.853969
351.0,351,168.919413
147.0,147,168.946395
339.0,339,169.008985
142.0,142,169.035625
133.0,133,169.060036
247.0,247,169.105724
132.0,132,169.130205
211.0,211,169.169421
137.0,137,169.194625
214.0,214,169.310291
181.0,181,169.344361
410.0,410,169.419989
172.0,172,169.454379
143.0,143,169.481642
174.0,174,169.513666
137.0,137,169.539264
24.0,24,169.543713
175.0,175,169.575721
148.0,148,169.603052
153.0,153,169.631602
153.0,153,169.723442
152.0,152,169.752163
142.0,142,169.778525
137.0,137,169.804159
192.0,192,169.839729
148.0,148,169.867026
166.0,166,169.897495
159.0,159,169.927204
138.0,138,169.952534
151.0,151,169.98037
175.0,175,170.012926
209.0,209,170.051447
171.0,171,170.082854
22.0,22,170.129926
207.0,207,170.169487
238.0,238,170.213706
173.0,173,170.24526
143.0,143,170.271718
169.0,169,170.302901
205.0,205,170.340357
241.0,241,170.384535
144.0,144,170.411245
341.0,341,170.474342
143.0,143,170.549541
323.0,323,170.611213
151.0,151,170.638957
222.0,222,170.679672
157.0,157,170.708837
182.0,182,170.742537
200.0,200,170.779471
206.0,206,170.817439
142.0,142,170.843253
226.0,226,170.885174
144.0,144,170.911501
366.0,366,171.067387
181.0,181,171.100845
186.0,186,171.135
46.0,46,171.143208
169.0,169,171.174618
149.0,149,171.202104
164.0,164,171.232281
148.0,148,171.25954
21.0,21,171.263306
225.0,225,171.304701
156.0,156,171.333526
151.0,151,171.361591
194.0,194,171.450952
151.0,151,171.478784
137.0,137,171.504536
165.0,165,171.534663
168.0,168,171.565656
142.0,142,171.5917
156.0,156,171.620483
170.0,170,171.652132
203.0,203,171.689431
156.0,156,171.718353
138.0,138,171.743647
155.0,155,171.772072
173.0,173,171.857703
138.0,138,171.885161
159.0,159,171.914387
165.0,165,171.945212
148.0,148,171.972623
217.0,217,172.012864
217.0,217,172.052794
326.0,326,172.112843
171.0,171,172.144094
166.0,166,172.174754
160.0,160,172.20404
170.0,170,172.281442
173.0,173,172.316671
147.0,147,172.347295
141.0,141,172.376752
137.0,137,172.4047
212.0,212,172.449018
405.0,405,172.531077
500.0,500,172.667156
134.0,134,172.696477
240.0,240,172.815828
170.0,170,172.852708
255.0,255,172.908806
169.0,169,172.946425
336.0,336,173.009507
210.0,210,173.048731
184.0,184,173.082745
376.0,376,173.152386
258.0,258,173.252076
196.0,196,173.288184
149.0,149,173.31552
315.0,315,173.373376
158.0,158,173.402781
175.0,175,173.434922
196.0,196,173.471027
209.0,209,173.509734
266.0,266,173.557858
218.0,218,173.59811
151.0,151,173.685821
150.0,150,173.713945
242.0,242,173.758585
303.0,303,173.814689
405.0,405,173.893317
218.0,218,173.934579
182.0,182,173.967863
159.0,159,173.99731
184.0,184,174.031538
196.0,196,174.150956
191.0,191,174.186541
155.0,155,174.215346
192.0,192,174.250825
219.0,219,174.290864
211.0,211,174.329557
276.0,276,174.380178
298.0,298,174.436694
188.0,188,174.473106
173.0,173,174.554327
173.0,173,174.589881
187.0,187,174.633229
196.0,196,174.696382
174.0,174,174.740588
239.0,239,174.793733
182.0,182,174.836338
174.0,174,174.880213
189.0,189,174.929454
182.0,182,174.975838
195.0,195,175.020177
500.0,500,175.227974
197.0,197,175.271821
136.0,136,175.301507
144.0,144,175.328995
144.0,144,175.355868
144.0,144,175.383111
140.0,140,175.409378
151.0,151,175.437575
157.0,157,175.466452
156.0,156,175.495476
149.0,149,175.522932
156.0,156,175.61876
189.0,189,175.653669
153.0,153,175.682365
151.0,151,175.710034
200.0,200,175.747109
163.0,163,175.777276
163.0,163,175.807418
144.0,144,175.833771
180.0,180,175.866762
155.0,155,175.895341
154.0,154,175.923359
162.0,162,175.953145
145.0,145,176.053066
204.0,204,176.09153
162.0,162,176.12122
234.0,234,176.16466
208.0,208,176.203351
255.0,255,176.250132
162.0,162,176.279793
163.0,163,176.309799
172.0,172,176.341306
189.0,189,176.375927
164.0,164,176.449653
241.0,241,176.494953
151.0,151,176.522827
183.0,183,176.556769
170.0,170,176.5878
142.0,142,176.614438
229.0,229,176.656515
93.0,93,176.674039
289.0,289,176.733909
196.0,196,176.774731
167.0,167,176.805791
216.0,216,176.893835
190.0,190,176.929089
27.0,27,176.934277
167.0,167,176.965176
164.0,164,176.995384
184.0,184,177.029019
144.0,144,177.055621
148.0,148,177.082856
166.0,166,177.113866
211.0,211,177.152661
149.0,149,177.179873
149.0,149,177.207207
160.0,160,177.236488
140.0,140,177.309274
129.0,129,177.33317
148.0,148,177.360635
144.0,144,177.387195
152.0,152,177.41507
141.0,141,177.44124
146.0,146,177.467961
147.0,147,177.495087
149.0,149,177.522245
146.0,146,177.549298
151.0,151,177.576542
131.0,131,177.600542
139.0,139,177.626255
132.0,132,177.650539
147.0,147,177.726066
157.0,157,177.75534
19.0,19,177.759018
133.0,133,177.78346
26.0,26,177.787998
146.0,146,177.815512
151.0,151,177.843551
143.0,143,177.869652
44.0,44,177.877749
18.0,18,177.881262
143.0,143,177.907867
50.0,50,177.916717
135.0,135,177.941678
137.0,137,177.966683
143.0,143,177.993327
132.0,132,178.018193
140.0,140,178.043607
122.0,122,178.065631
138.0,138,178.141178
138.0,138,178.16921
144.0,144,178.199462
76.0,76,178.214669
152.0,152,178.245794
21.0,21,178.250123
138.0,138,178.277955
141.0,141,178.306727
133.0,133,178.33385
134.0,134,178.366299
134.0,134,178.411513
137.0,137,178.448369
18.0,18,178.452958
135.0,135,178.482123
129.0,129,178.509097
199.0,199,178.552107
132.0,132,178.630496
161.0,161,178.666169
43.0,43,178.675955
143.0,143,178.706718
132.0,132,178.735222
136.0,136,178.766287
134.0,134,178.794622
148.0,148,178.822865
18.0,18,178.826558
140.0,140,178.852965
154.0,154,178.881509
129.0,129,178.905747
167.0,167,178.936128
143.0,143,178.962649
178.0,178,178.995596
150.0,150,179.068757
144.0,144,179.0969
133.0,133,179.121414
142.0,142,179.147928
174.0,174,179.179887
153.0,153,179.208176
145.0,145,179.234929
12.0,12,179.237146
140.0,140,179.262675
148.0,148,179.289889
143.0,143,179.316315
131.0,131,179.340112
186.0,186,179.374354
140.0,140,179.399971
158.0,158,179.429903
149.0,149,179.512398
148.0,148,179.539967
140.0,140,179.56574
149.0,149,179.593317
151.0,151,179.621034
140.0,140,179.647276
131.0,131,179.671089
131.0,131,179.695278
150.0,150,179.723081
18.0,18,179.726147
142.0,142,179.752427
149.0,149,179.779685
135.0,135,179.804464
139.0,139,179.829563
132.0,132,179.85379
148.0,148,179.926447
139.0,139,179.952127
132.0,132,179.976353
129.0,129,180.000012
127.0,127,180.02335
148.0,148,180.050433
143.0,143,180.076885
139.0,139,180.102882
154.0,154,180.130984
134.0,134,180.155727
131.0,131,180.179485
157.0,157,180.208367
129.0,129,180.231937
138.0,138,180.256972
146.0,146,180.326535
145.0,145,180.353952
137.0,137,180.379366
131.0,131,180.403565
133.0,133,180.428094
153.0,153,180.456663
153.0,153,180.484786
30.0,30,180.490148
135.0,135,180.515266
133.0,133,180.539386
140.0,140,180.565079
142.0,142,180.591431
131.0,131,180.615681
163.0,163,180.645357
151.0,151,180.673114
125.0,125,180.741111
140.0,140,180.767585
135.0,135,180.792717
138.0,138,180.818223
128.0,128,180.841785
21.0,21,180.845504
129.0,129,180.86909
124.0,124,180.891802
19.0,19,180.895319
22.0,22,180.899164
132.0,132,180.923796
147.0,147,180.950921
142.0,142,180.977057
150.0,150,181.00433
134.0,134,181.029098
147.0,147,181.055774
155.0,155,181.084221
138.0,138,181.164701
138.0,138,181.190403
135.0,135,181.215545
136.0,136,181.240415
142.0,142,181.266198
141.0,141,181.292435
153.0,153,181.320429
156.0,156,181.34913
167.0,167,181.379837
141.0,141,181.405506
134.0,134,181.429828
128.0,128,181.453158
125.0,125,181.476641
139.0,139,181.501781
23.0,23,181.506146
163.0,163,181.584443
183.0,183,181.619468
148.0,148,181.646815
17.0,17,181.649831
153.0,153,181.677727
171.0,171,181.709018
169.0,169,181.739912
183.0,183,181.773967
150.0,150,181.801242
175.0,175,181.83314
144.0,144,181.859355
149.0,149,181.886877
143.0,143,181.913175
146.0,146,182.004724
146.0,146,182.033044
179.0,179,182.066603
161.0,161,182.096068
175.0,175,182.128463
160.0,160,182.157719
182.0,182,182.190953
148.0,148,182.218049
131.0,131,182.24212
172.0,172,182.27366
194.0,194,182.309225
158.0,158,182.338348
150.0,150,182.366375
136.0,136,182.428371
168.0,168,182.459558
194.0,194,182.495115
149.0,149,182.52229
154.0,154,182.550743
192.0,192,182.586139
173.0,173,182.617789
149.0,149,182.645015
19.0,19,182.648615
198.0,198,182.685043
203.0,203,182.721593
132.0,132,182.745782
230.0,230,182.839902
128.0,128,182.863836
162.0,162,182.893578
140.0,140,182.919302
169.0,169,182.950385
29.0,29,182.955525
173.0,173,182.98728
200.0,200,183.023881
233.0,233,183.066217
195.0,195,183.102026
166.0,166,183.132418
206.0,206,183.169907
146.0,146,183.257576
157.0,157,183.290209
162.0,162,183.334331
234.0,234,183.402468
199.0,199,183.44312
135.0,135,183.46998
138.0,138,183.498491
132.0,132,183.525545
181.0,181,183.564743
188.0,188,183.605283
153.0,153,183.637502
160.0,160,183.672918
230.0,230,183.799044
166.0,166,183.835868
136.0,136,183.867739
166.0,166,183.904509
170.0,170,183.941805
146.0,146,183.971776
158.0,158,184.001238
153.0,153,184.029789
189.0,189,184.06496
131.0,131,184.089393
200.0,200,184.126387
137.0,137,184.151534
135.0,135,184.176299
138.0,138,184.245064
147.0,147,184.272494
137.0,137,184.297669
147.0,147,184.325038
199.0,199,184.361473
156.0,156,184.389966
21.0,21,184.393877
157.0,157,184.422991
161.0,161,184.455189
129.0,129,184.480248
155.0,155,184.50857
206.0,206,184.546587
142.0,142,184.572243
153.0,153,184.647389
162.0,162,184.677905
174.0,174,184.710331
200.0,200,184.746769
152.0,152,184.775356
194.0,194,184.810847
150.0,150,184.838844
139.0,139,184.864166
131.0,131,184.88819
146.0,146,184.915313
134.0,134,184.939654
185.0,185,184.973338
165.0,165,185.003834
152.0,152,185.075517
13.0,13,185.077692
167.0,167,185.108956
139.0,139,185.134274
201.0,201,185.171525
158.0,158,185.230957
157.0,157,185.260288
143.0,143,185.286672
184.0,184,185.320579
375.0,375,185.389477
260.0,260,185.437908
152.0,152,185.51609
141.0,141,185.545842
185.0,185,185.583764
43.0,43,185.592691
130.0,130,185.618859
128.0,128,185.645403
179.0,179,185.697994
139.0,139,185.73941
131.0,131,185.767208
139.0,139,185.797722
198.0,198,185.84015
249.0,249,185.893195
137.0,137,185.923029
139.0,139,185.954093
218.0,218,186.076598
150.0,150,186.109421
137.0,137,186.153629
179.0,179,186.199223
180.0,180,186.233921
141.0,141,186.260646
142.0,142,186.286679
204.0,204,186.32464
147.0,147,186.35185
139.0,139,186.377761
159.0,159,186.406746
166.0,166,186.437673
158.0,158,186.519926
152.0,152,186.548551
180.0,180,186.581898
135.0,135,186.607076
182.0,182,186.640832
140.0,140,186.666356
150.0,150,186.693903
127.0,127,186.717386
169.0,169,186.748206
139.0,139,186.773968
145.0,145,186.800487
142.0,142,186.826796
132.0,132,186.851078
120.0,120,186.915108
134.0,134,186.94029
20.0,20,186.944278
191.0,191,186.979703
141.0,141,187.005623
201.0,201,187.042946
130.0,130,187.067186
147.0,147,187.094409
130.0,130,187.118032
136.0,136,187.143147
127.0,127,187.166428
137.0,137,187.191535
182.0,182,187.225461
156.0,156,187.254244
128.0,128,187.277661
129.0,129,187.344494
126.0,126,187.367575
14.0,14,187.370371
139.0,139,187.39587
136.0,136,187.421095
152.0,152,187.448797
137.0,137,187.473881
186.0,186,187.507802
187.0,187,187.542429
143.0,143,187.568894
175.0,175,187.601123
25.0,25,187.605631
25.0,25,187.610068
132.0,132,187.634623
137.0,137,187.659659
129.0,129,187.68332
120.0,120,187.74988
128.0,128,187.774122
133.0,133,187.798888
220.0,220,187.839397
23.0,23,187.843746
129.0,129,187.867498
157.0,157,187.896264
126.0,126,187.919728
166.0,166,187.949916
126.0,126,187.97321
138.0,138,187.998693
175.0,175,188.030869
140.0,140,188.056489
150.0,150,188.083977
136.0,136,188.15427
124.0,124,188.17928
280.0,280,188.236787
137.0,137,188.265574
133.0,133,188.292542
172.0,172,188.327854
139.0,139,188.35658
127.0,127,188.381068
160.0,160,188.41448
127.0,127,188.440629
137.0,137,188.469309
218.0,218,188.530353
143.0,143,188.573628
142.0,142,188.651835
136.0,136,188.682825
24.0,24,188.688762
121.0,121,188.715286
159.0,159,188.749852
133.0,133,188.778853
129.0,129,188.808888
135.0,135,188.838293
129.0,129,188.866726
148.0,148,188.89575
141.0,141,188.92204
142.0,142,188.948081
128.0,128,188.971756
176.0,176,189.004302
129.0,129,189.028421
122.0,122,189.089424
126.0,126,189.114098
118.0,118,189.135876
126.0,126,189.159365
134.0,134,189.183703
139.0,139,189.209316
131.0,131,189.233774
28.0,28,189.238916
157.0,157,189.2676
160.0,160,189.296923
173.0,173,189.328149
131.0,131,189.352463
140.0,140,189.378109
14.0,14,189.38047
129.0,129,189.404419
130.0,130,189.427928
11.0,11,189.430188
22.0,22,189.434546
131.0,131,189.475169
142.0,142,189.503241
129.0,129,189.527011
185.0,185,189.560873
118.0,118,189.582858
243.0,243,189.627167
120.0,120,189.649257
145.0,145,189.676371
144.0,144,189.702842
121.0,121,189.72483
148.0,148,189.751921
125.0,125,189.77487
129.0,129,189.798482
122.0,122,189.820948
162.0,162,189.891512
148.0,148,189.91939
134.0,134,189.944367
123.0,123,189.966985
20.0,20,189.970644
125.0,125,189.99349
173.0,173,190.024973
191.0,191,190.060035
120.0,120,190.082143
122.0,122,190.104408
127.0,127,190.127778
138.0,138,190.153259
126.0,126,190.176022
175.0,175,190.208148
126.0,126,190.230828
136.0,136,190.301039
126.0,126,190.325267
145.0,145,190.352203
25.0,25,190.356824
120.0,120,190.378944
118.0,118,190.401021
128.0,128,190.424492
124.0,124,190.447291
112.0,112,190.468106
131.0,131,190.492288
124.0,124,190.514761
117.0,117,190.536109
117.0,117,190.55756
127.0,127,190.580988
20.0,20,190.584653
14.0,14,190.587016
134.0,134,190.611542
120.0,120,190.633559
124.0,124,190.655956
125.0,125,190.693801
122.0,122,190.717061
121.0,121,190.739493
123.0,123,190.762346
122.0,122,190.784759
124.0,124,190.807873
128.0,128,190.831651
117.0,117,190.852994
142.0,142,190.879164
122.0,122,190.901312
114.0,114,190.922272
119.0,119,190.944071
136.0,136,190.96896
126.0,126,190.991717
119.0,119,191.013442
22.0,22,191.01724
120.0,120,191.039199
138.0,138,191.10447
116.0,116,191.126021
126.0,126,191.14888
128.0,128,191.172325
24.0,24,191.176784
21.0,21,191.18095
120.0,120,191.202958
21.0,21,191.206687
121.0,121,191.228769
119.0,119,191.250681
128.0,128,191.274059
125.0,125,191.296824
116.0,116,191.318086
128.0,128,191.341426
129.0,129,191.364806
27.0,27,191.369767
20.0,20,191.373481
122.0,122,191.395833
16.0,16,191.398719
25.0,25,191.403235
121.0,121,191.425112
140.0,140,191.450569
23.0,23,191.492167
126.0,126,191.515888
117.0,117,191.537861
21.0,21,191.54161
119.0,119,191.563546
124.0,124,191.586538
127.0,127,191.609674
121.0,121,191.631972
134.0,134,191.656333
121.0,121,191.678501
119.0,119,191.700372
17.0,17,191.703393
25.0,25,191.708372
25.0,25,191.71285
122.0,122,191.735053
121.0,121,191.757544
121.0,121,191.779612
120.0,120,191.801635
114.0,114,191.822314
120.0,120,191.844178
119.0,119,191.891581
123.0,123,191.914793
29.0,29,191.920148
113.0,113,191.940984
123.0,123,191.96387
133.0,133,191.988245
111.0,111,192.008685
24.0,24,192.013064
113.0,113,192.033746
126.0,126,192.057033
28.0,28,192.062196
114.0,114,192.082817
120.0,120,192.105025
25.0,25,192.109924
19.0,19,192.113163
14.0,14,192.115894
126.0,126,192.138652
126.0,126,192.16187
116.0,116,192.183084
122.0,122,192.205129
129.0,129,192.229134
117.0,117,192.291206
132.0,132,192.317438
121.0,121,192.339802
132.0,132,192.364302
126.0,126,192.387458
123.0,123,192.409724
122.0,122,192.432444
134.0,134,192.456952
129.0,129,192.480755
135.0,135,192.505403
133.0,133,192.53014
27.0,27,192.534707
122.0,122,192.557338
129.0,129,192.58106
27.0,27,192.58619
128.0,128,192.609795
121.0,121,192.631817
122.0,122,192.654554
129.0,129,192.724237
133.0,133,192.749356
135.0,135,192.774454
124.0,124,192.797166
125.0,125,192.820389
128.0,128,192.843919
139.0,139,192.869408
123.0,123,192.892286
126.0,126,192.915103
132.0,132,192.939367
127.0,127,192.96244
129.0,129,192.986018
21.0,21,192.989757
35.0,35,192.996157
24.0,24,193.00058
133.0,133,193.024854
129.0,129,193.049017
122.0,122,193.071131
127.0,127,193.13496
132.0,132,193.159818
120.0,120,193.182253
140.0,140,193.208078
16.0,16,193.211029
127.0,127,193.234543
127.0,127,193.257567
138.0,138,193.283067
125.0,125,193.30617
126.0,126,193.329408
127.0,127,193.352316
125.0,125,193.375734
129.0,129,193.399472
121.0,121,193.421533
118.0,118,193.443273
125.0,125,193.466019
117.0,117,193.519022
26.0,26,193.524562
121.0,121,193.547193
136.0,136,193.57245
121.0,121,193.594802
122.0,122,193.617569
14.0,14,193.619921
17.0,17,193.62291
122.0,122,193.645524
122.0,122,193.667779
120.0,120,193.689708
130.0,130,193.714279
25.0,25,193.718771
117.0,117,193.740462
13.0,13,193.743173
124.0,124,193.766129
120.0,120,193.788366
124.0,124,193.811423
11.0,11,193.813067
125.0,125,193.83662
27.0,27,193.841266
128.0,128,193.864798
23.0,23,193.869158
19.0,19,193.872812
131.0,131,193.950846
119.0,119,193.97344
23.0,23,193.978328
124.0,124,194.002342
132.0,132,194.026695
23.0,23,194.031143
130.0,130,194.055148
131.0,131,194.079562
116.0,116,194.101062
115.0,115,194.122564
115.0,115,194.144364
133.0,133,194.168705
119.0,119,194.190605
21.0,21,194.194398
120.0,120,194.21665
122.0,122,194.238953
133.0,133,194.263895
122.0,122,194.286078
121.0,121,194.308132
128.0,128,194.370556
120.0,120,194.393954
26.0,26,194.399424
121.0,121,194.4241
15.0,15,194.427134
149.0,149,194.458134
126.0,126,194.48421
122.0,122,194.508797
135.0,135,194.542567
126.0,126,194.584599
126.0,126,194.613826
25.0,25,194.618595
132.0,132,194.645763
121.0,121,194.671163
126.0,126,194.697293
129.0,129,194.726072
27.0,27,194.731462
25.0,25,194.736709
120.0,120,194.76252
124.0,124,194.790148
122.0,122,194.876551
134.0,134,194.924498
145.0,145,194.963165
135.0,135,194.992664
134.0,134,195.022113
121.0,121,195.052728
121.0,121,195.079584
156.0,156,195.114901
119.0,119,195.141474
129.0,129,195.166541
128.0,128,195.190428
150.0,150,195.218669
30.0,30,195.224072
127.0,127,195.247647
12.0,12,195.249847
118.0,118,195.271511
148.0,148,195.362037
125.0,125,195.38671
128.0,128,195.410606
114.0,114,195.431579
125.0,125,195.454682
131.0,131,195.479003
120.0,120,195.501084
135.0,135,195.526065
128.0,128,195.549604
122.0,122,195.572113
128.0,128,195.595875
29.0,29,195.601442
125.0,125,195.624455
131.0,131,195.6486
141.0,141,195.674384
122.0,122,195.696668
132.0,132,195.721047
125.0,125,195.789612
120.0,120,195.813142
124.0,124,195.836122
121.0,121,195.858435
125.0,125,195.881409
27.0,27,195.886572
20.0,20,195.890301
120.0,120,195.912424
127.0,127,195.935911
127.0,127,195.959109
128.0,128,195.982686
22.0,22,195.986908
26.0,26,195.991378
146.0,146,196.019471
126.0,126,196.042359
27.0,27,196.047475
114.0,114,196.068788
126.0,126,196.091837
135.0,135,196.116753
124.0,124,196.139611
130.0,130,196.196876
121.0,121,196.220088
126.0,126,196.243204
120.0,120,196.265918
121.0,121,196.290771
23.0,23,196.295335
122.0,122,196.320179
116.0,116,196.343948
19.0,19,196.347939
121.0,121,196.373226
123.0,123,196.39795
122.0,122,196.422876
126.0,126,196.448577
23.0,23,196.453152
124.0,124,196.483714
128.0,128,196.526795
126.0,126,196.562316
123.0,123,196.588629
120.0,120,196.659949
164.0,164,196.69682
119.0,119,196.722163
126.0,126,196.751593
148.0,148,196.783296
139.0,139,196.814508
126.0,126,196.841866
131.0,131,196.87081
125.0,125,196.898175
115.0,115,196.9238
128.0,128,196.963844
121.0,121,197.000113
128.0,128,197.024609
130.0,130,197.048778
132.0,132,197.073265
121.0,121,197.096329
131.0,131,197.16112
125.0,125,197.184803
131.0,131,197.208942
23.0,23,197.213352
133.0,133,197.237943
143.0,143,197.264572
23.0,23,197.268872
117.0,117,197.290245
134.0,134,197.315025
126.0,126,197.33807
131.0,131,197.362432
31.0,31,197.368285
121.0,121,197.390533
125.0,125,197.413408
171.0,171,197.444997
117.0,117,197.46627
23.0,23,197.470635
126.0,126,197.493537
116.0,116,197.555687
29.0,29,197.561788
18.0,18,197.565091
135.0,135,197.590697
14.0,14,197.593006
123.0,123,197.615999
132.0,132,197.640455
116.0,116,197.662006
126.0,126,197.685639
169.0,169,197.716492
30.0,30,197.721823
115.0,115,197.74319
137.0,137,197.768267
122.0,122,197.79107
128.0,128,197.814473
116.0,116,197.835862
23.0,23,197.840237
29.0,29,197.84548
25.0,25,197.849947
12.0,12,197.852155
124.0,124,197.874815
120.0,120,197.896817
126.0,126,197.920192
133.0,133,197.995615
120.0,120,198.017985
28.0,28,198.023269
27.0,27,198.028336
140.0,140,198.054146
139.0,139,198.079249
135.0,135,198.104068
22.0,22,198.108319
125.0,125,198.131055
123.0,123,198.153788
25.0,25,198.158344
23.0,23,198.162755
124.0,124,198.185645
24.0,24,198.190008
144.0,144,198.21647
129.0,129,198.240142
117.0,117,198.26136
122.0,122,198.283915
130.0,130,198.307533
118.0,118,198.329498
18.0,18,198.332626
19.0,19,198.336188
21.0,21,198.339948
120.0,120,198.394732
127.0,127,198.4191
18.0,18,198.422256
20.0,20,198.425913
179.0,179,198.459037
25.0,25,198.463583
29.0,29,198.46912
130.0,130,198.492953
124.0,124,198.516842
127.0,127,198.540382
126.0,126,198.563577
124.0,124,198.586377
120.0,120,198.60851
125.0,125,198.631799
135.0,135,198.656189
122.0,122,198.678816
120.0,120,198.700955
116.0,116,198.722074
24.0,24,198.726598
111.0,111,198.790843
208.0,208,198.833399
124.0,124,198.858397
136.0,136,198.891388
139.0,139,198.922806
26.0,26,198.928597
120.0,120,198.955366
141.0,141,198.987359
22.0,22,198.99263
16.0,16,198.996111
124.0,124,199.02222
27.0,27,199.027628
27.0,27,199.034894
117.0,117,199.060588
13.0,13,199.063477
23.0,23,199.068022
123.0,123,199.094511
122.0,122,199.121385
140.0,140,199.152671
127.0,127,199.180626
24.0,24,199.185929
21.0,21,199.191273
125.0,125,199.225462
128.0,128,199.319345
117.0,117,199.345124
131.0,131,199.375142
22.0,22,199.380949
28.0,28,199.388573
118.0,118,199.41476
22.0,22,199.419949
118.0,118,199.448073
119.0,119,199.48244
122.0,122,199.511348
123.0,123,199.538714
121.0,121,199.568072
32.0,32,199.577419
125.0,125,199.606902
121.0,121,199.634498
11.0,11,199.636396
138.0,138,199.667854
128.0,128,199.693316
25.0,25,199.697994
120.0,120,199.720625
121.0,121,199.743033
21.0,21,199.747388
118.0,118,199.790383
126.0,126,199.814343
122.0,122,199.836824
127.0,127,199.86055
21.0,21,199.864709
24.0,24,199.869229
116.0,116,199.890747
132.0,132,199.915198
137.0,137,199.940148
29.0,29,199.945967
115.0,115,199.966793
127.0,127,199.990361
116.0,116,200.011724
123.0,123,200.034556
19.0,19,200.038181
24.0,24,200.042645
122.0,122,200.064884
17.0,17,200.067815
23.0,23,200.072034
135.0,135,200.096951
114.0,114,200.117692
121.0,121,200.140048
26.0,26,200.144513
128.0,128,200.189997
23.0,23,200.194634
126.0,126,200.21779
115.0,115,200.239066
131.0,131,200.263179
21.0,21,200.267034
25.0,25,200.271576
27.0,27,200.27673
118.0,118,200.298751
24.0,24,200.303283
24.0,24,200.307809
128.0,128,200.33112
29.0,29,200.336357
27.0,27,200.34146
116.0,116,200.36293
27.0,27,200.367608
27.0,27,200.37274
25.0,25,200.37722
126.0,126,200.400622
23.0,23,200.40497
115.0,115,200.42575
126.0,126,200.448886
127.0,127,200.472259
23.0,23,200.476168
20.0,20,200.479829
115.0,115,200.500932
25.0,25,200.505391
25.0,25,200.510331
122.0,122,200.532592
115.0,115,200.569452
29.0,29,200.574892
122.0,122,200.598035
26.0,26,200.602715
120.0,120,200.625178
21.0,21,200.628931
30.0,30,200.634606
19.0,19,200.638317
117.0,117,200.660028
115.0,115,200.681261
34.0,34,200.687263
120.0,120,200.709567
22.0,22,200.713884
23.0,23,200.717728
31.0,31,200.723524
21.0,21,200.727274
122.0,122,200.749765
28.0,28,200.754956
21.0,21,200.758675
16.0,16,200.761692
11.0,11,200.763833
19.0,19,200.767444
121.0,121,200.789522
115.0,115,200.810822
118.0,118,200.83236
118.0,118,200.854047
125.0,125,200.876776
15.0,15,200.87962
116.0,116,200.900975
125.0,125,200.961889
252.0,252,201.009535
21.0,21,201.013513
123.0,123,201.03646
64.0,64,201.048088
123.0,123,201.070825
131.0,131,201.09459
129.0,129,201.118395
28.0,28,201.123608
154.0,154,201.152235
118.0,118,201.174526
14.0,14,201.176836
118.0,118,201.198713
125.0,125,201.221584
121.0,121,201.243833
25.0,25,201.248269
125.0,125,201.271413
124.0,124,201.294215
120.0,120,201.316223
133.0,133,201.37987
145.0,145,201.406766
119.0,119,201.429038
123.0,123,201.451901
30.0,30,201.457242
115.0,115,201.478506
123.0,123,201.501186
23.0,23,201.50515
123.0,123,201.527964
157.0,157,201.556756
125.0,125,201.580189
127.0,127,201.603042
36.0,36,201.609662
113.0,113,201.630581
23.0,23,201.634497
20.0,20,201.638275
112.0,112,201.658893
133.0,133,201.683489
22.0,22,201.687263
115.0,115,201.70844
129.0,129,201.731949
133.0,133,201.798989
26.0,26,201.804036
27.0,27,201.809435
20.0,20,201.813294
31.0,31,201.818858
127.0,127,201.842829
24.0,24,201.847301
21.0,21,201.851099
25.0,25,201.856108
27.0,27,201.860805
19.0,19,201.864479
27.0,27,201.869631
19.0,19,201.873247
131.0,131,201.897375
170.0,170,201.928681
18.0,18,201.931762
124.0,124,201.954776
31.0,31,201.960637
197.0,197,201.996912
20.0,20,202.000644
25.0,25,202.005529
136.0,136,202.030485
21.0,21,202.034261
119.0,119,202.056178
127.0,127,202.079391
34.0,34,202.085776
23.0,23,202.09016
31.0,31,202.095511
122.0,122,202.118065
29.0,29,202.12336
112.0,112,202.144045
138.0,138,202.217427
126.0,126,202.240918
122.0,122,202.263614
121.0,121,202.285703
25.0,25,202.290198
30.0,30,202.296049
145.0,145,202.322795
23.0,23,202.327139
18.0,18,202.330206
115.0,115,202.351622
35.0,35,202.358095
20.0,20,202.36182
121.0,121,202.384008
23.0,23,202.38847
116.0,116,202.409914
151.0,151,202.437278
114.0,114,202.458394
119.0,119,202.480152
137.0,137,202.505032
19.0,19,202.508688
32.0,32,202.514602
115.0,115,202.53537
28.0,28,202.540525
21.0,21,202.544795
121.0,121,202.583078
113.0,113,202.60474
21.0,21,202.608755
123.0,123,202.631683
122.0,122,202.654566
23.0,23,202.658526
112.0,112,202.679051
28.0,28,202.684236
117.0,117,202.70615
124.0,124,202.728808
121.0,121,202.75094
119.0,119,202.7732
126.0,126,202.795918
24.0,24,202.800292
24.0,24,202.804625
16.0,16,202.807583
115.0,115,202.82871
128.0,128,202.851983
183.0,183,202.885731
115.0,115,202.906529
26.0,26,202.911594
137.0,137,202.936431
28.0,28,202.941648
27.0,27,202.946776
27.0,27,202.968284
31.0,31,202.97456
24.0,24,202.979312
25.0,25,202.98436
23.0,23,202.988318
23.0,23,202.99298
27.0,27,202.998097
130.0,130,203.021698
18.0,18,203.025381
20.0,20,203.029256
122.0,122,203.05186
129.0,129,203.075631
121.0,121,203.097868
127.0,127,203.121355
139.0,139,203.146372
128.0,128,203.169662
115.0,115,203.1908
14.0,14,203.193565
21.0,21,203.197312
21.0,21,203.201033
115.0,115,203.222032
136.0,136,203.246694
121.0,121,203.268638
118.0,118,203.290551
30.0,30,203.295818
115.0,115,203.316908
27.0,27,203.321919
22.0,22,203.325782
20.0,20,203.329431
22.0,22,203.333607
130.0,130,203.397645
23.0,23,203.402139
16.0,16,203.405054
20.0,20,203.408806
12.0,12,203.410952
27.0,27,203.416102
145.0,145,203.442941
127.0,127,203.466339
127.0,127,203.489411
130.0,130,203.513355
32.0,32,203.519239
122.0,122,203.541284
172.0,172,203.572675
125.0,125,203.59603
129.0,129,203.619465
53.0,53,203.6293
33.0,33,203.635282
114.0,114,203.656381
24.0,24,203.660853
10.0,10,203.662385
23.0,23,203.666755
21.0,21,203.670588
32.0,32,203.676316
26.0,26,203.681358
117.0,117,203.702844
119.0,119,203.725174
119.0,119,203.756546
126.0,126,203.780539
21.0,21,203.784347
122.0,122,203.807391
33.0,33,203.813336
28.0,28,203.818485
113.0,113,203.839111
188.0,188,203.873587
21.0,21,203.877797
124.0,124,203.900426
22.0,22,203.904291
23.0,23,203.908665
26.0,26,203.913301
20.0,20,203.917006
23.0,23,203.921286
23.0,23,203.925659
25.0,25,203.930165
124.0,124,203.952731
40.0,40,203.960039
19.0,19,203.9637
16.0,16,203.966648
25.0,25,203.971156
145.0,145,203.99822
23.0,23,204.002601
19.0,19,204.006157
21.0,21,204.009871
20.0,20,204.013533
25.0,25,204.018072
20.0,20,204.021777
26.0,26,204.026638
125.0,125,204.049247
30.0,30,204.054996
21.0,21,204.058747
116.0,116,204.079958
25.0,25,204.084486
23.0,23,204.088899
18.0,18,204.092019
20.0,20,204.0957
23.0,23,204.100073
21.0,21,204.103803
31.0,31,204.109682
24.0,24,204.11415
114.0,114,204.144425
21.0,21,204.148307
20.0,20,204.15208
19.0,19,204.155751
21.0,21,204.159627
143.0,143,204.186154
23.0,23,204.19019
29.0,29,204.195869
27.0,27,204.200567
118.0,118,204.222307
123.0,123,204.244784
23.0,23,204.248633
31.0,31,204.254471
23.0,23,204.258906
21.0,21,204.262691
118.0,118,204.284549
116.0,116,204.30575
15.0,15,204.308141
127.0,127,204.33147
118.0,118,204.353355
110.0,110,204.3732
23.0,23,204.377519
126.0,126,204.40035
129.0,129,204.424439
23.0,23,204.428421
114.0,114,204.450566
18.0,18,204.454017
114.0,114,204.476634
116.0,116,204.49828
127.0,127,204.588009
113.0,113,204.611524
131.0,131,204.639731
25.0,25,204.644881
117.0,117,204.683135
116.0,116,204.726892
114.0,114,204.751331
29.0,29,204.757571
122.0,122,204.781632
24.0,24,204.78659
25.0,25,204.792198
117.0,117,204.816672
21.0,21,204.820878
116.0,116,204.845411
31.0,31,204.852372
21.0,21,204.857601
130.0,130,204.885606
125.0,125,204.91402
121.0,121,204.952366
24.0,24,204.960871
23.0,23,204.972669
114.0,114,205.00322
21.0,21,205.045397
118.0,118,205.070195
11.0,11,205.07305
115.0,115,205.121765
116.0,116,205.147891
120.0,120,205.174436
118.0,118,205.200121
20.0,20,205.204503
24.0,24,205.209887
37.0,37,205.218288
29.0,29,205.225084
21.0,21,205.230156
34.0,34,205.237671
28.0,28,205.245498
117.0,117,205.272265
139.0,139,205.303976
111.0,111,205.331457
125.0,125,205.356191
24.0,24,205.360782
20.0,20,205.364581
21.0,21,205.368846
23.0,23,205.372793
28.0,28,205.37804
20.0,20,205.381778
124.0,124,205.404761
25.0,25,205.409655
23.0,23,205.413678
22.0,22,205.418139
25.0,25,205.422696
24.0,24,205.42715
21.0,21,205.431106
27.0,27,205.436292
125.0,125,205.459478
19.0,19,205.463045
28.0,28,205.468367
18.0,18,205.471936
19.0,19,205.475119
114.0,114,205.496423
121.0,121,205.518667
26.0,26,205.523761
25.0,25,205.528232
115.0,115,205.577344
132.0,132,205.601949
32.0,32,205.607979
18.0,18,205.61106
114.0,114,205.632309
19.0,19,205.635581
28.0,28,205.640737
116.0,116,205.662235
118.0,118,205.684207
115.0,115,205.705634
27.0,27,205.710182
22.0,22,205.714477
123.0,123,205.737233
12.0,12,205.739439
21.0,21,205.743224
16.0,16,205.746188
25.0,25,205.750748
24.0,24,205.755247
24.0,24,205.75965
31.0,31,205.765385
27.0,27,205.770426
21.0,21,205.77414
30.0,30,205.779389
129.0,129,205.803245
119.0,119,205.824769
23.0,23,205.829108
24.0,24,205.833525
21.0,21,205.83727
25.0,25,205.84217
114.0,114,205.862782
27.0,27,205.867953
119.0,119,205.889903
37.0,37,205.896537
120.0,120,205.918601
23.0,23,205.922966
19.0,19,205.94621
24.0,24,205.950823
112.0,112,205.972485
122.0,122,205.995469
25.0,25,205.999938
19.0,19,206.003576
24.0,24,206.008143
123.0,123,206.030812
41.0,41,206.038262
25.0,25,206.042718
16.0,16,206.045673
114.0,114,206.067067
27.0,27,206.07178
20.0,20,206.075534
22.0,22,206.079889
127.0,127,206.103358
37.0,37,206.110069
118.0,118,206.131394
19.0,19,206.135055
114.0,114,206.156384
25.0,25,206.160919
122.0,122,206.182837
23.0,23,206.187123
32.0,32,206.193027
18.0,18,206.196579
27.0,27,206.201195
122.0,122,206.223597
116.0,116,206.244786
120.0,120,206.266684
23.0,23,206.271228
120.0,120,206.293254
128.0,128,206.343101
27.0,27,206.348475
21.0,21,206.353077
18.0,18,206.356331
29.0,29,206.361615
37.0,37,206.368955
124.0,124,206.392184
123.0,123,206.41434
29.0,29,206.419971
20.0,20,206.42363
112.0,112,206.444135
114.0,114,206.464762
116.0,116,206.485757
19.0,19,206.48937
113.0,113,206.509792
120.0,120,206.532005
34.0,34,206.538569
13.0,13,206.540847
24.0,24,206.545272
23.0,23,206.549626
23.0,23,206.553632
127.0,127,206.576995
128.0,128,206.600528
16.0,16,206.603458
25.0,25,206.607922
120.0,120,206.629804
23.0,23,206.634147
23.0,23,206.63851
32.0,32,206.644487
22.0,22,206.648276
17.0,17,206.651762
22.0,22,206.655599
25.0,25,206.66012
119.0,119,206.681836
28.0,28,206.686983
20.0,20,206.690693
26.0,26,206.695648
27.0,27,206.700254
26.0,26,206.70538
18.0,18,206.708671
21.0,21,206.726463
23.0,23,206.730737
114.0,114,206.752643
27.0,27,206.757958
29.0,29,206.763118
27.0,27,206.768271
23.0,23,206.772263
25.0,25,206.777324
18.0,18,206.780415
23.0,23,206.784947
24.0,24,206.789567
16.0,16,206.792673
23.0,23,206.797119
22.0,22,206.801437
28.0,28,206.807294
25.0,25,206.815966
25.0,25,206.827766
31.0,31,206.836333
28.0,28,206.842607
20.0,20,206.849215
23.0,23,206.854254
23.0,23,206.860365
25.0,25,206.865946
20.0,20,206.876167
26.0,26,206.883966
27.0,27,206.889642
117.0,117,206.91379
20.0,20,206.917915
34.0,34,206.92437
16.0,16,206.9276
119.0,119,206.952636
146.0,146,206.991068
25.0,25,206.997692
21.0,21,207.002967
115.0,115,207.045197
117.0,117,207.06863
113.0,113,207.091996
122.0,122,207.11887
27.0,27,207.124623
23.0,23,207.12982
19.0,19,207.133776
25.0,25,207.139521
27.0,27,207.14505
26.0,26,207.150445
21.0,21,207.155367
21.0,21,207.159695
27.0,27,207.166139
122.0,122,207.22802
19.0,19,207.232514
18.0,18,207.23622
23.0,23,207.241449
20.0,20,207.246233
18.0,18,207.250385
27.0,27,207.256038
22.0,22,207.261198
17.0,17,207.264528
20.0,20,207.268786
27.0,27,207.274402
25.0,25,207.279512
20.0,20,207.28363
114.0,114,207.310409
20.0,20,207.314829
20.0,20,207.319326
18.0,18,207.323193
19.0,19,207.327465
20.0,20,207.331705
20.0,20,207.335801
20.0,20,207.340104
16.0,16,207.343968
19.0,19,207.347968
18.0,18,207.351583
19.0,19,207.355849
13.0,13,207.358804
23.0,23,207.364053
17.0,17,207.368048
22.0,22,207.372865
21.0,21,207.377398
11.0,11,207.379747
18.0,18,207.383738
21.0,21,207.387954
20.0,20,207.392018
16.0,16,207.395921
13.0,13,207.39907
23.0,23,207.40338
20.0,20,207.407932
19.0,19,207.413893
24.0,24,207.42379
13.0,13,207.428029
18.0,18,207.432742
18.0,18,207.440077
23.0,23,207.448996
26.0,26,207.456456
27.0,27,207.464777
23.0,23,207.47241
21.0,21,207.478093
22.0,22,207.483758
20.0,20,207.489609
27.0,27,207.498487
18.0,18,207.502387
22.0,22,207.507878
18.0,18,207.511541
28.0,28,207.520136
28.0,28,207.526768
22.0,22,207.531414
21.0,21,207.535993
24.0,24,207.542056
30.0,30,207.548869
27.0,27,207.554969
20.0,20,207.560393
26.0,26,207.566057
20.0,20,207.569803
13.0,13,207.572269
27.0,27,207.577502
18.0,18,207.580775
20.0,20,207.584523
26.0,26,207.58982
20.0,20,207.593675
17.0,17,207.596789
20.0,20,207.600581
20.0,20,207.604395
32.0,32,207.610573
25.0,25,207.615055
25.0,25,207.619532
23.0,23,207.623974
22.0,22,207.628322
23.0,23,207.632279
25.0,25,207.637277
22.0,22,207.641161
21.0,21,207.644958
23.0,23,207.649393
18.0,18,207.652944
21.0,21,207.656874
21.0,21,207.660673
29.0,29,207.665937
30.0,30,207.671648
114.0,114,207.700942
29.0,29,207.706953
22.0,22,207.711126
24.0,24,207.715669
23.0,23,207.720106
27.0,27,207.725233
27.0,27,207.729945
18.0,18,207.733569
19.0,19,207.737276
27.0,27,207.741988
21.0,21,207.746289
117.0,117,207.767695
110.0,110,207.787779
25.0,25,207.792719
18.0,18,207.795701
15.0,15,207.798602
20.0,20,207.802378
18.0,18,207.805533
19.0,19,207.809014
22.0,22,207.813289
19.0,19,207.816422
18.0,18,207.819941
25.0,25,207.824422
21.0,21,207.828228
22.0,22,207.832553
32.0,32,207.838523
17.0,17,207.841599
13.0,13,207.843863
23.0,23,207.848239
23.0,23,207.852593
11.0,11,207.854672
22.0,22,207.858488
19.0,19,207.862132
28.0,28,207.867426
27.0,27,207.872485
20.0,20,207.876145
24.0,24,207.880613
20.0,20,207.88431
20.0,20,207.888032
111.0,111,207.90801
20.0,20,207.911733
109.0,109,207.931984
18.0,18,207.935073
24.0,24,207.939455
17.0,17,207.942471
22.0,22,207.946727
18.0,18,207.949832
24.0,24,207.954207
15.0,15,207.957014
27.0,27,207.962136
27.0,27,207.967312
20.0,20,207.970982
111.0,111,207.991027
29.0,29,207.996699
27.0,27,208.001268
22.0,22,208.005585
22.0,22,208.009445
20.0,20,208.014734
27.0,27,208.019875
19.0,19,208.023527
14.0,14,208.025897
23.0,23,208.030308
27.0,27,208.03545
21.0,21,208.039149
16.0,16,208.042068
25.0,25,208.046585
22.0,22,208.050833
18.0,18,208.05392
28.0,28,208.059038
22.0,22,208.071181
13.0,13,208.073625
21.0,21,208.077839
20.0,20,208.081766
19.0,19,208.085587
18.0,18,208.089213
20.0,20,208.093149
25.0,25,208.097774
18.0,18,208.100937
20.0,20,208.104686
25.0,25,208.109681
26.0,26,208.114314
19.0,19,208.117942
111.0,111,208.138607
20.0,20,208.142333
24.0,24,208.14677
20.0,20,208.150408
25.0,25,208.154873
16.0,16,208.157828
18.0,18,208.161014
16.0,16,208.163993
22.0,22,208.168302
27.0,27,208.17342
24.0,24,208.177913
22.0,22,208.18172
19.0,19,208.185293
22.0,22,208.189126
22.0,22,208.193493
24.0,24,208.197907
25.0,25,208.20245
25.0,25,208.206975
21.0,21,208.211187
22.0,22,208.215154
27.0,27,208.220225
21.0,21,208.224011
20.0,20,208.227736
26.0,26,208.232763
24.0,24,208.237186
23.0,23,208.241038
30.0,30,208.246833
18.0,18,208.24994
16.0,16,208.252853
22.0,22,208.257111
24.0,24,208.261446
33.0,33,208.267445
25.0,25,208.271982
24.0,24,208.276504
17.0,17,208.280002
20.0,20,208.28373
27.0,27,208.288313
26.0,26,208.293375
20.0,20,208.297058
109.0,109,208.316809
21.0,21,208.320477
25.0,25,208.325379
25.0,25,208.329943
27.0,27,208.335072
18.0,18,208.338179
15.0,15,208.341074
22.0,22,208.344876
23.0,23,208.349172
21.0,21,208.352988
19.0,19,208.356656
20.0,20,208.360373
22.0,22,208.364604
22.0,22,208.368412
25.0,25,208.372923
24.0,24,208.37738
27.0,27,208.382404
20.0,20,208.386065
24.0,24,208.390491
20.0,20,208.394153
17.0,17,208.397139
26.0,26,208.402155
27.0,27,208.407258
23.0,23,208.411157
23.0,23,208.415518
20.0,20,208.419215
29.0,29,208.424358
110.0,110,208.454161
22.0,22,208.458446
21.0,21,208.462824
20.0,20,208.466501
27.0,27,208.47142
109.0,109,208.492143
26.0,26,208.496681
23.0,23,208.501087
20.0,20,208.504828
18.0,18,208.508038
22.0,22,208.512333
24.0,24,208.516789
25.0,25,208.521349
21.0,21,208.525111
20.0,20,208.528788
34.0,34,208.535198
108.0,108,208.554714
28.0,28,208.559856
23.0,23,208.564202
25.0,25,208.568763
18.0,18,208.571884
21.0,21,208.576113
26.0,26,208.58074
26.0,26,208.585719
27.0,27,208.590415
18.0,18,208.593977
23.0,23,208.59853
118.0,118,208.620035
115.0,115,208.641282
26.0,26,208.64589
19.0,19,208.649545
21.0,21,208.653311
21.0,21,208.657495
16.0,16,208.660418
26.0,26,208.665017
17.0,17,208.668025
21.0,21,208.672236
18.0,18,208.675344
22.0,22,208.679644
18.0,18,208.682714
27.0,27,208.687835
22.0,22,208.691699
18.0,18,208.695215
15.0,15,208.698132
22.0,22,208.702042
30.0,30,208.707716
23.0,23,208.711596
22.0,22,208.715811
27.0,27,208.720951
20.0,20,208.724672
20.0,20,208.728418
21.0,21,208.73218
18.0,18,208.735274
29.0,29,208.7409
16.0,16,208.743789
22.0,22,208.747419
18.0,18,208.750955
27.0,27,208.755589
14.0,14,208.758348
20.0,20,208.762039
28.0,28,208.767081
33.0,33,208.772973
16.0,16,208.775943
21.0,21,208.779707
20.0,20,208.783466
30.0,30,208.789255
20.0,20,208.792914
20.0,20,208.796643
18.0,18,208.79975
29.0,29,208.805387
27.0,27,208.810082
16.0,16,208.812969
25.0,25,208.831304
27.0,27,208.83621
23.0,23,208.841191
20.0,20,208.845018
22.0,22,208.849459
15.0,15,208.851896
21.0,21,208.85615
17.0,17,208.859375
31.0,31,208.865265
20.0,20,208.869023
18.0,18,208.872315
20.0,20,208.87603
18.0,18,208.879627
15.0,15,208.882042
24.0,24,208.886459
29.0,29,208.892254
27.0,27,208.896815
18.0,18,208.900352
22.0,22,208.904113
32.0,32,208.910004
25.0,25,208.915011
18.0,18,208.918104
27.0,27,208.923202
25.0,25,208.927718
25.0,25,208.932268
19.0,19,208.935839
25.0,25,208.940334
18.0,18,208.943912
17.0,17,208.94699
20.0,20,208.950661
19.0,19,208.954258
21.0,21,208.95802
19.0,19,208.961791
27.0,27,208.966995
27.0,27,208.97163
21.0,21,208.976213
21.0,21,208.9801
25.0,25,208.984618
18.0,18,208.988078
17.0,17,208.991209
18.0,18,208.994379
25.0,25,208.999328
30.0,30,209.004639
19.0,19,209.008268
19.0,19,209.011994
21.0,21,209.016161
23.0,23,209.020791
25.0,25,209.025319
29.0,29,209.03071
36.0,36,209.037305
17.0,17,209.040251
21.0,21,209.044455
21.0,21,209.048278
25.0,25,209.052727
23.0,23,209.057196
33.0,33,209.062995
28.0,28,209.06809
20.0,20,209.071778
18.0,18,209.075292
23.0,23,209.079163
21.0,21,209.083411
21.0,21,209.087153
17.0,17,209.090133
31.0,31,209.096003
18.0,18,209.099151
16.0,16,209.102089
17.0,17,209.105577
18.0,18,209.108706
27.0,27,209.113831
31.0,31,209.119767
25.0,25,209.124331
20.0,20,209.128031
20.0,20,209.131691
20.0,20,209.135459
13.0,13,209.137683
20.0,20,209.141392
20.0,20,209.145164
23.0,23,209.149499
23.0,23,209.153808
13.0,13,209.156095
24.0,24,209.160523
21.0,21,209.164315
25.0,25,209.168836
17.0,17,209.172325
27.0,27,209.177064
28.0,28,209.182175
24.0,24,209.186667
20.0,20,209.190306
22.0,22,209.194674
16.0,16,209.197705
24.0,24,209.202147
26.0,26,209.216854
122.0,122,209.240525
18.0,18,209.243717
28.0,28,209.248971
122.0,122,209.271591
32.0,32,209.277602
21.0,21,209.281346
120.0,120,209.303225
25.0,25,209.307708
23.0,23,209.311981
23.0,23,209.316311
27.0,27,209.32139
117.0,117,209.342663
23.0,23,209.347008
26.0,26,209.351791
27.0,27,209.356954
31.0,31,209.363429
24.0,24,209.368353
21.0,21,209.372682
116.0,116,209.395613
121.0,121,209.420143
121.0,121,209.445378
124.0,124,209.473039
26.0,26,209.478727
21.0,21,209.484159
23.0,23,209.489283
25.0,25,209.494289
25.0,25,209.499156
27.0,27,209.504508
32.0,32,209.511757
23.0,23,209.516615
128.0,128,209.542523
21.0,21,209.54712
23.0,23,209.551849
25.0,25,209.556563
21.0,21,209.560625
25.0,25,209.565681
121.0,121,209.590195
27.0,27,209.59586
21.0,21,209.600399
30.0,30,209.606626
26.0,26,209.612644
20.0,20,209.626028
113.0,113,209.651533
117.0,117,209.685308
27.0,27,209.694909
119.0,119,209.728892
18.0,18,209.732419
22.0,22,209.741135
120.0,120,209.772587
29.0,29,209.778775
25.0,25,209.784258
33.0,33,209.792064
32.0,32,209.799133
32.0,32,209.80562
23.0,23,209.810099
23.0,23,209.815351
20.0,20,209.819575
23.0,23,209.824485
31.0,31,209.830627
30.0,30,209.836554
21.0,21,209.841499
20.0,20,209.846278
21.0,21,209.851724
121.0,121,209.878947
116.0,116,209.904748
21.0,21,209.909965
29.0,29,209.91634
136.0,136,209.946104
117.0,117,209.97175
18.0,18,209.975617
117.0,117,210.000449
24.0,24,210.005342
29.0,29,210.013076
127.0,127,210.040545
32.0,32,210.047948
20.0,20,210.05213
119.0,119,210.07526
120.0,120,210.144671
24.0,24,210.153595
28.0,28,210.15921
25.0,25,210.164146
28.0,28,210.169648
26.0,26,210.174975
24.0,24,210.17949
120.0,120,210.201831
118.0,118,210.223505
119.0,119,210.245726
20.0,20,210.249441
20.0,20,210.253192
116.0,116,210.274331
30.0,30,210.28011
22.0,22,210.283836
119.0,119,210.305883
27.0,27,210.31103
24.0,24,210.315452
32.0,32,210.321382
23.0,23,210.325347
30.0,30,210.331107
27.0,27,210.336221
25.0,25,210.340558
22.0,22,210.344347
18.0,18,210.347905
19.0,19,210.351469
20.0,20,210.355217
30.0,30,210.360589
25.0,25,210.36516
32.0,32,210.371087
23.0,23,210.375472
115.0,115,210.396475
22.0,22,210.400375
22.0,22,210.404654
18.0,18,210.407787
22.0,22,210.412054
25.0,25,210.416525
119.0,119,210.438313
21.0,21,210.442069
34.0,34,210.448495
26.0,26,210.453051
22.0,22,210.457333
24.0,24,210.461768
118.0,118,210.483263
23.0,23,210.487581
22.0,22,210.49146
23.0,23,210.495829
27.0,27,210.501002
25.0,25,210.505536
26.0,26,210.529948
20.0,20,210.533805
18.0,18,210.53739
34.0,34,210.544024
28.0,28,210.549191
18.0,18,210.552341
23.0,23,210.556879
18.0,18,210.560318
25.0,25,210.565358
24.0,24,210.569946
46.0,46,210.578302
119.0,119,210.600498
21.0,21,210.60419
30.0,30,210.609971
21.0,21,210.613762
117.0,117,210.63531
39.0,39,210.642556
16.0,16,210.645443
112.0,112,210.666025
23.0,23,210.670368
22.0,22,210.674169
17.0,17,210.677214
23.0,23,210.681569
19.0,19,210.685065
33.0,33,210.690956
22.0,22,210.695171
21.0,21,210.698927
24.0,24,210.70341
24.0,24,210.707908
23.0,23,210.712197
30.0,30,210.717558
24.0,24,210.721924
25.0,25,210.726338
25.0,25,210.731195
23.0,23,210.735171
21.0,21,210.739385
22.0,22,210.743059
118.0,118,210.76481
122.0,122,210.78688
135.0,135,210.811787
113.0,113,210.832344
20.0,20,210.836101
19.0,19,210.839745
20.0,20,210.843483
18.0,18,210.84658
18.0,18,210.850078
22.0,22,210.853999
34.0,34,210.860437
30.0,30,210.865755
18.0,18,210.869285
119.0,119,210.891274
27.0,27,210.895994
21.0,21,210.908245
20.0,20,210.912521
21.0,21,210.916645
113.0,113,210.937934
19.0,19,210.941601
27.0,27,210.946733
19.0,19,210.949966
117.0,117,210.972052
137.0,137,210.996898
112.0,112,211.017202
30.0,30,211.022451
20.0,20,211.026169
30.0,30,211.031948
118.0,118,211.053418
21.0,21,211.057668
16.0,16,211.060615
25.0,25,211.065106
30.0,30,211.07038
115.0,115,211.091598
118.0,118,211.113652
21.0,21,211.117397
25.0,25,211.121829
21.0,21,211.125676
20.0,20,211.129335
26.0,26,211.13442
20.0,20,211.138104
29.0,29,211.1434
24.0,24,211.147782
25.0,25,211.152259
23.0,23,211.156576
21.0,21,211.160329
120.0,120,211.182261
18.0,18,211.185762
20.0,20,211.189417
21.0,21,211.193148
127.0,127,211.216564
34.0,34,211.222522
22.0,22,211.22675
27.0,27,211.231829
27.0,27,211.236508
21.0,21,211.240731
32.0,32,211.246611
23.0,23,211.250606
19.0,19,211.254277
37.0,37,211.260898
27.0,27,211.265928
23.0,23,211.270318
28.0,28,211.302845
23.0,23,211.307518
27.0,27,211.312807
28.0,28,211.318181
27.0,27,211.323476
23.0,23,211.327971
18.0,18,211.331134
21.0,21,211.335402
123.0,123,211.357666
22.0,22,211.361984
25.0,25,211.366545
20.0,20,211.370325
20.0,20,211.374013
25.0,25,211.37857
11.0,11,211.380711
164.0,164,211.410706
21.0,21,211.414449
117.0,117,211.43595
25.0,25,211.440354
18.0,18,211.443603
18.0,18,211.44715
25.0,25,211.451653
22.0,22,211.455936
18.0,18,211.459091
25.0,25,211.463451
24.0,24,211.467774
25.0,25,211.472792
29.0,29,211.478025
17.0,17,211.480989
27.0,27,211.486153
113.0,113,211.506769
26.0,26,211.511693
26.0,26,211.516219
27.0,27,211.521329
136.0,136,211.546335
16.0,16,211.549352
18.0,18,211.552465
109.0,109,211.572824
25.0,25,211.577343
21.0,21,211.581211
28.0,28,211.586345
30.0,30,211.592146
34.0,34,211.598203
35.0,35,211.604827
26.0,26,211.609388
18.0,18,211.612892
113.0,113,211.633223
25.0,25,211.637775
109.0,109,211.658731
33.0,33,211.664708
123.0,123,211.70348
21.0,21,211.707559
23.0,23,211.712017
22.0,22,211.715948
125.0,125,211.738871
24.0,24,211.743435
25.0,25,211.748414
15.0,15,211.750751
20.0,20,211.754487
20.0,20,211.75814
23.0,23,211.762531
25.0,25,211.767045
32.0,32,211.77293
27.0,27,211.77805
32.0,32,211.783971
21.0,21,211.78771
27.0,27,211.792869
17.0,17,211.795934
22.0,22,211.800128
27.0,27,211.805155
28.0,28,211.810316
18.0,18,211.813341
23.0,23,211.817684
29.0,29,211.822979
137.0,137,211.847949
34.0,34,211.854538
20.0,20,211.858226
21.0,21,211.861969
21.0,21,211.865758
32.0,32,211.871639
26.0,26,211.876707
25.0,25,211.881224
119.0,119,211.903407
25.0,25,211.907871
29.0,29,211.913074
20.0,20,211.91675
21.0,21,211.920902
109.0,109,211.940838
25.0,25,211.945352
18.0,18,211.94883
21.0,21,211.952571
23.0,23,211.956922
22.0,22,211.960721
119.0,119,211.982503
19.0,19,211.986094
16.0,16,211.989141
28.0,28,211.994314
20.0,20,211.99801
30.0,30,212.003301
30.0,30,212.00902
23.0,23,212.012991
131.0,131,212.037201
126.0,126,212.074993
30.0,30,212.080933
19.0,19,212.084737
25.0,25,212.08934
28.0,28,212.094789
17.0,17,212.097878
17.0,17,212.101417
21.0,21,212.105259
128.0,128,212.128656
110.0,110,212.148743
28.0,28,212.153848
27.0,27,212.15909
20.0,20,212.162791
23.0,23,212.167195
20.0,20,212.170916
25.0,25,212.175481
23.0,23,212.179852
120.0,120,212.201903
27.0,27,212.207066
20.0,20,212.21078
20.0,20,212.21446
13.0,13,212.216777
22.0,22,212.220739
33.0,33,212.227313
10.0,10,212.228946
24.0,24,212.233389
23.0,23,212.237676
117.0,117,212.258988
30.0,30,212.264678
124.0,124,212.28749
30.0,30,212.293116
30.0,30,212.298953
31.0,31,212.304239
21.0,21,212.308479
22.0,22,212.312254
34.0,34,212.318725
30.0,30,212.324018
127.0,127,212.347259
18.0,18,212.350368
25.0,25,212.355288
112.0,112,212.375743
27.0,27,212.380419
26.0,26,212.385464
21.0,21,212.389225
23.0,23,212.393506
113.0,113,212.414025
31.0,31,212.419821
109.0,109,212.439625
25.0,25,212.457184
20.0,20,212.461388
27.0,27,212.466862
25.0,25,212.47148
20.0,20,212.475302
25.0,25,212.480442
17.0,17,212.483587
20.0,20,212.487359
26.0,26,212.491984
124.0,124,212.514946
32.0,32,212.520839
10.0,10,212.522858
24.0,24,212.527268
21.0,21,212.531009
20.0,20,212.534605
17.0,17,212.537602
28.0,28,212.542755
19.0,19,212.546351
22.0,22,212.550672
27.0,27,212.5552
27.0,27,212.560286
23.0,23,212.564699
23.0,23,212.569075
115.0,115,212.589708
136.0,136,212.614629
159.0,159,212.644032
26.0,26,212.648988
23.0,23,212.652961
122.0,122,212.675504
21.0,21,212.6793
110.0,110,212.699573
32.0,32,212.705498
21.0,21,212.709353
24.0,24,212.713834
28.0,28,212.719083
20.0,20,212.722788
31.0,31,212.72861
31.0,31,212.733927
21.0,21,212.738144
126.0,126,212.760818
18.0,18,212.764319
15.0,15,212.766776
24.0,24,212.771426
32.0,32,212.777214
20.0,20,212.780878
20.0,20,212.784581
25.0,25,212.789537
145.0,145,212.815809
21.0,21,212.819578
18.0,18,212.831104
22.0,22,212.835038
27.0,27,212.840683
27.0,27,212.845912
22.0,22,212.849833
25.0,25,212.854388
26.0,26,212.859698
23.0,23,212.864181
29.0,29,212.869489
27.0,27,212.874686
29.0,29,212.879953
21.0,21,212.883769
117.0,117,212.905103
25.0,25,212.91007
20.0,20,212.913761
20.0,20,212.917403
21.0,21,212.921234
20.0,20,212.924927
25.0,25,212.929363
20.0,20,212.933168
19.0,19,212.936773
16.0,16,212.93973
31.0,31,212.94548
19.0,19,212.948558
20.0,20,212.952275
17.0,17,212.955633
22.0,22,212.959414
25.0,25,212.963903
17.0,17,212.967371
29.0,29,212.972517
32.0,32,212.978676
23.0,23,212.983146
28.0,28,212.98841
22.0,22,212.992281
21.0,21,212.996036
17.0,17,212.999471
19.0,19,213.002645
15.0,15,213.005532
23.0,23,213.009862
14.0,14,213.012223
35.0,35,213.018788
14.0,14,213.021517
25.0,25,213.026056
22.0,22,213.029879
25.0,25,213.034847
26.0,26,213.039385
120.0,120,213.061448
31.0,31,213.067253
23.0,23,213.071699
17.0,17,213.074692
20.0,20,213.07849
19.0,19,213.082051
14.0,14,213.084439
22.0,22,213.088853
26.0,26,213.093391
28.0,28,213.098544
24.0,24,213.102982
27.0,27,213.108085
20.0,20,213.111818
19.0,19,213.115395
21.0,21,213.119269
20.0,20,213.122927
21.0,21,213.126732
18.0,18,213.130297
22.0,22,213.134107
22.0,22,213.138337
22.0,22,213.142055
122.0,122,213.164614
117.0,117,213.186164
21.0,21,213.189941
23.0,23,213.194336
22.0,22,213.198215
15.0,15,213.2011
23.0,23,213.216295
29.0,29,213.222179
118.0,118,213.245018
113.0,113,213.26615
137.0,137,213.291741
21.0,21,213.295608
122.0,122,213.318615
20.0,20,213.32239
33.0,33,213.328504
34.0,34,213.335073
27.0,27,213.339816
21.0,21,213.344073
24.0,24,213.348639
128.0,128,213.37259
21.0,21,213.376463
25.0,25,213.381087
121.0,121,213.403429
20.0,20,213.407197
20.0,20,213.410899
19.0,19,213.414551
23.0,23,213.418931
28.0,28,213.424166
23.0,23,213.428459
30.0,30,213.433905
115.0,115,213.455571
19.0,19,213.45913
41.0,41,213.466429
20.0,20,213.470172
19.0,19,213.473813
25.0,25,213.478352
26.0,26,213.483032
25.0,25,213.488099
28.0,28,213.493347
18.0,18,213.496473
117.0,117,213.518092
34.0,34,213.524626
23.0,23,213.5289
18.0,18,213.532053
27.0,27,213.537139
20.0,20,213.540823
27.0,27,213.545974
24.0,24,213.550453
20.0,20,213.554191
24.0,24,213.558672
22.0,22,213.562431
29.0,29,213.567733
120.0,120,213.597439
17.0,17,213.6014
21.0,21,213.605389
24.0,24,213.61001
124.0,124,213.633226
25.0,25,213.637876
20.0,20,213.641646
34.0,34,213.648198
28.0,28,213.653479
117.0,117,213.675271
124.0,124,213.69838
120.0,120,213.720514
133.0,133,213.745016
112.0,112,213.765602
35.0,35,213.772136
27.0,27,213.777195
23.0,23,213.781064
25.0,25,213.786071
30.0,30,213.791476
25.0,25,213.796073
21.0,21,213.800249
29.0,29,213.805481
117.0,117,213.826753
28.0,28,213.831903
16.0,16,213.834878
23.0,23,213.839194
120.0,120,213.861112
132.0,132,213.885601
23.0,23,213.890075
21.0,21,213.893871
24.0,24,213.898373
12.0,12,213.900532
114.0,114,213.921277
134.0,134,213.946052
115.0,115,213.975203
23.0,23,213.979628
17.0,17,213.983438
124.0,124,214.007049
130.0,130,214.031011
120.0,120,214.053184
28.0,28,214.058394
25.0,25,214.062929
22.0,22,214.067277
21.0,21,214.07115
15.0,15,214.074061
121.0,121,214.096325
127.0,127,214.119685
33.0,33,214.12571
22.0,22,214.129908
117.0,117,214.151576
26.0,26,214.156138
27.0,27,214.161313
27.0,27,214.166409
130.0,130,214.190089
32.0,32,214.195969
28.0,28,214.201243
23.0,23,214.205723
28.0,28,214.210888
125.0,125,214.234003
22.0,22,214.238252
27.0,27,214.243423
28.0,28,214.248689
30.0,30,214.254007
22.0,22,214.258351
118.0,118,214.280025
21.0,21,214.283815
126.0,126,214.307371
38.0,38,214.314163
18.0,18,214.317646
24.0,24,214.321988
22.0,22,214.325785
123.0,123,214.363047
24.0,24,214.368343
21.0,21,214.372428
23.0,23,214.376932
23.0,23,214.381641
22.0,22,214.386153
32.0,32,214.392322
123.0,123,214.415229
116.0,116,214.436643
113.0,113,214.458277
27.0,27,214.464059
27.0,27,214.469602
127.0,127,214.494736
18.0,18,214.497893
23.0,23,214.502463
23.0,23,214.506968
25.0,25,214.511578
110.0,110,214.531657
36.0,36,214.538377
27.0,27,214.543605
22.0,22,214.54789
117.0,117,214.569198
30.0,30,214.5746
27.0,27,214.57977
29.0,29,214.585115
23.0,23,214.589546
21.0,21,214.593418
30.0,30,214.59931
119.0,119,214.62139
21.0,21,214.625219
27.0,27,214.63037
21.0,21,214.634178
20.0,20,214.637801
18.0,18,214.640863
23.0,23,214.645265
18.0,18,214.648877
18.0,18,214.652157
28.0,28,214.658116
123.0,123,214.68096
23.0,23,214.685273
109.0,109,214.705352
115.0,115,214.726689
128.0,128,214.791662
120.0,120,214.816492
35.0,35,214.823188
27.0,27,214.829486
18.0,18,214.833439
125.0,125,214.859869
126.0,126,214.88503
43.0,43,214.897198
20.0,20,214.903388
18.0,18,214.911459
19.0,19,214.915675
24.0,24,214.923331
135.0,135,214.96954
23.0,23,214.974224
25.0,25,214.979072
21.0,21,214.983508
32.0,32,214.989897
121.0,121,215.015039
118.0,118,215.039598
25.0,25,215.044518
138.0,138,215.07354
23.0,23,215.079049
27.0,27,215.084189
26.0,26,215.090639
130.0,130,215.118757
20.0,20,215.122756
19.0,19,215.127232
26.0,26,215.132882
125.0,125,215.161233
128.0,128,215.191018
121.0,121,215.216107
118.0,118,215.295019
28.0,28,215.30306
23.0,23,215.310094
20.0,20,215.319793
23.0,23,215.327241
121.0,121,215.353833
27.0,27,215.35981
17.0,17,215.363163
24.0,24,215.367999
126.0,126,215.395948
118.0,118,215.425087
22.0,22,215.430148
23.0,23,215.43595
23.0,23,215.442543
129.0,129,215.470677
32.0,32,215.478031
23.0,23,215.482809
21.0,21,215.487727
20.0,20,215.49385
20.0,20,215.498458
21.0,21,215.503479
114.0,114,215.525974
28.0,28,215.531294
17.0,17,215.534786
124.0,124,215.5581
14.0,14,215.560453
22.0,22,215.564765
25.0,25,215.569392
28.0,28,215.574657
25.0,25,215.579242
17.0,17,215.582314
23.0,23,215.586761
28.0,28,215.592039
22.0,22,215.596228
25.0,25,215.600705
25.0,25,215.605349
22.0,22,215.609741
21.0,21,215.613552
121.0,121,215.636073
25.0,25,215.640649
26.0,26,215.645784
26.0,26,215.650453
116.0,116,215.671934
22.0,22,215.676268
121.0,121,215.698607
21.0,21,215.702458
12.0,12,215.70467
25.0,25,215.725601
23.0,23,215.729688
123.0,123,215.753936
20.0,20,215.757679
18.0,18,215.761259
32.0,32,215.76719
23.0,23,215.771132
30.0,30,215.777007
117.0,117,215.798759
23.0,23,215.80321
115.0,115,215.824759
23.0,23,215.828717
113.0,113,215.850003
123.0,123,215.872543
23.0,23,215.876902
20.0,20,215.880598
28.0,28,215.88576
43.0,43,215.893803
111.0,111,215.914527
23.0,23,215.918496
124.0,124,215.941282
132.0,132,215.965381
10.0,10,215.967484
16.0,16,215.970455
21.0,21,215.974226
28.0,28,215.979416
25.0,25,215.984054
22.0,22,215.988369
34.0,34,215.994432
122.0,122,216.017041
16.0,16,216.020041
30.0,30,216.025365
119.0,119,216.04732
18.0,18,216.050942
23.0,23,216.055378
20.0,20,216.059067
118.0,118,216.080997
23.0,23,216.085329
116.0,116,216.11586
23.0,23,216.120062
26.0,26,216.125371
24.0,24,216.129856
27.0,27,216.135159
22.0,22,216.139149
21.0,21,216.143031
18.0,18,216.146652
32.0,32,216.152579
113.0,113,216.173394
28.0,28,216.178632
117.0,117,216.200303
25.0,25,216.205352
32.0,32,216.211272
20.0,20,216.215016
21.0,21,216.218836
27.0,27,216.223923
20.0,20,216.227643
118.0,118,216.249261
24.0,24,216.253874
26.0,26,216.258938
25.0,25,216.263527
18.0,18,216.26666
20.0,20,216.270352
19.0,19,216.274072
25.0,25,216.278717
119.0,119,216.300899
116.0,116,216.322277
152.0,152,216.350388
29.0,29,216.35567
21.0,21,216.359827
14.0,14,216.362143
18.0,18,216.365736
24.0,24,216.370212
23.0,23,216.374147
23.0,23,216.378547
16.0,16,216.381481
26.0,26,216.386494
120.0,120,216.408731
26.0,26,216.413342
117.0,117,216.434761
109.0,109,216.455158
26.0,26,216.459709
28.0,28,216.464913
11.0,11,216.467023
20.0,20,216.470727
23.0,23,216.475088
20.0,20,216.494174
14.0,14,216.496661
23.0,23,216.50171
28.0,28,216.507197
28.0,28,216.512569
122.0,122,216.536368
24.0,24,216.540927
110.0,110,216.561419
27.0,27,216.566504
125.0,125,216.589479
21.0,21,216.593237
25.0,25,216.597767
16.0,16,216.600736
29.0,29,216.606762
28.0,28,216.612117
24.0,24,216.61664
20.0,20,216.620406
25.0,25,216.624959
115.0,115,216.646357
20.0,20,216.650138
24.0,24,216.654496
25.0,25,216.659106
24.0,24,216.66355
25.0,25,216.668075
30.0,30,216.673772
24.0,24,216.67822
20.0,20,216.681934
25.0,25,216.686462
23.0,23,216.690914
25.0,25,216.695517
30.0,30,216.70089
29.0,29,216.706531
21.0,21,216.710338
26.0,26,216.715027
21.0,21,216.719218
130.0,130,216.743256
19.0,19,216.746981
18.0,18,216.750152
23.0,23,216.754535
113.0,113,216.775281
27.0,27,216.780381
19.0,19,216.784093
27.0,27,216.78922
20.0,20,216.792836
120.0,120,216.81506
23.0,23,216.819028
19.0,19,216.822646
25.0,25,216.827236
23.0,23,216.831547
25.0,25,216.836078
28.0,28,216.841294
21.0,21,216.845486
27.0,27,216.850156
19.0,19,216.853824
109.0,109,216.881841
123.0,123,216.905337
27.0,27,216.910759
22.0,22,216.914726
28.0,28,216.919987
18.0,18,216.923698
15.0,15,216.92662
23.0,23,216.930624
21.0,21,216.934848
30.0,30,216.940421
21.0,21,216.944246
30.0,30,216.950073
111.0,111,216.970631
21.0,21,216.974416
114.0,114,216.995736
24.0,24,217.00039
30.0,30,217.006667
15.0,15,217.009762
23.0,23,217.014257
24.0,24,217.01941
28.0,28,217.024888
109.0,109,217.046842
119.0,119,217.070882
21.0,21,217.075462
25.0,25,217.080326
18.0,18,217.083841
18.0,18,217.087678
22.0,22,217.091888
22.0,22,217.096459
19.0,19,217.100642
32.0,32,217.106929
25.0,25,217.111758
28.0,28,217.117673
23.0,23,217.122504
30.0,30,217.128156
114.0,114,217.152372
114.0,114,217.176006
19.0,19,217.179861
24.0,24,217.184616
22.0,22,217.189552
29.0,29,217.195709
19.0,19,217.199972
24.0,24,217.205599
28.0,28,217.212001
119.0,119,217.255854
19.0,19,217.259864
30.0,30,217.273319
28.0,28,217.279575
22.0,22,217.284542
23.0,23,217.289394
17.0,17,217.293624
25.0,25,217.298972
18.0,18,217.302839
32.0,32,217.318817
167.0,167,217.355671
31.0,31,217.36225
30.0,30,217.369698
30.0,30,217.376623
15.0,15,217.379893
18.0,18,217.383908
28.0,28,217.38998
118.0,118,217.416374
118.0,118,217.441071
127.0,127,217.467675
21.0,21,217.472419
119.0,119,217.500188
128.0,128,217.527341
122.0,122,217.554312
124.0,124,217.581447
121.0,121,217.608121
89.0,89,217.628017
28.0,28,217.634093
12.0,12,217.636797
26.0,26,217.643331
19.0,19,217.64688
128.0,128,217.686394
164.0,164,217.730975
112.0,112,217.752543
25.0,25,217.757614
24.0,24,217.762237
28.0,28,217.767601
27.0,27,217.792079
134.0,134,217.818641
125.0,125,217.841805
23.0,23,217.846256
32.0,32,217.852261
27.0,27,217.857462
112.0,112,217.878202
28.0,28,217.883517
114.0,114,217.904494
119.0,119,217.92662
126.0,126,217.949909
145.0,145,217.977278
28.0,28,217.982498
21.0,21,217.986347
114.0,114,218.007393
144.0,144,218.033973
141.0,141,218.060515
95.0,95,218.077688
119.0,119,218.09959
141.0,141,218.125261
128.0,128,218.149036
24.0,24,218.153479
30.0,30,218.159207
120.0,120,218.215257
24.0,24,218.219787
127.0,127,218.243837
17.0,17,218.24693
137.0,137,218.272352
128.0,128,218.296198
125.0,125,218.319305
125.0,125,218.342834
113.0,113,218.363801
38.0,38,218.370786
27.0,27,218.375857
125.0,125,218.398819
135.0,135,218.423769
15.0,15,218.426666
112.0,112,218.446968
34.0,34,218.453087
31.0,31,218.459013
128.0,128,218.482415
118.0,118,218.504546
16.0,16,218.507563
124.0,124,218.530347
30.0,30,218.535679
127.0,127,218.559203
28.0,28,218.564513
26.0,26,218.583813
122.0,122,218.608142
112.0,112,218.629269
30.0,30,218.634688
25.0,25,218.639775
124.0,124,218.662849
165.0,165,218.693119
23.0,23,218.697626
21.0,21,218.701371
136.0,136,218.726545
28.0,28,218.731644
119.0,119,218.75356
195.0,195,218.789152
114.0,114,218.810397
28.0,28,218.815626
27.0,27,218.820712
106.0,106,218.840102
124.0,124,218.862955
107.0,107,218.882587
129.0,129,218.906261
141.0,141,218.932135
117.0,117,218.974421
117.0,117,218.996959
114.0,114,219.017901
21.0,21,219.022097
24.0,24,219.02652
25.0,25,219.031019
120.0,120,219.053208
144.0,144,219.079684
26.0,26,219.084187
128.0,128,219.107811
149.0,149,219.135715
182.0,182,219.169177
148.0,148,219.196813
26.0,26,219.201895
128.0,128,219.225645
128.0,128,219.249281
121.0,121,219.271472
12.0,12,219.273663
26.0,26,219.278174
122.0,122,219.300793
191.0,191,219.336016
25.0,25,219.340525
24.0,24,219.371903
180.0,180,219.405898
22.0,22,219.409812
16.0,16,219.412815
21.0,21,219.417081
25.0,25,219.421596
118.0,118,219.443464
119.0,119,219.467011
116.0,116,219.489696
35.0,35,219.496819
120.0,120,219.519445
116.0,116,219.540854
141.0,141,219.567038
11.0,11,219.569177
28.0,28,219.57444
114.0,114,219.59537
135.0,135,219.620267
137.0,137,219.645612
171.0,171,219.677179
145.0,145,219.703748
120.0,120,219.725704
119.0,119,219.794111
22.0,22,219.798898
28.0,28,219.804385
26.0,26,219.809226
25.0,25,219.813676
32.0,32,219.819665
149.0,149,219.847715
24.0,24,219.852187
124.0,124,219.87495
128.0,128,219.898669
113.0,113,219.91938
28.0,28,219.924659
110.0,110,219.944724
127.0,127,219.968391
123.0,123,219.991266
123.0,123,220.014078
122.0,122,220.036259
12.0,12,220.038404
22.0,22,220.042699
116.0,116,220.064135
133.0,133,220.088708
122.0,122,220.110934
124.0,124,220.133561
136.0,136,220.158621
106.0,106,220.208102
142.0,142,220.234713
127.0,127,220.258353
20.0,20,220.262036
130.0,130,220.286137
105.0,105,220.305625
134.0,134,220.330284
23.0,23,220.33463
27.0,27,220.339834
30.0,30,220.345092
113.0,113,220.366073
119.0,119,220.387741
34.0,34,220.394273
22.0,22,220.39816
28.0,28,220.403304
37.0,37,220.410595
126.0,126,220.433501
121.0,121,220.455583
29.0,29,220.461288
28.0,28,220.466493
129.0,129,220.490163
33.0,33,220.496102
130.0,130,220.520129
137.0,137,220.545422
114.0,114,220.603823
119.0,119,220.626754
138.0,138,220.655137
122.0,122,220.679374
112.0,112,220.703359
136.0,136,220.731664
33.0,33,220.737985
122.0,122,220.763102
123.0,123,220.788215
124.0,124,220.813591
125.0,125,220.838926
26.0,26,220.843717
123.0,123,220.869665
25.0,25,220.874511
116.0,116,220.899255
30.0,30,220.905955
33.0,33,220.913403
115.0,115,220.937842
118.0,118,220.966141
151.0,151,221.023373
30.0,30,221.036133
187.0,187,221.12459
133.0,133,221.15378
133.0,133,221.184351
22.0,22,221.188999
25.0,25,221.194937
118.0,118,221.220447
126.0,126,221.248147
27.0,27,221.253944
28.0,28,221.260726
119.0,119,221.287102
116.0,116,221.314472
36.0,36,221.321729
21.0,21,221.325993
21.0,21,221.330504
31.0,31,221.336218
31.0,31,221.342096
132.0,132,221.366992
25.0,25,221.371642
22.0,22,221.375994
133.0,133,221.400764
145.0,145,221.428067
163.0,163,221.458353
50.0,50,221.467903
112.0,112,221.488616
118.0,118,221.557805
96.0,96,221.576636
123.0,123,221.599462
28.0,28,221.604616
113.0,113,221.625572
31.0,31,221.631475
120.0,120,221.653687
120.0,120,221.675983
37.0,37,221.6827
26.0,26,221.687776
113.0,113,221.708444
126.0,126,221.73194
26.0,26,221.737075
35.0,35,221.743554
102.0,102,221.762349
138.0,138,221.788175
30.0,30,221.793539
30.0,30,221.799342
117.0,117,221.82104
35.0,35,221.827728
28.0,28,221.832928
105.0,105,221.852169
106.0,106,221.871586
114.0,114,221.892934
30.0,30,221.898302
24.0,24,221.902749
23.0,23,221.907118
117.0,117,221.955127
22.0,22,221.95992
26.0,26,221.964692
31.0,31,221.970698
108.0,108,221.991213
30.0,30,221.997016
29.0,29,222.002204
116.0,116,222.02395
100.0,100,222.042505
33.0,33,222.048561
27.0,27,222.053728
28.0,28,222.058957
37.0,37,222.065715
120.0,120,222.087871
39.0,39,222.095132
119.0,119,222.117066
122.0,122,222.139416
19.0,19,222.143005
119.0,119,222.165121
28.0,28,222.17031
117.0,117,222.191746
34.0,34,222.197736
85.0,85,222.213788
114.0,114,222.234623
116.0,116,222.256325
115.0,115,222.277554
27.0,27,222.282704
186.0,186,222.316635
28.0,28,222.321895
124.0,124,222.376712
65.0,65,222.388702
30.0,30,222.394705
35.0,35,222.401352
30.0,30,222.406734
35.0,35,222.413446
33.0,33,222.419418
30.0,30,222.425219
26.0,26,222.429887
25.0,25,222.434392
101.0,101,222.453564
36.0,36,222.460239
23.0,23,222.464157
23.0,23,222.468516
92.0,92,222.48537
39.0,39,222.492704
118.0,118,222.514209
21.0,21,222.518406
27.0,27,222.523145
14.0,14,222.525856
115.0,115,222.547118
17.0,17,222.550095
35.0,35,222.556875
26.0,26,222.561438
35.0,35,222.568022
27.0,27,222.573074
112.0,112,222.593841
31.0,31,222.599238
107.0,107,222.619016
22.0,22,222.623356
26.0,26,222.628004
26.0,26,222.633118
25.0,25,222.637681
26.0,26,222.642235
100.0,100,222.660675
23.0,23,222.66502
35.0,35,222.671655
20.0,20,222.675401
23.0,23,222.679811
29.0,29,222.684939
114.0,114,222.705628
29.0,29,222.711341
25.0,25,222.71583
23.0,23,222.720124
23.0,23,222.724049
32.0,32,222.739082
30.0,30,222.745416
23.0,23,222.749807
27.0,27,222.754524
11.0,11,222.75679
30.0,30,222.762796
110.0,110,222.783225
174.0,174,222.816084
106.0,106,222.835741
18.0,18,222.839323
26.0,26,222.844008
113.0,113,222.864851
90.0,90,222.881802
26.0,26,222.886452
33.0,33,222.892902
110.0,110,222.913042
23.0,23,222.917462
33.0,33,222.923472
105.0,105,222.942566
113.0,113,222.963829
110.0,110,222.983831
108.0,108,223.003858
25.0,25,223.008364
134.0,134,223.032962
109.0,109,223.052862
108.0,108,223.072797
12.0,12,223.075043
28.0,28,223.080275
36.0,36,223.086888
19.0,19,223.09054
26.0,26,223.095145
41.0,41,223.1031
109.0,109,223.193679
26.0,26,223.198474
21.0,21,223.202914
28.0,28,223.208209
28.0,28,223.213523
126.0,126,223.236574
23.0,23,223.240962
102.0,102,223.259797
102.0,102,223.278704
24.0,24,223.283123
34.0,34,223.289237
14.0,14,223.292012
25.0,25,223.296468
24.0,24,223.300868
28.0,28,223.306018
102.0,102,223.324908
16.0,16,223.327749
104.0,104,223.346973
25.0,25,223.351512
27.0,27,223.356561
36.0,36,223.363189
26.0,26,223.367815
26.0,26,223.372913
28.0,28,223.378126
109.0,109,223.398159
29.0,29,223.403381
99.0,99,223.421819
26.0,26,223.426394
97.0,97,223.444567
183.0,183,223.477851
96.0,96,223.495431
28.0,28,223.500745
111.0,111,223.521096
24.0,24,223.525528
26.0,26,223.530531
23.0,23,223.534464
29.0,29,223.540135
