#{"t_start": 1787618456.4456, "env_id": "Pendulum-v1"}
r,l,t
-1067.53432,200,0.479986
-1773.793072,200,1.335007
-1379.85475,200,2.163753
-1281.062302,200,3.01657
-1323.724826,200,3.874319
-1504.048015,200,4.714252
-1424.095866,200,5.577506
-1365.417721,200,6.422649
-1305.151532,200,7.249171
-1172.450967,200,8.078495
-1242.763568,200,9.166886
-880.708707,200,10.135613
-752.728549,200,11.051172
-1038.462325,200,12.087419
-938.550606,200,12.959591
-642.571713,200,13.826722
-262.614787,200,14.835227
-1.25666,200,15.697013
-0.770857,200,16.531551
-400.606588,200,17.356733
-3.209128,200,18.432289
-128.432526,200,19.373817
-127.443929,200,20.393423
-123.329813,200,21.31082
-257.437225,200,22.146572
-122.210769,200,23.142139
-250.03835,200,23.975309
-121.896594,200,24.989581
-1.236328,200,25.835817
-117.11791,200,26.844826
-124.879332,200,27.810978
-244.282366,200,28.647054
-122.239848,200,29.476902
-123.310165,200,30.415113
-122.524906,200,31.380422
-122.654217,200,32.223846
-1.655578,200,33.059523
-0.656987,200,33.885484
-122.721674,200,34.710344
-267.45754,200,35.546882
-118.007548,200,36.738136
-1.400332,200,37.644766
-128.924718,200,38.594202
-119.249583,200,39.420873
-245.012764,200,40.291716
-225.67848,200,41.252227
-331.808159,200,42.080569
-344.252544,200,42.908529
-252.827572,200,43.735475
-229.282977,200,44.70731
-0.970433,200,45.711494
-114.124888,200,46.704962
-118.777444,200,47.534078
-1.688973,200,48.419513
-313.108417,200,49.375686
-127.861286,200,50.204343
-121.144185,200,51.246302
-117.322902,200,52.077976
-277.663822,200,52.900705
-126.281747,200,53.726448
-121.760209,200,54.689921
-237.277098,200,55.521803
-117.313134,200,56.36031
-237.886939,200,57.186401
-231.789906,200,58.012728
-126.505204,200,59.01569
-116.617624,200,59.859894
-119.130168,200,60.830274
-116.18513,200,61.672405
-317.523079,200,62.498081
-2.35321,200,63.458651
-247.050929,200,64.290408
-4.120097,200,65.114979
-301.407525,200,66.115978
-3.377187,200,66.97196
-350.930378,200,67.930062
-239.048105,200,68.81215
-121.065145,200,69.635974
-278.987704,200,70.457729
-242.879527,200,71.296826
-124.004836,200,72.251696
-0.801077,200,73.083983
-118.015063,200,73.905911
-121.025252,200,74.7335
-234.344913,200,75.742984
-124.064522,200,76.584
-119.74005,200,77.408014
-228.443365,200,78.230819
-121.774944,200,79.053016
-231.112915,200,79.87511
-236.041512,200,80.828486
-235.641075,200,81.679425
-122.063008,200,82.506449
-128.663379,200,83.335246
-130.115586,200,84.381515
-117.595563,200,85.211304
-0.856993,200,86.037847
-365.469607,200,86.879604
-333.930536,200,87.705141
-239.131825,200,88.529598
-120.03302,200,89.490391
-124.262019,200,90.326575
-126.871911,200,91.153064
-302.413601,200,92.013404
-0.700664,200,93.01724
-116.288699,200,93.848228
-244.120565,200,94.827894
-233.527193,200,95.656342
-235.436569,200,96.49249
-231.502303,200,97.323529
-243.743198,200,98.283131
-227.434789,200,99.115657
-232.204514,200,99.940908
-0.730212,200,100.768699
-123.984409,200,101.800088
-122.026254,200,102.634987
-0.736277,200,103.652422
-235.96067,200,104.477837
-120.396178,200,105.303873
-0.844237,200,106.131396
-124.083966,200,107.105862
-117.172598,200,107.941317
-116.046513,200,108.766112
-124.336106,200,109.594682
-246.918025,200,110.570926
-125.835254,200,111.406314
-343.30044,200,112.241566
-0.752897,200,113.066445
-243.114564,200,113.891023
-121.56199,200,114.715806
-118.344458,200,115.670868
-119.892179,200,116.541372
-123.946811,200,117.37105
-1.316428,200,118.200518
-125.282055,200,119.211837
-118.070927,200,120.068484
-234.761588,200,120.990301
-113.297098,200,121.861927
-120.951731,200,122.722129
-222.613405,200,123.572376
-0.768808,200,124.602774
-236.448141,200,125.436722
-229.335256,200,126.262514
-122.979169,200,127.194593
-2.136655,200,128.133216
-124.63402,200,128.955833
-1.024477,200,129.779732
-128.954935,200,130.601182
-241.986608,200,131.421983
-125.515242,200,132.26016
-234.908598,200,133.227928
-249.622909,200,134.064636
-128.587734,200,134.906385
-1.499478,200,135.81386
-345.140458,200,136.76473
-116.524454,200,137.596189
-126.398254,200,138.568036
-3.147951,200,139.391494
-131.709384,200,140.21507
-120.696726,200,141.036481
-2.895015,200,142.004551
-240.703249,200,142.839111
-133.70194,200,143.660176
-119.196405,200,144.486636
-124.372791,200,145.502509
-246.020184,200,146.327299
-0.294763,200,147.166095
-123.730697,200,147.989814
-125.916582,200,148.811852
-116.732102,200,149.633985
-332.096232,200,150.585559
-131.418517,200,151.418306
-137.090988,200,152.280505
-119.2051,200,153.126614
-131.133357,200,154.122857
-242.688177,200,154.947034
-132.316715,200,155.774976
-235.732134,200,156.595926
-128.47569,200,157.434476
-122.692834,200,158.256581
-123.768638,200,159.210518
-9.133027,200,160.064339
-232.521016,200,160.891199
-2.457993,200,161.718482
-311.763057,200,162.708729
-9.782632,200,163.5335
-118.722808,200,164.356933
-132.229838,200,165.180051
-242.47068,200,166.002398
-0.289174,200,166.823368
-240.185374,200,167.790997
-248.017965,200,168.624989
-240.668723,200,169.448493
-125.092235,200,170.275528
-125.308517,200,171.281662
-125.725786,200,172.117486
-132.649786,200,172.947827
-131.725623,200,173.77328
-130.919001,200,174.600262
-126.963129,200,175.424473
-121.046564,200,176.390148
-234.475586,200,177.244216
-124.926936,200,178.072416
-120.483209,200,178.909032
-118.166425,200,179.921294
-231.347803,200,180.748165
-239.928745,200,181.76531
-227.648101,200,182.606329
-124.343691,200,183.430186
-134.287941,200,184.251614
-0.464384,200,185.209084
-128.47573,200,186.040087
-134.541577,200,186.864187
-133.071339,200,187.753034
-245.60214,200,188.757259
-126.567886,200,189.584084
-124.594195,200,190.560215
-129.924414,200,191.385199
-12.0744,200,192.219628
-118.099216,200,193.048967
-133.935046,200,194.00625
-233.953568,200,194.839964
-1.480561,200,195.66324
-0.325977,200,196.484715
-117.954466,200,197.318626
-121.188286,200,198.287636
-125.828661,200,199.163332
-127.887057,200,200.104007
-238.851786,200,201.004053
-123.458628,200,201.826614
-239.790783,200,202.798745
-117.706013,200,203.627817
-115.993878,200,204.450266
-114.034407,200,205.31043
-0.316224,200,206.245718
-114.172229,200,207.068267
-0.974579,200,207.906442
-243.779788,200,208.727816
-118.010569,200,209.548536
-120.219802,200,210.369073
-124.371696,200,211.321844
-0.355814,200,212.154273
-124.480639,200,212.993823
-1.392077,200,213.815367
-126.122935,200,214.723527
-123.739824,200,215.659262
-1.271364,200,216.482688
-127.258202,200,217.312416
-125.676882,200,218.170972
-1.730776,200,218.99177
-244.551141,200,219.955267
-242.569315,200,220.791973
-353.102111,200,221.620356
-122.690178,200,222.455388
-222.703284,200,223.288376
-125.825648,200,224.116304
-116.241882,200,225.125373
-120.631886,200,225.97105
-1.280822,200,226.929414
-0.29633,200,227.767424
-120.918526,200,228.724571
-239.881126,200,229.558881
-1.52424,200,230.383575
-127.135379,200,231.206082
-121.884682,200,232.205882
-335.844018,200,233.063169
-120.177823,200,233.887397
-116.758776,200,234.709947
-129.629649,200,235.532742
-118.938164,200,236.355404
-230.599961,200,237.310621
-0.909599,200,238.154171
-122.02902,200,238.980142
-122.18884,200,239.895489
-126.074702,200,240.822787
-16.481267,200,241.646123
-120.35365,200,242.469825
-127.82329,200,243.309126
-231.681471,200,244.131618
-124.112204,200,244.952682
-123.508143,200,245.905169
-114.410114,200,246.738539
-224.402231,200,247.558026
-0.507229,200,248.397676
-123.602788,200,249.242103
-124.142595,200,250.198514
-115.798138,200,251.021886
-115.428722,200,251.845862
-235.047599,200,252.667641
-125.138067,200,253.531108
-125.000281,200,254.48589
-236.971241,200,255.319516
-119.266226,200,256.141789
-3.24265,200,256.963051
-231.244739,200,257.986628
-233.050426,200,258.829369
-231.952034,200,259.654176
-119.005391,200,260.475312
-123.404321,200,261.296758
-231.50702,200,262.11736
-332.393861,200,263.09277
-125.647555,200,263.92897
-124.129937,200,264.7564
-235.063722,200,265.579504
-346.830506,200,266.402054
-125.633505,200,267.230206
-226.992945,200,268.260012
-126.232649,200,269.109514
-122.238803,200,270.073181
-232.582176,200,270.897781
-125.860211,200,271.856481
-227.280989,200,272.688715
-119.769654,200,273.528152
-124.742192,200,274.416109
-226.099707,200,275.376452
-120.935066,200,276.19958
-230.09746,200,277.023284
-119.482251,200,277.843057
-0.522157,200,278.681731
-118.230816,200,279.502328
-225.770932,200,280.455032
-117.254878,200,281.290167
-226.981354,200,282.111333
-119.171686,200,282.937583
-121.273051,200,283.989033
-0.30325,200,284.817502
-122.555584,200,285.641505
-243.531045,200,286.462885
-220.886074,200,287.283924
-120.853779,200,288.138854
-296.184452,200,289.101656
-116.849333,200,289.936619
-229.017744,200,290.760841
-123.46571,200,291.605362
-122.120253,200,292.569415
-241.261845,200,293.409341
-268.258472,200,294.238991
-232.196038,200,295.063848
-138.211778,200,295.888638
-137.543054,200,296.712654
-120.87834,200,297.667162
-133.416294,200,298.516981
-115.855521,200,299.345901
-131.109593,200,300.185445
-229.285508,200,301.191499
-116.825722,200,302.016229
-18.108984,200,302.840476
-139.849904,200,303.677544
-131.647826,200,304.503404
-387.299493,200,305.327003
-138.908098,200,306.291904
-133.0327,200,307.129912
-12.989183,200,307.956456
-248.807624,200,308.836917
-139.016538,200,309.855251
-232.516802,200,310.685988
-128.555367,200,311.67704
-240.226598,200,312.504525
-230.320997,200,313.337929
-133.621373,200,314.170336
-239.447405,200,315.124813
-129.698565,200,315.95921
-129.953929,200,316.78099
-257.906147,200,317.60523
-12.461426,200,318.631033
-127.909485,200,319.46003
-131.425544,200,320.284593
-256.917815,200,321.106551
-386.320904,200,321.927634
-129.887798,200,322.749752
-133.17247,200,323.721587
-136.678618,200,324.558319
-294.09549,200,325.384252
-134.497124,200,326.212453
-252.4516,200,327.235092
-121.197739,200,328.061233
-127.985,200,328.901999
-241.724507,200,329.730125
-14.740635,200,330.555973
-132.054343,200,331.381533
-122.879363,200,332.337584
-226.109754,200,333.173226
-123.553796,200,334.01258
-249.93367,200,334.844347
-130.515533,200,335.867611
-129.632583,200,336.693559
-135.885241,200,337.523867
-140.204674,200,338.348604
-140.829448,200,339.190719
-235.791283,200,340.014981
-124.055744,200,340.970891
-241.159793,200,341.805339
-121.900091,200,342.629108
-241.956039,200,343.456104
-128.735209,200,344.554467
-249.945423,200,345.381324
-245.648083,200,346.205542
-135.524425,200,347.029248
-116.677642,200,347.851597
-15.894915,200,348.684074
-221.357432,200,349.656847
-118.360962,200,350.495205
-134.061638,200,351.325229
-124.425952,200,352.150364
-137.559056,200,352.973882
-116.761985,200,353.835968
-322.889026,200,354.842129
-123.629832,200,355.761012
-16.426518,200,356.67164
-13.078099,200,357.496648
-128.804814,200,358.456666
-120.037321,200,359.306657
-126.90002,200,360.134619
-221.545289,200,360.964721
-231.326644,200,361.948048
-113.968811,200,362.818955
-114.679378,200,363.803468
-119.598717,200,364.635036
-374.533581,200,365.459717
-118.892555,200,366.283352
-0.376124,200,367.239115
-121.688507,200,368.074328
-249.796674,200,368.910447
-223.684289,200,369.745297
-0.346279,200,370.721122
-338.341218,200,371.548087
-118.385943,200,372.375567
-258.831226,200,373.199797
-126.418677,200,374.035523
-128.121043,200,374.866106
-117.704103,200,375.824208
-0.409991,200,376.686144
-221.504221,200,377.510216
-131.309147,200,378.401773
-0.987926,200,379.373371
-115.662344,200,380.200112
-115.984434,200,381.025338
-125.399497,200,381.848848
-221.163131,200,382.671645
-0.593894,200,383.494887
-121.372903,200,384.465417
-123.18587,200,385.301816
-128.424515,200,386.125195
-0.697222,200,386.951119
-124.197439,200,387.966
-0.422512,200,388.794782
-127.4248,200,389.637127
-1.125871,200,390.463026
-116.910683,200,391.287616
-125.960716,200,392.110666
-233.391096,200,393.078659
-233.642801,200,393.91662
-116.431652,200,394.761785
-1.080784,200,395.637539
-124.00976,200,396.569226
-234.436016,200,397.399963
-232.565932,200,398.34927
-129.709152,200,399.184748
-123.882581,200,400.015156
-4.20274,200,400.840676
-122.545646,200,401.799922
-0.384297,200,402.632513
-226.243012,200,403.456939
-114.256544,200,404.337825
-124.980422,200,405.263541
-122.93519,200,406.087898
-1.006031,200,406.913571
-127.905272,200,407.735998
-116.59,200,408.556659
-125.386204,200,409.416003
-123.900669,200,410.373988
-221.917622,200,411.212931
-227.449016,200,412.037671
-129.413895,200,412.891941
-128.445969,200,413.942495
-119.556053,200,414.782894
-125.588068,200,415.608341
-0.346903,200,416.431492
-123.406116,200,417.253749
-239.89992,200,418.075725
-120.152988,200,419.031496
-116.429633,200,419.880617
-228.270218,200,420.707658
-120.95414,200,421.587941
-124.158192,200,422.592228
-127.409019,200,423.453558
-127.527276,200,424.312249
-123.861953,200,425.153225
-125.165274,200,425.97874
-124.899976,200,426.802273
-224.179314,200,427.760049
-247.182121,200,428.597433
-122.738875,200,429.428649
-117.511433,200,430.302647
-126.30863,200,431.389849
-127.501793,200,432.214243
-1.445711,200,433.039711
-126.665663,200,433.861528
-229.631012,200,434.695336
-116.994543,200,435.52404
-306.265338,200,436.508877
-0.324067,200,437.407853
-126.13717,200,438.265335
-120.205949,200,439.204798
-230.451482,200,440.181614
-222.754335,200,441.031418
-1.134523,200,442.002563
-242.600082,200,442.829366
-116.590306,200,443.669866
-236.231345,200,444.501655
-121.427648,200,445.495387
-240.971132,200,446.375236
-125.181759,200,447.210815
-219.500046,200,448.035252
-0.473412,200,448.866103
-0.45416,200,449.926716
-228.525023,200,450.756229
-124.301722,200,451.581525
-121.060552,200,452.406188
-117.379678,200,453.230042
-228.783331,200,454.251655
-226.122077,200,455.107996
-123.582153,200,455.936376
-124.614089,200,456.758657
-224.116579,200,457.620611
-0.328228,200,458.652431
-119.346099,200,459.485607
-1.830459,200,460.354703
-121.015639,200,461.212183
-232.351678,200,462.049903
-233.585848,200,463.007068
-230.675632,200,463.840545
-221.433721,200,464.666139
-117.605236,200,465.507456
-227.262719,200,466.345762
-234.311666,200,467.364156
-122.636101,200,468.193409
-228.328337,200,469.024528
-120.925232,200,469.860627
-119.2817,200,470.692269
-131.033129,200,471.648262
-125.286636,200,472.48666
-0.809759,200,473.312048
-124.50514,200,474.137379
-0.971081,200,474.975631
-122.861923,200,476.019756
-122.827608,200,476.846758
-228.673169,200,477.67266
-122.258258,200,478.495658
-123.152844,200,479.318043
-227.458416,200,480.301039
-220.447915,200,481.14677
-118.511313,200,481.987099
-237.775616,200,482.81971
-243.063682,200,483.65812
-119.011827,200,484.654797
-221.648616,200,485.526562
-114.191405,200,486.359381
-117.47575,200,487.189373
-124.06437,200,488.016226
-0.613768,200,489.094748
-125.518791,200,489.928525
-124.623985,200,490.770293
-117.632131,200,491.595229
-233.011535,200,492.440129
-123.980238,200,493.360195
-361.190013,200,494.185995
-237.564539,200,495.018421
-130.536019,200,495.852139
-219.327414,200,496.676563
-228.000107,200,497.633683
-116.486927,200,498.46939
-232.523827,200,499.294224
-127.337754,200,500.127186
-308.12304,200,500.958943
-124.209254,200,502.029275
-0.991645,200,502.900626
-132.883709,200,503.728076
-118.491291,200,504.552165
-129.45238,200,505.429851
-125.722892,200,506.392716
-122.269975,200,507.229118
-222.708003,200,508.054949
-120.676017,200,508.881183
-125.67915,200,509.710229
-1.007001,200,510.753463
-221.475565,200,511.582741
-118.249617,200,512.409551
-234.963024,200,513.234993
-120.0651,200,514.137086
-122.468903,200,515.093722
-121.10266,200,515.944056
-131.975144,200,516.771836
-227.45569,200,517.596613
-125.293045,200,518.422892
-236.611019,200,519.444265
-118.88955,200,520.281132
-119.899046,200,521.139059
-234.342943,200,521.963169
-0.683182,200,522.786666
-121.782672,200,523.754921
-125.510837,200,524.598216
-0.673759,200,525.450846
-117.894813,200,526.283515
-227.325048,200,527.131317
-128.796826,200,528.111246
-126.077773,200,528.947502
-243.346374,200,529.777817
-123.042503,200,530.616196
-251.704175,200,531.444619
-225.777625,200,532.408906
-129.608681,200,533.429132
-123.574413,200,534.256046
-1.554127,200,535.083101
-124.288949,200,535.926218
-0.786712,200,536.932714
-124.744715,200,537.759332
-230.972195,200,538.583662
-0.584157,200,539.406629
-118.010686,200,540.22914
-127.837133,200,541.202394
-127.123447,200,542.037931
-125.80586,200,542.863564
-270.55068,200,543.687359
-220.416917,200,544.510619
-115.398967,200,545.469668
-119.013807,200,546.385591
-123.619115,200,547.215177
-237.354984,200,548.041851
-113.946448,200,548.866524
-123.92869,200,549.829776
-0.420755,200,550.676985
-124.622995,200,551.515865
-1.567638,200,552.346393
-124.108763,200,553.174311
-126.342238,200,554.001536
-120.467924,200,554.830568
-126.487501,200,555.654637
-228.696699,200,556.477188
-118.758039,200,557.305626
-127.284848,200,558.484595
-120.965395,200,559.33717
-123.281369,200,560.331403
-237.112678,200,561.157451
-128.655003,200,561.981672
-1.651862,200,562.810641
-120.835699,200,563.634676
-223.346357,200,564.475729
-127.062204,200,565.298776
-242.441622,200,566.128355
-118.239061,200,567.297845
-126.797318,200,568.144732
-219.540459,200,568.995273
-1.43532,200,569.831908
-330.120123,200,570.664578
-127.454869,200,571.489439
-125.197613,200,572.313673
-1.989152,200,573.138227
-0.778513,200,574.00697
-116.475689,200,575.005637
-228.56884,200,575.967524
-223.383191,200,576.955578
-225.429013,200,577.782958
-116.778008,200,578.609347
-279.638935,200,579.443546
-117.346687,200,580.479048
-126.386086,200,581.306678
-128.349988,200,582.133704
-238.541203,200,582.962771
-125.771581,200,583.788085
-116.292171,200,584.752512
-126.752127,200,585.620654
-228.853635,200,586.446225
-118.330799,200,587.270621
-1.428149,200,588.095095
-1.084388,200,589.051582
-117.235478,200,589.950209
-0.506942,200,590.782823
-0.861593,200,591.608024
-123.608235,200,592.432883
-0.380167,200,593.391306
-118.776865,200,594.227762
-227.109916,200,595.067563
-226.084529,200,595.89802
-249.770119,200,596.725958
-114.073862,200,597.736874
-258.641643,200,598.565244
-124.738411,200,599.391872
-232.673433,200,600.232291
-327.65385,200,601.060515
-225.537191,200,602.015524
-121.436293,200,602.852771
-114.147609,200,603.678826
-130.81961,200,604.504387
-126.326139,200,605.347575
-225.110523,200,606.359155
-231.461141,200,607.187188
-114.486761,200,608.014695
-235.390757,200,608.84963
-220.511718,200,609.675426
-229.034088,200,610.689482
-127.826146,200,611.541045
-250.800331,200,612.412273
-124.810108,200,613.251104
-252.52109,200,614.089865
-0.488919,200,614.923374
-219.657006,200,615.756258
-120.39288,200,616.579684
-218.951934,200,617.402725
-129.248283,200,618.289222
-3.240261,200,619.356194
-336.645974,200,620.329652
-125.079945,200,621.234291
-123.867517,200,622.059502
-239.014543,200,622.885595
-122.274126,200,623.711038
-125.107292,200,624.540642
-243.425302,200,625.382808
-278.588629,200,626.209145
-119.590438,200,627.032804
-243.180552,200,627.989744
-121.047439,200,629.015896
-2.03437,200,629.855108
-340.475389,200,630.686185
-3.111947,200,631.513516
-127.905631,200,632.340923
-121.356751,200,633.1668
-320.343975,200,633.990805
-128.284433,200,634.814363
-237.796068,200,635.709282
-305.240712,200,636.762907
-303.712575,200,637.720247
-123.740613,200,638.549168
-124.371166,200,639.375845
-125.518551,200,640.241242
-124.14839,200,641.186751
-116.294871,200,642.016958
-126.012569,200,642.858969
-122.299355,200,643.685026
-221.242905,200,644.509775
-0.525663,200,645.469466
-127.237179,200,646.303577
-124.036311,200,647.129995
-132.396199,200,647.971466
-2.080165,200,648.801351
-116.236518,200,649.842384
-121.196809,200,650.669631
-122.993643,200,651.496868
-123.281811,200,652.330721
-118.86329,200,653.163558
-242.696809,200,654.133161
-224.719714,200,654.98153
-248.012277,200,655.830833
-120.680093,200,656.6665
-121.832775,200,657.505456
-224.640938,200,658.337186
-4.012336,200,659.170829
-124.898717,200,660.191317
-121.748333,200,661.021294
-0.663937,200,661.9679
-4.013261,200,662.977299
-223.711167,200,663.816004
-223.197725,200,664.642152
-349.230001,200,665.467247
-127.86741,200,666.291043
-127.902284,200,667.249482
-125.648721,200,668.128362
-121.299819,200,668.955518
-124.724731,200,669.781699
-120.272679,200,670.606722
-117.9293,200,671.561991
-295.476747,200,672.398998
-124.818494,200,673.242609
-0.965087,200,674.070051
-226.582875,200,674.901962
-0.281919,200,675.920332
-124.044871,200,676.747619
-235.540782,200,677.585221
-295.357456,200,678.631149
-119.156025,200,679.461886
-119.798976,200,680.422318
-233.054704,200,681.258331
-120.536205,200,682.084692
-0.753764,200,682.923966
-229.379791,200,683.760658
-228.696327,200,684.736561
-127.560585,200,685.565173
-128.30445,200,686.392823
-123.161711,200,687.217822
-125.706489,200,688.058192
-243.015944,200,689.016362
-2.627766,200,689.85237
-118.91471,200,690.679838
-124.573883,200,691.505554
-240.360087,200,692.3364
-226.04269,200,693.366231
-123.862631,200,694.193648
-228.747556,200,695.020809
-125.170724,200,695.846573
-125.076435,200,696.670548
-126.766726,200,697.639901
-0.552737,200,698.502572
-120.182587,200,699.341347
-127.932164,200,700.177854
-115.215301,200,701.008363
-115.845261,200,701.838673
-0.482042,200,702.661743
-0.507567,200,703.504521
-236.455243,200,704.520746
-118.500529,200,705.351631
-219.805735,200,706.401658
-0.438619,200,707.31902
-128.955239,200,708.159
-128.957035,200,708.986146
-128.647716,200,709.902055
-0.563085,200,710.795747
-223.647255,200,711.62078
-116.910033,200,712.443585
-116.931588,200,713.307209
-118.226889,200,714.133425
-128.923558,200,715.09188
-120.357813,200,715.924947
-223.537407,200,716.754337
-221.620186,200,717.579562
-1.118806,200,718.421624
-123.140776,200,719.437129
-117.28542,200,720.263463
-120.637152,200,721.090143
-120.578289,200,721.913625
-222.20005,200,722.737478
-232.205447,200,723.709301
-247.102724,200,724.630926
-2.147627,200,725.456568
-118.649378,200,726.280297
-221.333061,200,727.106463
-126.188495,200,728.138243
-124.880123,200,728.969139
-121.983576,200,729.794622
-237.674995,200,730.620146
-340.684962,200,731.444161
-0.719204,200,732.397843
-0.495272,200,733.245642
-244.933586,200,734.075317
-233.127577,200,734.900023
-128.413103,200,735.731178
-237.726094,200,736.74691
-121.787415,200,737.574394
-1.192501,200,738.41468
-117.229979,200,739.242249
-231.399564,200,740.067236
-0.404742,200,741.035004
-119.15803,200,741.883357
-128.002594,200,742.719166
-351.882982,200,743.568647
-124.236978,200,744.415799
-126.195318,200,745.440431
-126.734167,200,746.27752
-0.376944,200,747.104405
-0.569572,200,747.928644
-116.325689,200,748.769689
-120.635724,200,749.769504
-228.123078,200,750.782418
-126.124466,200,751.610426
-239.13259,200,752.437924
-116.308959,200,753.296391
-119.372367,200,754.261144
-127.07816,200,755.087889
-125.29265,200,755.914797
-124.354186,200,756.73929
-123.817935,200,757.563459
-123.133293,200,758.533174
-123.088245,200,759.373179
-221.689151,200,760.201511
-1.965858,200,761.028026
-121.985086,200,761.858692
-128.025063,200,762.873284
-129.749977,200,763.716987
-127.31059,200,764.547073
-127.370759,200,765.373123
-118.037559,200,766.198755
-127.505357,200,767.155848
-230.118852,200,767.992605
-127.137433,200,768.832833
-127.231576,200,769.663041
-123.087573,200,770.488422
-123.856354,200,771.487218
-228.523219,200,772.334959
-115.470568,200,773.162259
-310.179844,200,774.005901
-124.237542,200,774.832441
-234.689637,200,775.786891
-225.655966,200,776.645389
-128.412706,200,777.481476
-118.447283,200,778.299464
-240.932046,200,779.141421
-122.155384,200,780.174434
-122.73856,200,780.996741
-117.171395,200,781.81662
-119.127186,200,782.63641
-118.211478,200,783.463309
-237.117399,200,784.467406
-243.396583,200,785.314534
-127.968256,200,786.154102
-232.99774,200,786.989712
-312.482378,200,787.873512
-124.934903,200,788.867784
-250.863961,200,789.703253
-128.696126,200,790.530905
-125.737665,200,791.3578
-238.00628,200,792.182967
-1.832483,200,793.294363
-286.093476,200,794.189241
-0.523867,200,795.015621
-129.102827,200,795.841283
-221.219577,200,796.766198
-124.011392,200,797.733349
-232.653227,200,798.558122
-226.488019,200,799.400082
-127.612722,200,800.223874
-125.310895,200,801.06205
-221.036588,200,802.078691
-231.856862,200,802.923505
-0.285653,200,803.761398
-115.150258,200,804.669263
-247.539479,200,805.529335
-128.579624,200,806.543355
-123.224764,200,807.409124
-126.826275,200,808.280697
-228.220701,200,809.135679
-120.128598,200,809.964037
-123.730455,200,810.924222
-122.730175,200,811.756852
-116.339927,200,812.582048
-126.345829,200,813.404577
-125.313343,200,814.247728
-219.413924,200,815.264399
-118.573489,200,816.093199
-0.981969,200,816.917796
-127.874395,200,817.740919
-346.649339,200,818.563903
-233.791791,200,819.535768
-2.440651,200,820.370023
-118.106627,200,821.195907
-0.227821,200,822.018569
-117.080315,200,822.845568
-123.303459,200,823.875103
-122.145867,200,824.717134
-118.367817,200,825.541247
-117.927367,200,826.366223
-120.390313,200,827.188413
-118.271325,200,828.159016
-115.347148,200,829.034913
-124.0786,200,829.891127
-115.513811,200,830.730179
-232.176717,200,831.561249
-233.5038,200,832.393134
-119.636532,200,833.233394
-127.269464,200,834.154833
-119.314253,200,835.07517
-234.944242,200,836.078929
-288.803922,200,837.078651
-123.165255,200,838.103886
-0.828322,200,838.936988
-115.081107,200,839.780653
-113.284475,200,840.696242
-236.082181,200,841.648308
-121.948504,200,842.482003
-126.661809,200,843.316451
-123.792259,200,844.150734
-127.2004,200,844.982928
-0.647268,200,845.958137
-120.661117,200,846.816193
-128.267766,200,847.660957
-240.82372,200,848.487621
-123.904583,200,849.31707
-118.597384,200,850.319099
-230.535351,200,851.152202
-2.704927,200,851.973149
-118.405092,200,852.789681
-114.713784,200,853.605499
-126.910438,200,854.561962
-224.083633,200,855.393521
-238.25641,200,856.230057
-345.965204,200,857.07486
-118.910189,200,857.922706
-222.303038,200,858.968825
-122.349287,200,859.822254
-124.136487,200,860.731563
-124.747918,200,861.650806
-115.759893,200,862.517864
-0.550748,200,863.572683
-6.646691,200,864.490452
-2.31301,200,865.366773
-118.81479,200,866.209088
-232.838378,200,867.035686
-249.668881,200,868.050269
-119.058917,200,868.874919
-121.188061,200,869.695427
-239.570385,200,870.534065
-227.139364,200,871.365018
-286.531541,200,872.333887
-234.304752,200,874.276262
-234.673656,200,875.12184
-228.816638,200,875.972072
-122.437531,200,876.834023
-119.593687,200,877.66184
-0.239821,200,878.495068
-120.89608,200,879.516835
-220.500451,200,880.349926
-239.080672,200,881.36841
-3.271806,200,882.332466
-239.527087,200,883.168925
-232.18459,200,883.996376
-121.376841,200,884.821722
-118.599922,200,885.660397
-0.349775,200,886.661649
-224.354171,200,887.491764
-244.001819,200,888.31838
-120.045936,200,889.145936
-122.115921,200,889.970743
-115.552924,200,890.92605
-118.841211,200,891.775796
-123.584776,200,892.603885
-116.643311,200,893.430131
-120.880522,200,894.256314
-239.514976,200,895.21636
-231.97693,200,896.130835
-0.302767,200,896.973982
-239.281433,200,897.800756
-127.611707,200,898.626619
-118.13254,200,899.582507
-118.924043,200,900.451567
-0.880349,200,901.299965
-119.851589,200,902.139805
-115.987803,200,902.969569
-119.676828,200,903.992919
-125.435128,200,904.8248
-226.087965,200,905.657631
-225.415846,200,906.496564
-118.81271,200,907.327798
-126.610756,200,908.284572
-293.179729,200,909.13015
-371.458816,200,909.958149
-126.906116,200,910.784573
-226.679015,200,911.623659
-1.451318,200,912.563981
-246.901461,200,913.478191
-222.911108,200,914.3047
-127.819621,200,915.131869
-120.344236,200,915.957515
-237.524951,200,916.946422
-235.09136,200,917.786561
-327.82593,200,918.621429
-1.508636,200,919.457787
-118.832276,200,920.294231
-222.117766,200,921.343789
-225.704191,200,922.19597
-241.03116,200,923.025031
-126.683072,200,923.851879
-117.497798,200,924.677702
-117.470723,200,925.640441
-121.964219,200,926.633203
-229.380807,200,927.466043
-115.310413,200,928.292405
-223.901363,200,929.123265
-233.384863,200,930.137996
-126.11677,200,930.968509
-0.260377,200,931.81125
-128.145617,200,932.641578
-126.815531,200,933.468261
-363.647743,200,934.429418
-1.336815,200,935.270795
-238.630194,200,936.100361
-278.083895,200,936.941136
-0.86464,200,937.771322
-128.017893,200,938.622055
-225.316997,200,939.625815
-125.896453,200,940.454659
-223.948324,200,941.283718
-288.629617,200,942.125685
-126.07318,200,943.085796
-122.802895,200,943.923544
-224.370079,200,944.74933
-119.069039,200,945.576336
-125.791564,200,946.401983
-127.048135,200,947.352985
-235.584238,200,948.22207
-123.808216,200,949.049734
-239.151983,200,949.87772
-125.526992,200,950.704804
-262.985998,200,951.663178
-0.856397,200,952.512968
-124.648725,200,953.343601
-116.860248,200,954.170954
-117.052397,200,955.002574
-127.748563,200,956.061884
-225.423204,200,956.890859
-234.970469,200,957.735917
-119.601088,200,958.563524
-124.957999,200,959.388883
-120.983558,200,960.36308
-244.82636,200,961.201811
-125.6499,200,962.043529
-123.353537,200,962.892117
-279.651686,200,963.727393
-0.767954,200,964.563164
-131.37172,200,965.394432
-352.362845,200,966.225487
-127.100905,200,967.055622
-113.911876,200,968.088936
-1.182441,200,969.053172
-2.722118,200,970.028456
-129.025044,200,970.894435
-225.847007,200,971.720834
-117.492222,200,972.55241
-125.358627,200,973.589379
-124.201113,200,974.419953
-126.740677,200,975.247181
-117.875959,200,976.073742
-347.500571,200,976.89784
-117.065632,200,977.855686
-116.174572,200,978.707646
-226.263423,200,979.535091
-0.663435,200,980.359352
-124.095153,200,981.185953
-222.925805,200,982.160239
-126.83002,200,983.019016
-125.251014,200,983.861508
-233.58463,200,984.686948
-125.537677,200,985.51166
-370.657217,200,986.467776
-118.113017,200,987.305142
-124.164624,200,988.132281
-122.628586,200,988.974801
-115.761784,200,989.801768
-118.67236,200,990.783579
-298.565031,200,991.680035
-115.853595,200,992.507635
-228.798237,200,993.343201
-127.808473,200,994.176441
-126.65387,200,995.134276
-127.458878,200,995.972298
-128.863818,200,996.799945
-121.856516,200,997.62468
-123.856859,200,998.460893
-229.979215,200,999.459873
-128.398268,200,1000.315211
-293.523195,200,1001.143662
-0.241211,200,1001.96995
-0.639069,200,1002.822871
-121.466386,200,1003.816603
-221.13602,200,1004.688102
-1.226919,200,1005.548154
-126.328678,200,1006.430115
-1.099778,200,1007.322166
-236.880078,200,1008.377282
-118.415012,200,1009.238613
-3.946146,200,1010.097852
-0.812162,200,1010.977069
-344.428856,200,1011.850612
-0.40606,200,1012.919616
-116.526547,200,1014.091335
-128.990334,200,1014.959094
-119.715992,200,1015.850229
-244.764878,200,1016.755848
-225.834744,200,1017.922965
-246.099688,200,1018.803664
-129.290384,200,1019.651725
-0.409379,200,1020.502461
-233.080161,200,1021.345407
-124.084156,200,1022.32065
-228.961927,200,1023.167767
-223.766483,200,1024.020573
-236.047979,200,1024.870158
-119.779855,200,1025.707129
-120.277767,200,1026.549199
-233.778158,200,1027.628767
-121.380413,200,1028.48506
-226.411445,200,1029.363468
-125.188885,200,1030.192278
-224.545263,200,1031.176699
-224.623022,200,1032.025613
-243.921022,200,1032.862388
-237.009881,200,1033.730325
-125.497143,200,1034.577559
-121.473443,200,1035.457518
-121.005731,200,1036.467112
-120.761977,200,1037.313517
-228.533905,200,1038.146197
-227.980876,200,1038.999558
-344.277104,200,1039.978044
-125.250021,200,1040.826607
-220.394044,200,1041.664749
-123.783011,200,1042.509715
-226.893259,200,1043.356434
-125.358243,200,1044.456017
-115.451752,200,1045.30289
-126.181203,200,1046.145739
-233.87152,200,1046.987261
-127.497346,200,1047.828213
-124.724516,200,1048.883662
-125.182462,200,1049.764701
-120.845763,200,1050.635411
-0.503906,200,1051.475971
-0.339956,200,1052.316461
-219.700408,200,1053.159708
-236.870204,200,1054.010354
-122.696842,200,1054.866421
-124.558136,200,1055.75299
-228.616779,200,1056.824721
-124.340866,200,1057.82529
-124.746887,200,1058.792508
-298.160626,200,1059.768334
-126.05934,200,1060.635009
-123.676823,200,1061.536249
-125.560534,200,1062.51951
-113.811476,200,1063.390751
-0.430515,200,1064.243224
-125.102112,200,1065.080562
-120.17548,200,1065.91467
-119.517666,200,1066.898533
-239.476523,200,1067.745579
-2.165756,200,1068.583449
-118.888896,200,1069.436886
-225.209804,200,1070.286731
-122.150008,200,1071.322787
-122.239877,200,1072.167031
-308.054946,200,1073.012277
-224.928132,200,1073.852068
-219.794943,200,1074.717923
-118.986071,200,1075.69727
-116.134442,200,1076.553898
-247.73592,200,1077.390866
-117.220196,200,1078.244663
-116.573081,200,1079.092584
-241.841354,200,1080.126056
-225.344442,200,1080.968558
-228.29361,200,1081.821975
-126.930778,200,1082.677237
-123.325809,200,1083.538953
-120.035643,200,1084.568351
-226.373464,200,1085.444938
-235.512269,200,1086.302511
-220.638401,200,1087.162209
-125.895368,200,1088.018918
-119.568702,200,1088.871893
-125.384797,200,1089.745317
-284.949129,200,1090.606432
-0.796539,200,1091.461325
-0.47802,200,1092.424789
-121.973431,200,1093.504704
-233.684853,200,1094.396373
-128.183378,200,1095.292303
-232.130453,200,1096.147606
-223.368774,200,1097.011554
-223.617444,200,1097.868848
-116.547479,200,1098.776953
-115.576896,200,1099.679289
-226.924561,200,1100.596908
-229.867967,200,1101.665813
-122.288986,200,1102.709308
-220.264481,200,1103.759861
-125.688551,200,1104.658261
-221.05358,200,1105.555755
-0.567654,200,1106.511776
-123.047737,200,1107.43041
-0.659184,200,1108.403002
-115.535247,200,1109.423011
-232.761302,200,1110.335634
-124.781219,200,1111.248226
-224.147189,200,1112.314274
-227.984153,200,1113.22237
-1.320441,200,1114.128487
-124.264367,200,1115.035627
-230.414823,200,1115.929732
-122.31764,200,1116.839593
-121.777053,200,1117.737322
-1.710078,200,1118.77735
-243.602025,200,1119.615113
-0.58169,200,1120.451208
-127.421117,200,1121.422412
-120.053074,200,1122.300798
-123.457388,200,1123.136217
-0.760522,200,1123.971032
-115.497082,200,1124.804833
-4.108435,200,1125.640527
-125.900026,200,1126.653749
-120.48832,200,1127.564066
-234.730101,200,1128.457923
-228.32631,200,1129.294934
-124.747026,200,1130.265742
-123.575006,200,1131.116876
-227.977797,200,1131.979637
-2.598411,200,1132.827839
-2.432703,200,1133.672207
-124.965009,200,1134.642899
-121.342906,200,1135.607603
-0.357879,200,1136.447704
-228.216986,200,1137.317651
-220.689604,200,1138.16064
-119.656952,200,1139.146568
-320.532811,200,1140.010836
-220.707765,200,1140.8654
-124.043955,200,1141.715518
-124.558862,200,1142.576768
-127.282541,200,1143.416314
-119.296539,200,1144.245051
-123.012195,200,1145.095898
-127.896261,200,1146.117862
-0.761497,200,1146.966785
-121.030756,200,1148.076343
-121.361452,200,1148.991041
-226.969461,200,1149.829085
-123.876071,200,1150.662043
-127.603201,200,1151.495451
-114.822708,200,1152.37548
-235.332256,200,1153.406918
-0.341816,200,1154.245494
-225.933317,200,1155.088722
-120.511812,200,1155.928546
-310.99763,200,1156.916045
-117.282522,200,1157.780933
-227.121124,200,1158.633073
-123.920218,200,1159.480199
-0.873199,200,1160.322263
-129.264771,200,1161.455906
-2.588847,200,1162.343679
-119.208481,200,1163.185664
-118.87463,200,1164.016575
-125.012449,200,1164.847094
-123.834166,200,1165.813136
-235.460564,200,1166.652043
-1.6985,200,1167.501202
-0.383045,200,1168.334405
-120.313089,200,1169.165879
-122.596113,200,1170.009494
-125.456606,200,1171.075916
-117.154073,200,1171.918893
-126.812987,200,1172.775983
-0.574239,200,1173.611668
-119.468007,200,1174.577263
-126.586823,200,1175.428316
-119.350761,200,1176.2663
-115.114226,200,1177.116748
-0.492342,200,1177.952832
-256.001149,200,1178.893648
-116.690039,200,1179.824662
-119.857287,200,1180.662084
-125.912092,200,1181.491034
-123.537544,200,1182.329159
-221.71298,200,1183.303521
-118.395142,200,1184.160339
-0.445257,200,1185.011006
-284.210236,200,1185.844269
-120.090059,200,1186.683583
-220.235376,200,1187.547016
-125.678273,200,1188.389843
-126.353721,200,1189.245437
-2.112682,200,1190.097847
-0.530774,200,1190.94801
-126.022909,200,1192.172104
-0.544773,200,1193.022285
-222.886294,200,1194.000487
-125.020088,200,1194.82313
-241.115089,200,1195.643313
-115.762694,200,1196.463494
-129.262942,200,1197.288013
-120.083019,200,1198.150569
-2.030971,200,1198.973359
-240.899758,200,1199.794565
-123.176949,200,1200.754289
-225.912056,200,1201.762445
-125.891787,200,1202.600929
-228.386918,200,1203.427438
-129.088173,200,1204.248653
-127.225582,200,1205.09735
-0.349647,200,1206.03972
-231.287555,200,1206.8629
-126.52947,200,1207.700397
-123.414287,200,1208.524799
-121.232252,200,1209.487765
-124.03992,200,1210.319942
-240.13199,200,1211.14192
-127.740596,200,1211.961809
-122.689903,200,1212.794983
-119.08739,200,1213.738137
-0.449172,200,1214.635769
-124.19414,200,1215.458008
-231.873388,200,1216.281182
-234.257719,200,1217.101695
-120.948749,200,1218.099457
-115.331731,200,1218.927575
-120.906053,200,1219.751456
-126.994339,200,1220.571914
-115.522348,200,1221.398617
-116.653191,200,1222.415939
-234.085632,200,1223.254111
-119.155226,200,1224.077799
-124.039557,200,1224.899719
-119.169752,200,1225.720536
-2.23599,200,1226.691379
-124.931895,200,1227.534455
-295.123017,200,1228.38476
-3.34892,200,1229.210767
-131.159454,200,1230.045453
-115.406925,200,1231.062769
-118.161139,200,1231.894913
-1.610433,200,1232.732907
-242.060624,200,1233.563758
-118.936765,200,1234.38577
-128.591198,200,1235.34234
-119.066333,200,1236.304515
-225.135245,200,1237.15149
-117.111167,200,1237.988136
-231.49751,200,1238.818464
-123.798633,200,1239.822872
-0.99568,200,1240.656388
-126.135431,200,1241.486392
-120.501798,200,1242.306553
-242.061121,200,1243.139379
-123.703105,200,1244.094084
-123.478604,200,1244.927036
-117.675303,200,1245.750603
-124.683385,200,1246.573816
-227.196855,200,1247.398077
-2.176655,200,1248.511732
-124.949547,200,1249.356348
-251.80043,200,1250.191346
-115.80217,200,1251.01756
-252.114739,200,1251.855772
-124.951846,200,1252.858863
-288.02861,200,1253.706892
-115.818939,200,1254.536486
-125.531111,200,1255.363812
-125.960256,200,1256.192931
-123.606868,200,1257.252214
-123.419948,200,1258.105071
-125.853273,200,1258.939936
-0.965668,200,1259.768121
-125.534511,200,1260.594178
-126.140394,200,1261.557173
-309.423225,200,1262.39457
-0.327022,200,1263.239907
-122.710653,200,1264.067961
-227.856771,200,1264.8946
-118.55754,200,1265.937285
-124.35137,200,1266.794595
-119.916432,200,1267.625491
-241.809065,200,1268.47415
-115.616681,200,1269.296088
-227.038744,200,1270.256551
-117.576598,200,1271.093027
-0.340487,200,1271.922389
-224.967076,200,1272.741475
-115.166151,200,1273.573961
-229.915351,200,1274.393333
-114.675018,200,1275.322265
-125.993115,200,1276.208107
-123.812849,200,1277.158021
-124.142197,200,1277.987257
-128.062423,200,1278.961696
-2.650301,200,1279.799623
-226.758098,200,1280.62164
-120.588532,200,1281.439963
-0.527115,200,1282.263783
-231.757435,200,1283.263138
-125.465927,200,1284.087424
-226.110431,200,1284.907006
-122.745532,200,1285.726215
-229.547366,200,1286.543915
-117.832045,200,1287.495585
-0.553285,200,1288.357281
-121.6628,200,1289.179483
-120.135238,200,1290.005522
-123.39466,200,1290.8326
-118.406788,200,1291.825749
-113.747377,200,1292.656926
-127.228191,200,1293.49074
-120.085501,200,1294.316083
-123.161803,200,1295.141992
-124.920976,200,1296.092451
-2.507504,200,1296.918391
-0.298478,200,1297.750819
-244.847367,200,1298.603276
-242.111356,200,1299.443167
-124.349023,200,1300.514867
-117.427069,200,1301.349733
-128.553744,200,1302.181452
-119.343688,200,1303.013575
-126.347976,200,1303.863104
-117.913644,200,1304.831515
-123.212918,200,1305.684848
-132.427067,200,1306.51865
-222.79098,200,1307.344139
-223.366374,200,1308.17244
-122.556466,200,1309.277996
-126.389234,200,1310.107329
-248.507833,200,1310.933397
-120.387993,200,1311.758303
-115.370423,200,1312.580615
-124.032937,200,1313.568248
-117.283415,200,1314.420235
-230.860782,200,1315.258877
-127.214735,200,1316.096518
-118.496077,200,1316.936683
-127.172914,200,1317.949796
-124.892444,200,1318.80695
-0.929057,200,1319.645929
-0.711977,200,1320.475693
-118.048294,200,1321.313458
-1.261873,200,1322.278851
-1.263522,200,1323.125825
-119.46638,200,1323.985909
-114.755564,200,1324.821743
-125.418353,200,1325.650159
-1.083789,200,1326.484686
-121.908679,200,1327.312426
-297.807436,200,1328.136261
-224.410243,200,1328.962606
-238.913743,200,1329.786871
-115.189839,200,1330.750791
-119.130452,200,1331.644086
-123.190984,200,1332.477076
-0.518724,200,1333.306703
-116.731557,200,1334.135556
-234.812435,200,1334.961828
-0.285592,200,1335.787177
-230.47493,200,1336.617999
-0.933696,200,1337.444934
-220.587542,200,1338.269484
-119.148721,200,1339.239257
-1.170193,200,1340.093258
-124.22835,200,1340.928692
-227.769563,200,1341.753604
-114.742025,200,1342.605308
-230.361303,200,1343.446444
-130.013721,200,1344.299723
-0.395381,200,1345.33079
-117.206328,200,1346.163946
-220.601218,200,1347.005902
-117.92407,200,1348.142822
-227.84419,200,1348.983504
-126.570735,200,1349.815139
-126.502888,200,1350.666702
-116.387672,200,1351.816782
-123.278019,200,1353.851632
-117.468891,200,1355.218905
-2.611342,200,1356.168539
-131.24047,200,1357.365044
-118.071269,200,1358.738132
-227.234756,200,1360.197669
-1.810518,200,1361.452507
-122.572068,200,1362.690948
-352.198143,200,1363.845318
-313.116526,200,1364.7885
-119.591351,200,1365.716581
-116.517934,200,1366.65728
-114.623267,200,1368.121956
-117.714321,200,1369.269551
-117.156807,200,1370.823625
-125.318747,200,1372.089885
-241.131552,200,1373.187824
-120.921088,200,1374.311122
-125.651809,200,1375.434408
-220.342175,200,1376.909979
-2.202122,200,1378.285336
-117.194964,200,1379.855338
-237.359161,200,1380.907511
-223.66917,200,1381.852783
-125.933762,200,1382.767331
-119.07986,200,1383.847425
-119.46947,200,1384.81002
-125.859926,200,1385.781425
-125.002736,200,1386.757764
-116.699737,200,1387.742588
-124.028838,200,1389.111914
-126.292033,200,1390.133972
-116.808144,200,1391.080654
-238.500361,200,1391.974299
-118.961593,200,1392.915095
-248.056668,200,1394.012857
-241.316541,200,1394.962866
-220.395974,200,1395.901618
-118.670885,200,1396.810187
-121.503657,200,1398.043308
-124.568296,200,1399.349928
-222.304489,200,1400.275175
-116.664356,200,1401.148961
-117.949065,200,1402.01077
-124.007696,200,1402.906034
-123.110895,200,1403.977904
-115.704884,200,1404.888534
-0.657528,200,1405.788635
-246.310672,200,1406.661755
-124.400334,200,1407.713152
-127.725497,200,1408.936288
-126.468443,200,1409.856451
-1.051842,200,1410.711542
-116.657563,200,1411.558353
-120.884523,200,1412.404066
-0.283093,200,1413.399397
-126.949628,200,1414.294393
-126.311225,200,1415.191542
-237.561466,200,1416.044041
-125.471914,200,1416.892659
-117.588198,200,1417.766281
-116.397578,200,1418.619672
-1.192129,200,1419.478921
-126.236584,200,1420.335941
-116.61416,200,1421.584822
-247.2434,200,1422.644466
-126.182331,200,1423.858404
-126.496403,200,1424.757617
-0.539966,200,1425.619242
-122.268816,200,1426.657707
-2.863271,200,1427.754455
-225.488141,200,1428.627958
-124.839631,200,1429.451478
-120.495017,200,1430.269029
-119.534257,200,1431.080458
-117.907172,200,1432.080338
-223.506341,200,1432.936556
-125.947301,200,1433.771674
-243.138449,200,1434.612208
-1.368314,200,1435.435372
-127.757362,200,1436.53896
-237.835477,200,1437.47704
-267.015608,200,1438.330296
-2.092108,200,1439.158748
-115.660002,200,1439.968623
-0.363715,200,1440.914882
-126.812313,200,1441.813236
-117.429996,200,1442.659648
-221.809294,200,1443.482048
-229.292063,200,1444.322849
-241.421217,200,1445.420555
-126.320826,200,1446.30989
-303.044404,200,1447.154691
-113.749876,200,1447.974459
-125.156395,200,1448.804426
-121.227691,200,1449.74936
-235.439729,200,1450.608966
-126.368932,200,1451.440752
-116.532917,200,1452.302203
-230.659102,200,1453.158402
-126.283966,200,1454.339259
-0.992817,200,1455.234338
-126.488766,200,1456.044678
-226.353776,200,1456.868727
-2.116497,200,1457.672766
-125.65646,200,1458.621921
-224.860503,200,1459.465043
-290.38435,200,1460.322493
-121.758861,200,1461.140864
-0.52154,200,1462.014069
-114.264092,200,1463.127457
-118.988353,200,1464.043003
-0.380058,200,1464.879229
-127.955948,200,1465.74772
-3.516247,200,1466.567938
-225.471042,200,1467.651127
-226.815543,200,1468.693348
-221.006207,200,1469.545139
-125.615778,200,1470.369173
-128.56668,200,1471.326785
-116.953819,200,1472.415118
-224.573181,200,1473.276227
-123.428291,200,1474.111471
-123.498161,200,1474.909489
-119.694483,200,1475.707668
-126.518079,200,1476.639723
-228.503495,200,1477.523947
-222.408684,200,1478.366101
-238.232535,200,1479.181594
-225.844586,200,1480.020234
-132.718117,200,1481.039319
-124.490723,200,1482.041739
-235.905193,200,1482.893715
-117.370305,200,1483.69298
-236.864448,200,1484.490856
-234.008469,200,1485.432315
-220.287774,200,1486.277018
-119.261068,200,1487.117568
-125.676497,200,1487.947659
-1.263748,200,1488.786722
-223.39004,200,1489.94014
-222.417842,200,1490.772643
-217.558371,200,1491.577203
-251.291523,200,1492.402761
-122.91411,200,1493.210625
-125.299126,200,1494.145944
-120.456348,200,1494.964107
-234.403297,200,1495.767509
-244.910204,200,1496.566293
-115.993013,200,1497.383085
-329.961693,200,1498.309388
-118.442865,200,1499.478161
-124.511981,200,1500.298044
-0.454535,200,1501.099246
-114.287151,200,1501.898721
-127.672312,200,1502.87204
-0.394572,200,1503.707448
-219.652776,200,1504.526732
-0.748269,200,1505.328482
-117.212702,200,1506.131341
-1.197545,200,1506.938506
-250.234309,200,1507.76028
-120.512934,200,1508.564543
-307.729221,200,1509.421324
-119.044794,200,1510.543026
-220.223527,200,1511.545657
-113.613909,200,1512.516163
-221.940321,200,1513.535084
-116.42973,200,1514.355184
-116.636166,200,1515.216926
-1.512077,200,1516.302682
-227.771749,200,1517.18698
-1.157996,200,1518.025778
-120.72065,200,1518.832847
-304.246557,200,1519.641073
-118.697691,200,1520.584373
-126.157158,200,1521.41403
-0.422153,200,1522.226333
-225.362091,200,1523.062463
-122.031721,200,1523.87526
-116.882341,200,1524.800041
-126.178598,200,1525.852842
-228.240435,200,1526.677507
-221.025169,200,1527.490453
-246.575807,200,1528.317432
-117.232196,200,1529.26071
-3.446847,200,1530.088421
-279.128147,200,1530.898343
-125.585124,200,1531.704515
-116.330827,200,1532.513843
-223.299996,200,1533.589246
-129.570714,200,1534.510724
-125.17884,200,1535.327008
-126.604084,200,1536.134983
-231.313575,200,1536.941728
-240.693603,200,1537.902733
-295.817643,200,1538.736863
-121.111108,200,1539.546134
-224.926397,200,1540.351528
-117.138472,200,1541.163549
-120.729229,200,1542.265337
-123.242634,200,1543.191221
-117.023924,200,1544.010935
-117.46497,200,1544.817533
-0.664102,200,1545.622802
-1.688589,200,1546.580577
-256.452717,200,1547.417505
-233.23546,200,1548.273025
-222.370125,200,1549.089762
-120.424324,200,1549.916357
-234.976284,200,1551.028272
-225.434895,200,1551.881301
-240.185058,200,1552.697116
-119.938044,200,1553.537203
-125.520339,200,1554.564478
-125.102392,200,1555.613245
-124.545025,200,1556.471193
-124.245849,200,1557.29676
-127.571422,200,1558.128788
-119.216563,200,1558.954084
-125.455377,200,1559.96569
-225.767662,200,1560.965348
-120.566923,200,1561.792231
-117.179729,200,1562.605137
-253.866584,200,1563.482761
-303.307135,200,1564.546855
-235.472188,200,1565.394341
-117.531769,200,1566.227265
-226.157766,200,1567.042734
-216.611957,200,1567.852627
-123.620158,200,1568.781322
-125.949112,200,1569.835107
-220.743669,200,1570.664937
-126.996597,200,1571.479329
-121.737602,200,1572.291211
-123.806906,200,1573.257772
-119.654223,200,1574.091766
-125.910842,200,1574.906386
-124.478777,200,1575.717448
-120.767347,200,1576.532895
-125.725786,200,1577.561822
-230.40877,200,1578.447632
-1.575138,200,1579.268878
-0.618228,200,1580.080633
-117.48527,200,1580.89156
-124.400954,200,1581.835223
-218.629408,200,1582.662752
-0.694074,200,1583.496395
-2.62122,200,1584.308657
-119.198765,200,1585.118181
-118.924403,200,1586.004335
-118.260364,200,1587.054042
-235.639643,200,1587.875134
-220.709892,200,1588.712506
-126.439552,200,1589.522459
-116.159563,200,1590.487892
-123.589125,200,1591.316658
-118.954708,200,1592.133639
-116.874559,200,1592.948271
-115.94454,200,1593.803893
-118.330497,200,1594.912179
-121.328276,200,1595.75413
-128.39298,200,1596.568534
-122.800479,200,1597.378931
-121.310789,200,1598.198144
-126.160167,200,1599.197011
-123.357753,200,1600.318796
-126.085782,200,1601.166908
-239.679904,200,1601.981426
-243.096967,200,1602.801312
-120.261733,200,1603.881271
-120.640914,200,1604.748612
-0.30276,200,1605.566442
-120.243699,200,1606.390119
-113.915352,200,1607.198933
-119.651048,200,1608.141175
-231.462697,200,1608.989962
-124.129896,200,1609.801534
-126.254492,200,1610.613307
-120.821321,200,1611.422175
-245.739185,200,1612.236031
-118.304153,200,1613.428981
-122.838805,200,1614.332491
-120.544936,200,1615.149452
-0.648019,200,1615.960625
-230.439534,200,1616.904179
-127.899893,200,1617.731144
-124.458096,200,1618.559704
-125.364886,200,1619.373999
-115.687527,200,1620.188903
-124.615365,200,1621.28427
-125.648401,200,1622.152401
-229.597135,200,1622.964419
-116.435091,200,1623.793343
-1.622636,200,1624.603949
-114.960404,200,1625.544443
-225.549501,200,1626.371141
-2.213322,200,1627.18129
-126.962139,200,1627.989425
-123.402653,200,1628.81691
-119.203202,200,1629.785994
-125.840325,200,1630.769484
-124.192245,200,1631.586274
-221.826863,200,1632.394188
-125.347324,200,1633.200503
-127.329012,200,1634.211212
-221.980954,200,1635.03605
-124.232187,200,1635.854894
-117.100186,200,1636.669504
-127.686296,200,1637.484258
-118.192882,200,1638.298775
-118.471835,200,1639.137309
-231.552466,200,1639.946803
-113.944435,200,1640.75312
-121.134633,200,1641.650912
-123.47413,200,1642.823457
-0.827741,200,1643.764944
-239.401298,200,1644.760111
-230.571028,200,1645.593617
-117.361228,200,1646.70039
-226.33667,200,1647.546144
-116.54914,200,1648.359582
-115.978686,200,1649.193316
-250.21229,200,1650.007246
-237.719592,200,1650.817134
-126.53595,200,1651.7621
-307.3367,200,1652.590155
-333.875148,200,1653.399923
-126.155885,200,1654.232872
-118.629113,200,1655.051725
-0.764266,200,1656.033343
-118.633815,200,1656.996603
-240.72604,200,1657.821597
-116.802963,200,1658.633776
-118.141785,200,1659.473217
-122.425953,200,1660.416514
-123.287217,200,1661.244022
-224.264413,200,1662.055293
-123.05701,200,1662.863933
-228.753263,200,1663.682275
-231.257619,200,1664.773246
-126.426689,200,1665.617575
-126.06227,200,1666.441205
-244.51431,200,1667.249378
-126.214389,200,1668.05844
-125.747248,200,1669.017431
-239.309661,200,1669.849654
-224.675181,200,1670.661615
-119.785993,200,1671.469565
-0.713322,200,1672.277023
-226.105387,200,1673.25449
-0.383114,200,1674.261711
-124.050236,200,1675.083642
-119.082042,200,1675.893058
-1.147046,200,1676.700982
-113.609875,200,1677.653709
-116.962583,200,1678.478992
-237.937703,200,1679.324347
-126.75965,200,1680.139788
-125.701567,200,1680.963751
-0.412034,200,1682.069954
-227.624182,200,1682.937233
-119.182441,200,1683.755266
-232.270237,200,1684.592365
-1.307073,200,1685.40456
-297.242183,200,1686.369631
-2.9085,200,1687.443268
-117.51049,200,1688.284106
-124.106692,200,1689.11342
-123.193249,200,1689.94672
-226.721768,200,1691.073259
-0.437058,200,1691.928729
-284.946656,200,1692.74753
-117.962059,200,1693.561405
-123.822899,200,1694.395369
-118.441395,200,1695.351444
-116.591505,200,1696.177496
-237.292277,200,1696.993108
-119.062033,200,1697.805663
-118.006064,200,1698.670562
-121.935209,200,1699.913347
-123.331891,200,1700.750527
-227.72745,200,1701.566552
-124.07763,200,1702.379061
-1.980018,200,1703.192452
-119.405255,200,1704.145223
-121.441537,200,1704.988326
-119.470616,200,1705.803373
-234.292328,200,1706.625004
-127.707871,200,1707.435279
-221.749569,200,1708.380216
-1.422888,200,1709.397418
-234.842496,200,1710.228729
-237.348305,200,1711.040904
-125.714682,200,1711.850969
-117.208587,200,1712.79469
-117.261739,200,1713.623733
-122.627421,200,1714.452595
-220.416721,200,1715.269691
-124.127204,200,1716.08669
-224.919987,200,1717.161531
-118.285973,200,1718.032532
-245.187965,200,1718.846865
-236.52538,200,1719.684984
-125.755269,200,1720.49742
-122.768424,200,1721.452455
-2.521467,200,1722.286689
-223.544915,200,1723.106188
-229.169053,200,1723.947435
-226.32216,200,1724.821966
-124.348368,200,1725.934806
-114.428623,200,1726.783379
-119.299674,200,1727.599384
-124.827988,200,1728.412138
-119.112933,200,1729.224261
-1.883162,200,1730.249821
-118.226638,200,1731.315264
-130.11392,200,1732.145688
-118.681059,200,1732.962708
-308.618402,200,1733.878971
-120.474926,200,1734.976579
-0.568432,200,1735.813008
-128.250535,200,1736.628641
-120.58017,200,1737.442815
-0.360662,200,1738.256712
-117.73306,200,1739.204851
-125.057919,200,1740.056978
-121.488064,200,1740.881849
-1.133639,200,1741.706224
-116.819537,200,1742.530905
-126.479391,200,1743.644663
-0.389024,200,1744.497961
-126.519177,200,1745.342369
-114.443008,200,1746.160391
-127.255597,200,1746.984631
-126.478143,200,1747.967676
-118.809387,200,1748.793724
-0.393497,200,1749.618084
-0.516186,200,1750.447064
-236.170766,200,1751.267833
-224.671233,200,1752.345419
-125.700777,200,1753.204312
-124.502276,200,1754.032038
-125.441343,200,1754.8617
-221.321416,200,1755.684361
-118.810584,200,1756.637704
-113.867371,200,1757.462464
-225.035017,200,1758.276763
-223.425885,200,1759.088629
-245.040889,200,1759.921562
-117.837867,200,1761.035846
-222.686899,200,1761.898643
-123.255989,200,1762.718477
-113.701514,200,1763.532127
-228.054315,200,1764.344076
-127.731619,200,1765.363107
-0.848544,200,1766.202299
-117.503414,200,1767.036588
-113.864726,200,1767.856309
-123.522672,200,1768.676779
-235.904389,200,1769.494774
-119.968797,200,1770.330646
-221.155615,200,1771.147492
-122.562783,200,1771.962719
-125.178262,200,1772.92894
-123.250551,200,1774.03601
-124.389109,200,1775.043555
-115.926,200,1775.980476
-230.772013,200,1776.807053
-1.391449,200,1777.623581
-231.341165,200,1778.447929
-118.225156,200,1779.2641
-122.869186,200,1780.095836
-119.542725,200,1780.922792
-114.876941,200,1781.73725
-224.266876,200,1782.695748
-227.697735,200,1783.861514
-121.764787,200,1784.706012
-115.295677,200,1785.551109
-0.344415,200,1786.374592
-126.839316,200,1787.226379
-234.709826,200,1788.270755
-126.686484,200,1789.105706
-0.55813,200,1789.922724
-116.098731,200,1790.762628
-4.024167,200,1791.727687
-240.381976,200,1792.641926
-123.417992,200,1793.471939
-225.228339,200,1794.29248
-3.761425,200,1795.124725
-224.30299,200,1796.239582
-125.337059,200,1797.095917
-122.126468,200,1797.916349
-249.499618,200,1798.730563
-120.484037,200,1799.543773
-119.857059,200,1800.49167
-114.929074,200,1801.343047
-124.628356,200,1802.161811
-122.437353,200,1803.013662
-118.969581,200,1803.882109
-121.255725,200,1805.078885
-227.912507,200,1806.039584
-0.49788,200,1806.915487
-117.418685,200,1807.780802
-0.612726,200,1808.622769
-115.794466,200,1809.666447
-223.619436,200,1810.532682
-113.439582,200,1811.423142
-122.514328,200,1812.259026
-0.385544,200,1813.078545
-1.638065,200,1813.894279
-0.693528,200,1814.792325
-227.896033,200,1815.848783
-227.371783,200,1816.722489
-0.403257,200,1817.760614
-124.43779,200,1818.761695
-124.325478,200,1819.600961
-2.187298,200,1820.420699
-114.263274,200,1821.253774
-127.023604,200,1822.087595
-0.706504,200,1823.165731
-122.240362,200,1824.039537
-240.514872,200,1824.86534
-128.353517,200,1825.681316
-113.526523,200,1826.528155
-124.161676,200,1827.483312
-217.487826,200,1828.310985
-124.513865,200,1829.128538
-222.408037,200,1829.943607
-227.046408,200,1830.765669
-124.156382,200,1831.868988
-220.086699,200,1832.722256
-120.256196,200,1833.539141
-125.589094,200,1834.352013
-122.480533,200,1835.163768
-239.712122,200,1836.126017
-119.032489,200,1836.964531
-233.972189,200,1837.775908
-125.776201,200,1838.584015
-229.954606,200,1839.400662
-122.613757,200,1840.497549
-236.834124,200,1841.353554
-238.567897,200,1842.171575
-127.167217,200,1842.978388
-124.127299,200,1843.784715
-129.930302,200,1844.725049
-115.489334,200,1845.542847
-227.223764,200,1846.400729
-117.235301,200,1847.215592
-117.737906,200,1848.021515
-220.54347,200,1848.989211
-121.362209,200,1849.963247
-122.133574,200,1850.797191
-117.124517,200,1851.652649
-116.065884,200,1852.507076
-1.215048,200,1853.47753
-127.76513,200,1854.303933
-2.491095,200,1855.143229
-224.950245,200,1855.979902
-126.396819,200,1856.861052
-124.59835,200,1857.887131
-226.445984,200,1858.717627
-115.552192,200,1859.551673
-121.055029,200,1860.382338
-226.100484,200,1861.212348
-226.963201,200,1862.261392
-350.257367,200,1863.242814
-231.195491,200,1864.075066
-1.409026,200,1864.909419
-122.491885,200,1865.811098
-128.577428,200,1866.770721
-118.39346,200,1867.603936
-231.3669,200,1868.435857
-289.137683,200,1869.26603
-118.829902,200,1870.097469
-120.701313,200,1871.068418
-241.873407,200,1871.931511
-115.007903,200,1872.766106
-246.998694,200,1873.597255
-129.548069,200,1874.431181
-228.398328,200,1875.456735
-121.253181,200,1876.290876
-227.152114,200,1877.139763
-120.636925,200,1877.972199
-118.285568,200,1878.803948
-120.222417,200,1879.775104
-219.60698,200,1880.624445
-363.279069,200,1881.457245
-113.626459,200,1882.304654
-120.172775,200,1883.139305
-128.024101,200,1884.153726
-227.230828,200,1884.986376
-126.528387,200,1885.817931
-113.32586,200,1886.669269
-220.678303,200,1887.506495
-116.035348,200,1888.476737
-121.725694,200,1889.32678
-128.021451,200,1890.158193
-1.109395,200,1890.992809
-219.524711,200,1891.863466
-130.378728,200,1892.889821
-247.573071,200,1893.720348
-128.588462,200,1894.552708
-125.920754,200,1895.383737
-128.077588,200,1896.214704
-233.76612,200,1897.21339
-228.731237,200,1898.068541
-0.461445,200,1898.90656
-116.026065,200,1899.744438
-121.099775,200,1900.582925
-119.53781,200,1901.41867
-224.040368,200,1902.263789
-125.409471,200,1903.096726
-116.190047,200,1904.049668
-119.403714,200,1904.962726
-121.262284,200,1906.029689
-117.148691,200,1906.970869
-121.009337,200,1907.806231
-0.770703,200,1908.636666
-235.778674,200,1909.542951
-118.156604,200,1910.460938
-119.467912,200,1911.292013
-349.732583,200,1912.137422
-231.001769,200,1912.96956
-244.987689,200,1913.799235
-128.975753,200,1914.769483
-120.740001,200,1915.619579
-218.701687,200,1916.45068
-0.304623,200,1917.29552
-123.665204,200,1918.128842
-128.803667,200,1919.146296
-0.386655,200,1919.985278
-127.420694,200,1920.818006
-226.819884,200,1921.647221
-118.553933,200,1922.517243
-122.180162,200,1923.490803
-230.073282,200,1924.337739
-125.048608,200,1925.167731
-231.379427,200,1925.997277
-219.844218,200,1926.840973
-0.426228,200,1927.837936
-126.453188,200,1928.669847
-221.651136,200,1929.501166
-114.828263,200,1930.330388
-127.840031,200,1931.158736
-115.789871,200,1932.140032
-231.624483,200,1932.992044
-124.306543,200,1933.822147
-114.415699,200,1934.652059
-223.215506,200,1935.486673
-126.418232,200,1936.528757
-230.681611,200,1937.37359
-120.586492,200,1938.208021
-248.723765,200,1939.037446
-220.43609,200,1939.866051
-126.327491,200,1940.850401
-120.789339,200,1941.703458
-117.006926,200,1942.559914
-126.800407,200,1943.401987
-226.270386,200,1944.240922
-127.389873,200,1945.080888
-120.393926,200,1945.918485
-126.25087,200,1946.757553
-126.592526,200,1947.591286
-246.795833,200,1948.632334
-221.298735,200,1949.611451
-127.135651,200,1950.603304
-236.951562,200,1951.43224
-118.130335,200,1952.26462
-220.684898,200,1953.152359
-221.047565,200,1954.15504
-229.950242,200,1954.987866
-221.982111,200,1955.820827
-124.191235,200,1956.649885
-234.350348,200,1957.477701
-120.215121,200,1958.488406
-124.996971,200,1959.343966
-125.273231,200,1960.176996
-123.391228,200,1961.01033
-1.070575,200,1961.840246
-228.877453,200,1962.859124
-1.327384,200,1963.715075
-128.625823,200,1964.552255
-122.057933,200,1965.387204
-1.101319,200,1966.217592
-119.347759,200,1967.197704
-125.737978,200,1968.04693
-227.655106,200,1968.89306
-221.919626,200,1969.72526
-116.632032,200,1970.562069
-237.966448,200,1971.589482
-232.883335,200,1972.423234
-243.280604,200,1973.256193
-122.574933,200,1974.101243
-123.984456,200,1974.933613
-125.523495,200,1975.905496
-1.261786,200,1976.752936
-124.146726,200,1977.582997
-120.398675,200,1978.410775
-122.526994,200,1979.25732
-123.670745,200,1980.269954
-128.111734,200,1981.105271
-120.490424,200,1981.936233
-223.448331,200,1982.768847
-125.651184,200,1983.598491
-231.161971,200,1984.588757
-226.41716,200,1985.443404
-125.6301,200,1986.279456
-230.068465,200,1987.125303
-220.754372,200,1987.96425
-232.787739,200,1988.813446
-126.210719,200,1989.65926
-121.58729,200,1990.489206
-225.959419,200,1991.319971
-123.018425,200,1992.374046
-0.997862,200,1993.350651
-252.559382,200,1994.369738
-0.69081,200,1995.204842
-124.892462,200,1996.03584
-354.455417,200,1996.925639
-0.891799,200,1997.886508
-123.640595,200,1998.717688
-116.365462,200,1999.566302
-222.305535,200,2000.396337
-124.862534,200,2001.227498
-118.492711,200,2002.198379
-114.479585,200,2003.046447
-119.424574,200,2003.886656
-125.24157,200,2004.729718
-0.636328,200,2005.564957
-122.268344,200,2006.587585
-0.652979,200,2007.41912
-123.115177,200,2008.248535
-126.574611,200,2009.088918
-235.764875,200,2009.925536
-228.295545,200,2010.896507
-222.345883,200,2011.743609
-223.518548,200,2012.57434
-123.954266,200,2013.403841
-117.278732,200,2014.249969
-128.387941,200,2015.264395
-124.034381,200,2016.097909
-236.231427,200,2016.929319
-238.395249,200,2017.758546
-121.677087,200,2018.58786
-222.001476,200,2019.571337
-218.635801,200,2020.422663
-219.273125,200,2021.253789
-218.091614,200,2022.083302
-118.238681,200,2022.919845
-228.624372,200,2023.945613
-125.612764,200,2024.818091
-229.663016,200,2025.651023
-1.614974,200,2026.493994
-119.622005,200,2027.337135
-233.371937,200,2028.319035
-115.568532,200,2029.181894
-124.688005,200,2030.02702
-234.870719,200,2030.860315
-117.413763,200,2031.695009
-228.625808,200,2032.53381
-3.826859,200,2033.36285
-118.344434,200,2034.192086
-124.550944,200,2035.020662
-125.500594,200,2035.94062
-240.600948,200,2036.995706
-121.775777,200,2038.014031
-292.041305,200,2038.86489
-120.121263,200,2039.694198
-2.198886,200,2040.524671
-124.49758,200,2041.353043
-118.174025,200,2042.186646
-120.871037,200,2043.02222
-221.774824,200,2043.851425
-123.377384,200,2044.679779
-129.304257,200,2045.64835
-129.77181,200,2046.674002
-119.069602,200,2047.532984
-121.829996,200,2048.362943
-117.946733,200,2049.193289
-1.976829,200,2050.021859
-127.998474,200,2050.85517
-229.849419,200,2051.685863
-0.827421,200,2052.515736
-1.565517,200,2053.344117
-0.664916,200,2054.335357
-233.211453,200,2055.371237
-126.189745,200,2056.20338
-115.106733,200,2057.033425
-1.169943,200,2057.864445
-221.311351,200,2058.843117
-3.247742,200,2059.676537
-245.866735,200,2060.521203
-124.74511,200,2061.354425
-118.234377,200,2062.183816
-240.315377,200,2063.153128
-224.436676,200,2064.003375
-228.304987,200,2064.834402
-121.835404,200,2065.705369
-116.974736,200,2066.548938
-0.638389,200,2067.573089
-123.958001,200,2068.424056
-224.048509,200,2069.256662
-0.478798,200,2070.089075
-123.206944,200,2070.939879
-1.286618,200,2071.92247
-124.490343,200,2072.769965
-238.769709,200,2073.608819
-231.224278,200,2074.448813
-122.638624,200,2075.298711
-228.585872,200,2076.33015
-116.775832,200,2077.166063
-0.401775,200,2077.998863
-128.572065,200,2078.827837
-114.847159,200,2079.66543
-124.367019,200,2080.784926
-296.493341,200,2081.634466
-0.355713,200,2082.462853
-232.683829,200,2083.29035
-119.032609,200,2084.174185
-229.888552,200,2085.14251
-125.659496,200,2085.989029
-0.362579,200,2086.829201
-364.77083,200,2087.657345
-126.472451,200,2088.485007
-227.861346,200,2089.456252
-0.452077,200,2090.305941
-126.700238,200,2091.15039
-220.623185,200,2091.98041
-120.407314,200,2092.811525
-239.137436,200,2093.816352
-292.597374,200,2094.647883
-114.608188,200,2095.513061
-120.334497,200,2096.348303
-128.20604,200,2097.179476
-237.905897,200,2098.149057
-116.07338,200,2098.997572
-119.840174,200,2099.826472
-116.621716,200,2100.666622
-226.787202,200,2101.505939
-2.447953,200,2102.534291
-227.833357,200,2103.365832
-125.998551,200,2104.196473
-0.579613,200,2105.024244
-123.018492,200,2105.866449
-124.772665,200,2106.852403
-223.74909,200,2107.696025
-115.661819,200,2108.527683
-223.533105,200,2109.369015
-228.792836,200,2110.199159
-244.467437,200,2111.111144
-242.830036,200,2112.068384
-223.890451,200,2112.898859
-0.347923,200,2113.730823
-127.33812,200,2114.562041
-241.755101,200,2115.55148
-236.156075,200,2116.438615
-116.875164,200,2117.289384
-118.819164,200,2118.128737
-118.471419,200,2118.982417
-2.684739,200,2120.012294
-123.364855,200,2120.857262
-0.723466,200,2121.693497
-123.999114,200,2122.545859
-241.116813,200,2123.514148
-119.033221,200,2124.485461
-228.259216,200,2125.334482
-116.80377,200,2126.179947
-118.463479,200,2127.02265
-119.357255,200,2127.851564
-220.103208,200,2128.876005
-121.519536,200,2129.70869
-119.358163,200,2130.540867
-0.463119,200,2131.387415
-122.188553,200,2132.217813
-122.573146,200,2133.185954
-115.626195,200,2134.034425
-117.574696,200,2134.865219
-119.606835,200,2135.693666
-225.150145,200,2136.54573
-115.765103,200,2137.557099
-121.390138,200,2138.38989
-228.90313,200,2139.220767
-116.900392,200,2140.050621
-128.592358,200,2140.890095
-125.314167,200,2141.867596
-119.516977,200,2142.715721
-2.848241,200,2143.547041
-0.418211,200,2144.376886
-279.526601,200,2145.207748
-251.687571,200,2146.24534
-218.579662,200,2147.089812
-129.219162,200,2147.921219
-125.232361,200,2148.74981
-122.594971,200,2149.579241
-229.118623,200,2150.548905
-128.023899,200,2151.435734
-125.80949,200,2152.268859
-115.732725,200,2153.098296
-113.783538,200,2153.932843
-218.763626,200,2154.960186
-236.606662,200,2155.792072
-126.117536,200,2156.642106
-117.547077,200,2157.472058
-224.696303,200,2158.300537
-119.855014,200,2159.284712
-120.779006,200,2160.134132
-126.465322,200,2160.980581
-117.765128,200,2161.826783
-219.348482,200,2162.669353
-217.030682,200,2163.682974
-333.587379,200,2164.521981
-285.308936,200,2165.352325
-126.066067,200,2166.194162
-125.81995,200,2167.040916
-246.656227,200,2168.051516
-4.05892,200,2169.014092
-114.156502,200,2169.845593
-227.981007,200,2170.676382
-115.242302,200,2171.524111
-124.648308,200,2172.549214
-119.632076,200,2173.38114
-244.45989,200,2174.212313
-114.441264,200,2175.041756
-238.460242,200,2175.870936
-117.129735,200,2176.857222
-126.793526,200,2177.703616
-241.722047,200,2178.533717
-114.537317,200,2179.361934
-250.710705,200,2180.195398
-0.868494,200,2181.23363
-258.885749,200,2182.071337
-232.869708,200,2182.902612
-238.020146,200,2183.732231
-236.526335,200,2184.561987
-126.355456,200,2185.53455
-232.338521,200,2186.397696
-223.31049,200,2187.236526
-124.388289,200,2188.067011
-1.854945,200,2188.901786
-0.504154,200,2189.925678
-0.740693,200,2190.758487
-2.614543,200,2191.60426
-125.092825,200,2192.437597
-116.59233,200,2193.267965
-2.682563,200,2194.239179
-124.93103,200,2195.087247
-227.072441,200,2195.922232
-116.782859,200,2196.766362
-235.345115,200,2197.599026
-244.045145,200,2198.518987
-122.042944,200,2199.448537
-123.553749,200,2200.278775
-2.11001,200,2201.109888
-236.129401,200,2201.954474
-220.883422,200,2202.939644
-0.314024,200,2203.790673
-124.805159,200,2204.630434
-124.736876,200,2205.470851
-126.681041,200,2206.312262
-227.76443,200,2207.175054
-127.634802,200,2208.011051
-114.356293,200,2208.841382
-127.700742,200,2209.703164
-240.649536,200,2210.725445
-223.794205,200,2211.71568
-0.256613,200,2212.744947
-115.182138,200,2213.577623
-126.866842,200,2214.409635
-222.329171,200,2215.250515
-119.743353,200,2216.261685
-117.424175,200,2217.107561
-119.147456,200,2217.961316
-124.862712,200,2218.813286
-131.693938,200,2219.642905
-126.210209,200,2220.612561
-136.200419,200,2221.460436
-122.645177,200,2222.308045
-125.577608,200,2223.138315
-124.199141,200,2223.971859
-1.680587,200,2224.987368
-10.507092,200,2225.818993
-295.336589,200,2226.707792
-264.579343,200,2227.542767
-221.411741,200,2228.371343
-221.479694,200,2229.339798
-130.952976,200,2230.186402
-119.739999,200,2231.016431
-0.449215,200,2231.859814
-114.965816,200,2232.696378
-229.090822,200,2233.657506
-236.52024,200,2234.636569
-219.752645,200,2235.467747
-129.594108,200,2236.298166
-122.916529,200,2237.142987
-126.028969,200,2238.117817
-7.455972,200,2238.965153
-126.050415,200,2239.795011
-230.86856,200,2240.622967
-122.337829,200,2241.454054
-123.038949,200,2242.49859
-115.856181,200,2243.334937
-0.327242,200,2244.166589
-123.490347,200,2244.996595
-127.621888,200,2245.825581
-126.318381,200,2246.851808
-237.623718,200,2247.703203
-225.982796,200,2248.54157
-248.750874,200,2249.380229
-126.160583,200,2250.216726
-0.341469,200,2251.254722
-0.451755,200,2252.112813
-246.423836,200,2252.948368
-221.827251,200,2253.778751
-126.467331,200,2254.609041
-125.655203,200,2255.690561
-126.242962,200,2256.585709
-226.627951,200,2257.432269
-228.71756,200,2258.264448
-120.452059,200,2259.094266
-220.574734,200,2260.102903
-238.169232,200,2260.958437
-2.506043,200,2261.790779
-120.83686,200,2262.638525
-124.345764,200,2263.469037
-124.494714,200,2264.438438
-119.101538,200,2265.286497
-243.454746,200,2266.118392
-123.857415,200,2266.95783
-220.700962,200,2267.796741
-125.152322,200,2268.63227
-2.911883,200,2269.660493
-121.965333,200,2270.492321
-227.831158,200,2271.322797
-127.794262,200,2272.169534
-124.208602,200,2273.142477
-121.360798,200,2273.994593
-118.738601,200,2274.82516
-127.235109,200,2275.649867
-0.292213,200,2276.482271
-125.171338,200,2277.491839
-114.690028,200,2278.333154
-234.392907,200,2279.156748
-125.291156,200,2279.977923
-122.373796,200,2280.798307
-125.041678,200,2281.767276
-117.284871,200,2282.652642
-220.579869,200,2283.480303
-0.40573,200,2284.304076
-224.257665,200,2285.127438
-127.737682,200,2286.01157
-225.285806,200,2286.937652
-119.771233,200,2287.785642
-121.131029,200,2288.619534
-127.013677,200,2289.452146
-117.29227,200,2290.427712
-233.04061,200,2291.276164
-121.22525,200,2292.111214
-230.921575,200,2292.964159
-229.702704,200,2293.804206
-119.768796,200,2294.830678
-222.2778,200,2295.664872
-116.627501,200,2296.49536
-225.175832,200,2297.331246
-0.903347,200,2298.159743
-0.474382,200,2299.145663
-0.401463,200,2300.163318
-244.676576,200,2300.998143
-2.807044,200,2301.819723
-227.713247,200,2302.663733
-223.999116,200,2303.666125
-237.924907,200,2304.488277
-237.134348,200,2305.308658
-125.302539,200,2306.128803
-313.097853,200,2306.95008
-229.032499,200,2307.927947
-219.950671,200,2308.765758
-117.634105,200,2309.589072
-117.363974,200,2310.409677
-120.240597,200,2311.236224
-123.747077,200,2312.237702
-1.950488,200,2313.099374
-124.144958,200,2313.920009
-123.769498,200,2314.740787
-223.7017,200,2315.561548
-0.414676,200,2316.522487
-220.249467,200,2317.361211
-127.392551,200,2318.202863
-118.820417,200,2319.025703
-113.619067,200,2319.849135
-126.199281,200,2320.791295
-117.73369,200,2321.687652
-120.271143,200,2322.518297
-217.881476,200,2323.346542
-223.029719,200,2324.167312
-120.045754,200,2325.126144
-224.442403,200,2325.96751
-121.519463,200,2326.789911
-2.860361,200,2327.61716
-123.646889,200,2328.449509
-4.591045,200,2329.454646
-242.454092,200,2330.279498
-117.617321,200,2331.101069
-123.219685,200,2331.922764
-121.768557,200,2332.758474
-123.036431,200,2333.730947
-236.428646,200,2334.5755
-124.954408,200,2335.416432
-126.981943,200,2336.245688
-127.729346,200,2337.075773
-223.457894,200,2337.912509
-123.842117,200,2338.739838
-126.897746,200,2339.584276
-229.606099,200,2340.577505
-226.383103,200,2341.405849
-121.294738,200,2342.514366
-1.818105,200,2343.36341
-126.318135,200,2344.187706
-319.222624,200,2345.00849
-119.116861,200,2345.837518
-124.663157,200,2346.867613
-127.925609,200,2347.690456
-118.033342,200,2348.52482
-126.236433,200,2349.345356
-117.337774,200,2350.164199
-125.731383,200,2351.124962
-123.15031,200,2351.964231
-247.177123,200,2352.793875
-128.491245,200,2353.621048
-216.130577,200,2354.448592
-126.915952,200,2355.441479
-234.079467,200,2356.262369
-116.185661,200,2357.084151
-242.608408,200,2357.911925
-127.498681,200,2358.738674
-119.067831,200,2359.719773
-228.282271,200,2360.558918
-0.430171,200,2361.383213
-228.88735,200,2362.203878
-120.296237,200,2363.035681
-125.010152,200,2363.995478
-117.276876,200,2364.87317
-121.274432,200,2365.694428
-225.301155,200,2366.51278
-2.494969,200,2367.332237
-123.517505,200,2368.304192
-122.382947,200,2369.14579
-127.049222,200,2369.968716
-223.431849,200,2370.788375
-124.202725,200,2371.609917
-115.192006,200,2372.523243
-126.57466,200,2373.455885
-218.161426,200,2374.277683
-257.129322,200,2375.099182
-125.182924,200,2375.919833
-124.24048,200,2376.88841
-217.318213,200,2377.72783
-117.3582,200,2378.573539
-122.988261,200,2379.402506
-116.650218,200,2380.229748
-1.125595,200,2381.164312
-217.391183,200,2382.107905
-229.076699,200,2382.931457
-0.368893,200,2383.767943
-222.417324,200,2384.58938
-120.647905,200,2385.604339
-124.05944,200,2386.556413
-127.047984,200,2387.423163
-240.515484,200,2388.271282
-229.432663,200,2389.109886
-2.142185,200,2390.107232
-116.686973,200,2390.930258
-284.433594,200,2391.753202
-127.304027,200,2392.58124
-220.492741,200,2393.421658
-116.2004,200,2394.403013
-118.137295,200,2395.255649
-119.805438,200,2396.082953
-282.142797,200,2396.908092
-305.895786,200,2397.7922
-128.062741,200,2398.749288
-128.158841,200,2399.573482
-125.865813,200,2400.41641
-225.804716,200,2401.250617
-120.940577,200,2402.070519
-114.157236,200,2403.043879
-123.149641,200,2403.908105
-3.389853,200,2404.7397
-120.272489,200,2405.568728
-230.338239,200,2406.399692
-114.635962,200,2407.44845
-127.395676,200,2408.273171
-0.506785,200,2409.148089
-224.68596,200,2409.966739
-118.951088,200,2410.783841
-223.556684,200,2411.744119
-117.477442,200,2412.587934
-124.854939,200,2413.417973
-230.697966,200,2414.245293
-119.88701,200,2415.066369
-118.473757,200,2416.0012
-0.374448,200,2416.886631
-120.977684,200,2417.708291
-125.014694,200,2418.545785
-237.838497,200,2419.37206
-291.734826,200,2420.342218
-0.34561,200,2421.181996
-113.163553,200,2422.011923
-116.31062,200,2422.837493
-224.079275,200,2423.683245
-119.495822,200,2424.512602
-223.033786,200,2425.332591
-226.160189,200,2426.162679
-222.877765,200,2427.187277
-115.920456,200,2428.055501
-230.612566,200,2429.161829
-127.445448,200,2430.020343
-232.009119,200,2430.840703
-127.101375,200,2431.659523
-114.323874,200,2432.489015
-0.357438,200,2433.509833
-116.087431,200,2434.344786
-337.379616,200,2435.1652
-227.07701,200,2435.984169
-118.979582,200,2436.807476
-123.705388,200,2437.764729
-119.597621,200,2438.605855
-227.912197,200,2439.435488
-122.106047,200,2440.257745
-233.049372,200,2441.092478
-122.497666,200,2442.107317
-117.618418,200,2442.929305
-118.341516,200,2443.761165
-0.973576,200,2444.588152
-116.924506,200,2445.413408
-240.97661,200,2446.376747
-127.250711,200,2447.21258
-233.024636,200,2448.034735
-219.809509,200,2448.866181
-124.000043,200,2449.698122
-125.991578,200,2450.680636
-2.336153,200,2451.519434
-120.940778,200,2452.337566
-0.342012,200,2453.15527
-0.895367,200,2453.990131
-124.461048,200,2454.956322
-230.381969,200,2455.789974
-115.613876,200,2456.609803
-124.652361,200,2457.432872
-128.764579,200,2458.272613
-232.684082,200,2459.288595
-0.40615,200,2460.108516
-248.88463,200,2460.925697
-225.275868,200,2461.743666
-222.603008,200,2462.608527
-1.358395,200,2463.572785
-1.586864,200,2464.419966
-267.867373,200,2465.243971
-224.8884,200,2466.064535
-266.549719,200,2466.889813
-217.856393,200,2467.710148
-126.957673,200,2468.530226
-123.39281,200,2469.360652
-2.719136,200,2470.181079
-125.486153,200,2471.095666
-2.939216,200,2472.148257
-123.418543,200,2473.0132
-250.156125,200,2473.979767
-220.615323,200,2474.804318
-0.302794,200,2475.634258
-223.009953,200,2476.637706
-224.11008,200,2477.459259
-234.051305,200,2478.278591
-227.921541,200,2479.104242
-117.089762,200,2479.933869
-125.304121,200,2480.890356
-227.830368,200,2481.723431
-126.948628,200,2482.543125
-356.277264,200,2483.366168
-240.028579,200,2484.206812
-249.892832,200,2485.206822
-118.151724,200,2486.027321
-121.415224,200,2486.846745
-121.908574,200,2487.671803
-246.949536,200,2488.49344
-126.684994,200,2489.467315
-121.410494,200,2490.298612
-368.694015,200,2491.118189
-225.906125,200,2491.941043
-0.331709,200,2492.765789
-2.626256,200,2493.749148
-129.611489,200,2494.580888
-223.873855,200,2495.401995
-125.983181,200,2496.225891
-277.502212,200,2497.044838
-120.250889,200,2497.999577
-0.432075,200,2498.832029
-227.24706,200,2499.66392
-129.225667,200,2500.48929
-129.202136,200,2501.310803
-127.211127,200,2502.313181
-126.247957,200,2503.133276
-122.678394,200,2503.957299
-218.486807,200,2504.790542
-0.367087,200,2505.610211
-0.548921,200,2506.601106
-120.922965,200,2507.436083
-245.779801,200,2508.26526
-0.785739,200,2509.086603
-115.038884,200,2509.924569
-0.53512,200,2510.745652
-0.779556,200,2511.566039
-123.625432,200,2512.38955
-122.425687,200,2513.209894
-233.248383,200,2514.027742
-251.778361,200,2515.094115
-0.459102,200,2516.014519
-124.985163,200,2516.93169
-127.594157,200,2517.845247
-124.960087,200,2518.669766
-125.632435,200,2519.62865
-130.813322,200,2520.456579
-0.44922,200,2521.287057
-129.774377,200,2522.106873
-319.763431,200,2522.924313
-0.504474,200,2523.879602
-125.530877,200,2524.716418
-216.923602,200,2525.555851
-219.228851,200,2526.38617
-220.651986,200,2527.218204
-119.742174,200,2528.206814
-128.987678,200,2529.059349
-2.406907,200,2529.879929
-228.243737,200,2530.710886
-115.387222,200,2531.534287
-218.851949,200,2532.498101
-125.416189,200,2533.337381
-228.117289,200,2534.161173
-119.033892,200,2534.980145
-248.703726,200,2535.817125
-259.403126,200,2536.818981
-125.621389,200,2537.650389
-229.914778,200,2538.475467
-118.643213,200,2539.298024
-238.77891,200,2540.115848
-119.244804,200,2541.113092
-115.838938,200,2541.949832
-2.761505,200,2542.769419
-246.02323,200,2543.590235
-127.976712,200,2544.417988
-126.068526,200,2545.425947
-119.133719,200,2546.264178
-125.256377,200,2547.084905
-229.287753,200,2547.90147
-125.864932,200,2548.720186
-117.545578,200,2549.694362
-115.850869,200,2550.533339
-126.174129,200,2551.382234
-121.807641,200,2552.205001
-115.386579,200,2553.035533
-119.08419,200,2554.03561
-0.434417,200,2554.862599
-116.303986,200,2555.685775
-123.353552,200,2556.521693
-308.475525,200,2557.34237
-128.856391,200,2558.32567
-0.352299,200,2559.345445
-120.010123,200,2560.178398
-226.881044,200,2561.019709
-221.627156,200,2561.857859
-124.326143,200,2562.86886
-134.297903,200,2563.699582
-115.992692,200,2564.528898
-123.577146,200,2565.357405
-122.217661,200,2566.19979
-125.393219,200,2567.173522
-119.474417,200,2568.021686
-129.044048,200,2568.930354
-237.016807,200,2569.795905
-221.495464,200,2570.631852
-123.87718,200,2571.654044
-119.223583,200,2572.486219
-358.354386,200,2573.306811
-238.896794,200,2574.142447
-0.32802,200,2574.968058
-368.278952,200,2575.924419
-228.287696,200,2576.759955
-0.909959,200,2577.591912
-121.252739,200,2578.430306
-217.612494,200,2579.271192
-222.398635,200,2580.24618
-118.977132,200,2581.161262
-120.676931,200,2581.991319
-236.089777,200,2582.816242
-119.903355,200,2583.646745
-124.379993,200,2584.613865
-235.45058,200,2585.450581
-120.846469,200,2586.285391
-120.690015,200,2587.114049
-2.909895,200,2587.941812
-1.962954,200,2588.770693
-118.1846,200,2589.599046
-117.698295,200,2590.427039
-125.998668,200,2591.255819
-124.92747,200,2592.085803
-122.062808,200,2593.049871
-0.61766,200,2593.893403
-234.768958,200,2594.724381
-2.254601,200,2595.553056
-121.620671,200,2596.381367
-123.128574,200,2597.210138
-123.971098,200,2598.039226
-281.686798,200,2598.868252
-126.946572,200,2599.696422
-221.154012,200,2600.526078
-121.550531,200,2601.486807
-0.496701,200,2602.324196
-232.065949,200,2603.154225
-120.469624,200,2603.984286
-231.761286,200,2604.813139
-117.279479,200,2605.642125
-219.821568,200,2606.470481
-120.896384,200,2607.298511
-253.734924,200,2608.127999
-127.436425,200,2608.961109
-125.93535,200,2609.919208
-125.925167,200,2610.757024
-115.470475,200,2611.60984
-229.338122,200,2612.450177
-125.000067,200,2613.406016
-216.853215,200,2614.304719
-117.677385,200,2615.135805
-124.383948,200,2616.076243
-220.406627,200,2616.942667
-222.935145,200,2617.868421
-114.444417,200,2618.891853
-122.655493,200,2619.732539
-117.283208,200,2620.564537
-124.034899,200,2621.394715
-119.95942,200,2622.224548
-126.208049,200,2623.055004
-117.83147,200,2623.904409
-114.357265,200,2624.741903
-114.008779,200,2625.569678
-226.058432,200,2626.400825
-0.326102,200,2627.359284
-233.911714,200,2628.195673
-223.014603,200,2629.025279
-118.730371,200,2629.860594
-118.583989,200,2630.691377
-124.913585,200,2631.520729
-115.164415,200,2632.350148
-120.377721,200,2633.180121
-121.985133,200,2634.008692
-119.832357,200,2634.836562
-124.182106,200,2635.818911
-222.595605,200,2636.837571
-216.805771,200,2637.682604
-124.229654,200,2638.515288
-236.414623,200,2639.345033
-223.725357,200,2640.173854
-251.804802,200,2641.009193
-125.924195,200,2641.979052
-237.462191,200,2642.820579
-275.768447,200,2643.827552
-124.726168,200,2644.788242
-119.645388,200,2645.630174
-247.899275,200,2646.460504
-298.510905,200,2647.287382
-122.475645,200,2648.118902
-1.087426,200,2649.086388
-119.504817,200,2649.918236
-114.069307,200,2650.747312
-288.680141,200,2651.576221
-226.674237,200,2652.404523
-123.824428,200,2653.363882
-124.463555,200,2654.232591
-230.617184,200,2655.065039
-116.313896,200,2655.895286
-126.775895,200,2656.730041
-117.735065,200,2657.731371
-125.407653,200,2658.563339
-125.740217,200,2659.39301
-0.410127,200,2660.22182
-217.821897,200,2661.05017
-1.133238,200,2662.007693
-127.76293,200,2662.848215
-119.76853,200,2663.678606
-217.520587,200,2664.508201
-0.778215,200,2665.34178
-120.157437,200,2666.349466
-127.266653,200,2667.182077
-119.987684,200,2668.013248
-235.963191,200,2668.845079
-117.158425,200,2669.674537
-116.512079,200,2670.632605
-123.786101,200,2671.474297
-222.570306,200,2672.305107
-219.623355,200,2673.136005
-119.717902,200,2673.977962
-120.364742,200,2674.981569
-237.424405,200,2675.815884
-1.68092,200,2676.645924
-217.563516,200,2677.472722
-126.834091,200,2678.302213
-114.589835,200,2679.269006
-124.225459,200,2680.110183
-126.020789,200,2680.960243
-227.681163,200,2681.803096
-224.213518,200,2682.640528
-125.024865,200,2683.651201
-234.803519,200,2684.484656
-121.568161,200,2685.344667
-116.097647,200,2686.312605
-127.437457,200,2687.143876
-129.445199,200,2688.102779
-123.553825,200,2688.943862
-223.468542,200,2689.773375
-242.31642,200,2690.601714
-120.813158,200,2691.430757
-120.934329,200,2692.394929
-120.589291,200,2693.270182
-123.73967,200,2694.099388
-125.492872,200,2694.929564
-308.049325,200,2695.758685
-118.311405,200,2696.715528
-3.066109,200,2697.555338
-122.925763,200,2698.386863
-128.51472,200,2699.215949
-222.092362,200,2700.04685
-122.19857,200,2701.045487
-121.811669,200,2701.879418
-125.302832,200,2702.708564
-122.984672,200,2703.538473
-2.030144,200,2704.368027
-118.693916,200,2705.326619
-128.376698,200,2706.168514
-2.572886,200,2706.999346
-120.789182,200,2707.828287
-123.768449,200,2708.661155
-123.0723,200,2709.7022
-120.523757,200,2710.534338
-240.249673,200,2711.364399
-126.367914,200,2712.193341
-124.13933,200,2713.022354
-2.812791,200,2713.979012
-225.409021,200,2714.81803
-255.725182,200,2715.649992
-117.377887,200,2716.479527
-117.12159,200,2717.312989
-119.706122,200,2718.309219
-301.78376,200,2719.147718
-124.487427,200,2719.977471
-236.427101,200,2720.806758
-120.631392,200,2721.634779
-126.179501,200,2722.59807
-124.69388,200,2723.442076
-244.730448,200,2724.295427
-126.120342,200,2725.13288
-119.410318,200,2725.962467
-117.165559,200,2726.791172
-128.653515,200,2727.622494
-126.73623,200,2728.627001
-119.546296,200,2729.459956
-224.164313,200,2730.308931
-119.207407,200,2731.380711
-119.217379,200,2732.223358
-119.995117,200,2733.052805
-119.274424,200,2733.880622
-225.951669,200,2734.713023
-121.361661,200,2735.734819
-247.57994,200,2736.575248
-126.396651,200,2737.40426
-120.970258,200,2738.234058
-373.232963,200,2739.06183
-235.408481,200,2740.018506
-121.839645,200,2740.860135
-118.85977,200,2741.689273
-122.005362,200,2742.516712
-114.092469,200,2743.349973
-122.300168,200,2744.347565
-0.464805,200,2745.177671
-222.11719,200,2746.00639
-127.993245,200,2746.837272
-114.668762,200,2747.664892
-116.255612,200,2748.622169
-124.347928,200,2749.462024
-126.085599,200,2750.292775
-115.368456,200,2751.17585
-217.891819,200,2752.008498
-227.326643,200,2753.010839
-118.756854,200,2753.841905
-243.068485,200,2754.670684
-225.148436,200,2755.499039
-118.171481,200,2756.327462
-116.650496,200,2757.28726
-120.299485,200,2758.126483
-128.706821,200,2758.956205
-222.328303,200,2759.7845
-224.196201,200,2760.631479
-1.606547,200,2761.590895
-122.550132,200,2762.421382
-0.620651,200,2763.251568
-236.253581,200,2764.080896
-122.43861,200,2764.908946
-224.384052,200,2765.872705
-225.054455,200,2766.712027
-120.524862,200,2767.564678
-3.091927,200,2768.405186
-119.456004,200,2769.233675
-225.499798,200,2770.173348
-119.517646,200,2771.078262
-227.141111,200,2771.912265
-125.05373,200,2772.917704
-222.369296,200,2773.750522
-122.152619,200,2774.708821
-234.096044,200,2775.550552
-227.003973,200,2776.379982
-123.089892,200,2777.209059
-119.317786,200,2778.042909
-130.200207,200,2779.011719
-237.575446,200,2779.842333
-222.848573,200,2780.672071
-222.587777,200,2781.501351
-118.334837,200,2782.328552
-125.063899,200,2783.289232
-120.746797,200,2784.127221
-247.504544,200,2784.95596
-125.017465,200,2785.783359
-128.748352,200,2786.616671
-123.724523,200,2787.625413
-123.281847,200,2788.457848
-239.062986,200,2789.293307
-116.227129,200,2790.121891
-245.886584,200,3791.815648
-119.211279,200,3792.862807
-0.386083,200,3793.763432
-129.558437,200,3794.606435
-228.371782,200,3795.447309
-118.304067,200,3796.293468
-217.752057,200,3797.139358
-225.042329,200,3797.975499
-117.530432,200,3798.817358
-302.039721,200,3799.66001
-226.0071,200,3800.492448
-115.07341,200,3801.46246
-232.441061,200,3802.310644
-121.481781,200,3803.148294
-119.325853,200,3803.995487
-227.050185,200,3804.832192
-118.764731,200,3805.667645
-124.729418,200,3806.504116
-119.903249,200,3807.350016
-248.973895,200,3808.211798
-125.663888,200,3809.058236
-229.366777,200,3810.051053
-119.915384,200,3810.905471
-0.520147,200,3811.75383
-125.082323,200,3812.792842
-216.301672,200,3813.633556
-123.506855,200,3814.472063
-0.813517,200,3815.309955
-223.635286,200,3816.164244
-249.245965,200,3817.14467
-250.37491,200,3817.981922
-3.588963,200,3818.950181
-126.956648,200,3819.794334
-0.294595,200,3820.760368
-237.418233,200,3821.689102
-1.041242,200,3822.525053
-348.149583,200,3823.365631
-118.787294,200,3824.204164
-125.195929,200,3825.039767
-128.929857,200,3825.875009
-223.623908,200,3826.708323
-222.902697,200,3827.781257
-219.877723,200,3828.767669
-123.694192,200,3829.608483
-229.952555,200,3830.443542
-120.715016,200,3831.442706
-125.406918,200,3832.285418
-117.627513,200,3833.14596
-119.627952,200,3834.000094
-125.2027,200,3834.838216
-124.471615,200,3835.67548
-119.727907,200,3836.643047
-119.39691,200,3837.493409
-121.943867,200,3838.326301
-230.118246,200,3839.156964
-216.348577,200,3839.9937
-0.526955,200,3841.029077
-0.324613,200,3841.871822
-125.170146,200,3842.706846
-226.437155,200,3843.541604
-246.429061,200,3844.379025
-122.119749,200,3845.344984
-311.85245,200,3846.183739
-120.677344,200,3847.016111
-119.991379,200,3847.850002
-125.698688,200,3848.690955
-117.266604,200,3849.727772
-248.965058,200,3850.567522
-125.785516,200,3851.496455
-123.987008,200,3852.408755
-114.813331,200,3853.249392
-117.128347,200,3854.225518
-2.525187,200,3855.076214
-120.476129,200,3855.928956
-228.79893,200,3856.772592
-0.341853,200,3857.643383
-128.274803,200,3858.654176
-126.804995,200,3859.490015
-2.496113,200,3860.465855
-119.856023,200,3861.37216
-124.76852,200,3862.217492
-236.604578,200,3863.19027
-253.194567,200,3864.039193
-0.595226,200,3864.87761
-119.392416,200,3865.714133
-315.768279,200,3866.555722
-235.590807,200,3867.549373
-1.079447,200,3868.395588
-116.926567,200,3869.23763
-124.810687,200,3870.075065
-125.226039,200,3870.912874
-1.272119,200,3871.876456
-123.97661,200,3872.725185
-228.292314,200,3873.561646
-128.005158,200,3874.397792
-230.16307,200,3875.239216
-123.776341,200,3876.27749
-123.954714,200,3877.124768
-0.460188,200,3877.967332
-116.099061,200,3878.806808
-0.616093,200,3879.644883
-114.101015,200,3880.615366
-3.091687,200,3881.463429
-124.890241,200,3882.300966
-4.014415,200,3883.136012
-118.920016,200,3883.979876
-116.375908,200,3885.016384
-2.701539,200,3885.862995
-120.247696,200,3886.707238
-242.622062,200,3887.552358
-235.101883,200,3888.392004
-125.56223,200,3889.366909
-125.247796,200,3890.216391
-125.313853,200,3891.054232
-124.655493,200,3891.894127
-233.78392,200,3892.769953
-119.171864,200,3893.801456
-1.289626,200,3894.65074
-226.716513,200,3895.497932
-238.892116,200,3896.341446
-125.358739,200,3897.182848
-233.503871,200,3898.156663
-123.910314,200,3899.013626
-125.63656,200,3899.870599
-119.279562,200,3900.712381
-125.360673,200,3901.553055
-121.363566,200,3902.391138
-217.464581,200,3903.231734
-219.671063,200,3904.26582
-117.103858,200,3905.122461
-125.110204,200,3906.115415
-127.35935,200,3907.097409
-118.756913,200,3907.954174
-122.737973,200,3908.802156
-120.591082,200,3909.648835
-0.705662,200,3910.501456
-126.040195,200,3911.533886
-116.668852,200,3912.381658
-119.272883,200,3913.228606
-240.400861,200,3914.072587
-121.751155,200,3914.915614
-120.649969,200,3915.886223
-119.523072,200,3916.738129
-272.853499,200,3917.579711
-118.966265,200,3918.42061
-225.556226,200,3919.267879
-223.11766,200,3920.318431
-127.256402,200,3921.166572
-125.69166,200,3922.014302
-121.484526,200,3922.860341
-114.898302,200,3923.706958
-119.382061,200,3924.685102
-117.020529,200,3925.540176
-117.233661,200,3926.386678
-120.728529,200,3927.236878
-125.669528,200,3928.102051
-123.834684,200,3929.143377
-229.37021,200,3929.993717
-121.609175,200,3930.84058
-118.738873,200,3931.687333
-123.992,200,3932.539119
-128.544325,200,3933.521053
-118.874009,200,3934.380456
-126.807006,200,3935.223773
-127.26252,200,3936.06636
-217.59264,200,3936.911865
-363.127104,200,3937.934797
-120.82214,200,3938.77728
-115.177254,200,3939.623167
-221.869793,200,3940.462788
-116.790293,200,3941.301881
-125.414101,200,3942.279809
-215.853493,200,3943.129789
-124.616745,200,3943.987661
-0.597864,200,3944.848934
-131.126797,200,3945.696978
-0.368802,200,3946.547284
-1.784319,200,3947.391664
-118.346336,200,3948.250138
-125.753546,200,3949.274604
-117.799539,200,3950.143471
-221.158502,200,3951.25802
-223.964541,200,3952.112105
-119.911776,200,3952.958009
-122.729685,200,3953.804108
-0.406872,200,3954.698358
-125.934429,200,3955.653401
-120.011695,200,3956.501281
-126.745358,200,3957.348536
-124.205797,200,3958.191545
-119.211937,200,3959.035286
-0.315598,200,3960.012083
-126.909204,200,3960.867862
-118.579482,200,3961.715114
-123.039929,200,3962.558876
-124.189201,200,3963.43047
-220.095425,200,3964.425001
-0.519503,200,3965.255692
-119.491911,200,3966.086037
-302.231597,200,3966.918804
-123.230207,200,3967.750263
-114.245422,200,4958.221692
-125.925978,200,4959.133998
-123.773362,200,4959.96086
-127.796475,200,4960.775638
-122.984809,200,4961.589135
-229.877426,200,4962.400647
-217.898428,200,4963.215118
-128.229091,200,4964.033174
-125.173364,200,4964.851376
-121.557146,200,4965.665694
-118.031563,200,4966.60885
-123.181145,200,4967.436934
-3.516179,200,4968.256508
-228.030052,200,4969.090562
-218.127665,200,4970.116161
-115.734439,200,4970.970146
-222.084924,200,4972.024107
-118.294968,200,4973.110197
-124.287879,200,4974.170111
-247.948911,200,4975.200011
-226.341397,200,4976.338127
-237.112106,200,4977.308072
-116.845987,200,4978.451569
-242.682891,200,4979.399367
-117.455417,200,4980.264752
-127.569479,200,4981.0905
-2.938154,200,4981.93999
-117.766913,200,4982.788093
-119.087391,200,4983.621993
-120.385987,200,4984.453712
-0.288508,200,4985.423159
-119.72534,200,4986.257124
-123.517752,200,4987.153301
-114.750635,200,4988.089823
-114.355937,200,4988.918935
-222.120709,200,4989.920619
-1.129127,200,4990.752427
-0.730728,200,4991.577822
-124.012683,200,4992.405038
-230.046273,200,4993.241968
-119.286795,200,4994.218728
-1.001248,200,4995.195301
-119.709441,200,4996.022365
-119.034412,200,4996.846718
-230.318564,200,4997.667493
-117.022237,200,4998.490316
-127.297601,200,4999.469172
-236.559592,200,5000.312662
-228.710239,200,5001.130379
-123.663342,200,5001.94473
-120.088562,200,5002.889324
-117.211631,200,5003.712481
-245.572017,200,5004.531241
-124.157694,200,5005.345387
-117.043474,200,5006.168632
-120.048753,200,5007.179955
-1.395764,200,5007.995349
-119.071677,200,5008.808329
-119.538438,200,5009.616212
-120.371481,200,5010.437235
-230.323306,200,5011.374905
-120.612092,200,5012.206121
-1.8739,200,5013.013817
-120.204986,200,5013.828107
-223.389342,200,5014.644247
-126.218116,200,5015.59263
-126.84835,200,5016.409705
-121.635667,200,5017.219273
-124.630648,200,5018.04595
-123.345335,200,5018.87265
-1.712074,200,5019.832332
-118.778261,200,5020.659069
-118.352746,200,5021.478513
-129.456376,200,5022.28863
-218.546388,200,5023.111455
-124.868945,200,5024.089485
-123.57637,200,5024.91651
-116.444011,200,5025.916886
-116.065835,200,5026.762068
-0.973637,200,5027.581332
-121.774554,200,5028.531823
-117.044637,200,5029.363567
-1.881097,200,5030.186364
-224.56784,200,5031.008945
-222.599711,200,5031.833113
-225.85181,200,5032.796626
-115.360526,200,5033.673372
-118.59639,200,5034.500756
-119.253102,200,5035.32783
-231.228007,200,5036.15411
-219.010726,200,5037.115016
-229.027289,200,5037.955415
-113.686938,200,5038.786321
-231.863144,200,5039.609738
-121.240934,200,5040.440522
-118.645071,200,5041.422962
-219.157563,200,5042.254793
-236.535857,200,5043.081571
-126.822826,200,5043.916345
-124.861374,200,5044.751316
-226.988902,200,5045.706691
-116.438215,200,5046.533748
-0.306516,200,5047.357112
-118.19505,200,5048.176845
-119.703658,200,5049.051514
-223.389501,200,5049.987488
-120.784022,200,5050.809036
-117.705377,200,5051.630658
-0.3249,200,5052.455434
-237.43371,200,5053.283478
-124.845686,200,5054.237527
-123.216618,200,5055.061715
-230.153106,200,5055.882165
-117.018059,200,5056.703347
-124.319923,200,5057.526324
-124.189712,200,5058.517792
-126.821825,200,5059.349773
-119.332073,200,5060.171054
-291.300062,200,5060.988724
-117.658004,200,5061.805525
-120.991732,200,5062.754358
-217.284431,200,5063.571573
-114.022317,200,5064.413918
-127.17699,200,5065.223163
-128.118034,200,5066.035579
-221.212668,200,5066.848423
-225.897655,200,5067.655672
-122.385083,200,5068.555744
-120.626035,200,5069.466447
-121.359109,200,5070.307469
-117.086268,200,5071.421164
-2.261884,200,5072.257064
-118.513651,200,5073.08002
-228.127002,200,5073.898295
-125.928748,200,5074.724885
-124.487106,200,5075.756713
-224.506889,200,5076.588808
-115.638351,200,5077.41629
-118.724769,200,5078.238869
-117.356158,200,5079.057384
-115.41772,200,5080.008377
-220.639027,200,5080.835241
-120.729986,200,5081.655454
-0.376477,200,5082.476787
-127.862769,200,5083.300956
-119.436377,200,5084.301383
-117.421294,200,5085.12076
-218.364637,200,5085.952645
-127.562943,200,5086.794154
-116.879761,200,5087.619602
-120.354785,200,5088.574674
-3.148924,200,5089.396594
-127.659279,200,5090.218068
-127.981442,200,5091.031717
-252.411426,200,5091.913555
-123.678042,200,5092.859152
-221.176184,200,5093.682163
-236.016391,200,5094.509741
-128.385106,200,5095.328165
-1.558295,200,5096.144631
-116.970662,200,5097.096352
-311.996349,200,5097.913893
-127.99106,200,5098.733004
-114.323407,200,5099.545664
-122.49736,200,5100.366586
-228.809838,200,5101.369059
-224.543392,200,5102.189869
-126.329117,200,5103.016781
-220.735911,200,5103.84532
-121.184197,200,5104.672307
-290.110943,200,5105.627685
-122.705428,200,5106.457403
-230.094694,200,5107.291547
-115.153753,200,5108.110641
-114.62514,200,5108.92125
-123.881346,200,5109.739936
-2.551966,200,5110.556154
-243.806672,200,5111.543794
-128.332181,200,5112.377304
-226.170655,200,5113.345572
-125.013598,200,5114.30089
-244.585194,200,5115.134995
-230.28271,200,5115.955497
-224.823679,200,5116.778301
-115.328041,200,5117.660436
-126.70634,200,5118.604001
-126.456164,200,5119.426287
-218.639548,200,5120.248627
-122.980388,200,5121.094941
-122.758116,200,5121.923938
-118.399025,200,5122.87919
-131.535683,200,5123.708084
-223.742662,200,5124.530434
-221.397514,200,5125.350758
-239.498107,200,5126.175949
-115.285155,200,5127.198764
-217.101097,200,5128.021394
-123.89209,200,5128.842771
-226.083341,200,5129.661933
-126.238836,200,5130.481001
-115.710242,200,5131.434448
-120.896817,200,5132.265712
-237.799595,200,5133.087823
-335.763577,200,5133.90747
-247.267227,200,5134.742626
-225.406511,200,5135.740869
-285.267096,200,5136.561637
-124.298641,200,5137.381737
-126.266141,200,5138.256775
-1.206433,200,5139.172543
-124.201435,200,5140.423213
-122.706573,200,5141.324341
-0.761562,200,5142.211515
-0.620307,200,5143.095442
-0.375258,200,5143.964816
-121.388539,200,5144.945605
-121.304825,200,5145.936367
-254.118679,200,5146.774703
-238.525938,200,5147.609373
-119.556531,200,5148.442591
-125.325035,200,5149.41869
-120.369799,200,5150.284915
-117.62491,200,5151.129055
-124.308207,200,5151.965245
-118.75906,200,5152.800387
-0.973062,200,5153.634656
-116.296525,200,5154.470347
-115.191098,200,5155.311981
-239.465637,200,5156.167979
-247.168382,200,5157.023046
-219.23151,200,5158.183129
-232.519271,200,5159.034477
-118.449773,200,5159.900422
-119.146129,200,5160.906305
-223.980734,200,5161.808124
-0.294204,200,5162.72773
-124.554886,200,5163.570508
-120.459506,200,5164.406444
-118.750063,200,5165.235013
-114.668183,200,5166.063855
-124.762394,200,5167.023447
-116.172799,200,5168.002139
-120.121572,200,5168.864921
-117.58556,200,5169.723201
-223.373021,200,5170.580767
-0.299138,200,5171.428565
-235.825339,200,5172.427242
-1.386833,200,5173.258162
-0.470964,200,5174.083592
-218.143219,200,5174.909734
-221.986276,200,5175.878949
-130.635585,200,5176.718146
-229.451842,200,5206.221765
-0.412837,200,5207.049948
-223.506776,200,5207.874827
-127.800442,200,5208.697476
-1.077397,200,5209.530302
-3.741169,200,5210.363433
-126.850366,200,5211.548193
-224.341744,200,5212.516504
-1.635535,200,5213.627962
-216.38418,200,5214.643757
-215.305796,200,5215.664267
-233.023911,200,5216.700731
-0.552916,200,5218.112386
-122.11544,200,5219.524403
-115.988339,200,5220.698352
-130.834609,200,5221.818026
-117.383549,200,5222.9334
-117.632542,200,5224.06181
-287.6686,200,5225.422852
-119.382419,200,5226.662614
-120.181323,200,5227.843958
-296.173029,200,5229.013945
-0.288744,200,5230.201774
-124.675177,200,5231.374143
-223.288187,200,5232.730108
-238.159722,200,5234.659431
-125.318946,200,5236.065133
-221.887837,200,5237.643006
-117.767367,200,5239.335014
-119.085626,200,5240.659253
-124.686841,200,5241.757446
-231.040343,200,5243.213792
-119.616274,200,5244.678502
-0.267518,200,5245.981103
-225.686303,200,5247.076506
-120.725736,200,5248.170981
-116.626114,200,5249.265366
-113.682994,200,5250.379709
-0.347552,200,5251.45851
-124.192968,200,5252.282435
-114.089981,200,6165.950123
-1.527513,200,6166.777299
-233.140485,200,6167.603649
-281.624267,200,6168.423328
-357.500356,200,6169.30409
-0.804592,200,6170.148381
-123.116434,200,6171.017663
-121.124617,200,6171.901735
-0.591899,200,6172.962316
-275.029578,200,6173.93065
-127.157946,200,6174.901444
-0.616423,200,6175.915341
-236.865656,200,6176.935715
-119.85628,200,6177.956435
-219.425042,200,6179.005341
-215.782444,200,6180.071065
-225.065065,200,6181.146504
-119.904305,200,6182.279102
-119.360846,200,6183.581318
-234.482531,200,6184.739752
-232.225654,200,6186.298317
-125.593684,200,6188.098876
-223.70012,200,6189.565281
-118.974742,200,6190.85897
-123.786741,200,6191.9597
-224.055151,200,6193.153853
-0.315307,200,6194.740676
-121.357505,200,6195.995166
-315.001824,200,6197.296948
-119.256645,200,6198.425055
-246.814871,200,6199.554612
-113.051404,200,6200.82006
-0.475281,200,6202.36429
-223.985829,200,6203.944917
-4.612098,200,6205.332969
-225.54801,200,6206.466677
-128.694212,200,6207.568188
-125.648401,200,6208.645051
-248.542056,200,6209.916626
-223.550824,200,6211.019561
-227.718142,200,6212.112737
-0.37051,200,6213.319831
-125.248623,200,6214.869174
-0.230578,200,6216.134243
-227.872748,200,6217.234133
-1.72968,200,6218.338113
-119.269445,200,6219.505266
-123.557541,200,6220.604565
-121.347028,200,6221.98188
-218.488953,200,6223.133771
-216.529222,200,6224.235229
-227.345905,200,6225.418669
-0.269904,200,6226.757817
-129.211411,200,6227.57889
-243.241957,200,7243.699454
-227.045104,200,7244.549714
-305.100476,200,7245.374084
-125.7349,200,7246.199663
-219.808519,200,7247.146669
-118.889115,200,7247.975501
-1.756093,200,8262.698319
-127.649116,200,8263.543231
-116.934518,200,8264.373623
-129.2648,200,8265.200524
-121.295356,200,8266.021806
-118.650478,200,8266.84154
-225.462047,200,9342.543995
-1.598949,200,9343.381974
-119.186148,200,9344.330594
-116.69783,200,9345.16525
-126.374692,200,9346.021235
-124.285023,200,9346.857541
-229.579507,200,10269.465289
-227.7018,200,10270.384363
-123.121036,200,10271.207615
-0.427613,200,10272.030821
-118.986968,200,10272.859718
-113.086436,200,10273.680258
-0.483109,200,10274.687647
-119.883164,200,10275.605761
-125.650413,200,10276.524585
-223.472098,200,10277.48379
-116.809473,200,10278.45363
-304.513768,200,10279.467148
-224.179571,200,10280.490786
-235.182599,200,10281.512523
-240.057213,200,10282.567064
-120.766989,200,10283.634096
-0.636753,200,10284.930157
-127.346996,200,10286.384727
-221.575805,200,10289.50361
-118.410455,200,10292.480204
-121.599905,200,10294.506216
-293.556381,200,10295.909975
-228.678485,200,10297.041254
-231.599772,200,10298.137674
-127.017895,200,10299.259324
-122.254052,200,10300.391558
-115.916727,200,10301.738451
-224.218998,200,10302.943194
-219.775905,200,10304.499667
-113.51981,200,10305.882405
-233.966924,200,10307.05325
-121.820634,200,10308.153193
-0.305668,200,10309.251409
-225.076114,200,10310.211443
-121.235724,200,10311.161354
-114.096517,200,11316.914715
-1.238956,200,11317.892851
-0.746226,200,11318.727795
-127.399555,200,11319.549207
-218.967689,200,11320.367824
-114.087078,200,11321.187455
-226.524139,200,12286.858048
-121.601367,200,12287.689841
-231.655924,200,12288.517239
-226.309871,200,12289.343094
-1.30262,200,12290.156973
-382.780545,200,12291.096745
-121.853049,200,12430.754694
-270.595589,200,12431.592023
-216.494952,200,12432.427268
-221.443305,200,12433.259316
-125.279746,200,12434.09879
-0.29081,200,12434.933144
-222.157587,200,12435.815361
-243.538432,200,12436.795273
-0.534875,200,12437.946737
-238.804327,200,12439.444193
-220.185857,200,12441.112665
-127.522231,200,12442.589275
-239.736704,200,12443.805852
-127.293621,200,12445.262361
-128.201796,200,12446.724577
-4.859666,200,12447.966857
-122.398851,200,12449.571978
-117.090737,200,12450.818835
-118.689373,200,12451.921989
-126.358801,200,12453.222319
-118.890855,200,12454.331003
-119.32789,200,12455.433385
-125.242715,200,12456.533786
-125.362733,200,12458.00238
-122.955259,200,12459.402678
-2.084372,200,12460.559982
-124.331305,200,12461.661477
-228.738211,200,12462.760597
-119.221203,200,12463.934085
-222.531788,200,12465.280667
-119.838101,200,12466.61351
-127.322938,200,12467.872261
-117.582136,200,12469.072323
-130.536261,200,12470.717632
-230.835483,200,12472.474782
-242.993003,200,12473.980222
-120.132064,200,12475.248326
-124.624956,200,12476.125107
-120.869463,200,12476.944004
-219.896991,200,13307.185638
-220.159023,200,13308.060389
-0.915654,200,13308.883907
-129.274471,200,13309.709537
-125.800587,200,13310.533515
-227.132395,200,13311.37887
-115.178489,200,13312.258962
-125.13031,200,13313.16687
-125.994184,200,13314.094808
-218.574149,200,13315.065315
-228.6964,200,13316.207598
-117.331618,200,13317.242245
-226.437271,200,13318.267159
-117.187811,200,13319.323544
-221.436485,200,13320.403809
-117.95116,200,13321.501828
-223.313307,200,13322.655845
-125.660959,200,13324.008033
-125.804347,200,13325.295634
-231.481352,200,13326.876013
-127.411351,200,13328.444403
-121.300472,200,13329.649435
-268.672981,200,13330.767432
-123.614627,200,13331.870316
-1.331283,200,13332.97232
-245.187759,200,13334.092031
-220.257479,200,13335.1928
-114.378535,200,13336.291777
-115.726213,200,13337.417954
-232.506594,200,13339.038037
-119.805951,200,13341.242906
-124.010132,200,13342.658891
-129.303845,200,13343.858876
-219.308214,200,13345.407239
-0.45792,200,13346.62937
-236.672856,200,13347.728895
-118.222901,200,13348.808036
-124.089421,200,13349.883431
-115.827458,200,13350.962798
-128.638429,200,13351.898573
-122.764228,200,13352.842137
-120.347616,200,14277.846164
-243.920822,200,14278.695452
-129.366527,200,14279.518903
-237.243153,200,14280.339065
-289.175953,200,14281.177405
-220.97122,200,14282.022137
-225.071782,200,14282.900185
-122.884195,200,14283.823026
-0.28523,200,14284.743589
-2.925897,200,14285.849676
-125.959125,200,14286.856829
-122.123554,200,14287.881164
-119.634292,200,14288.906563
-119.569832,200,14289.930984
-120.012568,200,14290.992058
-220.217424,200,14292.067051
-363.012825,200,14293.174731
-289.429328,200,14294.312929
-126.297254,200,14295.450495
-215.297413,200,14297.2529
-122.267373,200,14298.59676
-119.279515,200,14299.71843
-120.674012,200,14300.82044
-126.270984,200,14301.934799
-226.55869,200,14303.03819
-120.040108,200,14304.149557
-5.733781,200,14305.248312
-0.587087,200,14306.709665
-122.871225,200,14308.10775
-116.548797,200,14309.450174
-123.297962,200,14310.605793
-117.294974,200,14311.731182
-120.179383,200,14312.976023
-248.107056,200,14314.499485
-125.761168,200,14315.958354
-121.322694,200,14317.415814
-118.241072,200,14318.358444
-123.726585,200,14319.224757
-127.316975,200,15317.96232
-223.539085,200,15318.930415
-124.325901,200,15319.770159
-219.811744,200,15320.5964
-234.400188,200,15321.418106
-227.474362,200,15322.238545
-233.973606,200,16090.957365
-229.899418,200,16091.793375
-126.114635,200,16092.619884
-119.182283,200,16093.44476
-235.637057,200,16094.278068
-119.553942,200,16095.235881
-305.013046,200,16096.116661
-120.161492,200,16097.014337
-124.306695,200,16097.937971
-0.492951,200,16098.907061
-3.479101,200,16099.886264
-122.370363,200,16100.911189
-120.612745,200,16101.944986
-233.316031,200,16103.200897
-124.898268,200,16104.478913
-229.627379,200,16106.452418
-117.015824,200,16107.97373
-0.832454,200,16109.342882
-115.242701,200,16110.477708
-117.955286,200,16111.578924
-119.078199,200,16112.656919
-230.116056,200,16113.775928
-228.453773,200,16115.325851
-117.140339,200,16116.50906
-218.135737,200,16117.608059
-222.328874,200,16118.897765
-125.788466,200,16120.000872
-114.339352,200,16121.100982
-296.205708,200,16122.197881
-241.928853,200,16123.712219
-117.171905,200,16125.042881
-121.937007,200,16126.152862
-227.771731,200,16127.251544
-125.985613,200,16128.349577
-3.680272,200,16129.42898
-222.184408,200,16130.708846
-113.857432,200,16131.835543
-0.237329,200,16132.955854
-122.169751,200,16134.216523
-125.600706,200,16135.654006
-126.217657,200,16136.57906
-4.959982,200,17176.708221
-245.789556,200,17177.676307
-125.793505,200,17178.50033
-0.362975,200,17179.319323
-119.827602,200,17180.276004
-1.574458,200,17181.103117
-123.133346,200,18121.760897
-305.537895,200,18122.586139
-124.902567,200,18123.402274
-119.424213,200,18124.225982
-0.304292,200,18125.055143
-122.158768,200,18125.87494
-120.30924,200,18126.735949
-244.843441,200,18127.618582
-121.935445,200,18128.681863
-251.957458,200,18129.650595
-239.858935,200,18130.619329
-227.273109,200,18131.652517
-334.10813,200,18133.12962
-220.907321,200,18134.94638
-0.776165,200,18136.568037
-221.84794,200,18138.250005
-303.83899,200,18139.563674
-0.977608,200,18140.646191
-228.366854,200,18141.879475
-121.116715,200,18142.952671
-123.171381,200,18144.043682
-120.762902,200,18145.138543
-126.004009,200,18146.247503
-230.81211,200,18147.338585
-125.606668,200,18148.425207
-126.799274,200,18149.623605
-225.359853,200,18151.165937
-121.508799,200,18152.171207
-1.998323,200,18153.122936
-118.394383,200,19062.980925
-125.504195,200,19063.801328
-0.838828,200,19064.617582
-121.653129,200,19065.427183
-0.52261,200,19066.237627
-118.524043,200,19067.050962
-227.127054,200,19750.791524
-119.428326,200,19751.616205
-118.655484,200,19752.442057
-125.054203,200,19753.399111
-122.360796,200,19754.242232
-232.954913,200,19755.07976
-120.884149,200,19755.961523
-221.072606,200,19756.862347
-124.219609,200,19757.783313
-1.791903,200,19758.745373
-118.432087,200,19759.729537
-123.885987,200,19760.758011
-122.24385,200,19761.813774
-248.324735,200,19763.066398
-119.510747,200,19764.330177
-227.41669,200,19765.575904
-121.139842,200,19767.295879
-0.424965,200,19768.810544
-126.770528,200,19770.161716
-120.108768,200,19771.371221
-127.612859,200,19772.905446
-119.411851,200,19774.460551
-130.596695,200,19775.810361
-123.776775,200,19777.117149
-119.754195,200,19778.21929
-118.110931,200,19779.317524
-125.95121,200,19780.428405
-0.834454,200,19782.028078
-125.264025,200,19783.420644
-221.476656,200,19784.55663
-127.21241,200,19785.654785
-1.469426,200,19786.742155
-219.663992,200,19787.819027
-122.418991,200,19789.088322
-1.161846,200,19790.19072
-126.11856,200,19791.288564
-122.816044,200,19792.397441
-119.913523,200,19793.973011
-240.867722,200,19795.268672
-224.980015,200,19796.14042
-115.644384,200,19796.957883
-120.155325,200,20855.972186
-125.883653,200,20856.802923
-123.974414,200,20857.776334
-227.627997,200,20858.610494
-115.275711,200,20859.432941
-0.841703,200,20860.254893
-125.805985,200,21918.984301
-124.908126,200,21919.811652
-120.454491,200,21920.635776
-0.890925,200,21921.456976
-117.360666,200,21922.287122
-1.446177,200,21923.109235
-120.455166,200,21924.123374
-119.376321,200,21925.038359
-223.852169,200,21925.956809
-227.470278,200,21926.920581
-220.675517,200,21927.887705
-250.843803,200,21928.905846
-233.864216,200,21929.929248
-0.899437,200,21931.207594
-122.830097,200,21932.735465
-227.247419,200,21934.105194
-0.487074,200,21935.422573
-1.921564,200,21936.550022
-222.557946,200,21938.08242
-119.364899,200,21939.49418
-234.811447,200,21941.0168
-228.901263,200,21942.379176
-118.425421,200,21943.520477
-123.092312,200,21944.619984
-126.189184,200,21946.0464
-316.629954,200,21947.407484
-4.448171,200,21948.706478
-114.832622,200,21949.533285
-115.135973,200,22995.398096
-119.285652,200,22996.242423
-229.244294,200,22997.073209
-125.723484,200,22997.909212
-121.186745,200,22998.745121
-222.417329,200,22999.57347
-119.317221,200,23000.401787
-123.806815,200,23411.121415
-268.576801,200,23412.082308
-116.689921,200,23412.914434
-1.068231,200,23413.741237
-245.966505,200,23414.563734
-115.08683,200,23415.404413
-119.695894,200,23416.281581
-125.837335,200,23417.191008
-0.305487,200,23418.122873
-121.98354,200,23419.09262
-287.706062,200,23420.073255
-237.47209,200,23421.274826
-222.04306,200,23422.357721
-119.050356,200,23423.782036
-117.462166,200,23425.409356
-223.387723,200,23426.848553
-116.946456,200,23428.327096
-124.787998,200,23429.478552
-126.96982,200,23430.951019
-2.11475,200,23432.209068
-116.595206,200,23433.310961
-113.885318,200,23434.609104
-123.577688,200,23435.722954
-229.70758,200,23436.8236
-117.055843,200,23437.934825
-0.514999,200,23439.061375
-236.454677,200,23440.604427
-126.303465,200,23442.033275
-123.539437,200,23443.596059
-289.346458,200,23444.827863
-116.134567,200,23445.928738
-113.854369,200,23447.206411
-232.203173,200,23448.30646
-124.924355,200,23449.385937
-116.601059,200,23450.510651
-126.268993,200,23452.090037
-0.784512,200,23453.346204
-125.19599,200,23454.445863
-2.109686,200,23455.536696
-122.959604,200,23456.359333
-121.54336,200,24504.350401
-126.182398,200,24505.399853
-125.06449,200,24506.231897
-0.512816,200,24507.056243
-115.811018,200,24507.875358
-1.994058,200,24508.692248
-2.305272,200,25492.329924
-326.278553,200,25493.196046
-126.693292,200,25494.018334
-120.998303,200,25494.843775
-220.206875,200,25495.671417
-284.610492,200,25496.622134
-233.16538,200,25497.456202
-255.471234,200,26516.194404
-120.629921,200,26517.020626
-236.879423,200,26517.842528
-122.941263,200,26518.657284
-223.938418,200,26519.479651
-228.639945,200,26520.337378
-129.765357,200,26521.306001
-119.663409,200,26522.871443
-223.372042,200,26524.424849
-119.339208,200,26525.697676
-119.437108,200,26527.208917
-232.823768,200,26528.824821
-229.319618,200,26531.217227
-1.164949,200,26533.469372
-119.263724,200,26535.412076
-119.149727,200,26537.042576
-124.593414,200,26538.428651
-126.749843,200,26539.547015
-119.257659,200,26540.78192
-0.48933,200,26541.90154
-119.869681,200,26543.008408
-2.149337,200,26544.096583
-238.682874,200,26545.623352
-120.914748,200,26547.102755
-126.222782,200,26548.653404
-231.804733,200,26549.94871
-127.246116,200,26551.049488
-114.773629,200,26552.125105
-223.61039,200,26553.385259
-219.602811,200,26554.486586
-115.35814,200,26555.571124
-238.199449,200,26556.669821
-224.872538,200,26558.067117
-224.252678,200,26558.886028
-0.460433,200,27070.616767
-125.042176,200,27071.569599
-223.666892,200,27072.402308
-219.039125,200,27073.222869
-124.880154,200,27074.172953
-118.460218,200,27075.017211
-129.715154,200,27075.891587
-117.104157,200,27076.789482
-125.941522,200,27077.707229
-231.281576,200,27078.673461
-227.063543,200,27079.64985
-120.060776,200,27080.665751
-229.222483,200,27081.687028
-118.558362,200,27082.708277
-228.031398,200,27083.940344
-0.643079,200,27085.026159
-124.858314,200,27086.109637
-230.776187,200,27087.203966
-0.968644,200,27088.30593
-119.019662,200,27089.420294
-117.871759,200,27090.984701
-118.877665,200,27092.880776
-118.776136,200,27094.298116
-119.407053,200,27095.529587
-119.018219,200,27096.814131
-223.463259,200,27097.907762
-242.916907,200,27098.984097
-126.465127,200,27100.084937
-217.952008,200,27101.659075
-1.216813,200,27102.893701
-223.10425,200,27103.993347
-223.608304,200,27105.091453
-124.154434,200,27106.269999
-120.894005,200,27107.369863
-122.163606,200,27108.675168
-222.868528,200,27109.857725
-254.966632,200,27110.981003
-226.264292,200,27112.092887
-223.506612,200,27113.20377
-113.56597,200,27114.539766
-124.442187,200,27115.86774
-3.177592,200,27116.806518
-0.280428,200,28126.849532
-288.879546,200,28127.674082
-114.64501,200,28128.641494
-215.747936,200,28129.478205
-124.770037,200,28130.298611
-240.025967,200,28131.119423
-0.696087,200,29064.837549
-223.107869,200,29065.678469
-114.79678,200,29066.511318
-226.021421,200,29067.334918
-372.032414,200,29068.155283
-116.736179,200,29068.976187
-0.675384,200,30059.824335
-2.532266,200,30060.649203
-240.157107,200,30061.470564
-117.924627,200,30062.292517
-0.466586,200,30063.112123
-115.581812,200,30063.931919
-123.728376,200,30730.632265
-115.351912,200,30731.508825
-0.475291,200,30732.341599
-117.324544,200,30733.174243
-124.54781,200,30734.138878
-221.854683,200,30734.985712
-125.798381,200,30735.861694
-117.613235,200,30736.759284
-286.378795,200,30737.677869
-222.918488,200,30738.641818
-117.340627,200,30739.619582
-245.639502,200,30740.640791
-0.673319,200,30741.66576
-221.647451,200,30742.689318
-129.349466,200,30743.920686
-125.920519,200,30745.002293
-217.583968,200,30746.085947
-119.641415,200,30747.230336
-230.75836,200,30748.863028
-124.270395,200,30750.65975
-239.916316,200,30753.197404
-122.214582,200,30754.568857
-121.141472,200,30755.664665
-222.400831,200,30756.713221
-1.39087,200,30757.99111
-128.266197,200,30759.119126
-0.844356,200,30760.227885
-120.428856,200,30761.348259
-302.64687,200,30762.513453
-120.498547,200,30763.91201
-1.014514,200,30765.396713
-128.897282,200,30766.571421
-217.458109,200,30767.672004
-115.711063,200,30768.771102
-218.279128,200,30770.063673
-244.736285,200,30771.160166
-240.496654,200,30772.243226
-119.010058,200,30773.326466
-121.680404,200,30774.41095
-122.583497,200,30775.47088
-223.448799,200,30776.291173
-114.341774,200,31714.202008
-125.130181,200,31715.059603
-223.532308,200,31715.882638
-115.578936,200,31716.846412
-124.024906,200,31717.679591
-118.025856,200,31718.500292
-3.211781,200,31719.3247
-235.891763,200,32703.994735
-229.909629,200,32704.823578
-124.030759,200,32705.656076
-0.23883,200,32706.479845
-116.81283,200,32707.302186
-226.597626,200,32708.123504
-119.625117,200,32709.084858
-119.423872,200,32709.919918
-123.057666,200,32710.742829
-116.310606,200,32711.574574
-121.532157,200,32712.402345
-119.766194,200,32713.241336
-130.125633,200,33651.8979
-119.078432,200,33652.721238
-122.320929,200,33653.539321
-1.035536,200,33654.351945
-231.3755,200,33655.291702
-217.402525,200,33656.11176
-0.993215,200,34390.810977
-118.906101,200,34391.638955
-126.021719,200,34392.484185
-117.43708,200,34393.343141
-125.07533,200,34394.196085
-123.299565,200,34395.028207
-119.931279,200,34395.898955
-117.762348,200,34396.847826
-126.7999,200,34397.993136
-272.302524,200,34399.036721
-114.615815,200,34400.093229
-126.02185,200,34401.20322
-114.035449,200,34402.32688
-227.69263,200,34403.628731
-120.217756,200,34404.980372
-0.825866,200,34407.761596
-217.728376,200,34409.925205
-3.187086,200,34412.884766
-227.914182,200,34415.445785
-117.614305,200,34416.84997
-124.34836,200,34418.015522
-129.35541,200,34419.083807
-0.561302,200,34420.197851
-123.125005,200,34421.311904
-124.287495,200,34422.404896
-124.110811,200,34423.500346
-218.277758,200,34424.597352
-122.505072,200,34425.695232
-240.820432,200,34426.961281
-240.17027,200,34428.057099
-0.197108,200,34429.149127
-125.306029,200,34430.243071
-245.099814,200,34431.341902
-231.24072,200,34432.434779
-223.289189,200,34433.533964
-126.37463,200,34434.626738
-123.15316,200,34435.716569
-124.900299,200,34436.806505
-120.543828,200,34438.07386
-126.842109,200,34439.174979
-271.277014,200,34440.265108
-125.388788,200,34441.354073
-222.52552,200,34442.441933
-228.405479,200,34443.529637
-231.348237,200,34444.624638
-116.523099,200,34445.718478
-123.374189,200,34446.811633
-124.921035,200,34447.900977
-215.817275,200,34449.170256
-115.969017,200,34450.274461
-225.192381,200,34451.364136
-119.393299,200,34452.458043
-119.345987,200,34453.551391
-125.935185,200,34454.640567
-115.844953,200,34455.728959
-1.274366,200,34456.816713
-126.154983,200,34457.905364
-227.918821,200,34458.992306
-118.859965,200,34460.275464
-117.297513,200,34461.403429
-282.677287,200,34462.519374
-119.270957,200,34463.636733
-115.338799,200,34464.739717
-120.100806,200,34466.081832
-0.60277,200,34467.599692
-0.908647,200,34468.886366
-130.055525,200,34470.040305
-121.576537,200,34471.558519
-125.437468,200,34472.919174
-123.619859,200,34474.022773
-221.445124,200,34475.12303
-126.291908,200,34476.295018
-113.201861,200,34477.853929
-313.140061,200,34479.075476
-223.970497,200,34480.176933
-249.42595,200,34481.277277
-2.572485,200,34482.363971
-282.548882,200,34483.445567
-117.328699,200,34484.716377
-1.157831,200,34485.8213
-229.202179,200,34486.921499
-127.237844,200,34488.020021
-217.76271,200,34489.580944
-243.916849,200,34490.894045
-0.664974,200,34491.995894
-126.073873,200,34493.095806
-0.369875,200,34494.194788
-124.522508,200,34495.27417
-236.781773,200,34496.556405
-239.368,200,34497.661081
-118.636902,200,34498.76108
-226.378766,200,34499.956905
-220.937071,200,34501.505591
-229.407807,200,34502.770317
-119.116186,200,34503.871531
-124.925831,200,34504.972632
-129.887259,200,34506.071616
-241.073977,200,34507.158636
-121.788264,200,34508.439207
-0.797924,200,34509.542028
-118.974263,200,34510.647216
-119.046959,200,34511.966561
-119.499685,200,34513.485316
-122.216003,200,34514.758039
-0.429304,200,34515.861487
-245.535801,200,34517.326561
-126.222134,200,34518.969345
-120.055611,200,34520.382343
-120.522133,200,34521.707845
-120.077538,200,34522.822146
-269.238974,200,34523.921038
-231.807589,200,34525.234694
-2.381595,200,34527.970687
-116.63906,200,34529.803889
-117.444636,200,34531.111128
-233.992347,200,34532.203721
-0.79061,200,34533.262746
-130.279023,200,34534.323986
-124.610622,200,34535.642836
-218.249946,200,34536.735992
-124.814163,200,34537.819955
-4.388349,200,34538.918586
-1.806102,200,34540.471535
-116.5402,200,34541.534882
-127.842053,200,34542.353837
-221.455026,200,35594.603498
-294.224243,200,35595.429822
-236.467164,200,35596.253557
-225.016971,200,35597.217065
-125.206729,200,35598.048197
-124.458294,200,35598.868901
-117.539055,200,36609.586436
-216.636934,200,36610.421063
-237.182383,200,36611.256702
-225.997425,200,36612.082676
-126.91462,200,36612.917983
-1.613013,200,36613.747841
-127.99691,200,37586.408378
-233.868614,200,37587.438475
-117.081682,200,37588.271886
-5.251588,200,37589.101276
-119.394528,200,37589.923784
-116.219126,200,37590.752023
-124.315438,200,38050.463958
-219.428734,200,38051.411598
-221.397699,200,38052.238007
-125.18213,200,38053.061737
-125.933619,200,38053.888964
-251.358699,200,38054.842609
-219.280533,200,38055.715453
-117.277851,200,38056.601787
-214.970181,200,38057.523914
-127.920165,200,38058.470409
-118.930023,200,38059.440031
-255.496421,200,38060.444752
-244.134723,200,38061.466474
-121.21707,200,38062.488466
-126.373829,200,38063.525584
-121.70794,200,38064.787413
-117.11222,200,38065.903094
-118.005415,200,38067.025609
-117.46302,200,38068.143972
-126.343102,200,38069.467473
-1.401355,200,38071.013189
-120.089372,200,38072.684884
-117.235973,200,38074.730891
-227.728458,200,38076.141197
-116.666082,200,38077.281477
-130.367634,200,38078.523424
-121.586414,200,38079.596245
-128.023184,200,38080.68262
-126.054558,200,38081.767128
-130.699133,200,38082.854947
-226.083888,200,38083.943085
-116.5618,200,38085.312047
-116.232932,200,38086.77054
-127.431624,200,38087.938705
-230.05124,200,38089.036331
-116.810086,200,38090.329097
-230.610816,200,38091.515304
-236.951861,200,38092.673337
-130.180653,200,38093.851698
-123.230788,200,38095.423772
-126.116287,200,38096.254776
-1.985237,200,39001.220808
-225.38949,200,39002.070759
-0.412512,200,39002.890524
-217.501733,200,39003.710018
-120.169919,200,39004.678276
-228.704743,200,39005.513261
-116.984317,200,39006.356653
-305.839353,200,39007.228899
-1.001349,200,39008.122674
-121.034742,200,39009.043226
-238.217553,200,39010.007369
-123.006951,200,39010.974654
-118.691185,200,39011.992232
-221.252297,200,39013.013756
-124.622695,200,39014.205554
-120.782787,200,39015.300373
-222.846061,200,39016.389043
-253.698532,200,39017.50689
-221.961301,200,39018.623028
-289.997047,200,39019.727502
-116.626075,200,39020.828796
-125.953774,200,39022.296595
-130.291906,200,39023.789595
-228.300703,200,39025.100988
-0.201046,200,39026.403961
-227.074442,200,39027.52159
-300.985507,200,39028.63951
-1.539723,200,39029.741453
-118.695695,200,39030.839993
-125.066272,200,39032.030504
-128.272693,200,39033.628463
-126.241969,200,39035.28285
-0.275727,200,39036.679531
-218.660979,200,39037.824864
-219.326328,200,39039.11122
-115.61238,200,39040.222248
-122.870301,200,39041.304987
-218.798035,200,39042.507247
-218.235728,200,39044.037208
-236.87671,200,39045.214444
-119.653424,200,39046.313728
-123.302844,200,39047.413439
-119.803659,200,39048.501485
-1.029647,200,39049.585617
-302.780683,200,39050.859422
-125.928046,200,39051.96625
-0.576747,200,39053.067005
-2.441836,200,39054.176533
-121.051706,200,39055.916907
-217.183219,200,39057.335558
-0.384396,200,39058.523116
-1.084035,200,39059.625407
-0.214273,200,39060.701708
-116.860002,200,39061.775199
-235.672975,200,39063.050287
-116.021017,200,39064.157675
-114.891516,200,39065.358446
-0.384043,200,39067.251396
-217.051224,200,39069.09458
-0.24806,200,39070.386468
-118.902547,200,39071.476893
-252.733829,200,39072.53346
-124.542236,200,39073.595806
-117.096453,200,39074.66501
-119.66869,200,39075.926617
-122.814383,200,39077.03016
-220.795066,200,39078.12429
-124.210249,200,39079.244073
-124.40157,200,39080.811208
-218.733302,200,39082.127441
-226.598517,200,39083.231783
-113.264604,200,39084.335588
-119.4053,200,39085.436887
-126.647145,200,39086.520017
-123.45875,200,39087.798838
-120.333912,200,39088.90966
-117.502657,200,39090.031117
-123.719224,200,39091.17604
-122.842707,200,39092.302813
-126.687009,200,39093.155122
-223.673878,200,39992.168446
-227.241133,200,39992.992977
-4.122466,200,39993.815979
-121.844927,200,39994.636852
-124.691246,200,39995.614701
-119.597742,200,41054.33198
-255.399398,200,41055.17996
-247.90039,200,41056.008529
-222.504688,200,41056.841894
-115.903976,200,41057.66291
-0.230807,200,41058.484771
-124.997205,200,41059.306621
-222.865316,200,41711.046919
-1.949212,200,41711.870897
-229.513908,200,41712.819566
-0.3028,200,41713.652686
-122.343728,200,41714.479089
-235.459573,200,41715.310685
-121.117905,200,41716.213007
-245.663789,200,41717.132095
-119.329672,200,41718.071161
-118.927541,200,41719.111369
-124.777821,200,41720.427979
-123.838101,200,41722.009971
-125.906412,200,41724.092043
-217.625845,200,41725.461047
-217.924597,200,41726.57683
-118.32265,200,41727.66466
-236.717473,200,41728.733369
-121.152849,200,41729.799983
-122.692293,200,41730.892948
-239.96459,200,41732.390482
-127.41419,200,41733.609189
-121.197635,200,41734.712397
-223.053415,200,41736.032885
-223.766234,200,41737.181377
-242.081648,200,41738.282004
-119.073878,200,41739.439122
-118.369642,200,41741.035286
-1.904604,200,41742.34888
-120.791057,200,41743.448139
-124.638917,200,41744.545975
-114.082151,200,41745.627551
-3.57414,200,41746.704754
-223.921082,200,41747.983215
-216.626187,200,41749.09246
-123.28824,200,41750.209624
-116.92926,200,41751.446024
-128.015219,200,41752.992799
-120.085445,200,41754.438101
-120.977921,200,41755.735938
-0.514614,200,41756.556587
-226.495484,200,42744.539945
-124.388966,200,42745.369352
-0.309437,200,42746.329025
-0.181563,200,42747.16349
-122.049386,200,42747.996548
-231.487897,200,42748.819011
-123.88492,200,42749.677943
-0.621223,200,42750.595909
-124.581276,200,42751.515655
-223.06864,200,42752.461353
-125.562519,200,42753.43994
-124.361867,200,42754.453388
-286.790681,200,42755.63654
-123.756437,200,42756.670927
-118.909796,200,42757.749974
-219.850147,200,42758.835322
-118.741825,200,42759.923738
-1.197293,200,42761.041269
-3.846167,200,42762.141156
-301.411465,200,42763.248555
-229.890503,200,42764.975385
-122.937094,200,42766.839218
-124.415912,200,42768.54228
-124.236151,200,42769.779511
-219.915414,200,42770.867212
-119.28559,200,42771.933199
-374.333373,200,42773.01321
-1.125647,200,42774.329572
-124.116647,200,42775.343676
-238.841916,200,42776.166531
-125.7845,200,42886.980596
-268.368887,200,42887.806242
-121.899838,200,42888.760777
-115.157189,200,42889.598668
-129.049476,200,42890.431009
-287.096914,200,42891.257888
-227.241887,200,42892.124568
-124.398507,200,42893.055808
-113.426565,200,42894.312728
-114.953524,200,42895.335333
-124.286359,200,42896.351468
-238.889931,200,42897.373641
-127.159876,200,42898.578336
-121.572492,200,42899.704261
-115.788466,200,42900.792298
-123.288132,200,42901.888937
-124.882079,200,42902.979466
-237.654909,200,42904.304701
-224.50042,200,42906.357198
-228.463115,200,42908.187619
-312.708873,200,42909.572341
-230.085943,200,42910.699185
-0.753432,200,42911.95973
-122.713735,200,42913.051014
-243.354989,200,42914.128469
-118.7591,200,42915.210405
-223.306257,200,42916.664464
-289.497094,200,42918.036757
-269.280063,200,42919.167831
-127.97808,200,42920.26768
-114.337713,200,42921.365631
-243.422167,200,42922.448215
-121.522824,200,42923.728201
-119.140349,200,42924.893731
-372.334309,200,42926.037711
-128.996053,200,42927.282018
-249.255708,200,42928.849066
-227.301317,200,42930.194391
-117.46696,200,42931.314921
-117.912783,200,42932.152791
-5.168772,200,42932.97426
-237.158212,200,43875.965275
-128.091901,200,43876.933004
-120.820487,200,43877.769007
-330.492019,200,43878.592733
-125.74023,200,43879.412068
-124.500506,200,43880.232815
-118.945908,200,44956.934318
-0.368289,200,44957.76614
-116.760065,200,44958.594207
-0.788142,200,44959.41783
-128.265434,200,44960.239585
-221.214998,200,44961.184858
-129.288339,200,45370.856471
-123.426756,200,45371.682375
-127.773574,200,45372.508399
-125.536556,200,45373.332982
-119.261612,200,45374.166216
-0.220547,200,45375.006286
-125.027526,200,45375.89261
-0.941467,200,45376.85033
-0.61308,200,45377.824711
-121.518219,200,45379.148091
-122.833859,200,45380.762913
-289.765706,200,45382.209199
-223.392121,200,45383.548098
-124.871182,200,45384.695902
-228.59902,200,45385.83296
-0.341914,200,45387.474979
-117.475128,200,45389.327056
-221.160755,200,45390.740727
-124.100541,200,45391.963231
-1.354606,200,45393.25154
-311.958329,200,45394.332452
-123.792634,200,45395.405175
-216.939801,200,45396.495
-4.850534,200,45397.587179
-127.076557,200,45399.049234
-221.538249,200,45400.466406
-313.711565,200,45401.625236
-118.631689,200,45402.728091
-258.145425,200,45403.82281
-227.8401,200,45405.09826
-225.072451,200,45406.204029
-113.990296,200,45407.30209
-114.4657,200,45408.412229
-119.215852,200,45409.979317
-229.514267,200,45411.286567
-0.858313,200,45412.390319
-123.618578,200,45413.491374
-116.521315,200,45414.589434
-1.064406,200,45415.609759
-126.180569,200,45416.559488
-221.920898,200,46113.601237
-126.207654,200,46114.621808
-240.40665,200,46115.584052
-223.464057,200,46116.532424
-127.964931,200,46117.404636
-119.000597,200,46118.332629
-258.880091,200,46119.182361
-228.629505,200,46120.043516
-122.071131,200,46120.876496
-0.161121,200,46121.821106
-357.031605,200,46122.641338
-218.180933,200,46123.456315
-0.64649,200,46124.270435
-124.5448,200,46125.106221
-221.194091,200,46125.932655
-118.942813,200,46126.756493
-117.348479,200,46127.579821
-124.50739,200,46128.401461
-116.408858,200,46129.26971
-1.432746,200,46130.308978
-125.916687,200,46131.115984
-1.209163,200,46131.955126
-125.197692,200,46132.786636
-115.88133,200,46133.737563
-224.609497,200,46134.656371
-120.610376,200,46135.496968
-1.661188,200,46136.329721
-220.695532,200,46137.151755
-124.54197,200,46137.973038
-228.417002,200,46139.055764
-125.156763,200,46139.96984
-116.998404,200,46140.840443
-1.323866,200,46141.795221
-118.688554,200,46142.61718
-0.131156,200,46143.442307
-1.842765,200,46144.262478
-122.676343,200,46145.085247
-117.222593,200,46145.920271
-220.00082,200,46146.743566
-120.472389,200,46147.892693
-124.336829,200,46148.728961
-125.111763,200,46149.550849
-0.571447,200,46150.369807
-119.047763,200,46151.214108
-231.697611,200,46152.233598
-225.140306,200,46153.057995
-118.803736,200,46153.911639
-120.956904,200,46154.732631
-128.513775,200,46155.551926
-238.589704,200,46156.520653
-117.537561,200,46157.350104
-118.801737,200,46158.170397
-118.675248,200,46158.991104
-116.533991,200,46159.828054
-117.013703,200,46160.826862
-119.892289,200,46161.652567
-245.212796,200,46162.473471
-112.981831,200,46163.293597
-113.814535,200,46164.109914
-125.684477,200,46165.060634
-0.482441,200,46165.92811
-118.755549,200,46166.757528
-121.87824,200,46167.580128
-116.008943,200,46168.400204
-127.81565,200,46169.429823
-126.88211,200,46170.272859
-123.164632,200,46171.108931
-119.753362,200,46171.931766
-117.48725,200,46172.755699
-115.103502,200,46173.723392
-116.954995,200,46174.569176
-2.797841,200,46175.410183
-118.923684,200,46176.257881
-126.123163,200,46177.089197
-120.695746,200,46177.914641
-229.066006,200,46178.734082
-123.002268,200,46179.598755
-125.44401,200,46180.577103
-254.305789,200,46181.482725
-125.280312,200,46182.613141
-124.13303,200,46183.448862
-120.887354,200,46184.272778
-121.763255,200,46185.093239
-223.747111,200,46185.927504
-227.793961,200,46186.910093
-286.78559,200,46187.740889
-124.070933,200,46188.565124
-115.027821,200,46189.384937
-114.76664,200,46190.202775
-117.905344,200,46191.168524
-127.083212,200,46192.008506
-118.889145,200,46192.832042
-118.323052,200,46193.65488
-125.018532,200,46194.482215
-226.902453,200,46195.501278
-124.821347,200,46196.374559
-119.244932,200,46197.206298
-126.219669,200,46198.034772
-120.647228,200,46198.859809
-119.463564,200,46199.814921
-124.92554,200,46200.65096
-115.810834,200,46201.493209
-126.571089,200,46202.318067
-225.846922,200,46203.147178
-123.655805,200,46204.173273
-114.51893,200,46205.007353
-0.25421,200,46205.839208
-128.027302,200,46206.693118
-125.442979,200,46207.520921
-116.459221,200,46208.47904
-231.603078,200,46209.320008
-125.341229,200,46210.148508
-292.151897,200,46210.977672
-119.641504,200,46211.822979
-120.261715,200,46212.818716
-118.596348,200,46213.681226
-0.516091,200,46214.512149
-239.212975,200,46215.343007
-117.787053,200,46216.173863
-116.492123,200,46217.185151
-119.593332,200,46218.03919
-123.798343,200,46218.884808
-125.295016,200,46219.721847
-217.432325,200,46220.559654
-221.170848,200,46221.411447
-129.844565,200,46222.277253
-0.730015,200,46223.10871
-0.712297,200,46223.94613
-228.361013,200,46224.913838
-224.54068,200,46225.910034
-1.062945,200,46226.883617
-1.157884,200,46227.751959
-127.234613,200,46228.58547
-234.836579,200,46229.422427
-1.028845,200,46230.446358
-123.497756,200,46231.278244
-234.708233,200,46232.128251
-237.192557,200,46232.958908
-124.620076,200,46233.789008
-333.364455,200,46234.754449
-117.761894,200,46235.594053
-122.976991,200,46236.434461
-0.810687,200,46237.27286
-263.507218,200,46238.102543
-121.076638,200,46238.933341
-123.993391,200,46239.76407
-251.606901,200,46240.598612
-218.348495,200,46241.6306
-228.453757,200,46242.465204
-121.067659,200,46243.427824
-125.119588,200,46244.267597
-223.866711,200,46245.097043
-123.582095,200,46245.926644
-293.158065,200,46246.794748
-120.877753,200,46247.632084
-0.556649,200,46248.642279
-127.41311,200,46249.474147
-0.383664,200,46250.305672
-126.433512,200,46251.135005
-120.364503,200,46252.112014
-295.644443,200,46252.954467
-227.026515,200,46253.786568
-226.241002,200,46254.617355
-124.10695,200,46255.447049
-228.800479,200,46256.362132
-126.284672,200,46257.329636
-121.517625,200,46258.159433
-114.821238,200,46258.988972
-125.015687,200,46259.816891
-236.04139,200,46260.793559
-125.899579,200,46261.653003
-119.174511,200,46262.50143
-118.478242,200,46263.338092
-277.633499,200,46264.181238
-116.899312,200,46265.236336
-123.694562,200,46266.105758
-230.986079,200,46266.967431
-250.416531,200,46267.842014
-1.269514,200,46268.705452
-127.97079,200,46269.711937
-0.732235,200,46270.686912
-120.597029,200,46271.518607
-120.853876,200,46272.368142
-116.69895,200,46273.248779
-124.695947,200,46274.425494
-344.235566,200,46275.273471
-119.046111,200,46276.109752
-0.467158,200,46277.007104
-113.624793,200,46277.863707
-0.590647,200,46278.841683
-233.91369,200,46279.687305
-227.370572,200,46280.520525
-118.867312,200,46281.475791
-124.238136,200,46282.378061
-119.15376,200,46283.480092
-116.888598,200,46284.355395
-127.160885,200,46285.215894
-125.904671,200,46286.0511
-120.511775,200,46286.888667
-126.435086,200,46287.883857
-126.603454,200,46288.736193
-122.97165,200,46289.566224
-126.025121,200,46290.396875
-1.606872,200,46291.22631
-119.597508,200,46292.073648
-128.524719,200,46293.100906
-128.032819,200,46293.93329
-116.365758,200,46294.769157
-117.767843,200,46295.598426
-0.858789,200,46296.557865
-0.5734,200,46297.430238
-244.198234,200,46298.276561
-223.779107,200,46299.137454
-225.737159,200,46299.970072
-246.886646,200,46300.997603
-126.420006,200,46301.829691
-294.396047,200,46302.675681
-115.159956,200,46303.505326
-118.770469,200,46304.334792
-124.543058,200,46305.309288
-216.56177,200,46306.160234
-119.354709,200,46307.021084
-243.582092,200,46307.893843
-3.444808,200,46308.730818
-124.809552,200,46309.559438
-119.26769,200,46310.392324
-116.718759,200,46311.393387
-117.709249,200,46312.23912
-251.314544,200,46313.160289
-119.056612,200,46314.213358
-129.663262,200,46315.056289
-223.818595,200,46315.887399
-218.444066,200,46316.716737
-218.163266,200,46317.565053
-219.947557,200,46318.550655
-116.550113,200,46319.381232
-118.332168,200,46320.212715
-243.889113,200,46321.0425
-216.330501,200,46321.872626
-127.62705,200,46322.849071
-119.076013,200,46323.689929
-232.085591,200,46324.521759
-221.94033,200,46325.351977
-115.78463,200,46326.182403
-125.45664,200,46327.195709
-120.066653,200,46328.043208
-127.468168,200,46328.875766
-1.241918,200,46329.705316
-226.780051,200,46330.534696
-308.382572,200,46331.501079
-120.370414,200,46332.348943
-123.732404,200,46333.187047
-121.075519,200,46334.017754
-123.013968,200,46334.851541
-0.223704,200,46335.896189
-120.55738,200,46336.724458
-0.878594,200,46337.566709
-220.04028,200,46338.400909
-344.339614,200,46339.231941
-319.502444,200,46340.192306
-119.558977,200,46341.033823
-126.484179,200,46341.863979
-117.015451,200,46342.732944
-116.381523,200,46343.564855
-116.262438,200,46344.551578
-3.287328,200,46345.414601
-128.434818,200,46346.246275
-119.42906,200,46347.076995
-240.408947,200,46347.922725
