#{"t_start": 1787608358.6492941, "env_id": "CartPole-v1"}
r,l,t
18.0,18,0.632003
16.0,16,0.632478
11.0,11,0.632783
14.0,14,0.633154
11.0,11,0.63353
15.0,15,0.633946
24.0,24,0.688956
26.0,26,0.693518
58.0,58,0.703167
22.0,22,0.706302
14.0,14,0.708492
20.0,20,0.71124
10.0,10,0.712415
12.0,12,0.714026
24.0,24,0.719247
20.0,20,0.722398
14.0,14,0.724762
17.0,17,0.72711
37.0,37,0.732967
16.0,16,0.73517
15.0,15,0.737424
25.0,25,0.741486
22.0,22,0.745553
26.0,26,0.749233
16.0,16,0.751741
52.0,52,0.760288
79.0,79,0.77389
26.0,26,0.777319
29.0,29,0.781763
19.0,19,0.784209
23.0,23,0.787478
17.0,17,0.789638
32.0,32,0.793985
11.0,11,0.795598
39.0,39,0.801065
44.0,44,0.806939
34.0,34,0.811211
25.0,25,0.814852
36.0,36,0.819733
19.0,19,0.821952
11.0,11,0.823524
18.0,18,0.826096
13.0,13,0.827809
21.0,21,0.830528
16.0,16,0.832655
32.0,32,0.837432
10.0,10,0.838966
27.0,27,0.842223
17.0,17,0.844782
14.0,14,0.846498
24.0,24,0.849785
14.0,14,0.851951
19.0,19,0.854222
22.0,22,0.857394
22.0,22,0.860074
33.0,33,0.864719
19.0,19,0.867075
12.0,12,0.868979
13.0,13,0.871101
26.0,26,0.874471
17.0,17,0.876668
12.0,12,0.878266
18.0,18,0.880912
13.0,13,0.882542
13.0,13,0.884262
24.0,24,0.887465
50.0,50,0.894292
16.0,16,0.896416
11.0,11,0.898009
23.0,23,0.900802
19.0,19,0.903418
21.0,21,0.9061
30.0,30,0.910334
15.0,15,0.912471
21.0,21,0.915149
12.0,12,0.916808
19.0,19,0.919451
14.0,14,0.921113
19.0,19,0.923725
10.0,10,0.924832
27.0,27,0.928555
10.0,10,0.93012
24.0,24,0.933364
28.0,28,0.937077
26.0,26,0.940798
25.0,25,0.944214
16.0,16,0.946383
54.0,54,0.953856
30.0,30,0.957711
11.0,11,0.959287
24.0,24,0.99735
24.0,24,1.001331
31.0,31,1.006409
43.0,43,1.012405
42.0,42,1.018062
13.0,13,1.019699
14.0,14,1.021951
30.0,30,1.026046
25.0,25,1.029758
12.0,12,1.031416
13.0,13,1.033112
15.0,15,1.035296
37.0,37,1.040531
28.0,28,1.044309
15.0,15,1.046447
68.0,68,1.055836
18.0,18,1.058149
20.0,20,1.060934
28.0,28,1.064763
28.0,28,1.068664
12.0,12,1.070361
26.0,26,1.074094
19.0,19,1.076438
18.0,18,1.07917
16.0,16,1.081321
27.0,27,1.085148
34.0,34,1.089478
16.0,16,1.091653
28.0,28,1.09542
48.0,48,1.101966
20.0,20,1.104717
15.0,15,1.106812
19.0,19,1.109448
11.0,11,1.11065
15.0,15,1.112762
24.0,24,1.115952
20.0,20,1.118607
30.0,30,1.122836
16.0,16,1.125073
11.0,11,1.126231
13.0,13,1.128262
17.0,17,1.130413
24.0,24,1.1336
23.0,23,1.136898
19.0,19,1.139142
26.0,26,1.142835
22.0,22,1.145783
15.0,15,1.147935
16.0,16,1.150083
16.0,16,1.15221
19.0,19,1.154918
22.0,22,1.157724
11.0,11,1.159326
10.0,10,1.160871
24.0,24,1.16409
12.0,12,1.165702
43.0,43,1.171131
24.0,24,1.174317
17.0,17,1.176931
12.0,12,1.178654
13.0,13,1.180536
13.0,13,1.182387
21.0,21,1.185113
12.0,12,1.18676
21.0,21,1.190054
16.0,16,1.192211
26.0,26,1.195644
18.0,18,1.198312
21.0,21,1.201083
9.0,9,1.202191
13.0,13,1.203907
26.0,26,1.207772
62.0,62,1.215852
28.0,28,1.219695
15.0,15,1.221836
15.0,15,1.223965
72.0,72,1.233623
9.0,9,1.234718
23.0,23,1.237872
18.0,18,1.240057
10.0,10,1.241669
17.0,17,1.244723
16.0,16,1.247204
18.0,18,1.250146
16.0,16,1.252762
15.0,15,1.254791
11.0,11,1.256852
43.0,43,1.264135
15.0,15,1.26665
30.0,30,1.271342
29.0,29,1.287013
25.0,25,1.291559
10.0,10,1.292888
24.0,24,1.296601
15.0,15,1.299065
52.0,52,1.307067
19.0,19,1.309811
16.0,16,1.311933
12.0,12,1.313579
25.0,25,1.317039
13.0,13,1.318856
20.0,20,1.321603
14.0,14,1.323765
35.0,35,1.328207
27.0,27,1.331869
34.0,34,1.336784
18.0,18,1.339064
20.0,20,1.341805
10.0,10,1.343462
17.0,17,1.345667
15.0,15,1.347953
19.0,19,1.350328
12.0,12,1.351993
24.0,24,1.355285
47.0,47,1.361764
14.0,14,1.363812
11.0,11,1.365016
10.0,10,1.366663
13.0,13,1.36846
15.0,15,1.370592
30.0,30,1.374436
43.0,43,1.380279
17.0,17,1.382426
15.0,15,1.384649
22.0,22,1.387763
15.0,15,1.389438
12.0,12,1.391112
20.0,20,1.393841
13.0,13,1.395893
11.0,11,1.397043
23.0,23,1.400304
22.0,22,1.403624
25.0,25,1.40683
17.0,17,1.40909
17.0,17,1.411254
30.0,30,1.415421
13.0,13,1.417238
10.0,10,1.418996
15.0,15,1.421005
13.0,13,1.423348
41.0,41,1.429836
12.0,12,1.431735
12.0,12,1.43374
33.0,33,1.438625
19.0,19,1.441533
33.0,33,1.446273
42.0,42,1.453159
17.0,17,1.45571
26.0,26,1.459377
22.0,22,1.462713
35.0,35,1.467908
15.0,15,1.469721
44.0,44,1.475694
14.0,14,1.477922
18.0,18,1.480167
18.0,18,1.482795
18.0,18,1.485185
21.0,21,1.488318
12.0,12,1.489922
32.0,32,1.494216
15.0,15,1.495882
12.0,12,1.497584
41.0,41,1.503486
20.0,20,1.506193
24.0,24,1.509514
17.0,17,1.511712
13.0,13,1.513352
29.0,29,1.517153
14.0,14,1.519218
16.0,16,1.521406
20.0,20,1.52414
15.0,15,1.526432
10.0,10,1.527566
20.0,20,1.530352
14.0,14,1.532475
11.0,11,1.533778
16.0,16,1.535895
11.0,11,1.537454
15.0,15,1.539555
11.0,11,1.541196
29.0,29,1.544948
16.0,16,1.547163
15.0,15,1.549333
22.0,22,1.552196
15.0,15,1.554345
25.0,25,1.557664
20.0,20,1.56052
14.0,14,1.562569
9.0,9,1.563707
14.0,14,1.565427
24.0,24,1.572417
12.0,12,1.574369
11.0,11,1.576167
14.0,14,1.578359
25.0,25,1.581704
27.0,27,1.586214
30.0,30,1.590201
16.0,16,1.592415
31.0,31,1.596767
13.0,13,1.598415
17.0,17,1.60081
12.0,12,1.602609
15.0,15,1.604768
22.0,22,1.608107
20.0,20,1.610916
20.0,20,1.61354
24.0,24,1.616924
17.0,17,1.61918
15.0,15,1.621295
10.0,10,1.622639
13.0,13,1.624308
10.0,10,1.625861
21.0,21,1.62859
15.0,15,1.630777
22.0,22,1.633663
13.0,13,1.635778
13.0,13,1.637426
25.0,25,1.640715
15.0,15,1.642997
14.0,14,1.644802
12.0,12,1.64638
30.0,30,1.650657
18.0,18,1.652855
14.0,14,1.654956
31.0,31,1.659185
30.0,30,1.662953
54.0,54,1.670578
14.0,14,1.672293
19.0,19,1.674997
12.0,12,1.676737
27.0,27,1.680413
20.0,20,1.683163
24.0,24,1.68672
17.0,17,1.689096
12.0,12,1.690733
28.0,28,1.69458
16.0,16,1.696737
17.0,17,1.698962
12.0,12,1.700761
30.0,30,1.70502
18.0,18,1.707418
15.0,15,1.709696
36.0,36,1.714781
17.0,17,1.717048
43.0,43,1.723019
17.0,17,1.72526
21.0,21,1.728047
33.0,33,1.732903
10.0,10,1.734181
17.0,17,1.736477
24.0,24,1.739646
17.0,17,1.742292
25.0,25,1.745579
18.0,18,1.747815
31.0,31,1.752268
11.0,11,1.753879
23.0,23,1.757037
25.0,25,1.760342
20.0,20,1.762984
28.0,28,1.766768
17.0,17,1.768954
12.0,12,1.77054
16.0,16,1.772739
19.0,19,1.775452
24.0,24,1.778716
15.0,15,1.780819
23.0,23,1.783822
35.0,35,1.788668
29.0,29,1.792352
37.0,37,1.797614
15.0,15,1.799355
14.0,14,1.801735
11.0,11,1.803381
25.0,25,1.806622
15.0,15,1.808709
20.0,20,1.811431
11.0,11,1.81263
13.0,13,1.814685
26.0,26,1.818163
15.0,15,1.820303
16.0,16,1.822513
28.0,28,1.826235
55.0,55,1.833774
17.0,17,1.836069
29.0,29,1.839862
33.0,33,1.844161
15.0,15,1.84637
18.0,18,1.853517
13.0,13,1.855262
30.0,30,1.859746
14.0,14,1.862074
20.0,20,1.865188
24.0,24,1.86887
17.0,17,1.871595
16.0,16,1.873958
20.0,20,1.876795
21.0,21,1.879663
15.0,15,1.881996
21.0,21,1.885112
9.0,9,1.886674
15.0,15,1.888484
25.0,25,1.892222
11.0,11,1.893399
16.0,16,1.895513
19.0,19,1.898168
12.0,12,1.899898
17.0,17,1.902212
9.0,9,1.903794
11.0,11,1.904988
16.0,16,1.907154
28.0,28,1.910926
24.0,24,1.914144
25.0,25,1.91799
19.0,19,1.920275
19.0,19,1.922951
22.0,22,1.926038
20.0,20,1.92864
13.0,13,1.930346
20.0,20,1.933191
18.0,18,1.935398
16.0,16,1.937624
16.0,16,1.939777
24.0,24,1.943049
11.0,11,1.944601
10.0,10,1.946127
23.0,23,1.948925
22.0,22,1.952315
29.0,29,1.956175
27.0,27,1.960065
13.0,13,1.961731
31.0,31,1.965964
18.0,18,1.968222
19.0,19,1.970943
14.0,14,1.973035
17.0,17,1.975317
26.0,26,1.978611
11.0,11,1.980218
10.0,10,1.981739
36.0,36,1.986931
21.0,21,1.989683
17.0,17,1.991882
17.0,17,1.994094
25.0,25,1.997903
11.0,11,1.999217
11.0,11,2.00092
57.0,57,2.00837
62.0,62,2.017139
15.0,15,2.019376
11.0,11,2.02062
16.0,16,2.022855
10.0,10,2.024418
10.0,10,2.025595
23.0,23,2.028823
22.0,22,2.032104
23.0,23,2.035122
17.0,17,2.037837
26.0,26,2.04111
13.0,13,2.042843
14.0,14,2.044916
20.0,20,2.047768
15.0,15,2.050174
10.0,10,2.051411
18.0,18,2.054288
12.0,12,2.05614
60.0,60,2.064356
9.0,9,2.065535
36.0,36,2.070411
16.0,16,2.072688
37.0,37,2.077619
12.0,12,2.079199
13.0,13,2.080839
9.0,9,2.082486
17.0,17,2.084733
25.0,25,2.088026
12.0,12,2.089734
17.0,17,2.091955
15.0,15,2.09416
18.0,18,2.096739
21.0,21,2.099462
26.0,26,2.10277
25.0,25,2.106454
24.0,24,2.109647
16.0,16,2.111915
22.0,22,2.114712
13.0,13,2.116412
12.0,12,2.118063
22.0,22,2.121409
22.0,22,2.124284
19.0,19,2.127006
13.0,13,2.128709
46.0,46,2.145596
20.0,20,2.148789
11.0,11,2.150826
26.0,26,2.155056
18.0,18,2.157889
17.0,17,2.160183
21.0,21,2.1633
9.0,9,2.164764
10.0,10,2.166437
14.0,14,2.168277
17.0,17,2.170942
13.0,13,2.172748
30.0,30,2.176965
48.0,48,2.183824
13.0,13,2.186066
18.0,18,2.188447
22.0,22,2.191728
32.0,32,2.196313
19.0,19,2.198632
14.0,14,2.200863
26.0,26,2.204262
11.0,11,2.205875
17.0,17,2.208113
24.0,24,2.211409
26.0,26,2.215213
13.0,13,2.216922
20.0,20,2.2196
15.0,15,2.221893
17.0,17,2.224184
21.0,21,2.227014
22.0,22,2.230253
14.0,14,2.232045
12.0,12,2.233687
11.0,11,2.235315
53.0,53,2.242537
22.0,22,2.245759
26.0,26,2.249148
15.0,15,2.251573
11.0,11,2.253239
45.0,45,2.259448
23.0,23,2.262692
23.0,23,2.265996
15.0,15,2.267692
12.0,12,2.269458
16.0,16,2.271613
20.0,20,2.274421
13.0,13,2.276523
34.0,34,2.280918
10.0,10,2.282795
21.0,21,2.285723
15.0,15,2.288342
26.0,26,2.291985
12.0,12,2.293993
23.0,23,2.297596
23.0,23,2.301229
11.0,11,2.302592
16.0,16,2.305209
24.0,24,2.308852
16.0,16,2.31145
30.0,30,2.316069
27.0,27,2.320379
42.0,42,2.326483
28.0,28,2.330825
28.0,28,2.335084
36.0,36,2.340577
19.0,19,2.343495
14.0,14,2.345245
31.0,31,2.349911
13.0,13,2.351853
41.0,41,2.358315
20.0,20,2.361216
25.0,25,2.364866
14.0,14,2.366763
32.0,32,2.372063
26.0,26,2.376753
11.0,11,2.37873
11.0,11,2.380234
20.0,20,2.38352
15.0,15,2.386097
12.0,12,2.388067
11.0,11,2.390054
14.0,14,2.392019
32.0,32,2.397091
48.0,48,2.404141
19.0,19,2.406935
14.0,14,2.409152
28.0,28,2.413168
12.0,12,2.41489
47.0,47,2.421029
19.0,19,2.423725
14.0,14,2.425893
16.0,16,2.428076
15.0,15,2.429837
30.0,30,2.434088
13.0,13,2.439923
20.0,20,2.443246
13.0,13,2.444995
25.0,25,2.449804
15.0,15,2.45195
10.0,10,2.453563
29.0,29,2.457726
37.0,37,2.462928
12.0,12,2.464615
15.0,15,2.466932
18.0,18,2.46965
26.0,26,2.473119
31.0,31,2.477498
25.0,25,2.480826
25.0,25,2.484386
33.0,33,2.489198
18.0,18,2.491648
13.0,13,2.493311
17.0,17,2.496043
17.0,17,2.498595
18.0,18,2.501103
15.0,15,2.503385
18.0,18,2.506299
14.0,14,2.508028
18.0,18,2.510651
20.0,20,2.513324
14.0,14,2.515127
20.0,20,2.517909
11.0,11,2.519498
21.0,21,2.522381
24.0,24,2.525829
14.0,14,2.527913
13.0,13,2.529603
17.0,17,2.531914
31.0,31,2.536504
16.0,16,2.538942
30.0,30,2.543241
16.0,16,2.545485
19.0,19,2.548239
11.0,11,2.549951
23.0,23,2.553479
12.0,12,2.555157
22.0,22,2.557999
15.0,15,2.56009
37.0,37,2.565064
53.0,53,2.572236
24.0,24,2.575625
12.0,12,2.577232
23.0,23,2.580522
11.0,11,2.582187
13.0,13,2.583956
18.0,18,2.586809
14.0,14,2.588521
16.0,16,2.590768
33.0,33,2.595284
10.0,10,2.596895
39.0,39,2.602535
22.0,22,2.60546
27.0,27,2.609227
11.0,11,2.610857
15.0,15,2.612631
16.0,16,2.614795
12.0,12,2.616577
52.0,52,2.623814
26.0,26,2.627567
19.0,19,2.630245
14.0,14,2.631976
21.0,21,2.634771
47.0,47,2.641311
20.0,20,2.644072
18.0,18,2.646962
30.0,30,2.650991
16.0,16,2.653228
20.0,20,2.656082
21.0,21,2.658948
11.0,11,2.660618
12.0,12,2.662326
16.0,16,2.664501
13.0,13,2.666202
11.0,11,2.667981
15.0,15,2.670165
10.0,10,2.671324
31.0,31,2.67584
17.0,17,2.678187
12.0,12,2.679839
11.0,11,2.681564
10.0,10,2.683213
13.0,13,2.684986
27.0,27,2.688908
16.0,16,2.691173
14.0,14,2.692932
21.0,21,2.69586
18.0,18,2.698479
14.0,14,2.700191
13.0,13,2.702325
13.0,13,2.703992
20.0,20,2.706802
26.0,26,2.710129
15.0,15,2.712396
17.0,17,2.714654
39.0,39,2.72
9.0,9,2.721208
16.0,16,2.727727
9.0,9,2.729679
18.0,18,2.732251
11.0,11,2.734195
34.0,34,2.739118
18.0,18,2.742055
17.0,17,2.74434
16.0,16,2.746606
36.0,36,2.751798
21.0,21,2.754686
46.0,46,2.761341
17.0,17,2.763543
17.0,17,2.765928
25.0,25,2.769678
10.0,10,2.770902
11.0,11,2.772528
17.0,17,2.775058
25.0,25,2.778491
11.0,11,2.780126
12.0,12,2.781832
49.0,49,2.788645
19.0,19,2.791336
31.0,31,2.795733
17.0,17,2.798156
32.0,32,2.802693
62.0,62,2.811534
18.0,18,2.813797
26.0,26,2.817514
36.0,36,2.822596
19.0,19,2.825097
13.0,13,2.82794
20.0,20,2.830758
14.0,14,2.832525
23.0,23,2.835774
12.0,12,2.837419
16.0,16,2.839559
51.0,51,2.846789
28.0,28,2.850527
29.0,29,2.854419
15.0,15,2.85655
16.0,16,2.85882
15.0,15,2.860591
16.0,16,2.862879
9.0,9,2.864436
28.0,28,2.868502
25.0,25,2.871987
20.0,20,2.874749
20.0,20,2.877667
11.0,11,2.879318
16.0,16,2.88155
19.0,19,2.883809
22.0,22,2.887016
15.0,15,2.889252
10.0,10,2.890489
17.0,17,2.892662
20.0,20,2.895386
16.0,16,2.897666
10.0,10,2.899247
15.0,15,2.901588
14.0,14,2.903284
14.0,14,2.905401
17.0,17,2.90771
15.0,15,2.910018
21.0,21,2.912804
22.0,22,2.915723
42.0,42,2.921884
14.0,14,2.923622
29.0,29,2.927848
19.0,19,2.930265
32.0,32,2.934845
8.0,8,2.93602
13.0,13,2.938198
26.0,26,2.941635
11.0,11,2.943278
15.0,15,2.94552
15.0,15,2.947363
11.0,11,2.948965
49.0,49,2.955793
17.0,17,2.958427
19.0,19,2.960853
20.0,20,2.96366
22.0,22,2.966887
12.0,12,2.968652
18.0,18,2.970974
25.0,25,2.974849
20.0,20,2.977773
27.0,27,2.981162
15.0,15,2.98341
11.0,11,2.985168
22.0,22,2.988114
23.0,23,2.9914
59.0,59,2.999937
18.0,18,3.002216
16.0,16,3.004566
39.0,39,3.010117
26.0,26,3.018803
17.0,17,3.02137
17.0,17,3.024208
9.0,9,3.025379
19.0,19,3.02818
19.0,19,3.031038
23.0,23,3.034857
33.0,33,3.039414
36.0,36,3.044631
17.0,17,3.047022
53.0,53,3.054842
16.0,16,3.057071
18.0,18,3.059732
10.0,10,3.060987
18.0,18,3.063655
18.0,18,3.066003
18.0,18,3.068896
12.0,12,3.070535
38.0,38,3.075755
20.0,20,3.078672
17.0,17,3.081328
14.0,14,3.083229
13.0,13,3.084892
12.0,12,3.086745
18.0,18,3.089608
17.0,17,3.091888
15.0,15,3.094127
14.0,14,3.096061
31.0,31,3.100534
16.0,16,3.102886
31.0,31,3.107265
12.0,12,3.108904
19.0,19,3.111665
14.0,14,3.113528
13.0,13,3.115326
16.0,16,3.117556
20.0,20,3.12038
19.0,19,3.123448
14.0,14,3.125725
19.0,19,3.128136
23.0,23,3.131608
29.0,29,3.135755
17.0,17,3.138555
19.0,19,3.141123
18.0,18,3.144009
12.0,12,3.145786
11.0,11,3.147725
23.0,23,3.150532
17.0,17,3.153251
39.0,39,3.158382
60.0,60,3.167165
12.0,12,3.168933
15.0,15,3.17125
13.0,13,3.173163
17.0,17,3.175816
28.0,28,3.17975
16.0,16,3.182017
34.0,34,3.186617
32.0,32,3.191333
10.0,10,3.193033
27.0,27,3.196536
24.0,24,3.199882
10.0,10,3.201532
16.0,16,3.203727
22.0,22,3.206522
54.0,54,3.214237
25.0,25,3.217665
14.0,14,3.219759
35.0,35,3.22416
18.0,18,3.227031
20.0,20,3.229745
15.0,15,3.231869
47.0,47,3.23824
24.0,24,3.241572
14.0,14,3.243711
19.0,19,3.246357
60.0,60,3.254474
14.0,14,3.256303
28.0,28,3.260137
20.0,20,3.262957
23.0,23,3.266335
22.0,22,3.26923
12.0,12,3.270864
14.0,14,3.273001
22.0,22,3.275822
32.0,32,3.280062
28.0,28,3.28393
16.0,16,3.286176
20.0,20,3.288916
18.0,18,3.291559
15.0,15,3.293873
10.0,10,3.295085
17.0,17,3.297354
11.0,11,3.299191
9.0,9,3.300398
17.0,17,3.307091
19.0,19,3.309483
29.0,29,3.314805
13.0,13,3.317046
22.0,22,3.320287
12.0,12,3.322069
20.0,20,3.325026
41.0,41,3.331103
19.0,19,3.33362
11.0,11,3.335427
20.0,20,3.338387
13.0,13,3.340201
10.0,10,3.341863
33.0,33,3.34657
17.0,17,3.348804
15.0,15,3.351134
26.0,26,3.354909
14.0,14,3.356715
18.0,18,3.359411
26.0,26,3.362876
24.0,24,3.366302
9.0,9,3.367492
15.0,15,3.369711
59.0,59,3.378104
20.0,20,3.380894
24.0,24,3.384339
17.0,17,3.386556
14.0,14,3.388669
12.0,12,3.390383
18.0,18,3.392745
22.0,22,3.396084
10.0,10,3.397315
11.0,11,3.398916
15.0,15,3.401242
11.0,11,3.402608
39.0,39,3.408022
12.0,12,3.409756
16.0,16,3.411919
19.0,19,3.414801
9.0,9,3.415943
12.0,12,3.417716
24.0,24,3.421103
14.0,14,3.423228
22.0,22,3.426186
20.0,20,3.429117
10.0,10,3.430792
12.0,12,3.432515
15.0,15,3.435011
17.0,17,3.437809
13.0,13,3.439578
13.0,13,3.441327
15.0,15,3.443503
12.0,12,3.445276
14.0,14,3.447153
29.0,29,3.451499
51.0,51,3.458372
12.0,12,3.460175
14.0,14,3.462475
10.0,10,3.463672
15.0,15,3.465849
13.0,13,3.467744
23.0,23,3.471015
15.0,15,3.473303
33.0,33,3.477793
15.0,15,3.480177
16.0,16,3.482322
12.0,12,3.484042
13.0,13,3.48575
12.0,12,3.487432
16.0,16,3.489638
13.0,13,3.49138
26.0,26,3.49532
43.0,43,3.501555
47.0,47,3.507808
13.0,13,3.509995
42.0,42,3.515708
25.0,25,3.519348
10.0,10,3.521053
11.0,11,3.522756
29.0,29,3.526831
13.0,13,3.528502
12.0,12,3.530143
20.0,20,3.532933
28.0,28,3.536771
16.0,16,3.538957
16.0,16,3.541251
32.0,32,3.545963
17.0,17,3.548238
18.0,18,3.551057
25.0,25,3.554318
11.0,11,3.555994
13.0,13,3.557719
21.0,21,3.56045
21.0,21,3.563653
12.0,12,3.565428
21.0,21,3.568311
20.0,20,3.571093
21.0,21,3.574097
13.0,13,3.575798
16.0,16,3.578126
19.0,19,3.580896
22.0,22,3.584279
19.0,19,3.58665
14.0,14,3.588823
24.0,24,3.599166
11.0,11,3.601019
10.0,10,3.602626
13.0,13,3.60478
22.0,22,3.608787
29.0,29,3.61293
24.0,24,3.616377
12.0,12,3.618298
57.0,57,3.626415
24.0,24,3.629808
27.0,27,3.633686
10.0,10,3.635354
14.0,14,3.637192
32.0,32,3.64146
14.0,14,3.643761
36.0,36,3.648901
17.0,17,3.651249
38.0,38,3.656484
36.0,36,3.661725
16.0,16,3.664137
15.0,15,3.666489
29.0,29,3.67052
12.0,12,3.672354
21.0,21,3.675629
17.0,17,3.677978
19.0,19,3.680846
30.0,30,3.685129
38.0,38,3.690739
15.0,15,3.692652
13.0,13,3.694819
20.0,20,3.697606
21.0,21,3.700387
26.0,26,3.704027
21.0,21,3.707308
12.0,12,3.709037
16.0,16,3.711299
17.0,17,3.713658
33.0,33,3.718226
15.0,15,3.720446
32.0,32,3.724954
15.0,15,3.727306
24.0,24,3.730797
15.0,15,3.732499
14.0,14,3.734667
27.0,27,3.738585
15.0,15,3.740542
24.0,24,3.743879
56.0,56,3.751931
14.0,14,3.754107
24.0,24,3.757548
15.0,15,3.759693
11.0,11,3.760941
20.0,20,3.763761
78.0,78,3.775116
14.0,14,3.776781
19.0,19,3.7796
33.0,33,3.78437
26.0,26,3.788445
12.0,12,3.790124
33.0,33,3.794747
17.0,17,3.797126
84.0,84,3.8096
16.0,16,3.811978
21.0,21,3.815369
8.0,8,3.816535
22.0,22,3.819655
15.0,15,3.821997
11.0,11,3.82366
23.0,23,3.826672
21.0,21,3.829872
25.0,25,3.833384
17.0,17,3.835571
23.0,23,3.839263
20.0,20,3.842199
25.0,25,3.845928
18.0,18,3.848744
13.0,13,3.850532
26.0,26,3.853959
45.0,45,3.860448
75.0,75,3.870554
84.0,84,3.882663
24.0,24,3.88675
15.0,15,3.917167
34.0,34,3.923441
18.0,18,3.926028
50.0,50,3.933691
87.0,87,3.946567
28.0,28,3.951441
12.0,12,3.953322
65.0,65,3.963598
35.0,35,3.968708
27.0,27,3.972824
41.0,41,3.978958
17.0,17,3.981693
15.0,15,3.983702
36.0,36,3.989113
19.0,19,3.992016
53.0,53,3.999971
14.0,14,4.002494
45.0,45,4.009348
50.0,50,4.016892
29.0,29,4.021545
43.0,43,4.028118
17.0,17,4.030488
21.0,21,4.033471
13.0,13,4.035512
32.0,32,4.040753
26.0,26,4.045093
41.0,41,4.05107
13.0,13,4.053178
26.0,26,4.05767
18.0,18,4.060168
16.0,16,4.062719
20.0,20,4.065945
27.0,27,4.070534
21.0,21,4.073609
23.0,23,4.077301
11.0,11,4.078991
18.0,18,4.08128
106.0,106,4.097698
25.0,25,4.101717
15.0,15,4.104022
28.0,28,4.108106
11.0,11,4.109742
81.0,81,4.121423
14.0,14,4.123378
35.0,35,4.128575
20.0,20,4.13156
82.0,82,4.144216
16.0,16,4.146781
14.0,14,4.148708
106.0,106,4.165366
33.0,33,4.170128
15.0,15,4.172384
27.0,27,4.176072
51.0,51,4.183697
15.0,15,4.186091
10.0,10,4.187312
28.0,28,4.1911
50.0,50,4.198681
23.0,23,4.202198
12.0,12,4.203933
24.0,24,4.207616
45.0,45,4.213709
28.0,28,4.217721
19.0,19,4.241712
59.0,59,4.251373
22.0,22,4.255137
15.0,15,4.257512
44.0,44,4.264263
47.0,47,4.271089
17.0,17,4.274128
14.0,14,4.276023
104.0,104,4.291293
19.0,19,4.294368
21.0,21,4.297199
38.0,38,4.303289
20.0,20,4.306667
32.0,32,4.312419
40.0,40,4.319887
17.0,17,4.322866
15.0,15,4.325991
31.0,31,4.33188
25.0,25,4.33697
45.0,45,4.344332
49.0,49,4.351868
91.0,91,4.365635
22.0,22,4.368836
14.0,14,4.371111
13.0,13,4.372899
42.0,42,4.379295
20.0,20,4.382466
28.0,28,4.386762
16.0,16,4.389094
50.0,50,4.395993
39.0,39,4.402094
31.0,31,4.406915
13.0,13,4.408865
157.0,157,4.431923
27.0,27,4.436396
37.0,37,4.441982
25.0,25,4.445666
20.0,20,4.448591
60.0,60,4.458019
26.0,26,4.461884
18.0,18,4.464294
31.0,31,4.4694
53.0,53,4.477791
19.0,19,4.480707
10.0,10,4.482457
31.0,31,4.487123
20.0,20,4.490983
30.0,30,4.495728
12.0,12,4.497664
31.0,31,4.503037
12.0,12,4.504866
16.0,16,4.507513
22.0,22,4.510624
41.0,41,4.516614
22.0,22,4.520788
62.0,62,4.52997
24.0,24,4.533885
22.0,22,4.537645
9.0,9,4.538881
38.0,38,4.544684
15.0,15,4.546662
17.0,17,4.549453
43.0,43,4.598682
15.0,15,4.601425
15.0,15,4.604177
55.0,55,4.612585
16.0,16,4.615085
69.0,69,4.626043
23.0,23,4.629678
42.0,42,4.636017
56.0,56,4.644257
19.0,19,4.651964
33.0,33,4.656718
19.0,19,4.659702
40.0,40,4.665602
64.0,64,4.67481
19.0,19,4.677747
27.0,27,4.681328
15.0,15,4.683758
35.0,35,4.68901
45.0,45,4.695573
73.0,73,4.706267
39.0,39,4.712156
32.0,32,4.716756
37.0,37,4.722084
87.0,87,4.734965
10.0,10,4.736581
28.0,28,4.740829
14.0,14,4.742616
56.0,56,4.751202
19.0,19,4.753927
29.0,29,4.758046
16.0,16,4.760295
88.0,88,4.773555
18.0,18,4.776611
31.0,31,4.780759
26.0,26,4.784842
114.0,114,4.801185
21.0,21,4.804309
21.0,21,4.807297
75.0,75,4.818738
39.0,39,4.824103
111.0,111,4.840517
42.0,42,4.84696
18.0,18,4.849445
35.0,35,4.855004
43.0,43,4.861347
29.0,29,4.865426
68.0,68,4.875686
32.0,32,4.880332
21.0,21,4.883575
13.0,13,4.885636
24.0,24,4.889225
61.0,61,4.898855
11.0,11,4.900239
51.0,51,5.06367
19.0,19,5.067189
16.0,16,5.069907
23.0,23,5.073837
45.0,45,5.080562
35.0,35,5.08622
78.0,78,5.097961
9.0,9,5.099131
25.0,25,5.10343
171.0,171,5.129565
17.0,17,5.132351
89.0,89,5.146306
37.0,37,5.151866
28.0,28,5.156189
13.0,13,5.157927
44.0,44,5.164642
20.0,20,5.167597
17.0,17,5.170424
33.0,33,5.175301
87.0,87,5.188794
64.0,64,5.198216
11.0,11,5.199527
26.0,26,5.203925
30.0,30,5.20811
11.0,11,5.209958
10.0,10,5.211581
26.0,26,5.215295
13.0,13,5.217245
32.0,32,5.221885
48.0,48,5.22918
36.0,36,5.235014
28.0,28,5.239161
28.0,28,5.24383
30.0,30,5.248471
12.0,12,5.25048
14.0,14,5.252392
35.0,35,5.257592
12.0,12,5.259269
21.0,21,5.262335
30.0,30,5.267071
18.0,18,5.269972
55.0,55,5.278276
24.0,24,5.281911
11.0,11,5.283748
27.0,27,5.288293
31.0,31,5.292476
51.0,51,5.300517
38.0,38,5.306347
18.0,18,5.308602
43.0,43,5.315044
14.0,14,5.316933
33.0,33,5.322234
32.0,32,5.327133
51.0,51,5.3345
62.0,62,5.344091
29.0,29,5.348304
93.0,93,5.362106
64.0,64,5.527
49.0,49,5.535952
18.0,18,5.538382
32.0,32,5.543168
29.0,29,5.547774
37.0,37,5.554857
13.0,13,5.556985
22.0,22,5.560201
15.0,15,5.562444
28.0,28,5.566898
31.0,31,5.572111
21.0,21,5.575181
15.0,15,5.577463
30.0,30,5.581856
32.0,32,5.586854
87.0,87,5.600001
45.0,45,5.606672
295.0,295,5.653013
61.0,61,5.662392
26.0,26,5.666637
78.0,78,5.67801
118.0,118,5.696207
22.0,22,5.699311
40.0,40,5.70585
80.0,80,5.718368
12.0,12,5.720218
21.0,21,5.723729
15.0,15,5.72561
52.0,52,5.733875
16.0,16,5.736459
61.0,61,5.745944
51.0,51,5.753457
29.0,29,5.758143
49.0,49,5.765478
21.0,21,5.76838
33.0,33,5.772949
21.0,21,5.776354
98.0,98,5.790776
84.0,84,5.803382
67.0,67,5.814155
17.0,17,5.816842
67.0,67,5.827996
33.0,33,5.920147
128.0,128,5.940407
40.0,40,5.946355
30.0,30,5.951117
90.0,90,5.964389
21.0,21,5.967262
44.0,44,5.973977
75.0,75,5.985002
60.0,60,5.994074
55.0,55,6.002731
34.0,34,6.007349
34.0,34,6.012754
36.0,36,6.018337
60.0,60,6.027195
12.0,12,6.028993
29.0,29,6.033179
37.0,37,6.038327
65.0,65,6.048079
43.0,43,6.054398
21.0,21,6.057965
21.0,21,6.061094
117.0,117,6.078443
31.0,31,6.083254
24.0,24,6.086801
21.0,21,6.089816
34.0,34,6.09506
21.0,21,6.098139
19.0,19,6.101276
35.0,35,6.10637
12.0,12,6.108205
17.0,17,6.111037
63.0,63,6.120524
10.0,10,6.122337
10.0,10,6.123639
76.0,76,6.135864
61.0,61,6.145708
53.0,53,6.153598
19.0,19,6.156458
14.0,14,6.158307
40.0,40,6.164152
131.0,131,6.184315
97.0,97,6.199051
73.0,73,6.21023
29.0,29,6.215164
49.0,49,6.288304
54.0,54,6.297589
14.0,14,6.300098
12.0,12,6.302087
15.0,15,6.304485
73.0,73,6.315511
55.0,55,6.324314
16.0,16,6.326636
42.0,42,6.332915
57.0,57,6.341658
84.0,84,6.355006
56.0,56,6.363822
23.0,23,6.367634
35.0,35,6.373405
73.0,73,6.384797
40.0,40,6.390759
12.0,12,6.392485
99.0,99,6.407753
33.0,33,6.412859
54.0,54,6.421944
120.0,120,6.443198
53.0,53,6.451855
28.0,28,6.456535
41.0,41,6.463675
20.0,20,6.466868
15.0,15,6.469236
16.0,16,6.471795
44.0,44,6.478372
17.0,17,6.480739
97.0,97,6.495396
81.0,81,6.508111
28.0,28,6.512533
70.0,70,6.522761
35.0,35,6.528288
26.0,26,6.531808
22.0,22,6.535761
67.0,67,6.545839
16.0,16,6.548183
18.0,18,6.550776
14.0,14,6.553238
33.0,33,6.558191
18.0,18,6.560743
14.0,14,6.562979
32.0,32,6.567995
42.0,42,6.574221
78.0,78,6.586693
74.0,74,6.597558
30.0,30,6.66704
37.0,37,6.673315
52.0,52,6.681773
15.0,15,6.684452
155.0,155,6.708292
39.0,39,6.713678
34.0,34,6.718903
30.0,30,6.723149
18.0,18,6.726167
19.0,19,6.729451
37.0,37,6.735968
47.0,47,6.74371
118.0,118,6.762496
105.0,105,6.77941
61.0,61,6.789528
30.0,30,6.794012
53.0,53,6.802804
22.0,22,6.806157
39.0,39,6.81223
14.0,14,6.814045
56.0,56,6.822666
22.0,22,6.826139
11.0,11,6.827589
25.0,25,6.832105
42.0,42,6.838889
25.0,25,6.842758
113.0,113,6.860301
70.0,70,6.870772
16.0,16,6.873261
34.0,34,6.878587
21.0,21,6.881576
35.0,35,6.886994
49.0,49,6.894101
57.0,57,6.902649
62.0,62,6.912309
12.0,12,6.914162
39.0,39,6.920053
42.0,42,6.926603
11.0,11,6.928223
36.0,36,6.933918
72.0,72,6.945828
19.0,19,6.948688
33.0,33,6.954409
13.0,13,6.956161
15.0,15,6.958564
71.0,71,6.968999
68.0,68,7.03335
19.0,19,7.036548
25.0,25,7.041061
33.0,33,7.046577
33.0,33,7.05165
28.0,28,7.055876
55.0,55,7.064665
46.0,46,7.071465
27.0,27,7.075702
28.0,28,7.080004
12.0,12,7.081798
82.0,82,7.094454
27.0,27,7.098879
36.0,36,7.10441
24.0,24,7.107988
16.0,16,7.110454
14.0,14,7.112773
82.0,82,7.124933
21.0,21,7.128009
140.0,140,7.148781
101.0,101,7.164354
12.0,12,7.166048
90.0,90,7.179497
28.0,28,7.18376
41.0,41,7.190006
15.0,15,7.19233
43.0,43,7.198889
67.0,67,7.208925
114.0,114,7.225557
17.0,17,7.227932
13.0,13,7.230161
121.0,121,7.250381
27.0,27,7.254993
48.0,48,7.262476
53.0,53,7.270543
57.0,57,7.279309
14.0,14,7.281466
55.0,55,7.289795
57.0,57,7.298928
27.0,27,7.302828
28.0,28,7.307329
28.0,28,7.311606
39.0,39,7.317882
148.0,148,7.400464
47.0,47,7.409452
24.0,24,7.413425
40.0,40,7.419973
44.0,44,7.426892
17.0,17,7.429228
113.0,113,7.446771
78.0,78,7.459059
24.0,24,7.462666
56.0,56,7.471379
29.0,29,7.475929
134.0,134,7.497076
111.0,111,7.513471
20.0,20,7.516525
41.0,41,7.523359
28.0,28,7.528167
14.0,14,7.53019
39.0,39,7.536123
116.0,116,7.554798
38.0,38,7.561239
15.0,15,7.564033
104.0,104,7.581906
69.0,69,7.593852
82.0,82,7.609366
16.0,16,7.612268
15.0,15,7.614981
16.0,16,7.61777
57.0,57,7.627488
86.0,86,7.642856
32.0,32,7.648311
28.0,28,7.653302
13.0,13,7.656051
42.0,42,7.662937
60.0,60,7.67264
110.0,110,7.690469
90.0,90,7.704886
70.0,70,7.716214
25.0,25,7.719976
130.0,130,7.801284
15.0,15,7.803763
47.0,47,7.811487
29.0,29,7.816817
106.0,106,7.835249
165.0,165,7.862312
76.0,76,7.87432
18.0,18,7.877033
28.0,28,7.881228
94.0,94,7.896401
88.0,88,7.910196
35.0,35,7.915454
38.0,38,7.921517
29.0,29,7.926049
95.0,95,7.941235
84.0,84,7.954434
23.0,23,7.957872
176.0,176,7.984819
27.0,27,7.988856
38.0,38,7.994646
59.0,59,8.00398
59.0,59,8.013628
17.0,17,8.016211
46.0,46,8.023629
37.0,37,8.029776
45.0,45,8.036498
26.0,26,8.040384
98.0,98,8.055725
48.0,48,8.063084
163.0,163,8.087822
70.0,70,8.098605
38.0,38,8.105221
33.0,33,8.182222
157.0,157,8.213056
51.0,51,8.223182
55.0,55,8.233009
88.0,88,8.249599
24.0,24,8.25422
39.0,39,8.261069
92.0,92,8.277821
74.0,74,8.291351
101.0,101,8.314388
22.0,22,8.319057
11.0,11,8.320956
81.0,81,8.339847
43.0,43,8.348329
129.0,129,8.378064
27.0,27,8.383286
103.0,103,8.411572
58.0,58,8.428178
41.0,41,8.437953
86.0,86,8.465919
27.0,27,8.471263
128.0,128,8.495285
147.0,147,8.526874
17.0,17,8.52993
33.0,33,8.536769
35.0,35,8.544304
152.0,152,8.574012
19.0,19,8.578129
137.0,137,8.670686
11.0,11,8.673278
10.0,10,8.674963
138.0,138,8.702597
54.0,54,8.713171
77.0,77,8.728085
55.0,55,8.738256
101.0,101,8.759759
81.0,81,8.776882
45.0,45,8.785879
51.0,51,8.799336
80.0,80,8.824759
134.0,134,8.864079
18.0,18,8.868014
68.0,68,8.88016
17.0,17,8.883306
156.0,156,8.915874
41.0,41,8.926263
67.0,67,8.940183
137.0,137,8.968926
53.0,53,8.980819
146.0,146,9.01298
141.0,141,9.04143
48.0,48,9.052352
56.0,56,9.064365
40.0,40,9.073053
75.0,75,9.086427
26.0,26,9.090891
29.0,29,9.095687
123.0,123,9.201959
76.0,76,9.214551
32.0,32,9.221826
19.0,19,9.224479
24.0,24,9.228197
25.0,25,9.232455
18.0,18,9.235101
102.0,102,9.251119
87.0,87,9.264156
58.0,58,9.27351
100.0,100,9.289056
43.0,43,9.295589
66.0,66,9.305663
153.0,153,9.329774
103.0,103,9.371258
26.0,26,9.376079
50.0,50,9.383933
143.0,143,9.407161
66.0,66,9.417727
67.0,67,9.428705
156.0,156,9.455556
28.0,28,9.459976
41.0,41,9.466581
144.0,144,9.491
66.0,66,9.502038
21.0,21,9.505255
42.0,42,9.511982
50.0,50,9.520092
14.0,14,9.5225
62.0,62,9.532229
10.0,10,9.534109
30.0,30,9.606888
32.0,32,9.613213
31.0,31,9.619017
161.0,161,9.64513
27.0,27,9.649421
36.0,36,9.655613
71.0,71,9.666924
83.0,83,9.679965
182.0,182,9.708979
190.0,190,9.738748
127.0,127,9.758548
26.0,26,9.762592
72.0,72,9.774152
40.0,40,9.780456
169.0,169,9.807395
95.0,95,9.822673
97.0,97,9.837874
29.0,29,9.843178
80.0,80,9.857803
185.0,185,9.890664
80.0,80,9.903646
28.0,28,9.908388
54.0,54,9.917407
112.0,112,10.012274
91.0,91,10.02807
100.0,100,10.044861
38.0,38,10.050951
74.0,74,10.063069
115.0,115,10.080857
52.0,52,10.08907
12.0,12,10.090833
105.0,105,10.107668
12.0,12,10.109473
107.0,107,10.125884
49.0,49,10.133778
46.0,46,10.140557
32.0,32,10.145426
69.0,69,10.156933
174.0,174,10.184905
241.0,241,10.223302
252.0,252,10.262859
101.0,101,10.278476
203.0,203,10.310838
179.0,179,10.428044
148.0,148,10.456009
55.0,55,10.466281
198.0,198,10.50407
155.0,155,10.536042
149.0,149,10.564446
53.0,53,10.573959
133.0,133,10.598817
243.0,243,10.643331
99.0,99,10.661914
79.0,79,10.676958
37.0,37,10.683785
157.0,157,10.713053
343.0,343,10.780774
91.0,91,10.880145
102.0,102,10.901435
45.0,45,10.910459
91.0,91,10.928184
166.0,166,10.960617
44.0,44,10.969145
229.0,229,11.015471
49.0,49,11.0262
110.0,110,11.047931
222.0,222,11.085537
25.0,25,11.089915
214.0,214,11.124793
48.0,48,11.132491
39.0,39,11.138866
179.0,179,11.167877
34.0,34,11.173175
134.0,134,11.195223
97.0,97,11.210617
21.0,21,11.213708
9.0,9,11.214882
124.0,124,11.23534
192.0,192,11.341863
220.0,220,11.377993
179.0,179,11.406757
225.0,225,11.445451
216.0,216,11.481737
16.0,16,11.484313
69.0,69,11.495601
210.0,210,11.5291
61.0,61,11.538744
122.0,122,11.558169
197.0,197,11.589362
26.0,26,11.593714
79.0,79,11.606338
46.0,46,11.613749
97.0,97,11.628879
176.0,176,11.739355
137.0,137,11.763444
180.0,180,11.793287
102.0,102,11.809884
86.0,86,11.823267
143.0,143,11.846358
178.0,178,11.874883
204.0,204,11.90767
14.0,14,11.909535
133.0,133,11.93048
178.0,178,11.959195
30.0,30,11.963701
16.0,16,11.966247
116.0,116,11.985207
237.0,237,12.026614
193.0,193,12.156176
231.0,231,12.199041
201.0,201,12.237692
163.0,163,12.268057
219.0,219,12.308449
48.0,48,12.317533
98.0,98,12.335708
58.0,58,12.345715
206.0,206,12.382727
274.0,274,12.435258
233.0,233,12.481038
205.0,205,12.524592
67.0,67,12.615757
236.0,236,12.66275
196.0,196,12.702582
228.0,228,12.745815
139.0,139,12.768935
249.0,249,12.810906
53.0,53,12.819978
193.0,193,12.852155
212.0,212,12.887627
50.0,50,12.896062
298.0,298,12.94478
155.0,155,13.051314
192.0,192,13.083084
169.0,169,13.111121
186.0,186,13.141787
220.0,220,13.178358
119.0,119,13.197655
109.0,109,13.215822
189.0,189,13.24689
300.0,300,13.29594
204.0,204,13.329814
216.0,216,13.364854
188.0,188,13.476536
187.0,187,13.510006
246.0,246,13.551275
62.0,62,13.561796
20.0,20,13.564872
209.0,209,13.599304
293.0,293,13.64757
112.0,112,13.666344
306.0,306,13.717164
228.0,228,13.75509
117.0,117,13.773789
174.0,174,13.884352
220.0,220,13.924509
236.0,236,13.968897
204.0,204,14.008312
153.0,153,14.037342
202.0,202,14.076678
283.0,283,14.130319
243.0,243,14.17852
210.0,210,14.21953
16.0,16,14.222473
270.0,270,14.347797
263.0,263,14.402219
200.0,200,14.441426
185.0,185,14.479923
226.0,226,14.519253
206.0,206,14.555031
282.0,282,14.605
24.0,24,14.608849
214.0,214,14.644784
221.0,221,14.681189
247.0,247,14.800055
192.0,192,14.832356
239.0,239,14.871465
198.0,198,14.904249
246.0,246,14.945585
228.0,228,14.984087
187.0,187,15.016633
191.0,191,15.048446
99.0,99,15.065799
256.0,256,15.181225
276.0,276,15.228905
271.0,271,15.274421
191.0,191,15.306719
199.0,199,15.340504
227.0,227,15.37902
69.0,69,15.39027
227.0,227,15.428723
243.0,243,15.469779
293.0,293,15.600979
225.0,225,15.640618
200.0,200,15.674297
113.0,113,15.692737
219.0,219,15.731579
418.0,418,15.80396
191.0,191,15.836469
182.0,182,15.868463
240.0,240,15.908766
189.0,189,16.017763
189.0,189,16.050524
249.0,249,16.092273
214.0,214,16.132441
232.0,232,16.177636
190.0,190,16.213858
242.0,242,16.2627
185.0,185,16.299321
197.0,197,16.337171
202.0,202,16.377681
240.0,240,16.504477
225.0,225,16.548995
271.0,271,16.606387
221.0,221,16.652759
217.0,217,16.698592
225.0,225,16.739623
339.0,339,16.800869
198.0,198,16.835628
217.0,217,16.951724
250.0,250,16.995005
248.0,248,17.037679
217.0,217,17.074133
216.0,216,17.110839
233.0,233,17.150445
215.0,215,17.187538
270.0,270,17.233095
230.0,230,17.272437
191.0,191,17.372901
271.0,271,17.420143
238.0,238,17.461167
209.0,209,17.496824
225.0,225,17.535486
79.0,79,17.548935
224.0,224,17.587275
310.0,310,17.64078
243.0,243,17.681446
262.0,262,17.801421
205.0,205,17.836624
185.0,185,17.868285
208.0,208,17.904304
210.0,210,17.940459
197.0,197,17.973854
212.0,212,18.010045
185.0,185,18.042052
211.0,211,18.077993
222.0,222,18.202983
275.0,275,18.256849
232.0,232,18.303779
236.0,236,18.375725
203.0,203,18.417743
222.0,222,18.463877
303.0,303,18.530361
313.0,313,18.596624
191.0,191,18.716276
234.0,234,18.761518
204.0,204,18.798486
220.0,220,18.837406
197.0,197,18.872638
225.0,225,18.938934
249.0,249,18.985086
283.0,283,19.035704
178.0,178,19.06818
246.0,246,19.190011
293.0,293,19.24265
273.0,273,19.290014
201.0,201,19.325028
206.0,206,19.361391
204.0,204,19.397071
219.0,219,19.437309
191.0,191,19.471398
177.0,177,19.502417
219.0,219,19.607541
233.0,233,19.649709
219.0,219,19.688514
253.0,253,19.733487
241.0,241,19.776719
244.0,244,19.820114
243.0,243,19.862371
267.0,267,19.909441
247.0,247,19.952971
196.0,196,20.058385
214.0,214,20.096786
236.0,236,20.139017
190.0,190,20.17261
214.0,214,20.210674
245.0,245,20.254383
257.0,257,20.299421
236.0,236,20.341423
288.0,288,20.483216
288.0,288,20.54234
223.0,223,20.587875
207.0,207,20.629008
246.0,246,20.680713
235.0,235,20.730042
258.0,258,20.785671
232.0,232,20.833993
214.0,214,20.878196
303.0,303,21.026319
191.0,191,21.061745
340.0,340,21.123892
239.0,239,21.167731
259.0,259,21.217514
243.0,243,21.260715
190.0,190,21.295124
385.0,385,21.431177
180.0,180,21.469599
212.0,212,21.508179
272.0,272,21.556894
234.0,234,21.598948
240.0,240,21.641725
200.0,200,21.677221
288.0,288,21.728554
235.0,235,21.770003
326.0,326,21.903661
247.0,247,21.948038
208.0,208,21.985521
227.0,227,22.025383
257.0,257,22.070885
227.0,227,22.110778
182.0,182,22.142806
265.0,265,22.189097
205.0,205,22.301158
387.0,387,22.370363
273.0,273,22.419253
236.0,236,22.460746
209.0,209,22.498021
230.0,230,22.538511
294.0,294,22.590953
225.0,225,22.630798
336.0,336,22.780469
273.0,273,22.836065
271.0,271,22.892425
228.0,228,22.938802
276.0,276,22.999187
347.0,347,23.07422
386.0,386,23.243261
226.0,226,23.286157
320.0,320,23.345146
222.0,222,23.388025
206.0,206,23.426409
240.0,240,23.470728
224.0,224,23.511944
227.0,227,23.553179
284.0,284,23.699722
274.0,274,23.749924
215.0,215,23.788376
215.0,215,23.82691
251.0,251,23.87383
248.0,248,23.919477
226.0,226,23.960589
198.0,198,23.996412
200.0,200,24.032698
214.0,214,24.154018
238.0,238,24.19668
272.0,272,24.245046
327.0,327,24.303571
215.0,215,24.342332
204.0,204,24.379587
214.0,214,24.420211
208.0,208,24.458046
190.0,190,24.49266
192.0,192,24.605077
280.0,280,24.6554
242.0,242,24.699085
238.0,238,24.742207
193.0,193,24.776881
208.0,208,24.814195
301.0,301,24.868038
198.0,198,24.905994
255.0,255,25.040991
206.0,206,25.083451
262.0,262,25.135606
266.0,266,25.188636
220.0,220,25.233612
254.0,254,25.286606
188.0,188,25.326812
213.0,213,25.371951
226.0,226,25.418564
209.0,209,25.548597
184.0,184,25.584037
204.0,204,25.621781
183.0,183,25.655441
248.0,248,25.702754
287.0,287,25.755654
204.0,204,25.793225
197.0,197,25.828505
221.0,221,25.867851
267.0,267,26.004221
177.0,177,26.035924
205.0,205,26.073027
207.0,207,26.11022
240.0,240,26.152835
238.0,238,26.19814
208.0,208,26.236202
192.0,192,26.272492
222.0,222,26.314323
225.0,225,26.418264
332.0,332,26.484345
207.0,207,26.521315
234.0,234,26.563393
210.0,210,26.600514
375.0,375,26.668188
203.0,203,26.705012
256.0,256,26.75066
190.0,190,26.860003
195.0,195,26.901721
191.0,191,26.94055
195.0,195,26.980097
193.0,193,27.019196
234.0,234,27.066643
243.0,243,27.116444
239.0,239,27.166282
196.0,196,27.207307
210.0,210,27.250661
237.0,237,27.374951
326.0,326,27.462827
217.0,217,27.5046
230.0,230,27.549365
221.0,221,27.590419
203.0,203,27.628352
243.0,243,27.673456
205.0,205,27.710683
308.0,308,27.831645
181.0,181,27.865285
190.0,190,27.900156
225.0,225,27.941101
177.0,177,27.97328
218.0,218,28.013523
242.0,242,28.059697
190.0,190,28.094302
280.0,280,28.144822
187.0,187,28.17748
195.0,195,28.29219
212.0,212,28.330864
180.0,180,28.363867
355.0,355,28.428343
205.0,205,28.46502
199.0,199,28.501593
242.0,242,28.544777
243.0,243,28.588839
251.0,251,28.720596
214.0,214,28.788602
201.0,201,28.831239
211.0,211,28.873503
207.0,207,28.914634
205.0,205,28.956808
204.0,204,28.999872
197.0,197,29.042352
208.0,208,29.088105
265.0,265,29.144773
179.0,179,29.261247
232.0,232,29.30882
189.0,189,29.343624
214.0,214,29.383114
249.0,249,29.429126
205.0,205,29.466569
191.0,191,29.501394
214.0,214,29.540111
216.0,216,29.57929
247.0,247,29.694819
179.0,179,29.728687
289.0,289,29.780657
221.0,221,29.820212
235.0,235,29.862953
238.0,238,29.907466
223.0,223,29.94935
190.0,190,29.984392
199.0,199,30.020669
182.0,182,30.129334
190.0,190,30.163745
234.0,234,30.206422
205.0,205,30.243293
371.0,371,30.310638
231.0,231,30.352263
255.0,255,30.398134
202.0,202,30.437616
200.0,200,30.474444
217.0,217,30.584204
209.0,209,30.624515
189.0,189,30.660024
220.0,220,30.700621
198.0,198,30.736474
185.0,185,30.76948
195.0,195,30.8044
279.0,279,30.855219
211.0,211,30.89348
203.0,203,31.005005
264.0,264,31.060133
255.0,255,31.111792
232.0,232,31.160357
221.0,221,31.204654
267.0,267,31.260149
303.0,303,31.323239
291.0,291,31.386528
205.0,205,31.503499
219.0,219,31.551255
269.0,269,31.605056
247.0,247,31.650926
215.0,215,31.689941
198.0,198,31.726365
187.0,187,31.760518
169.0,169,31.791211
214.0,214,31.829477
228.0,228,31.942697
257.0,257,31.990621
234.0,234,32.032938
202.0,202,32.06983
330.0,330,32.129899
184.0,184,32.163132
197.0,197,32.198664
267.0,267,32.246837
212.0,212,32.285139
256.0,256,32.410254
233.0,233,32.452265
203.0,203,32.489252
229.0,229,32.530446
175.0,175,32.562261
210.0,210,32.602012
295.0,295,32.655213
211.0,211,32.693622
226.0,226,32.7372
217.0,217,32.845902
225.0,225,32.886771
178.0,178,32.919321
202.0,202,32.955938
181.0,181,32.988898
212.0,212,33.027347
285.0,285,33.079429
255.0,255,33.128515
192.0,192,33.163652
223.0,223,33.310359
194.0,194,33.351461
230.0,230,33.398031
201.0,201,33.438358
182.0,182,33.476217
209.0,209,33.519823
205.0,205,33.562687
239.0,239,33.612737
234.0,234,33.66134
206.0,206,33.784162
255.0,255,33.850895
286.0,286,33.904078
180.0,180,33.937144
270.0,270,33.98699
252.0,252,34.032833
259.0,259,34.080203
297.0,297,34.134521
214.0,214,34.238141
279.0,279,34.289994
222.0,222,34.330571
278.0,278,34.380861
234.0,234,34.423826
208.0,208,34.462528
221.0,221,34.504128
264.0,264,34.552653
224.0,224,34.594325
206.0,206,34.705407
255.0,255,34.751924
200.0,200,34.788192
187.0,187,34.824136
229.0,229,34.865841
238.0,238,34.909023
390.0,390,34.981128
219.0,219,35.021587
207.0,207,35.133889
216.0,216,35.177426
224.0,224,35.223465
198.0,198,35.263049
182.0,182,35.300285
225.0,225,35.346847
246.0,246,35.397336
206.0,206,35.441556
200.0,200,35.484624
239.0,239,35.617579
328.0,328,35.689299
193.0,193,35.725567
208.0,208,35.764325
211.0,211,35.804029
240.0,240,35.847963
356.0,356,35.912838
174.0,174,35.944121
232.0,232,36.06358
255.0,255,36.111389
271.0,271,36.160832
193.0,193,36.195853
215.0,215,36.234965
234.0,234,36.277389
189.0,189,36.310961
230.0,230,36.352368
275.0,275,36.401829
284.0,284,36.533515
209.0,209,36.572253
199.0,199,36.608588
250.0,250,36.653864
202.0,202,36.690927
267.0,267,36.738727
205.0,205,36.775966
243.0,243,36.81977
339.0,339,36.950821
198.0,198,36.988549
264.0,264,37.037628
224.0,224,37.078513
291.0,291,37.131344
236.0,236,37.173834
309.0,309,37.233979
315.0,315,37.291577
405.0,405,37.453387
205.0,205,37.494105
237.0,237,37.54187
185.0,185,37.579126
247.0,247,37.628844
187.0,187,37.669074
212.0,212,37.716304
187.0,187,37.755901
202.0,202,37.798064
207.0,207,37.946433
246.0,246,37.993104
253.0,253,38.040866
250.0,250,38.086624
207.0,207,38.124942
207.0,207,38.163348
251.0,251,38.209315
198.0,198,38.245308
181.0,181,38.278591
269.0,269,38.404069
320.0,320,38.463319
233.0,233,38.50694
205.0,205,38.544483
297.0,297,38.598309
187.0,187,38.63256
203.0,203,38.669327
184.0,184,38.702693
179.0,179,38.808371
263.0,263,38.85915
256.0,256,38.905566
192.0,192,38.9412
213.0,213,38.980345
254.0,254,39.027154
206.0,206,39.067526
192.0,192,39.103203
206.0,206,39.141047
268.0,268,39.254946
179.0,179,39.287948
281.0,281,39.340944
221.0,221,39.38399
185.0,185,39.420881
188.0,188,39.458541
193.0,193,39.498259
186.0,186,39.534564
175.0,175,39.57355
250.0,250,39.625659
188.0,188,39.736726
201.0,201,39.780314
206.0,206,39.824739
181.0,181,39.862982
254.0,254,39.913258
196.0,196,39.949612
270.0,270,39.999667
206.0,206,40.03805
256.0,256,40.085257
195.0,195,40.186269
189.0,189,40.221443
168.0,168,40.252431
191.0,191,40.287793
222.0,222,40.32793
164.0,164,40.358437
210.0,210,40.396723
209.0,209,40.434571
234.0,234,40.476797
259.0,259,40.523715
201.0,201,40.621483
175.0,175,40.65384
180.0,180,40.686726
183.0,183,40.720149
245.0,245,40.764049
189.0,189,40.797929
226.0,226,40.839098
185.0,185,40.872261
174.0,174,40.903942
210.0,210,40.941489
224.0,224,41.046544
202.0,202,41.083889
213.0,213,41.122439
208.0,208,41.160045
285.0,285,41.211922
195.0,195,41.247441
190.0,190,41.283179
263.0,263,41.334557
185.0,185,41.368938
210.0,210,41.473032
201.0,201,41.511428
168.0,168,41.542044
205.0,205,41.578837
276.0,276,41.628614
200.0,200,41.664767
185.0,185,41.698493
202.0,202,41.735142
182.0,182,41.768319
177.0,177,41.80261
223.0,223,41.914748
229.0,229,41.961389
190.0,190,41.999288
172.0,172,42.034813
180.0,180,42.069995
262.0,262,42.124924
170.0,170,42.160124
196.0,196,42.202475
231.0,231,42.250942
197.0,197,42.291984
199.0,199,42.403268
173.0,173,42.436056
188.0,188,42.47102
162.0,162,42.501607
253.0,253,42.548476
181.0,181,42.581857
181.0,181,42.615526
198.0,198,42.650921
263.0,263,42.698697
180.0,180,42.731368
215.0,215,42.835493
178.0,178,42.86806
166.0,166,42.898316
218.0,218,42.937758
250.0,250,42.983255
201.0,201,43.019496
201.0,201,43.055469
212.0,212,43.093873
208.0,208,43.132055
230.0,230,43.238254
199.0,199,43.275521
270.0,270,43.326587
191.0,191,43.361977
209.0,209,43.400031
183.0,183,43.433618
179.0,179,43.465729
202.0,202,43.503928
181.0,181,43.538568
248.0,248,43.584
211.0,211,43.695724
205.0,205,43.733845
186.0,186,43.768569
170.0,170,43.799236
219.0,219,43.838869
219.0,219,43.878622
181.0,181,43.911048
219.0,219,43.951024
188.0,188,43.984763
192.0,192,44.023282
210.0,210,44.135989
266.0,266,44.190958
235.0,235,44.239296
166.0,166,44.274262
189.0,189,44.337262
163.0,163,44.372021
185.0,185,44.410816
172.0,172,44.445482
172.0,172,44.483055
184.0,184,44.522114
179.0,179,44.560932
192.0,192,44.659436
203.0,203,44.697794
180.0,180,44.731111
181.0,181,44.764087
318.0,318,44.822691
179.0,179,44.855967
171.0,171,44.887371
199.0,199,44.923718
204.0,204,44.960882
160.0,160,44.989643
213.0,213,45.086108
215.0,215,45.125356
199.0,199,45.160671
390.0,390,45.231685
216.0,216,45.27059
178.0,178,45.30236
181.0,181,45.336005
190.0,190,45.370378
203.0,203,45.407282
182.0,182,45.503709
180.0,180,45.536991
205.0,205,45.57455
189.0,189,45.608816
166.0,166,45.638873
203.0,203,45.676556
182.0,182,45.712653
191.0,191,45.748389
204.0,204,45.786106
207.0,207,45.824054
189.0,189,45.923645
187.0,187,45.95848
211.0,211,45.996921
182.0,182,46.029556
203.0,203,46.066451
206.0,206,46.103906
173.0,173,46.13707
224.0,224,46.178902
215.0,215,46.22012
178.0,178,46.253754
196.0,196,46.350438
180.0,180,46.387775
224.0,224,46.432744
202.0,202,46.474151
163.0,163,46.507949
176.0,176,46.544109
191.0,191,46.582764
190.0,190,46.62263
196.0,196,46.663302
200.0,200,46.705123
178.0,178,46.740457
190.0,190,46.851988
202.0,202,46.891752
179.0,179,46.925558
198.0,198,46.962126
181.0,181,46.996353
199.0,199,47.032659
284.0,284,47.084644
193.0,193,47.120326
196.0,196,47.156599
183.0,183,47.189827
205.0,205,47.2828
182.0,182,47.316559
162.0,162,47.346633
170.0,170,47.377711
237.0,237,47.420837
192.0,192,47.455943
172.0,172,47.487064
184.0,184,47.520409
196.0,196,47.555656
270.0,270,47.604383
181.0,181,47.712227
221.0,221,47.752817
193.0,193,47.788294
229.0,229,47.829148
256.0,256,47.875471
207.0,207,47.915958
235.0,235,47.960358
244.0,244,48.005585
211.0,211,48.044679
180.0,180,48.13818
221.0,221,48.178331
206.0,206,48.216618
218.0,218,48.255757
218.0,218,48.295636
218.0,218,48.334969
193.0,193,48.370233
188.0,188,48.405096
184.0,184,48.439029
190.0,190,48.473801
210.0,210,48.583938
211.0,211,48.627419
178.0,178,48.663929
187.0,187,48.702147
228.0,228,48.747626
197.0,197,48.787286
171.0,171,48.823598
188.0,188,48.862384
218.0,218,48.906949
208.0,208,48.950283
175.0,175,49.05999
208.0,208,49.130252
200.0,200,49.167809
173.0,173,49.200078
189.0,189,49.234927
191.0,191,49.270453
200.0,200,49.306962
185.0,185,49.340472
187.0,187,49.374392
273.0,273,49.423901
186.0,186,49.517871
176.0,176,49.550434
169.0,169,49.581223
183.0,183,49.614724
193.0,193,49.649536
186.0,186,49.683646
174.0,174,49.714917
189.0,189,49.749
179.0,179,49.781711
174.0,174,49.813415
166.0,166,49.843178
216.0,216,49.945198
168.0,168,49.976434
182.0,182,50.009618
205.0,205,50.047997
222.0,222,50.089158
214.0,214,50.128546
186.0,186,50.161972
192.0,192,50.197179
172.0,172,50.22882
202.0,202,50.26585
207.0,207,50.363983
195.0,195,50.400932
198.0,198,50.438732
167.0,167,50.471976
204.0,204,50.512721
176.0,176,50.548902
200.0,200,50.58981
163.0,163,50.621924
170.0,170,50.657272
223.0,223,50.704973
192.0,192,50.745936
185.0,185,50.861397
179.0,179,50.900522
199.0,199,50.942785
198.0,198,50.984249
198.0,198,51.020903
220.0,220,51.061196
184.0,184,51.094901
202.0,202,51.132017
193.0,193,51.167171
203.0,203,51.205004
190.0,190,51.299583
180.0,180,51.33371
167.0,167,51.364492
175.0,175,51.396876
216.0,216,51.43637
181.0,181,51.471514
216.0,216,51.513066
193.0,193,51.548394
195.0,195,51.584344
182.0,182,51.617878
207.0,207,51.655607
185.0,185,51.754546
233.0,233,51.797433
193.0,193,51.832562
188.0,188,51.867287
208.0,208,51.905212
211.0,211,51.94427
227.0,227,51.986088
205.0,205,52.025565
160.0,160,52.05498
180.0,180,52.087828
227.0,227,52.197079
191.0,191,52.232006
221.0,221,52.272699
234.0,234,52.314868
225.0,225,52.354886
228.0,228,52.396023
189.0,189,52.431703
209.0,209,52.47061
200.0,200,52.50707
202.0,202,52.615281
176.0,176,52.652397
173.0,173,52.68679
173.0,173,52.720852
189.0,189,52.759582
171.0,171,52.794061
206.0,206,52.836179
196.0,196,52.876507
194.0,194,52.918002
201.0,201,52.959648
230.0,230,53.008156
181.0,181,53.111571
214.0,214,53.15261
195.0,195,53.188932
196.0,196,53.225246
245.0,245,53.270136
202.0,202,53.307143
184.0,184,53.340885
184.0,184,53.374556
215.0,215,53.414121
175.0,175,53.446022
203.0,203,53.546295
173.0,173,53.577959
246.0,246,53.624889
198.0,198,53.660902
201.0,201,53.697596
220.0,220,53.738104
185.0,185,53.772715
188.0,188,53.807127
210.0,210,53.845659
177.0,177,53.879554
196.0,196,53.976573
158.0,158,54.005433
188.0,188,54.03974
189.0,189,54.073804
217.0,217,54.113585
221.0,221,54.153244
186.0,186,54.186611
318.0,318,54.244594
187.0,187,54.278277
210.0,210,54.380199
171.0,171,54.416068
179.0,179,54.452887
197.0,197,54.492618
177.0,177,54.528407
188.0,188,54.58744
174.0,174,54.623199
189.0,189,54.662335
171.0,171,54.698129
167.0,167,54.734736
171.0,171,54.772861
177.0,177,54.874372
199.0,199,54.920836
177.0,177,54.957669
201.0,201,54.995747
194.0,194,55.033121
179.0,179,55.066901
162.0,162,55.096623
165.0,165,55.127884
199.0,199,55.165003
185.0,185,55.199302
165.0,165,55.229209
194.0,194,55.333749
216.0,216,55.374244
179.0,179,55.406723
228.0,228,55.448176
202.0,202,55.485107
234.0,234,55.528052
188.0,188,55.562542
347.0,347,55.626497
185.0,185,55.660504
172.0,172,55.691872
180.0,180,55.789019
174.0,174,55.821574
216.0,216,55.860983
226.0,226,55.901771
177.0,177,55.933604
209.0,209,55.972144
204.0,204,56.00922
212.0,212,56.047735
170.0,170,56.078313
194.0,194,56.11505
209.0,209,56.220602
210.0,210,56.259512
191.0,191,56.29474
189.0,189,56.329431
172.0,172,56.360504
206.0,206,56.398133
186.0,186,56.431909
180.0,180,56.465427
175.0,175,56.499969
271.0,271,56.549301
173.0,173,56.64996
169.0,169,56.685035
183.0,183,56.721766
161.0,161,56.753641
135.0,135,56.782262
161.0,161,56.814338
214.0,214,56.858143
179.0,179,56.896536
154.0,154,56.928819
205.0,205,56.97195
149.0,149,57.004299
189.0,189,57.043877
173.0,173,57.137304
156.0,156,57.17082
143.0,143,57.197418
171.0,171,57.229067
147.0,147,57.255839
195.0,195,57.293693
156.0,156,57.322993
152.0,152,57.351335
146.0,146,57.378713
145.0,145,57.405593
171.0,171,57.437056
166.0,166,57.467163
152.0,152,57.546048
175.0,175,57.57886
177.0,177,57.611203
195.0,195,57.646674
164.0,164,57.676749
168.0,168,57.707556
167.0,167,57.738022
150.0,150,57.765421
164.0,164,57.795814
154.0,154,57.824696
142.0,142,57.850637
172.0,172,57.88217
162.0,162,57.968655
177.0,177,58.001496
158.0,158,58.030526
173.0,173,58.06232
188.0,188,58.096642
176.0,176,58.128918
161.0,161,58.158433
168.0,168,58.189243
163.0,163,58.221122
180.0,180,58.25567
167.0,167,58.286025
174.0,174,58.318249
157.0,157,58.402057
173.0,173,58.433831
174.0,174,58.465974
137.0,137,58.491012
157.0,157,58.519957
170.0,170,58.551414
155.0,155,58.580139
152.0,152,58.608015
171.0,171,58.638819
173.0,173,58.670537
158.0,158,58.699166
175.0,175,58.731704
161.0,161,58.828148
189.0,189,58.866646
156.0,156,58.897625
168.0,168,58.93117
231.0,231,58.977227
31.0,31,58.983218
153.0,153,59.013271
177.0,177,59.048901
169.0,169,59.083501
193.0,193,59.125343
171.0,171,59.161462
158.0,158,59.193668
166.0,166,59.289799
190.0,190,59.333315
161.0,161,59.363935
166.0,166,59.394623
188.0,188,59.429481
172.0,172,59.461205
166.0,166,59.49303
148.0,148,59.520806
179.0,179,59.553721
161.0,161,59.583065
166.0,166,59.614118
174.0,174,59.645533
193.0,193,59.738403
157.0,157,59.766924
178.0,178,59.79915
143.0,143,59.825289
150.0,150,59.852575
165.0,165,59.882704
186.0,186,59.916291
165.0,165,59.946523
151.0,151,59.973958
142.0,142,60.000289
161.0,161,60.029737
149.0,149,60.056952
169.0,169,60.145263
182.0,182,60.179325
171.0,171,60.211022
168.0,168,60.241571
142.0,142,60.309331
177.0,177,60.344181
162.0,162,60.375661
151.0,151,60.404897
177.0,177,60.441855
156.0,156,60.480615
183.0,183,60.514372
171.0,171,60.546274
162.0,162,60.628628
164.0,164,60.659948
176.0,176,60.692599
150.0,150,60.720252
185.0,185,60.754587
177.0,177,60.787473
171.0,171,60.818636
170.0,170,60.84924
158.0,158,60.878075
163.0,163,60.907605
168.0,168,60.939181
183.0,183,60.972773
188.0,188,61.061178
167.0,167,61.094973
153.0,153,61.12666
132.0,132,61.152698
158.0,158,61.184775
183.0,183,61.221788
146.0,146,61.250462
177.0,177,61.285206
176.0,176,61.32142
144.0,144,61.351585
178.0,178,61.38867
172.0,172,61.424533
149.0,149,61.455215
159.0,159,61.580624
146.0,146,61.612032
146.0,146,61.640061
137.0,137,61.665171
139.0,139,61.690932
163.0,163,61.723587
147.0,147,61.750837
159.0,159,61.780228
182.0,182,61.81417
153.0,153,61.842551
174.0,174,61.874004
159.0,159,61.90299
158.0,158,61.982177
164.0,164,62.013524
173.0,173,62.04493
144.0,144,62.071213
149.0,149,62.098382
160.0,160,62.127383
168.0,168,62.158014
152.0,152,62.185906
166.0,166,62.21749
175.0,175,62.250461
152.0,152,62.279114
139.0,139,62.304903
156.0,156,62.333411
136.0,136,62.409365
158.0,158,62.439548
157.0,157,62.468549
145.0,145,62.495288
150.0,150,62.523283
145.0,145,62.550251
178.0,178,62.582696
146.0,146,62.609753
144.0,144,62.636207
146.0,146,62.662684
168.0,168,62.693528
149.0,149,62.720972
183.0,183,62.754949
142.0,142,62.836003
164.0,164,62.869323
150.0,150,62.899453
155.0,155,62.931127
155.0,155,62.962403
170.0,170,62.997223
192.0,192,63.035518
167.0,167,63.070569
155.0,155,63.102344
160.0,160,63.136017
172.0,172,63.171339
144.0,144,63.202331
149.0,149,63.233528
139.0,139,63.326848
143.0,143,63.363257
152.0,152,63.403306
156.0,156,63.432672
147.0,147,63.459581
158.0,158,63.488922
137.0,137,63.513957
158.0,158,63.543193
148.0,148,63.570408
155.0,155,63.598298
144.0,144,63.624372
137.0,137,63.649611
153.0,153,63.677253
142.0,142,63.750892
128.0,128,63.77494
176.0,176,63.807581
141.0,141,63.833519
149.0,149,63.860582
133.0,133,63.884758
154.0,154,63.913134
158.0,158,63.941993
134.0,134,63.968822
138.0,138,63.994335
131.0,131,64.018791
154.0,154,64.046818
124.0,124,64.069751
164.0,164,64.10043
127.0,127,64.169675
154.0,154,64.198215
144.0,144,64.224631
135.0,135,64.249054
163.0,163,64.278811
161.0,161,64.308213
132.0,132,64.332203
134.0,134,64.356758
138.0,138,64.381733
136.0,136,64.406539
141.0,141,64.432451
152.0,152,64.460726
147.0,147,64.487468
154.0,154,64.515768
138.0,138,64.587656
146.0,146,64.615182
144.0,144,64.642273
140.0,140,64.668216
149.0,149,64.695677
139.0,139,64.721394
145.0,145,64.748495
154.0,154,64.777357
149.0,149,64.804719
145.0,145,64.831036
151.0,151,64.858949
149.0,149,64.886102
143.0,143,64.912345
142.0,142,64.938083
130.0,130,65.011234
152.0,152,65.049074
147.0,147,65.086351
163.0,163,65.121853
156.0,156,65.155603
147.0,147,65.187544
175.0,175,65.225747
161.0,161,65.260201
143.0,143,65.291155
143.0,143,65.323818
137.0,137,65.353526
147.0,147,65.386406
135.0,135,65.416411
129.0,129,65.499982
133.0,133,65.529934
151.0,151,65.564603
142.0,142,65.599218
132.0,132,65.629663
151.0,151,65.668305
129.0,129,65.69739
142.0,142,65.724615
132.0,132,65.749515
141.0,141,65.775565
128.0,128,65.799389
127.0,127,65.823344
142.0,142,65.849191
134.0,134,65.874102
137.0,137,65.899207
145.0,145,65.972615
150.0,150,66.000406
144.0,144,66.027087
136.0,136,66.052104
136.0,136,66.076687
132.0,132,66.100852
135.0,135,66.125275
132.0,132,66.14919
124.0,124,66.171845
134.0,134,66.196917
144.0,144,66.223352
128.0,128,66.246747
131.0,131,66.270856
142.0,142,66.297051
138.0,138,66.368026
122.0,122,66.390751
135.0,135,66.416135
136.0,136,66.441155
144.0,144,66.468136
135.0,135,66.495372
147.0,147,66.523435
127.0,127,66.547131
137.0,137,66.572329
143.0,143,66.598603
130.0,130,66.623326
136.0,136,66.64917
137.0,137,66.674329
159.0,159,66.703923
139.0,139,66.731675
136.0,136,66.801018
133.0,133,66.826184
144.0,144,66.852893
132.0,132,66.877081
130.0,130,66.900923
132.0,132,66.925316
132.0,132,66.949936
131.0,131,66.974206
143.0,143,67.000994
143.0,143,67.02679
136.0,136,67.051452
141.0,141,67.077384
141.0,141,67.102651
124.0,124,67.124914
138.0,138,67.149683
140.0,140,67.220481
132.0,132,67.247675
131.0,131,67.276339
133.0,133,67.304009
135.0,135,67.33137
137.0,137,67.358892
138.0,138,67.38716
122.0,122,67.411253
136.0,136,67.438719
148.0,148,67.469376
148.0,148,67.499345
136.0,136,67.528396
134.0,134,67.560294
124.0,124,67.587697
131.0,131,67.665877
143.0,143,67.69648
136.0,136,67.725209
128.0,128,67.756294
127.0,127,67.782462
118.0,118,67.804707
129.0,129,67.828274
112.0,112,67.849089
130.0,130,67.873472
122.0,122,67.898334
129.0,129,67.922695
131.0,131,67.947301
18.0,18,67.95046
117.0,117,67.972472
122.0,122,67.994785
130.0,130,68.019004
131.0,131,68.042792
126.0,126,68.106673
122.0,122,68.129458
126.0,126,68.152976
133.0,133,68.177151
117.0,117,68.198471
131.0,131,68.222245
129.0,129,68.24563
116.0,116,68.266672
128.0,128,68.289973
124.0,124,68.312502
137.0,137,68.337516
123.0,123,68.359651
121.0,121,68.381931
124.0,124,68.404965
111.0,111,68.424927
122.0,122,68.447749
129.0,129,68.509938
122.0,122,68.5333
125.0,125,68.556347
126.0,126,68.579576
123.0,123,68.602342
135.0,135,68.627191
122.0,122,68.649259
133.0,133,68.674122
121.0,121,68.696187
124.0,124,68.718905
118.0,118,68.740166
125.0,125,68.763311
121.0,121,68.785414
121.0,121,68.809142
132.0,132,68.833974
113.0,113,68.854626
132.0,132,68.916932
124.0,124,68.940228
116.0,116,68.961818
120.0,120,68.98433
123.0,123,69.007129
123.0,123,69.030069
115.0,115,69.051501
117.0,117,69.073196
115.0,115,69.094636
123.0,123,69.116991
128.0,128,69.140312
13.0,13,69.143045
115.0,115,69.163764
115.0,115,69.185091
129.0,129,69.20886
116.0,116,69.22974
124.0,124,69.252588
120.0,120,69.274451
132.0,132,69.343463
14.0,14,69.34656
116.0,116,69.37005
128.0,128,69.396975
120.0,120,69.420842
124.0,124,69.446517
115.0,115,69.46943
14.0,14,69.471849
126.0,126,69.498153
122.0,122,69.522085
117.0,117,69.545699
129.0,129,69.572129
114.0,114,69.595627
115.0,115,69.618305
123.0,123,69.644657
116.0,116,69.669243
127.0,127,69.695775
123.0,123,69.72278
131.0,131,69.796726
111.0,111,69.821006
117.0,117,69.846704
124.0,124,69.87329
127.0,127,69.897164
120.0,120,69.919347
115.0,115,69.940416
118.0,118,69.963343
111.0,111,69.985187
131.0,131,70.009394
17.0,17,70.012863
118.0,118,70.034819
119.0,119,70.056933
115.0,115,70.078491
119.0,119,70.10029
114.0,114,70.121377
120.0,120,70.143474
115.0,115,70.200435
114.0,114,70.222377
111.0,111,70.24305
115.0,115,70.264362
120.0,120,70.286224
123.0,123,70.308431
118.0,118,70.330111
126.0,126,70.353022
16.0,16,70.35602
117.0,117,70.377596
112.0,112,70.397953
124.0,124,70.420483
119.0,119,70.441927
113.0,113,70.462899
116.0,116,70.484724
119.0,119,70.506385
113.0,113,70.527682
114.0,114,70.54857
126.0,126,70.609192
117.0,117,70.631484
118.0,118,70.653269
124.0,124,70.676119
15.0,15,70.679039
116.0,116,70.700406
121.0,121,70.722346
17.0,17,70.72579
119.0,119,70.747398
118.0,118,70.769257
118.0,118,70.790512
127.0,127,70.814016
117.0,117,70.835662
119.0,119,70.857772
118.0,118,70.879703
127.0,127,70.902619
112.0,112,70.923061
121.0,121,70.945568
114.0,114,70.967263
119.0,119,71.021444
115.0,115,71.043979
112.0,112,71.064849
119.0,119,71.086832
15.0,15,71.089867
117.0,117,71.111544
118.0,118,71.133573
109.0,109,71.153588
111.0,111,71.17396
16.0,16,71.176977
117.0,117,71.198512
127.0,127,71.22218
116.0,116,71.243545
15.0,15,71.246616
121.0,121,71.2691
111.0,111,71.289646
116.0,116,71.31076
118.0,118,71.332125
119.0,119,71.354977
115.0,115,71.37794
121.0,121,71.436916
126.0,126,71.462714
116.0,116,71.492247
119.0,119,71.518198
15.0,15,71.521564
114.0,114,71.544361
109.0,109,71.566347
116.0,116,71.589489
117.0,117,71.613778
15.0,15,71.616929
15.0,15,71.619968
121.0,121,71.644606
117.0,117,71.669893
107.0,107,71.692946
15.0,15,71.695792
123.0,123,71.722064
114.0,114,71.74619
115.0,115,71.769895
109.0,109,71.793508
102.0,102,71.815192
114.0,114,71.885324
110.0,110,71.910057
104.0,104,71.930724
116.0,116,71.952498
111.0,111,71.972897
101.0,101,71.991537
18.0,18,71.995129
115.0,115,72.015863
110.0,110,72.036277
115.0,115,72.057411
110.0,110,72.077581
108.0,108,72.097414
110.0,110,72.117748
103.0,103,72.136324
109.0,109,72.156627
107.0,107,72.175999
14.0,14,72.178803
109.0,109,72.198769
107.0,107,72.218173
113.0,113,72.238696
19.0,19,72.242256
18.0,18,72.245271
109.0,109,72.300798
16.0,16,72.303789
14.0,14,72.306182
102.0,102,72.325658
103.0,103,72.344543
111.0,111,72.36523
118.0,118,72.387026
106.0,106,72.406125
105.0,105,72.425432
106.0,106,72.444957
18.0,18,72.448078
111.0,111,72.468618
105.0,105,72.487682
106.0,106,72.50717
115.0,115,72.528197
106.0,106,72.547511
122.0,122,72.596596
22.0,22,72.601364
15.0,15,72.604425
106.0,106,72.624139
19.0,19,72.627892
20.0,20,72.631536
108.0,108,72.651861
16.0,16,72.654845
104.0,104,72.674351
103.0,103,72.717403
107.0,107,72.7383
18.0,18,72.741494
13.0,13,72.743823
115.0,115,72.765099
105.0,105,72.784151
10.0,10,72.786255
16.0,16,72.789264
19.0,19,72.792844
13.0,13,72.7951
15.0,15,72.797999
14.0,14,72.800396
16.0,16,72.803372
113.0,113,72.82389
108.0,108,72.843707
104.0,104,72.862661
112.0,112,72.883178
10.0,10,72.885292
113.0,113,72.905862
102.0,102,72.92463
16.0,16,72.927604
16.0,16,72.930612
18.0,18,72.933883
17.0,17,72.936793
112.0,112,72.957149
113.0,113,72.977998
117.0,117,72.999185
13.0,13,73.001426
17.0,17,73.00486
105.0,105,73.026105
22.0,22,73.030083
18.0,18,73.033662
18.0,18,73.03678
20.0,20,73.040461
18.0,18,73.044065
114.0,114,73.064912
115.0,115,73.098238
9.0,9,73.099943
107.0,107,73.120465
16.0,16,73.123552
13.0,13,73.125857
111.0,111,73.146997
15.0,15,73.149969
26.0,26,73.154615
114.0,114,73.175728
16.0,16,73.178623
113.0,113,73.199391
18.0,18,73.202496
17.0,17,73.205981
17.0,17,73.209032
13.0,13,73.211334
105.0,105,73.230415
19.0,19,73.234024
16.0,16,73.236999
18.0,18,73.24056
18.0,18,73.243668
16.0,16,73.246603
19.0,19,73.250228
15.0,15,73.253217
16.0,16,73.256197
108.0,108,73.2761
19.0,19,73.279288
22.0,22,73.283709
21.0,21,73.287487
16.0,16,73.290452
20.0,20,73.294212
109.0,109,73.314268
18.0,18,73.317793
111.0,111,73.33843
14.0,14,73.340846
109.0,109,73.360846
111.0,111,73.381378
104.0,104,73.400484
18.0,18,73.403962
14.0,14,73.406301
115.0,115,73.427661
15.0,15,73.430477
18.0,18,73.433712
15.0,15,73.436647
109.0,109,73.456491
18.0,18,73.460145
20.0,20,73.463833
113.0,113,73.514844
16.0,16,73.518189
20.0,20,73.521978
18.0,18,73.525083
15.0,15,73.528015
113.0,113,73.549225
107.0,107,73.5708
106.0,106,73.594212
108.0,108,73.615784
15.0,15,73.618591
109.0,109,73.641364
109.0,109,73.662644
16.0,16,73.665878
18.0,18,73.66944
18.0,18,73.673601
23.0,23,73.678316
16.0,16,73.681506
24.0,24,73.687106
18.0,18,73.690484
111.0,111,73.712556
109.0,109,73.734434
20.0,20,73.738334
20.0,20,73.74218
18.0,18,73.746611
15.0,15,73.749294
117.0,117,73.77322
105.0,105,73.794832
19.0,19,73.798848
20.0,20,73.803185
19.0,19,73.806605
17.0,17,73.812074
18.0,18,73.819527
16.0,16,73.825163
29.0,29,73.837927
18.0,18,73.845859
16.0,16,73.85013
16.0,16,73.854181
25.0,25,73.860612
119.0,119,73.890191
13.0,13,73.893222
15.0,15,73.896516
112.0,112,73.920711
15.0,15,73.923888
16.0,16,73.927233
24.0,24,73.955246
14.0,14,73.95823
111.0,111,73.981979
20.0,20,73.986603
107.0,107,74.009728
15.0,15,74.012691
16.0,16,74.016107
110.0,110,74.042138
15.0,15,74.045391
15.0,15,74.0481
12.0,12,74.051471
17.0,17,74.056316
109.0,109,74.07931
15.0,15,74.082721
23.0,23,74.087051
13.0,13,74.089943
112.0,112,74.114961
17.0,17,74.118675
112.0,112,74.142589
108.0,108,74.163086
20.0,20,74.166986
17.0,17,74.170036
14.0,14,74.172828
104.0,104,74.192782
20.0,20,74.196766
114.0,114,74.218858
15.0,15,74.221768
17.0,17,74.224872
111.0,111,74.245929
21.0,21,74.249747
107.0,107,74.269717
112.0,112,74.290575
14.0,14,74.29304
14.0,14,74.295844
108.0,108,74.316012
16.0,16,74.319153
109.0,109,74.339277
13.0,13,74.341619
16.0,16,74.344597
102.0,102,74.37599
16.0,16,74.379088
109.0,109,74.399455
20.0,20,74.403254
113.0,113,74.423951
18.0,18,74.427623
17.0,17,74.430685
18.0,18,74.434315
14.0,14,74.436699
20.0,20,74.44049
111.0,111,74.460886
105.0,105,74.479832
17.0,17,74.482824
18.0,18,74.486417
17.0,17,74.489414
18.0,18,74.492967
18.0,18,74.496097
102.0,102,74.514909
14.0,14,74.517164
17.0,17,74.52008
109.0,109,74.540368
18.0,18,74.543475
104.0,104,74.562633
18.0,18,74.566056
20.0,20,74.56973
16.0,16,74.572637
13.0,13,74.574833
23.0,23,74.579124
21.0,21,74.582887
20.0,20,74.586538
111.0,111,74.606866
20.0,20,74.610519
112.0,112,74.630879
17.0,17,74.633999
20.0,20,74.637656
111.0,111,74.657813
109.0,109,74.677319
15.0,15,74.680179
16.0,16,74.683145
21.0,21,74.686928
14.0,14,74.689221
17.0,17,74.692696
110.0,110,74.712958
18.0,18,74.716701
15.0,15,74.719163
20.0,20,74.722921
19.0,19,74.726617
112.0,112,74.765259
18.0,18,74.769303
108.0,108,74.789507
21.0,21,74.79324
25.0,25,74.797649
22.0,22,74.801978
16.0,16,74.804958
105.0,105,74.824225
20.0,20,74.82786
18.0,18,74.830969
109.0,109,74.851271
16.0,16,74.854261
26.0,26,74.858783
15.0,15,74.861649
18.0,18,74.864785
17.0,17,74.868396
17.0,17,74.87136
106.0,106,74.890852
13.0,13,74.893626
20.0,20,74.897275
22.0,22,74.901425
17.0,17,74.904512
17.0,17,74.907901
112.0,112,74.928558
14.0,14,74.930953
18.0,18,74.934713
21.0,21,74.938554
18.0,18,74.941671
20.0,20,74.9453
22.0,22,74.949651
109.0,109,74.971084
13.0,13,74.973541
13.0,13,74.976387
18.0,18,74.979439
19.0,19,74.983226
17.0,17,74.986337
17.0,17,74.989382
113.0,113,75.010657
108.0,108,75.030445
108.0,108,75.050366
111.0,111,75.0705
116.0,116,75.092075
20.0,20,75.095815
108.0,108,75.115801
14.0,14,75.118661
112.0,112,75.157267
13.0,13,75.159683
19.0,19,75.163221
18.0,18,75.166493
109.0,109,75.187199
16.0,16,75.190243
18.0,18,75.19337
19.0,19,75.19702
15.0,15,75.200007
111.0,111,75.220374
16.0,16,75.223279
19.0,19,75.226774
20.0,20,75.230486
19.0,19,75.234186
19.0,19,75.237798
19.0,19,75.240951
112.0,112,75.261829
27.0,27,75.266936
19.0,19,75.270638
14.0,14,75.273029
18.0,18,75.276653
18.0,18,75.27971
20.0,20,75.283559
16.0,16,75.286547
105.0,105,75.306452
17.0,17,75.309502
18.0,18,75.312642
14.0,14,75.315528
23.0,23,75.31999
20.0,20,75.32369
21.0,21,75.327481
20.0,20,75.331045
13.0,13,75.333468
105.0,105,75.352619
18.0,18,75.356133
15.0,15,75.359067
14.0,14,75.361375
13.0,13,75.363665
110.0,110,75.384111
21.0,21,75.387917
114.0,114,75.409108
18.0,18,75.412303
20.0,20,75.416161
20.0,20,75.419908
18.0,18,75.4234
113.0,113,75.444059
16.0,16,75.446934
18.0,18,75.450058
17.0,17,75.453478
108.0,108,75.473825
21.0,21,75.477622
106.0,106,75.496824
21.0,21,75.501309
18.0,18,75.504497
15.0,15,75.507399
21.0,21,75.511186
101.0,101,75.535988
23.0,23,75.540602
15.0,15,75.543708
17.0,17,75.546954
18.0,18,75.551002
110.0,110,75.572939
107.0,107,75.594548
115.0,115,75.617861
15.0,15,75.62048
17.0,17,75.624239
16.0,16,75.628074
115.0,115,75.65075
19.0,19,75.654618
15.0,15,75.65787
16.0,16,75.661037
17.0,17,75.664232
20.0,20,75.668114
16.0,16,75.672106
20.0,20,75.675925
15.0,15,75.679041
15.0,15,75.682059
15.0,15,75.684696
19.0,19,75.688921
18.0,18,75.692678
19.0,19,75.69609
106.0,106,75.717925
103.0,103,75.738979
23.0,23,75.743029
16.0,16,75.746109
16.0,16,75.7493
16.0,16,75.753162
105.0,105,75.774777
112.0,112,75.798112
17.0,17,75.801505
21.0,21,75.805515
108.0,108,75.828458
114.0,114,75.851419
21.0,21,75.856206
109.0,109,75.878395
109.0,109,75.901482
17.0,17,75.905638
17.0,17,75.909154
15.0,15,75.912218
23.0,23,75.917361
18.0,18,75.921266
20.0,20,75.925493
15.0,15,75.928659
11.0,11,75.930833
108.0,108,75.969491
15.0,15,75.972916
103.0,103,75.995301
14.0,14,75.997976
17.0,17,76.002449
112.0,112,76.026342
18.0,18,76.029736
15.0,15,76.033411
16.0,16,76.036613
107.0,107,76.059685
108.0,108,76.08276
15.0,15,76.085969
17.0,17,76.090364
16.0,16,76.094711
18.0,18,76.098443
107.0,107,76.119427
16.0,16,76.122409
21.0,21,76.126345
17.0,17,76.129492
15.0,15,76.132467
16.0,16,76.135641
18.0,18,76.139281
16.0,16,76.14227
19.0,19,76.145461
23.0,23,76.149838
15.0,15,76.152844
15.0,15,76.15575
20.0,20,76.159484
117.0,117,76.182403
13.0,13,76.184932
18.0,18,76.188899
15.0,15,76.191403
20.0,20,76.195218
22.0,22,76.199644
16.0,16,76.202873
107.0,107,76.222997
20.0,20,76.22671
14.0,14,76.229173
21.0,21,76.233109
112.0,112,76.253695
16.0,16,76.256662
15.0,15,76.259549
112.0,112,76.280098
15.0,15,76.283123
109.0,109,76.30337
106.0,106,76.323101
104.0,104,76.342241
18.0,18,76.345343
15.0,15,76.360314
116.0,116,76.382664
15.0,15,76.385718
14.0,14,76.388067
18.0,18,76.391557
15.0,15,76.39402
17.0,17,76.397521
16.0,16,76.400497
13.0,13,76.40279
17.0,17,76.405795
16.0,16,76.408738
115.0,115,76.43119
111.0,111,76.451356
112.0,112,76.471861
19.0,19,76.475362
16.0,16,76.478692
19.0,19,76.482809
15.0,15,76.485845
19.0,19,76.489501
16.0,16,76.492606
114.0,114,76.514693
17.0,17,76.517811
16.0,16,76.520859
17.0,17,76.524282
112.0,112,76.544986
16.0,16,76.547945
18.0,18,76.550957
19.0,19,76.554601
18.0,18,76.557729
19.0,19,76.561314
17.0,17,76.564341
18.0,18,76.567856
19.0,19,76.571409
22.0,22,76.575272
18.0,18,76.578747
17.0,17,76.58179
18.0,18,76.584853
17.0,17,76.588369
16.0,16,76.591337
103.0,103,76.609837
13.0,13,76.613191
15.0,15,76.615623
20.0,20,76.619331
17.0,17,76.624003
19.0,19,76.627137
15.0,15,76.63003
20.0,20,76.633632
16.0,16,76.636548
15.0,15,76.639384
15.0,15,76.642236
20.0,20,76.645906
18.0,18,76.649002
21.0,21,76.652674
112.0,112,76.672851
18.0,18,76.676333
20.0,20,76.67997
16.0,16,76.682921
15.0,15,76.685947
14.0,14,76.688611
21.0,21,76.692499
17.0,17,76.696057
17.0,17,76.699177
20.0,20,76.703003
11.0,11,76.705096
18.0,18,76.708185
19.0,19,76.711882
106.0,106,76.731221
112.0,112,76.76482
19.0,19,76.768673
111.0,111,76.789533
16.0,16,76.792543
16.0,16,76.795499
13.0,13,76.797772
18.0,18,76.801457
18.0,18,76.804684
16.0,16,76.807679
17.0,17,76.81068
12.0,12,76.812913
16.0,16,76.815888
107.0,107,76.835546
16.0,16,76.83851
106.0,106,76.85828
19.0,19,76.861329
16.0,16,76.864337
15.0,15,76.867304
18.0,18,76.870909
16.0,16,76.873895
106.0,106,76.893283
17.0,17,76.896374
15.0,15,76.899385
16.0,16,76.902455
17.0,17,76.905515
18.0,18,76.90901
17.0,17,76.912005
23.0,23,76.916497
113.0,113,76.937116
20.0,20,76.940782
114.0,114,76.962026
15.0,15,76.96449
20.0,20,76.968237
107.0,107,76.988032
20.0,20,76.991707
15.0,15,76.994574
105.0,105,77.01375
19.0,19,77.017448
13.0,13,77.019767
16.0,16,77.022754
108.0,108,77.04257
17.0,17,77.045549
15.0,15,77.048441
28.0,28,77.053692
16.0,16,77.056638
17.0,17,77.059593
16.0,16,77.062575
108.0,108,77.08246
110.0,110,77.103082
14.0,14,77.105521
13.0,13,77.108426
109.0,109,77.136888
17.0,17,77.140279
17.0,17,77.143652
112.0,112,77.166066
16.0,16,77.169136
18.0,18,77.172843
18.0,18,77.175976
18.0,18,77.179694
22.0,22,77.183863
18.0,18,77.187623
110.0,110,77.207707
15.0,15,77.210734
16.0,16,77.213814
13.0,13,77.216137
16.0,16,77.219117
16.0,16,77.22209
20.0,20,77.225683
111.0,111,77.245871
29.0,29,77.251171
17.0,17,77.254657
18.0,18,77.257709
16.0,16,77.260669
16.0,16,77.263781
14.0,14,77.266696
20.0,20,77.270584
15.0,15,77.27301
109.0,109,77.293227
114.0,114,77.313945
113.0,113,77.334621
15.0,15,77.337526
15.0,15,77.340355
18.0,18,77.343526
15.0,15,77.346442
16.0,16,77.349784
18.0,18,77.353741
20.0,20,77.357805
109.0,109,77.378906
18.0,18,77.382132
21.0,21,77.386504
16.0,16,77.389548
103.0,103,77.408083
14.0,14,77.410893
109.0,109,77.43089
18.0,18,77.434602
18.0,18,77.437705
109.0,109,77.457576
22.0,22,77.461913
108.0,108,77.481975
20.0,20,77.486005
16.0,16,77.489065
20.0,20,77.492832
23.0,23,77.497151
18.0,18,77.500289
17.0,17,77.520626
13.0,13,77.523632
14.0,14,77.526665
19.0,19,77.530309
18.0,18,77.533669
112.0,112,77.554253
15.0,15,77.557186
26.0,26,77.562171
14.0,14,77.56456
18.0,18,77.568194
18.0,18,77.571357
19.0,19,77.574981
12.0,12,77.577102
15.0,15,77.579903
113.0,113,77.60057
105.0,105,77.619435
18.0,18,77.622928
17.0,17,77.625873
18.0,18,77.629011
15.0,15,77.631895
112.0,112,77.6523
23.0,23,77.656584
107.0,107,77.676357
20.0,20,77.67987
12.0,12,77.682001
21.0,21,77.685757
15.0,15,77.688602
20.0,20,77.692164
15.0,15,77.694595
20.0,20,77.698291
110.0,110,77.718573
15.0,15,77.72146
116.0,116,77.742621
11.0,11,77.74427
106.0,106,77.764408
17.0,17,77.76739
20.0,20,77.7711
20.0,20,77.774808
14.0,14,77.777541
18.0,18,77.780703
22.0,22,77.784919
14.0,14,77.787332
112.0,112,77.807768
20.0,20,77.81144
21.0,21,77.815227
21.0,21,77.819353
110.0,110,77.839136
114.0,114,77.860221
19.0,19,77.86326
20.0,20,77.866997
14.0,14,77.86981
20.0,20,77.873552
16.0,16,77.876488
16.0,16,77.879444
23.0,23,77.883763
20.0,20,77.911374
15.0,15,77.914357
108.0,108,77.93655
15.0,15,77.939676
14.0,14,77.942608
18.0,18,77.945852
16.0,16,77.948967
16.0,16,77.952498
108.0,108,77.974227
19.0,19,77.977956
19.0,19,77.982345
106.0,106,78.003225
107.0,107,78.02439
109.0,109,78.046635
110.0,110,78.069236
15.0,15,78.071822
18.0,18,78.075568
25.0,25,78.080864
18.0,18,78.085144
16.0,16,78.088549
16.0,16,78.091706
112.0,112,78.113419
109.0,109,78.135225
14.0,14,78.138068
18.0,18,78.141909
13.0,13,78.144422
18.0,18,78.148142
20.0,20,78.15237
17.0,17,78.155595
107.0,107,78.177354
111.0,111,78.200173
110.0,110,78.223189
117.0,117,78.247646
113.0,113,78.271046
19.0,19,78.275327
21.0,21,78.279498
17.0,17,78.283114
14.0,14,78.285648
19.0,19,78.289702
16.0,16,78.293702
111.0,111,78.316948
19.0,19,78.352863
21.0,21,78.35828
16.0,16,78.361836
18.0,18,78.36554
116.0,116,78.392983
119.0,119,78.418893
111.0,111,78.44338
19.0,19,78.447293
17.0,17,78.451653
26.0,26,78.456754
115.0,115,78.481112
20.0,20,78.484976
14.0,14,78.487348
113.0,113,78.508961
104.0,104,78.528181
21.0,21,78.531998
21.0,21,78.535787
114.0,114,78.558014
115.0,115,78.579836
26.0,26,78.585076
17.0,17,78.588146
118.0,118,78.610233
22.0,22,78.614298
112.0,112,78.635136
116.0,116,78.656796
106.0,106,78.676593
116.0,116,78.698245
18.0,18,78.701397
18.0,18,78.704896
18.0,18,78.708007
25.0,25,78.712469
116.0,116,78.733769
114.0,114,78.786147
17.0,17,78.789219
13.0,13,78.791562
110.0,110,78.812125
113.0,113,78.832728
18.0,18,78.836299
113.0,113,78.856838
13.0,13,78.859149
126.0,126,78.882276
117.0,117,78.903519
116.0,116,78.924503
16.0,16,78.927426
110.0,110,78.947187
108.0,108,78.967003
111.0,111,78.987489
114.0,114,79.008423
17.0,17,79.011438
14.0,14,79.013803
20.0,20,79.017535
116.0,116,79.038526
112.0,112,79.058728
115.0,115,79.080212
19.0,19,79.084054
109.0,109,79.104042
20.0,20,79.107773
106.0,106,79.127206
109.0,109,79.176475
19.0,19,79.180428
20.0,20,79.184575
116.0,116,79.206384
114.0,114,79.227366
110.0,110,79.247807
118.0,118,79.269357
103.0,103,79.288693
19.0,19,79.292379
110.0,110,79.312369
115.0,115,79.333753
114.0,114,79.354549
21.0,21,79.358784
18.0,18,79.361902
13.0,13,79.364196
17.0,17,79.367789
18.0,18,79.370957
108.0,108,79.39082
111.0,111,79.411402
21.0,21,79.41512
16.0,16,79.418207
113.0,113,79.43859
113.0,113,79.459527
113.0,113,79.480155
18.0,18,79.483369
17.0,17,79.486759
110.0,110,79.506502
114.0,114,79.527277
13.0,13,79.529509
24.0,24,79.53395
22.0,22,79.537764
20.0,20,79.571269
23.0,23,79.57601
120.0,120,79.598712
108.0,108,79.620117
110.0,110,79.641078
105.0,105,79.660364
109.0,109,79.680395
119.0,119,79.702184
21.0,21,79.70594
111.0,111,79.726282
112.0,112,79.746715
19.0,19,79.750428
19.0,19,79.75371
17.0,17,79.75721
111.0,111,79.777637
108.0,108,79.797439
111.0,111,79.818109
16.0,16,79.821073
114.0,114,79.842341
16.0,16,79.845285
21.0,21,79.849125
16.0,16,79.852118
23.0,23,79.856423
18.0,18,79.85954
111.0,111,79.88029
108.0,108,79.899703
21.0,21,79.903382
19.0,19,79.906919
22.0,22,79.910674
117.0,117,79.932154
23.0,23,79.935821
110.0,110,79.988834
110.0,110,80.008812
125.0,125,80.033171
110.0,110,80.055525
116.0,116,80.078385
16.0,16,80.081562
112.0,112,80.104169
111.0,111,80.12602
123.0,123,80.151464
121.0,121,80.175423
110.0,110,80.198186
112.0,112,80.220778
115.0,115,80.244065
113.0,113,80.267457
17.0,17,80.271885
106.0,106,80.294013
119.0,119,80.318808
117.0,117,80.342743
19.0,19,80.347248
124.0,124,80.373677
121.0,121,80.432269
15.0,15,80.435926
113.0,113,80.460185
22.0,22,80.465195
34.0,34,80.472042
114.0,114,80.49679
16.0,16,80.500451
113.0,113,80.524876
16.0,16,80.528033
16.0,16,80.531232
114.0,114,80.557335
117.0,117,80.582052
109.0,109,80.602848
114.0,114,80.623889
113.0,113,80.645037
15.0,15,80.647683
112.0,112,80.668405
115.0,115,80.689515
108.0,108,80.709233
108.0,108,80.728781
25.0,25,80.733168
116.0,116,80.754255
111.0,111,80.774475
13.0,13,80.776701
116.0,116,80.798219
111.0,111,80.856919
22.0,22,80.861236
114.0,114,80.882403
16.0,16,80.885503
106.0,106,80.905279
111.0,111,80.9254
16.0,16,80.928358
120.0,120,80.950427
16.0,16,80.953311
21.0,21,80.957562
110.0,110,80.977559
114.0,114,80.998923
117.0,117,81.020272
120.0,120,81.042265
14.0,14,81.044638
108.0,108,81.064397
124.0,124,81.08729
19.0,19,81.090913
30.0,30,81.096621
19.0,19,81.099879
123.0,123,81.122507
117.0,117,81.143927
20.0,20,81.147597
113.0,113,81.168638
121.0,121,81.190849
107.0,107,81.210569
116.0,116,81.26909
108.0,108,81.28932
109.0,109,81.308948
109.0,109,81.329078
112.0,112,81.34977
117.0,117,81.371024
113.0,113,81.392003
20.0,20,81.395668
120.0,120,81.417966
113.0,113,81.438528
114.0,114,81.459085
19.0,19,81.462722
116.0,116,81.485513
113.0,113,81.507125
113.0,113,81.529061
14.0,14,81.531389
110.0,110,81.552466
113.0,113,81.573316
117.0,117,81.594938
16.0,16,81.597885
110.0,110,81.61836
112.0,112,81.6635
109.0,109,81.684533
113.0,113,81.705009
111.0,111,81.72535
113.0,113,81.745735
122.0,122,81.768048
117.0,117,81.789316
14.0,14,81.791934
124.0,124,81.8169
111.0,111,81.837541
119.0,119,81.85934
122.0,122,81.881611
117.0,117,81.903289
118.0,118,81.925092
113.0,113,81.945762
114.0,114,81.966902
113.0,113,81.98736
114.0,114,82.008256
111.0,111,82.063199
17.0,17,82.066914
107.0,107,82.086654
109.0,109,82.106946
102.0,102,82.125338
111.0,111,82.14566
113.0,113,82.166021
112.0,112,82.188002
115.0,115,82.210804
109.0,109,82.233232
114.0,114,82.255814
117.0,117,82.279598
116.0,116,82.302505
23.0,23,82.307575
11.0,11,82.309434
22.0,22,82.314482
18.0,18,82.318072
118.0,118,82.342151
110.0,110,82.363883
113.0,113,82.38654
112.0,112,82.410117
122.0,122,82.435227
124.0,124,82.501085
113.0,113,82.524407
115.0,115,82.548997
17.0,17,82.552753
110.0,110,82.575595
112.0,112,82.598141
116.0,116,82.622482
121.0,121,82.648526
114.0,114,82.673315
110.0,110,82.696354
109.0,109,82.719146
113.0,113,82.742217
109.0,109,82.762694
112.0,112,82.783732
19.0,19,82.787419
120.0,120,82.809698
19.0,19,82.812865
109.0,109,82.833398
23.0,23,82.837383
121.0,121,82.860288
119.0,119,82.881914
113.0,113,82.942371
115.0,115,82.963406
113.0,113,82.984419
107.0,107,83.003607
123.0,123,83.026303
120.0,120,83.048149
18.0,18,83.051674
113.0,113,83.072244
126.0,126,83.094932
120.0,120,83.116828
112.0,112,83.137177
113.0,113,83.157853
115.0,115,83.178474
107.0,107,83.197952
117.0,117,83.219175
116.0,116,83.240685
121.0,121,83.263499
111.0,111,83.283572
113.0,113,83.343347
114.0,114,83.364468
111.0,111,83.38528
113.0,113,83.40624
107.0,107,83.426382
16.0,16,83.429206
20.0,20,83.432871
21.0,21,83.436626
113.0,113,83.4573
16.0,16,83.460235
106.0,106,83.479887
115.0,115,83.501256
113.0,113,83.521965
18.0,18,83.525078
14.0,14,83.527863
19.0,19,83.531525
23.0,23,83.535454
107.0,107,83.55522
18.0,18,83.558748
112.0,112,83.579485
108.0,108,83.59919
116.0,116,83.620391
114.0,114,83.640825
16.0,16,83.64364
116.0,116,83.664861
116.0,116,83.687266
113.0,113,83.746368
15.0,15,83.749632
105.0,105,83.769589
109.0,109,83.790104
117.0,117,83.811213
110.0,110,83.831844
15.0,15,83.835069
23.0,23,83.839635
112.0,112,83.861027
120.0,120,83.883379
13.0,13,83.885675
113.0,113,83.90627
15.0,15,83.909093
112.0,112,83.929693
112.0,112,83.950494
115.0,115,83.971991
109.0,109,83.991775
111.0,111,84.012372
111.0,111,84.032961
121.0,121,84.055342
108.0,108,84.075232
106.0,106,84.094301
18.0,18,84.097741
111.0,111,84.156513
101.0,101,84.175509
113.0,113,84.196374
107.0,107,84.217601
16.0,16,84.220834
106.0,106,84.241617
115.0,115,84.264131
112.0,112,84.286236
112.0,112,84.307923
113.0,113,84.330877
114.0,114,84.358853
124.0,124,84.394965
124.0,124,84.425143
12.0,12,84.42741
16.0,16,84.430694
115.0,115,84.475769
107.0,107,84.502542
118.0,118,84.527399
115.0,115,84.552863
108.0,108,84.574635
113.0,113,84.63941
107.0,107,84.663417
115.0,115,84.688091
115.0,115,84.715146
111.0,111,84.739659
116.0,116,84.76435
120.0,120,84.789226
15.0,15,84.792637
110.0,110,84.817701
104.0,104,84.841402
116.0,116,84.863345
110.0,110,84.88416
15.0,15,84.886623
112.0,112,84.907468
115.0,115,84.928962
112.0,112,84.94966
123.0,123,84.972741
21.0,21,84.976621
108.0,108,84.996689
120.0,120,85.018525
108.0,108,85.038471
119.0,119,85.096734
118.0,118,85.118717
111.0,111,85.139474
109.0,109,85.159666
109.0,109,85.180197
109.0,109,85.200602
25.0,25,85.205143
117.0,117,85.226411
122.0,122,85.24901
26.0,26,85.253545
16.0,16,85.256384
109.0,109,85.277047
13.0,13,85.279334
111.0,111,85.300067
24.0,24,85.304465
114.0,114,85.325087
110.0,110,85.345637
114.0,114,85.36659
109.0,109,85.386562
109.0,109,85.406711
116.0,116,85.427769
113.0,113,85.486536
14.0,14,85.489143
18.0,18,85.492996
114.0,114,85.51406
113.0,113,85.535649
15.0,15,85.538006
112.0,112,85.558707
19.0,19,85.562271
112.0,112,85.58301
108.0,108,85.602815
123.0,123,85.625711
121.0,121,85.647874
114.0,114,85.669321
116.0,116,85.690874
117.0,117,85.712365
110.0,110,85.732413
108.0,108,85.752406
15.0,15,85.755277
19.0,19,85.758817
108.0,108,85.778798
120.0,120,85.800697
112.0,112,85.820948
18.0,18,85.823988
109.0,109,85.844192
100.0,100,85.895925
114.0,114,85.916796
108.0,108,85.938246
114.0,114,85.959908
119.0,119,85.981381
118.0,118,86.003295
114.0,114,86.023766
119.0,119,86.045601
24.0,24,86.049998
25.0,25,86.054352
112.0,112,86.075017
26.0,26,86.079943
117.0,117,86.101304
35.0,35,86.107508
111.0,111,86.127861
115.0,115,86.14843
110.0,110,86.168809
109.0,109,86.18839
103.0,103,86.207088
106.0,106,86.225858
109.0,109,86.245942
112.0,112,86.328728
21.0,21,86.333076
113.0,113,86.355722
113.0,113,86.378623
103.0,103,86.400275
118.0,118,86.424019
20.0,20,86.427921
15.0,15,86.431001
13.0,13,86.434226
25.0,25,86.439333
115.0,115,86.463185
116.0,116,86.488528
118.0,118,86.513127
112.0,112,86.53591
109.0,109,86.558751
15.0,15,86.561874
109.0,109,86.583559
118.0,118,86.608537
115.0,115,86.632137
108.0,108,86.655036
113.0,113,86.678776
115.0,115,86.703364
113.0,113,86.727079
103.0,103,86.788175
113.0,113,86.812462
113.0,113,86.83615
116.0,116,86.861823
115.0,115,86.886631
106.0,106,86.906403
113.0,113,86.927173
106.0,106,86.946441
127.0,127,86.970369
107.0,107,86.990126
108.0,108,87.01133
116.0,116,87.033028
24.0,24,87.037581
107.0,107,87.05702
110.0,110,87.077682
17.0,17,87.080731
112.0,112,87.101628
108.0,108,87.121604
115.0,115,87.143083
118.0,118,87.199647
116.0,116,87.221596
110.0,110,87.242629
118.0,118,87.263944
108.0,108,87.283593
109.0,109,87.303886
108.0,108,87.323477
20.0,20,87.327076
28.0,28,87.332217
104.0,104,87.351173
116.0,116,87.372448
110.0,110,87.392393
109.0,109,87.412114
116.0,116,87.433224
106.0,106,87.452713
105.0,105,87.471666
117.0,117,87.4928
115.0,115,87.514231
106.0,106,87.534287
111.0,111,87.554372
112.0,112,87.610711
117.0,117,87.632992
110.0,110,87.653331
107.0,107,87.67325
111.0,111,87.69383
106.0,106,87.713292
115.0,115,87.734598
113.0,113,87.755413
107.0,107,87.775389
111.0,111,87.795969
110.0,110,87.815978
18.0,18,87.819508
114.0,114,87.840331
112.0,112,87.86108
110.0,110,87.881715
111.0,111,87.901724
112.0,112,87.922351
119.0,119,87.944226
120.0,120,88.000177
113.0,113,88.021831
111.0,111,88.042574
109.0,109,88.062469
113.0,113,88.083685
15.0,15,88.086121
108.0,108,88.105769
111.0,111,88.126457
110.0,110,88.146833
113.0,113,88.16733
111.0,111,88.187802
113.0,113,88.208493
124.0,124,88.232969
111.0,111,88.254738
107.0,107,88.274303
106.0,106,88.294328
109.0,109,88.31451
108.0,108,88.334532
17.0,17,88.337584
116.0,116,88.358656
108.0,108,88.415441
112.0,112,88.436817
115.0,115,88.457847
111.0,111,88.478208
110.0,110,88.498157
113.0,113,88.519313
112.0,112,88.539608
18.0,18,88.542692
111.0,111,88.563153
18.0,18,88.566345
112.0,112,88.587051
110.0,110,88.60745
107.0,107,88.626912
111.0,111,88.646565
119.0,119,88.668185
109.0,109,88.688686
14.0,14,88.691568
123.0,123,88.714911
115.0,115,88.737682
112.0,112,88.758562
110.0,110,88.818614
123.0,123,88.845052
17.0,17,88.848466
21.0,21,88.85288
125.0,125,88.877542
119.0,119,88.90172
120.0,120,88.926314
114.0,114,88.949057
120.0,120,88.973957
118.0,118,88.997115
112.0,112,89.01918
117.0,117,89.042245
122.0,122,89.067245
110.0,110,89.088726
109.0,109,89.111785
19.0,19,89.115118
108.0,108,89.137907
112.0,112,89.162577
121.0,121,89.188586
116.0,116,89.212367
107.0,107,89.274251
119.0,119,89.300407
107.0,107,89.323237
111.0,111,89.346428
116.0,116,89.373011
112.0,112,89.394883
113.0,113,89.415979
115.0,115,89.437244
17.0,17,89.440309
114.0,114,89.461474
113.0,113,89.482962
119.0,119,89.504332
109.0,109,89.5248
107.0,107,89.544159
111.0,111,89.564568
114.0,114,89.586079
116.0,116,89.607242
112.0,112,89.62787
15.0,15,89.630221
120.0,120,89.6526
113.0,113,89.711187
114.0,114,89.732125
109.0,109,89.752047
116.0,116,89.773527
117.0,117,89.795399
115.0,115,89.816238
115.0,115,89.837622
106.0,106,89.857298
118.0,118,89.87889
123.0,123,89.901697
109.0,109,89.921534
124.0,124,89.944248
119.0,119,89.966205
120.0,120,89.988487
115.0,115,90.009779
112.0,112,90.032198
122.0,122,90.054186
119.0,119,90.113951
110.0,110,90.134087
123.0,123,90.156693
114.0,114,90.17757
106.0,106,90.196765
116.0,116,90.217617
107.0,107,90.237044
111.0,111,90.258383
114.0,114,90.280633
117.0,117,90.302
104.0,104,90.321037
112.0,112,90.341395
118.0,118,90.363156
115.0,115,90.384457
114.0,114,90.404929
115.0,115,90.425792
119.0,119,90.44769
116.0,116,90.505932
101.0,101,90.525245
109.0,109,90.545377
116.0,116,90.566989
113.0,113,90.587436
118.0,118,90.609122
116.0,116,90.630467
109.0,109,90.651913
107.0,107,90.672958
113.0,113,90.694838
113.0,113,90.717823
121.0,121,90.742178
115.0,115,90.764941
114.0,114,90.788403
119.0,119,90.812505
15.0,15,90.81514
113.0,113,90.837213
116.0,116,90.860169
117.0,117,90.885275
113.0,113,90.947926
118.0,118,90.974347
115.0,115,90.998212
117.0,117,91.024157
107.0,107,91.044729
114.0,114,91.068998
110.0,110,91.094035
116.0,116,91.121173
110.0,110,91.144809
119.0,119,91.170699
118.0,118,91.195134
108.0,108,91.216147
112.0,112,91.236852
120.0,120,91.259135
110.0,110,91.279665
117.0,117,91.301022
117.0,117,91.322367
116.0,116,91.377382
118.0,118,91.400762
116.0,116,91.422584
119.0,119,91.444324
120.0,120,91.466479
114.0,114,91.488975
110.0,110,91.510316
113.0,113,91.532741
110.0,110,91.553045
112.0,112,91.573989
121.0,121,91.596008
116.0,116,91.61757
111.0,111,91.638102
116.0,116,91.659663
115.0,115,91.680725
113.0,113,91.701659
108.0,108,91.721684
17.0,17,91.724691
112.0,112,91.745205
110.0,110,91.802464
21.0,21,91.806255
120.0,120,91.828849
116.0,116,91.850359
108.0,108,91.870096
108.0,108,91.889576
120.0,120,91.911567
112.0,112,91.932231
108.0,108,91.952001
109.0,109,91.972117
16.0,16,91.975074
117.0,117,91.996841
107.0,107,92.016147
111.0,111,92.036674
117.0,117,92.057918
112.0,112,92.078378
106.0,106,92.098014
107.0,107,92.117873
110.0,110,92.137638
112.0,112,92.194748
113.0,113,92.216254
113.0,113,92.237345
112.0,112,92.25768
110.0,110,92.277384
115.0,115,92.298477
17.0,17,92.301437
112.0,112,92.321781
111.0,111,92.341993
117.0,117,92.363043
114.0,114,92.384107
107.0,107,92.403259
117.0,117,92.424764
112.0,112,92.447132
106.0,106,92.466532
114.0,114,92.487851
109.0,109,92.507538
14.0,14,92.509844
14.0,14,92.51261
109.0,109,92.532424
116.0,116,92.55403
115.0,115,92.614562
102.0,102,92.633055
114.0,114,92.654221
112.0,112,92.674784
108.0,108,92.694315
111.0,111,92.7146
101.0,101,92.732859
25.0,25,92.737269
112.0,112,92.757428
15.0,15,92.760272
112.0,112,92.780769
107.0,107,92.800506
108.0,108,92.81999
105.0,105,92.839166
114.0,114,92.859882
110.0,110,92.881287
17.0,17,92.88426
115.0,115,92.905138
108.0,108,92.92478
111.0,111,92.94532
110.0,110,92.999583
104.0,104,93.021832
15.0,15,93.024855
108.0,108,93.046065
110.0,110,93.0704
110.0,110,93.092782
106.0,106,93.113968
107.0,107,93.13585
110.0,110,93.157823
112.0,112,93.180288
106.0,106,93.201768
110.0,110,93.224572
104.0,104,93.245322
102.0,102,93.265731
107.0,107,93.286991
116.0,116,93.309956
107.0,107,93.331467
114.0,114,93.354999
117.0,117,93.380609
105.0,105,93.402779
113.0,113,93.465899
104.0,104,93.48842
104.0,104,93.521149
112.0,112,93.555845
17.0,17,93.559219
111.0,111,93.582207
112.0,112,93.603747
98.0,98,93.621688
110.0,110,93.642226
111.0,111,93.66282
111.0,111,93.683115
111.0,111,93.70379
105.0,105,93.72305
111.0,111,93.743486
111.0,111,93.764101
104.0,104,93.783164
113.0,113,93.803581
105.0,105,93.82274
110.0,110,93.843294
109.0,109,93.897484
112.0,112,93.918726
108.0,108,93.938795
106.0,106,93.958809
110.0,110,93.979021
100.0,100,93.997513
108.0,108,94.017565
110.0,110,94.038149
106.0,106,94.057554
109.0,109,94.077497
115.0,115,94.098572
107.0,107,94.118504
108.0,108,94.138369
12.0,12,94.14056
107.0,107,94.160382
108.0,108,94.180075
104.0,104,94.199056
110.0,110,94.219106
107.0,107,94.238667
113.0,113,94.293775
19.0,19,94.297611
114.0,114,94.319455
105.0,105,94.33949
104.0,104,94.358843
107.0,107,94.377951
110.0,110,94.399937
105.0,105,94.419043
112.0,112,94.439626
108.0,108,94.459236
112.0,112,94.479767
104.0,104,94.50053
106.0,106,94.520129
106.0,106,94.539939
109.0,109,94.559865
14.0,14,94.562641
113.0,113,94.583089
109.0,109,94.602867
112.0,112,94.623314
17.0,17,94.626612
105.0,105,94.645608
106.0,106,94.699882
109.0,109,94.72156
110.0,110,94.74164
111.0,111,94.762013
115.0,115,94.783567
120.0,120,94.805623
110.0,110,94.825162
11.0,11,94.827147
122.0,122,94.84939
113.0,113,94.870279
120.0,120,94.892015
113.0,113,94.912508
114.0,114,94.933044
116.0,116,94.953867
119.0,119,94.975417
25.0,25,94.979814
109.0,109,95.001083
108.0,108,95.02099
113.0,113,95.041422
112.0,112,95.06192
124.0,124,95.123853
115.0,115,95.14928
104.0,104,95.172037
21.0,21,95.176265
108.0,108,95.197919
115.0,115,95.221916
113.0,113,95.244642
113.0,113,95.267483
113.0,113,95.291673
115.0,115,95.314531
110.0,110,95.336998
114.0,114,95.360254
110.0,110,95.382413
115.0,115,95.405872
111.0,111,95.429167
108.0,108,95.451645
109.0,109,95.473144
119.0,119,95.497878
13.0,13,95.500648
109.0,109,95.563915
116.0,116,95.615759
111.0,111,95.638879
112.0,112,95.664036
120.0,120,95.690316
118.0,118,95.713213
106.0,106,95.732845
112.0,112,95.753516
113.0,113,95.775111
113.0,113,95.795913
111.0,111,95.816394
114.0,114,95.837104
114.0,114,95.858311
113.0,113,95.879056
15.0,15,95.88195
114.0,114,95.902768
110.0,110,95.923219
109.0,109,95.943046
115.0,115,95.964308
113.0,113,96.023539
109.0,109,96.04386
23.0,23,96.048073
117.0,117,96.069552
110.0,110,96.089767
109.0,109,96.109919
118.0,118,96.131325
113.0,113,96.152462
109.0,109,96.172355
110.0,110,96.192507
116.0,116,96.213696
111.0,111,96.234091
115.0,115,96.255063
21.0,21,96.258757
114.0,114,96.279866
118.0,118,96.30093
113.0,113,96.32155
118.0,118,96.343369
110.0,110,96.363276
116.0,116,96.422047
10.0,10,96.424195
115.0,115,96.446426
104.0,104,96.465565
107.0,107,96.485464
109.0,109,96.507895
115.0,115,96.529848
112.0,112,96.550476
108.0,108,96.570915
118.0,118,96.594383
118.0,118,96.615889
112.0,112,96.636437
109.0,109,96.656532
104.0,104,96.6754
110.0,110,96.695534
116.0,116,96.716495
107.0,107,96.735766
116.0,116,96.756585
106.0,106,96.775509
111.0,111,96.833008
113.0,113,96.853972
109.0,109,96.873995
121.0,121,96.895952
116.0,116,96.916976
107.0,107,96.936147
23.0,23,96.939847
115.0,115,96.962771
114.0,114,96.985723
111.0,111,97.007233
109.0,109,97.02952
107.0,107,97.050049
111.0,111,97.072048
112.0,112,97.096802
117.0,117,97.120261
108.0,108,97.141792
108.0,108,97.162991
112.0,112,97.18579
109.0,109,97.209836
121.0,121,97.27458
113.0,113,97.298345
107.0,107,97.32109
127.0,127,97.347967
112.0,112,97.370821
121.0,121,97.396315
111.0,111,97.420547
109.0,109,97.443989
113.0,113,97.467351
111.0,111,97.492473
112.0,112,97.514829
110.0,110,97.535198
114.0,114,97.556187
111.0,111,97.5768
113.0,113,97.597348
112.0,112,97.617822
114.0,114,97.638454
16.0,16,97.641293
116.0,116,97.700864
109.0,109,97.721652
110.0,110,97.741866
113.0,113,97.762676
108.0,108,97.782631
112.0,112,97.802955
107.0,107,97.822639
109.0,109,97.842711
115.0,115,97.863781
113.0,113,97.884467
114.0,114,97.905627
118.0,118,97.927149
110.0,110,97.947511
111.0,111,97.968197
116.0,116,97.989352
113.0,113,98.009866
109.0,109,98.029928
111.0,111,98.050508
113.0,113,98.107468
116.0,116,98.129135
113.0,113,98.150455
109.0,109,98.170814
112.0,112,98.191414
111.0,111,98.211209
115.0,115,98.232222
112.0,112,98.253035
117.0,117,98.274524
120.0,120,98.296325
113.0,113,98.31737
116.0,116,98.338703
110.0,110,98.358703
111.0,111,98.379207
110.0,110,98.399108
111.0,111,98.419997
114.0,114,98.440979
124.0,124,98.463398
113.0,113,98.523228
117.0,117,98.544756
110.0,110,98.565161
108.0,108,98.58469
105.0,105,98.603685
114.0,114,98.624203
113.0,113,98.645112
114.0,114,98.665409
109.0,109,98.685154
113.0,113,98.706302
113.0,113,98.728302
120.0,120,98.750487
119.0,119,98.773496
125.0,125,98.796297
121.0,121,98.818195
116.0,116,98.8395
108.0,108,98.85921
118.0,118,98.919755
107.0,107,98.939118
110.0,110,98.959965
117.0,117,98.981399
107.0,107,99.001032
107.0,107,99.020648
114.0,114,99.041215
107.0,107,99.060703
106.0,106,99.079706
107.0,107,99.100268
107.0,107,99.121361
109.0,109,99.14261
107.0,107,99.163937
115.0,115,99.187491
115.0,115,99.209855
111.0,111,99.233399
112.0,112,99.255823
108.0,108,99.277348
117.0,117,99.338298
109.0,109,99.363726
115.0,115,99.389875
117.0,117,99.414871
109.0,109,99.437284
112.0,112,99.460585
111.0,111,99.484326
113.0,113,99.507061
106.0,106,99.529107
104.0,104,99.551835
111.0,111,99.57554
106.0,106,99.598021
106.0,106,99.621518
104.0,104,99.642833
110.0,110,99.664156
105.0,105,99.683494
103.0,103,99.702326
113.0,113,99.722763
113.0,113,99.778767
109.0,109,99.799779
109.0,109,99.820318
110.0,110,99.840166
107.0,107,99.860399
110.0,110,99.880626
106.0,106,99.900254
102.0,102,99.91891
111.0,111,99.939522
111.0,111,99.959886
119.0,119,99.981982
115.0,115,100.002835
106.0,106,100.022584
104.0,104,100.041735
102.0,102,100.060081
110.0,110,100.080432
111.0,111,100.101016
115.0,115,100.121792
107.0,107,100.141564
108.0,108,100.195912
119.0,119,100.218009
107.0,107,100.237769
108.0,108,100.257443
111.0,111,100.277491
108.0,108,100.297137
107.0,107,100.317095
109.0,109,100.337061
112.0,112,100.357666
104.0,104,100.376846
107.0,107,100.396653
112.0,112,100.417234
104.0,104,100.436339
112.0,112,100.456859
113.0,113,100.477443
105.0,105,100.496628
102.0,102,100.51499
103.0,103,100.533964
105.0,105,100.592562
14.0,14,100.595503
109.0,109,100.615834
109.0,109,100.635828
108.0,108,100.655688
114.0,114,100.676946
103.0,103,100.695406
116.0,116,100.716467
113.0,113,100.73752
108.0,108,100.757076
108.0,108,100.777623
108.0,108,100.797934
99.0,99,100.815626
112.0,112,100.835905
111.0,111,100.85605
107.0,107,100.875559
109.0,109,100.895536
103.0,103,100.914185
107.0,107,100.93369
106.0,106,100.952747
107.0,107,101.01033
115.0,115,101.031398
114.0,114,101.05204
112.0,112,101.072593
103.0,103,101.091518
117.0,117,101.11272
32.0,32,101.118477
111.0,111,101.138687
112.0,112,101.159329
126.0,126,101.182175
116.0,116,101.203213
104.0,104,101.222013
124.0,124,101.244652
120.0,120,101.26668
135.0,135,101.29242
112.0,112,101.314368
127.0,127,101.33769
117.0,117,101.358882
118.0,118,101.422913
132.0,132,101.449814
113.0,113,101.472765
121.0,121,101.497927
111.0,111,101.52141
109.0,109,101.543853
129.0,129,101.569979
112.0,112,101.591699
120.0,120,101.615583
128.0,128,101.641554
120.0,120,101.665733
112.0,112,101.688618
120.0,120,101.713101
129.0,129,101.740722
122.0,122,101.766184
115.0,115,101.79019
119.0,119,101.854214
126.0,126,101.882103
117.0,117,101.907449
116.0,116,101.933245
138.0,138,101.961492
111.0,111,101.982734
112.0,112,102.003958
122.0,122,102.026162
132.0,132,102.050639
113.0,113,102.071291
118.0,118,102.093233
111.0,111,102.113802
117.0,117,102.135271
129.0,129,102.158814
133.0,133,102.182988
118.0,118,102.204701
123.0,123,102.227293
114.0,114,102.288022
112.0,112,102.309119
110.0,110,102.329746
120.0,120,102.351641
123.0,123,102.373847
109.0,109,102.39423
114.0,114,102.414958
122.0,122,102.437807
119.0,119,102.45934
114.0,114,102.480739
117.0,117,102.502327
117.0,117,102.523887
108.0,108,102.543574
108.0,108,102.563539
117.0,117,102.585325
131.0,131,102.609072
121.0,121,102.631264
133.0,133,102.697445
132.0,132,102.722368
136.0,136,102.747485
110.0,110,102.767389
137.0,137,102.792589
142.0,142,102.818263
118.0,118,102.840081
120.0,120,102.861673
122.0,122,102.884034
113.0,113,102.904251
128.0,128,102.927919
120.0,120,102.951582
131.0,131,102.975968
107.0,107,102.995599
119.0,119,103.017758
112.0,112,103.038015
116.0,116,103.101186
116.0,116,103.123496
162.0,162,103.153046
150.0,150,103.180659
121.0,121,103.202763
117.0,117,103.223903
119.0,119,103.245535
118.0,118,103.266873
116.0,116,103.287965
123.0,123,103.310916
125.0,125,103.333534
118.0,118,103.355057
134.0,134,103.379331
120.0,120,103.401076
148.0,148,103.428017
132.0,132,103.453426
142.0,142,103.519297
141.0,141,103.545714
114.0,114,103.568425
137.0,137,103.596674
108.0,108,103.619692
131.0,131,103.647452
156.0,156,103.679042
118.0,118,103.703008
145.0,145,103.732527
143.0,143,103.761287
114.0,114,103.784501
127.0,127,103.810091
117.0,117,103.834802
135.0,135,103.862299
138.0,138,103.891797
136.0,136,103.972383
117.0,117,104.006576
156.0,156,104.044745
120.0,120,104.070654
120.0,120,104.095386
153.0,153,104.130651
136.0,136,104.156847
114.0,114,104.178352
151.0,151,104.206587
141.0,141,104.232587
131.0,131,104.256872
105.0,105,104.275997
152.0,152,104.303975
130.0,130,104.327803
129.0,129,104.351967
154.0,154,104.420888
118.0,118,104.4431
140.0,140,104.469437
113.0,113,104.490233
125.0,125,104.512941
141.0,141,104.538849
128.0,128,104.562347
126.0,126,104.585659
114.0,114,104.606291
127.0,127,104.629266
136.0,136,104.654304
135.0,135,104.679211
114.0,114,104.699872
119.0,119,104.721748
134.0,134,104.746577
117.0,117,104.768026
148.0,148,104.845957
129.0,129,104.87052
115.0,115,104.891896
143.0,143,104.918356
139.0,139,104.943429
136.0,136,104.967799
141.0,141,104.993682
114.0,114,105.014254
150.0,150,105.041682
151.0,151,105.068701
114.0,114,105.089673
149.0,149,105.116396
139.0,139,105.141683
108.0,108,105.161047
165.0,165,105.190647
145.0,145,105.269455
185.0,185,105.304122
117.0,117,105.32725
148.0,148,105.354817
146.0,146,105.38122
150.0,150,105.4089
126.0,126,105.431512
149.0,149,105.459559
170.0,170,105.490313
175.0,175,105.522194
139.0,139,105.547745
147.0,147,105.574311
123.0,123,105.596725
125.0,125,105.681568
144.0,144,105.711367
148.0,148,105.741153
133.0,133,105.768262
156.0,156,105.800277
156.0,156,105.833033
146.0,146,105.862688
150.0,150,105.893749
124.0,124,105.918273
145.0,145,105.948351
168.0,168,105.985008
136.0,136,106.012619
177.0,177,106.049321
174.0,174,106.086502
124.0,124,106.16068
133.0,133,106.189271
120.0,120,106.215754
152.0,152,106.24686
126.0,126,106.270709
138.0,138,106.296826
164.0,164,106.327306
169.0,169,106.358286
126.0,126,106.381526
139.0,139,106.406603
184.0,184,106.440165
212.0,212,106.4796
119.0,119,106.503673
132.0,132,106.595516
171.0,171,106.628264
137.0,137,106.653729
153.0,153,106.681953
126.0,126,106.705402
113.0,113,106.726103
131.0,131,106.750477
122.0,122,106.772926
184.0,184,106.80664
110.0,110,106.827234
131.0,131,106.851492
149.0,149,106.87888
152.0,152,106.90671
121.0,121,106.92859
159.0,159,106.95783
114.0,114,107.026718
235.0,235,107.070282
116.0,116,107.091641
204.0,204,107.129117
143.0,143,107.155676
160.0,160,107.185075
140.0,140,107.21078
199.0,199,107.273399
154.0,154,107.301465
128.0,128,107.324821
187.0,187,107.358731
139.0,139,107.383963
124.0,124,107.461869
118.0,118,107.484405
197.0,197,107.520227
113.0,113,107.541016
106.0,106,107.560532
123.0,123,107.583016
216.0,216,107.622349
162.0,162,107.651529
154.0,154,107.679798
173.0,173,107.713062
133.0,133,107.737833
290.0,290,107.791549
153.0,153,107.823044
110.0,110,107.891324
163.0,163,107.9244
246.0,246,107.97593
180.0,180,108.011133
128.0,128,108.037871
122.0,122,108.062156
172.0,172,108.098325
180.0,180,108.135258
177.0,177,108.173483
140.0,140,108.203758
166.0,166,108.237062
154.0,154,108.270935
242.0,242,108.361359
136.0,136,108.387378
164.0,164,108.417962
364.0,364,108.485252
195.0,195,108.521197
181.0,181,108.554297
369.0,369,108.622121
155.0,155,108.650676
174.0,174,108.682756
202.0,202,108.809284
193.0,193,108.845339
189.0,189,108.880534
239.0,239,108.924237
142.0,142,108.950524
162.0,162,108.980123
123.0,123,109.003348
184.0,184,109.036984
215.0,215,109.076075
164.0,164,109.105889
241.0,241,109.149467
165.0,165,109.221207
194.0,194,109.25725
176.0,176,109.289631
193.0,193,109.325108
205.0,205,109.362594
175.0,175,109.394796
186.0,186,109.428738
233.0,233,109.470762
208.0,208,109.508571
329.0,329,109.640719
175.0,175,109.677764
122.0,122,109.703063
121.0,121,109.728926
145.0,145,109.756546
190.0,190,109.794719
140.0,140,109.823151
237.0,237,109.870871
205.0,205,109.911859
200.0,200,109.953027
136.0,136,109.981975
175.0,175,110.018651
245.0,245,110.112509
139.0,139,110.142151
169.0,169,110.178804
293.0,293,110.235007
173.0,173,110.266901
284.0,284,110.319178
147.0,147,110.348389
181.0,181,110.382233
146.0,146,110.409494
174.0,174,110.441251
109.0,109,110.461877
237.0,237,110.557317
109.0,109,110.577088
132.0,132,110.601226
160.0,160,110.630355
140.0,140,110.655989
214.0,214,110.695328
121.0,121,110.717201
115.0,115,110.738047
104.0,104,110.756984
132.0,132,110.781088
154.0,154,110.808651
148.0,148,110.835613
164.0,164,110.866392
154.0,154,110.895131
117.0,117,110.968187
138.0,138,110.993581
161.0,161,111.023508
180.0,180,111.056486
170.0,170,111.087498
113.0,113,111.108224
198.0,198,111.144256
120.0,120,111.166068
143.0,143,111.192142
310.0,310,111.250765
118.0,118,111.272801
192.0,192,111.309161
172.0,172,111.400941
105.0,105,111.420607
104.0,104,111.439849
351.0,351,111.506144
201.0,201,111.544676
129.0,129,111.568351
135.0,135,111.593273
195.0,195,111.629343
106.0,106,111.648857
107.0,107,111.668348
119.0,119,111.690058
108.0,108,111.709787
176.0,176,111.743214
111.0,111,111.808931
170.0,170,111.842837
237.0,237,111.889429
462.0,462,111.981652
344.0,344,112.051762
174.0,174,112.086189
209.0,209,112.129256
146.0,146,112.160077
331.0,331,112.28989
223.0,223,112.337993
277.0,277,112.389606
182.0,182,112.423187
336.0,336,112.486684
193.0,193,112.522298
362.0,362,112.589258
404.0,404,112.750529
246.0,246,112.795142
326.0,326,112.854435
147.0,147,112.881347
173.0,173,112.912462
196.0,196,112.948091
378.0,378,113.017705
172.0,172,113.049357
233.0,233,113.092061
433.0,433,113.270156
425.0,425,113.349713
192.0,192,113.386245
110.0,110,113.406716
254.0,254,113.453151
136.0,136,113.478335
208.0,208,113.516303
294.0,294,113.653214
316.0,316,113.711736
300.0,300,113.77229
386.0,386,113.848411
186.0,186,113.885263
321.0,321,113.949299
130.0,130,113.975445
327.0,327,114.160274
180.0,180,114.201418
331.0,331,114.273688
196.0,196,114.311616
429.0,429,114.39069
328.0,328,114.450582
272.0,272,114.500002
227.0,227,114.541689
303.0,303,114.681006
233.0,233,114.723387
286.0,286,114.775183
230.0,230,114.817294
184.0,184,114.853563
168.0,168,114.88531
373.0,373,114.953918
280.0,280,115.085918
210.0,210,115.125283
171.0,171,115.15617
250.0,250,115.201981
229.0,229,115.243176
215.0,215,115.282435
218.0,218,115.321962
247.0,247,115.36739
195.0,195,115.402927
264.0,264,115.528483
296.0,296,115.584141
284.0,284,115.638541
235.0,235,115.682352
279.0,279,115.733077
420.0,420,115.81
189.0,189,115.845391
331.0,331,115.988426
313.0,313,116.051533
184.0,184,116.088173
200.0,200,116.130303
227.0,227,116.177045
213.0,213,116.221212
348.0,348,116.292141
186.0,186,116.330557
200.0,200,116.37339
220.0,220,116.480635
176.0,176,116.515919
173.0,173,116.549199
266.0,266,116.598669
196.0,196,116.634669
256.0,256,116.684189
345.0,345,116.747531
202.0,202,116.785098
366.0,366,116.948425
226.0,226,116.990141
500.0,500,117.081189
354.0,354,117.145191
328.0,328,117.205207
181.0,181,117.23842
177.0,177,117.271191
172.0,172,117.38013
275.0,275,117.430749
213.0,213,117.469927
175.0,175,117.501516
388.0,388,117.572311
276.0,276,117.624467
247.0,247,117.66989
167.0,167,117.700582
257.0,257,117.803925
161.0,161,117.833862
188.0,188,117.868448
173.0,173,117.900293
175.0,175,117.932026
171.0,171,117.963791
419.0,419,118.047877
361.0,361,118.118386
181.0,181,118.156459
346.0,346,118.317616
500.0,500,118.420756
293.0,293,118.483353
188.0,188,118.520884
184.0,184,118.554967
198.0,198,118.591357
200.0,200,118.627865
179.0,179,118.660025
145.0,145,118.747135
158.0,158,118.776865
184.0,184,118.810781
149.0,149,118.837735
189.0,189,118.872512
163.0,163,118.901816
163.0,163,118.932045
152.0,152,118.986625
169.0,169,119.017906
186.0,186,119.052587
153.0,153,119.080677
184.0,184,119.114577
176.0,176,119.200478
150.0,150,119.228802
183.0,183,119.261802
176.0,176,119.293888
160.0,160,119.322904
181.0,181,119.356377
153.0,153,119.384435
147.0,147,119.411164
164.0,164,119.440835
153.0,153,119.469137
231.0,231,119.512058
182.0,182,119.626423
223.0,223,119.668427
168.0,168,119.699222
247.0,247,119.745039
195.0,195,119.780657
159.0,159,119.81006
178.0,178,119.842822
197.0,197,119.878634
203.0,203,119.915746
170.0,170,119.94653
168.0,168,119.977511
150.0,150,120.060544
163.0,163,120.09098
160.0,160,120.120648
164.0,164,120.151236
198.0,198,120.187983
156.0,156,120.216893
164.0,164,120.247225
165.0,165,120.277799
195.0,195,120.313276
198.0,198,120.349706
159.0,159,120.378658
152.0,152,120.419498
227.0,227,120.549186
148.0,148,120.578349
154.0,154,120.610137
180.0,180,120.647835
154.0,154,120.679799
181.0,181,120.718162
187.0,187,120.757563
387.0,387,120.838694
162.0,162,120.872447
183.0,183,120.912263
198.0,198,121.020759
155.0,155,121.049577
156.0,156,121.078347
147.0,147,121.105279
145.0,145,121.131653
165.0,165,121.161869
145.0,145,121.188817
178.0,178,121.221014
143.0,143,121.247072
178.0,178,121.27915
140.0,140,121.304382
145.0,145,121.331104
148.0,148,121.358036
142.0,142,121.434363
151.0,151,121.462268
157.0,157,121.490932
159.0,159,121.522793
187.0,187,121.558389
145.0,145,121.584923
166.0,166,121.614979
154.0,154,121.64342
171.0,171,121.676023
172.0,172,121.708731
157.0,157,121.738046
171.0,171,121.769526
163.0,163,121.845799
145.0,145,121.873105
180.0,180,121.90588
150.0,150,121.933169
157.0,157,121.961652
150.0,150,121.989173
160.0,160,122.018378
156.0,156,122.046849
172.0,172,122.078199
141.0,141,122.103704
150.0,150,122.130978
148.0,148,122.157514
146.0,146,122.1838
182.0,182,122.269691
166.0,166,122.302632
154.0,154,122.332088
163.0,163,122.361771
150.0,150,122.39236
149.0,149,122.420629
143.0,143,122.447215
154.0,154,122.475344
154.0,154,122.504388
164.0,164,122.534768
16.0,16,122.537638
161.0,161,122.567363
152.0,152,122.595362
159.0,159,122.624488
159.0,159,122.706193
179.0,179,122.742702
162.0,162,122.775568
150.0,150,122.806733
145.0,145,122.836506
149.0,149,122.865987
156.0,156,122.897547
144.0,144,122.927079
143.0,143,122.956743
140.0,140,122.985762
153.0,153,123.017899
151.0,151,123.049683
170.0,170,123.083772
161.0,161,123.172191
155.0,155,123.205509
17.0,17,123.209022
140.0,140,123.236976
141.0,141,123.263865
146.0,146,123.290942
140.0,140,123.316634
153.0,153,123.345856
156.0,156,123.375059
152.0,152,123.403351
144.0,144,123.430025
161.0,161,123.460184
148.0,148,123.487408
163.0,163,123.516837
151.0,151,123.592621
151.0,151,123.620266
155.0,155,123.6487
144.0,144,123.674753
144.0,144,123.700796
148.0,148,123.727743
161.0,161,123.756722
151.0,151,123.784221
159.0,159,123.812827
137.0,137,123.838445
169.0,169,123.869725
159.0,159,123.899011
151.0,151,123.926311
141.0,141,123.999381
139.0,139,124.025087
159.0,159,124.054636
161.0,161,124.084032
153.0,153,124.112358
156.0,156,124.141503
153.0,153,124.169788
146.0,146,124.196088
153.0,153,124.224388
149.0,149,124.251529
156.0,156,124.280298
157.0,157,124.308972
157.0,157,124.337543
149.0,149,124.415135
135.0,135,124.440304
156.0,156,124.469201
151.0,151,124.497343
153.0,153,124.525391
158.0,158,124.554665
189.0,189,124.589453
166.0,166,124.620117
151.0,151,124.647739
183.0,183,124.681315
169.0,169,124.711809
155.0,155,124.740595
140.0,140,124.768962
145.0,145,124.850892
142.0,142,124.880254
211.0,211,124.924429
165.0,165,124.957093
159.0,159,124.989365
175.0,175,125.025367
163.0,163,125.081063
148.0,148,125.114613
140.0,140,125.143777
175.0,175,125.180241
154.0,154,125.211896
158.0,158,125.245354
166.0,166,125.339543
171.0,171,125.372509
158.0,158,125.402266
166.0,166,125.432813
175.0,175,125.465211
173.0,173,125.496948
156.0,156,125.527382
144.0,144,125.554961
159.0,159,125.58485
168.0,168,125.616378
174.0,174,125.648291
182.0,182,125.682602
193.0,193,125.773663
151.0,151,125.802038
167.0,167,125.832576
142.0,142,125.858225
166.0,166,125.888935
153.0,153,125.916643
164.0,164,125.946789
155.0,155,125.97529
169.0,169,126.006099
157.0,157,126.034855
166.0,166,126.066328
181.0,181,126.099692
137.0,137,126.17392
157.0,157,126.20343
165.0,165,126.234346
142.0,142,126.260109
164.0,164,126.29049
155.0,155,126.319079
155.0,155,126.34776
172.0,172,126.379242
147.0,147,126.405715
153.0,153,126.434164
175.0,175,126.466187
209.0,209,126.505792
159.0,159,126.536823
174.0,174,126.633146
169.0,169,126.664436
143.0,143,126.693014
160.0,160,126.723296
143.0,143,126.749815
186.0,186,126.783717
166.0,166,126.814516
148.0,148,126.842175
150.0,150,126.869335
164.0,164,126.899332
149.0,149,126.926604
164.0,164,126.956632
164.0,164,127.038921
140.0,140,127.067577
188.0,188,127.10613
207.0,207,127.147503
177.0,177,127.182624
154.0,154,127.214446
170.0,170,127.247993
164.0,164,127.280294
266.0,266,127.335163
191.0,191,127.375323
141.0,141,127.405134
159.0,159,127.498395
142.0,142,127.529374
154.0,154,127.56265
151.0,151,127.59305
155.0,155,127.622042
158.0,158,127.651494
160.0,160,127.681254
164.0,164,127.711396
171.0,171,127.742511
204.0,204,127.779752
181.0,181,127.813059
157.0,157,127.841598
153.0,153,127.869231
178.0,178,127.956002
192.0,192,127.991135
184.0,184,128.024762
156.0,156,128.053247
148.0,148,128.080338
165.0,165,128.110509
157.0,157,128.138909
176.0,176,128.170963
166.0,166,128.204239
157.0,157,128.233856
167.0,167,128.264705
166.0,166,128.29533
177.0,177,128.385702
153.0,153,128.41413
149.0,149,128.441733
183.0,183,128.475269
170.0,170,128.50592
169.0,169,128.536638
153.0,153,128.564733
150.0,150,128.591769
211.0,211,128.630441
165.0,165,128.660255
203.0,203,128.697039
149.0,149,128.724884
179.0,179,128.807502
198.0,198,128.845148
177.0,177,128.878111
265.0,265,128.926918
171.0,171,128.958301
176.0,176,128.990902
164.0,164,129.020996
167.0,167,129.051355
159.0,159,129.080634
150.0,150,129.108515
162.0,162,129.137782
162.0,162,129.230007
193.0,193,129.268947
154.0,154,129.301132
164.0,164,129.334624
158.0,158,129.367367
149.0,149,129.396482
172.0,172,129.430958
203.0,203,129.473208
148.0,148,129.504196
144.0,144,129.534495
161.0,161,129.566805
180.0,180,129.604227
144.0,144,129.692449
143.0,143,129.72282
154.0,154,129.755386
156.0,156,129.784919
159.0,159,129.814438
137.0,137,129.839802
149.0,149,129.868899
153.0,153,129.897639
145.0,145,129.924773
156.0,156,129.953755
180.0,180,129.987297
162.0,162,130.017572
168.0,168,130.048353
159.0,159,130.129524
134.0,134,130.154438
154.0,154,130.182349
178.0,178,130.214872
165.0,165,130.244611
141.0,141,130.270222
153.0,153,130.298531
177.0,177,130.330809
151.0,151,130.358456
162.0,162,130.388576
153.0,153,130.416794
134.0,134,130.441792
11.0,11,130.443904
150.0,150,130.471369
143.0,143,130.544
149.0,149,130.571657
150.0,150,130.599822
164.0,164,130.629999
156.0,156,130.658907
155.0,155,130.687175
163.0,163,130.717157
149.0,149,130.744539
145.0,145,130.771366
177.0,177,130.803558
177.0,177,130.835925
157.0,157,130.866056
156.0,156,130.948221
155.0,155,130.978337
168.0,168,131.009415
12.0,12,131.011551
180.0,180,131.044664
174.0,174,131.077059
165.0,165,131.107325
149.0,149,131.135044
157.0,157,131.16364
156.0,156,131.19248
164.0,164,131.222044
160.0,160,131.250898
208.0,208,131.28861
141.0,141,131.372179
163.0,163,131.405812
147.0,147,131.436326
151.0,151,131.466049
166.0,166,131.499289
190.0,190,131.539741
164.0,164,131.572748
165.0,165,131.605044
157.0,157,131.636759
147.0,147,131.666896
143.0,143,131.696991
152.0,152,131.729029
157.0,157,131.762585
149.0,149,131.877239
161.0,161,131.913426
147.0,147,131.943429
144.0,144,131.973696
151.0,151,132.002119
176.0,176,132.0346
147.0,147,132.062137
165.0,165,132.092295
166.0,166,132.1226
152.0,152,132.150268
177.0,177,132.182454
162.0,162,132.211392
168.0,168,132.241763
165.0,165,132.32228
175.0,175,132.354494
153.0,153,132.382827
221.0,221,132.423301
153.0,153,132.451229
173.0,173,132.482687
145.0,145,132.509617
209.0,209,132.54887
171.0,171,132.58156
147.0,147,132.608773
159.0,159,132.63816
165.0,165,132.717046
154.0,154,132.746289
157.0,157,132.775316
169.0,169,132.806324
144.0,144,132.832382
157.0,157,132.861268
171.0,171,132.892098
175.0,175,132.924176
151.0,151,132.951681
186.0,186,132.985182
160.0,160,133.013991
189.0,189,133.048659
165.0,165,133.079256
146.0,146,133.159798
173.0,173,133.192159
173.0,173,133.223767
156.0,156,133.252154
169.0,169,133.283392
164.0,164,133.313716
176.0,176,133.346478
173.0,173,133.378713
143.0,143,133.4054
154.0,154,133.433893
149.0,149,133.461084
139.0,139,133.486505
214.0,214,133.588698
168.0,168,133.623208
181.0,181,133.660125
174.0,174,133.696402
156.0,156,133.727646
190.0,190,133.765341
180.0,180,133.802952
169.0,169,133.83839
141.0,141,133.86758
171.0,171,133.903128
147.0,147,133.93489
142.0,142,133.963813
164.0,164,134.057703
130.0,130,134.086614
145.0,145,134.117226
160.0,160,134.147311
171.0,171,134.178904
142.0,142,134.205049
151.0,151,134.234269
192.0,192,134.270159
167.0,167,134.300581
153.0,153,134.328914
154.0,154,134.35741
166.0,166,134.388135
178.0,178,134.468936
162.0,162,134.500345
201.0,201,134.536966
163.0,163,134.566792
140.0,140,134.592355
149.0,149,134.619384
179.0,179,134.652234
152.0,152,134.679951
161.0,161,134.708933
172.0,172,134.741101
146.0,146,134.767886
171.0,171,134.79959
166.0,166,134.830221
162.0,162,134.910529
181.0,181,134.943826
147.0,147,134.971097
168.0,168,135.001895
165.0,165,135.032374
178.0,178,135.065638
177.0,177,135.09814
184.0,184,135.13213
205.0,205,135.169619
179.0,179,135.202691
173.0,173,135.234158
169.0,169,135.324057
172.0,172,135.356069
153.0,153,135.385663
173.0,173,135.418515
153.0,153,135.446662
152.0,152,135.474782
254.0,254,135.522634
231.0,231,135.564988
184.0,184,135.598459
150.0,150,135.625638
177.0,177,135.657557
172.0,172,135.742083
201.0,201,135.782999
159.0,159,135.813588
192.0,192,135.8516
161.0,161,135.884842
196.0,196,135.923292
173.0,173,135.958339
163.0,163,135.990672
165.0,165,136.043879
160.0,160,136.086455
145.0,145,136.116957
152.0,152,136.14951
193.0,193,136.253637
156.0,156,136.287348
158.0,158,136.320776
273.0,273,136.374842
161.0,161,136.404652
161.0,161,136.435356
174.0,174,136.46716
186.0,186,136.50141
206.0,206,136.540917
179.0,179,136.574348
184.0,184,136.60793
162.0,162,136.697791
177.0,177,136.731102
190.0,190,136.76556
164.0,164,136.795261
172.0,172,136.826304
20.0,20,136.829768
171.0,171,136.861029
162.0,162,136.890342
202.0,202,136.928048
194.0,194,136.964197
180.0,180,136.997185
144.0,144,137.023558
171.0,171,137.121764
175.0,175,137.154187
178.0,178,137.186466
224.0,224,137.227229
203.0,203,137.263932
172.0,172,137.295434
214.0,214,137.334399
218.0,218,137.373707
144.0,144,137.399701
181.0,181,137.432291
195.0,195,137.468654
186.0,186,137.564327
180.0,180,137.597669
176.0,176,137.63023
166.0,166,137.660597
176.0,176,137.692753
220.0,220,137.733303
175.0,175,137.765266
143.0,143,137.791338
186.0,186,137.825234
151.0,151,137.852986
209.0,209,137.893504
151.0,151,137.976881
145.0,145,138.007284
199.0,199,138.048382
178.0,178,138.084259
185.0,185,138.121923
218.0,218,138.167287
157.0,157,138.200758
196.0,196,138.241869
158.0,158,138.275027
188.0,188,138.313318
161.0,161,138.347697
169.0,169,138.457405
143.0,143,138.485982
160.0,160,138.515914
148.0,148,138.54333
173.0,173,138.575207
244.0,244,138.62186
245.0,245,138.668166
198.0,198,138.704848
168.0,168,138.736108
159.0,159,138.765336
161.0,161,138.794567
201.0,201,138.888761
184.0,184,138.923543
179.0,179,138.956402
164.0,164,138.986183
212.0,212,139.024611
231.0,231,139.067139
155.0,155,139.095448
180.0,180,139.128754
160.0,160,139.158282
185.0,185,139.192337
215.0,215,139.231941
176.0,176,139.369519
186.0,186,139.403963
213.0,213,139.443018
205.0,205,139.481063
227.0,227,139.52249
192.0,192,139.557776
176.0,176,139.589817
150.0,150,139.619768
156.0,156,139.648677
167.0,167,139.679492
168.0,168,139.710456
220.0,220,139.834532
173.0,173,139.866566
200.0,200,139.903502
201.0,201,139.940678
234.0,234,139.983707
160.0,160,140.012911
188.0,188,140.047054
173.0,173,140.078629
162.0,162,140.107972
177.0,177,140.142498
228.0,228,140.258791
150.0,150,140.289816
167.0,167,140.323421
170.0,170,140.357341
198.0,198,140.397119
289.0,289,140.455357
200.0,200,140.495388
215.0,215,140.53857
211.0,211,140.582064
177.0,177,140.618819
158.0,158,140.650366
161.0,161,140.744058
195.0,195,140.78618
227.0,227,140.828831
253.0,253,140.875516
218.0,218,140.917479
250.0,250,140.964218
199.0,199,141.001202
198.0,198,141.038295
202.0,202,141.075142
240.0,240,141.189884
220.0,220,141.230082
254.0,254,141.276655
222.0,222,141.316609
197.0,197,141.352331
203.0,203,141.389375
208.0,208,141.427849
216.0,216,141.467665
255.0,255,141.514289
266.0,266,141.672685
206.0,206,141.711447
252.0,252,141.757963
245.0,245,141.80319
292.0,292,141.856616
214.0,214,141.896569
195.0,195,141.932242
223.0,223,141.973242
212.0,212,142.012033
230.0,230,142.135259
218.0,218,142.180389
175.0,175,142.215932
225.0,225,142.260234
266.0,266,142.314317
199.0,199,142.355023
240.0,240,142.40568
254.0,254,142.45839
228.0,228,142.605504
178.0,178,142.640531
290.0,290,142.694632
253.0,253,142.741239
258.0,258,142.788811
217.0,217,142.828616
248.0,248,142.873689
213.0,213,142.91232
211.0,211,142.950726
226.0,226,143.054473
177.0,177,143.088074
243.0,243,143.13239
213.0,213,143.171672
237.0,237,143.214884
221.0,221,143.256444
252.0,252,143.304316
206.0,206,143.342206
302.0,302,143.397847
241.0,241,143.521497
218.0,218,143.561507
247.0,247,143.606708
209.0,209,143.64444
216.0,216,143.683582
275.0,275,143.734989
282.0,282,143.787316
259.0,259,143.835265
224.0,224,144.021627
204.0,204,144.05952
250.0,250,144.1076
271.0,271,144.161927
249.0,249,144.212116
248.0,248,144.263479
250.0,250,144.312635
295.0,295,144.373238
248.0,248,144.541453
232.0,232,144.591366
244.0,244,144.642983
254.0,254,144.695474
224.0,224,144.737245
235.0,235,144.78073
259.0,259,144.827947
217.0,217,144.867069
212.0,212,145.003794
271.0,271,145.054366
260.0,260,145.101587
268.0,268,145.150189
369.0,369,145.217258
208.0,208,145.254814
261.0,261,145.302212
211.0,211,145.340485
177.0,177,145.481179
283.0,283,145.533814
392.0,392,145.605048
269.0,269,145.653886
344.0,344,145.719146
230.0,230,145.761688
282.0,282,145.813591
309.0,309,145.985419
248.0,248,146.031242
275.0,275,146.081639
474.0,474,146.168158
404.0,404,146.243289
298.0,298,146.297343
304.0,304,146.487736
500.0,500,146.613889
500.0,500,146.718688
293.0,293,146.78343
290.0,290,146.845011
221.0,221,146.895179
392.0,392,147.105251
276.0,276,147.15679
322.0,322,147.215811
356.0,356,147.280424
500.0,500,147.371969
462.0,462,147.548674
229.0,229,147.590533
472.0,472,147.676888
431.0,431,147.755205
316.0,316,147.812387
331.0,331,147.999763
228.0,228,148.041925
212.0,212,148.080611
500.0,500,148.173597
232.0,232,148.215932
230.0,230,148.257225
200.0,200,148.29306
249.0,249,148.338548
256.0,256,148.477949
238.0,238,148.525756
220.0,220,148.56971
241.0,241,148.618313
404.0,404,148.702162
236.0,236,148.752361
190.0,190,148.792369
365.0,365,148.991049
247.0,247,149.039482
282.0,282,149.091378
270.0,270,149.141182
261.0,261,149.188524
296.0,296,149.243374
240.0,240,149.287304
258.0,258,149.335053
247.0,247,149.461775
248.0,248,149.507989
224.0,224,149.54899
221.0,221,149.589992
245.0,245,149.635232
293.0,293,149.688802
243.0,243,149.733698
273.0,273,149.783368
216.0,216,149.900069
294.0,294,149.95462
322.0,322,150.013665
294.0,294,150.067411
242.0,242,150.111295
243.0,243,150.155579
196.0,196,150.190958
225.0,225,150.231492
196.0,196,150.346538
405.0,405,150.423632
284.0,284,150.476211
365.0,365,150.545423
346.0,346,150.609247
382.0,382,150.679974
363.0,363,150.888175
381.0,381,150.965177
286.0,286,151.023965
429.0,429,151.115516
285.0,285,151.175367
500.0,500,151.417886
311.0,311,151.47561
230.0,230,151.518758
275.0,275,151.572831
359.0,359,151.638847
500.0,500,151.730681
354.0,354,151.952152
283.0,283,152.003692
356.0,356,152.068482
500.0,500,152.159391
411.0,411,152.233522
282.0,282,152.390721
500.0,500,152.485468
304.0,304,152.5419
304.0,304,152.597514
428.0,428,152.675258
255.0,255,152.721619
311.0,311,152.931855
244.0,244,152.982488
298.0,298,153.044216
311.0,311,153.108823
349.0,349,153.181128
308.0,308,153.246751
334.0,334,153.31994
314.0,314,153.537528
274.0,274,153.59005
302.0,302,153.64555
366.0,366,153.712698
410.0,410,153.787499
500.0,500,154.031996
366.0,366,154.100745
390.0,390,154.172125
500.0,500,154.265517
405.0,405,154.340674
378.0,378,154.547288
276.0,276,154.598481
403.0,403,154.676284
294.0,294,154.736032
336.0,336,154.804992
412.0,412,154.888326
352.0,352,155.112916
500.0,500,155.235979
238.0,238,155.2796
500.0,500,155.371173
421.0,421,155.448119
240.0,240,155.620928
500.0,500,155.713613
500.0,500,155.805878
500.0,500,155.897468
500.0,500,156.145368
500.0,500,156.236669
500.0,500,156.33284
500.0,500,156.425361
500.0,500,156.673366
500.0,500,156.773666
406.0,406,156.857502
500.0,500,156.96099
500.0,500,157.260944
500.0,500,157.354531
310.0,310,157.411746
500.0,500,157.503261
500.0,500,157.59459
500.0,500,157.838871
500.0,500,157.929268
500.0,500,158.019517
500.0,500,158.109419
500.0,500,158.357593
500.0,500,158.451387
500.0,500,158.542547
500.0,500,158.6333
500.0,500,158.887995
500.0,500,158.991128
500.0,500,159.093774
500.0,500,159.197942
500.0,500,159.459821
500.0,500,159.551999
500.0,500,159.643164
500.0,500,159.73404
500.0,500,159.980661
500.0,500,160.071407
500.0,500,160.162465
500.0,500,160.254227
500.0,500,160.50101
500.0,500,160.593856
500.0,500,160.684686
500.0,500,160.774523
500.0,500,161.034979
500.0,500,161.136258
500.0,500,161.240466
500.0,500,161.348228
500.0,500,161.607207
500.0,500,161.702428
500.0,500,161.795141
500.0,500,161.886041
500.0,500,162.131221
500.0,500,162.223692
500.0,500,162.315748
500.0,500,162.407601
500.0,500,162.656854
500.0,500,162.749342
500.0,500,162.841194
500.0,500,162.933543
500.0,500,163.195455
500.0,500,163.298593
500.0,500,163.404358
500.0,500,163.510229
500.0,500,163.762124
500.0,500,163.853862
500.0,500,163.943979
500.0,500,164.035071
500.0,500,164.2799
500.0,500,164.374358
500.0,500,164.466301
500.0,500,164.557233
500.0,500,164.801147
500.0,500,164.893413
500.0,500,164.985306
500.0,500,165.076795
500.0,500,165.326929
500.0,500,165.419456
500.0,500,165.511033
500.0,500,165.603161
500.0,500,165.867322
500.0,500,165.996597
500.0,500,166.10442
500.0,500,166.208496
500.0,500,166.459495
500.0,500,166.552322
500.0,500,166.644977
500.0,500,166.736026
500.0,500,166.983342
500.0,500,167.078445
500.0,500,167.170035
500.0,500,167.260658
500.0,500,167.525329
500.0,500,167.630524
500.0,500,167.735597
500.0,500,167.839461
500.0,500,168.088875
500.0,500,168.180846
500.0,500,168.272001
500.0,500,168.363141
500.0,500,168.607582
500.0,500,168.698744
500.0,500,168.789094
500.0,500,168.87919
500.0,500,169.127348
500.0,500,169.218351
500.0,500,169.309125
500.0,500,169.399516
500.0,500,169.665294
500.0,500,169.772486
500.0,500,169.879506
500.0,500,170.00789
500.0,500,170.256069
500.0,500,170.348609
500.0,500,170.440756
500.0,500,170.53292
500.0,500,170.782536
500.0,500,170.874503
500.0,500,170.96721
500.0,500,171.05856
500.0,500,171.305676
500.0,500,171.396789
500.0,500,171.48716
500.0,500,171.58177
500.0,500,171.847456
500.0,500,171.950938
500.0,500,172.056333
500.0,500,172.159593
500.0,500,172.410515
500.0,500,172.503535
500.0,500,172.594455
500.0,500,172.685551
500.0,500,172.93223
500.0,500,173.024937
500.0,500,173.117425
500.0,500,173.209244
500.0,500,173.459835
500.0,500,173.552646
500.0,500,173.644757
500.0,500,173.736636
500.0,500,173.99475
500.0,500,174.095821
500.0,500,174.199304
500.0,500,174.307862
500.0,500,174.561175
500.0,500,174.653584
500.0,500,174.744954
500.0,500,174.836386
500.0,500,175.08213
500.0,500,175.177033
500.0,500,175.269915
500.0,500,175.361472
500.0,500,175.606856
500.0,500,175.699582
500.0,500,175.791507
500.0,500,175.884037
500.0,500,176.132181
500.0,500,176.224295
500.0,500,176.318731
500.0,500,176.411441
500.0,500,176.663371
500.0,500,176.762024
500.0,500,176.863232
500.0,500,176.994926
500.0,500,177.26313
500.0,500,177.355099
500.0,500,177.446108
500.0,500,177.537771
500.0,500,177.78552
500.0,500,177.879652
500.0,500,177.974921
500.0,500,178.066557
500.0,500,178.317566
500.0,500,178.419983
500.0,500,178.522462
500.0,500,178.627783
500.0,500,178.895572
500.0,500,178.987971
500.0,500,179.080263
461.0,461,179.165173
500.0,500,179.410481
500.0,500,179.502083
500.0,500,179.593103
500.0,500,179.683891
500.0,500,179.93236
500.0,500,180.024865
500.0,500,180.11641
500.0,500,180.207194
500.0,500,180.462877
500.0,500,180.564928
500.0,500,180.667636
500.0,500,180.772525
500.0,500,181.035817
500.0,500,181.128823
500.0,500,181.220938
500.0,500,181.312783
500.0,500,181.562585
500.0,500,181.656555
500.0,500,181.748865
500.0,500,181.841351
500.0,500,182.086323
500.0,500,182.180072
500.0,500,182.271324
500.0,500,182.362673
500.0,500,182.62109
500.0,500,182.722287
500.0,500,182.823888
500.0,500,182.927852
500.0,500,183.215146
500.0,500,183.309496
500.0,500,183.40218
500.0,500,183.493237
500.0,500,183.738423
500.0,500,183.830209
500.0,500,183.921543
500.0,500,184.013106
500.0,500,184.260514
500.0,500,184.352072
500.0,500,184.445716
500.0,500,184.537737
500.0,500,184.78465
500.0,500,184.884483
500.0,500,184.984808
500.0,500,185.084534
500.0,500,185.356571
500.0,500,185.448306
500.0,500,185.539364
500.0,500,185.629805
500.0,500,185.875594
500.0,500,185.969527
500.0,500,186.06231
500.0,500,186.153331
500.0,500,186.398828
500.0,500,186.491326
500.0,500,186.586225
500.0,500,186.680509
500.0,500,186.930283
500.0,500,187.023017
500.0,500,187.114472
500.0,500,187.206291
500.0,500,187.474839
500.0,500,187.590666
500.0,500,187.695727
500.0,500,187.804884
500.0,500,188.056883
500.0,500,188.148219
500.0,500,188.238911
500.0,500,188.329511
500.0,500,188.574592
500.0,500,188.66963
500.0,500,188.76205
500.0,500,188.852718
500.0,500,189.104193
500.0,500,189.207563
500.0,500,189.308455
500.0,500,189.412972
500.0,500,189.678812
500.0,500,189.771384
500.0,500,189.863283
500.0,500,189.95549
500.0,500,190.200901
500.0,500,190.291345
500.0,500,190.382027
500.0,500,190.472512
500.0,500,190.720575
500.0,500,190.814469
500.0,500,190.905818
500.0,500,190.996632
500.0,500,191.251495
500.0,500,191.354755
500.0,500,191.455208
500.0,500,191.560227
500.0,500,191.827653
500.0,500,191.920553
500.0,500,192.012785
500.0,500,192.104863
500.0,500,192.353243
500.0,500,192.444998
500.0,500,192.536873
500.0,500,192.62791
500.0,500,192.874138
500.0,500,192.965289
500.0,500,193.056388
500.0,500,193.148509
500.0,500,193.416494
500.0,500,193.523449
500.0,500,193.62935
500.0,500,193.735686
500.0,500,194.031886
500.0,500,194.130525
500.0,500,194.228189
500.0,500,194.324342
500.0,500,194.581142
500.0,500,194.677412
500.0,500,194.774245
500.0,500,194.871194
500.0,500,195.136038
500.0,500,195.237002
500.0,500,195.340791
500.0,500,195.44775
500.0,500,195.69837
500.0,500,195.790684
500.0,500,195.881754
500.0,500,195.976514
500.0,500,196.232108
500.0,500,196.325022
500.0,500,196.417179
500.0,500,196.511605
500.0,500,196.765065
500.0,500,196.859241
500.0,500,196.951378
500.0,500,197.04503
500.0,500,197.31298
500.0,500,197.449359
500.0,500,197.553888
500.0,500,197.666181
500.0,500,197.917346
500.0,500,198.007876
500.0,500,198.098446
500.0,500,198.188598
500.0,500,198.434319
500.0,500,198.525553
500.0,500,198.61874
500.0,500,198.710011
500.0,500,198.956789
500.0,500,199.056521
500.0,500,199.155858
500.0,500,199.260326
500.0,500,199.531997
500.0,500,199.626047
500.0,500,199.717859
500.0,500,199.809029
500.0,500,200.054174
500.0,500,200.147616
500.0,500,200.239126
500.0,500,200.329929
382.0,382,200.469084
500.0,500,200.560446
500.0,500,200.650306
500.0,500,200.741881
500.0,500,200.978948
500.0,500,201.069847
500.0,500,201.160148
500.0,500,201.250973
500.0,500,201.508218
500.0,500,201.612836
500.0,500,201.717595
500.0,500,201.821241
500.0,500,202.105863
500.0,500,202.199127
500.0,500,202.290404
500.0,500,202.381601
500.0,500,202.630319
500.0,500,202.722055
500.0,500,202.813164
500.0,500,202.904039
500.0,500,203.152385
500.0,500,203.24639
500.0,500,203.34026
500.0,500,203.433135
500.0,500,203.698641
500.0,500,203.804823
500.0,500,203.91145
500.0,500,204.019929
500.0,500,204.273329
500.0,500,204.366096
500.0,500,204.45803
500.0,500,204.55015
500.0,500,204.799832
500.0,500,204.893967
500.0,500,204.985656
500.0,500,205.078621
500.0,500,205.324918
500.0,500,205.419099
500.0,500,205.520586
500.0,500,205.624782
500.0,500,205.898878
500.0,500,206.001568
500.0,500,206.093345
500.0,500,206.185736
500.0,500,206.432901
500.0,500,206.525384
500.0,500,206.620311
500.0,500,206.71244
500.0,500,206.963365
500.0,500,207.056271
500.0,500,207.151563
500.0,500,207.24503
500.0,500,207.497069
500.0,500,207.625983
500.0,500,207.731254
500.0,500,207.839144
500.0,500,208.112982
424.0,424,208.192671
500.0,500,208.290249
500.0,500,208.389527
500.0,500,208.6411
500.0,500,208.737996
500.0,500,208.831231
500.0,500,208.922831
500.0,500,209.199534
500.0,500,209.294774
500.0,500,209.38953
500.0,500,209.482004
500.0,500,209.748648
500.0,500,209.857839
500.0,500,209.963282
500.0,500,210.070826
500.0,500,210.329901
500.0,500,210.424465
500.0,500,210.516512
500.0,500,210.608241
500.0,500,210.861426
500.0,500,210.95902
500.0,500,211.052517
500.0,500,211.1458
500.0,500,211.399322
500.0,500,211.492815
500.0,500,211.588592
500.0,500,211.685452
500.0,500,211.953385
500.0,500,212.065485
500.0,500,212.190958
500.0,500,212.301253
500.0,500,212.567552
500.0,500,212.662451
500.0,500,212.789173
500.0,500,212.881502
500.0,500,213.138164
500.0,500,213.236677
500.0,500,213.328791
500.0,500,213.420659
500.0,500,213.683587
500.0,500,213.793777
500.0,500,213.899285
500.0,500,214.003858
500.0,500,214.28192
500.0,500,214.378668
500.0,500,214.471816
500.0,500,214.566712
500.0,500,214.82055
500.0,500,214.912684
500.0,500,215.004545
500.0,500,215.101218
500.0,500,215.350625
500.0,500,215.446615
500.0,500,215.544327
500.0,500,215.636478
500.0,500,215.883542
500.0,500,216.020312
500.0,500,216.125957
500.0,500,216.22992
500.0,500,216.50526
500.0,500,216.609721
500.0,500,216.703895
500.0,500,216.796208
500.0,500,217.049922
500.0,500,217.143153
500.0,500,217.235183
500.0,500,217.327677
500.0,500,217.579731
500.0,500,217.672374
500.0,500,217.763556
500.0,500,217.854709
500.0,500,218.117161
500.0,500,218.218514
500.0,500,218.326325
500.0,500,218.433278
500.0,500,218.688257
500.0,500,218.783926
500.0,500,218.875504
500.0,500,218.967987
500.0,500,219.213823
500.0,500,219.308678
500.0,500,219.402695
500.0,500,219.49489
500.0,500,219.746007
500.0,500,219.842272
500.0,500,219.93595
500.0,500,220.028691
500.0,500,220.289161
500.0,500,220.44981
500.0,500,220.564259
500.0,500,220.680238
500.0,500,220.959706
500.0,500,221.054404
500.0,500,221.151958
500.0,500,221.246813
500.0,500,221.498373
500.0,500,221.597385
500.0,500,221.694692
500.0,500,221.788605
500.0,500,222.040092
500.0,500,222.14478
500.0,500,222.266163
500.0,500,222.375592
500.0,500,222.649347
500.0,500,222.744983
500.0,500,222.839663
500.0,500,222.933883
500.0,500,223.18703
500.0,500,223.281851
500.0,500,223.374928
500.0,500,223.467923
500.0,500,223.737537
500.0,500,223.832736
500.0,500,223.92762
500.0,500,224.019064
500.0,500,224.326889
500.0,500,224.430724
500.0,500,224.530921
500.0,500,224.634868
500.0,500,224.906358
500.0,500,224.999534
500.0,500,225.091937
500.0,500,225.192298
500.0,500,225.45086
500.0,500,225.548927
500.0,500,225.64443
500.0,500,225.741639
500.0,500,225.996021
500.0,500,226.095388
500.0,500,226.199346
500.0,500,226.302192
500.0,500,226.582605
500.0,500,226.690772
500.0,500,226.782348
500.0,500,226.874293
500.0,500,227.119888
500.0,500,227.216339
500.0,500,227.311037
500.0,500,227.407209
500.0,500,227.653224
500.0,500,227.7521
500.0,500,227.853918
500.0,500,227.954573
500.0,500,228.232367
500.0,500,228.337636
500.0,500,228.43121
500.0,500,228.526072
500.0,500,228.775557
500.0,500,228.868995
500.0,500,228.96104
500.0,500,229.052745
500.0,500,229.302997
500.0,500,229.396841
500.0,500,229.48769
500.0,500,229.578504
500.0,500,229.83095
500.0,500,229.932481
500.0,500,230.065972
500.0,500,230.171714
500.0,500,230.434449
500.0,500,230.528213
500.0,500,230.620895
500.0,500,230.712213
500.0,500,230.958424
500.0,500,231.049621
500.0,500,231.141284
500.0,500,231.233026
500.0,500,231.47992
500.0,500,231.578082
500.0,500,231.685173
500.0,500,231.802822
500.0,500,232.082916
500.0,500,232.184418
500.0,500,232.275892
500.0,500,232.386207
425.0,425,232.618614
500.0,500,232.713201
500.0,500,232.804741
500.0,500,232.896325
500.0,500,233.164826
500.0,500,233.258837
500.0,500,233.350236
421.0,421,233.430551
419.0,419,233.507395
431.0,431,233.729793
461.0,461,233.814064
500.0,500,233.905976
500.0,500,233.997548
430.0,430,234.230088
500.0,500,234.321564
448.0,448,234.406238
500.0,500,234.497543
