#{"t_start": 1789071331.260484, "env_id": "Pendulum-v1"}
r,l,t
-1604.51106,200,0.347478
-1652.777138,200,1.065174
-1544.497511,200,1.738101
-1115.051737,200,2.397009
-1510.124366,200,3.055802
-1421.937757,200,3.71521
-1302.885285,200,4.375024
-1498.151951,200,5.033793
-1423.276957,200,5.691959
-1446.531757,200,6.354644
-1479.512189,200,7.131602
-1324.390071,200,7.792133
-1508.11667,200,8.451619
-993.679436,200,9.109957
-1493.509333,200,9.768612
-1102.120526,200,10.427606
-1134.720349,200,11.091278
-936.707055,200,11.750652
-797.039627,200,12.408554
-393.072532,200,13.066898
-659.863954,200,13.844394
-786.137421,200,14.504993
-2.897281,200,15.164949
-564.909009,200,15.824128
-403.73614,200,16.48872
-0.57256,200,17.148531
-130.193655,200,17.821067
-276.888801,200,18.51126
-1.535195,200,19.474607
-131.869092,200,20.143536
-264.164019,200,20.929579
-121.358079,200,21.60239
-929.715909,200,22.270331
-532.634368,200,22.936174
-247.480288,200,23.608714
-123.945236,200,24.409469
-114.499105,200,25.076996
-235.952328,200,25.741775
-228.647385,200,26.406724
-132.947817,200,27.070681
-231.767952,200,27.90569
-0.113473,200,28.669367
-237.49132,200,29.334398
-117.788379,200,29.998772
-120.742568,200,30.663009
-121.74545,200,31.326935
-125.456451,200,32.016001
-120.869993,200,32.870352
-1.866755,200,33.715898
-0.667975,200,34.384132
-0.416425,200,35.273969
-117.095941,200,35.950576
-368.857959,200,36.619597
-118.176567,200,37.473435
-125.741729,200,38.151597
-240.100594,200,38.816514
-124.598664,200,39.568721
-1.880552,200,40.276739
-127.314454,200,40.941717
-126.961523,200,41.665842
-222.326157,200,42.512262
-116.633872,200,43.184485
-119.469854,200,43.851866
-0.961996,200,44.525229
-122.59425,200,45.396439
-127.112457,200,46.062967
-2.443809,200,46.744541
-131.597208,200,47.52171
-121.4003,200,48.225275
-120.598659,200,48.890206
-128.090185,200,49.707214
-122.255732,200,50.467677
-297.334191,200,51.134647
-238.824897,200,51.80053
-123.627187,200,52.4661
-127.141385,200,53.16098
-235.473091,200,53.917849
-119.918309,200,54.583667
-352.426125,200,55.321567
-127.26677,200,56.033129
-322.564631,200,56.811356
-120.430687,200,57.584605
-237.335036,200,58.44413
-223.674214,200,59.203427
-3.092179,200,59.872203
-118.494958,200,60.622391
-128.281945,200,61.360337
-119.531946,200,62.025762
-130.067252,200,62.691992
-1.540789,200,63.3613
-1.826652,200,64.144972
-2.136972,200,64.816912
-125.757849,200,65.48641
-355.04548,200,66.15277
-116.535342,200,66.817243
-129.078735,200,67.482161
-236.676358,200,68.147189
-1.710955,200,68.870718
-123.740145,200,69.711761
-123.397747,200,70.37813
-116.706765,200,71.155441
-243.038454,200,71.846476
-243.557846,200,72.616168
-123.367718,200,73.283972
-127.255712,200,73.949915
-261.510971,200,74.614924
-234.929011,200,75.379171
-237.779466,200,76.064091
-238.139439,200,76.73142
-119.198017,200,77.45689
-128.115016,200,78.303928
-0.755937,200,79.210824
-123.082721,200,79.876736
-117.497051,200,80.543337
-2.469782,200,81.209424
-121.901372,200,81.87489
-118.520622,200,82.542539
-120.25381,200,83.369489
-230.049933,200,84.042233
-242.632486,200,84.70845
-249.219394,200,85.484445
-130.937926,200,86.155341
-117.08487,200,86.819539
-124.399341,200,87.485346
-131.475586,200,88.149818
-126.814806,200,88.81083
-0.30977,200,89.473191
-1.956465,200,90.134735
-114.316489,200,90.797728
-335.411672,200,91.459627
-340.05968,200,92.234394
-116.51021,200,92.942247
-127.647304,200,93.644113
-124.612659,200,94.30594
-239.621543,200,94.968366
-117.81408,200,95.631741
-238.555582,200,96.295113
-128.436825,200,96.95761
-122.321735,200,97.619325
-227.030402,200,98.280763
-256.244087,200,99.059699
-121.433998,200,99.726854
-247.941113,200,100.389138
-240.136535,200,101.051288
-128.4495,200,101.713287
-115.523457,200,102.375177
-229.704136,200,103.036654
-237.04099,200,103.699314
-125.782803,200,104.360356
-125.177625,200,105.022406
-1.198765,200,105.795424
-122.236269,200,106.46268
-334.596602,200,107.164454
-238.075013,200,107.82849
-236.669136,200,108.491072
-124.550724,200,109.153574
-2.883331,200,109.81522
-253.491438,200,110.477117
-292.625962,200,111.140949
-126.939387,200,111.804042
-355.510771,200,112.578977
-123.839418,200,113.244887
-122.42417,200,113.906687
-130.811626,200,114.568657
-316.316751,200,115.231204
-129.335924,200,115.892381
-118.254935,200,116.555008
-234.600127,200,117.218763
-123.764648,200,117.880586
-120.227473,200,118.543285
-232.330092,200,119.316933
-120.198502,200,119.983609
-238.37053,200,120.646556
-124.834628,200,121.309943
-121.052632,200,121.972551
-114.499986,200,122.634661
-232.526607,200,123.296678
-118.955162,200,123.959008
-4.711886,200,124.620283
-124.693803,200,125.282045
-223.243398,200,126.053819
-130.43507,200,126.720813
-119.81019,200,127.382921
-117.88032,200,128.05174
-232.91004,200,128.716066
-120.944432,200,129.580941
-240.632831,200,130.402952
-118.307074,200,131.069911
-123.387787,200,131.736357
-243.641192,200,132.402842
-224.664102,200,133.181372
-230.834581,200,133.854423
-127.794285,200,134.521355
-237.487465,200,135.217221
-122.619796,200,136.00076
-126.970678,200,136.666286
-1.311138,200,137.331056
-238.158713,200,137.995256
-120.025811,200,138.659525
-121.154456,200,139.328898
-127.482966,200,140.231802
-127.405266,200,140.9049
-123.345791,200,141.570516
-118.618958,200,142.339333
-127.838179,200,143.034447
-224.881165,200,143.701009
-115.235305,200,144.365716
-1.463058,200,145.032687
-127.68222,200,145.784798
-121.811729,200,146.479636
-118.33932,200,147.257257
-225.146178,200,147.929843
-228.468651,200,148.593037
-118.109412,200,149.2574
-1.647312,200,149.921465
-114.960683,200,150.585042
-121.095382,200,151.259761
-126.38342,200,152.085381
-120.531461,200,152.752503
-124.172301,200,153.417976
-2.106769,200,154.197406
-126.560426,200,154.868189
-124.146165,200,155.533356
-253.550254,200,156.199248
-123.95002,200,156.865049
-129.029356,200,157.540613
-121.552473,200,158.360546
-240.141611,200,159.026792
-123.672759,200,159.695074
-119.80473,200,160.361049
-118.964777,200,161.137327
-228.756369,200,161.808891
-0.166744,200,162.474931
-3.132618,200,163.140567
-119.677502,200,163.807739
-124.796827,200,164.552243
-352.253967,200,165.333071
-265.84372,200,166.000202
-125.435583,200,166.666569
-121.729942,200,167.333041
-124.282273,200,168.109785
-0.823876,200,168.780712
-238.57319,200,169.446309
-118.622573,200,170.11052
-115.179336,200,170.77458
-129.293206,200,171.438725
-115.835693,200,172.198653
-124.290452,200,172.940789
-127.57589,200,173.606581
-122.856777,200,174.272695
-241.37732,200,175.057119
-129.32834,200,175.728653
-121.105164,200,176.396172
-226.272103,200,177.064145
-230.415262,200,177.730423
-118.152606,200,178.442235
-313.195074,200,179.232996
-132.692442,200,179.900243
-0.089839,200,180.565834
-113.975339,200,181.23252
-233.809723,200,182.015284
-236.080311,200,182.849587
-0.381048,200,183.518962
-117.800954,200,184.185446
-118.394665,200,184.851369
-115.62162,200,185.59657
-337.986343,200,186.339099
-233.320358,200,187.006558
-336.920681,200,187.672595
-225.549552,200,188.336867
-240.819951,200,189.113543
-224.964632,200,189.781103
-119.32399,200,190.44356
-122.621868,200,191.105567
-320.303314,200,191.767731
-121.583847,200,192.43271
-1.068637,200,193.098645
-122.096716,200,193.760337
-0.600739,200,194.421645
-116.361414,200,195.083195
-0.395435,200,195.911782
-123.26244,200,196.57946
-1.800876,200,197.241865
-123.76064,200,197.903777
-233.926661,200,198.567203
-224.391862,200,199.230479
-119.074867,200,199.892425
-266.944987,200,200.554466
-0.552456,200,201.216054
-233.51954,200,201.876908
-236.841051,200,202.649353
-118.905369,200,203.314568
-122.309415,200,203.976769
-0.363726,200,204.637606
-120.157903,200,205.298451
-116.816286,200,205.959563
-222.358201,200,206.620588
-127.404229,200,207.280564
-118.594816,200,207.941308
-113.757456,200,208.601701
-131.007097,200,209.374227
-117.618269,200,210.044638
-243.349022,200,210.708488
-246.652934,200,211.369993
-1.571207,200,212.031584
-2.450353,200,212.692768
-1.404899,200,213.354169
-0.732868,200,214.015237
-344.319038,200,214.679284
-131.360633,200,215.340926
-229.80504,200,216.115334
-119.62213,200,216.783267
-128.636568,200,217.446161
-120.860435,200,218.108235
-120.426685,200,218.770674
-114.940678,200,219.434755
-125.875155,200,220.096599
-1.596297,200,220.758206
-116.93547,200,221.420631
-117.023302,200,222.081905
-120.652217,200,222.855442
-227.709877,200,223.522114
-125.771827,200,224.184243
-238.516932,200,224.846191
-233.077976,200,225.507887
-321.93723,200,226.170339
-119.994689,200,226.831889
-248.261325,200,227.492659
-237.312828,200,228.154721
-334.252263,200,228.818483
-121.081357,200,229.596844
-241.610037,200,230.269972
-114.138472,200,230.937405
-120.538457,200,231.603722
-289.762786,200,232.273456
-1.278576,200,233.254812
-0.695576,200,233.933372
-114.938563,200,234.601429
-0.425201,200,235.345744
-120.794184,200,236.076888
-231.447263,200,236.857361
-114.472849,200,237.532772
-3.154826,200,238.198135
-248.27874,200,238.933938
-235.100839,200,239.661713
-235.041276,200,240.330355
-240.915804,200,241.030767
-1.079025,200,241.796726
-129.212634,200,242.466406
-225.361543,200,243.1339
-240.73923,200,243.915071
-124.581006,200,244.586238
-227.083249,200,245.253475
-122.3515,200,245.921696
-0.323758,200,246.590125
-234.363525,200,247.263165
-116.732577,200,248.085504
-122.36919,200,248.755871
-116.502607,200,249.421197
-232.378296,200,250.089316
-120.824065,200,250.869994
-117.940049,200,251.544458
-124.859657,200,252.211255
-237.277018,200,252.87583
-122.946148,200,253.543267
-231.731242,200,254.209341
-237.051339,200,254.96843
-332.11262,200,255.712733
-119.04083,200,256.379541
-124.862509,200,257.045667
-121.819634,200,257.826664
-251.369229,200,258.50017
-126.125763,200,259.168888
-126.920292,200,259.834084
-121.457048,200,260.498762
-121.509744,200,261.163222
-117.639127,200,261.890538
-120.491687,200,262.664799
-121.598,200,263.330932
-125.076484,200,263.996854
-119.243436,200,264.772622
-123.893091,200,265.451275
-240.770268,200,266.119787
-232.669807,200,266.793256
-120.354913,200,267.458067
-227.833968,200,268.125162
-116.429875,200,268.830894
-301.775714,200,269.639873
-222.735829,200,270.307571
-2.196389,200,270.973569
-123.379759,200,271.751826
-122.205944,200,272.423618
-244.837958,200,273.088978
-118.846019,200,273.756186
-121.565756,200,274.422575
-126.010413,200,275.092597
-119.083579,200,275.891611
-125.172253,200,276.592411
-120.15528,200,277.258737
-0.113383,200,277.925201
-118.874076,200,278.703254
-122.121448,200,279.382678
-124.486738,200,280.049222
-241.126255,200,280.716002
-126.069939,200,281.382018
-236.738995,200,282.04704
-115.320103,200,282.860066
-0.156261,200,283.548642
-341.861141,200,284.21652
-127.273196,200,284.883538
-123.328214,200,285.662064
-122.847683,200,286.334607
-124.401629,200,287.001913
-127.266645,200,287.667654
-7.858304,200,288.331678
-121.607489,200,289.013275
-2.671716,200,289.876755
-0.850014,200,290.54334
-120.133941,200,291.21044
-341.225391,200,291.875888
-225.460547,200,292.654688
-296.846587,200,293.326025
-232.761145,200,293.991142
-227.134178,200,294.656354
-116.089066,200,295.320709
-127.220022,200,295.987731
-0.719816,200,296.7961
-239.607145,200,297.481841
-239.267749,200,298.14999
-238.869215,200,298.816213
-124.756281,200,299.595758
-118.739178,200,300.268632
-120.6484,200,300.933934
-124.82917,200,301.841609
-126.352088,200,302.511717
-285.556895,200,303.184586
-115.567513,200,303.849091
-119.859378,200,304.547213
-229.666393,200,305.422003
-229.318942,200,306.089509
-116.01905,200,306.874466
-243.481441,200,307.545704
-126.798353,200,308.210338
-123.181799,200,308.877107
-123.955259,200,309.541972
-344.169405,200,310.204006
-124.929108,200,310.867557
-2.482861,200,311.530071
-238.031033,200,312.19264
-346.739563,200,312.855389
-330.945985,200,313.630591
-238.99376,200,314.299347
-231.963122,200,315.005744
-234.086893,200,315.711527
-120.539257,200,316.374365
-222.84875,200,317.036241
-0.526411,200,317.734665
-120.588687,200,318.435889
-228.206129,200,319.110072
-117.025285,200,319.776544
-117.160006,200,320.551046
-223.455526,200,321.219381
-114.158611,200,321.882779
-0.604934,200,322.545183
-126.677722,200,323.207557
-2.688807,200,323.87045
-236.136782,200,324.532665
-123.578383,200,325.195011
-250.214537,200,325.857014
-127.9082,200,326.51982
-121.227791,200,327.29378
-122.917888,200,327.961371
-125.58452,200,328.62473
-124.484694,200,329.290173
-123.867823,200,329.954125
-121.770166,200,330.617355
-124.840014,200,331.280603
-119.789005,200,331.944462
-116.162403,200,332.606968
-1.124556,200,333.269477
-244.045103,200,334.044293
-237.7931,200,334.71245
-125.501058,200,335.375032
-121.946462,200,336.038086
-238.074043,200,336.700372
-123.011243,200,337.362383
-115.845696,200,338.023339
-118.662124,200,338.685807
-126.101403,200,339.349972
-239.011945,200,340.013384
-226.988267,200,340.788031
-120.090159,200,341.454726
-2.742297,200,342.116246
-2.389486,200,342.779106
-227.560424,200,343.442464
-230.261954,200,344.104807
-3.103871,200,344.76693
-124.411044,200,345.428019
-119.192211,200,346.089842
-2.403739,200,346.752537
-121.103595,200,347.532947
-2.736702,200,348.202521
-124.330386,200,348.867098
-119.148044,200,349.530304
-235.67573,200,350.194168
-116.555868,200,350.85681
-130.21647,200,351.519618
-121.376996,200,352.181601
-225.742827,200,352.843194
-119.951842,200,353.506437
-125.628421,200,354.292194
-4.646222,200,355.016076
-119.384489,200,355.978026
-128.069304,200,356.647264
-119.706539,200,357.314266
-116.971845,200,357.9826
-117.355449,200,358.652351
-5.477558,200,359.318819
-131.607228,200,359.98573
-231.568757,200,360.668986
-119.876765,200,361.612149
-121.224618,200,362.287237
-220.929468,200,362.968286
-120.638472,200,363.75267
-232.444688,200,364.422338
-124.133571,200,365.090053
-2.076896,200,365.757195
-232.254398,200,366.425585
-115.872278,200,367.091433
-126.098375,200,367.757746
-224.195099,200,368.536599
-120.456373,200,369.209539
-236.86104,200,369.879814
-123.637802,200,370.559415
-4.231083,200,371.377295
-120.493302,200,372.04587
-239.171849,200,372.712152
-235.104864,200,373.379949
-328.88484,200,374.048353
-3.855726,200,374.714425
-127.960082,200,375.492492
-237.653132,200,376.1626
-120.203035,200,376.828283
-225.087696,200,377.494562
-131.854177,200,378.161064
-219.232019,200,378.825899
-116.765261,200,379.491251
-242.478893,200,380.156413
-126.870191,200,380.898761
-130.348044,200,381.564738
-120.865072,200,382.342744
-230.337136,200,383.013262
-118.618595,200,383.679561
-3.064449,200,384.344229
-233.914233,200,385.010306
-123.076227,200,385.676568
-4.450594,200,386.341384
-1.419375,200,387.008046
-231.133604,200,387.673876
-3.098881,200,388.338046
-126.848872,200,389.115759
-123.540411,200,389.786373
-119.394748,200,390.453616
-124.185997,200,391.117778
-243.69512,200,391.781801
-125.69978,200,392.445879
-122.001045,200,393.120613
-228.768113,200,394.142575
-118.114754,200,394.810482
-118.027752,200,395.47784
-121.011861,200,396.258955
-3.909854,200,396.932096
-281.005144,200,397.599873
-119.889884,200,398.264359
-127.464537,200,398.92836
-247.015553,200,399.646086
-120.828766,200,400.40018
-120.303587,200,401.066995
-267.969662,200,401.736546
-121.280431,200,402.401368
-122.034389,200,403.179114
-3.232538,200,403.861375
-121.278159,200,404.532768
-234.2824,200,405.19893
-118.798588,200,405.98086
-245.447054,200,406.705903
-224.481024,200,407.373721
-1.237135,200,408.04015
-120.070172,200,408.705852
-243.812329,200,409.372448
-323.948775,200,410.148669
-229.648752,200,410.818568
-232.8861,200,411.482432
-249.078202,200,412.148562
-309.124141,200,412.979784
-117.564279,200,413.644656
-122.662507,200,414.318156
-121.782423,200,414.983605
-116.596427,200,415.648402
-130.414261,200,416.339804
-115.853097,200,417.118057
-240.243628,200,417.765978
-238.57775,200,418.407706
-116.802852,200,419.053083
-117.7104,200,419.704478
-4.42235,200,420.35528
-271.689396,200,421.005868
-240.964059,200,421.673279
-4.464582,200,422.344028
-124.88337,200,423.014251
-1.231211,200,423.800203
-120.61052,200,424.477599
-234.77739,200,425.160347
-4.277753,200,425.842495
-237.813004,200,426.534109
-230.352554,200,427.311985
-120.963188,200,428.014037
-118.299293,200,428.703409
-5.584763,200,429.388031
-123.35565,200,430.070578
-5.64021,200,430.881139
-121.752169,200,431.57441
-120.009884,200,432.261832
-225.742642,200,432.950795
-115.665194,200,433.636771
-121.587038,200,434.331846
-120.931042,200,435.021849
-3.946392,200,435.710412
-223.749316,200,436.401385
-120.144194,200,437.092543
-117.211016,200,437.89273
-229.23666,200,438.589903
-230.082781,200,439.281721
-120.028476,200,439.970287
-128.181636,200,440.652015
-117.307533,200,441.339886
-232.814714,200,442.021927
-226.953395,200,442.710467
-119.870374,200,443.395263
-124.277226,200,444.080051
-308.425654,200,444.87949
-4.703392,200,445.568713
-2.30721,200,446.258999
-132.258158,200,446.93863
-128.278832,200,447.625942
-120.07825,200,448.305427
-123.292188,200,448.993347
-125.94714,200,449.672749
-126.050557,200,450.355072
-114.496442,200,451.029808
-121.032918,200,451.823942
-124.084632,200,452.508352
-321.030864,200,453.186138
-4.282924,200,453.864202
-225.067066,200,454.541075
-225.819927,200,455.217923
-225.843614,200,455.889633
-120.964729,200,456.567878
-128.057036,200,457.241806
-120.460044,200,457.897579
-236.151362,200,458.675929
-130.680866,200,459.347037
-224.222191,200,460.004153
-247.85859,200,460.705483
-128.715758,200,461.811128
-234.360114,200,462.506401
-130.455402,200,463.163077
-116.036242,200,463.821274
-229.655984,200,464.678603
-130.036444,200,465.385067
-125.399899,200,466.158349
-244.316859,200,466.819711
-4.599633,200,467.474457
-120.346302,200,468.123679
-242.95792,200,468.78261
-3.655445,200,469.435581
-222.647485,200,470.089443
-115.818085,200,470.737599
-220.633038,200,471.386276
-6.078995,200,472.03992
-341.984681,200,472.810137
-226.208216,200,473.465283
-240.572718,200,474.105321
-130.879034,200,474.756362
-122.891264,200,475.404665
-118.66124,200,476.048478
-4.60453,200,476.692105
-126.868566,200,477.336395
-126.37409,200,478.021994
-122.068662,200,478.727837
-329.28141,200,479.492028
-123.01667,200,480.145018
-127.784774,200,480.787662
-135.406375,200,481.430354
-129.681105,200,482.072953
-238.891044,200,482.720631
-236.034253,200,483.364232
-124.688947,200,484.009584
-126.857551,200,484.657232
-7.177671,200,485.300936
-230.998395,200,486.058023
-122.207376,200,486.708921
-121.873515,200,487.352588
-129.465898,200,487.990209
-229.336173,200,488.627245
-120.747163,200,489.265462
-120.985579,200,489.915335
-124.258625,200,490.551742
-131.984384,200,491.19051
-123.088096,200,491.833279
-232.156869,200,492.614403
-5.112712,200,493.285872
-301.893445,200,493.951065
-125.37519,200,494.620012
-116.55803,200,495.670969
-128.811867,200,496.387494
-300.489591,200,497.030998
-121.38185,200,497.669295
-130.345407,200,498.312903
-272.528446,200,498.953836
-245.337011,200,499.711257
-122.257986,200,500.359733
-228.108566,200,501.015338
-130.792131,200,501.682474
-123.32983,200,502.352109
-245.559731,200,503.281902
-120.383189,200,503.950431
-231.852628,200,504.58844
-124.910799,200,505.258484
-120.620522,200,505.911983
-121.763378,200,506.695166
-129.031283,200,507.369361
-132.843248,200,508.037366
-124.114405,200,508.703214
-238.074849,200,509.370333
-249.125583,200,510.17251
-129.288319,200,510.929719
-121.591014,200,511.568837
-123.618864,200,512.206802
-119.393108,200,512.871875
-125.813363,200,513.651796
-128.095769,200,514.323351
-130.503914,200,514.990052
-131.383646,200,515.763162
-250.752641,200,516.514588
-126.255508,200,517.153058
-246.747421,200,517.788786
-119.801531,200,518.424015
-129.75392,200,519.067924
-247.225183,200,519.702894
-118.397998,200,520.459283
-123.202632,200,521.100514
-119.162176,200,521.738381
-119.335623,200,522.382606
-334.390046,200,523.021371
-121.410386,200,523.66194
-238.745113,200,524.303902
-119.338335,200,524.944097
-229.778032,200,525.578397
-120.01892,200,526.217179
-126.23003,200,526.968751
-130.61666,200,527.618718
-7.69341,200,528.305983
-234.382336,200,529.006841
-117.454564,200,529.650442
-230.054092,200,530.284726
-4.512974,200,530.932418
-122.100641,200,531.577212
-122.588019,200,532.49734
-124.421238,200,533.266517
-235.631446,200,534.081764
-230.837739,200,534.724001
-242.588072,200,535.373244
-310.742505,200,536.016044
-124.087386,200,536.653508
-120.63013,200,537.289534
-238.913994,200,537.923265
-126.405548,200,538.55652
-3.360312,200,539.191373
-307.175463,200,539.8248
-128.872618,200,540.607012
-124.567427,200,541.289324
-6.713232,200,541.956246
-115.986017,200,542.620413
-237.846362,200,543.282762
-126.433657,200,543.946684
-118.360659,200,544.609687
-120.003228,200,545.272454
-119.555318,200,545.934375
-119.011717,200,546.596519
-224.494551,200,547.371775
-118.294066,200,548.039421
-120.402087,200,548.745445
-120.055328,200,549.437522
-1.284938,200,550.103273
-119.049696,200,550.765072
-116.34839,200,551.426969
-127.222881,200,552.09143
-115.902187,200,552.757177
-118.912842,200,553.418974
-116.44397,200,554.195847
-125.488116,200,554.86318
-286.960293,200,555.525532
-126.03222,200,556.194013
-118.237589,200,556.859372
-1.432569,200,557.522192
-233.647158,200,558.185126
-116.303878,200,558.847906
-129.192133,200,559.512445
-225.211416,200,560.177058
-118.868215,200,560.952497
-4.147589,200,561.62674
-3.379543,200,562.291028
-3.238286,200,562.954003
-232.876356,200,563.615478
-127.96537,200,564.37366
-277.032716,200,565.269272
-223.725497,200,565.970892
-305.061109,200,566.60839
-119.234525,200,567.251342
-119.000233,200,568.03725
-225.333839,200,568.713082
-231.241971,200,569.395735
-221.318383,200,570.402507
-234.349597,200,571.120861
-121.217569,200,571.764528
-242.198248,200,572.409393
-220.006873,200,573.073288
-118.02816,200,573.710126
-116.268423,200,574.379346
-220.310479,200,575.19244
-312.642734,200,576.050949
-125.453695,200,576.706379
-220.327439,200,577.372709
-125.34894,200,578.039798
-1.333499,200,578.706245
-118.89091,200,579.371793
-233.208745,200,580.037577
-222.02056,200,580.702787
-1.645932,200,581.369829
-119.114035,200,582.147645
-128.060531,200,582.816888
-122.497544,200,583.482841
-123.785217,200,584.148667
-114.621925,200,584.815618
-289.609796,200,585.481475
-120.033814,200,586.14589
-235.745676,200,586.854399
-258.334168,200,587.559314
-117.658987,200,588.228493
-122.569637,200,589.006765
-230.969031,200,589.675699
-122.477995,200,590.341608
-114.557537,200,591.007978
-3.593068,200,591.672341
-297.295184,200,592.336823
-235.195284,200,593.000806
-118.271306,200,593.666421
-242.911529,200,594.330475
-120.249345,200,594.996969
-285.18818,200,595.775758
-292.420674,200,596.444941
-357.419664,200,597.110357
-118.76104,200,597.775335
-117.970224,200,598.4404
-2.278678,200,599.105275
-5.540315,200,599.7733
-126.669531,200,600.438072
-115.483476,200,601.102307
-221.148451,200,601.766018
-123.991817,200,602.540507
-219.294635,200,603.218457
-118.623896,200,603.887248
-303.343779,200,604.554309
-230.998953,200,605.22114
-119.255903,200,605.886619
-119.276967,200,606.55152
-124.278153,200,607.215797
-2.90129,200,607.881173
-115.692956,200,608.544806
-237.200412,200,609.324945
-1.414897,200,609.994074
-273.381988,200,610.660313
-116.288781,200,611.326115
-0.559287,200,611.991406
-222.393018,200,612.656026
-121.950582,200,613.320398
-224.322109,200,613.985319
-233.96224,200,614.65241
-313.292472,200,615.31732
-114.388813,200,616.09173
-6.417143,200,616.762443
-114.040624,200,617.427686
-114.063005,200,618.093154
-218.698843,200,618.759126
-221.135437,200,619.423275
-1.647467,200,620.099184
-315.083802,200,620.763735
-227.80332,200,621.429253
-218.61082,200,622.099816
-124.694165,200,622.876426
-239.299588,200,623.54549
-119.1034,200,624.212953
-116.431981,200,624.876661
-277.571899,200,625.540525
-234.859726,200,626.207077
-277.149089,200,626.8724
-223.332978,200,627.537972
-127.849895,200,628.20405
-224.11022,200,628.86873
-236.163733,200,629.646636
-117.468782,200,630.320972
-1.886464,200,630.988416
-0.734932,200,631.651556
-230.793302,200,632.316773
-304.887686,200,632.981745
-123.473377,200,633.649616
-231.58706,200,634.312729
-126.350786,200,634.977559
-121.048019,200,635.642857
-114.822475,200,636.419358
-231.086561,200,637.090848
-115.289483,200,637.754524
-119.023659,200,638.417647
-117.24861,200,639.081969
-286.803193,200,639.745963
-125.77786,200,640.40924
-221.060785,200,641.0718
-116.143013,200,641.735474
-123.332872,200,642.399814
-121.545822,200,643.17669
-114.820607,200,643.844473
-1.663703,200,644.507667
-229.94197,200,645.170682
-0.629466,200,645.832984
-127.96786,200,646.4954
-220.306318,200,647.158671
-126.625668,200,647.822425
-113.979598,200,648.485528
-118.363396,200,649.150254
-121.932582,200,649.928674
-1.28532,200,650.595137
-285.745581,200,651.258859
-0.743764,200,651.921595
-122.876801,200,652.583983
-120.869012,200,653.247551
-242.44769,200,653.910748
-0.179593,200,654.572614
-118.957551,200,655.234579
-114.118835,200,655.896678
-115.501653,200,656.672485
-247.246143,200,657.341844
-115.819411,200,658.00422
-0.844853,200,658.665862
-122.002376,200,659.331551
-117.294415,200,659.993814
-121.229526,200,660.656843
-283.962781,200,661.318843
-216.154129,200,661.980718
-117.275126,200,662.641708
-115.5555,200,663.416422
-345.567034,200,664.085211
-225.071694,200,664.748667
-232.069839,200,665.410538
-224.184772,200,666.074051
-119.978183,200,666.736822
-122.878771,200,667.398935
-120.502879,200,668.062104
-364.942525,200,668.723639
-120.079168,200,669.385932
-223.160048,200,670.162455
-230.633574,200,670.829615
-125.953657,200,671.492375
-0.961368,200,672.155325
-114.685543,200,672.817951
-115.340544,200,673.480969
-123.071779,200,674.143608
-218.685207,200,674.805712
-127.631504,200,675.467601
-1.554765,200,676.129868
-118.272513,200,676.903841
-116.919243,200,677.570564
-235.322077,200,678.243678
-124.441261,200,678.907953
-283.90144,200,679.571417
-238.619695,200,680.235006
-123.569827,200,680.897483
-116.823686,200,681.559815
-224.479745,200,682.222153
-116.749064,200,682.884026
-121.162568,200,683.659489
-232.171859,200,684.326568
-119.421823,200,684.988799
-119.347279,200,685.650992
-236.866941,200,686.312835
-2.243773,200,687.005253
-2.731056,200,687.668122
-239.862742,200,688.332084
-117.573016,200,688.999867
-117.495284,200,689.664056
-3.829136,200,690.446941
-117.842672,200,691.115449
-123.816931,200,691.779301
-123.915339,200,692.441349
-225.299605,200,693.103764
-1.909311,200,693.766018
-239.79282,200,694.429461
-123.898172,200,695.091411
-116.268302,200,695.75359
-0.913345,200,696.415835
-114.10954,200,697.188701
-240.847877,200,697.855102
-114.780936,200,698.51749
-122.771848,200,699.18105
-1.396968,200,699.843211
-2.302817,200,700.505488
-116.62325,200,701.169818
-116.806977,200,701.862197
-116.579472,200,702.527319
-126.100514,200,703.189911
-231.464062,200,703.965477
-261.916588,200,704.642968
-221.213007,200,705.309661
-119.90489,200,705.976377
-114.749518,200,706.644246
-123.370984,200,707.312595
-225.02953,200,707.978889
-116.709342,200,708.648285
-116.984722,200,709.458465
-116.280787,200,710.303938
-296.451278,200,711.086217
-220.103134,200,711.759285
-1.701635,200,712.426602
-116.091748,200,713.092179
-117.727486,200,713.791419
-127.137364,200,714.585779
-224.711771,200,715.254056
-283.354743,200,715.921059
-120.484518,200,716.587998
-115.530325,200,717.312784
-119.215889,200,718.186251
-124.596101,200,718.861532
-122.537734,200,719.529639
-117.651217,200,720.316463
-273.792259,200,720.986241
-121.957038,200,721.654475
-126.682745,200,722.321777
-267.018502,200,722.9881
-120.622193,200,723.653524
-129.200354,200,724.318859
-126.904173,200,725.100657
-121.697477,200,725.773171
-312.120196,200,726.442803
-2.183432,200,727.145353
-260.62735,200,727.935768
-226.275098,200,728.605859
-127.498689,200,729.271605
-121.894988,200,729.937941
-128.062175,200,730.605961
-287.36694,200,731.272242
-216.530389,200,732.052037
-118.894253,200,732.723169
-119.761491,200,733.388196
-119.986869,200,734.102523
-120.5927,200,734.875831
-129.419997,200,735.544278
-126.110686,200,736.211761
-118.976976,200,736.878038
-122.342106,200,737.54873
-234.027592,200,738.215927
-121.685904,200,738.994952
-2.242557,200,739.674242
-116.688593,200,740.342181
-2.461755,200,741.010414
-123.80841,200,741.67928
-119.627669,200,742.358396
-130.054702,200,743.217431
-120.211635,200,743.866923
-222.093807,200,744.535336
-123.411132,200,745.203587
-233.923025,200,745.983537
-244.740409,200,746.65627
-125.510024,200,747.322983
-119.000257,200,747.990815
-122.202187,200,748.656162
-120.14172,200,749.323931
-238.050184,200,750.077713
-220.954572,200,750.83315
-227.154591,200,751.477048
-123.201287,200,752.122814
-225.718586,200,752.906829
-118.103736,200,753.57832
-118.480669,200,754.246148
-126.727596,200,754.915416
-118.707765,200,755.580275
-118.652153,200,756.246195
-125.463431,200,756.912112
-240.939007,200,757.70284
-245.583586,200,758.456522
-126.137825,200,759.112221
-129.1317,200,759.873015
-119.654448,200,760.52447
-126.761556,200,761.172982
-220.931033,200,761.810461
-121.196619,200,762.452751
-284.583805,200,763.096576
-123.940046,200,763.923166
-121.071337,200,764.690166
-126.994128,200,765.353299
-244.045628,200,766.008502
-243.331851,200,766.774936
-285.717841,200,767.432841
-120.427579,200,768.085453
-127.281034,200,768.737655
-127.748968,200,769.410878
-119.068831,200,770.066948
-231.796388,200,770.718553
-120.276862,200,771.370789
-124.989443,200,772.023678
-230.42908,200,772.675165
-124.315259,200,773.443953
-116.0699,200,774.104844
-323.483858,200,774.756945
-234.682348,200,775.408306
-228.334065,200,776.120537
-119.653342,200,776.835477
-1.581446,200,777.492709
-118.50043,200,778.14403
-121.139539,200,778.795509
-302.722967,200,779.448386
-216.030373,200,780.213048
-223.303449,200,780.865054
-236.411079,200,781.51434
-119.499695,200,782.159
-122.507516,200,782.802409
-3.321818,200,783.44695
-230.930034,200,784.092024
-1.344666,200,784.73715
-125.049374,200,785.382902
-120.911433,200,786.024786
-126.941557,200,786.782852
-255.11565,200,787.432838
-120.664466,200,788.081554
-251.094981,200,788.729481
-118.82705,200,789.374713
-118.060093,200,790.021495
-1.424736,200,790.67431
-2.524452,200,791.340691
-123.26958,200,791.98845
-229.620877,200,792.634135
-119.80295,200,793.386717
-124.0539,200,794.034388
-238.732877,200,794.679357
-131.767331,200,795.319589
-120.351233,200,795.960999
-119.363407,200,796.603521
-127.057536,200,797.244082
-288.271208,200,797.890675
-119.961942,200,798.527025
-234.354719,200,799.169164
-298.222861,200,799.935083
-216.989156,200,800.608003
-119.123322,200,801.276172
-115.132269,200,802.098442
-116.619239,200,803.026043
-1.864843,200,803.684851
-120.671299,200,804.323909
-2.962116,200,804.978802
-117.875564,200,805.64486
-224.018656,200,806.310992
-226.148777,200,807.092186
-236.037624,200,807.763461
-1.86813,200,808.430402
-123.406435,200,809.101606
-124.221016,200,809.767152
-317.165399,200,810.432104
-124.233631,200,811.099333
-229.548641,200,811.764129
-117.640143,200,812.429794
-116.100094,200,813.097105
-128.365408,200,813.877003
-119.669858,200,814.548989
-115.832391,200,815.226008
-123.70762,200,816.110668
-121.681819,200,816.766647
-121.249537,200,817.431732
-223.136576,200,818.100202
-223.533702,200,818.766532
-114.549644,200,819.442536
-238.075437,200,820.11028
-237.949091,200,820.888527
-121.782394,200,821.560355
-129.108557,200,822.227949
-122.059514,200,822.923833
-118.060688,200,823.775306
-122.351791,200,824.434784
-122.924913,200,825.102962
-117.668455,200,825.769935
-2.134532,200,826.434682
-300.53756,200,827.100898
-117.538971,200,827.878591
-116.842628,200,828.550273
-119.180873,200,829.218041
-124.486003,200,829.884127
-117.43098,200,830.707537
-119.398708,200,831.382905
-121.220071,200,832.051736
-118.280151,200,832.71901
-3.540508,200,833.386521
-225.405167,200,834.052792
-1.921055,200,834.83093
-118.551363,200,835.502546
-1.959634,200,836.228014
-121.464073,200,836.948007
-119.897391,200,837.630602
-222.874547,200,838.297838
-126.560593,200,838.964954
-118.65634,200,839.629328
-117.44794,200,840.297661
-124.612166,200,840.963344
-120.462429,200,841.740968
-245.99492,200,842.412903
-120.975916,200,843.07995
-5.555483,200,843.902992
-118.848526,200,844.564612
-225.704546,200,845.231854
-285.194354,200,845.900424
-128.319957,200,846.650072
-220.909998,200,847.34459
-115.216483,200,848.012668
-244.833675,200,848.79118
-119.246947,200,849.464691
-120.125899,200,850.12926
-130.040629,200,850.795148
-7.813162,200,851.460299
-122.354327,200,852.183676
-224.28356,200,852.939522
-118.905371,200,853.606415
-1.272193,200,854.274648
-232.689671,200,854.940405
-1.367624,200,855.717225
-118.173652,200,856.388618
-120.199155,200,857.055164
-1.635992,200,857.721565
-216.61907,200,858.387612
-117.591996,200,859.054066
-2.578081,200,859.866892
-124.82961,200,860.564311
-126.333121,200,861.232265
-117.311838,200,861.900512
-2.275016,200,862.685052
-220.728226,200,863.356567
-1.921086,200,864.02402
-216.517295,200,864.694722
-119.529103,200,865.363928
-1.175759,200,866.029685
-2.283861,200,866.855747
-122.08569,200,867.557844
-122.41213,200,868.226638
-297.744984,200,868.897863
-234.35379,200,869.795179
-223.134892,200,870.457103
-120.560875,200,871.118333
-241.170238,200,871.787157
-114.044524,200,872.454426
-125.8062,200,873.175295
-117.089165,200,873.902952
-119.013611,200,874.56576
-233.820074,200,875.231149
-245.591087,200,875.897631
-119.393915,200,876.674788
-115.53211,200,877.345863
-126.299999,200,878.013346
-1.663246,200,878.67967
-123.242525,200,879.347863
-243.154309,200,880.073246
-233.762803,200,880.836033
-119.144255,200,881.475746
-124.938189,200,882.143796
-118.71705,200,882.809932
-228.908872,200,883.588214
-119.314097,200,884.259072
-119.163843,200,884.929773
-229.37534,200,885.59472
-225.867022,200,886.257904
-119.5568,200,886.920589
-129.100681,200,887.585714
-121.084917,200,888.248455
-0.829155,200,888.912529
-241.694519,200,889.57737
-119.706623,200,890.354862
-251.478348,200,891.034771
-127.208687,200,891.699891
-115.098375,200,892.36425
-238.409251,200,893.027586
-224.159041,200,893.750686
-219.467767,200,894.410758
-314.566727,200,895.051818
-219.520647,200,895.697194
-116.586364,200,896.337099
-124.622557,200,897.092786
-253.25187,200,897.746701
-233.291052,200,898.384499
-234.00452,200,899.027861
-222.41344,200,899.670754
-126.278638,200,900.309287
-234.376442,200,900.949009
-118.382821,200,901.591734
-224.901322,200,902.228958
-116.754792,200,902.867725
-117.599134,200,903.619627
-282.655038,200,904.327767
-120.836389,200,904.980696
-0.960673,200,905.61965
-114.131607,200,906.256653
-222.06074,200,906.894855
-121.903187,200,907.533509
-118.318775,200,908.170803
-227.86351,200,908.815323
-119.119065,200,909.452912
-232.261907,200,910.204407
-119.43378,200,910.856016
-124.06111,200,911.494133
-121.375751,200,912.133367
-219.559954,200,912.768751
-222.983839,200,913.405907
-117.805804,200,914.04424
-126.424066,200,914.681422
-124.002031,200,915.319273
-121.523798,200,915.957344
-2.059698,200,916.705882
-226.178667,200,917.346927
-118.620487,200,917.982985
-224.311939,200,918.626256
-227.25581,200,919.268333
-227.63259,200,919.906006
-126.210462,200,920.541118
-126.360911,200,921.292936
-283.463701,200,921.930586
-0.847226,200,922.567546
-3.01809,200,923.317275
-292.106998,200,923.960575
-1.574282,200,924.598987
-227.490696,200,925.236444
-119.444404,200,925.874764
-126.568254,200,926.518276
-127.728152,200,927.153692
-121.263117,200,927.791807
-120.176795,200,928.427294
-126.493924,200,929.062426
-118.733509,200,929.812553
-129.202172,200,930.454555
-116.561729,200,931.092599
-233.279561,200,931.728067
-232.397975,200,932.362247
-117.502528,200,932.998498
-298.624623,200,933.635448
-1.440291,200,934.279107
-114.537373,200,934.935055
-119.897979,200,935.672715
-118.72503,200,936.750213
-225.646474,200,937.41136
-113.883934,200,938.082519
-1.911497,200,938.750373
-125.299797,200,939.418263
-2.435643,200,940.08549
-1.276644,200,940.753269
-224.479814,200,941.420101
-116.888624,200,942.085466
-220.0146,200,942.751763
-295.553668,200,943.527409
-126.357027,200,944.200594
-116.894786,200,944.867165
-228.119503,200,945.534354
-122.382428,200,946.200618
-119.635049,200,946.865392
-127.29016,200,947.531749
-118.675156,200,948.196934
-1.228283,200,948.863192
-120.613272,200,949.529472
-216.538128,200,950.30693
-128.607455,200,950.977599
-127.460761,200,951.644826
-244.629927,200,952.318528
-236.350101,200,953.026399
-115.805443,200,953.732565
-116.091341,200,954.400279
-318.628484,200,955.069839
-119.120963,200,955.73556
-117.109873,200,956.400184
-228.20078,200,957.1807
-240.730109,200,957.851312
-267.755714,200,958.516075
-125.0528,200,959.189072
-120.932251,200,959.855725
-231.471765,200,960.522232
-1.289777,200,961.187792
-116.361946,200,961.853926
-117.515473,200,962.520252
-244.670759,200,963.185113
-126.413383,200,963.961867
-119.104765,200,964.634049
-118.192147,200,965.300616
-121.073282,200,965.967244
-117.484659,200,966.632443
-118.249504,200,967.298733
-117.255455,200,967.964663
-2.227571,200,968.629922
-119.581612,200,969.295503
-1.950952,200,969.961373
-131.216331,200,970.73939
-128.723909,200,971.411401
-124.704051,200,972.079435
-119.061245,200,972.938911
-128.526094,200,973.734451
-220.692672,200,974.402136
-116.88235,200,975.070109
-119.500555,200,975.738198
-119.902719,200,976.404635
-3.138509,200,977.071571
-1.146522,200,977.8491
-123.533467,200,978.521988
-118.998645,200,979.18905
-122.876157,200,979.917767
-126.700818,200,980.697385
-116.261514,200,981.365817
-117.155188,200,982.031693
-130.438284,200,982.698952
-241.098114,200,983.365803
-119.45711,200,984.031645
-235.812309,200,984.809994
-125.157953,200,985.483718
-5.794135,200,986.151359
-126.027924,200,986.819622
-119.632098,200,987.641368
-237.488259,200,988.34884
-218.528554,200,989.016566
-1.631132,200,989.684288
-118.609608,200,990.352085
-233.232537,200,991.018252
-224.682298,200,991.796158
-228.112335,200,992.466697
-113.921384,200,993.132767
-126.031878,200,993.802521
-296.800929,200,994.547491
-128.503751,200,995.304863
-114.476943,200,995.973217
-118.475748,200,996.639725
-229.695274,200,997.30789
-119.911836,200,997.975157
-220.789064,200,998.754036
-114.208304,200,999.433103
-116.65427,200,1000.101653
-115.892317,200,1000.769056
-125.984773,200,1001.438432
-117.215676,200,1002.291515
-243.685707,200,1002.962002
-116.781786,200,1003.628616
-115.534205,200,1004.296599
-123.769909,200,1004.962593
-115.450827,200,1005.74074
-223.450437,200,1006.411742
-126.627422,200,1007.078232
-118.615032,200,1007.744217
-233.831631,200,1008.411696
-123.486929,200,1009.078949
-1.716259,200,1009.744559
-220.897437,200,1010.412084
-119.409822,200,1011.079622
-115.042431,200,1011.745988
-125.052289,200,1012.523627
-218.489939,200,1013.194599
-122.440184,200,1013.900961
-125.374101,200,1014.609256
-273.064836,200,1015.275749
-221.439981,200,1015.943472
-3.532326,200,1016.610469
-117.194137,200,1017.278003
-118.371599,200,1017.944943
-323.736299,200,1018.611616
-118.347427,200,1019.39122
-118.976739,200,1020.063177
-284.964145,200,1020.863299
-1.144011,200,1021.736763
-226.88343,200,1022.406603
-234.702114,200,1023.089824
-120.378694,200,1023.761396
-216.81898,200,1024.648544
-227.622016,200,1025.321124
-0.951317,200,1025.989776
-301.690579,200,1026.769312
-119.139974,200,1027.44248
-220.82066,200,1028.110426
-239.366243,200,1028.777646
-119.691138,200,1029.445045
-126.235289,200,1030.111188
-3.543449,200,1030.97742
-222.499221,200,1031.670901
-227.155644,200,1032.339921
-2.535711,200,1033.009695
-119.071398,200,1033.796654
-117.049165,200,1034.469608
-219.497382,200,1035.138801
-118.082468,200,1035.80925
-222.71186,200,1036.47878
-120.800337,200,1037.166833
-0.892986,200,1038.032408
-226.048457,200,1038.701601
-118.896584,200,1039.369956
-118.629693,200,1040.039136
-2.340347,200,1040.84851
-128.176533,200,1041.623237
-222.807439,200,1042.293112
-121.192058,200,1042.966802
-0.955253,200,1043.63485
-234.440323,200,1044.304848
-123.184595,200,1045.088491
-308.225727,200,1045.757892
-283.587513,200,1046.425224
-113.915303,200,1047.092964
-118.473832,200,1047.872297
-116.311932,200,1048.548583
-117.905034,200,1049.215628
-2.158382,200,1049.882673
-226.79525,200,1050.549851
-247.730727,200,1051.252447
-116.272108,200,1052.04367
-115.386789,200,1052.712943
-2.151097,200,1053.383797
-1.610824,200,1054.051177
-281.255314,200,1054.835257
-119.721241,200,1055.505269
-125.155549,200,1056.17077
-117.389406,200,1056.83392
-124.631619,200,1057.497337
-220.775387,200,1058.160466
-116.261245,200,1058.823409
-0.953344,200,1059.489311
-115.492981,200,1060.152618
-218.626039,200,1060.815522
-231.279435,200,1061.590376
-116.623232,200,1062.299835
-0.741656,200,1063.003138
-0.906372,200,1063.667445
-119.174699,200,1064.330976
-114.85569,200,1064.995445
-118.986681,200,1065.659472
-116.593623,200,1066.322854
-117.049308,200,1066.986257
-118.881969,200,1067.651015
-246.981043,200,1068.426718
-118.802374,200,1069.098447
-222.827697,200,1069.763312
-224.884538,200,1070.426563
-118.606806,200,1071.090305
-1.182472,200,1071.75305
-113.053838,200,1072.417379
-122.627839,200,1073.080407
-0.728249,200,1073.744211
-128.825823,200,1074.407761
-225.661327,200,1075.181822
-220.798346,200,1075.850035
-0.632502,200,1076.515267
-0.499394,200,1077.179158
-114.993931,200,1077.842266
-217.14049,200,1078.504592
-124.371109,200,1079.168616
-119.664451,200,1079.831541
-117.47805,200,1080.494631
-117.289767,200,1081.158346
-0.599804,200,1081.932654
-118.433497,200,1082.601802
-119.805003,200,1083.265158
-228.908498,200,1083.929214
-222.29322,200,1084.592194
-115.638082,200,1085.254995
-0.739198,200,1085.918562
-1.195012,200,1086.5816
-231.043209,200,1087.244607
-4.76004,200,1087.907072
-114.16992,200,1088.680059
-120.217424,200,1089.35818
-123.335287,200,1090.023797
-216.800313,200,1090.688713
-114.932002,200,1091.352977
-129.349498,200,1092.016303
-225.553006,200,1092.679247
-228.995512,200,1093.341716
-126.636996,200,1094.003913
-221.841497,200,1094.66734
-2.0403,200,1095.442895
-115.840837,200,1096.109623
-300.856407,200,1096.773554
-0.135636,200,1097.437433
-124.868699,200,1098.101439
-2.76245,200,1098.765435
-114.674835,200,1099.430299
-223.916824,200,1100.093484
-236.903166,200,1100.757259
-277.178504,200,1101.419949
-123.146288,200,1102.19453
-119.525167,200,1102.862485
-298.012497,200,1103.526049
-0.477614,200,1104.189491
-4.705574,200,1104.852447
-119.018096,200,1105.514431
-125.002344,200,1106.177226
-220.656933,200,1106.839737
-219.988453,200,1107.501987
-313.963043,200,1108.164342
-241.352049,200,1108.939136
-120.10506,200,1109.607782
-319.176959,200,1110.271641
-117.42379,200,1110.935728
-118.706381,200,1111.598704
-230.976876,200,1112.262789
-121.79805,200,1112.925419
-118.639658,200,1113.588306
-118.822857,200,1114.251174
-1.332956,200,1114.913907
-232.560949,200,1115.687737
-230.756933,200,1116.355253
-0.339163,200,1117.018759
-126.825971,200,1117.682982
-124.781277,200,1118.346308
-220.224952,200,1119.010285
-228.793079,200,1119.675897
-116.316277,200,1120.338962
-122.644642,200,1121.001928
-124.231443,200,1121.664819
-122.171152,200,1122.441889
-117.928852,200,1123.110477
-124.267449,200,1123.774502
-121.114954,200,1124.438271
-219.118947,200,1125.101737
-1.29285,200,1125.765123
-2.022793,200,1126.428388
-4.332037,200,1127.091501
-125.955061,200,1127.754051
-1.831452,200,1128.418239
-120.81849,200,1129.193072
-224.426284,200,1129.860714
-124.892949,200,1130.52398
-128.300644,200,1131.187518
-130.7439,200,1131.850918
-226.678673,200,1132.513857
-220.245745,200,1133.176833
-123.080673,200,1133.839563
-299.793629,200,1134.502893
-261.950864,200,1135.166636
-119.780399,200,1135.940807
-119.032356,200,1136.608352
-125.23048,200,1137.272139
-125.415117,200,1137.936026
-232.358277,200,1138.598681
-123.195238,200,1139.262959
-234.721912,200,1139.92578
-8.834906,200,1140.588923
-324.10854,200,1141.251327
-136.081878,200,1141.912946
-10.936902,200,1142.687031
-225.718038,200,1143.356201
-123.076087,200,1144.01913
-12.096095,200,1144.682819
-133.10969,200,1145.344066
-128.033874,200,1146.007389
-126.010928,200,1146.669433
-131.751258,200,1147.331317
-139.140561,200,1147.993518
-136.549982,200,1148.656635
-131.172614,200,1149.449065
-229.409839,200,1150.123168
-233.590541,200,1150.79165
-137.543157,200,1151.458565
-13.392877,200,1152.125622
-137.328381,200,1152.792301
-239.803605,200,1153.458104
-234.944737,200,1154.295976
-126.141117,200,1155.128565
-240.077892,200,1155.797036
-229.006153,200,1156.57647
-127.483875,200,1157.249496
-130.515294,200,1157.917131
-124.9884,200,1158.584329
-134.83281,200,1159.252664
-236.021468,200,1159.919338
-124.900879,200,1160.586467
-227.941589,200,1161.253398
-245.281554,200,1161.919987
-236.300718,200,1162.585333
-128.658689,200,1163.362081
-14.609212,200,1164.033387
-139.75275,200,1164.702351
-228.46152,200,1165.369096
-134.615485,200,1166.036047
-132.502142,200,1166.701536
-239.789264,200,1167.368294
-132.205097,200,1168.034016
-130.425946,200,1168.699313
-132.08208,200,1169.364774
-133.266359,200,1170.144168
-140.550677,200,1170.816481
-18.113683,200,1171.521656
-133.286944,200,1172.227684
-134.330273,200,1172.893087
-134.588242,200,1173.558127
-240.186595,200,1174.224377
-130.334138,200,1174.88855
-237.154086,200,1175.55413
-122.532298,200,1176.220568
-126.314527,200,1176.998574
-319.306483,200,1177.66747
-128.913254,200,1178.333748
-222.331843,200,1178.999553
-3.518012,200,1179.665392
-228.939323,200,1180.330277
-3.476578,200,1180.994873
-122.644102,200,1181.659481
-230.430756,200,1182.324663
-121.961596,200,1182.990417
-233.630615,200,1183.765859
-4.085474,200,1184.437835
-227.655024,200,1185.104216
-120.959209,200,1185.769723
-122.876431,200,1186.435866
-128.521542,200,1187.101175
-124.617118,200,1187.77151
-128.977096,200,1188.437158
-246.811571,200,1189.103047
-117.497154,200,1189.768288
-119.655381,200,1190.543235
-293.283501,200,1191.213769
-117.634387,200,1191.879661
-308.574712,200,1192.546218
-228.716149,200,1193.212765
-118.725277,200,1193.879425
-244.130537,200,1194.546089
-118.76318,200,1195.212035
-223.590817,200,1195.877859
-121.128335,200,1196.543502
-238.648799,200,1197.322058
-216.843162,200,1197.995233
-253.900277,200,1198.661118
-289.255921,200,1199.334807
-127.264963,200,1200.001017
-221.748203,200,1200.667411
-116.196618,200,1201.333751
-2.34404,200,1201.999195
-124.401311,200,1202.664573
-243.113256,200,1203.330264
-117.963871,200,1204.116565
-121.642139,200,1204.810713
-287.953477,200,1205.556944
-227.429357,200,1206.260644
-307.518708,200,1206.939304
-117.552857,200,1207.609681
-124.447303,200,1208.276272
-117.848217,200,1208.943349
-133.273219,200,1209.606753
-124.8462,200,1210.269156
-130.875443,200,1211.044116
-119.567859,200,1211.712917
-127.698001,200,1212.376681
-119.290302,200,1213.039736
-231.212809,200,1213.702753
-122.584421,200,1214.365306
-118.15218,200,1215.028516
-6.885007,200,1215.692214
-237.170557,200,1216.354594
-118.357882,200,1217.017186
-128.933042,200,1217.792204
-294.061143,200,1218.46461
-1.858907,200,1219.131016
-1.876396,200,1219.796934
-4.881456,200,1220.46286
-243.016027,200,1221.127027
-3.211606,200,1221.80154
-2.639674,200,1222.467357
-234.258836,200,1223.131037
-126.793421,200,1223.794605
-117.345593,200,1224.571179
-270.696232,200,1225.242973
-4.670612,200,1225.909131
-127.528349,200,1226.584754
-124.001621,200,1227.248641
-123.948877,200,1227.912443
-230.358843,200,1228.574565
-2.183114,200,1229.237976
-127.463217,200,1229.901452
-231.412459,200,1230.565379
-121.130962,200,1231.339892
-226.440106,200,1232.008091
-119.840332,200,1232.671939
-323.463843,200,1233.335773
-127.51056,200,1233.998795
-243.100243,200,1234.660864
-226.885661,200,1235.324287
-129.376838,200,1235.987145
-126.425599,200,1236.651102
-118.699462,200,1237.313771
-1.976983,200,1238.087797
-243.091503,200,1238.755285
-4.571103,200,1239.42184
-119.44004,200,1240.085141
-117.906784,200,1240.748035
-118.991694,200,1241.412543
-237.356757,200,1242.07528
-226.571362,200,1242.737414
-245.146841,200,1243.40053
-132.179645,200,1244.062826
-123.565902,200,1244.836402
-121.35347,200,1245.503072
-125.984159,200,1246.204057
-121.516754,200,1246.868956
-222.475138,200,1247.534818
-229.261216,200,1248.197606
-118.287901,200,1248.860004
-119.634885,200,1249.523782
-117.62404,200,1250.186773
-124.387896,200,1250.849158
-122.955836,200,1251.622651
-228.360377,200,1252.293569
-129.585259,200,1252.956065
-235.763132,200,1253.618999
-225.414413,200,1254.282161
-114.756681,200,1254.94554
-222.603915,200,1255.608283
-230.272483,200,1256.272398
-244.950891,200,1256.935508
-126.492823,200,1257.59819
-122.967055,200,1258.375884
-258.333666,200,1259.195479
-2.885851,200,1260.030697
-227.324728,200,1260.699255
-235.460135,200,1261.364877
-114.988554,200,1262.032542
-318.227737,200,1262.822274
-117.63265,200,1263.511746
-119.701964,200,1264.179618
-126.039004,200,1264.848462
-228.968257,200,1265.627118
-0.977106,200,1266.300666
-255.399877,200,1266.968216
-125.91417,200,1267.635468
-1.90942,200,1268.302778
-126.144333,200,1268.971546
-115.32502,200,1269.64208
-117.924146,200,1270.309216
-118.808856,200,1270.974998
-129.229642,200,1271.640137
-119.812563,200,1272.418565
-124.744009,200,1273.091349
-120.619663,200,1273.758582
-130.200104,200,1274.425655
-230.303234,200,1275.091428
-117.898146,200,1275.758303
-118.625379,200,1276.459838
-222.040727,200,1277.166884
-224.618512,200,1277.833466
-114.130987,200,1278.499808
-124.304157,200,1279.28391
-228.36387,200,1279.95634
-0.842362,200,1280.623366
-126.739736,200,1281.289802
-311.192566,200,1281.953984
-334.074282,200,1282.618844
-225.147656,200,1283.284147
-119.669914,200,1283.954839
-387.280738,200,1284.623825
-1.566991,200,1285.292924
-300.934833,200,1286.072252
-228.834895,200,1286.74366
-113.914622,200,1287.410009
-229.152507,200,1288.076555
-232.433957,200,1288.742841
-227.622333,200,1289.408805
-223.122353,200,1290.074719
-217.726744,200,1290.740841
-216.975049,200,1291.407284
-248.915454,200,1292.073925
-225.958169,200,1292.850922
-120.757027,200,1293.522179
-115.029717,200,1294.188855
-117.109153,200,1294.855077
-230.990344,200,1295.520535
-117.359369,200,1296.186685
-123.565321,200,1296.853185
-118.810261,200,1297.518212
-127.171455,200,1298.184086
-222.725376,200,1298.849242
-125.308484,200,1299.630513
-119.370051,200,1300.302197
-127.612609,200,1300.971338
-124.471422,200,1301.908118
-292.048174,200,1302.62149
-117.363265,200,1303.28863
-118.104065,200,1303.956877
-115.418131,200,1304.626615
-116.671635,200,1305.293937
-115.311894,200,1305.960712
-226.647431,200,1306.739309
-230.038509,200,1307.412939
-128.506808,200,1308.079612
-117.94844,200,1308.819825
-116.696688,200,1309.605467
-227.633242,200,1310.274634
-217.641703,200,1310.941257
-217.499662,200,1311.608527
-115.887442,200,1312.333588
-123.321976,200,1313.078573
-118.681014,200,1313.877897
-116.217536,200,1314.553607
-126.192076,200,1315.22215
-116.679607,200,1315.891521
-238.321406,200,1316.749982
-0.56771,200,1317.502012
-117.41926,200,1318.265806
-117.440097,200,1318.934563
-222.836126,200,1319.605231
-128.420489,200,1320.271527
-117.456982,200,1321.052192
-225.271499,200,1321.72444
-129.217971,200,1322.389213
-233.429436,200,1323.055509
-4.085373,200,1323.722893
-119.204269,200,1324.410932
-217.248009,200,1325.216509
-217.151412,200,1325.884959
-127.754138,200,1326.552183
-113.991057,200,1327.220473
-119.061833,200,1327.998233
-127.197565,200,1328.672178
-123.573167,200,1329.339673
-125.089451,200,1330.00517
-117.205835,200,1330.668252
-235.294142,200,1331.331878
-241.060887,200,1331.994612
-122.520438,200,1332.657458
-117.329457,200,1333.321013
-125.440686,200,1333.983621
-1.436211,200,1334.799217
-288.779027,200,1335.505442
-0.850953,200,1336.17574
-125.17351,200,1336.845452
-114.230592,200,1337.513672
-119.981961,200,1338.181211
-314.325868,200,1338.848311
-116.319027,200,1339.515729
-124.515156,200,1340.181156
-114.34286,200,1340.847191
-123.946194,200,1341.625144
-314.421788,200,1342.294174
-115.866848,200,1342.958997
-291.45092,200,1343.62396
-125.435346,200,1344.288912
-1.847251,200,1344.952762
-116.251935,200,1345.616044
-3.217507,200,1346.279259
-226.657363,200,1346.942242
-1.165309,200,1347.606246
-0.998493,200,1348.388361
-223.207539,200,1349.058694
-222.438469,200,1349.72252
-116.478091,200,1350.385428
-115.077764,200,1351.048585
-118.269347,200,1351.712132
-127.589515,200,1352.375564
-124.121624,200,1353.038388
-2.192732,200,1353.701372
-119.998556,200,1354.365498
-224.662922,200,1355.143402
-130.317096,200,1355.81191
-305.525903,200,1356.477271
-117.737814,200,1357.140847
-125.198117,200,1357.803539
-2.602802,200,1358.46699
-119.14297,200,1359.130968
-120.749801,200,1359.794286
-117.369443,200,1360.458164
-123.533,200,1361.120627
-122.81559,200,1361.894227
-1.951662,200,1362.562452
-126.877554,200,1363.234769
-296.444352,200,1363.902342
-125.125807,200,1364.567363
-117.074436,200,1365.232325
-226.104453,200,1365.895272
-117.885855,200,1366.557701
-127.608371,200,1367.220532
-2.816198,200,1367.882279
-124.873895,200,1368.657977
-295.387087,200,1369.324768
-228.630229,200,1369.988562
-119.227207,200,1370.6514
-248.486475,200,1371.314699
-227.90238,200,1371.978081
-5.730112,200,1372.640228
-122.020432,200,1373.302239
-121.29266,200,1373.964388
-233.732214,200,1374.626748
-311.343364,200,1375.408062
-126.645108,200,1376.074405
-2.956903,200,1376.738264
-116.455149,200,1377.400283
-116.504901,200,1378.063714
-229.240046,200,1378.726927
-2.593771,200,1379.391333
-118.924567,200,1380.053104
-124.499012,200,1380.716623
-3.182542,200,1381.378627
-226.17935,200,1382.152605
-121.005942,200,1382.820867
-127.886006,200,1383.491416
-306.635515,200,1384.157627
-3.405689,200,1385.005838
-127.090029,200,1385.834523
-219.080196,200,1386.503263
-128.94199,200,1387.171801
-128.78931,200,1387.838538
-115.735503,200,1388.605454
-127.574445,200,1389.451384
-224.255475,200,1390.123458
-118.369511,200,1390.791284
-120.681162,200,1391.582962
-118.09175,200,1392.257132
-117.650051,200,1392.924951
-127.826514,200,1393.590864
-279.799604,200,1394.255982
-222.052376,200,1394.921637
-224.110801,200,1395.587692
-2.600234,200,1396.36269
-318.024552,200,1397.033105
-130.383627,200,1397.698308
-227.71026,200,1398.36412
-3.435483,200,1399.029465
-126.611828,200,1399.694549
-222.708177,200,1400.358982
-118.359308,200,1401.022996
-125.982962,200,1401.726296
-118.890299,200,1402.428188
-121.099031,200,1403.211768
-2.700862,200,1403.883101
-125.078269,200,1404.548223
-226.418735,200,1405.211405
-121.692783,200,1405.877287
-235.146599,200,1406.542075
-125.925417,200,1407.208383
-222.201069,200,1407.872954
-120.91382,200,1408.537783
-121.828208,200,1409.203818
-231.562562,200,1409.980448
-300.496359,200,1410.651925
-232.372926,200,1411.320821
-300.211163,200,1411.985819
-222.536374,200,1412.651933
-233.041497,200,1413.318882
-116.636842,200,1413.985151
-125.777434,200,1414.651412
-122.802223,200,1415.498949
-3.440984,200,1416.307008
-310.181574,200,1417.085674
-121.234665,200,1417.757425
-120.990983,200,1418.424611
-4.342959,200,1419.090613
-128.319687,200,1419.76359
-233.441203,200,1420.42979
-124.685005,200,1421.198341
-234.436653,200,1421.910756
-236.88366,200,1422.577447
-121.672695,200,1423.243439
-126.192184,200,1424.023393
-231.136109,200,1424.697416
-120.027564,200,1425.364954
-2.326584,200,1426.031009
-117.413218,200,1426.697797
-303.14308,200,1427.374687
-287.881799,200,1428.199596
-120.197972,200,1428.867484
-217.599484,200,1429.534952
-119.867315,200,1430.260372
-124.993683,200,1431.096115
-115.529366,200,1431.769806
-118.757733,200,1432.437252
-127.401391,200,1433.105964
-230.096282,200,1433.77347
-2.346326,200,1434.438528
-1.615613,200,1435.161376
-114.603225,200,1435.935559
-300.375871,200,1436.604335
-222.002597,200,1437.272074
-223.780639,200,1438.049243
-117.493114,200,1438.720874
-222.340496,200,1439.388822
-119.358166,200,1440.055495
-289.657815,200,1440.721309
-1.102035,200,1441.386566
-1.356561,200,1442.058944
-125.795585,200,1442.88452
-114.205719,200,1443.552766
-126.83844,200,1444.219053
-119.109634,200,1444.994395
-1.266316,200,1445.662311
-232.725575,200,1446.3263
-2.234537,200,1446.990785
-129.124881,200,1447.654246
-117.068007,200,1448.317383
-116.678416,200,1448.98122
-116.921064,200,1449.644125
-126.050964,200,1450.306616
-288.689478,200,1450.969163
-117.584576,200,1451.745715
-127.567964,200,1452.412977
-127.938014,200,1453.076841
-119.11544,200,1453.740228
-116.022808,200,1454.404245
-127.074508,200,1455.066919
-117.803833,200,1455.730197
-119.216408,200,1456.41935
-119.924224,200,1457.12564
-116.690262,200,1457.78973
-228.165206,200,1458.564224
-1.883739,200,1459.234339
-129.329171,200,1459.897682
-117.967268,200,1460.561356
-114.54826,200,1461.223476
-217.950551,200,1461.887309
-126.980182,200,1462.549296
-118.257096,200,1463.212427
-119.063381,200,1463.874796
-230.211596,200,1464.536667
-314.228264,200,1465.310589
-119.98205,200,1465.977499
-119.229783,200,1466.640564
-222.652591,200,1467.303476
-127.300888,200,1467.966458
-228.903442,200,1468.628556
-122.206475,200,1469.292455
-117.862587,200,1469.956157
-116.99307,200,1470.618159
-117.773932,200,1471.282509
-127.691609,200,1472.060056
-121.023753,200,1472.731405
-123.433313,200,1473.397186
-228.07517,200,1474.062509
-1.199741,200,1474.726083
-127.440846,200,1475.388307
-223.21129,200,1476.050277
-124.784808,200,1476.7127
-119.472821,200,1477.374375
-124.012166,200,1478.036359
-125.993214,200,1478.810665
-1.136669,200,1479.480786
-275.271973,200,1480.143875
-225.599628,200,1480.806503
-115.379274,200,1481.469166
-122.595425,200,1482.131667
-126.860601,200,1482.794182
-1.145487,200,1483.456775
-224.097412,200,1484.121179
-125.338797,200,1484.774562
-120.740604,200,1485.529449
-117.401287,200,1486.183634
-117.011973,200,1486.835746
-126.26668,200,1487.487828
-222.239277,200,1488.139297
-1.959657,200,1488.791779
-125.764115,200,1489.457894
-234.893749,200,1490.127316
-130.171926,200,1490.781245
-243.125731,200,1491.437173
-117.543886,200,1492.206875
-122.076301,200,1492.866151
-115.538352,200,1493.812739
-129.798793,200,1494.706116
-118.029541,200,1495.384502
-244.152878,200,1496.045723
-324.740222,200,1496.701159
-319.709651,200,1497.356643
-296.497327,200,1498.006786
-318.100111,200,1498.662905
-127.555928,200,1499.434825
-221.782917,200,1500.100337
-229.818535,200,1500.772575
-119.646153,200,1501.429975
-125.009977,200,1502.079375
-1.913231,200,1502.739033
-127.014328,200,1503.397931
-115.388304,200,1504.060918
-224.110133,200,1504.71674
-121.890668,200,1505.370705
-124.706709,200,1506.18325
-117.647593,200,1506.849175
-118.792291,200,1507.504368
-235.317595,200,1508.15702
-218.836708,200,1508.811284
-119.094037,200,1509.463965
-127.262642,200,1510.117066
-122.840404,200,1510.819818
-125.023127,200,1511.532082
-265.657915,200,1512.193403
-122.046965,200,1512.963176
-120.658342,200,1513.62919
-119.736913,200,1514.279056
-217.636053,200,1514.928759
-233.048404,200,1515.577438
-124.775906,200,1516.225443
-314.438798,200,1516.870884
-242.280581,200,1517.520904
-231.582483,200,1518.167526
-218.451697,200,1518.82206
-133.345574,200,1519.599772
-115.314688,200,1520.255069
-119.71674,200,1520.908432
-121.351743,200,1521.557235
-121.567055,200,1522.208272
-125.03255,200,1522.876991
-221.296264,200,1523.546046
-118.102696,200,1524.212909
-129.2152,200,1524.876714
-125.383058,200,1525.532437
-117.379045,200,1526.290286
-0.95366,200,1526.94402
-119.932688,200,1527.591234
-1.265117,200,1528.235947
-114.790099,200,1528.879169
-125.672507,200,1529.524152
-114.580955,200,1530.165322
-248.169458,200,1530.806496
-126.587279,200,1531.453547
-226.785796,200,1532.105663
-2.982606,200,1532.859928
-306.486545,200,1533.50332
-114.133773,200,1534.146576
-117.39064,200,1534.813247
-118.985735,200,1535.487493
-258.149729,200,1536.557638
-250.869393,200,1537.29269
-235.468835,200,1537.938637
-115.355292,200,1538.577182
-117.924417,200,1539.220643
-127.968732,200,1539.973325
-1.537005,200,1540.61591
-127.155262,200,1541.253876
-127.610189,200,1541.942752
-118.877477,200,1542.761831
-119.9176,200,1543.423869
-220.151597,200,1544.06428
-116.436231,200,1544.717358
-312.417154,200,1545.361396
-116.245543,200,1546.000541
-116.554142,200,1546.77798
-0.491198,200,1547.45735
-0.756071,200,1548.124348
-126.697267,200,1548.901095
-241.196442,200,1549.672467
-282.719033,200,1550.322048
-229.424395,200,1550.993757
-116.796792,200,1551.661633
-225.939737,200,1552.4627
-117.01553,200,1553.149021
-126.021755,200,1553.905736
-224.081567,200,1554.548192
-241.843432,200,1555.189801
-122.925433,200,1555.830276
-126.307468,200,1556.499203
-123.081968,200,1557.168305
-116.2007,200,1557.918441
-228.766849,200,1558.688311
-224.635819,200,1559.338911
-292.703117,200,1559.98
-228.318111,200,1560.765916
-1.330515,200,1561.441155
-121.123079,200,1562.110157
-231.807641,200,1562.77744
-3.88502,200,1563.444203
-122.006339,200,1564.10968
-122.180416,200,1564.920783
-1.663639,200,1565.632691
-221.669379,200,1566.271215
-242.172389,200,1566.917669
-114.375543,200,1567.686863
-221.662395,200,1568.347877
-116.202812,200,1568.998796
-242.544629,200,1569.637538
-222.70898,200,1570.27493
-228.35405,200,1570.913625
-128.007935,200,1571.555171
-249.248947,200,1572.194632
-221.253008,200,1572.833776
-118.881359,200,1573.47214
-124.27327,200,1574.22149
-3.744301,200,1574.868301
-116.345539,200,1575.505017
-128.731476,200,1576.147684
-124.912099,200,1576.791546
-254.561439,200,1577.485651
-127.181083,200,1578.177912
-124.735414,200,1578.817372
-224.114801,200,1579.45807
-129.029246,200,1580.095611
-281.394616,200,1580.845011
-3.214647,200,1581.483018
-243.709742,200,1582.132532
-2.761686,200,1582.7704
-329.362475,200,1583.416405
-114.326686,200,1584.052164
-119.138501,200,1584.690716
-242.087915,200,1585.327226
-225.933521,200,1585.963429
-127.863579,200,1586.603641
-122.202897,200,1587.352305
-1.9038,200,1587.994118
-229.529957,200,1588.634235
-218.15587,200,1589.270605
-2.116455,200,1589.905841
-1.364347,200,1590.540501
-118.747693,200,1591.174735
-223.76561,200,1591.809128
-229.297921,200,1592.461394
-274.855578,200,1593.126262
-1.051606,200,1593.901558
-300.310681,200,1594.569721
-121.451714,200,1595.234523
-293.802883,200,1595.897953
-118.798614,200,1596.561248
-126.401369,200,1597.227012
-243.781685,200,1597.890253
-222.951533,200,1598.554127
-125.778999,200,1599.217259
-227.671926,200,1599.880054
-123.08949,200,1600.654719
-118.73818,200,1601.322824
-217.243165,200,1601.993351
-303.634442,200,1602.66017
-126.161245,200,1603.326548
-286.339115,200,1603.993426
-276.518895,200,1604.658274
-118.214781,200,1605.325109
-2.21093,200,1606.169565
-124.082924,200,1607.018789
-117.21388,200,1607.799842
-225.403118,200,1608.473872
-3.419219,200,1609.14162
-121.458425,200,1609.811806
-127.275966,200,1610.478085
-237.413612,200,1611.146373
-277.771872,200,1611.812971
-125.8811,200,1612.480665
-121.782402,200,1613.146013
-4.739114,200,1613.815246
-1.021082,200,1614.793458
-235.412372,200,1615.454595
-1.759966,200,1616.121508
-0.853091,200,1616.788392
-269.201827,200,1617.455281
-225.489476,200,1618.122492
-295.483832,200,1618.788238
-118.942118,200,1619.454526
-230.32177,200,1620.121623
-131.850167,200,1620.790326
-228.209544,200,1621.569813
-118.892732,200,1622.242027
-0.842831,200,1622.949485
-221.174419,200,1623.656659
-119.026711,200,1624.323559
-119.182625,200,1624.99164
-220.393244,200,1625.657542
-121.839025,200,1626.373835
-129.173506,200,1627.341169
-229.97897,200,1628.001782
-116.741144,200,1628.781526
-1.58812,200,1629.455473
-117.05479,200,1630.124583
-126.151627,200,1630.791938
-1.726313,200,1631.459033
-1.848755,200,1632.124228
-127.176709,200,1632.826979
-216.382112,200,1633.68848
-117.18483,200,1634.352914
-114.243097,200,1635.021798
-223.343417,200,1635.801926
-120.530416,200,1636.531261
-125.184406,200,1637.308461
-126.201216,200,1637.984085
-117.565934,200,1638.65243
-119.471394,200,1639.342677
-119.244469,200,1640.109676
-227.080548,200,1640.754193
-115.269747,200,1641.410336
-117.090928,200,1642.079663
-117.012186,200,1642.859137
-127.376317,200,1643.532848
-117.131192,200,1644.200048
-295.953084,200,1644.867548
-0.486522,200,1645.532965
-118.527244,200,1646.324854
-242.071123,200,1647.043049
-119.21979,200,1647.70005
-123.524936,200,1648.367158
-216.423877,200,1649.033536
-221.208317,200,1649.813326
-117.366489,200,1650.484844
-116.29965,200,1651.151077
-217.312754,200,1651.816511
-115.509323,200,1652.483567
-126.328791,200,1653.150219
-228.332249,200,1653.815295
-119.582786,200,1654.575122
-0.373661,200,1655.390324
-309.021069,200,1656.050045
-226.572991,200,1656.830583
-248.387398,200,1657.502801
-117.825219,200,1658.168032
-118.527988,200,1658.834508
-123.818364,200,1659.51231
-115.517309,200,1660.177111
-126.59233,200,1660.921649
-296.49153,200,1661.692829
-118.048878,200,1662.328979
-1.578532,200,1662.965061
-117.539176,200,1663.748326
-122.400278,200,1664.420133
-305.977688,200,1665.087368
-126.039338,200,1665.755353
-123.50277,200,1666.420479
-113.425128,200,1667.083
-227.071551,200,1667.745324
-217.69411,200,1668.408157
-123.452711,200,1669.07348
-113.751945,200,1669.74082
-117.201457,200,1670.521041
-315.429128,200,1671.187846
-1.712321,200,1671.821789
-114.912157,200,1672.462431
-223.932239,200,1673.109441
-0.621765,200,1673.754575
-117.472556,200,1674.399801
-222.635951,200,1675.041309
-116.507119,200,1675.681489
-227.165819,200,1676.37351
-296.484951,200,1677.175057
-232.273074,200,1677.821269
-227.61641,200,1678.460123
-121.783126,200,1679.096321
-118.625801,200,1679.734453
-228.378052,200,1680.376457
-1.43515,200,1681.01728
-121.445533,200,1681.655678
-301.601698,200,1682.291235
-126.402242,200,1682.937401
-228.298696,200,1683.689838
-123.223835,200,1684.333711
-225.964256,200,1685.00416
-118.317995,200,1685.670797
-229.285161,200,1686.339163
-2.379936,200,1687.315646
-119.016805,200,1688.06386
-295.207445,200,1688.724534
-225.631373,200,1689.396229
-120.584532,200,1690.062437
-1.025097,200,1690.841273
-116.740877,200,1691.514753
-1.276106,200,1692.182642
-121.300019,200,1692.850856
-116.137376,200,1693.517942
-236.6356,200,1694.184769
-119.29506,200,1694.850959
-115.857994,200,1695.51956
-125.843678,200,1696.185528
-129.816765,200,1696.851808
-302.348365,200,1697.630124
-126.968035,200,1698.30079
-118.423124,200,1698.970359
-120.578817,200,1699.638933
-122.243478,200,1700.304938
-124.040424,200,1700.970822
-119.476446,200,1701.637573
-224.172162,200,1702.302427
-220.456479,200,1702.9686
-223.265154,200,1703.635069
-2.187864,200,1704.467076
-118.832229,200,1705.139814
-241.554912,200,1705.807506
-118.855176,200,1706.473502
-119.961652,200,1707.140572
-117.377631,200,1707.806131
-126.971285,200,1708.472572
-113.964217,200,1709.140261
-131.088422,200,1709.805762
-131.702609,200,1710.475615
-6.80773,200,1711.560795
-231.92107,200,1712.258451
-116.976781,200,1712.929184
-124.483172,200,1713.597454
-222.940295,200,1714.265691
-126.053664,200,1714.932363
-118.295825,200,1715.675661
-121.365307,200,1716.415717
-223.470671,200,1717.077644
-120.281632,200,1717.7481
-126.720176,200,1718.534963
-318.378676,200,1719.205876
-119.132468,200,1719.873228
-227.450029,200,1720.540568
-244.048334,200,1721.210639
-218.740967,200,1721.877487
-119.163795,200,1722.547607
-302.056639,200,1723.368423
-1.64317,200,1724.046048
-117.805146,200,1724.713646
-127.929291,200,1725.492876
-119.815862,200,1726.163618
-117.791349,200,1726.830652
-305.673653,200,1727.496053
-121.705344,200,1728.162852
-309.645749,200,1728.82953
-220.24804,200,1729.605874
-3.884462,200,1730.334653
-117.872892,200,1731.007867
-273.245287,200,1731.665187
-117.413355,200,1732.443495
-124.756539,200,1733.126273
-126.185777,200,1733.922525
-119.810828,200,1734.578404
-119.34577,200,1735.249227
-122.76508,200,1735.938663
-119.552203,200,1736.718855
-117.599613,200,1737.384897
-222.590961,200,1738.024283
-232.508466,200,1738.681343
-239.523332,200,1739.460633
-5.377545,200,1740.121934
-119.93187,200,1740.760876
-231.173276,200,1741.409913
-238.567405,200,1742.050289
-126.526361,200,1742.688471
-239.525504,200,1743.515479
-2.251848,200,1744.234218
-126.420408,200,1744.891396
-230.875366,200,1745.533397
-118.885675,200,1746.287872
-123.954911,200,1746.934908
-125.200109,200,1747.57528
-240.328836,200,1748.214482
-117.579819,200,1748.884261
-128.989147,200,1749.55171
-118.31277,200,1750.322381
-235.537564,200,1751.186884
-125.284465,200,1751.836652
-117.969984,200,1752.47665
-2.135118,200,1753.231712
-116.742747,200,1753.877312
-115.392328,200,1754.516113
-124.767695,200,1755.176261
-230.109193,200,1755.844698
-305.490393,200,1756.510698
-3.006537,200,1757.3243
-131.015553,200,1758.054535
-2.674201,200,1758.698198
-118.757371,200,1759.351892
-119.118672,200,1760.136614
-126.807546,200,1760.812071
-222.849565,200,1761.481306
-119.12794,200,1762.145479
-126.399245,200,1762.811725
-3.777775,200,1763.478447
-122.373304,200,1764.337996
-122.351066,200,1765.004534
-123.057725,200,1765.642829
-122.761622,200,1766.28666
-220.211013,200,1767.063803
-220.49219,200,1767.737717
-297.060084,200,1768.406871
-4.179059,200,1769.073976
-123.28642,200,1769.741072
-117.398153,200,1770.409503
-129.469624,200,1771.263918
-236.780687,200,1771.931098
-121.337825,200,1772.574685
-116.190679,200,1773.215165
-308.914565,200,1773.967203
-117.836126,200,1774.626025
-228.094501,200,1775.272417
-120.184005,200,1775.927138
-2.449925,200,1776.595639
-2.066076,200,1777.261322
-302.447326,200,1777.928138
-313.112091,200,1778.709675
-3.195288,200,1779.460771
-228.875928,200,1780.105216
-1.800637,200,1780.85905
-120.527863,200,1781.503357
-127.734067,200,1782.142392
-126.237981,200,1782.779384
-128.208269,200,1783.418864
-2.089684,200,1784.059199
-223.969314,200,1784.6971
-118.01591,200,1785.344823
-127.942603,200,1785.982081
-119.785296,200,1786.621675
-230.685892,200,1787.378504
-222.691118,200,1788.038293
-119.863151,200,1788.691535
-129.597934,200,1789.344753
-121.218788,200,1789.985513
-232.343175,200,1790.62582
-119.875672,200,1791.27214
-126.617007,200,1791.912278
-129.471226,200,1792.5549
-221.847784,200,1793.193188
-227.053935,200,1794.026996
-219.613679,200,1794.690151
-291.224917,200,1795.331928
-120.821783,200,1795.973949
-131.107478,200,1796.611786
-119.005115,200,1797.250931
-123.354065,200,1797.889407
-310.045964,200,1798.530336
-231.404553,200,1799.167746
-122.892651,200,1799.803705
-120.479333,200,1800.551597
-234.169249,200,1801.195742
-127.752426,200,1801.831343
-124.712091,200,1802.465729
-119.966894,200,1803.100618
-121.397944,200,1803.734646
-127.074307,200,1804.368792
-221.646703,200,1805.003693
-128.842901,200,1805.637897
-232.445105,200,1806.271562
-119.195708,200,1807.079845
-119.352334,200,1807.722462
-128.724365,200,1808.358776
-251.945626,200,1808.994505
-122.573415,200,1809.629739
-119.625876,200,1810.26526
-119.340616,200,1810.932743
-120.318577,200,1811.596834
-308.743703,200,1812.260124
-120.316338,200,1812.923809
-124.608236,200,1813.698121
-125.214632,200,1814.36626
-218.421822,200,1815.030348
-120.839044,200,1815.692959
-128.194664,200,1816.3554
-313.126609,200,1817.01824
-119.812343,200,1817.681092
-224.324567,200,1818.344269
-5.40412,200,1819.007713
-123.574848,200,1819.672032
-2.200575,200,1820.446505
-116.263208,200,1821.114687
-121.46052,200,1821.778589
-116.201502,200,1822.442419
-115.233008,200,1823.105708
-127.717118,200,1823.775764
-115.076847,200,1824.440887
-239.250555,200,1825.104479
-127.112219,200,1825.767456
-118.777543,200,1826.430549
-126.473022,200,1827.206475
-124.455395,200,1827.874374
-128.013945,200,1828.537891
-228.052529,200,1829.201684
-3.526152,200,1829.864885
-121.839959,200,1830.528131
-121.345873,200,1831.190903
-120.109639,200,1831.854044
-123.344225,200,1832.516094
-125.81998,200,1833.179095
-2.732868,200,1833.952776
-114.449226,200,1834.619629
-231.687921,200,1835.283211
-1.958603,200,1835.946624
-121.603527,200,1836.610074
-281.202892,200,1837.273242
-119.809304,200,1837.935587
-319.188453,200,1838.598076
-122.19672,200,1839.26133
-125.524023,200,1839.924026
-125.190286,200,1840.697724
-126.222338,200,1841.365552
-121.57474,200,1842.028996
-3.102864,200,1842.691571
-117.789394,200,1843.354259
-117.385179,200,1844.016943
-129.93855,200,1844.67929
-217.588263,200,1845.342284
-121.101706,200,1846.004735
-118.135123,200,1846.667191
-227.552396,200,1847.440337
-117.09116,200,1848.107235
-121.272472,200,1848.770035
-119.49489,200,1849.433207
-233.410808,200,1850.096614
-119.332508,200,1850.759035
-1.34322,200,1851.421838
-118.425592,200,1852.083739
-233.027616,200,1852.74631
-123.050529,200,1853.408293
-126.22992,200,1854.182326
-4.575158,200,1854.849472
-1.574642,200,1855.512457
-118.763068,200,1856.174938
-128.073249,200,1856.837355
-119.689213,200,1857.500834
-126.583373,200,1858.166504
-127.113445,200,1858.833032
-231.483249,200,1859.509752
-1.47109,200,1860.176836
-2.221996,200,1860.959463
-125.49889,200,1861.95086
-240.100347,200,1862.624646
-119.949495,200,1863.293673
-2.974274,200,1863.963767
-304.449732,200,1864.632101
-121.32252,200,1865.300476
-122.742123,200,1865.967619
-120.123265,200,1866.803591
-222.018004,200,1867.491663
-122.296845,200,1868.271152
-297.353457,200,1868.945195
-118.927907,200,1869.613391
-120.797164,200,1870.282243
-119.122478,200,1870.950468
-122.201655,200,1871.651238
-123.345895,200,1872.413191
-5.030197,200,1873.082971
-121.047871,200,1873.75218
-236.307742,200,1874.419818
-2.5167,200,1875.200654
-120.836921,200,1875.875335
-117.144754,200,1876.541308
-224.789843,200,1877.206116
-117.066175,200,1877.873324
-216.755793,200,1878.540421
-121.60043,200,1879.224434
-117.843361,200,1880.046827
-1.244103,200,1880.715238
-222.662186,200,1881.383109
-121.118133,200,1882.165526
-128.564022,200,1882.83815
-227.74506,200,1883.506388
-125.652068,200,1884.174647
-223.266803,200,1884.843419
-119.631872,200,1885.50938
-117.010335,200,1886.236734
-2.121758,200,1887.018845
-240.55597,200,1887.687256
-119.454967,200,1888.356262
-222.410264,200,1889.144188
-125.926305,200,1889.818522
-314.032093,200,1890.486025
-249.136049,200,1891.15748
-1.984366,200,1891.829407
-119.437316,200,1892.497165
-126.501516,200,1893.262678
-2.647775,200,1894.019176
-219.982223,200,1894.69032
-117.383765,200,1895.359317
-233.213499,200,1896.17328
-235.987561,200,1896.940146
-241.364723,200,1897.609146
-123.019878,200,1898.278352
-1.804024,200,1898.947032
-218.288398,200,1899.614722
-122.461945,200,1900.396981
-125.739622,200,1901.115502
-2.305561,200,1901.784758
-0.683096,200,1902.453666
-221.756403,200,1903.235203
-224.499787,200,1903.909376
-115.914143,200,1904.580079
-221.305943,200,1905.249343
-219.41681,200,1905.917496
-1.942873,200,1906.623931
-123.15082,200,1907.417448
-118.232809,200,1908.088183
-221.258359,200,1908.755364
-126.728709,200,1909.422811
-120.136629,200,1910.202473
-233.866303,200,1910.877241
-288.157582,200,1911.551623
-126.753936,200,1912.22346
-225.018982,200,1912.892514
-223.116934,200,1913.579381
-282.260671,200,1914.398432
-125.44094,200,1915.067896
-128.583946,200,1915.73771
-293.39051,200,1916.407542
-116.105227,200,1917.188933
-115.358778,200,1917.867235
-115.797166,200,1918.536667
-222.778007,200,1919.211058
-223.513649,200,1919.880015
-1.046345,200,1920.547356
-129.208926,200,1921.235752
-118.321409,200,1922.081451
-220.140507,200,1922.751567
-221.346352,200,1923.421199
-237.645842,200,1924.204352
-235.075165,200,1924.881276
-121.22737,200,1925.550602
-219.874432,200,1926.218885
-120.114894,200,1926.886932
-119.323629,200,1927.554659
-313.774447,200,1928.3906
-123.942742,200,1929.061484
-119.135727,200,1929.730818
-116.669494,200,1930.400102
-231.172044,200,1931.179348
-126.756219,200,1931.858518
-128.03059,200,1932.52621
-115.740092,200,1933.194879
-121.082442,200,1933.863645
-226.020101,200,1934.531847
-316.808445,200,1935.354003
-226.504412,200,1936.035293
-230.047659,200,1936.704188
-124.080072,200,1937.372919
-314.392012,200,1938.15365
-121.531961,200,1938.82657
-0.726925,200,1939.504412
-245.167924,200,1940.173379
-115.794602,200,1940.840847
-118.000578,200,1941.509025
-118.793547,200,1942.321387
-124.492364,200,1943.031726
-231.722644,200,1943.702139
-230.911988,200,1944.370688
-115.399817,200,1945.150658
-121.0954,200,1945.824945
-269.247478,200,1946.491854
-115.347104,200,1947.160358
-215.318662,200,1947.828992
-222.972368,200,1948.525392
-122.748933,200,1949.332114
-221.627655,200,1950.00201
-216.20085,200,1950.670919
-130.602959,200,1951.340788
-236.101431,200,1952.121732
-117.28154,200,1952.795376
-0.284009,200,1953.464707
-229.442559,200,1954.132371
-119.055171,200,1954.800038
-125.698597,200,1955.469621
-122.089175,200,1956.309625
-231.860299,200,1956.981871
-127.932784,200,1957.651694
-1.021984,200,1958.319156
-0.430742,200,1959.098947
-219.26911,200,1959.778514
-0.777596,200,1960.448166
-120.079785,200,1961.118299
-116.247904,200,1961.786349
-123.315845,200,1962.455809
-261.817775,200,1963.251273
-113.772312,200,1963.967043
-0.751474,200,1964.636675
-118.860625,200,1965.305389
-220.764253,200,1966.084115
-127.719103,200,1966.756854
-236.363297,200,1967.428746
-279.209664,200,1968.097614
-113.809977,200,1968.766375
-225.860883,200,1969.435049
-119.666559,200,1970.273033
-218.479124,200,1970.945316
-261.512693,200,1971.614646
-5.777759,200,1972.284657
-124.959552,200,1973.06481
-114.932038,200,1973.739826
-225.337405,200,1974.408212
-313.211765,200,1975.076454
-118.891551,200,1975.744685
-116.495804,200,1976.412514
-116.157874,200,1977.108457
-115.486459,200,1977.919309
-230.259951,200,1978.589341
-118.336435,200,1979.260626
-119.005534,200,1980.039268
-116.204585,200,1980.70869
-119.457986,200,1981.374236
-116.675521,200,1982.037625
-116.821169,200,1982.701725
-124.231936,200,1983.365541
-231.156601,200,1984.033699
-221.159261,200,1984.697826
-118.596853,200,1985.361685
-119.865889,200,1986.024596
-118.718537,200,1986.800303
-127.757803,200,1987.469101
-231.340586,200,1988.133561
-124.002331,200,1988.796721
-116.309072,200,1989.461377
-114.685324,200,1990.125326
-221.557056,200,1990.788019
-0.92624,200,1991.450419
-303.674867,200,1992.117767
-3.104733,200,1992.861259
-114.351248,200,1993.636561
-118.951476,200,1994.303798
-229.066239,200,1994.967133
-0.922,200,1995.629681
-0.434003,200,1996.293472
-234.072141,200,1996.956943
-122.279807,200,1997.620029
-216.039507,200,1998.28342
-233.132444,200,1998.94576
-120.25573,200,1999.609245
-234.846596,200,2000.384816
-117.831542,200,2001.051881
-116.149612,200,2001.714418
-118.734312,200,2002.376488
-124.174546,200,2003.038233
-122.228888,200,2003.70054
-115.472073,200,2004.363589
-289.65617,200,2005.025845
-118.792478,200,2005.688195
-294.993311,200,2006.349605
-226.575308,200,2007.121913
-124.225629,200,2007.788574
-122.845824,200,2008.451995
-118.843697,200,2009.115797
-220.836022,200,2009.779273
-293.024695,200,2010.441687
-117.485378,200,2011.104028
-237.253169,200,2011.766101
-118.350677,200,2012.429075
-122.619274,200,2013.09169
-125.608829,200,2013.865074
-118.255641,200,2014.53204
-330.237148,200,2015.19553
-112.927312,200,2015.857826
-2.204241,200,2016.52019
-0.477545,200,2017.182798
-115.019618,200,2017.844754
-1.750215,200,2018.507477
-118.039473,200,2019.171036
-118.354186,200,2019.833106
-4.372469,200,2020.607094
-125.028352,200,2021.275028
-113.737985,200,2021.938925
-124.465942,200,2022.60208
-312.362702,200,2023.265423
-289.619088,200,2023.928858
-114.046523,200,2024.59159
-118.032043,200,2025.255181
-231.417676,200,2025.918076
-117.270392,200,2026.580373
-117.848954,200,2027.353704
-122.18272,200,2028.022723
-129.389313,200,2028.686821
-0.500968,200,2029.350624
-114.024508,200,2030.013964
-117.544359,200,2030.677201
-118.131561,200,2031.340515
-230.999265,200,2032.0039
-114.148465,200,2032.666876
-118.214499,200,2033.330198
-121.317387,200,2034.104054
-118.664889,200,2034.771361
-116.521978,200,2035.433717
-119.651141,200,2036.097494
-0.610189,200,2036.759973
-123.288828,200,2037.476364
-125.763912,200,2038.169431
-116.691725,200,2038.83442
-124.930318,200,2039.499635
-1.816623,200,2040.163914
-214.93274,200,2040.938674
-124.672881,200,2041.606409
-118.286961,200,2042.270393
-307.788605,200,2042.933279
-289.822549,200,2043.596724
-116.507078,200,2044.259549
-1.994036,200,2044.924178
-1.229305,200,2045.586972
-125.148629,200,2046.250167
-216.635797,200,2046.912993
-119.050706,200,2047.701319
-119.354911,200,2048.379806
-121.279077,200,2049.054612
-118.051225,200,2049.722252
-226.611625,200,2050.387141
-117.889243,200,2051.053255
-118.745682,200,2051.720429
-225.748586,200,2052.38794
-0.054952,200,2053.090205
-0.026785,200,2054.060379
-223.348881,200,2054.878602
-119.995694,200,2055.552778
-117.815926,200,2056.22285
-222.99157,200,2056.890714
-116.573828,200,2057.558416
-119.020903,200,2058.226108
-114.420449,200,2058.894316
-234.894131,200,2059.569886
-230.775829,200,2060.238062
-117.316237,200,2060.905033
-298.147481,200,2061.775674
-301.221011,200,2062.604384
-315.655528,200,2063.275954
-116.794417,200,2063.94485
-261.897901,200,2064.613142
-225.859561,200,2065.281973
-122.443512,200,2065.950074
-117.707173,200,2066.617407
-129.003989,200,2067.293946
-302.332787,200,2068.088301
-119.572746,200,2068.869618
-0.728553,200,2069.543948
-294.731523,200,2070.250993
-0.169562,200,2070.954608
-132.836702,200,2071.621049
-227.431998,200,2072.363912
-285.030137,200,2073.077383
-1.273083,200,2073.746665
-119.486062,200,2074.413973
-117.221156,200,2075.081205
-121.602406,200,2075.85901
-118.69231,200,2076.535488
-114.448549,200,2077.202117
-131.141872,200,2077.869425
-114.606876,200,2078.537146
-116.80461,200,2079.208847
-116.71389,200,2080.006097
-122.652697,200,2080.71182
-117.40517,200,2081.380232
-0.175596,200,2082.04826
-118.1264,200,2082.825828
-125.353537,200,2083.499011
-234.193689,200,2084.166392
-218.732033,200,2084.832995
-0.20756,200,2085.500834
-219.968785,200,2086.167324
-301.773388,200,2086.834313
-222.580119,200,2087.529799
-263.09473,200,2088.335832
-0.489991,200,2089.006085
-120.249151,200,2089.784272
-115.096353,200,2090.457485
-124.855401,200,2091.12469
-227.367941,200,2091.791165
-118.539111,200,2092.458452
-217.547877,200,2093.125847
-124.641454,200,2093.886055
-120.353178,200,2094.576544
-123.120554,200,2095.243634
-303.486221,200,2095.912598
-116.094246,200,2096.694959
-114.914822,200,2097.370799
-119.101587,200,2098.038578
-120.406502,200,2098.706803
-114.488505,200,2099.377743
-225.460055,200,2100.053942
-0.440643,200,2100.864542
-1.683912,200,2101.533829
-118.418046,200,2102.201701
-229.653703,200,2102.869791
-218.106606,200,2103.649939
-122.157024,200,2104.324145
-129.448645,200,2104.991219
-324.895002,200,2105.65913
-123.996289,200,2106.327236
-118.74647,200,2106.996261
-287.546992,200,2107.823523
-0.880567,200,2108.500903
-126.662004,200,2109.173462
-114.48855,200,2109.83872
-125.575116,200,2110.616924
-119.160571,200,2111.286073
-0.150941,200,2111.952892
-116.691686,200,2112.618757
-125.656137,200,2113.283514
-118.349362,200,2113.947534
-113.95877,200,2114.611107
-227.570316,200,2115.275157
-239.271687,200,2115.938147
-229.614426,200,2116.602234
-241.095501,200,2117.3775
-224.544907,200,2118.047195
-231.162651,200,2118.712461
-1.076152,200,2119.420577
-124.901143,200,2120.128419
-124.974104,200,2120.79407
-116.27084,200,2121.45807
-118.483187,200,2122.121824
-0.287282,200,2122.786088
-118.367355,200,2123.44895
-4.395842,200,2124.234093
-228.338878,200,2125.018283
-130.704537,200,2125.686986
-2.578065,200,2126.353188
-123.310733,200,2127.017701
-298.884494,200,2127.681913
-116.368883,200,2128.347148
-121.597026,200,2129.012234
-230.345924,200,2129.677689
-125.633479,200,2130.342195
-1.890011,200,2131.116707
-224.714969,200,2131.786903
-230.578006,200,2132.452064
-114.496767,200,2133.116074
-0.201919,200,2133.782005
-215.794162,200,2134.446536
-126.40564,200,2135.110684
-221.986068,200,2135.774441
-126.830881,200,2136.437989
-223.975794,200,2137.101734
-117.746162,200,2137.876267
-0.163401,200,2138.543428
-117.368043,200,2139.210917
-124.079607,200,2139.875076
-121.590774,200,2140.538965
-223.024577,200,2141.20342
-225.483821,200,2141.866778
-119.495527,200,2142.5324
-229.92222,200,2143.195091
-121.786466,200,2143.858298
-123.14412,200,2144.633645
-116.245869,200,2145.33978
-283.611996,200,2146.003814
-226.768504,200,2146.67148
-118.673574,200,2147.337327
-0.965497,200,2148.005347
-125.341826,200,2148.671476
-117.940317,200,2149.340702
-0.118827,200,2150.008994
-120.429705,200,2150.867664
-119.413,200,2151.768038
-113.294535,200,2152.44213
-127.753868,200,2153.113976
-115.87012,200,2153.901861
-225.273583,200,2154.649261
-1.32076,200,2155.31928
-224.604004,200,2155.986658
-311.604032,200,2156.657414
-123.836177,200,2157.324728
-125.072986,200,2157.994812
-272.285826,200,2158.798239
-119.268026,200,2159.586625
-120.16716,200,2160.254495
-116.992985,200,2160.923461
-224.281107,200,2161.589222
-118.390778,200,2162.255245
-221.462249,200,2162.944831
-118.647322,200,2163.750407
-126.177128,200,2164.417176
-123.682267,200,2165.082631
-121.876553,200,2165.860478
-314.282187,200,2166.533077
-1.658726,200,2167.201218
-118.952187,200,2167.867249
-121.387995,200,2168.536133
-121.395808,200,2169.20349
-129.503475,200,2169.872737
-124.982113,200,2170.682328
-0.058912,200,2171.363388
-117.387936,200,2172.029051
-121.827308,200,2172.809363
-125.829135,200,2173.483686
-124.940478,200,2174.15109
-218.181565,200,2174.817339
-125.178866,200,2175.484279
-122.678015,200,2176.150958
-233.071921,200,2176.968795
-231.85678,200,2177.657861
-126.642476,200,2178.328524
-118.928626,200,2178.997207
-2.980322,200,2179.784055
-126.366473,200,2180.456981
-117.34203,200,2181.125415
-233.981384,200,2181.7932
-223.013648,200,2182.461504
-127.635754,200,2183.128779
-126.419171,200,2183.852573
-120.508396,200,2184.634338
-125.510679,200,2185.304523
-225.463827,200,2185.979278
-118.583627,200,2186.7641
-222.473523,200,2187.435903
-113.813575,200,2188.103933
-119.664366,200,2188.77209
-115.419019,200,2189.441696
-293.34816,200,2190.153793
-117.228192,200,2190.942165
-222.725039,200,2191.611761
-219.095553,200,2192.279162
-123.659966,200,2192.946641
-329.527064,200,2193.723699
-218.434129,200,2194.396242
-120.267827,200,2195.063579
-126.766045,200,2195.730467
-2.217968,200,2196.396728
-229.470148,200,2197.065894
-0.340923,200,2197.892259
-114.189161,200,2198.565905
-225.228893,200,2199.234323
-304.743228,200,2199.902107
-216.254785,200,2200.682288
-125.57354,200,2201.355584
-232.74131,200,2202.023019
-223.861453,200,2202.687992
-128.306719,200,2203.3536
-313.756263,200,2204.019601
-124.6879,200,2204.835279
-303.635866,200,2205.529103
-123.675234,200,2206.196749
-114.850397,200,2206.864291
-117.088127,200,2207.645775
-0.509114,200,2208.318804
-118.149084,200,2208.985821
-127.965535,200,2209.653323
-117.777874,200,2210.320267
-116.847822,200,2210.986816
-217.241084,200,2211.65383
-1.127154,200,2212.481673
-120.868739,200,2213.150394
-128.149256,200,2213.828362
-220.185459,200,2214.611031
-220.466889,200,2215.282852
-119.231822,200,2215.951463
-219.128575,200,2216.658838
-126.440969,200,2217.340856
-0.073917,200,2218.006337
-316.4977,200,2218.675501
-123.810606,200,2219.542917
-229.939082,200,2220.212389
-121.489058,200,2220.880606
-118.131852,200,2221.65946
-115.17138,200,2222.332289
-118.989856,200,2222.999695
-221.640959,200,2223.665213
-0.46426,200,2224.33149
-116.824447,200,2224.997012
-120.437029,200,2225.685359
-122.270703,200,2226.49651
-118.207707,200,2227.165954
-125.542193,200,2227.834549
-121.805986,200,2228.610359
-0.778817,200,2229.282555
-119.015903,200,2229.948985
-126.836026,200,2230.613498
-219.248478,200,2231.278527
-120.099484,200,2231.941928
-118.802379,200,2232.606486
-0.293818,200,2233.2713
-222.031763,200,2233.935557
-118.762541,200,2234.600863
-247.972551,200,2235.385765
-222.454655,200,2236.058379
-220.676163,200,2236.724655
-0.970667,200,2237.391206
-115.315676,200,2238.055691
-247.900643,200,2238.721622
-1.021554,200,2239.388388
-0.87026,200,2240.052673
-223.49066,200,2240.717431
-123.59191,200,2241.426672
-1.036461,200,2242.243502
-220.345751,200,2242.911017
-114.031869,200,2243.574675
-122.252905,200,2244.239028
-1.742606,200,2244.904467
-117.212688,200,2245.569818
-229.868042,200,2246.235232
-119.2531,200,2246.900322
-220.69093,200,2247.563683
-233.877584,200,2248.227847
-129.350946,200,2249.005608
-227.682001,200,2249.678448
-223.779715,200,2250.343364
-118.849053,200,2251.006814
-1.283896,200,2251.671507
-124.968516,200,2252.333963
-226.564175,200,2252.998285
-218.484115,200,2253.662033
-119.123203,200,2254.32623
-117.714704,200,2254.989869
-223.61189,200,2255.7631
-128.191757,200,2256.431235
-126.946005,200,2257.096243
-114.468135,200,2257.76037
-116.504006,200,2258.423745
-118.592591,200,2259.089726
-121.647122,200,2259.752714
-122.497809,200,2260.417906
-117.126488,200,2261.080462
-0.315819,200,2261.742922
-307.391124,200,2262.525724
-5.003835,200,2263.194916
-126.197555,200,2263.859316
-118.148055,200,2264.522635
-124.13908,200,2265.187246
-225.388759,200,2265.850885
-122.168222,200,2266.517348
-133.554762,200,2267.180533
-124.759315,200,2267.843644
-225.584462,200,2268.507842
-219.983031,200,2269.282266
-227.796339,200,2269.950688
-221.759144,200,2270.615099
-124.249265,200,2271.279174
-124.299846,200,2271.943425
-1.1507,200,2272.607637
-220.040106,200,2273.271584
-114.873423,200,2273.934727
-120.341672,200,2274.598402
-0.403237,200,2275.262507
-0.956611,200,2276.036727
-127.284868,200,2276.706581
-3.482276,200,2277.371436
-0.741903,200,2278.036245
-115.240694,200,2278.700493
-2.056309,200,2279.364135
-318.509046,200,2280.028799
-1.349121,200,2280.692565
-120.928398,200,2281.356649
-116.399026,200,2282.019706
-114.055392,200,2282.795458
-120.517767,200,2283.463736
-123.410976,200,2284.138866
-119.2103,200,2284.806559
-224.337296,200,2285.47497
-126.093882,200,2286.144016
-217.17639,200,2286.81422
-218.589785,200,2287.480447
-240.117378,200,2288.308877
-1.703971,200,2289.156782
-119.736604,200,2289.939129
-232.095116,200,2290.613138
-224.003391,200,2291.28312
-235.145556,200,2291.952508
-126.906846,200,2292.620533
-1.869386,200,2293.286716
-124.065381,200,2293.953608
-118.050229,200,2294.622276
-127.21328,200,2295.290323
-117.983037,200,2295.990604
-113.548603,200,2296.908472
-0.412804,200,2297.581523
-233.555727,200,2298.248961
-117.324076,200,2298.915601
-125.685421,200,2299.58346
-229.790394,200,2300.383091
-113.98188,200,2301.082534
-117.576824,200,2301.749875
-116.437497,200,2302.417843
-0.897247,200,2303.087007
-241.409649,200,2303.868011
-300.365268,200,2304.543447
-0.284236,200,2305.211368
-314.018033,200,2305.87739
-0.047976,200,2306.543995
-114.074121,200,2307.210505
-235.89063,200,2307.878472
-116.271529,200,2308.546339
-231.042347,200,2309.213042
-112.797834,200,2309.880236
-219.504809,200,2310.659159
-121.599484,200,2311.331683
-2.396236,200,2311.998374
-121.394162,200,2312.666418
-7.986448,200,2313.371955
-118.730821,200,2314.076249
-124.453815,200,2314.743585
-319.417189,200,2315.410074
-116.767242,200,2316.075891
-0.376867,200,2316.743586
-126.45033,200,2317.521294
-124.032747,200,2318.193341
-1.477793,200,2318.861284
-0.245889,200,2319.535535
-234.47472,200,2320.202217
-129.067571,200,2320.982471
-235.595258,200,2321.863699
-218.851638,200,2322.532116
-123.979408,200,2323.209175
-220.056543,200,2323.876441
-114.280418,200,2324.656495
-1.726497,200,2325.32907
-227.629671,200,2325.996249
-128.077413,200,2326.764144
-119.570592,200,2327.480427
-118.325227,200,2328.14957
-126.137766,200,2328.81694
-126.072881,200,2329.484502
-2.513618,200,2330.153042
-1.435373,200,2330.820047
-0.430122,200,2331.596843
-284.030332,200,2332.268196
-300.911379,200,2332.934057
-123.344448,200,2333.609921
-123.74147,200,2334.443924
-124.157445,200,2335.11334
-125.966608,200,2335.77974
-117.545082,200,2336.454108
-288.92338,200,2337.125216
-0.384535,200,2337.80293
-232.41387,200,2338.598778
-215.753258,200,2339.291006
-217.669016,200,2339.974954
-0.687872,200,2340.659471
-127.467496,200,2341.503636
-116.236304,200,2342.19716
-2.656553,200,2342.879598
-119.198477,200,2343.557904
-294.893768,200,2344.229753
-0.926428,200,2344.900922
-250.774934,200,2345.684531
-284.50911,200,2346.359021
-232.801167,200,2347.030129
-123.999352,200,2347.700733
-317.635471,200,2348.371062
-0.873547,200,2349.041611
-122.711279,200,2349.712428
-233.83889,200,2350.383855
-238.139575,200,2351.053755
-0.413196,200,2351.723638
-120.7721,200,2352.510273
-125.968299,200,2353.186464
-130.050785,200,2353.857364
-117.667127,200,2354.570311
-1.292067,200,2355.283768
-1.563088,200,2355.954663
-237.660324,200,2356.626444
-218.332512,200,2357.297156
-121.324614,200,2357.967479
-233.429364,200,2358.637056
-221.553913,200,2359.427036
-126.58534,200,2360.108345
-127.44807,200,2360.778591
-2.803843,200,2361.446382
-126.323708,200,2362.113326
-3.90438,200,2362.777936
-245.834557,200,2363.441235
-115.803933,200,2364.105137
-126.420924,200,2364.768926
-128.618508,200,2365.431529
-3.820482,200,2366.207113
-121.574741,200,2366.87468
-122.470131,200,2367.538247
-229.734433,200,2368.20185
-2.087586,200,2368.865774
-116.476175,200,2369.529291
-120.37253,200,2370.193296
-127.986351,200,2370.856556
-117.712609,200,2371.519714
-124.262133,200,2372.183288
-225.926664,200,2372.959512
-118.906767,200,2373.62713
-121.570432,200,2374.290653
-129.004296,200,2374.954702
-122.81595,200,2375.618314
-117.630422,200,2376.281377
-233.161316,200,2376.94463
-122.053324,200,2377.627938
-116.219282,200,2378.296299
-127.324954,200,2378.935098
-124.913825,200,2379.695981
-246.990091,200,2380.349421
-118.757705,200,2380.996887
-228.092124,200,2381.645765
-0.567626,200,2382.289958
-117.117078,200,2382.934173
-116.486255,200,2383.573841
-0.899931,200,2384.213818
-120.294294,200,2384.857903
-3.741183,200,2385.685044
-224.641077,200,2386.830024
-118.717866,200,2387.501064
-126.405423,200,2388.144405
-221.781631,200,2388.787399
-225.533646,200,2389.430516
-222.177391,200,2390.079857
-236.989305,200,2390.721089
-118.606666,200,2391.361749
-242.242125,200,2392.003938
-123.626623,200,2392.649757
-115.902901,200,2393.407752
-117.398603,200,2394.056335
-124.638076,200,2394.698915
-230.282675,200,2395.340306
-0.463654,200,2395.986974
-315.764898,200,2396.630084
-226.436499,200,2397.271097
-221.319123,200,2397.911714
-1.761309,200,2398.564198
-122.018463,200,2399.208535
-5.012619,200,2399.962746
-2.139148,200,2400.609083
-0.84121,200,2401.2576
-120.09937,200,2401.900572
-116.183603,200,2402.545332
-233.472806,200,2403.284855
-219.094573,200,2403.947827
-117.619334,200,2404.592257
-132.661815,200,2405.233784
-122.575643,200,2405.874215
-117.175329,200,2406.641293
-124.856951,200,2407.292868
-115.477918,200,2407.937144
-223.688161,200,2408.5799
-243.347955,200,2409.234316
-2.392088,200,2409.882012
-117.630687,200,2410.522653
-125.109461,200,2411.162465
-310.849987,200,2411.800744
-117.8884,200,2412.488304
-1.52632,200,2413.661581
-122.286457,200,2414.37558
-229.266305,200,2415.054564
-121.267014,200,2415.748938
-240.235131,200,2416.41779
-216.240757,200,2417.06218
-115.088561,200,2417.710898
-129.46795,200,2418.354652
-0.395922,200,2418.994808
-123.013403,200,2419.64276
-2.059531,200,2420.396196
-121.691209,200,2421.041986
-215.904471,200,2421.682907
-125.512089,200,2422.320784
-118.315598,200,2422.980652
-119.692489,200,2423.637486
-221.470922,200,2424.398441
-1.545523,200,2425.245491
-122.291768,200,2425.927763
-115.536752,200,2426.57844
-116.544539,200,2427.356419
-117.437694,200,2428.034071
-118.755396,200,2428.702715
-300.2207,200,2429.466679
-321.3657,200,2430.19679
-120.351032,200,2430.837957
-227.429347,200,2431.478266
-119.819057,200,2432.119644
-313.216865,200,2432.760847
-116.547062,200,2433.422547
-312.175169,200,2434.203815
-118.565241,200,2434.885645
-1.652999,200,2435.743251
-119.628623,200,2436.405252
-124.074136,200,2437.05446
-234.590114,200,2437.725002
-236.747167,200,2438.423858
-223.449975,200,2439.201617
-117.613404,200,2439.85528
-120.293546,200,2440.495491
-225.038836,200,2441.281802
-217.65842,200,2441.956312
-124.908522,200,2442.624461
-125.059613,200,2443.293115
-120.380814,200,2443.962124
-1.009952,200,2444.632987
-127.036624,200,2445.380547
-124.492575,200,2446.135552
-122.569954,200,2446.7926
-119.076178,200,2447.462083
-127.408719,200,2448.242887
-6.596231,200,2448.918027
-2.30432,200,2449.588232
-1.01404,200,2450.258156
-116.829642,200,2450.926601
-122.574123,200,2451.59762
-116.206171,200,2452.412191
-1.638465,200,2453.087165
-118.885652,200,2453.756094
-1.343795,200,2454.425009
-304.075854,200,2455.241922
-114.315387,200,2455.914938
-234.366734,200,2456.584175
-244.595125,200,2457.253257
-118.91687,200,2457.921373
-239.150882,200,2458.598159
-266.365085,200,2459.426825
-125.087004,200,2460.09888
-221.847254,200,2460.767713
-117.239101,200,2461.435139
-216.951611,200,2462.215341
-122.327182,200,2462.888684
-117.789291,200,2463.561383
-1047.092561,200,2464.229924
-381.077716,200,2464.898435
-224.057927,200,2465.563098
-123.543274,200,2466.228098
-2.642205,200,2466.892313
-128.609677,200,2467.557114
-118.669203,200,2468.221444
-122.070619,200,2468.998022
-218.702437,200,2469.665723
-126.304904,200,2470.369173
-1.179007,200,2471.071942
-116.492008,200,2471.736205
-1.041882,200,2472.40065
-134.133358,200,2473.065602
-126.569863,200,2473.729294
-236.063107,200,2474.39331
-120.705773,200,2475.056494
-126.588776,200,2475.833783
-124.621553,200,2476.501902
-125.675816,200,2477.167218
-126.634768,200,2477.831099
-129.222635,200,2478.494788
-116.552845,200,2479.160466
-227.473956,200,2479.824755
-237.163825,200,2480.488944
-235.695795,200,2481.153816
-115.211754,200,2481.818651
-118.232146,200,2482.595929
-0.66319,200,2483.264575
-118.533138,200,2483.941221
-119.168653,200,2484.606047
-229.060783,200,2485.270592
-0.952517,200,2485.934929
-116.124646,200,2486.597966
-123.677588,200,2487.261574
-0.298045,200,2487.924882
-276.176473,200,2488.588616
-116.474917,200,2489.363819
-117.185852,200,2490.033146
-115.614788,200,2490.696892
-116.843665,200,2491.360691
-123.618764,200,2492.024284
-121.019214,200,2492.687673
-116.377774,200,2493.350671
-280.9203,200,2494.013839
-115.318723,200,2494.67716
-228.695842,200,2495.340258
-119.386691,200,2496.115311
-312.628368,200,2496.782931
-3.172657,200,2497.447043
-120.212642,200,2498.11053
-227.438185,200,2498.77369
-118.641472,200,2499.438557
-119.162047,200,2500.103055
-221.523302,200,2500.766057
-232.706815,200,2501.42931
-1.569471,200,2502.093796
-1.97984,200,2502.868285
-114.786288,200,2503.536706
-0.899244,200,2504.201089
-115.584709,200,2504.864716
-126.600514,200,2505.528389
-220.519694,200,2506.192889
-122.503175,200,2506.856856
-219.245683,200,2507.519844
-224.202648,200,2508.18419
-128.515362,200,2508.848185
-124.20998,200,2509.623415
-126.024393,200,2510.291478
-223.576816,200,2510.955618
-118.26488,200,2511.619553
-117.708466,200,2512.286782
-0.535491,200,2512.950258
-232.590466,200,2513.613632
-298.473156,200,2514.27683
-221.327696,200,2514.939794
-233.732638,200,2515.602336
-226.11185,200,2516.376964
-127.563732,200,2517.045236
-113.997448,200,2517.708908
-116.474315,200,2518.379589
-122.988164,200,2519.051781
-126.26969,200,2519.726902
-305.500395,200,2520.558939
-0.311166,200,2521.388327
-124.952134,200,2522.058527
-312.600487,200,2522.727772
-116.119009,200,2523.510108
-253.753656,200,2524.302784
-231.646639,200,2525.001339
-233.114991,200,2525.670205
-118.755698,200,2526.340041
-124.036818,200,2527.007952
-0.192091,200,2527.770438
-120.107023,200,2528.469355
-219.481451,200,2529.136969
-125.679139,200,2529.805313
-120.206479,200,2530.587038
-0.234497,200,2531.260822
-127.908662,200,2531.928453
-125.600821,200,2532.596591
-126.540568,200,2533.26399
-115.188597,200,2533.93472
-121.082869,200,2534.757025
-216.057121,200,2535.435276
-126.955156,200,2536.103706
-0.338305,200,2536.770285
-308.533353,200,2537.550813
-0.890777,200,2538.223528
-122.143885,200,2538.89047
-276.174914,200,2539.559178
-114.617976,200,2540.227178
-123.890292,200,2540.89434
-113.899042,200,2541.669829
-118.33162,200,2542.394335
-117.271063,200,2543.062309
-118.678519,200,2543.730267
-306.881487,200,2544.511527
-119.832675,200,2545.185772
-117.22772,200,2545.852177
-115.875833,200,2546.519
-122.357986,200,2547.185686
-240.275909,200,2547.96946
-116.082524,200,2548.69803
-261.821301,200,2549.367319
-115.154698,200,2550.036675
-219.019925,200,2550.705074
-0.601977,200,2551.48767
-118.995654,200,2552.161315
-119.06034,200,2552.829634
-117.242344,200,2553.498378
-228.921694,200,2554.166338
-127.405233,200,2554.934404
-113.873678,200,2555.664237
-227.709163,200,2556.332897
-120.769033,200,2557.001156
-223.003198,200,2557.669266
-117.539902,200,2558.451249
-119.007612,200,2559.123826
-119.200583,200,2559.790997
-120.369782,200,2560.459689
-219.919603,200,2561.128234
-129.79972,200,2561.797015
-223.694535,200,2562.607893
-119.746237,200,2563.29674
-321.606279,200,2563.963612
-229.958951,200,2564.631218
-0.507746,200,2565.412685
-219.881261,200,2566.08421
-0.296438,200,2566.751609
-128.833827,200,2567.419036
-115.126694,200,2568.086193
-231.460571,200,2568.758136
-116.478944,200,2569.582744
-127.679988,200,2570.286927
-124.956013,200,2570.954008
-122.989538,200,2571.623223
-115.896616,200,2572.402867
-118.661051,200,2573.077098
-122.697049,200,2573.743434
-120.726902,200,2574.411665
-1.231358,200,2575.078932
-115.232914,200,2575.745942
-4.024186,200,2576.580096
-115.983727,200,2577.253852
-118.503917,200,2577.922054
-227.104171,200,2578.589215
-121.815822,200,2579.373943
-1.253077,200,2580.042109
-116.018012,200,2580.705755
-215.31282,200,2581.36922
-1.212928,200,2582.032442
-3.48634,200,2582.695494
-227.629109,200,2583.358719
-223.566247,200,2584.021263
-121.145161,200,2584.684082
-127.862473,200,2585.347279
-1.500135,200,2586.164581
-228.744708,200,2586.87401
-116.037343,200,2587.538121
-121.63035,200,2588.201157
-0.710689,200,2588.86425
-119.701814,200,2589.527756
-224.75715,200,2590.19025
-1.91228,200,2590.852667
-263.822167,200,2591.515476
-123.240739,200,2592.177554
-126.048778,200,2592.952813
-221.33588,200,2593.61932
-128.978559,200,2594.283256
-127.647589,200,2594.946824
-0.115287,200,2595.609699
-0.309973,200,2596.271573
-0.53328,200,2596.942055
-125.411878,200,2597.606077
-116.370132,200,2598.269504
-226.567521,200,2598.932887
-122.150515,200,2599.709787
-238.198478,200,2600.377329
-227.603674,200,2601.040719
-225.627544,200,2601.70341
-0.523249,200,2602.366435
-116.9164,200,2603.028863
-115.854588,200,2603.690783
-127.729717,200,2604.353247
-119.1248,200,2605.016191
-224.583431,200,2605.679125
-114.718196,200,2606.454117
-126.728026,200,2607.121151
-309.128851,200,2607.784251
-0.816091,200,2608.450211
-115.559215,200,2609.114568
-117.363275,200,2609.777902
-118.475005,200,2610.440742
-230.264167,200,2611.103503
-123.935824,200,2611.766111
-113.668139,200,2612.428247
-307.680886,200,2613.203422
-126.477235,200,2613.869774
-123.129075,200,2614.533478
-125.398055,200,2615.196173
-0.383013,200,2615.859213
-124.826349,200,2616.52729
-225.003612,200,2617.195203
-0.930495,200,2617.865538
-118.748572,200,2618.534636
-0.603133,200,2619.206847
-297.474536,200,2619.984815
-302.595085,200,2620.658513
-117.218744,200,2621.326712
-221.165747,200,2621.992978
-114.977434,200,2622.666345
-4.012904,200,2623.658312
-117.492121,200,2624.329683
-128.326468,200,2624.999887
-112.983587,200,2625.670391
-241.130981,200,2626.341602
-123.482722,200,2627.128976
-126.638656,200,2627.804627
-4.47749,200,2628.471882
-223.190053,200,2629.139239
-120.301721,200,2629.806066
-231.258603,200,2630.473273
-0.494349,200,2631.140405
-217.566535,200,2631.806896
-227.713015,200,2632.473433
-119.611858,200,2633.139611
-117.147915,200,2633.918846
-226.028195,200,2634.589606
-120.451454,200,2635.256259
-288.680953,200,2635.924676
-234.956205,200,2636.59259
-119.067383,200,2637.25983
-228.034933,200,2637.926745
-1.096013,200,2638.595351
-296.040112,200,2639.26359
-299.601805,200,2639.96789
-119.420632,200,2640.787199
-117.243531,200,2641.461571
-117.660881,200,2642.129116
-224.552844,200,2642.796242
-230.773083,200,2643.462757
-117.042469,200,2644.129979
-225.415522,200,2644.797443
-3.906318,200,2645.46425
-122.931708,200,2646.130626
-119.486408,200,2646.797278
-118.955109,200,2647.575376
-120.703881,200,2648.247717
-249.950713,200,2648.915325
-221.621524,200,2649.582858
-228.282607,200,2650.25105
-114.411361,200,2650.917101
-270.827985,200,2651.584751
-118.619094,200,2652.251655
-248.140119,200,2652.917631
-0.515667,200,2653.585363
-315.697308,200,2654.363389
-231.481762,200,2655.034516
-126.075804,200,2655.702922
-118.290055,200,2656.370443
-223.552685,200,2657.037634
-227.24458,200,2657.705737
-119.404193,200,2658.372545
-115.615706,200,2659.038381
-227.683317,200,2659.714645
-122.236622,200,2660.382855
-119.719154,200,2661.163095
-269.017677,200,2661.83566
-124.192254,200,2662.504558
-232.042468,200,2663.170911
-119.912814,200,2663.838829
-115.071701,200,2664.507035
-119.592349,200,2665.235745
-236.496341,200,2666.203549
-230.994829,200,2666.873984
-222.425372,200,2667.542505
-120.517213,200,2668.324023
-129.206334,200,2668.999052
-120.199766,200,2669.774665
-126.304946,200,2670.484746
-122.323096,200,2671.155244
-232.165847,200,2671.824957
-132.674294,200,2672.497498
-221.428583,200,2673.273282
-118.905082,200,2673.956641
-126.754711,200,2674.626089
-9.155052,200,2675.405764
-276.820971,200,2676.077924
-127.787669,200,2676.746712
-7.157778,200,2677.415197
-9.762495,200,2678.083943
-11.708189,200,2678.770563
-8.744772,200,2679.580011
-125.189098,200,2680.250205
-123.274307,200,2680.91955
-4.351902,200,2681.587846
-219.81714,200,2682.369793
-0.259932,200,2683.042115
-118.926079,200,2683.712331
-218.175095,200,2684.38062
-219.646593,200,2685.047364
-117.624348,200,2685.747548
-1.526892,200,2686.545961
-219.991924,200,2687.214196
-116.064877,200,2687.88023
-118.994031,200,2688.54618
-118.977788,200,2689.326277
-115.055022,200,2689.997993
-3.760528,200,2690.66611
-1.577933,200,2691.333669
-129.041101,200,2692.000145
-127.613589,200,2692.694188
-117.845593,200,2693.50356
-121.797825,200,2694.173074
-123.416051,200,2694.839835
-124.860835,200,2695.507734
-117.305587,200,2696.289671
-115.122584,200,2696.963086
-115.402332,200,2697.630016
-127.902827,200,2698.297679
-302.549936,200,2698.96528
-223.213931,200,2699.633698
-0.865748,200,2700.483739
-115.087241,200,2701.150552
-3.206402,200,2701.815225
-0.910445,200,2702.480103
-118.528774,200,2703.25699
-118.805784,200,2703.923506
-311.455206,200,2704.586761
-113.712689,200,2705.250153
-238.339801,200,2705.912885
-126.14676,200,2706.57587
-123.808814,200,2707.238316
-118.79884,200,2707.900313
-218.088442,200,2708.562229
-119.121403,200,2709.225539
-3.58124,200,2710.043222
-118.443589,200,2710.713629
-119.399134,200,2711.378073
-124.918475,200,2712.041252
-3.769543,200,2712.704986
-2.230104,200,2713.367506
-126.317732,200,2714.031501
-227.841,200,2714.694633
-115.995531,200,2715.399434
-232.198477,200,2716.103156
-231.919794,200,2716.87726
-113.41759,200,2717.543268
-123.756271,200,2718.206476
-125.794702,200,2718.868973
-0.796219,200,2719.532225
-235.269107,200,2720.193797
-125.075757,200,2720.855288
-116.155652,200,2721.517384
-237.489295,200,2722.178943
-114.408134,200,2722.841093
-221.071149,200,2723.61458
-122.973449,200,2724.281366
-113.76204,200,2724.942969
-118.685642,200,2725.605463
-221.82934,200,2726.267332
-124.790062,200,2726.935936
-119.559364,200,2727.598026
-225.307524,200,2728.260677
-225.345386,200,2728.922861
-125.496104,200,2729.585695
-120.958143,200,2730.360084
-118.806388,200,2731.030059
-228.25936,200,2731.700981
-118.289696,200,2732.38869
-118.633588,200,2733.052738
-238.858119,200,2733.715365
-5.130522,200,2734.385051
-287.966018,200,2735.046611
-116.895306,200,2735.709134
-123.613037,200,2736.371127
-121.348274,200,2737.146522
-2.99053,200,2737.813456
-227.209537,200,2738.476317
-228.610295,200,2739.139846
-230.999665,200,2739.802617
-116.681695,200,2740.465139
-124.078118,200,2741.127342
-120.734439,200,2741.789569
-124.077933,200,2742.451517
-124.368416,200,2743.113037
-292.525029,200,2743.886843
-234.335044,200,2744.553529
-119.477345,200,2745.216641
-113.298636,200,2745.878821
-0.915282,200,2746.540672
-237.796736,200,2747.203001
-123.334498,200,2747.865397
-118.957922,200,2748.527376
-126.162509,200,2749.197802
-124.348589,200,2749.865231
-121.669018,200,2750.65295
-125.340037,200,2751.323907
-225.397175,200,2751.995236
-123.011133,200,2752.664283
-113.95198,200,2753.333191
-118.013462,200,2754.001692
-223.77678,200,2754.909911
-130.952934,200,2755.674516
-244.196961,200,2756.344024
-118.689757,200,2757.014247
-124.40826,200,2757.79376
-125.124388,200,2758.509811
-223.989631,200,2759.331482
-125.96388,200,2760.001969
-127.192712,200,2760.671382
-125.897922,200,2761.33907
-117.475908,200,2762.057744
-225.124748,200,2762.79981
-115.384602,200,2763.467714
-118.644025,200,2764.137341
-1.021824,200,2764.916383
-119.284482,200,2765.58707
-114.525369,200,2766.254399
-116.092478,200,2766.921172
-118.459274,200,2767.586647
-124.880752,200,2768.252656
-124.322706,200,2768.918106
-117.555906,200,2769.583223
-125.848125,200,2770.250268
-121.432934,200,2770.916732
-221.597431,200,2771.732949
-127.331835,200,2772.443611
-121.136047,200,2773.110543
-235.460085,200,2773.776885
-127.670076,200,2774.444154
-115.305508,200,2775.111564
-229.035634,200,2775.778782
-123.973994,200,2776.445371
-225.36767,200,2777.114032
-216.867688,200,2777.780036
-227.786816,200,2778.559184
-121.38406,200,2779.234248
-230.207325,200,2779.900953
-130.007894,200,2780.568041
-2.590329,200,2781.235292
-234.298843,200,2781.900498
-308.049932,200,2782.567004
-222.032892,200,2783.237994
-117.444772,200,2783.905029
-225.094453,200,2784.571938
-120.189879,200,2785.350343
-216.028964,200,2786.021661
-119.485776,200,2786.687082
-121.620912,200,2787.353861
-0.58613,200,2788.020479
-118.770844,200,2788.710259
-124.336128,200,2789.680577
-119.444219,200,2790.349611
-216.964755,200,2791.017331
-288.957551,200,2791.684151
-229.220153,200,2792.462849
-216.341913,200,2793.136302
-241.408597,200,2793.803639
-125.649003,200,2794.471449
-1.226477,200,2795.137905
-118.716316,200,2795.837774
-124.322529,200,2796.616458
-288.445508,200,2797.284502
-123.323302,200,2797.952047
-214.725274,200,2798.619686
-241.160203,200,2799.406592
-1.169674,200,2800.07861
-126.688094,200,2800.745914
-121.709545,200,2801.413684
-2.522447,200,2802.081141
-293.013038,200,2802.759526
-115.791391,200,2803.588085
-0.975254,200,2804.256239
-1.320206,200,2804.923443
-117.480969,200,2805.589824
-1.630685,200,2806.368864
-120.155857,200,2807.041215
-226.370063,200,2807.707769
-118.193442,200,2808.373666
-237.183512,200,2809.040406
-2.792701,200,2809.705125
-1.237961,200,2810.368731
-227.429994,200,2811.032965
-1.835262,200,2811.697296
-248.398775,200,2812.360701
-225.877642,200,2813.137483
-128.417048,200,2813.805282
-118.872629,200,2814.508155
-115.870075,200,2815.209507
-123.517324,200,2815.871556
-125.020927,200,2816.53363
-115.871841,200,2817.196009
-115.218971,200,2817.858281
-125.420495,200,2818.520623
-118.414804,200,2819.184352
-219.150731,200,2819.958399
-126.436206,200,2820.625183
-113.961397,200,2821.28819
-223.073751,200,2821.950404
-125.044984,200,2822.612122
-119.667535,200,2823.274532
-125.088535,200,2823.936037
-127.264244,200,2824.597827
-303.630145,200,2825.259889
-307.148845,200,2825.921938
-118.3309,200,2826.697002
-244.332647,200,2827.36401
-116.750274,200,2828.027591
-3.167779,200,2828.690201
-124.988089,200,2829.354232
-0.898659,200,2830.016827
-228.649853,200,2830.680831
-278.65108,200,2831.343252
-0.559265,200,2832.006178
-129.157193,200,2832.668764
-227.346421,200,2833.443919
-125.735024,200,2834.111081
-0.878749,200,2834.774372
-216.702923,200,2835.437689
-0.436248,200,2836.100579
-0.944679,200,2836.763642
-216.526831,200,2837.426516
-116.692347,200,2838.089071
-225.565652,200,2838.751722
-223.277019,200,2839.416215
-123.183383,200,2840.189437
-122.76476,200,2840.856653
-0.449296,200,2841.51919
-0.811055,200,2842.182451
-124.808828,200,2842.84572
-230.937676,200,2843.508665
-117.617426,200,2844.171249
-118.736071,200,2844.835615
-227.566138,200,2845.498049
-123.121241,200,2846.160671
-130.398037,200,2846.933974
-122.343382,200,2847.60108
-123.822357,200,2848.263982
-120.208882,200,2848.926326
-227.696543,200,2849.590216
-216.867931,200,2850.253627
-123.415033,200,2850.916685
-126.117727,200,2851.579985
-116.309905,200,2852.242195
-303.209801,200,2852.911893
-127.62879,200,2853.693924
-295.310801,200,2854.628165
-121.943178,200,2855.351777
-114.825816,200,2856.02095
-118.906375,200,2856.689245
-124.037011,200,2857.358019
-2.251833,200,2858.156618
-0.395866,200,2858.839797
-119.500457,200,2859.50775
-114.592188,200,2860.17723
-126.094379,200,2860.956121
-123.584664,200,2861.632588
-217.44672,200,2862.300778
-123.245726,200,2862.969831
-128.80033,200,2863.637177
-271.528723,200,2864.41732
-127.174257,200,2865.146845
-120.527674,200,2865.815139
-113.732106,200,2866.482898
-126.215356,200,2867.153086
-230.552479,200,2867.968997
-120.072478,200,2868.640577
-285.398501,200,2869.307695
-120.046753,200,2869.977062
-128.090224,200,2870.642918
-1.162127,200,2871.315779
-116.854622,200,2872.095065
-224.803444,200,2872.822513
-291.564996,200,2873.493069
-124.727299,200,2874.161566
-117.944655,200,2874.940763
-262.842024,200,2875.614004
-116.139634,200,2876.280248
-246.394093,200,2876.946214
-127.518023,200,2877.612534
-125.306467,200,2878.278223
-119.64895,200,2878.942723
-118.90411,200,2879.609384
-238.774344,200,2880.441102
-122.793439,200,2881.111702
-1.865609,200,2881.891683
-129.878116,200,2882.564937
-227.827993,200,2883.233451
-227.828273,200,2883.901834
-118.962994,200,2884.570559
-125.54543,200,2885.238836
-117.797719,200,2886.011766
-1.069726,200,2886.687115
-126.269848,200,2887.355093
-223.987335,200,2888.023878
-121.828754,200,2888.804256
-118.37854,200,2889.478101
-117.468712,200,2890.14583
-291.456678,200,2890.813641
-233.317763,200,2891.504075
-120.613361,200,2892.175841
-121.804665,200,2892.978508
-223.710199,200,2893.679452
-114.753587,200,2894.348733
-230.635703,200,2895.018212
-268.238516,200,2895.800341
-122.272934,200,2896.47552
-129.410259,200,2897.143302
-125.59255,200,2897.808884
-222.878911,200,2898.476815
-122.561998,200,2899.146524
-116.530931,200,2899.925476
-119.561862,200,2900.654798
-1.095508,200,2901.324238
-2.316259,200,2901.992791
-125.453968,200,2902.772403
-124.181049,200,2903.445425
-222.146442,200,2904.114139
-121.845943,200,2904.779946
-235.192088,200,2905.446602
-119.314694,200,2906.111552
-1.137104,200,2906.782875
-114.500405,200,2907.60397
-228.612091,200,2908.272689
-116.292554,200,2908.941661
-117.569417,200,2909.72287
-126.390028,200,2910.396356
-1.356721,200,2911.064752
-121.040946,200,2911.73152
-1.251945,200,2912.399806
-129.244052,200,2913.066869
-115.259211,200,2913.753073
-125.309647,200,2914.570601
-0.810776,200,2915.240369
-118.220436,200,2915.907644
-221.135136,200,2916.697912
-277.76694,200,2917.37162
-124.78924,200,2918.037012
-113.811847,200,2918.703916
-222.357838,200,2919.378474
-1.318646,200,2920.083449
-121.721724,200,2920.873982
-284.356545,200,2921.541838
-1.808329,200,2922.207841
-116.872583,200,2922.875703
-120.350845,200,2923.662559
-217.41471,200,2924.338617
-120.313757,200,2925.009563
-225.690858,200,2925.676837
-125.5633,200,2926.345058
-285.511926,200,2927.011989
-115.735439,200,2927.679353
-2.418185,200,2928.345123
-126.135525,200,2929.015201
-257.370708,200,2929.905076
-129.238774,200,2930.684216
-120.365894,200,2931.353122
-118.030699,200,2932.017834
-120.981106,200,2932.682298
-115.171756,200,2933.346138
-118.444005,200,2934.009477
-119.176083,200,2934.672901
-116.385274,200,2935.335982
-300.355845,200,2935.99925
-127.061735,200,2936.662443
-234.485347,200,2937.438417
-231.535343,200,2938.106487
-120.392141,200,2938.770025
-126.756715,200,2939.433895
-119.352576,200,2940.097301
-217.099118,200,2940.774551
-2.822608,200,2941.439
-225.57891,200,2942.103054
-121.773466,200,2942.766714
-230.859938,200,2943.429904
-234.285516,200,2944.247326
-119.281889,200,2944.96064
-125.857961,200,2945.624749
-4.643187,200,2946.288562
-228.218715,200,2946.95151
-315.496501,200,2947.614881
-295.953529,200,2948.277772
-128.636142,200,2948.940786
-238.162255,200,2949.604159
-122.146861,200,2950.266605
-117.337113,200,2951.040932
-119.712105,200,2951.707925
-227.642394,200,2952.370909
-125.753104,200,2953.034075
-124.817876,200,2953.697286
-119.076502,200,2954.360579
-1.551452,200,2955.023036
-122.902407,200,2955.68572
-226.642568,200,2956.347458
-125.567493,200,2957.010152
-123.114437,200,2957.784599
-231.921149,200,2958.453258
-129.197754,200,2959.118129
-125.865012,200,2959.781018
-129.470147,200,2960.444235
-2.178168,200,2961.10683
-232.04829,200,2961.769341
-226.488196,200,2962.431967
-217.912258,200,2963.094328
-123.944252,200,2963.75658
-122.327508,200,2964.530713
-229.874117,200,2965.197434
-117.752299,200,2965.860732
-116.877156,200,2966.5241
-127.062764,200,2967.186461
-1.091746,200,2967.849666
-279.911754,200,2968.51153
-124.077928,200,2969.174254
-227.196268,200,2969.836868
-120.754787,200,2970.499777
-116.778744,200,2971.275052
-229.614565,200,2971.942186
-116.799239,200,2972.604518
-118.776364,200,2973.267392
-122.26698,200,2973.929339
-116.579208,200,2974.591728
-128.954174,200,2975.253412
-118.41789,200,2975.915397
-124.154222,200,2976.577515
-117.264279,200,2977.23957
-118.150648,200,2978.01258
-114.329711,200,2978.679317
-306.490141,200,2979.343693
-238.149872,200,2980.00821
-254.880844,200,2980.672033
-225.575904,200,2981.335701
-126.512786,200,2981.998553
-131.943114,200,2982.660545
-128.386409,200,2983.323027
-125.101033,200,2983.985254
-123.585262,200,2984.769911
-120.339405,200,2985.442708
-125.520787,200,2986.110539
-223.717761,200,2986.779329
-119.430864,200,2987.446313
-309.84016,200,2988.118226
-127.445458,200,2988.800907
-235.752949,200,2989.823116
-117.649496,200,2990.493788
-119.308641,200,2991.160991
-125.810112,200,2991.942523
-126.475868,200,2992.615726
-124.686548,200,2993.282706
-124.295502,200,2993.949176
-225.657042,200,2994.616501
-129.872833,200,2995.283778
-2.464841,200,2995.949083
-222.425267,200,2996.616688
-229.084022,200,2997.28417
-125.29747,200,2997.951484
-1.796182,200,2998.729222
-122.729068,200,2999.402984
-309.031307,200,3000.070237
-123.571877,200,3000.737603
-117.378475,200,3001.405092
-116.842775,200,3002.072343
-225.927217,200,3002.740438
-255.476125,200,3003.407576
-127.132813,200,3004.07437
-125.530625,200,3004.740348
-120.176684,200,3005.520266
-217.053496,200,3006.23468
-125.279435,200,3006.944389
-127.716807,200,3007.611061
-3.07644,200,3008.286156
-297.730579,200,3008.955211
-118.708278,200,3009.622713
-222.156867,200,3010.289146
-219.54826,200,3010.96585
-117.795097,200,3011.631662
-118.706241,200,3012.416416
-1.035339,200,3013.090059
-127.429527,200,3013.817555
-1.618011,200,3014.488985
-236.639371,200,3015.158223
-116.534734,200,3015.824087
-119.528857,200,3016.490757
-116.741283,200,3017.265369
-119.803697,200,3018.163645
-2.734039,200,3018.833744
-129.804151,200,3019.616232
-304.522417,200,3020.29446
-118.300038,200,3020.964015
-127.013086,200,3021.632092
-119.105642,200,3022.298924
-238.243119,200,3023.013358
-121.040398,200,3023.780051
-229.555871,200,3024.44884
-120.105011,200,3025.117099
-125.007246,200,3025.784247
-113.658839,200,3026.564212
-279.880055,200,3027.239865
-125.492745,200,3027.91846
-131.688067,200,3028.58762
-217.246067,200,3029.256712
-120.418267,200,3029.92516
-128.756502,200,3030.726033
-125.258973,200,3031.445399
-217.24063,200,3032.115319
-125.913175,200,3032.783967
-311.443749,200,3033.564643
-305.007714,200,3034.240587
-2.485216,200,3034.898998
-221.215179,200,3035.556686
-241.111887,200,3036.227237
-125.56836,200,3036.934501
-116.039389,200,3037.877089
-2.717329,200,3038.622678
-120.248654,200,3039.334861
-1.308074,200,3040.045392
-225.186199,200,3040.884151
-119.248116,200,3041.615782
-129.568815,200,3042.33993
-119.24073,200,3043.054705
-116.398172,200,3043.772167
-118.340517,200,3044.530378
-1.773355,200,3045.571459
-277.515939,200,3046.349684
-1.748491,200,3047.091121
-2.584068,200,3047.826539
-124.491439,200,3048.705019
-124.604192,200,3049.48536
-121.255015,200,3050.270862
-116.045929,200,3051.057512
-123.590182,200,3051.846567
-119.542854,200,3052.634858
-2.04216,200,3053.427115
-1.476128,200,3054.222914
-119.648324,200,3055.032631
-114.650715,200,3055.834255
-122.52737,200,3056.783175
-119.489336,200,3057.589036
-116.218256,200,3058.390014
-0.289965,200,3059.294869
-118.852904,200,3060.131437
-116.814341,200,3060.933406
-316.257452,200,3061.735155
-227.871679,200,3062.537201
-220.069247,200,3063.339293
-118.298652,200,3064.140767
-120.531075,200,3065.082681
-118.171475,200,3065.8881
-119.142684,200,3066.683694
-218.09963,200,3067.481991
-114.221267,200,3068.285344
-1.344278,200,3069.0868
-128.425245,200,3069.88912
-117.339883,200,3070.689997
-114.787511,200,3071.485149
-127.637748,200,3072.282265
-221.72831,200,3073.213633
-1.864565,200,3074.019189
-224.997052,200,3074.820924
-241.825694,200,3075.616884
-118.128104,200,3076.4138
-0.387184,200,3077.212214
-0.262591,200,3077.998192
-118.301891,200,3078.762687
-113.728323,200,3079.528535
-117.681992,200,3080.289028
-1.709847,200,3081.150191
-116.313317,200,3081.941331
-0.393956,200,3083.338356
-282.496693,200,3084.179585
-121.23888,200,3084.946112
-3.835935,200,3085.696216
-223.464496,200,3086.430303
-239.657336,200,3087.172792
-115.953104,200,3087.937235
-115.278158,200,3088.670184
-128.884624,200,3089.533173
-127.211355,200,3090.296023
-217.466128,200,3091.058014
-221.273561,200,3091.790183
-120.291689,200,3092.520256
-124.707114,200,3093.251676
-2.252342,200,3094.172513
-300.647533,200,3095.133643
-119.454567,200,3095.903746
-116.851425,200,3096.641279
-2.681802,200,3097.50805
-121.349398,200,3098.257932
-126.542573,200,3098.992273
-118.816452,200,3099.731926
-127.291647,200,3100.46097
-122.194215,200,3101.364821
-127.277,200,3102.30404
-2.887762,200,3103.068223
-2.816012,200,3103.806879
-225.842938,200,3104.540488
-126.995773,200,3105.412726
-302.369054,200,3106.158293
-235.193243,200,3106.901746
-269.158705,200,3107.638685
-119.934941,200,3108.3718
-227.342212,200,3109.100584
-120.672862,200,3109.831356
-226.277109,200,3110.61043
-120.063697,200,3111.634245
-118.99696,200,3112.415985
-311.509475,200,3113.296535
-128.633731,200,3114.321962
-116.485679,200,3115.135493
-230.581533,200,3115.878182
-1.157924,200,3116.795058
-115.695988,200,3117.831554
-119.158173,200,3118.609648
-235.4195,200,3119.350319
-3.042183,200,3120.083633
-317.200946,200,3120.838781
-125.94402,200,3121.727612
-2.858654,200,3122.477639
-2.53135,200,3123.212205
-226.510759,200,3123.942592
-119.515362,200,3124.671851
-0.76956,200,3125.414857
-1.771225,200,3126.43548
-125.450446,200,3127.22684
-1.07223,200,3127.961359
-272.899537,200,3128.702412
-113.42463,200,3129.581584
-286.058678,200,3130.339089
-123.845008,200,3131.070358
-117.205147,200,3131.80156
-3.442771,200,3132.531869
-218.073827,200,3133.261792
-3.542828,200,3134.216991
-118.354966,200,3135.081451
-118.581807,200,3135.837862
-120.074247,200,3136.572345
-117.210227,200,3137.447931
-229.71211,200,3138.19895
-227.968713,200,3138.93484
-120.740765,200,3139.665331
-119.542822,200,3140.395638
-123.24008,200,3141.175105
-123.677938,200,3142.163012
-230.838563,200,3142.934092
-118.587643,200,3143.667939
-264.256277,200,3144.404447
-237.699667,200,3145.272041
-120.272692,200,3146.026078
-125.900774,200,3146.755992
-238.028984,200,3147.501195
-225.731444,200,3148.23045
-115.735229,200,3148.968092
-122.516577,200,3149.984616
-113.860997,200,3150.766459
-126.664014,200,3151.50619
-266.488097,200,3152.248071
-120.602536,200,3153.113692
-224.67878,200,3153.858907
-118.342444,200,3154.593209
-123.363774,200,3155.323178
-118.180904,200,3156.052523
-117.160431,200,3156.827973
-124.977817,200,3157.824086
-122.094801,200,3158.595277
-222.015241,200,3159.334862
-123.725901,200,3160.065698
-126.443018,200,3160.92889
-229.232382,200,3161.670076
-217.039607,200,3162.403705
-119.027846,200,3163.134326
-221.764643,200,3163.864046
-219.52342,200,3164.729169
-116.468679,200,3165.707724
-116.557065,200,3166.494344
-116.723347,200,3167.278251
-241.235931,200,3168.056974
-228.026344,200,3168.98057
-230.199808,200,3169.77555
-118.463407,200,3170.560746
-127.856658,200,3171.347411
-5.543964,200,3172.134898
-278.506468,200,3172.922214
-124.368047,200,3173.712208
-127.729279,200,3174.50291
-7.485698,200,3175.293109
-121.562881,200,3176.083064
-230.616029,200,3177.006897
-220.030766,200,3177.810651
-245.464129,200,3178.603557
-120.177198,200,3179.398104
-121.11591,200,3180.189992
-240.754004,200,3180.982745
-218.555005,200,3181.777083
-124.865463,200,3182.57058
-128.551602,200,3183.36603
-223.091933,200,3184.161133
-126.467397,200,3185.087061
-118.411297,200,3185.89057
-118.302685,200,3186.684237
-129.234256,200,3187.479175
-224.685802,200,3188.272223
-127.282571,200,3189.067047
-230.579776,200,3189.952269
-122.062268,200,3190.835306
-221.547349,200,3191.636066
-217.607591,200,3192.437736
-219.604515,200,3193.38532
-119.977529,200,3194.192376
-250.968629,200,3194.994091
-116.58265,200,3195.78895
-0.988769,200,3196.582855
-128.129612,200,3197.379035
-0.592261,200,3198.17234
-121.714846,200,3198.972929
-119.614205,200,3199.769845
-116.473045,200,3200.563429
-123.984012,200,3201.490288
-117.139991,200,3202.294919
-218.349556,200,3203.089977
-123.982892,200,3203.884827
-118.53223,200,3204.684718
-126.534922,200,3205.486713
-1.259894,200,3206.285083
-123.015402,200,3207.080741
-232.060306,200,3207.876661
-239.441257,200,3208.67302
-119.152805,200,3209.608599
-116.629916,200,3210.415081
-1.570814,200,3211.216573
-232.923646,200,3212.013276
-113.824599,200,3212.808387
-122.872641,200,3213.606218
-0.569483,200,3214.40171
-116.401013,200,3215.197805
-227.337101,200,3215.992136
-1.149811,200,3216.787245
-123.172405,200,3217.716611
-220.332228,200,3218.522728
-224.857505,200,3219.320908
-119.184083,200,3220.122222
-128.711353,200,3220.917377
-1.51933,200,3221.702888
-126.298773,200,3222.472515
-114.618934,200,3223.237021
-311.173699,200,3223.992137
-117.674159,200,3224.732587
-125.286109,200,3225.592641
-0.894978,200,3226.337271
-1.699573,200,3227.457743
-222.325879,200,3228.524225
-119.410656,200,3229.297874
-292.770109,200,3230.053243
-222.243817,200,3230.791114
-114.903838,200,3231.526807
-118.82778,200,3232.258655
-126.361128,200,3232.994587
-119.76615,200,3233.855594
-123.187337,200,3234.591097
-1.602027,200,3235.318685
-120.731806,200,3236.06112
-125.146035,200,3236.792377
-115.736809,200,3237.531254
-119.440297,200,3238.593863
-126.992505,200,3239.998904
-1.10341,200,3240.92149
-117.806237,200,3241.792782
-115.327114,200,3242.756142
-118.494762,200,3243.597589
-236.281727,200,3244.386077
-233.562125,200,3245.162085
-117.30161,200,3245.946312
-0.91198,200,3246.814412
-120.960782,200,3247.594259
-238.199968,200,3248.347526
-0.919145,200,3249.096639
-0.554865,200,3249.843276
-1.085839,200,3250.700872
-0.256831,200,3251.458606
-118.73137,200,3252.267395
-300.879959,200,3253.091663
-226.730203,200,3253.884436
-121.602698,200,3254.642831
-120.657963,200,3255.367071
-255.504367,200,3256.090444
-223.272717,200,3256.839829
-218.453049,200,3257.609469
-126.184824,200,3259.272273
-126.828372,200,3260.271883
-121.547744,200,3261.051268
-113.747415,200,3261.809805
-119.795448,200,3262.569678
-119.700917,200,3263.622506
-219.382008,200,3264.467739
-233.747421,200,3265.225913
-125.821258,200,3265.960673
-115.861573,200,3266.689427
-119.246034,200,3267.541891
-118.388856,200,3268.276477
-0.281299,200,3269.009298
-220.739122,200,3269.749905
-120.053464,200,3270.455041
-114.460688,200,3271.165413
-119.785857,200,3271.878437
-118.037864,200,3272.877889
-118.425243,200,3273.668142
-114.91775,200,3274.424181
-0.35769,200,3275.289674
-1.053225,200,3276.021256
-119.018925,200,3276.733534
-0.607805,200,3277.440039
-129.338684,200,3278.143978
-121.904853,200,3278.849577
-324.257338,200,3279.596447
-0.905579,200,3280.6151
-119.143377,200,3281.384993
-123.69118,200,3282.111165
-123.803582,200,3282.984871
-1.223693,200,3283.745433
-120.042544,200,3284.513769
-125.495822,200,3285.27363
-298.159107,200,3286.031333
-242.765916,200,3286.78809
-1.021751,200,3287.544862
-0.917517,200,3288.305503
-1.541791,200,3289.07119
-280.546496,200,3289.835109
-224.645702,200,3290.731376
-120.835235,200,3291.576304
-120.402574,200,3292.425497
-118.910035,200,3293.222839
-119.082536,200,3294.028708
-122.980627,200,3294.819195
-117.809745,200,3295.590876
-229.455592,200,3296.358487
-119.478093,200,3297.127062
-228.372569,200,3297.893694
-123.629175,200,3298.793868
-260.244829,200,3299.597981
-128.025876,200,3300.371192
-1.953815,200,3301.142008
-114.738623,200,3301.918126
-119.243147,200,3302.685327
-117.997442,200,3303.454997
-123.300818,200,3304.225744
-223.346316,200,3304.992484
-226.060888,200,3305.75846
-113.436084,200,3306.67985
-123.589257,200,3307.492258
-122.472398,200,3308.268939
-125.129874,200,3309.035822
-123.062998,200,3309.803664
-124.187579,200,3310.569834
-233.339113,200,3311.398534
-122.260432,200,3312.172833
-119.258496,200,3312.939534
-3.763958,200,3313.707215
-116.73462,200,3314.608634
-116.413741,200,3315.410458
-221.358147,200,3316.183399
-125.688394,200,3316.950466
-289.07739,200,3317.71856
-220.088538,200,3318.48829
-115.341976,200,3319.239621
-119.516753,200,3319.974257
-116.714927,200,3320.704953
-120.939354,200,3321.4307
-227.818824,200,3322.459116
-118.142448,200,3323.696285
-217.778017,200,3324.476486
-247.594324,200,3325.208899
-117.475575,200,3325.937306
-237.088689,200,3326.650223
-127.983678,200,3327.377166
-216.257762,200,3328.476991
-125.950049,200,3329.419885
-311.394221,200,3330.163193
-1.769252,200,3331.012751
-125.610443,200,3331.889224
-116.591945,200,3332.774394
-125.807434,200,3333.526479
-123.976863,200,3334.260224
-119.436756,200,3335.006478
-117.584225,200,3336.01414
-220.823035,200,3336.837003
-231.903657,200,3337.574746
-292.496463,200,3338.309085
-1.123939,200,3339.182551
-123.036414,200,3339.913996
-2.028278,200,3340.623025
-305.73984,200,3341.328231
-117.756807,200,3342.036618
-310.286277,200,3342.745666
-294.349165,200,3343.528697
-126.670301,200,3344.519796
-125.374137,200,3345.273236
-272.879848,200,3346.003133
-216.575637,200,3346.855735
-119.779513,200,3347.581268
-118.752439,200,3348.296825
-222.053913,200,3349.031932
-121.825829,200,3349.742272
-125.740254,200,3350.555742
-125.579279,200,3351.539058
-279.904584,200,3352.286104
-125.048107,200,3353.015105
-125.195011,200,3353.750948
-124.883337,200,3354.609494
-125.568662,200,3355.340272
-122.773667,200,3356.04986
-126.409392,200,3356.754561
-116.971015,200,3357.460732
-114.881478,200,3358.189861
-119.014257,200,3359.25855
-299.37204,200,3360.060506
-324.543606,200,3360.789563
-242.866927,200,3361.518928
-121.837175,200,3362.368391
-119.313854,200,3363.095227
-237.003533,200,3363.830044
-217.896983,200,3364.545051
-122.498484,200,3365.252888
-217.975988,200,3366.052601
-220.464609,200,3367.020992
-126.891175,200,3367.763
-119.537534,200,3368.485567
-116.579993,200,3369.226215
-218.289841,200,3370.079964
-118.829301,200,3370.813114
-119.100687,200,3371.517064
-114.538718,200,3372.223275
-122.070223,200,3372.943667
-119.517752,200,3373.953676
-120.482136,200,3374.744003
-120.352364,200,3375.475131
-311.637087,200,3376.196182
-127.974696,200,3376.910881
-128.053799,200,3377.757034
-0.662984,200,3378.481818
-127.18548,200,3379.235726
-113.826326,200,3379.952445
-303.282071,200,3380.66002
-126.166568,200,3381.386385
-113.980245,200,3382.389301
-129.214769,200,3383.148319
-125.683915,200,3383.889994
-118.238192,200,3384.62647
-258.383708,200,3385.46351
-310.276255,200,3386.196569
-116.747743,200,3386.922492
-126.714831,200,3387.62584
-125.18369,200,3388.332217
-1.928964,200,3389.107187
-115.316687,200,3390.100163
-125.383076,200,3390.851076
-215.831389,200,3391.578469
-294.07527,200,3392.291379
-115.982757,200,3393.140572
-114.116483,200,3393.877345
-117.47428,200,3394.613444
-222.987705,200,3395.335527
-119.697023,200,3396.043347
-317.408837,200,3396.767232
-127.962994,200,3397.77428
-0.738613,200,3398.539934
-113.860129,200,3399.294164
-0.914295,200,3400.024901
-217.268171,200,3400.871159
-118.25325,200,3401.598327
-117.651061,200,3402.314034
-127.04349,200,3403.029722
-113.858438,200,3403.757695
-268.671909,200,3404.526654
-0.577692,200,3405.286024
-119.629992,200,3406.092713
-118.23684,200,3406.91976
-116.195686,200,3407.692893
-118.065207,200,3408.593758
-117.779634,200,3409.438359
-0.732263,200,3410.218703
-1.551249,200,3410.991352
-219.661064,200,3411.759174
-1.87894,200,3412.527063
-227.741503,200,3413.296554
-245.876831,200,3414.064672
-118.81013,200,3414.749891
-215.118716,200,3415.409511
-236.114165,200,3416.1829
-124.814562,200,3416.855746
-228.250745,200,3417.519887
-127.650023,200,3418.180042
-124.524819,200,3418.840221
-117.332172,200,3419.501426
-114.697318,200,3420.16109
-116.577543,200,3420.820399
-116.064059,200,3421.479537
-127.48893,200,3422.138504
-124.445312,200,3422.912567
-126.696286,200,3423.589075
-227.769492,200,3424.253187
-228.326136,200,3424.913839
-119.444194,200,3425.573692
-231.750148,200,3426.233068
-121.199403,200,3426.89321
-2.952176,200,3427.552633
-128.619566,200,3428.211515
-119.709345,200,3428.870952
-221.400031,200,3429.645254
-119.371535,200,3430.317898
-127.365724,200,3430.982341
-225.2146,200,3431.64243
-115.246084,200,3432.302964
-120.796707,200,3432.963462
-1.443013,200,3433.623497
-2.348494,200,3434.283374
-319.884861,200,3434.94343
-221.396976,200,3435.602927
-116.813912,200,3436.377664
-115.212909,200,3437.052653
-127.061803,200,3437.720528
-119.151143,200,3438.38549
-129.593544,200,3439.022938
-116.978531,200,3439.663084
-128.559133,200,3440.303687
-225.260951,200,3440.944084
-124.476146,200,3441.585789
-125.383522,200,3442.226859
-117.401795,200,3442.984348
-224.318052,200,3443.643582
-236.560963,200,3444.296282
-118.031166,200,3444.944974
-234.125145,200,3445.594113
-1.201488,200,3446.248515
-221.307737,200,3446.89338
-226.188548,200,3447.538948
-229.840726,200,3448.217261
-127.842827,200,3449.356742
-233.188577,200,3450.191598
-118.363519,200,3450.851092
-1.66715,200,3451.507184
-118.964222,200,3452.15606
-114.718912,200,3452.810981
-116.26579,200,3453.465266
-309.647638,200,3454.132679
-119.166803,200,3454.79532
-126.364151,200,3455.453398
-0.188423,200,3456.108209
-0.367417,200,3456.888203
-0.955419,200,3457.558267
-122.612234,200,3458.230758
-314.666248,200,3458.903396
-116.950231,200,3459.601911
-218.515959,200,3460.276484
-286.385307,200,3460.950902
-114.767962,200,3461.628217
-219.402688,200,3462.310758
-225.070719,200,3463.002085
-123.450776,200,3463.80643
-2.43827,200,3464.5158
-120.297103,200,3465.217149
-118.757781,200,3465.965685
-218.533706,200,3466.731163
-218.665501,200,3467.435993
-217.85131,200,3468.135338
-220.517118,200,3468.841048
-1.980309,200,3469.546486
-117.762283,200,3470.259962
-120.88776,200,3471.099684
-226.872432,200,3471.833739
-116.560485,200,3472.561625
-123.552998,200,3473.286496
-225.285689,200,3474.01614
-291.310509,200,3474.745642
-119.112503,200,3475.479068
-254.316995,200,3476.21434
-118.467207,200,3476.951432
-125.852257,200,3477.692384
-121.252255,200,3478.564098
-116.344871,200,3479.33932
-224.058848,200,3480.107996
-221.728725,200,3480.868105
-222.774961,200,3481.623072
-119.151163,200,3482.381586
-113.884079,200,3483.137918
-125.735565,200,3483.89996
-115.570096,200,3484.661905
-119.171212,200,3485.422835
-116.560329,200,3486.324753
-127.538011,200,3487.13071
-128.022098,200,3487.938588
-228.267593,200,3488.723399
-216.681549,200,3489.504536
-119.66524,200,3490.303973
-117.486614,200,3491.100161
-117.432043,200,3492.512377
-284.436351,200,3493.669946
-129.802413,200,3494.57691
